{"type":"FeatureCollection","features":[{"type":"Feature","properties":{"code":"1102012001","desa":"Engkeran","kecamatan":"Lawe Alas","kecCode":"110201"},"geometry":{"type":"Polygon","coordinates":[[[97.82935521137398,3.4286468114150437],[97.83226116102384,3.4174435394136693],[97.83034893525523,3.415456365946539],[97.82135976444162,3.4268144544392696],[97.82935521137398,3.4286468114150437]]]}},{"type":"Feature","properties":{"code":"1102012002","desa":"Rumah Kampung","kecamatan":"Lawe Alas","kecCode":"110201"},"geometry":{"type":"Polygon","coordinates":[[[97.85116654989645,3.4104779232508955],[97.84268103630086,3.399478185814767],[97.83789697486554,3.4031859314268105],[97.85116654989645,3.4104779232508955]]]}},{"type":"Feature","properties":{"code":"1102012004","desa":"Pasir Bangun","kecamatan":"Lawe Alas","kecCode":"110201"},"geometry":{"type":"Polygon","coordinates":[[[97.83180032502501,3.4288849680803573],[97.83147049057071,3.425060811524909],[97.82935521137398,3.4286468114150437],[97.83180032502501,3.4288849680803573]]]}},{"type":"Feature","properties":{"code":"1102012006","desa":"Kubu","kecamatan":"Lawe Alas","kecCode":"110201"},"geometry":{"type":"Polygon","coordinates":[[[97.82362107825018,3.430873486033972],[97.82153556841183,3.4260510784111204],[97.81696311565531,3.4250379327720606],[97.81595101682605,3.4313619366149894],[97.82362107825018,3.430873486033972]]]}},{"type":"Feature","properties":{"code":"1102012007","desa":"Lawe Kongker","kecamatan":"Lawe Alas","kecCode":"110201"},"geometry":{"type":"Polygon","coordinates":[[[97.82153556841183,3.4260510784111204],[97.82654944889799,3.418343465803197],[97.80370475876765,3.413344785663602],[97.8083018772299,3.4219089413655945],[97.82153556841183,3.4260510784111204]]]}},{"type":"Feature","properties":{"code":"1102012008","desa":"Kuta Cingkam II","kecamatan":"Lawe Alas","kecCode":"110201"},"geometry":{"type":"Polygon","coordinates":[[[97.44072961977615,3.395111343263754],[97.43664995143416,3.4013871668274405],[97.54275558080548,3.398336603497876],[97.55674681231561,3.389056705259168],[97.56897724140661,3.393577680816842],[97.5734982169692,3.382965284982868],[97.6073341531487,3.3969565164779447],[97.6891876111194,3.400421011664545],[97.82561850129285,3.441452925312334],[97.82780392401195,3.4353130045981146],[97.75523801482255,3.4061577770977483],[97.69533270474057,3.3918810108533064],[97.61946198038612,3.3866901932567623],[97.58222341517853,3.3743169959048602],[97.57556092539647,3.378362079014661],[97.55926161713,3.373960076568892],[97.54201052396657,3.3889506814852597],[97.44072961977615,3.395111343263754]]]}},{"type":"Feature","properties":{"code":"1102012009","desa":"Muara Baru","kecamatan":"Lawe Alas","kecCode":"110201"},"geometry":{"type":"Polygon","coordinates":[[[97.849051958681,3.419071836620056],[97.8485801113831,3.4129244758146484],[97.833679482722,3.411585920386093],[97.83437096784593,3.414377210968644],[97.849051958681,3.419071836620056]]]}},{"type":"Feature","properties":{"code":"1102012011","desa":"Kuta Batu I","kecamatan":"Lawe Alas","kecCode":"110201"},"geometry":{"type":"Polygon","coordinates":[[[97.41198843022191,3.4340512179973075],[97.39822180978877,3.450843170365976],[97.41642819160779,3.4816650745404223],[97.43489914497962,3.4509419761811184],[97.46630803039136,3.4458261350633927],[97.47427922530608,3.4466589459480437],[97.47142387061517,3.4511799224050854],[97.4779673890838,3.4552250064142043],[97.48891291000285,3.447848677067967],[97.50176199891716,3.4533214375216397],[97.50747270560095,3.446896893071362],[97.52627044742326,3.451774787965041],[97.59420405936993,3.4359513721640713],[97.70532488763352,3.438330833504551],[97.79331092066252,3.46222702443537],[97.81868840384679,3.4565524965842407],[97.78360991666436,3.453298721546057],[97.71572103879497,3.432283322627142],[97.61247146738434,3.4267553581890744],[97.56358782022181,3.43616660241251],[97.54622727237079,3.4303188390552197],[97.50515587214585,3.444572762519646],[97.50447058694812,3.438862054942719],[97.49007960678847,3.443978848442455],[97.46038393437111,3.430181782375545],[97.41198843022191,3.4340512179973075]]]}},{"type":"Feature","properties":{"code":"1102012012","desa":"Kuta Cingkam I","kecamatan":"Lawe Alas","kecCode":"110201"},"geometry":{"type":"Polygon","coordinates":[[[97.82780392401195,3.4353130045981146],[97.82652747396382,3.44420392806591],[97.83751875688516,3.437917409764497],[97.83583882240379,3.436121618323777],[97.82780392401195,3.4353130045981146]]]}},{"type":"Feature","properties":{"code":"1102012013","desa":"Kuta Batu II","kecamatan":"Lawe Alas","kecCode":"110201"},"geometry":{"type":"Polygon","coordinates":[[[97.81019364881791,3.45358729150727],[97.8165504005806,3.456647685326106],[97.8240961712014,3.4554200226009892],[97.8163749428494,3.447238946613906],[97.81019364881791,3.45358729150727]]]}},{"type":"Feature","properties":{"code":"1102012014","desa":"Lawe Sempilang","kecamatan":"Lawe Alas","kecCode":"110201"},"geometry":{"type":"Polygon","coordinates":[[[97.81733810057295,3.437855128115581],[97.73837582898136,3.4192663419919493],[97.7286295567087,3.4102053549268474],[97.69135767971324,3.400839796263306],[97.6073341531487,3.3969565164779447],[97.5734982169692,3.382965284982868],[97.56859652690827,3.3861061744200027],[97.56912000878144,3.3928638430442546],[97.57894423518837,3.3977471788362683],[97.7241588190743,3.4157180875474302],[97.78872352027429,3.4403352379820813],[97.81702089979471,3.4445113747968477],[97.81733810057295,3.437855128115581]]]}},{"type":"Feature","properties":{"code":"1102012015","desa":"Prapat Batu Nunggul","kecamatan":"Lawe Alas","kecCode":"110201"},"geometry":{"type":"Polygon","coordinates":[[[97.41642819160779,3.4816650745404223],[97.42645214574998,3.498902944053958],[97.43355014302472,3.4991439839457747],[97.44348677209689,3.4737313399946954],[97.4664438118325,3.462481249287688],[97.46781438222801,3.471218630603371],[97.50841750366493,3.455228652265741],[97.52377930467121,3.4585979686029997],[97.54896351995052,3.4515738002798177],[97.68819054176014,3.442036919867407],[97.71143311714468,3.4527730480256267],[97.73290537438355,3.451745121129397],[97.77573567226352,3.466078994323698],[97.8074437477308,3.4719774875382683],[97.81293795072588,3.465705874600397],[97.70532488763352,3.438330833504551],[97.6469091201598,3.4395205628258347],[97.63643949168926,3.433928830159521],[97.63060981279266,3.4403533755090923],[97.59420405936993,3.4359513721640713],[97.52627044742326,3.451774787965041],[97.50747270560095,3.446896893071362],[97.50176199891716,3.4533214375216397],[97.48891291000285,3.447848677067967],[97.4779673890838,3.4552250064142043],[97.47142387061517,3.4511799224050854],[97.47427922530608,3.4466589459480437],[97.46630803039136,3.4458261350633927],[97.43489914497962,3.4509419761811184],[97.41642819160779,3.4816650745404223]]]}},{"type":"Feature","properties":{"code":"1102012016","desa":"Pulo Sepang","kecamatan":"Lawe Alas","kecCode":"110201"},"geometry":{"type":"Polygon","coordinates":[[[97.42645214574998,3.498902944053958],[97.43909600038016,3.5152709973793903],[97.44751509994198,3.498664267580443],[97.47960926965214,3.477534653862477],[97.4921728238168,3.4827885031425136],[97.50496480578123,3.463714744116297],[97.51181765416146,3.468854380395916],[97.5548763798411,3.4591461791338594],[97.59850617681865,3.469996521191871],[97.63585419671388,3.455262899348524],[97.67194586191202,3.456861895743382],[97.69056276535939,3.4492095500723687],[97.7203726516766,3.464971098811903],[97.73773320042693,3.461202032926276],[97.75670226309903,3.471157697937527],[97.76317439698089,3.4653518133099297],[97.77245429522956,3.479009918832352],[97.77668021671866,3.473832212451926],[97.80435044771502,3.478949308123846],[97.80842198078982,3.4719197447676913],[97.73290537438355,3.451745121129397],[97.71143311714468,3.4527730480256267],[97.6930446432957,3.442036919867407],[97.61903388780377,3.4454062371039584],[97.61092468472644,3.450717194233201],[97.54896351995052,3.4515738002798177],[97.52377930467121,3.4585979686029997],[97.50841750366493,3.455228652265741],[97.46781438222801,3.471218630603371],[97.4664438118325,3.462481249287688],[97.44348677209689,3.4737313399946954],[97.43355014302472,3.4991439839457747],[97.42645214574998,3.498902944053958]]]}},{"type":"Feature","properties":{"code":"1102012017","desa":"Rih Mbelang","kecamatan":"Lawe Alas","kecCode":"110201"},"geometry":{"type":"Polygon","coordinates":[[[97.42211352122206,3.421575533905172],[97.41198843022191,3.4340512179973075],[97.46390172878183,3.4305929533138677],[97.49007960678847,3.443978848442455],[97.5302372949153,3.43922754122049],[97.53480585990258,3.43146097985111],[97.56495838971796,3.43616660241251],[97.61247146738434,3.4267553581890744],[97.71572103879497,3.432283322627142],[97.78360991666436,3.453298721546057],[97.81442154521818,3.4513495084624295],[97.7800848944024,3.445286092175328],[97.74146148296114,3.4260124579252493],[97.71595366103269,3.4213487140935146],[97.6748365752478,3.42567933285194],[97.62082281022457,3.4216532847925842],[97.60586075876705,3.415028866017788],[97.58884285441427,3.4241659959825195],[97.55389333091254,3.404749594357838],[97.54292877404372,3.4231380690863644],[97.5269387956889,3.424051782082794],[97.510263533935,3.437072193631559],[97.47485715393456,3.4247370672798674],[97.42211352122206,3.421575533905172]]]}},{"type":"Feature","properties":{"code":"1102012018","desa":"Kute Batu Baru","kecamatan":"Lawe Alas","kecCode":"110201"},"geometry":{"type":"Polygon","coordinates":[[[97.81690076206057,3.459595408481852],[97.8010221836269,3.458065765105197],[97.79948014399349,3.4603087327416273],[97.81293795072588,3.465705874600397],[97.81690076206057,3.459595408481852]]]}},{"type":"Feature","properties":{"code":"1102012019","desa":"Darul Amin","kecamatan":"Lawe Alas","kecCode":"110201"},"geometry":{"type":"Polygon","coordinates":[[[97.83352746042402,3.4247925806310526],[97.8299300688177,3.4353523436423368],[97.84365109632108,3.435097438003262],[97.8439795449201,3.4274409446589815],[97.83352746042402,3.4247925806310526]]]}},{"type":"Feature","properties":{"code":"1102012020","desa":"Lawe Lubang Indah","kecamatan":"Lawe Alas","kecCode":"110201"},"geometry":{"type":"Polygon","coordinates":[[[97.79972853674263,3.404393644490974],[97.8337315417773,3.4139724602904047],[97.83041397692358,3.4074346174502064],[97.79972853674263,3.404393644490974]]]}},{"type":"Feature","properties":{"code":"1102012021","desa":"Batu Hamparan","kecamatan":"Lawe Alas","kecCode":"110201"},"geometry":{"type":"Polygon","coordinates":[[[97.45323952218625,3.368166968609615],[97.44072961977615,3.395111343263754],[97.54201052396657,3.3889506814852597],[97.55926161713,3.373960076568892],[97.57556092539647,3.378362079014661],[97.58222341517853,3.3743169959048602],[97.61946198038612,3.3866901932567623],[97.70098630357512,3.39302315254856],[97.75523801482255,3.4061577770977483],[97.81214641872229,3.429978531096712],[97.81696311565531,3.4250379327720606],[97.8083018772299,3.4219089413655945],[97.79950649233079,3.40421987029089],[97.77291744158673,3.403589408665002],[97.76103917261979,3.3905689980156124],[97.72860236121005,3.3906261049654347],[97.71329766805297,3.381888724549091],[97.69296755340991,3.384401434839779],[97.6396295551599,3.3745219136274267],[97.62106975866247,3.3796044411585715],[97.55899437998669,3.365384781864096],[97.5230169295877,3.366412709659574],[97.49809921400758,3.375587911523807],[97.45323952218625,3.368166968609615]]]}},{"type":"Feature","properties":{"code":"1102012022","desa":"Paye Munje","kecamatan":"Lawe Alas","kecCode":"110201"},"geometry":{"type":"Polygon","coordinates":[[[97.85114787457478,3.410473922167142],[97.84011008231448,3.405407247884989],[97.83018554912381,3.4084701589061943],[97.8330741814284,3.413316491193424],[97.85114787457478,3.410473922167142]]]}},{"type":"Feature","properties":{"code":"1102012023","desa":"Pulo Ndapdap","kecamatan":"Lawe Alas","kecCode":"110201"},"geometry":{"type":"Polygon","coordinates":[[[97.83107302260198,3.442196527047311],[97.81733810057295,3.437855128115581],[97.81561382142075,3.4465462492045984],[97.82163459725894,3.451835388781026],[97.83107302260198,3.442196527047311]]]}},{"type":"Feature","properties":{"code":"1102012024","desa":"Pasir Nunggul","kecamatan":"Lawe Alas","kecCode":"110201"},"geometry":{"type":"Polygon","coordinates":[[[97.83150265572304,3.4181075763287456],[97.83118111391735,3.423304226028771],[97.84244862630311,3.426128153907688],[97.84300547931946,3.421948020505779],[97.83150265572304,3.4181075763287456]]]}},{"type":"Feature","properties":{"code":"1102012025","desa":"Cingkham Mekhanggun","kecamatan":"Lawe Alas","kecCode":"110201"},"geometry":{"type":"Polygon","coordinates":[[[97.83191453892488,3.429755852663111],[97.82351761034947,3.4301596599524995],[97.8298721596725,3.4356002606498612],[97.83191453892488,3.429755852663111]]]}},{"type":"Feature","properties":{"code":"1102012026","desa":"Pintu Khimbe","kecamatan":"Lawe Alas","kecCode":"110201"},"geometry":{"type":"Polygon","coordinates":[[[97.43664995143416,3.4013871668274405],[97.42211352122206,3.421575533905172],[97.47485715393456,3.4247370672798674],[97.50740818104275,3.437072193631559],[97.5269387956889,3.424051782082794],[97.54292877404372,3.4231380690863644],[97.55389333091254,3.404749594357838],[97.58884285441427,3.4241659959825195],[97.60586075876705,3.415028866017788],[97.62082281022457,3.4216532847925842],[97.6748365752478,3.42567933285194],[97.71595366103269,3.4213487140935146],[97.74146148296114,3.4260124579252493],[97.7800848944024,3.445286092175328],[97.81442154521818,3.4513495084624295],[97.81702089979471,3.4445113747968477],[97.77886367801635,3.4373755826214762],[97.7241588190743,3.4157180875474302],[97.63406306016212,3.407154769114199],[97.55674681231561,3.389056705259168],[97.54275558080548,3.398336603497876],[97.43664995143416,3.4013871668274405]]]}},{"type":"Feature","properties":{"code":"1102012027","desa":"Lawe Kongker Hilir","kecamatan":"Lawe Alas","kecCode":"110201"},"geometry":{"type":"Polygon","coordinates":[[[97.82654944889799,3.418343465803197],[97.82837655203632,3.4120951480042896],[97.80187626078087,3.409406057278228],[97.80389035635494,3.413216294127079],[97.82654944889799,3.418343465803197]]]}},{"type":"Feature","properties":{"code":"1102012028","desa":"Pulo Gadung","kecamatan":"Lawe Alas","kecCode":"110201"},"geometry":{"type":"Polygon","coordinates":[[[97.80435044771502,3.478949308123846],[97.77668021671866,3.473832212451926],[97.77245429522956,3.479009918832352],[97.76317439698089,3.4653518133099297],[97.75670226309903,3.471157697937527],[97.73773320042693,3.461202032926276],[97.7203726516766,3.464971098811903],[97.69250440525416,3.4490953361726566],[97.67194586191202,3.456861895743382],[97.63585419671388,3.455262899348524],[97.59850617681865,3.469996521191871],[97.55053624265356,3.4591461791338594],[97.51181765416146,3.468854380395916],[97.50496480578123,3.463714744116297],[97.49514239060893,3.480618435450385],[97.47960926965214,3.477534653862477],[97.44751509994198,3.498664267580443],[97.44169017935837,3.511570464330186],[97.47938817942098,3.4857541398940937],[97.52103826370495,3.4779114365244417],[97.59101345360806,3.4776068649260807],[97.65451650872994,3.4664138811688896],[97.78185574404739,3.4856081988119283],[97.7947999893281,3.4821173498921327],[97.79905425025349,3.488171889870651],[97.80435044771502,3.478949308123846]]]}},{"type":"Feature","properties":{"code":"1102012029","desa":"Pasikh Pehkmate","kecamatan":"Lawe Alas","kecCode":"110201"},"geometry":{"type":"Polygon","coordinates":[[[97.83226116102384,3.4174435394136693],[97.84300547931946,3.421948020505779],[97.84338270804561,3.4279291443290916],[97.84729883557287,3.425716318370365],[97.849051958681,3.419071836620056],[97.83226116102384,3.4174435394136693]]]}},{"type":"Feature","properties":{"code":"1102012030","desa":"Pasikh Nunang","kecamatan":"Lawe Alas","kecCode":"110201"},"geometry":{"type":"Polygon","coordinates":[[[97.84011008231448,3.405407247884989],[97.83902988322255,3.3995246124160743],[97.78099161966759,3.390822552872961],[97.82176552595831,3.3982161851753268],[97.83270457355731,3.4079616750272903],[97.84011008231448,3.405407247884989]]]}},{"type":"Feature","properties":{"code":"1102012031","desa":"Deleng Kukusen","kecamatan":"Lawe Alas","kecCode":"110201"},"geometry":{"type":"Polygon","coordinates":[[[97.46021883772926,3.353191345499191],[97.45323952218625,3.368166968609615],[97.46459640290175,3.3722566661867175],[97.48772476438643,3.3702579184448056],[97.49809921400758,3.375587911523807],[97.5230169295877,3.366412709659574],[97.55899437998669,3.365384781864096],[97.62106975866247,3.3796044411585715],[97.6396295551599,3.3745219136274267],[97.69296755340991,3.384401434839779],[97.71329766805297,3.381888724549091],[97.72860236121005,3.3906261049654347],[97.76103917261979,3.3905689980156124],[97.77291744158673,3.403589408665002],[97.83051437813612,3.4069763112448572],[97.82176552595831,3.3982161851753268],[97.78299036741156,3.393278157113075],[97.76397371531476,3.376203144929429],[97.7077232572226,3.365124374172663],[97.69002006677272,3.3755749675815534],[97.64810348189025,3.3618388143954308],[97.59921983472765,3.364960666983516],[97.5497270461663,3.35149862895539],[97.54275998388619,3.359493618124171],[97.51980294415061,3.354125554045067],[97.48827984483903,3.3562956226365177],[97.47046244138862,3.349556988163409],[97.46021883772926,3.353191345499191]]]}},{"type":"Feature","properties":{"code":"1102022001","desa":"Bukit Merdeka","kecamatan":"Lawe Sigala-Gala","kecCode":"110202"},"geometry":{"type":"Polygon","coordinates":[[[97.93012459197638,3.382660333870563],[97.90999654240657,3.3732501085790636],[97.89976628738428,3.3741114315697707],[97.93012459197638,3.382660333870563]]]}},{"type":"Feature","properties":{"code":"1102022002","desa":"Darul Aman","kecamatan":"Lawe Sigala-Gala","kecCode":"110202"},"geometry":{"type":"Polygon","coordinates":[[[97.9275233191459,3.392281729870864],[97.93168732411077,3.3856224596688866],[97.9009751353942,3.3847846386611544],[97.9275233191459,3.392281729870864]]]}},{"type":"Feature","properties":{"code":"1102022003","desa":"Lawe Kesumpat","kecamatan":"Lawe Sigala-Gala","kecCode":"110202"},"geometry":{"type":"Polygon","coordinates":[[[97.9173213262183,3.3791750481569505],[97.90637112073068,3.375804309991569],[97.89986727585415,3.374563489285599],[97.90178101967835,3.379496258112461],[97.9173213262183,3.3791750481569505]]]}},{"type":"Feature","properties":{"code":"1102022004","desa":"Lawe Tua Gabungan","kecamatan":"Lawe Sigala-Gala","kecCode":"110202"},"geometry":{"type":"Polygon","coordinates":[[[97.94845963710264,3.400720216108936],[97.92022318485215,3.3626377307315187],[97.89848659707883,3.3583198077024687],[97.91986972340908,3.365753474224927],[97.94845963710264,3.400720216108936]]]}},{"type":"Feature","properties":{"code":"1102022005","desa":"Lawe Sigala Ii","kecamatan":"Lawe Sigala-Gala","kecCode":"110202"},"geometry":{"type":"Polygon","coordinates":[[[97.89850923301475,3.3583179191261534],[97.92022318485215,3.3626377307315187],[97.94764039338952,3.394711653969956],[97.92414448527983,3.3629667710840594],[97.90907991920294,3.355799478355432],[97.89850923301475,3.3583179191261534]]]}},{"type":"Feature","properties":{"code":"1102022006","desa":"Lawe Sigala Timur","kecamatan":"Lawe Sigala-Gala","kecCode":"110202"},"geometry":{"type":"Polygon","coordinates":[[[97.9647079960772,3.3815487376486093],[97.93884955366406,3.3702479224802886],[97.92043939985847,3.3520262567026418],[97.91888920877004,3.35856667699977],[97.9293792986158,3.361443916689508],[97.95288232216147,3.3877967173023973],[97.9647079960772,3.3815487376486093]]]}},{"type":"Feature","properties":{"code":"1102022007","desa":"Lawe Sigala Barat","kecamatan":"Lawe Sigala-Gala","kecCode":"110202"},"geometry":{"type":"Polygon","coordinates":[[[97.91451586501523,3.3497988815118127],[97.92064077695034,3.350898603085559],[97.9154557320964,3.3477332170152727],[97.91451586501523,3.3497988815118127]]]}},{"type":"Feature","properties":{"code":"1102022008","desa":"Suka Damai","kecamatan":"Lawe Sigala-Gala","kecCode":"110202"},"geometry":{"type":"Polygon","coordinates":[[[97.89847246333356,3.3583952797077923],[97.90491759956763,3.336003664451085],[97.8949372013908,3.335137448249103],[97.88788566309296,3.341174853444677],[97.88644106140593,3.358583866641318],[97.89847246333356,3.3583952797077923]]]}},{"type":"Feature","properties":{"code":"1102022009","desa":"Kute Tengah","kecamatan":"Lawe Sigala-Gala","kecCode":"110202"},"geometry":{"type":"Polygon","coordinates":[[[97.97951967099607,3.3714563900756818],[97.95655274411394,3.3674877475411242],[97.93756464459271,3.3441214407566946],[97.93532256098746,3.33214322474769],[97.923595505828,3.328312592174151],[97.92062855786173,3.3393412590018476],[97.96586961618986,3.3808198784998753],[97.97951967099607,3.3714563900756818]]]}},{"type":"Feature","properties":{"code":"1102022010","desa":"Tanah Baru","kecamatan":"Lawe Sigala-Gala","kecCode":"110202"},"geometry":{"type":"Polygon","coordinates":[[[97.95052661281301,3.3674172460887433],[97.928497243553,3.34337478762193],[97.91898040901874,3.339993244102124],[97.93832607179081,3.3622529333114763],[97.95052661281301,3.3674172460887433]]]}},{"type":"Feature","properties":{"code":"1102022011","desa":"Kedataran Gabungan","kecamatan":"Lawe Sigala-Gala","kecCode":"110202"},"geometry":{"type":"Polygon","coordinates":[[[97.92468895283298,3.3197793965329065],[97.92698614059798,3.3140065583931793],[97.90744635826285,3.309022067756816],[97.90587616805077,3.3207496588995866],[97.91195310924864,3.3158246656110957],[97.92468895283298,3.3197793965329065]]]}},{"type":"Feature","properties":{"code":"1102022012","desa":"Gabungan Parsaroan","kecamatan":"Lawe Sigala-Gala","kecCode":"110202"},"geometry":{"type":"Polygon","coordinates":[[[97.9280594670708,3.3071864003766485],[97.92654883895777,3.3008087267927895],[97.90921821874588,3.302558502622342],[97.90969660501435,3.3050606009129133],[97.9280594670708,3.3071864003766485]]]}},{"type":"Feature","properties":{"code":"1102022013","desa":"Lawe Loning Gabungan","kecamatan":"Lawe Sigala-Gala","kecCode":"110202"},"geometry":{"type":"Polygon","coordinates":[[[97.94746370538574,3.3221712532291963],[97.93818474243199,3.3199625992253843],[97.93757018531585,3.322289246080133],[97.9449107333437,3.326602938698306],[97.94746370538574,3.3221712532291963]]]}},{"type":"Feature","properties":{"code":"1102022014","desa":"Lawe Loning Aman","kecamatan":"Lawe Sigala-Gala","kecCode":"110202"},"geometry":{"type":"Polygon","coordinates":[[[97.96502362484044,3.3381727869557127],[97.93757018531585,3.322289246080133],[97.93570548242211,3.3303349372271907],[97.95355462294752,3.3365547546111722],[97.97987190216661,3.3714417131399075],[97.98607954003882,3.3711325289187837],[97.98743814765243,3.362633646010766],[97.96502362484044,3.3381727869557127]]]}},{"type":"Feature","properties":{"code":"1102022015","desa":"Suka Maju","kecamatan":"Lawe Sigala-Gala","kecCode":"110202"},"geometry":{"type":"Polygon","coordinates":[[[97.94812945191272,3.3670594445178375],[97.93832607179081,3.3622529333114763],[97.93551830832331,3.3555428532125466],[97.91915049509929,3.344378635170372],[97.94099106878286,3.367107033043181],[97.94812945191272,3.3670594445178375]]]}},{"type":"Feature","properties":{"code":"1102022016","desa":"Lawe Tua Makmur","kecamatan":"Lawe Sigala-Gala","kecCode":"110202"},"geometry":{"type":"Polygon","coordinates":[[[97.8988409560453,3.3657352026989207],[97.89947310300134,3.37002576385478],[97.92544138141466,3.3763806980807853],[97.91858255793873,3.3675504060059747],[97.8988409560453,3.3657352026989207]]]}},{"type":"Feature","properties":{"code":"1102022017","desa":"Lawe Tua Persatuan","kecamatan":"Lawe Sigala-Gala","kecCode":"110202"},"geometry":{"type":"Polygon","coordinates":[[[97.9194678208833,3.3680815590956708],[97.93851642859039,3.395089494234658],[97.95058689616839,3.405079128438177],[97.92324028980762,3.368677476862398],[97.89840941366356,3.359455848396969],[97.8988409560453,3.3657352026989207],[97.9194678208833,3.3680815590956708]]]}},{"type":"Feature","properties":{"code":"1102022018","desa":"Lawe Serke","kecamatan":"Lawe Sigala-Gala","kecCode":"110202"},"geometry":{"type":"Polygon","coordinates":[[[97.8997653736731,3.3741790506950426],[97.8984992523387,3.3583957428586193],[97.88381661484493,3.3590532192193816],[97.89068182890333,3.375755660266191],[97.8997653736731,3.3741790506950426]]]}},{"type":"Feature","properties":{"code":"1102022019","desa":"Lawe Rakat","kecamatan":"Lawe Sigala-Gala","kecCode":"110202"},"geometry":{"type":"Polygon","coordinates":[[[97.93550067531594,3.3337583037186462],[97.95655274411394,3.3674877475411242],[97.97987190216661,3.3714417131399075],[97.96421460821767,3.36196739766279],[97.94679913786996,3.338205830745663],[97.93550067531594,3.3337583037186462]]]}},{"type":"Feature","properties":{"code":"1102022020","desa":"Suka Jaya","kecamatan":"Lawe Sigala-Gala","kecCode":"110202"},"geometry":{"type":"Polygon","coordinates":[[[97.91451586501523,3.3497988815118127],[97.91903898636019,3.3398535182346474],[97.91136600843458,3.3362794703345244],[97.90562326700024,3.35021214247461],[97.91451586501523,3.3497988815118127]]]}},{"type":"Feature","properties":{"code":"1102022021","desa":"Enmiya Batu Dua Ratus","kecamatan":"Lawe Sigala-Gala","kecCode":"110202"},"geometry":{"type":"Polygon","coordinates":[[[97.93012459197638,3.382660333870563],[97.9173213262183,3.3791750481569505],[97.90178101967835,3.379496258112461],[97.9022138525873,3.382469610147854],[97.93012459197638,3.382660333870563]]]}},{"type":"Feature","properties":{"code":"1102022022","desa":"Sebungke","kecamatan":"Lawe Sigala-Gala","kecCode":"110202"},"geometry":{"type":"Polygon","coordinates":[[[97.9009751353942,3.3847846386611544],[97.91986145504215,3.386428255818557],[97.93168732411077,3.3856224596688866],[97.9119927495658,3.3823579260410352],[97.9009751353942,3.3847846386611544]]]}},{"type":"Feature","properties":{"code":"1102022023","desa":"Bukit Sepakat","kecamatan":"Lawe Sigala-Gala","kecCode":"110202"},"geometry":{"type":"Polygon","coordinates":[[[97.89976628738428,3.3741114315697707],[97.90999654240657,3.3732501085790636],[97.92904617444144,3.380907906839552],[97.91246538556912,3.3697019620531585],[97.89976628738428,3.3741114315697707]]]}},{"type":"Feature","properties":{"code":"1102022024","desa":"Lawe Loning Sepakat","kecamatan":"Lawe Sigala-Gala","kecCode":"110202"},"geometry":{"type":"Polygon","coordinates":[[[97.923595505828,3.328312592174151],[97.9352663299772,3.332124779652529],[97.93586104625034,3.3092048504658935],[97.92806738290345,3.307101798453923],[97.923595505828,3.328312592174151]]]}},{"type":"Feature","properties":{"code":"1102022025","desa":"Lawe Loning I","kecamatan":"Lawe Sigala-Gala","kecCode":"110202"},"geometry":{"type":"Polygon","coordinates":[[[97.9352663299772,3.332124779652529],[97.95003302080731,3.3414564428681657],[97.96421460821767,3.36196739766279],[97.97848794356376,3.3669062531013503],[97.95355462294752,3.3365547546111722],[97.9352663299772,3.332124779652529]]]}},{"type":"Feature","properties":{"code":"1102022026","desa":"Gaya Jaya","kecamatan":"Lawe Sigala-Gala","kecCode":"110202"},"geometry":{"type":"Polygon","coordinates":[[[97.92062855786173,3.3393412590018476],[97.92468895283298,3.3197793965329065],[97.90734736988524,3.317436837073934],[97.90232194839928,3.331618425368263],[97.92062855786173,3.3393412590018476]]]}},{"type":"Feature","properties":{"code":"1102022027","desa":"Gelah Musara","kecamatan":"Lawe Sigala-Gala","kecCode":"110202"},"geometry":{"type":"Polygon","coordinates":[[[97.90242154741657,3.3419515025668836],[97.90092917823902,3.349014687077638],[97.90565589530335,3.3502447716770893],[97.90839674921068,3.3426829526624986],[97.90242154741657,3.3419515025668836]]]}},{"type":"Feature","properties":{"code":"1102022028","desa":"Mulie Dame","kecamatan":"Lawe Sigala-Gala","kecCode":"110202"},"geometry":{"type":"Polygon","coordinates":[[[97.91134497958716,3.336316267894609],[97.90242154741657,3.3419515025668836],[97.90841295499393,3.3427261659860705],[97.91134497958716,3.336316267894609]]]}},{"type":"Feature","properties":{"code":"1102022029","desa":"Lawe Loning Hakhapen","kecamatan":"Lawe Sigala-Gala","kecCode":"110202"},"geometry":{"type":"Polygon","coordinates":[[[97.94746370538574,3.3221712532291963],[97.944521919551,3.3273493607072706],[97.96392907256869,3.3370782355844635],[97.98743814765243,3.362633646010766],[97.98607954003882,3.3711325289187837],[97.99486206643127,3.37291592860099],[97.98029976542188,3.3474526851944675],[97.94746370538574,3.3221712532291963]]]}},{"type":"Feature","properties":{"code":"1102022030","desa":"Karya Indah","kecamatan":"Lawe Sigala-Gala","kecCode":"110202"},"geometry":{"type":"Polygon","coordinates":[[[97.91540388438182,3.3553187907223077],[97.92019045582492,3.351882085486234],[97.89953159940386,3.3515794564234938],[97.91540388438182,3.3553187907223077]]]}},{"type":"Feature","properties":{"code":"1102022031","desa":"Kayu Mbelin","kecamatan":"Lawe Sigala-Gala","kecCode":"110202"},"geometry":{"type":"Polygon","coordinates":[[[97.89904575775556,3.354838801862456],[97.91803480156487,3.3590532192193816],[97.94834699162043,3.390738468959769],[97.95288232216147,3.3877967173023973],[97.92561975115063,3.3591120438743443],[97.89904575775556,3.354838801862456]]]}},{"type":"Feature","properties":{"code":"1102022032","desa":"Lawe Sigala Barat Jaya","kecamatan":"Lawe Sigala-Gala","kecCode":"110202"},"geometry":{"type":"Polygon","coordinates":[[[97.91310013696182,3.3521924676043766],[97.91833307161403,3.3515781506078963],[97.91446573140843,3.349781187350625],[97.91310013696182,3.3521924676043766]]]}},{"type":"Feature","properties":{"code":"1102022033","desa":"Lawe Pekhidinen","kecamatan":"Lawe Sigala-Gala","kecCode":"110202"},"geometry":{"type":"Polygon","coordinates":[[[97.9163815904381,3.345629750415781],[97.93884955366406,3.3702479224802886],[97.96586961618986,3.3808198784998753],[97.9163815904381,3.345629750415781]]]}},{"type":"Feature","properties":{"code":"1102022034","desa":"Kertimbang","kecamatan":"Lawe Sigala-Gala","kecCode":"110202"},"geometry":{"type":"Polygon","coordinates":[[[97.90759082355771,3.3090339406064513],[97.92698614059798,3.3140065583931793],[97.92792894666361,3.308581222788257],[97.90971139526475,3.305063667601089],[97.90759082355771,3.3090339406064513]]]}},{"type":"Feature","properties":{"code":"1102022035","desa":"Ndauh Nitenggo","kecamatan":"Lawe Sigala-Gala","kecCode":"110202"},"geometry":{"type":"Polygon","coordinates":[[[97.90786018040308,3.299377832573946],[97.92221589634659,3.304115131056337],[97.92363066032675,3.3005884387571025],[97.90786018040308,3.299377832573946]]]}},{"type":"Feature","properties":{"code":"1102032001","desa":"Bambel Gabungan","kecamatan":"Bambel","kecCode":"110203"},"geometry":{"type":"Polygon","coordinates":[[[97.82163459725894,3.451835388781026],[97.81985554309885,3.461434254066121],[97.83222583655316,3.4613367558652857],[97.83095170405794,3.4516071192623166],[97.82163459725894,3.451835388781026]]]}},{"type":"Feature","properties":{"code":"1102032002","desa":"Kisam","kecamatan":"Bambel","kecCode":"110203"},"geometry":{"type":"Polygon","coordinates":[[[97.86064329355321,3.434175093313777],[97.867685702833,3.4300812561573073],[97.86122163497055,3.429879331378484],[97.86064329355321,3.434175093313777]]]}},{"type":"Feature","properties":{"code":"1102032005","desa":"Lawe Hijo","kecamatan":"Bambel","kecCode":"110203"},"geometry":{"type":"Polygon","coordinates":[[[97.85821007433555,3.4521311776003376],[97.86165135172854,3.4469990911292214],[97.85791980375598,3.4477862353397195],[97.85821007433555,3.4521311776003376]]]}},{"type":"Feature","properties":{"code":"1102032006","desa":"Pinding","kecamatan":"Bambel","kecCode":"110203"},"geometry":{"type":"Polygon","coordinates":[[[97.86347437374343,3.4458823166109225],[97.86190483284184,3.4522713297464866],[97.86751469944386,3.4461964039358137],[97.86347437374343,3.4458823166109225]]]}},{"type":"Feature","properties":{"code":"1102032009","desa":"Terutung Megara Asli","kecamatan":"Bambel","kecCode":"110203"},"geometry":{"type":"Polygon","coordinates":[[[97.83276187655939,3.450710041025677],[97.8366296322518,3.456439938336404],[97.83815285537004,3.456050276483439],[97.83276187655939,3.450710041025677]]]}},{"type":"Feature","properties":{"code":"1102032011","desa":"Biak Muli","kecamatan":"Bambel","kecCode":"110203"},"geometry":{"type":"Polygon","coordinates":[[[97.83845478655923,3.4475318845823018],[97.83107302260198,3.442196527047311],[97.82954575073585,3.446119680074189],[97.83845478655923,3.4475318845823018]]]}},{"type":"Feature","properties":{"code":"1102032012","desa":"Kute Lang-Lang","kecamatan":"Bambel","kecCode":"110203"},"geometry":{"type":"Polygon","coordinates":[[[97.85792378955131,3.4478154660041564],[97.85644158541088,3.4418443129642577],[97.85053754697026,3.4385352952708135],[97.84756071275676,3.4425776660253105],[97.85792378955131,3.4478154660041564]]]}},{"type":"Feature","properties":{"code":"1102032013","desa":"Pedesi","kecamatan":"Bambel","kecCode":"110203"},"geometry":{"type":"Polygon","coordinates":[[[97.84753395073129,3.4361619250385615],[97.83474690424627,3.4424721054022998],[97.84021955678718,3.4439031471099804],[97.84753395073129,3.4361619250385615]]]}},{"type":"Feature","properties":{"code":"1102032014","desa":"Terutung Payung Hulu","kecamatan":"Bambel","kecCode":"110203"},"geometry":{"type":"Polygon","coordinates":[[[97.84423860093072,3.4282591010908696],[97.8436288354025,3.4350445686588347],[97.8505587430916,3.4383400533541466],[97.85132025842323,3.4367509153275995],[97.84423860093072,3.4282591010908696]]]}},{"type":"Feature","properties":{"code":"1102032015","desa":"Terutung Payung Hilir","kecamatan":"Bambel","kecCode":"110203"},"geometry":{"type":"Polygon","coordinates":[[[97.8439795449201,3.4274409446589815],[97.84665514132176,3.432841622652053],[97.85132025842323,3.4367509153275995],[97.84864247037376,3.4285557055952527],[97.8439795449201,3.4274409446589815]]]}},{"type":"Feature","properties":{"code":"1102032016","desa":"Tualang Sembilar","kecamatan":"Bambel","kecCode":"110203"},"geometry":{"type":"Polygon","coordinates":[[[97.8486629947015,3.4282825814901883],[97.8456165358745,3.427030957228448],[97.84715447370006,3.429916749470845],[97.8486629947015,3.4282825814901883]]]}},{"type":"Feature","properties":{"code":"1102032017","desa":"Kuning I","kecamatan":"Bambel","kecCode":"110203"},"geometry":{"type":"Polygon","coordinates":[[[97.85791980375598,3.4477862353397195],[97.86778595655669,3.4460821891367717],[97.8682713674297,3.438675403350223],[97.85637882082597,3.4407169813044693],[97.85791980375598,3.4477862353397195]]]}},{"type":"Feature","properties":{"code":"1102032018","desa":"Kuning Ii","kecamatan":"Bambel","kecCode":"110203"},"geometry":{"type":"Polygon","coordinates":[[[97.86751469944386,3.4461964039358137],[97.87368986099834,3.447299261445513],[97.87084610306528,3.438129545445772],[97.8682713674297,3.438675403350223],[97.86751469944386,3.4461964039358137]]]}},{"type":"Feature","properties":{"code":"1102032019","desa":"Cinta Damai","kecamatan":"Bambel","kecCode":"110203"},"geometry":{"type":"Polygon","coordinates":[[[97.86998294365799,3.438276674532357],[97.87363345462028,3.447271059605498],[97.8928180703977,3.4565703049594037],[97.93179364106372,3.4627093155596995],[97.95096381462837,3.4740547209136974],[97.9414276896362,3.4564621336045045],[97.89106103343998,3.45149286399376],[97.86998294365799,3.438276674532357]]]}},{"type":"Feature","properties":{"code":"1102032020","desa":"Likat","kecamatan":"Bambel","kecCode":"110203"},"geometry":{"type":"Polygon","coordinates":[[[97.85932558171027,3.4384629771878976],[97.85346487530381,3.42861349513053],[97.85483413898436,3.4411773235749763],[97.85932558171027,3.4384629771878976]]]}},{"type":"Feature","properties":{"code":"1102032021","desa":"Rikit","kecamatan":"Bambel","kecCode":"110203"},"geometry":{"type":"Polygon","coordinates":[[[97.86998294365799,3.438276674532357],[97.86064329355321,3.434175093313777],[97.85932558171027,3.4384629771878976],[97.86998294365799,3.438276674532357]]]}},{"type":"Feature","properties":{"code":"1102032023","desa":"Bambel","kecamatan":"Bambel","kecCode":"110203"},"geometry":{"type":"Polygon","coordinates":[[[97.83255787884308,3.4691853174187135],[97.82278139114833,3.458904213839689],[97.82716741444465,3.469352638083835],[97.83255787884308,3.4691853174187135]]]}},{"type":"Feature","properties":{"code":"1102032025","desa":"Lawe Kihing","kecamatan":"Bambel","kecCode":"110203"},"geometry":{"type":"Polygon","coordinates":[[[97.83222583655316,3.4613367558652857],[97.82574514831997,3.460832427753577],[97.82563367375508,3.461650398025774],[97.82972731126648,3.465303111423857],[97.83222583655316,3.4613367558652857]]]}},{"type":"Feature","properties":{"code":"1102032026","desa":"Terutung Seperai","kecamatan":"Bambel","kecCode":"110203"},"geometry":{"type":"Polygon","coordinates":[[[97.83613369931082,3.4556251903350974],[97.83099724842434,3.454385357084739],[97.83658062099892,3.456359418436438],[97.83613369931082,3.4556251903350974]]]}},{"type":"Feature","properties":{"code":"1102032027","desa":"Kute Seri","kecamatan":"Bambel","kecCode":"110203"},"geometry":{"type":"Polygon","coordinates":[[[97.8475291366604,3.4487703751448566],[97.84549886677934,3.444130167470436],[97.84359483743184,3.4467426746290863],[97.8475291366604,3.4487703751448566]]]}},{"type":"Feature","properties":{"code":"1102032028","desa":"Kuta Antara","kecamatan":"Bambel","kecCode":"110203"},"geometry":{"type":"Polygon","coordinates":[[[97.82954575073585,3.446119680074189],[97.8339457575907,3.4467558353078624],[97.83395468156334,3.446209748076326],[97.82954575073585,3.446119680074189]]]}},{"type":"Feature","properties":{"code":"1102032028","desa":"Kuta Antara","kecamatan":"Bambel","kecCode":"110203"},"geometry":{"type":"Polygon","coordinates":[[[97.83691302301764,3.4542436626012467],[97.83575118526903,3.4507745655837168],[97.83276187655939,3.450710041025677],[97.83691302301764,3.4542436626012467]]]}},{"type":"Feature","properties":{"code":"1102032029","desa":"Pulo Perengge","kecamatan":"Bambel","kecCode":"110203"},"geometry":{"type":"Polygon","coordinates":[[[97.84485343144075,3.440804653512668],[97.85066769865539,3.4389828491818335],[97.84753395073129,3.4361619250385615],[97.84485343144075,3.440804653512668]]]}},{"type":"Feature","properties":{"code":"1102032031","desa":"Pulo Kendondong","kecamatan":"Bambel","kecCode":"110203"},"geometry":{"type":"Polygon","coordinates":[[[97.86698728033878,3.448976180498276],[97.86847056456497,3.4558809233504526],[97.92308481411293,3.4660405599974826],[97.95909675081447,3.48192995456029],[97.93179364106372,3.4627093155596995],[97.86698728033878,3.448976180498276]]]}},{"type":"Feature","properties":{"code":"1102032033","desa":"Pancakh Iman","kecamatan":"Bambel","kecCode":"110203"},"geometry":{"type":"Polygon","coordinates":[[[97.83383692973057,3.46308388229211],[97.82913979766356,3.467095778619786],[97.8338356410021,3.469131631489926],[97.83383692973057,3.46308388229211]]]}},{"type":"Feature","properties":{"code":"1102032034","desa":"Biak Muli Baru","kecamatan":"Bambel","kecCode":"110203"},"geometry":{"type":"Polygon","coordinates":[[[97.83916153677558,3.447576749061187],[97.82561764423895,3.450555834274618],[97.83906117333453,3.450948582600819],[97.83916153677558,3.447576749061187]]]}},{"type":"Feature","properties":{"code":"1102032035","desa":"Biak Muli Pantai Raja","kecamatan":"Bambel","kecCode":"110203"},"geometry":{"type":"Polygon","coordinates":[[[97.83852043796787,3.4427669022693377],[97.83928787533523,3.4508257873701345],[97.84461989639118,3.4473879292032206],[97.83852043796787,3.4427669022693377]]]}},{"type":"Feature","properties":{"code":"1102032036","desa":"Biak Muli Sejahtera","kecamatan":"Bambel","kecCode":"110203"},"geometry":{"type":"Polygon","coordinates":[[[97.8427933733156,3.4556606146304163],[97.84463541059579,3.4473714455294933],[97.83575118526903,3.4507745655837168],[97.8427933733156,3.4556606146304163]]]}},{"type":"Feature","properties":{"code":"1102032037","desa":"Lembah Haji","kecamatan":"Bambel","kecCode":"110203"},"geometry":{"type":"Polygon","coordinates":[[[97.84866741037273,3.4432340685954688],[97.84165354557472,3.439542637584738],[97.84021955678718,3.4439031471099804],[97.84360010835836,3.4467354395832235],[97.84866741037273,3.4432340685954688]]]}},{"type":"Feature","properties":{"code":"1102032038","desa":"Terutung Payung Gabungan","kecamatan":"Bambel","kecCode":"110203"},"geometry":{"type":"Polygon","coordinates":[[[97.84866492824392,3.42866555238712],[97.85483364255862,3.4411682539121307],[97.85346845640419,3.4285749375971557],[97.84866492824392,3.42866555238712]]]}},{"type":"Feature","properties":{"code":"1102032039","desa":"Lawe Hijo Metuah","kecamatan":"Bambel","kecCode":"110203"},"geometry":{"type":"Polygon","coordinates":[[[97.86190483284184,3.4522713297464866],[97.85762595297543,3.4510627982992164],[97.84929377558733,3.4509569561884263],[97.85060622189967,3.4561203714422937],[97.86190483284184,3.4522713297464866]]]}},{"type":"Feature","properties":{"code":"1102032040","desa":"Ampera","kecamatan":"Bambel","kecCode":"110203"},"geometry":{"type":"Polygon","coordinates":[[[97.85401690975266,3.451137129064873],[97.85262096588491,3.44629010160176],[97.84924681299009,3.4507691040009725],[97.85401690975266,3.451137129064873]]]}},{"type":"Feature","properties":{"code":"1102032041","desa":"Tembilakh Mbakhu","kecamatan":"Bambel","kecCode":"110203"},"geometry":{"type":"Polygon","coordinates":[[[97.85354165222553,3.4197485935461103],[97.8454351668995,3.424555057088421],[97.85346845640419,3.4285749375971557],[97.85354165222553,3.4197485935461103]]]}},{"type":"Feature","properties":{"code":"1102032042","desa":"Kute Lang-Lang Bakhu","kecamatan":"Bambel","kecCode":"110203"},"geometry":{"type":"Polygon","coordinates":[[[97.849272819585,3.450831720197676],[97.84943719227267,3.4436984272382767],[97.8475291366604,3.4487703751448566],[97.849272819585,3.450831720197676]]]}},{"type":"Feature","properties":{"code":"1102042001","desa":"Kota Kutacane","kecamatan":"Babussalam","kecCode":"110204"},"geometry":{"type":"Polygon","coordinates":[[[97.80415512665779,3.489763846372556],[97.81473923342895,3.4828724782377947],[97.80874967755561,3.4804395135308632],[97.80415512665779,3.489763846372556]]]}},{"type":"Feature","properties":{"code":"1102042002","desa":"Perapat Hilir","kecamatan":"Babussalam","kecCode":"110204"},"geometry":{"type":"Polygon","coordinates":[[[97.81578932142008,3.4759928705374494],[97.80640403521812,3.476185988255514],[97.81668986744347,3.480345861730406],[97.81578932142008,3.4759928705374494]]]}},{"type":"Feature","properties":{"code":"1102042003","desa":"Perapat Hulu","kecamatan":"Babussalam","kecCode":"110204"},"geometry":{"type":"Polygon","coordinates":[[[97.80640403521812,3.476185988255514],[97.80874967755561,3.4804395135308632],[97.81392400159147,3.4803298043352595],[97.81429173167811,3.479333617211989],[97.80640403521812,3.476185988255514]]]}},{"type":"Feature","properties":{"code":"1102042004","desa":"Muara Lawe Bulan","kecamatan":"Babussalam","kecCode":"110204"},"geometry":{"type":"Polygon","coordinates":[[[97.80393662917213,3.47945512551288],[97.79905425025349,3.488171889870651],[97.80415512665779,3.489763846372556],[97.80761659023352,3.4835522748723924],[97.80393662917213,3.47945512551288]]]}},{"type":"Feature","properties":{"code":"1102042005","desa":"Mbarung","kecamatan":"Babussalam","kecCode":"110204"},"geometry":{"type":"Polygon","coordinates":[[[97.80293995731324,3.493004029057353],[97.79905425025349,3.488171889870651],[97.79670271465864,3.4906526733294143],[97.80293995731324,3.493004029057353]]]}},{"type":"Feature","properties":{"code":"1102042006","desa":"Batu Mbulan Asli","kecamatan":"Babussalam","kecCode":"110204"},"geometry":{"type":"Polygon","coordinates":[[[97.80068763942307,3.4970215983084745],[97.8103866244432,3.49561510989128],[97.80077225843301,3.4939794463380176],[97.80068763942307,3.4970215983084745]]]}},{"type":"Feature","properties":{"code":"1102042007","desa":"Batu Mbulan I","kecamatan":"Babussalam","kecCode":"110204"},"geometry":{"type":"Polygon","coordinates":[[[97.80043946700783,3.495875160551841],[97.79579272035782,3.4932754741281595],[97.78528216823752,3.4947453305753653],[97.79028644396425,3.4958232399921805],[97.80043946700783,3.495875160551841]]]}},{"type":"Feature","properties":{"code":"1102042008","desa":"Batu Mbulan Ii","kecamatan":"Babussalam","kecCode":"110204"},"geometry":{"type":"Polygon","coordinates":[[[97.80068763942307,3.4970215983084745],[97.76158273635427,3.490985781315589],[97.75719857915118,3.4919593774690765],[97.77294571087589,3.497919794402368],[97.80068763942307,3.4970215983084745]]]}},{"type":"Feature","properties":{"code":"1102042009","desa":"Kampung Raja","kecamatan":"Babussalam","kecCode":"110204"},"geometry":{"type":"Polygon","coordinates":[[[97.80826415606599,3.505016448981748],[97.80580754728055,3.4978192834726505],[97.80049403067504,3.497311761868337],[97.80826415606599,3.505016448981748]]]}},{"type":"Feature","properties":{"code":"1102042010","desa":"Pulonas","kecamatan":"Babussalam","kecCode":"110204"},"geometry":{"type":"Polygon","coordinates":[[[97.8115289666885,3.4896100964770858],[97.80415512665779,3.489763846372556],[97.80293995731324,3.493004029057353],[97.8103866244432,3.49561510989128],[97.8115289666885,3.4896100964770858]]]}},{"type":"Feature","properties":{"code":"1102042011","desa":"Kampung Melayu Gabungan","kecamatan":"Babussalam","kecCode":"110204"},"geometry":{"type":"Polygon","coordinates":[[[97.80007048506491,3.5008428761340973],[97.80779778384073,3.5011522060453837],[97.80471406340335,3.500007510275513],[97.80007048506491,3.5008428761340973]]]}},{"type":"Feature","properties":{"code":"1102042012","desa":"Terutung Pedi","kecamatan":"Babussalam","kecCode":"110204"},"geometry":{"type":"Polygon","coordinates":[[[97.79684152141913,3.5028256033530187],[97.79116477943109,3.497355316934357],[97.77294571087589,3.497919794402368],[97.79684152141913,3.5028256033530187]]]}},{"type":"Feature","properties":{"code":"1102042013","desa":"Kute Rih","kecamatan":"Babussalam","kecCode":"110204"},"geometry":{"type":"Polygon","coordinates":[[[97.82405533298731,3.4554284474498904],[97.81155503803461,3.46864823509879],[97.81949723430995,3.4721136350033803],[97.82405533298731,3.4554284474498904]]]}},{"type":"Feature","properties":{"code":"1102042014","desa":"Gumpang Jaya","kecamatan":"Babussalam","kecCode":"110204"},"geometry":{"type":"Polygon","coordinates":[[[97.82277387641334,3.469936938408428],[97.82783498929336,3.465891854399338],[97.82351626766165,3.4642976154181238],[97.82277387641334,3.469936938408428]]]}},{"type":"Feature","properties":{"code":"1102042015","desa":"Pulo Latong","kecamatan":"Babussalam","kecCode":"110204"},"geometry":{"type":"Polygon","coordinates":[[[97.81429173167811,3.479333617211989],[97.81473923342895,3.4828724782377947],[97.81668986744347,3.480345861730406],[97.81429173167811,3.479333617211989]]]}},{"type":"Feature","properties":{"code":"1102042016","desa":"Kutacane Lama","kecamatan":"Babussalam","kecCode":"110204"},"geometry":{"type":"Polygon","coordinates":[[[97.82282617828552,3.4735032431457515],[97.81837888867483,3.4719054320573592],[97.81844551225066,3.4740457573708015],[97.82282617828552,3.4735032431457515]]]}},{"type":"Feature","properties":{"code":"1102042017","desa":"Batu Mbulan Mbaru","kecamatan":"Babussalam","kecCode":"110204"},"geometry":{"type":"Polygon","coordinates":[[[97.80045917565047,3.5002351385776955],[97.79684152141913,3.5028256033530187],[97.79550738076107,3.5123145364106696],[97.80020691761523,3.5113120342480344],[97.80045917565047,3.5002351385776955]]]}},{"type":"Feature","properties":{"code":"1102042018","desa":"Pulo Peding","kecamatan":"Babussalam","kecCode":"110204"},"geometry":{"type":"Polygon","coordinates":[[[97.80671281204673,3.5040346042464043],[97.80075794931996,3.5059901629463854],[97.80756386028399,3.507184393374524],[97.80671281204673,3.5040346042464043]]]}},{"type":"Feature","properties":{"code":"1102042019","desa":"Mendabe","kecamatan":"Babussalam","kecCode":"110204"},"geometry":{"type":"Polygon","coordinates":[[[97.44241305441898,3.5205282371036084],[97.45178167258621,3.5253399679751167],[97.47367271532363,3.510349363958053],[97.51781171563823,3.499522816162683],[97.53339718613131,3.499641789274708],[97.54398578681467,3.507018117721601],[97.60704150386236,3.4966674632735253],[97.62607719190895,3.501307411943279],[97.65875433004832,3.490290508247929],[97.69410360309888,3.5003413512091774],[97.72745412840538,3.4950303940798997],[97.7535520566821,3.503539345797539],[97.76423107790197,3.5008553137579503],[97.7681143576915,3.510449301120281],[97.7800246272348,3.515362299251411],[97.79550738076107,3.5123145364106696],[97.7960961408243,3.5069099859368413],[97.71650337343198,3.48799004515452],[97.66181764756645,3.4829646227745474],[97.62896966521792,3.492512924576981],[97.61718276737086,3.4881727873940713],[97.50420215100853,3.4919646960596418],[97.44241305441898,3.5205282371036084]]]}},{"type":"Feature","properties":{"code":"1102042020","desa":"Ujung Barat","kecamatan":"Babussalam","kecCode":"110204"},"geometry":{"type":"Polygon","coordinates":[[[97.8005257335758,3.495075499577078],[97.79670271465864,3.4906526733294143],[97.79311812400226,3.4939047972123034],[97.8005257335758,3.495075499577078]]]}},{"type":"Feature","properties":{"code":"1102042021","desa":"Pekhapat Titi Panjang","kecamatan":"Babussalam","kecCode":"110204"},"geometry":{"type":"Polygon","coordinates":[[[97.81640577970302,3.470141659179431],[97.81632766998602,3.477248513869424],[97.81770414263212,3.4783318695805705],[97.8197536346226,3.4752043989276604],[97.81640577970302,3.470141659179431]]]}},{"type":"Feature","properties":{"code":"1102042022","desa":"Pekhapat Sepakat","kecamatan":"Babussalam","kecCode":"110204"},"geometry":{"type":"Polygon","coordinates":[[[97.8158271702877,3.4698536800727977],[97.80726327897719,3.474249716416103],[97.81632470042462,3.476141586028151],[97.8158271702877,3.4698536800727977]]]}},{"type":"Feature","properties":{"code":"1102042023","desa":"Alas Marantcar","kecamatan":"Babussalam","kecCode":"110204"},"geometry":{"type":"Polygon","coordinates":[[[97.80480361429538,3.5057651813489983],[97.80209745893063,3.510239348093619],[97.80997051262909,3.507268480885049],[97.80480361429538,3.5057651813489983]]]}},{"type":"Feature","properties":{"code":"1102042024","desa":"Batu Mbulan Sepakat","kecamatan":"Babussalam","kecCode":"110204"},"geometry":{"type":"Polygon","coordinates":[[[97.43909600038016,3.5152709973793903],[97.44241305441898,3.5205282371036084],[97.45234893705383,3.517640031980099],[97.50420215100853,3.4919646960596418],[97.54308064075899,3.4943403505699657],[97.61718276737086,3.4881727873940713],[97.62896966521792,3.492512924576981],[97.66181764756645,3.4829646227745474],[97.71650337343198,3.48799004515452],[97.798695375791,3.5063699475453616],[97.74620546970671,3.4894847381786023],[97.65835576940327,3.480014483140495],[97.48865261022983,3.491197950271831],[97.43909600038016,3.5152709973793903]]]}},{"type":"Feature","properties":{"code":"1102042025","desa":"Pulo Sanggakh","kecamatan":"Babussalam","kecCode":"110204"},"geometry":{"type":"Polygon","coordinates":[[[97.8087530706977,3.480424875265965],[97.80426645193528,3.4810214171621583],[97.80766873832168,3.483591225409493],[97.8087530706977,3.480424875265965]]]}},{"type":"Feature","properties":{"code":"1102042026","desa":"Melayu I","kecamatan":"Babussalam","kecCode":"110204"},"geometry":{"type":"Polygon","coordinates":[[[97.80756386028399,3.507184393374524],[97.80740646363745,3.502118542871307],[97.80190266757408,3.5020207218138566],[97.80756386028399,3.507184393374524]]]}},{"type":"Feature","properties":{"code":"1102042027","desa":"Mbarung Datuk Saudane","kecamatan":"Babussalam","kecCode":"110204"},"geometry":{"type":"Polygon","coordinates":[[[97.47938817942098,3.4857541398940937],[97.43909600038016,3.5152709973793903],[97.45762443931648,3.5093294428266617],[97.47818298175922,3.494005713736303],[97.5170157859498,3.4869625094633774],[97.54233325107872,3.4910075934725002],[97.65835576940327,3.480014483140495],[97.77424146936835,3.4943170275520092],[97.79311101396216,3.493929201215357],[97.79905425025349,3.488171889870651],[97.7947999893281,3.4821173498921327],[97.78185574404739,3.4856081988119283],[97.65147079903817,3.46656616606877],[97.59101345360806,3.4776068649260807],[97.52103826370495,3.4779114365244417],[97.47938817942098,3.4857541398940937]]]}},{"type":"Feature","properties":{"code":"1102052005","desa":"Salang Alas","kecamatan":"Badar","kecCode":"110205"},"geometry":{"type":"Polygon","coordinates":[[[97.80693865339617,3.5296529618200467],[97.80692510780756,3.5248558332405886],[97.8045485036106,3.525706325695963],[97.80693865339617,3.5296529618200467]]]}},{"type":"Feature","properties":{"code":"1102052009","desa":"Kuta Pasir","kecamatan":"Badar","kecCode":"110205"},"geometry":{"type":"Polygon","coordinates":[[[97.77858637925804,3.529878503695095],[97.77762567668366,3.537865479904527],[97.79695166768539,3.5413105038694908],[97.79003469044868,3.53317025980124],[97.77858637925804,3.529878503695095]]]}},{"type":"Feature","properties":{"code":"1102052011","desa":"Purwodadi","kecamatan":"Badar","kecCode":"110205"},"geometry":{"type":"Polygon","coordinates":[[[97.79949993357512,3.511495578682825],[97.79125267557059,3.5134278989011576],[97.79727081639508,3.5363522680409103],[97.79689171258251,3.5167061795657704],[97.79949993357512,3.511495578682825]]]}},{"type":"Feature","properties":{"code":"1102052012","desa":"Kuta Tinggi","kecamatan":"Badar","kecCode":"110205"},"geometry":{"type":"Polygon","coordinates":[[[97.8099384922677,3.5072549991482873],[97.80525427896184,3.5152737115333523],[97.8070594170585,3.522496942992515],[97.81530053808943,3.519111402885568],[97.8099384922677,3.5072549991482873]]]}},{"type":"Feature","properties":{"code":"1102052013","desa":"Kampung Baru","kecamatan":"Badar","kecCode":"110205"},"geometry":{"type":"Polygon","coordinates":[[[97.79727081639508,3.5363522680409103],[97.79180846199097,3.523685549060576],[97.77793312701226,3.520567368404435],[97.77758756971063,3.5262005472265043],[97.79727081639508,3.5363522680409103]]]}},{"type":"Feature","properties":{"code":"1102052014","desa":"Peranginan","kecamatan":"Badar","kecCode":"110205"},"geometry":{"type":"Polygon","coordinates":[[[97.86295588400691,3.62008257056267],[97.83253300629325,3.5953225430358864],[97.81806588323398,3.5530633147004624],[97.80656832786609,3.5472764660225433],[97.79437029055651,3.552258973653828],[97.77631802105988,3.5443370804814927],[97.77182879965943,3.5558621892658677],[97.79390007732678,3.5626230378928785],[97.83035342017426,3.606309941773584],[97.84692398555352,3.6138252316642943],[97.85495854400165,3.6258424611629296],[97.86295588400691,3.62008257056267]]]}},{"type":"Feature","properties":{"code":"1102052015","desa":"Natam","kecamatan":"Badar","kecCode":"110205"},"geometry":{"type":"Polygon","coordinates":[[[97.77286548685282,3.561801053946368],[97.76791949259056,3.565351866962186],[97.77333080057605,3.5678002424516597],[97.77286548685282,3.561801053946368]]]}},{"type":"Feature","properties":{"code":"1102052025","desa":"Kumbang Jaya","kecamatan":"Badar","kecCode":"110205"},"geometry":{"type":"Polygon","coordinates":[[[97.77858637925804,3.529878503695095],[97.79003469044868,3.53317025980124],[97.80051439582273,3.541134297902509],[97.78972060132475,3.5281448383205705],[97.77858637925804,3.529878503695095]]]}},{"type":"Feature","properties":{"code":"1102052026","desa":"Kumbang Indah","kecamatan":"Badar","kecCode":"110205"},"geometry":{"type":"Polygon","coordinates":[[[97.79125267557059,3.5134278989011576],[97.78315731485826,3.513429959247975],[97.77793312701226,3.520567368404435],[97.79271437157102,3.5238614573519498],[97.79125267557059,3.5134278989011576]]]}},{"type":"Feature","properties":{"code":"1102052027","desa":"Natam Baru","kecamatan":"Badar","kecCode":"110205"},"geometry":{"type":"Polygon","coordinates":[[[97.78385207531306,3.5806827123879446],[97.76766525604675,3.5607551127302433],[97.76133293256885,3.566698648489456],[97.78385207531306,3.5806827123879446]]]}},{"type":"Feature","properties":{"code":"1102052029","desa":"Deleng Megakhe","kecamatan":"Badar","kecCode":"110205"},"geometry":{"type":"Polygon","coordinates":[[[97.80072357363406,3.5097533544604707],[97.79766265820517,3.514464727286955],[97.79744850804228,3.517491401925061],[97.80413052480395,3.514485484539085],[97.80072357363406,3.5097533544604707]]]}},{"type":"Feature","properties":{"code":"1102052030","desa":"Lawe Bekung","kecamatan":"Badar","kecCode":"110205"},"geometry":{"type":"Polygon","coordinates":[[[97.80264712906181,3.524275761528287],[97.8045485036106,3.525706325695963],[97.81009689075898,3.522627082087066],[97.80264712906181,3.524275761528287]]]}},{"type":"Feature","properties":{"code":"1102052031","desa":"Lawe Bekung Tampahan","kecamatan":"Badar","kecCode":"110205"},"geometry":{"type":"Polygon","coordinates":[[[97.80693865339617,3.5296529618200467],[97.79967384896901,3.5280045494775276],[97.80051439582273,3.541134297902509],[97.80482554696147,3.541173311392189],[97.80693865339617,3.5296529618200467]]]}},{"type":"Feature","properties":{"code":"1102052032","desa":"Badar Indah","kecamatan":"Badar","kecCode":"110205"},"geometry":{"type":"Polygon","coordinates":[[[97.80798859120057,3.5084214288339846],[97.80358370642296,3.5159785623807798],[97.80551582159796,3.522490544316172],[97.80706809461691,3.5225095631787866],[97.80798859120057,3.5084214288339846]]]}},{"type":"Feature","properties":{"code":"1102052033","desa":"Batu Mbekhong","kecamatan":"Badar","kecCode":"110205"},"geometry":{"type":"Polygon","coordinates":[[[97.82261760481867,3.5413235584282945],[97.78134310260214,3.536574673979917],[97.77631802105988,3.5443370804814927],[97.79437029055651,3.552258973653828],[97.80656832786609,3.5472764660225433],[97.81806588323398,3.5530633147004624],[97.83253300629325,3.5953225430358864],[97.86267748267971,3.6202356612550437],[97.86950687943897,3.615296193378216],[97.87169559727403,3.6092164211210402],[97.8635081702659,3.597462193857829],[97.87105907601564,3.568668515403212],[97.83486266408072,3.554310701356675],[97.82261760481867,3.5413235584282945]]]}},{"type":"Feature","properties":{"code":"1102052034","desa":"Tanah Merah","kecamatan":"Badar","kecCode":"110205"},"geometry":{"type":"Polygon","coordinates":[[[97.79770191271312,3.517574364383747],[97.79648778928008,3.5272596787990804],[97.79880042739785,3.5388612911111395],[97.80497273180619,3.5219979460619384],[97.79770191271312,3.517574364383747]]]}},{"type":"Feature","properties":{"code":"1102052035","desa":"Tanoh Megakhe","kecamatan":"Badar","kecCode":"110205"},"geometry":{"type":"Polygon","coordinates":[[[97.8034016656544,3.5173966475557124],[97.80246480590614,3.5141102100401493],[97.80096688881093,3.5172079185293095],[97.8034016656544,3.5173966475557124]]]}},{"type":"Feature","properties":{"code":"1102052036","desa":"Lawe Sekerah","kecamatan":"Badar","kecCode":"110205"},"geometry":{"type":"Polygon","coordinates":[[[97.85495854400165,3.6258424611629296],[97.84692398555352,3.6138252316642943],[97.83035342017426,3.606309941773584],[97.79390007732678,3.5626230378928785],[97.770357726428,3.556062319897179],[97.77407713984819,3.572614724349347],[97.81155429339599,3.5992987560634493],[97.80281730237662,3.6360537296872306],[97.82085120322051,3.6866948840988663],[97.84474193799008,3.660610764040635],[97.85495854400165,3.6258424611629296]]]}},{"type":"Feature","properties":{"code":"1102062001","desa":"Pardomuan II","kecamatan":"Babul Makmur","kecCode":"110206"},"geometry":{"type":"Polygon","coordinates":[[[97.92788354259146,3.3014422272277906],[97.9280594670708,3.3071864003766485],[97.93933151833492,3.3122299737734444],[97.94580574044261,3.309459748910419],[97.92788354259146,3.3014422272277906]]]}},{"type":"Feature","properties":{"code":"1102062002","desa":"Lawe Desky I","kecamatan":"Babul Makmur","kecCode":"110206"},"geometry":{"type":"Polygon","coordinates":[[[97.94435185865142,3.316734016895664],[97.9515150432847,3.3142428138917484],[97.94473078080097,3.313959921350572],[97.94435185865142,3.316734016895664]]]}},{"type":"Feature","properties":{"code":"1102062003","desa":"Lawe Desky Sabas","kecamatan":"Babul Makmur","kecCode":"110206"},"geometry":{"type":"Polygon","coordinates":[[[97.94619896540995,3.305799190726152],[97.9709397582633,3.323176353533251],[98.0084186789789,3.3627488122925655],[98.0115207662704,3.35680192026353],[97.97873487221665,3.3261744746963546],[97.94619896540995,3.305799190726152]]]}},{"type":"Feature","properties":{"code":"1102062004","desa":"Pardomuan I","kecamatan":"Babul Makmur","kecCode":"110206"},"geometry":{"type":"Polygon","coordinates":[[[97.92947685527268,3.3041121192268235],[97.94619896540995,3.305799190726152],[97.94913053404694,3.293154965588927],[97.93016894564038,3.291449752065969],[97.92947685527268,3.3041121192268235]]]}},{"type":"Feature","properties":{"code":"1102062004","desa":"Pardomuan I","kecamatan":"Babul Makmur","kecCode":"110206"},"geometry":{"type":"Polygon","coordinates":[[[97.94520941798032,3.3099197224588583],[97.93882951676886,3.3160551375695917],[97.94435185865142,3.316734016895664],[97.94520941798032,3.3099197224588583]]]}},{"type":"Feature","properties":{"code":"1102062005","desa":"Cinta Damai","kecamatan":"Babul Makmur","kecCode":"110206"},"geometry":{"type":"Polygon","coordinates":[[[97.94667358531774,3.303846507158761],[97.97062566913938,3.3193501806977133],[98.0115207662704,3.35680192026353],[98.01367298512025,3.3510077169299692],[97.94815148620216,3.297484202089312],[97.94667358531774,3.303846507158761]]]}},{"type":"Feature","properties":{"code":"1102062006","desa":"Lawe Perbunga","kecamatan":"Babul Makmur","kecCode":"110206"},"geometry":{"type":"Polygon","coordinates":[[[97.94913053404694,3.293154965588927],[98.01535396641248,3.3481528811509786],[98.01807626370868,3.3456380088901487],[97.98113336861013,3.3064511227664455],[97.94913053404694,3.293154965588927]]]}},{"type":"Feature","properties":{"code":"1102062007","desa":"Lawe Desky Tongah","kecamatan":"Babul Makmur","kecCode":"110206"},"geometry":{"type":"Polygon","coordinates":[[[97.94586793036073,3.3076116403091067],[97.97002604526585,3.3245183695530325],[98.0065040412286,3.36562076936461],[97.97705021359656,3.3288013988866862],[97.94586793036073,3.3076116403091067]]]}},{"type":"Feature","properties":{"code":"1102062008","desa":"Kute Bakti","kecamatan":"Babul Makmur","kecCode":"110206"},"geometry":{"type":"Polygon","coordinates":[[[98.02837122225417,3.3316907695315474],[98.00153724744608,3.302219012147657],[97.9812760172744,3.288848235522003],[97.96611196999146,3.287339649771035],[98.0086439042928,3.3123674144635924],[98.02372968717536,3.3363523810706432],[98.02837122225417,3.3316907695315474]]]}},{"type":"Feature","properties":{"code":"1102062010","desa":"Muara Situlen","kecamatan":"Babul Makmur","kecCode":"110206"},"geometry":{"type":"Polygon","coordinates":[[[97.9342548957469,3.273848187724218],[97.9363825891852,3.2620663305899362],[97.90465410270474,3.2581430003966623],[97.91120984475862,3.2764605258103083],[97.9342548957469,3.273848187724218]]]}},{"type":"Feature","properties":{"code":"1102062011","desa":"Sejahtera","kecamatan":"Babul Makmur","kecCode":"110206"},"geometry":{"type":"Polygon","coordinates":[[[97.96608900940032,3.291400197622633],[97.95748815055777,3.2892281316369134],[97.95185168830484,3.285183650173621],[97.96263956256581,3.2957672326285845],[97.96608900940032,3.291400197622633]]]}},{"type":"Feature","properties":{"code":"1102062012","desa":"Kute Makmur","kecamatan":"Babul Makmur","kecCode":"110206"},"geometry":{"type":"Polygon","coordinates":[[[97.9524361999707,3.3114669197025837],[97.94508210725348,3.3114497237657217],[97.95664119063848,3.316003969742463],[98.00496421122942,3.3674036015746722],[97.97002604526585,3.3245183695530325],[97.9524361999707,3.3114669197025837]]]}},{"type":"Feature","properties":{"code":"1102062013","desa":"Pardamean","kecamatan":"Babul Makmur","kecCode":"110206"},"geometry":{"type":"Polygon","coordinates":[[[97.93016894564038,3.291449752065969],[97.94913053404694,3.293154965588927],[97.95009946182076,3.268719175135901],[97.93648260638724,3.2621524514675726],[97.93016894564038,3.291449752065969]]]}},{"type":"Feature","properties":{"code":"1102062014","desa":"Lawe Mantik","kecamatan":"Babul Makmur","kecCode":"110206"},"geometry":{"type":"Polygon","coordinates":[[[97.9487489544008,3.295065410697793],[97.96565735460331,3.313303969340714],[98.01367298512025,3.3510077169299692],[97.97810669486813,3.3143318971362072],[97.9487489544008,3.295065410697793]]]}},{"type":"Feature","properties":{"code":"1102062015","desa":"Cinta Makmur","kecamatan":"Babul Makmur","kecCode":"110206"},"geometry":{"type":"Polygon","coordinates":[[[97.94913053404694,3.293154965588927],[97.97730719577055,3.3037670907269057],[98.00894450898198,3.3387166132916675],[98.01807626370868,3.3456380088901487],[98.02279820986955,3.342841320576622],[97.98946227606325,3.3037036372613557],[97.97190637477945,3.2940982797704854],[97.95166576786094,3.289019969160415],[97.94913053404694,3.293154965588927]]]}},{"type":"Feature","properties":{"code":"1102062016","desa":"Muara Setia","kecamatan":"Babul Makmur","kecCode":"110206"},"geometry":{"type":"Polygon","coordinates":[[[97.90957024577027,3.299377832573946],[97.92866058741623,3.300900652794279],[97.9342120889168,3.2737940215574697],[97.9168001403143,3.2769188518007843],[97.91759140881652,3.2901962787981294],[97.90957024577027,3.299377832573946]]]}},{"type":"Feature","properties":{"code":"1102062017","desa":"Tanoh Alas","kecamatan":"Babul Makmur","kecCode":"110206"},"geometry":{"type":"Polygon","coordinates":[[[97.96611196999146,3.287339649771035],[97.9802409515587,3.289405029182488],[97.98244589855943,3.2889327654989855],[97.96394432776856,3.2734055378163194],[97.96611196999146,3.287339649771035]]]}},{"type":"Feature","properties":{"code":"1102062018","desa":"Sejahtera Baru","kecamatan":"Babul Makmur","kecCode":"110206"},"geometry":{"type":"Polygon","coordinates":[[[97.96609032061184,3.2913864263041717],[97.96394432776856,3.2734055378163194],[97.95019665155428,3.268917740946868],[97.95185168830484,3.285183650173621],[97.96609032061184,3.2913864263041717]]]}},{"type":"Feature","properties":{"code":"1102062024","desa":"Lawe Tawakh","kecamatan":"Babul Makmur","kecCode":"110206"},"geometry":{"type":"Polygon","coordinates":[[[98.02500282591973,3.3369609693857525],[98.00797765504478,3.3118439325909446],[97.98017853860874,3.2929515254524917],[97.96609032061184,3.2913864263041717],[97.96560313177918,3.296365382512631],[97.97452378144743,3.29494536649325],[98.00134054503019,3.3123458406270943],[98.02500282591973,3.3369609693857525]]]}},{"type":"Feature","properties":{"code":"1102062025","desa":"Sabilussalam","kecamatan":"Babul Makmur","kecCode":"110206"},"geometry":{"type":"Polygon","coordinates":[[[97.93818474243199,3.3199625992253843],[97.95940809700613,3.328607353967709],[97.97896726602659,3.3460725981745436],[97.99486206643127,3.37291592860099],[98.00385517357745,3.368512639225426],[97.95664119063848,3.316003969742463],[97.93818474243199,3.3199625992253843]]]}},{"type":"Feature","properties":{"code":"1102062026","desa":"Lawe Desky Jaya","kecamatan":"Babul Makmur","kecCode":"110206"},"geometry":{"type":"Polygon","coordinates":[[[97.94473078080097,3.313959921350572],[97.9515150432847,3.3142428138917484],[97.95435151221255,3.3163513616606672],[97.95627031022666,3.316152437919579],[97.9503797975896,3.3121132174902623],[97.94473078080097,3.313959921350572]]]}},{"type":"Feature","properties":{"code":"1102062027","desa":"Pintu Alas","kecamatan":"Babul Makmur","kecCode":"110206"},"geometry":{"type":"Polygon","coordinates":[[[97.9799249450802,3.2857580714454975],[98.00731933691792,3.3069541405659724],[98.02925492037832,3.330754166091111],[98.00985398167596,3.3065481056558412],[97.9799249450802,3.2857580714454975]]]}},{"type":"Feature","properties":{"code":"1102072001","desa":"Gulo","kecamatan":"Darul Hasanah","kecCode":"110207"},"geometry":{"type":"Polygon","coordinates":[[[97.44604392059051,3.5267492478879476],[97.45342837711796,3.53784286465305],[97.46296557769932,3.5255902870717772],[97.5070522320749,3.5063566276865177],[97.53026054239017,3.5095089385136515],[97.54012864312244,3.5188288107180035],[97.58083455796856,3.5093261962741167],[97.61797699284396,3.512935361800782],[97.6530635730255,3.5058540865277186],[97.7004395940121,3.518783125158121],[97.72360888094516,3.5145019987898056],[97.7761867470208,3.5270157125132946],[97.7800246272348,3.515362299251411],[97.7681143576915,3.510449301120281],[97.76423107790197,3.5008553137579503],[97.7535520566821,3.503539345797539],[97.72745412840538,3.4950303940798997],[97.69410360309888,3.5003413512091774],[97.65875433004832,3.490290508247929],[97.62607719190895,3.501307411943279],[97.60704150386236,3.4966674632735253],[97.54398578681467,3.507018117721601],[97.53339718613131,3.499641789274708],[97.51781171563823,3.499522816162683],[97.47367271532363,3.510349363958053],[97.44604392059051,3.5267492478879476]]]}},{"type":"Feature","properties":{"code":"1102072002","desa":"Pulo Piku","kecamatan":"Darul Hasanah","kecCode":"110207"},"geometry":{"type":"Polygon","coordinates":[[[97.76144307074115,3.5398196338634635],[97.76697326100725,3.534008217505919],[97.75773818766731,3.5310527367981637],[97.76144307074115,3.5398196338634635]]]}},{"type":"Feature","properties":{"code":"1102072003","desa":"Terutung Kute","kecamatan":"Darul Hasanah","kecCode":"110207"},"geometry":{"type":"Polygon","coordinates":[[[97.47836433004983,3.540906236127176],[97.50450806889233,3.5431578102755807],[97.58934523279629,3.5237057910011518],[97.60333646430644,3.5281791780335308],[97.64749925978305,3.5256093598937204],[97.70597782511658,3.5405806950366876],[97.76514841336864,3.5431471020480254],[97.67029571387616,3.5234726867270587],[97.65854117633427,3.5257569701176092],[97.65525752041827,3.5208076915365702],[97.58463511721692,3.518142695446723],[97.53728384287511,3.529659285852686],[97.52638591228009,3.521949832332502],[97.50977727410196,3.5288026798060717],[97.48755310808951,3.524234114823725],[97.47836433004983,3.540906236127176]]]}},{"type":"Feature","properties":{"code":"1102072004","desa":"Kute Ujung","kecamatan":"Darul Hasanah","kecCode":"110207"},"geometry":{"type":"Polygon","coordinates":[[[97.48424577032608,3.543759478307523],[97.48400493727809,3.5598147914924163],[97.50139335961592,3.5750163809579236],[97.50550982821606,3.568901166418961],[97.53637143659255,3.5723989733934363],[97.57217122142481,3.5409615354397532],[97.6240672655919,3.5332758761821865],[97.64919437392126,3.53322828585822],[97.67348823429461,3.5549099151387535],[97.69575821267141,3.549295275840557],[97.74484467494187,3.557943856298957],[97.77600774326282,3.5524301470145936],[97.77557319624606,3.5460136317115247],[97.76358956001023,3.5446536391433927],[97.76289951560021,3.5490032938515204],[97.70600544689393,3.548176168480918],[97.69452692657649,3.541551748806729],[97.68490438662819,3.546148868163359],[97.66796262517506,3.529035784080171],[97.63312731467391,3.5246575758971352],[97.58344417021232,3.523896147800483],[97.48424577032608,3.543759478307523]]]}},{"type":"Feature","properties":{"code":"1102072005","desa":"Lawe Stul","kecamatan":"Darul Hasanah","kecCode":"110207"},"geometry":{"type":"Polygon","coordinates":[[[97.45342837711796,3.53784286465305],[97.46761431544837,3.5362445625348213],[97.4717545774119,3.5244424364801916],[97.50473390664455,3.511831292004986],[97.54199626611482,3.523681008383536],[97.58044835580704,3.5130686125495276],[97.62618159690324,3.5178275343312775],[97.655306198922,3.511117454232339],[97.7009918505935,3.528201983941278],[97.77914627737886,3.5274857440795238],[97.72360888094516,3.5145019987898056],[97.7004395940121,3.518783125158121],[97.6530635730255,3.5058540865277186],[97.61797699284396,3.512935361800782],[97.58083455796856,3.5093261962741167],[97.54012864312244,3.5188288107180035],[97.53026054239017,3.5095089385136515],[97.5070522320749,3.5063566276865177],[97.46296557769932,3.5255902870717772],[97.45342837711796,3.53784286465305]]]}},{"type":"Feature","properties":{"code":"1102072006","desa":"Kite Merangun","kecamatan":"Darul Hasanah","kecCode":"110207"},"geometry":{"type":"Polygon","coordinates":[[[97.77833234775972,3.5390332441841275],[97.76698922936946,3.5341612236620144],[97.76500051895884,3.539619213650459],[97.77833234775972,3.5390332441841275]]]}},{"type":"Feature","properties":{"code":"1102072007","desa":"Mamas","kecamatan":"Darul Hasanah","kecCode":"110207"},"geometry":{"type":"Polygon","coordinates":[[[97.7731061400364,3.555380679652413],[97.76265241068027,3.5532212590339314],[97.7620819734044,3.557573921974323],[97.76469620636486,3.5555948819756966],[97.7731061400364,3.555380679652413]]]}},{"type":"Feature","properties":{"code":"1102072008","desa":"Tanjung Lama","kecamatan":"Darul Hasanah","kecCode":"110207"},"geometry":{"type":"Polygon","coordinates":[[[97.80323129089139,3.5943256094753187],[97.75935367133489,3.564317035970575],[97.75569980320341,3.564843870515784],[97.76260446332537,3.575674476052262],[97.7872093065643,3.590913447637208],[97.80323129089139,3.5943256094753187]]]}},{"type":"Feature","properties":{"code":"1102072009","desa":"Tanjung Muda","kecamatan":"Darul Hasanah","kecCode":"110207"},"geometry":{"type":"Polygon","coordinates":[[[97.75875220295188,3.5677050932799994],[97.7630699632083,3.563732994650744],[97.75843049207361,3.5610759062996498],[97.75875220295188,3.5677050932799994]]]}},{"type":"Feature","properties":{"code":"1102072010","desa":"Rambung Teldak","kecamatan":"Darul Hasanah","kecCode":"110207"},"geometry":{"type":"Polygon","coordinates":[[[97.57087474887061,3.548230528001902],[97.54167763541459,3.564189833162594],[97.55097300919711,3.567461331140336],[97.58603032903652,3.569775754409886],[97.61464096940529,3.5605815174952276],[97.70121527816264,3.5694902187612123],[97.73711999858915,3.591393764749616],[97.74094444203244,3.576077725761999],[97.74567470242562,3.575957305640881],[97.73934058839751,3.5650771114868705],[97.71992418585256,3.5607940821531328],[97.66957479214301,3.560603725353818],[97.65091981679615,3.5432812494208314],[97.6324552000475,3.5515617733390292],[97.6177977201887,3.5459462455106783],[97.59019597166683,3.5534653422315823],[97.57087474887061,3.548230528001902]]]}},{"type":"Feature","properties":{"code":"1102072011","desa":"Tanjung Aman","kecamatan":"Darul Hasanah","kecCode":"110207"},"geometry":{"type":"Polygon","coordinates":[[[97.75637265437456,3.5631281924815807],[97.75933589623469,3.564319596340448],[97.75905658569292,3.5620937868693416],[97.75637265437456,3.5631281924815807]]]}},{"type":"Feature","properties":{"code":"1102072012","desa":"Sri Muda","kecamatan":"Darul Hasanah","kecCode":"110207"},"geometry":{"type":"Polygon","coordinates":[[[97.70342341775658,3.57573392393738],[97.63999650463505,3.565321403327245],[97.67650695533176,3.578741562625753],[97.69965435096759,3.578741562625753],[97.72748452728916,3.5944269702644167],[97.7320866387874,3.604179573753841],[97.73843554126726,3.5996587510807943],[97.70342341775658,3.57573392393738]]]}},{"type":"Feature","properties":{"code":"1102072013","desa":"Ujung Baru","kecamatan":"Darul Hasanah","kecCode":"110207"},"geometry":{"type":"Polygon","coordinates":[[[97.77557319624606,3.5460136317115247],[97.75155061187132,3.540206067150296],[97.73870017307455,3.5437501370493902],[97.76521877632554,3.547856156422328],[97.77557319624606,3.5460136317115247]]]}},{"type":"Feature","properties":{"code":"1102072014","desa":"Kute Rambe","kecamatan":"Darul Hasanah","kecCode":"110207"},"geometry":{"type":"Polygon","coordinates":[[[97.77593775712188,3.5449813395060854],[97.77833234775972,3.5390332441841275],[97.76505473009178,3.5395777198306018],[97.76514841336864,3.5431471020480254],[97.77593775712188,3.5449813395060854]]]}},{"type":"Feature","properties":{"code":"1102072015","desa":"Mamas Baru","kecamatan":"Darul Hasanah","kecCode":"110207"},"geometry":{"type":"Polygon","coordinates":[[[97.76265241068027,3.5532212590339314],[97.74484467494187,3.557943856298957],[97.73551718816775,3.5533990846799246],[97.72512038140052,3.553697468942573],[97.74445226386091,3.5593366012766294],[97.75796288238114,3.5596875248325586],[97.76265241068027,3.5532212590339314]]]}},{"type":"Feature","properties":{"code":"1102072016","desa":"Rambung Jaya","kecamatan":"Darul Hasanah","kecCode":"110207"},"geometry":{"type":"Polygon","coordinates":[[[97.74522373288903,3.5720492486338062],[97.73711999858915,3.591393764749616],[97.70121527816264,3.5694902187612123],[97.66500939906454,3.5689762553130815],[97.70342341775658,3.57573392393738],[97.7385030182997,3.597758041133055],[97.74522373288903,3.5720492486338062]]]}},{"type":"Feature","properties":{"code":"1102072017","desa":"Makmur Jaya","kecamatan":"Darul Hasanah","kecCode":"110207"},"geometry":{"type":"Polygon","coordinates":[[[97.54167763541459,3.564189833162594],[97.53708527526533,3.5719944646328132],[97.64467127056275,3.5796983783291667],[97.68907677237517,3.589235257842388],[97.72840341408636,3.6084935559536975],[97.73160692781755,3.6038408504007693],[97.69421656244447,3.5804293940522367],[97.67518087439788,3.58245193605675],[97.64412890832251,3.571744361373397],[97.57869372993173,3.5734099840419593],[97.56322723434943,3.5652008429118176],[97.54167763541459,3.564189833162594]]]}},{"type":"Feature","properties":{"code":"1102072018","desa":"Darul Makmur","kecamatan":"Darul Hasanah","kecCode":"110207"},"geometry":{"type":"Polygon","coordinates":[[[97.46911678760972,3.578309493241749],[97.46922178615652,3.5852216779838457],[97.48768605306894,3.5789539240368597],[97.49848880571385,3.586663376657718],[97.51533539011619,3.579572583859457],[97.55730908194863,3.5924216727600236],[97.5684925490919,3.5869489132056893],[97.58176994103002,3.5926120304587266],[97.63259522808737,3.5906608721414783],[97.64206548313558,3.6005118398788927],[97.65715126601815,3.599512467356951],[97.66833473316147,3.610838700963643],[97.68351569399412,3.6127422698562133],[97.70528980687914,3.632642940214581],[97.72062467858609,3.620142258566767],[97.66315524072182,3.5925341419750074],[97.64281560765426,3.59200114347648],[97.63360233477998,3.5816837999170117],[97.55540372879909,3.583206655210909],[97.52116994693556,3.5733100010142698],[97.49798447940026,3.5806768119359793],[97.48108078804796,3.57185377109478],[97.46911678760972,3.578309493241749]]]}},{"type":"Feature","properties":{"code":"1102072019","desa":"Tanjung Bakhu","kecamatan":"Darul Hasanah","kecCode":"110207"},"geometry":{"type":"Polygon","coordinates":[[[97.75182370180242,3.558936840037082],[97.71338145339145,3.556273759503228],[97.69575821267141,3.549295275840557],[97.67348823429461,3.5549099151387535],[97.64919437392126,3.53322828585822],[97.6240672655919,3.5332758761821865],[97.57217122142481,3.5409615354397532],[97.54699921893888,3.5584984888885587],[97.57087474887061,3.548230528001902],[97.59019597166683,3.5534653422315823],[97.6177977201887,3.5459462455106783],[97.6324552000475,3.5515617733390292],[97.65091981679615,3.5432812494208314],[97.66957479214301,3.560603725353818],[97.73934058839751,3.5650771114868705],[97.75292210317258,3.5785250229643837],[97.7872093065643,3.590913447637208],[97.75704777093796,3.5710731856399733],[97.75182370180242,3.558936840037082]]]}},{"type":"Feature","properties":{"code":"1102072020","desa":"Pulo Gabung","kecamatan":"Darul Hasanah","kecCode":"110207"},"geometry":{"type":"Polygon","coordinates":[[[97.45728300090981,3.5394659961536017],[97.48184240230505,3.539795790138023],[97.48755310808951,3.524234114823725],[97.50977727410196,3.5288026798060717],[97.52638591228009,3.521949832332502],[97.53728384287511,3.529659285852686],[97.58463511721692,3.518142695446723],[97.65525752041827,3.5208076915365702],[97.69818299714767,3.5323718722665447],[97.72129817097385,3.525507641174451],[97.76887500877466,3.5348371846880657],[97.77756430604795,3.529845020136735],[97.73589378467051,3.524198936942565],[97.71463092108019,3.5246557943401253],[97.7009918505935,3.528201983941278],[97.655306198922,3.511117454232339],[97.62618159690324,3.5178275343312775],[97.58044835580704,3.5130686125495276],[97.54375706673527,3.5237285969089194],[97.50473390664455,3.511831292004986],[97.4717545774119,3.5244424364801916],[97.46761431544837,3.5362445625348213],[97.45728300090981,3.5394659961536017]]]}},{"type":"Feature","properties":{"code":"1102072021","desa":"Kokhtan Jaya","kecamatan":"Darul Hasanah","kecCode":"110207"},"geometry":{"type":"Polygon","coordinates":[[[97.7648233102476,3.548080063329835],[97.70597782511658,3.5405806950366876],[97.66796262517506,3.529035784080171],[97.68490438662819,3.546148868163359],[97.69452692657649,3.541551748806729],[97.70600544689393,3.548176168480918],[97.7648233102476,3.548080063329835]]]}},{"type":"Feature","properties":{"code":"1102072022","desa":"Istiqamah","kecamatan":"Darul Hasanah","kecCode":"110207"},"geometry":{"type":"Polygon","coordinates":[[[97.76144307074115,3.5398196338634635],[97.75886510114357,3.5315705079758746],[97.73277669129135,3.5262500333213636],[97.69818299714767,3.5323718722665447],[97.76144307074115,3.5398196338634635]]]}},{"type":"Feature","properties":{"code":"1102072023","desa":"Lawe Mamas Indah","kecamatan":"Darul Hasanah","kecCode":"110207"},"geometry":{"type":"Polygon","coordinates":[[[97.75861525509004,3.559638103488837],[97.76933029775512,3.559380623090754],[97.77016703508065,3.5563144520270766],[97.75861525509004,3.559638103488837]]]}},{"type":"Feature","properties":{"code":"1102072024","desa":"Tanjung Leuser","kecamatan":"Darul Hasanah","kecCode":"110207"},"geometry":{"type":"Polygon","coordinates":[[[97.75550509098724,3.56406345233495],[97.75861525509004,3.559638103488837],[97.75182370180242,3.558936840037082],[97.75550509098724,3.56406345233495]]]}},{"type":"Feature","properties":{"code":"1102072025","desa":"Simpang Iv Tanjung","kecamatan":"Darul Hasanah","kecCode":"110207"},"geometry":{"type":"Polygon","coordinates":[[[97.7601101072957,3.5611037798871097],[97.76509797129437,3.5628491373475657],[97.76542983641787,3.5607905109452567],[97.7601101072957,3.5611037798871097]]]}},{"type":"Feature","properties":{"code":"1102072026","desa":"Lawe Pinis","kecamatan":"Darul Hasanah","kecCode":"110207"},"geometry":{"type":"Polygon","coordinates":[[[97.67650695533176,3.578741562625753],[97.61464096940529,3.5605815174952276],[97.58603032903652,3.569775754409886],[97.56322723434943,3.5652008429118176],[97.57869372993173,3.5734099840419593],[97.64412890832251,3.571744361373397],[97.67518087439788,3.58245193605675],[97.69421656244447,3.5804293940522367],[97.7205679025867,3.5987107928001687],[97.7334672770932,3.6008796688905784],[97.69965435096759,3.578741562625753],[97.67650695533176,3.578741562625753]]]}},{"type":"Feature","properties":{"code":"1102072027","desa":"Buntul Kendawi","kecamatan":"Darul Hasanah","kecCode":"110207"},"geometry":{"type":"Polygon","coordinates":[[[97.46922178615652,3.5852216779838457],[97.49791102907078,3.5910179947242526],[97.50766681886864,3.587448804062439],[97.55727858144142,3.601844543418914],[97.6334213327284,3.6008927594223246],[97.69864978575907,3.635974969760463],[97.70529500496059,3.6326699477548523],[97.68351569399412,3.6127422698562133],[97.66833473316147,3.610838700963643],[97.65715126601815,3.599512467356951],[97.64206548313558,3.6005118398788927],[97.63259522808737,3.5906608721414783],[97.58176994103002,3.5926120304587266],[97.5684925490919,3.5869489132056893],[97.55730908194863,3.5924216727600236],[97.51533539011619,3.579572583859457],[97.49848880571385,3.586663376657718],[97.48768605306894,3.5789539240368597],[97.46922178615652,3.5852216779838457]]]}},{"type":"Feature","properties":{"code":"1102072028","desa":"Kuning Abadi","kecamatan":"Darul Hasanah","kecCode":"110207"},"geometry":{"type":"Polygon","coordinates":[[[97.48415267430653,3.559144069017321],[97.47315199976504,3.566342995398953],[97.46911678760972,3.578309493241749],[97.48108078804796,3.57185377109478],[97.49798447940026,3.5806768119359793],[97.52116994693556,3.5733100010142698],[97.55540372879909,3.583206655210909],[97.63360233477998,3.5816837999170117],[97.64281560765426,3.59200114347648],[97.66315524072182,3.5925341419750074],[97.72062467858609,3.620142258566767],[97.7286841023895,3.6128271020053413],[97.68907677237517,3.589235257842388],[97.64003132188805,3.579008333919885],[97.5178830246819,3.5684490682336425],[97.50025121881872,3.5749212021086283],[97.48415267430653,3.559144069017321]]]}},{"type":"Feature","properties":{"code":"1102082001","desa":"Pasir Gala","kecamatan":"Lawe Bulan","kecCode":"110208"},"geometry":{"type":"Polygon","coordinates":[[[97.8200567547155,3.4834809505403244],[97.81323167380276,3.486299849410397],[97.82071202324134,3.4883062305977512],[97.8200567547155,3.4834809505403244]]]}},{"type":"Feature","properties":{"code":"1102082002","desa":"Pasir Penjengakan","kecamatan":"Lawe Bulan","kecCode":"110208"},"geometry":{"type":"Polygon","coordinates":[[[97.82020901893117,3.4800064162217814],[97.82748368172655,3.4843607905719547],[97.82734015532394,3.4797093989285743],[97.82020901893117,3.4800064162217814]]]}},{"type":"Feature","properties":{"code":"1102082003","desa":"Kutambaru","kecamatan":"Lawe Bulan","kecCode":"110208"},"geometry":{"type":"Polygon","coordinates":[[[97.83232327090228,3.4874259840725284],[97.83821938091972,3.4821004651207224],[97.83199042641712,3.483574491724216],[97.83232327090228,3.4874259840725284]]]}},{"type":"Feature","properties":{"code":"1102082004","desa":"Lawe Sagu Hulu","kecamatan":"Lawe Bulan","kecCode":"110208"},"geometry":{"type":"Polygon","coordinates":[[[97.91252143941296,3.533833122201652],[97.92117830443527,3.5187866073330243],[97.91229618442144,3.5137992028932015],[97.82861505134359,3.490866615748696],[97.82854461040348,3.4958606597251554],[97.85290483688878,3.500493257494437],[97.86564549544335,3.512574044779974],[97.88408952491169,3.5154620295695413],[97.91252143941296,3.533833122201652]]]}},{"type":"Feature","properties":{"code":"1102082005","desa":"Lawe Sagu Hilir","kecamatan":"Lawe Bulan","kecCode":"110208"},"geometry":{"type":"Polygon","coordinates":[[[97.82036429767423,3.492045295099964],[97.82861505134359,3.4909433243218304],[97.82028571941048,3.4911023523383977],[97.82036429767423,3.492045295099964]]]}},{"type":"Feature","properties":{"code":"1102082006","desa":"Kute Bantil","kecamatan":"Lawe Bulan","kecCode":"110208"},"geometry":{"type":"Polygon","coordinates":[[[97.82167836186697,3.4981663093668356],[97.8285520268546,3.4959608515535154],[97.82032811974697,3.4949621049597654],[97.82167836186697,3.4981663093668356]]]}},{"type":"Feature","properties":{"code":"1102082011","desa":"Lawe Kolok","kecamatan":"Lawe Bulan","kecCode":"110208"},"geometry":{"type":"Polygon","coordinates":[[[97.83869220398206,3.485073684955762],[97.83800519478399,3.489334332861803],[97.92369791792464,3.5125075057405524],[97.92103365657806,3.4988076860643007],[97.90081609658563,3.4993136491434833],[97.8858201173046,3.4876470662095755],[97.86701559639272,3.4929654355511444],[97.83869220398206,3.485073684955762]]]}},{"type":"Feature","properties":{"code":"1102082012","desa":"Lawe Rutung","kecamatan":"Lawe Bulan","kecCode":"110208"},"geometry":{"type":"Polygon","coordinates":[[[97.82062060895402,3.490879092043391],[97.81134359662974,3.4899484529067535],[97.81401523871232,3.490982868411492],[97.82062060895402,3.490879092043391]]]}},{"type":"Feature","properties":{"code":"1102082013","desa":"Kampung Nangka","kecamatan":"Lawe Bulan","kecCode":"110208"},"geometry":{"type":"Polygon","coordinates":[[[97.83827431870492,3.482228653585771],[97.84864184264698,3.486961708167474],[97.85031027030277,3.483057394138762],[97.84439357300504,3.480618094607344],[97.83827431870492,3.482228653585771]]]}},{"type":"Feature","properties":{"code":"1102082014","desa":"Tenembak Juhar","kecamatan":"Lawe Bulan","kecCode":"110208"},"geometry":{"type":"Polygon","coordinates":[[[97.87867721598082,3.487684365591408],[97.90081609658563,3.4993136491434833],[97.91744187134532,3.498616079207328],[97.88280835522146,3.4832304578744577],[97.84574492039182,3.4810243714351],[97.87867721598082,3.487684365591408]]]}},{"type":"Feature","properties":{"code":"1102082015","desa":"Simpang Empat","kecamatan":"Lawe Bulan","kecCode":"110208"},"geometry":{"type":"Polygon","coordinates":[[[97.82542862563064,3.4830514505193833],[97.82115770926094,3.487539515386823],[97.82775643441197,3.4877431848504132],[97.82542862563064,3.4830514505193833]]]}},{"type":"Feature","properties":{"code":"1102082016","desa":"Kuta Buluh Botong","kecamatan":"Lawe Bulan","kecCode":"110208"},"geometry":{"type":"Polygon","coordinates":[[[97.83074064126764,3.4775270815708605],[97.82771099076967,3.4877112796022143],[97.83234124385336,3.487428074097014],[97.83074064126764,3.4775270815708605]]]}},{"type":"Feature","properties":{"code":"1102082017","desa":"Katambaru Becawan","kecamatan":"Lawe Bulan","kecCode":"110208"},"geometry":{"type":"Polygon","coordinates":[[[97.83213307328275,3.4834793947132043],[97.84439357300504,3.480618094607344],[97.84267943730622,3.4765177994192897],[97.83074064126764,3.4775270815708605],[97.83213307328275,3.4834793947132043]]]}},{"type":"Feature","properties":{"code":"1102082018","desa":"Lawe Kinge","kecamatan":"Lawe Bulan","kecCode":"110208"},"geometry":{"type":"Polygon","coordinates":[[[97.84864184264698,3.486961708167474],[97.86701559639272,3.4929654355511444],[97.87867721598082,3.487684365591408],[97.85506519820039,3.482240141525538],[97.84864184264698,3.486961708167474]]]}},{"type":"Feature","properties":{"code":"1102082019","desa":"Kandang Mbelang Mandiri","kecamatan":"Lawe Bulan","kecCode":"110208"},"geometry":{"type":"Polygon","coordinates":[[[97.83806906733366,3.487528321525359],[97.82882133243862,3.49087219154535],[97.92117830443527,3.5187866073330243],[97.922742151729,3.5148111515346843],[97.83806906733366,3.487528321525359]]]}},{"type":"Feature","properties":{"code":"1102082020","desa":"Mbacang Racun","kecamatan":"Lawe Bulan","kecCode":"110208"},"geometry":{"type":"Polygon","coordinates":[[[97.86564549544335,3.512574044779974],[97.85290483688878,3.500493257494437],[97.82854461040348,3.4958606597251554],[97.85331680192894,3.512852802238407],[97.86564549544335,3.512574044779974]]]}},{"type":"Feature","properties":{"code":"1102082021","desa":"Telaga Mekar","kecamatan":"Lawe Bulan","kecCode":"110208"},"geometry":{"type":"Polygon","coordinates":[[[97.81965470380158,3.4950075791789184],[97.82058208559482,3.4909047730837597],[97.81401523871232,3.490982868411492],[97.81965470380158,3.4950075791789184]]]}},{"type":"Feature","properties":{"code":"1102082023","desa":"Pulonas Baru","kecamatan":"Lawe Bulan","kecCode":"110208"},"geometry":{"type":"Polygon","coordinates":[[[97.81134359662974,3.4899484529067535],[97.81370300399048,3.496888886253606],[97.81337004978803,3.4902742125324715],[97.81134359662974,3.4899484529067535]]]}},{"type":"Feature","properties":{"code":"1102082025","desa":"Kuta Genting","kecamatan":"Lawe Bulan","kecCode":"110208"},"geometry":{"type":"Polygon","coordinates":[[[97.82049632084858,3.4976409569043265],[97.81868314371219,3.493893142897937],[97.81449676181614,3.4939788680739134],[97.81370865622955,3.496870040060842],[97.82049632084858,3.4976409569043265]]]}},{"type":"Feature","properties":{"code":"1102082026","desa":"Pangguh","kecamatan":"Lawe Bulan","kecCode":"110208"},"geometry":{"type":"Polygon","coordinates":[[[97.82437180621393,3.487291289012571],[97.82052091640723,3.490869365875459],[97.82958056708956,3.488024401055316],[97.82437180621393,3.487291289012571]]]}},{"type":"Feature","properties":{"code":"1102082027","desa":"Lawe Sagu","kecamatan":"Lawe Bulan","kecCode":"110208"},"geometry":{"type":"Polygon","coordinates":[[[97.8202262085727,3.491864297545191],[97.82877220877047,3.4944026547019194],[97.82836150188187,3.493588462481577],[97.8202262085727,3.491864297545191]]]}},{"type":"Feature","properties":{"code":"1102082028","desa":"Pekhapet Timur","kecamatan":"Lawe Bulan","kecCode":"110208"},"geometry":{"type":"Polygon","coordinates":[[[97.81473923342895,3.4828724782377947],[97.82003056825617,3.483477747155171],[97.82039711483502,3.4746613630958167],[97.8182715905615,3.476561700724238],[97.81473923342895,3.4828724782377947]]]}},{"type":"Feature","properties":{"code":"1102082029","desa":"Bahagia","kecamatan":"Lawe Bulan","kecCode":"110208"},"geometry":{"type":"Polygon","coordinates":[[[97.82716398532972,3.469340990964044],[97.82039711483502,3.4746613630958167],[97.82053105086736,3.4766322984041085],[97.82728304657542,3.4785342692013637],[97.82716398532972,3.469340990964044]]]}},{"type":"Feature","properties":{"code":"1102082030","desa":"Kute Galuh Asli","kecamatan":"Lawe Bulan","kecCode":"110208"},"geometry":{"type":"Polygon","coordinates":[[[97.82043349870708,3.4765889510815495],[97.82734015532394,3.4797093989285743],[97.82725187877122,3.4784986470551256],[97.82043349870708,3.4765889510815495]]]}},{"type":"Feature","properties":{"code":"1102092001","desa":"Kute Lengat Pangan","kecamatan":"Bukit Tusam","kecCode":"110209"},"geometry":{"type":"Polygon","coordinates":[[[97.85712679776356,3.411852260005611],[97.84916676883135,3.4189551756650443],[97.85708550359315,3.416466139127936],[97.85712679776356,3.411852260005611]]]}},{"type":"Feature","properties":{"code":"1102092002","desa":"Kute Lengat Selian","kecamatan":"Bukit Tusam","kecCode":"110209"},"geometry":{"type":"Polygon","coordinates":[[[97.86084386125526,3.41225785334869],[97.85363092792504,3.419251147046701],[97.86022533633025,3.419774677482719],[97.86084386125526,3.41225785334869]]]}},{"type":"Feature","properties":{"code":"1102092003","desa":"Tualang Baru","kecamatan":"Bukit Tusam","kecCode":"110209"},"geometry":{"type":"Polygon","coordinates":[[[97.8668195999446,3.405124788817069],[97.87049467768729,3.3984087615014884],[97.86495053264105,3.392436314337197],[97.85141066007395,3.404637894063175],[97.8668195999446,3.405124788817069]]]}},{"type":"Feature","properties":{"code":"1102092004","desa":"Alur Buluh","kecamatan":"Bukit Tusam","kecCode":"110209"},"geometry":{"type":"Polygon","coordinates":[[[97.85735503940361,3.3998149126729094],[97.86463285522215,3.3929621245546255],[97.85364203275368,3.3892244935717253],[97.85509881665712,3.395396901395455],[97.85735503940361,3.3998149126729094]]]}},{"type":"Feature","properties":{"code":"1102092005","desa":"Maha Singkil","kecamatan":"Bukit Tusam","kecCode":"110209"},"geometry":{"type":"Polygon","coordinates":[[[97.87023761727225,3.397570009695445],[97.86201862406027,3.4095467634067345],[97.87552206599058,3.413394082001533],[97.87973844477345,3.402366932330147],[97.87023761727225,3.397570009695445]]]}},{"type":"Feature","properties":{"code":"1102092006","desa":"Tenembak Bintang","kecamatan":"Bukit Tusam","kecCode":"110209"},"geometry":{"type":"Polygon","coordinates":[[[97.86084386125526,3.41225785334869],[97.86022603060688,3.419765963052109],[97.86098923666401,3.419851716107076],[97.86758194894786,3.4112020294826038],[97.86084386125526,3.41225785334869]]]}},{"type":"Feature","properties":{"code":"1102092007","desa":"Kute Lingga","kecamatan":"Bukit Tusam","kecCode":"110209"},"geometry":{"type":"Polygon","coordinates":[[[97.86889624156832,3.421335065982207],[97.86470213719394,3.4152611653986398],[97.86098923666401,3.419851716107076],[97.86889624156832,3.421335065982207]]]}},{"type":"Feature","properties":{"code":"1102092008","desa":"Rikit Bur","kecamatan":"Bukit Tusam","kecCode":"110209"},"geometry":{"type":"Polygon","coordinates":[[[97.86730191804912,3.4300295253546524],[97.89106103343998,3.45149286399376],[97.92760578967551,3.454571558116885],[97.9008130586758,3.4478138894926347],[97.86730191804912,3.4300295253546524]]]}},{"type":"Feature","properties":{"code":"1102092010","desa":"Kerukunan","kecamatan":"Bukit Tusam","kecCode":"110209"},"geometry":{"type":"Polygon","coordinates":[[[97.88349032461882,3.430353934198666],[97.87988411605915,3.4242239671808825],[97.8711707987934,3.4244129084473323],[97.8792829165734,3.4314320432649805],[97.88349032461882,3.430353934198666]]]}},{"type":"Feature","properties":{"code":"1102092011","desa":"Lawe Dua","kecamatan":"Bukit Tusam","kecCode":"110209"},"geometry":{"type":"Polygon","coordinates":[[[97.87202555493548,3.423089591131475],[97.89205664230023,3.4388671154278496],[97.90742795993248,3.4439591622828774],[97.92803409179992,3.445434428152102],[97.89166643725633,3.4376047487643127],[97.88855065778671,3.42575762333255],[97.87522789505135,3.41713112752574],[97.87202555493548,3.423089591131475]]]}},{"type":"Feature","properties":{"code":"1102092012","desa":"Rema","kecamatan":"Bukit Tusam","kecCode":"110209"},"geometry":{"type":"Polygon","coordinates":[[[97.87965914255545,3.406130022220754],[97.87522789505135,3.41713112752574],[97.88705706373257,3.422531043793057],[97.88282393957319,3.4156153561915494],[97.88691815444935,3.4084784740378486],[97.87965914255545,3.406130022220754]]]}},{"type":"Feature","properties":{"code":"1102092013","desa":"Bambel Baru","kecamatan":"Bukit Tusam","kecCode":"110209"},"geometry":{"type":"Polygon","coordinates":[[[97.84166213230161,3.3994259163182314],[97.85542858186362,3.4033452733067633],[97.85267479030936,3.3878617014140633],[97.84697202643792,3.387446739833303],[97.84166213230161,3.3994259163182314]]]}},{"type":"Feature","properties":{"code":"1102092014","desa":"Pejuang","kecamatan":"Bukit Tusam","kecCode":"110209"},"geometry":{"type":"Polygon","coordinates":[[[97.88779839827752,3.4251314910430524],[97.89952814960446,3.43820086618056],[97.9204674056463,3.437629795782578],[97.89219196508719,3.4239993875804378],[97.88779839827752,3.4251314910430524]]]}},{"type":"Feature","properties":{"code":"1102092015","desa":"Darussalam","kecamatan":"Bukit Tusam","kecCode":"110209"},"geometry":{"type":"Polygon","coordinates":[[[97.88517554981182,3.4231880390164475],[97.9217523147176,3.4400092571231338],[97.92720855013454,3.438516240435352],[97.91456634306235,3.4265890960259537],[97.89191935809197,3.4195351799282294],[97.88517554981182,3.4231880390164475]]]}},{"type":"Feature","properties":{"code":"1102092016","desa":"Amaliah","kecamatan":"Bukit Tusam","kecCode":"110209"},"geometry":{"type":"Polygon","coordinates":[[[97.88424401494937,3.413345668797843],[97.88861738208657,3.4200466486569443],[97.91456634306235,3.4265890960259537],[97.93154816571536,3.440298397254537],[97.92106600878934,3.422083328004076],[97.88424401494937,3.413345668797843]]]}},{"type":"Feature","properties":{"code":"1102092017","desa":"Sebudi Jaya","kecamatan":"Bukit Tusam","kecCode":"110209"},"geometry":{"type":"Polygon","coordinates":[[[97.89205664230023,3.4388671154278496],[97.8792829165734,3.4314320432649805],[97.89738663538496,3.4438639834335363],[97.937669052285,3.4520969179270145],[97.93457293019662,3.446905894385692],[97.89205664230023,3.4388671154278496]]]}},{"type":"Feature","properties":{"code":"1102092018","desa":"Gumpang","kecamatan":"Bukit Tusam","kecCode":"110209"},"geometry":{"type":"Polygon","coordinates":[[[97.8641863724032,3.4265011899940334],[97.87027636186468,3.425854572946966],[97.86306573799344,3.423904327441652],[97.8641863724032,3.4265011899940334]]]}},{"type":"Feature","properties":{"code":"1102092019","desa":"Kute Gekhat","kecamatan":"Bukit Tusam","kecCode":"110209"},"geometry":{"type":"Polygon","coordinates":[[[97.87627882840525,3.4158068200563134],[97.86726767995953,3.411111873346927],[97.87195575855145,3.423120031384117],[97.87627882840525,3.4158068200563134]]]}},{"type":"Feature","properties":{"code":"1102092020","desa":"Paye Khambung","kecamatan":"Bukit Tusam","kecCode":"110209"},"geometry":{"type":"Polygon","coordinates":[[[97.86122163497055,3.429879331378484],[97.86368972090393,3.4201551419691394],[97.8536428619286,3.4192539016701313],[97.8534785566901,3.4286125022789737],[97.86122163497055,3.429879331378484]]]}},{"type":"Feature","properties":{"code":"1102092021","desa":"Mbak Sako","kecamatan":"Bukit Tusam","kecCode":"110209"},"geometry":{"type":"Polygon","coordinates":[[[97.85141066007395,3.404637894063175],[97.851447493607,3.4119161289579543],[97.86084386125526,3.41225785334869],[97.8668195999446,3.405124788817069],[97.85141066007395,3.404637894063175]]]}},{"type":"Feature","properties":{"code":"1102092022","desa":"Darul Imami","kecamatan":"Bukit Tusam","kecCode":"110209"},"geometry":{"type":"Polygon","coordinates":[[[97.87202555493548,3.423089591131475],[97.86306573799344,3.423904327441652],[97.87019254774793,3.425812895665447],[97.87202555493548,3.423089591131475]]]}},{"type":"Feature","properties":{"code":"1102092022","desa":"Darul Imami","kecamatan":"Bukit Tusam","kecCode":"110209"},"geometry":{"type":"Polygon","coordinates":[[[97.86279217501891,3.425512860247459],[97.86730191804912,3.4300295253546524],[97.86875327184606,3.42778083443268],[97.86279217501891,3.425512860247459]]]}},{"type":"Feature","properties":{"code":"1102092023","desa":"Rikit Bur Ii","kecamatan":"Bukit Tusam","kecCode":"110209"},"geometry":{"type":"Polygon","coordinates":[[[97.89442700160491,3.445107962558546],[97.9414276896362,3.4564621336045045],[97.89738663538496,3.4438639834335363],[97.86932307779783,3.427060197785389],[97.89442700160491,3.445107962558546]]]}},{"type":"Feature","properties":{"code":"1102092024","desa":"Kute Empat Lima","kecamatan":"Bukit Tusam","kecCode":"110209"},"geometry":{"type":"Polygon","coordinates":[[[97.88756046734176,3.4266299765082207],[97.89437265107703,3.4387893861241645],[97.93457293019662,3.446905894385692],[97.92720855013454,3.438516240435352],[97.89952814960446,3.43820086618056],[97.88756046734176,3.4266299765082207]]]}},{"type":"Feature","properties":{"code":"1102102001","desa":"Simpang Semadam","kecamatan":"Semadam","kecCode":"110210"},"geometry":{"type":"Polygon","coordinates":[[[97.95020762508186,3.4141945613592304],[97.89817661156142,3.3997556599406673],[97.89554328329591,3.403329095402481],[97.93518518414896,3.4153149133806893],[97.95020762508186,3.4141945613592304]]]}},{"type":"Feature","properties":{"code":"1102102002","desa":"Semadam Awal","kecamatan":"Semadam","kecCode":"110210"},"geometry":{"type":"Polygon","coordinates":[[[97.88653926377606,3.400057793476905],[97.89836975356133,3.3995523250248767],[97.89926887775658,3.3969781766494105],[97.88863171458199,3.393932008306678],[97.88653926377606,3.400057793476905]]]}},{"type":"Feature","properties":{"code":"1102102003","desa":"Semadam Asal","kecamatan":"Semadam","kecCode":"110210"},"geometry":{"type":"Polygon","coordinates":[[[97.88653926377606,3.400057793476905],[97.88758113735969,3.387331028562362],[97.87436030108711,3.387907623495669],[97.87708886935586,3.397043471027152],[97.88653926377606,3.400057793476905]]]}},{"type":"Feature","properties":{"code":"1102102004","desa":"Lawe Kinga Gabungan","kecamatan":"Semadam","kecCode":"110210"},"geometry":{"type":"Polygon","coordinates":[[[97.8738426486194,3.3887338864165044],[97.88497687698133,3.3867752259548087],[97.88574373158798,3.379962765235602],[97.8736438939506,3.3803463971342773],[97.8738426486194,3.3887338864165044]]]}},{"type":"Feature","properties":{"code":"1102102005","desa":"Lawe Kinga Tebing Tinggi","kecamatan":"Semadam","kecCode":"110210"},"geometry":{"type":"Polygon","coordinates":[[[97.86997667808129,3.3855517756540787],[97.88196876974295,3.3795202466287066],[97.87677269380481,3.36664776636188],[97.86188634457919,3.372079747956657],[97.86997667808129,3.3855517756540787]]]}},{"type":"Feature","properties":{"code":"1102102006","desa":"Kebun Sere","kecamatan":"Semadam","kecCode":"110210"},"geometry":{"type":"Polygon","coordinates":[[[97.89514163168104,3.410780183591603],[97.88853279904947,3.4071842902596665],[97.88733957676008,3.408712061247889],[97.89070747397078,3.4104964043189154],[97.89514163168104,3.410780183591603]]]}},{"type":"Feature","properties":{"code":"1102102007","desa":"Lawe Beringin Horas","kecamatan":"Semadam","kecCode":"110210"},"geometry":{"type":"Polygon","coordinates":[[[97.9038302445702,3.3873286165806604],[97.899640421868,3.382653490029824],[97.88574533507919,3.379947906636804],[97.88858243533117,3.393934994955212],[97.89927508128004,3.396981824299644],[97.9038302445702,3.3873286165806604]]]}},{"type":"Feature","properties":{"code":"1102102008","desa":"Lawe. Berigin Gayo","kecamatan":"Semadam","kecCode":"110210"},"geometry":{"type":"Polygon","coordinates":[[[97.95058689616839,3.405079128438177],[97.9261432321245,3.3968978851772342],[97.89928823386498,3.396955350956538],[97.93713634156899,3.405797068917989],[97.95058689616839,3.405079128438177]]]}},{"type":"Feature","properties":{"code":"1102102009","desa":"Suka Makmur","kecamatan":"Semadam","kecCode":"110210"},"geometry":{"type":"Polygon","coordinates":[[[97.9332611295975,3.3885358601987092],[97.9038302445702,3.3873286165806604],[97.90082958191971,3.3946759544820795],[97.94583078116568,3.402317522677643],[97.9332611295975,3.3885358601987092]]]}},{"type":"Feature","properties":{"code":"1102102010","desa":"Pasar Puntung","kecamatan":"Semadam","kecCode":"110210"},"geometry":{"type":"Polygon","coordinates":[[[97.87851355285824,3.4017395616742028],[97.87965914255545,3.406130022220754],[97.904275805584,3.4140659690986643],[97.88626572598253,3.4006449860212067],[97.87851355285824,3.4017395616742028]]]}},{"type":"Feature","properties":{"code":"1102102011","desa":"Titi Pasir","kecamatan":"Semadam","kecCode":"110210"},"geometry":{"type":"Polygon","coordinates":[[[97.95020762508186,3.4141945613592304],[97.93518518414896,3.4153149133806893],[97.88626572598253,3.4006449860212067],[97.9274757297212,3.4148866103573625],[97.94046617227609,3.4274790849068975],[97.95020762508186,3.4141945613592304]]]}},{"type":"Feature","properties":{"code":"1102102012","desa":"Lawe Petanduk I","kecamatan":"Semadam","kecCode":"110210"},"geometry":{"type":"Polygon","coordinates":[[[97.92009940126643,3.4165522330259512],[97.88537712835188,3.410762912111744],[97.92106600878934,3.422083328004076],[97.93354714908175,3.4410398433146185],[97.92009940126643,3.4165522330259512]]]}},{"type":"Feature","properties":{"code":"1102102013","desa":"Ngkeran Alur Buluh","kecamatan":"Semadam","kecCode":"110210"},"geometry":{"type":"Polygon","coordinates":[[[97.85364203275368,3.3892244935717253],[97.86111718141284,3.391085204372887],[97.86730350085593,3.3822185050437414],[97.86128042455204,3.38082525734502],[97.85364203275368,3.3892244935717253]]]}},{"type":"Feature","properties":{"code":"1102102014","desa":"Kampung Baru","kecamatan":"Semadam","kecCode":"110210"},"geometry":{"type":"Polygon","coordinates":[[[97.89364260032579,3.4057022165225326],[97.904275805584,3.4140659690986643],[97.92500109132736,3.419978657212389],[97.93454248994402,3.4364392858498114],[97.94046617227609,3.4274790849068975],[97.9274757297212,3.4148866103573625],[97.89364260032579,3.4057022165225326]]]}},{"type":"Feature","properties":{"code":"1102102015","desa":"Sepakat Segenap","kecamatan":"Semadam","kecCode":"110210"},"geometry":{"type":"Polygon","coordinates":[[[97.8661189327426,3.38073487907678],[97.86157160974204,3.374830317237066],[97.84883927890967,3.382990967821795],[97.85552025695436,3.3871591834080257],[97.8661189327426,3.38073487907678]]]}},{"type":"Feature","properties":{"code":"1102102016","desa":"Selamat Indah","kecamatan":"Semadam","kecCode":"110210"},"geometry":{"type":"Polygon","coordinates":[[[97.89986727585415,3.374563489285599],[97.89068182890333,3.375755660266191],[97.8852391408737,3.365634678279356],[97.87679534233126,3.366702339022158],[97.88196876974295,3.3795202466287066],[97.9022138525873,3.3824847403419414],[97.89986727585415,3.374563489285599]]]}},{"type":"Feature","properties":{"code":"1102102017","desa":"Lawe Kinge Lapter","kecamatan":"Semadam","kecCode":"110210"},"geometry":{"type":"Polygon","coordinates":[[[97.86463285522215,3.3929621245546255],[97.87023761727225,3.397570009695445],[97.87851355285824,3.4017395616742028],[97.86858122434408,3.3836629673343013],[97.86463285522215,3.3929621245546255]]]}},{"type":"Feature","properties":{"code":"1102102018","desa":"Lawe Mejile","kecamatan":"Semadam","kecCode":"110210"},"geometry":{"type":"Polygon","coordinates":[[[97.89817661156142,3.3997556599406673],[97.93518518414896,3.4096517961277],[97.95162433969159,3.408664991631379],[97.95072018378947,3.405385691135556],[97.89817661156142,3.3997556599406673]]]}},{"type":"Feature","properties":{"code":"1102102019","desa":"Lawe Petanduk-Ii","kecamatan":"Semadam","kecCode":"110210"},"geometry":{"type":"Polygon","coordinates":[[[97.88796466943397,3.411409797156734],[97.88876910580967,3.4149887211810492],[97.90141262589202,3.4163439473423214],[97.88796466943397,3.411409797156734]]]}},{"type":"Feature","properties":{"code":"1102112004","desa":"Titi Mas","kecamatan":"Babul Rahmah","kecCode":"110211"},"geometry":{"type":"Polygon","coordinates":[[[97.84364727240374,3.3494819865034833],[97.86982780430981,3.3694609851138555],[97.86669010926119,3.364825503376772],[97.84953881836185,3.3518328943690614],[97.84364727240374,3.3494819865034833]]]}},{"type":"Feature","properties":{"code":"1102112005","desa":"Meranti","kecamatan":"Babul Rahmah","kecCode":"110211"},"geometry":{"type":"Polygon","coordinates":[[[97.88644106140593,3.358583866641318],[97.88618838338725,3.351696415054126],[97.88397056259146,3.3515452003474713],[97.87951095766464,3.3466345791245855],[97.87872276304512,3.3470265018731706],[97.87853447288768,3.356195350027153],[97.88644106140593,3.358583866641318]]]}},{"type":"Feature","properties":{"code":"1102112006","desa":"Kute Lang-Lang","kecamatan":"Babul Rahmah","kecCode":"110211"},"geometry":{"type":"Polygon","coordinates":[[[97.89008507566574,3.3471131965183423],[97.8880890016062,3.3365428646744],[97.86654557112128,3.333100756311509],[97.88160244529666,3.340009630649147],[97.89008507566574,3.3471131965183423]]]}},{"type":"Feature","properties":{"code":"1102112007","desa":"Lawe Sumur","kecamatan":"Babul Rahmah","kecCode":"110211"},"geometry":{"type":"Polygon","coordinates":[[[97.90208175836653,3.330687409415695],[97.9049262996091,3.3201886842908914],[97.89515518986018,3.31967291230617],[97.88888029439009,3.326683803038668],[97.90208175836653,3.330687409415695]]]}},{"type":"Feature","properties":{"code":"1102112008","desa":"Pardamaian","kecamatan":"Babul Rahmah","kecCode":"110211"},"geometry":{"type":"Polygon","coordinates":[[[97.88079717255152,3.343512658188066],[97.86654557112128,3.333100756311509],[97.85193621758242,3.3327006830072174],[97.87168995043093,3.347537211574152],[97.88079717255152,3.343512658188066]]]}},{"type":"Feature","properties":{"code":"1102112009","desa":"Salim Pipit","kecamatan":"Babul Rahmah","kecCode":"110211"},"geometry":{"type":"Polygon","coordinates":[[[97.9078838262776,3.299377832573946],[97.91836473404531,3.281332785552063],[97.89857673612757,3.2489032712763954],[97.86941110343975,3.2502703064355085],[97.86572769797493,3.258722151203167],[97.89853981176297,3.2733677501026475],[97.89615339056654,3.2960394852906543],[97.9078838262776,3.299377832573946]]]}},{"type":"Feature","properties":{"code":"1102112010","desa":"Penguhapan","kecamatan":"Babul Rahmah","kecCode":"110211"},"geometry":{"type":"Polygon","coordinates":[[[97.89615339056654,3.2960394852906543],[97.89853981176297,3.2733677501026475],[97.86787347318231,3.259076955333684],[97.8673552487458,3.2652894630280693],[97.85524855107985,3.266888461221566],[97.85273583988713,3.2738840769690563],[97.8452207892081,3.2706353983889462],[97.83685460395685,3.276403212016373],[97.86912982877863,3.2769514666140793],[97.89615339056654,3.2960394852906543]]]}},{"type":"Feature","properties":{"code":"1102112011","desa":"Lumban Tua","kecamatan":"Babul Rahmah","kecCode":"110211"},"geometry":{"type":"Polygon","coordinates":[[[97.83940369182699,3.3291320391332273],[97.81323422338079,3.335506866362831],[97.76880788787378,3.330398995037159],[97.81238057790142,3.3411922301452686],[97.8463021736065,3.338565305055518],[97.86734075257372,3.3505802080080116],[97.83940369182699,3.3291320391332273]]]}},{"type":"Feature","properties":{"code":"1102112012","desa":"Mutiara Damai","kecamatan":"Babul Rahmah","kecCode":"110211"},"geometry":{"type":"Polygon","coordinates":[[[97.87309803874352,3.353979174093783],[97.86894484992494,3.345407685319828],[97.8709619528319,3.354394524181627],[97.87309803874352,3.353979174093783]]]}},{"type":"Feature","properties":{"code":"1102112013","desa":"Dolok Nauli","kecamatan":"Babul Rahmah","kecCode":"110211"},"geometry":{"type":"Polygon","coordinates":[[[97.86427606179087,3.3498140359876123],[97.85961617694505,3.3605514330892463],[97.8704907377574,3.353561549620407],[97.86427606179087,3.3498140359876123]]]}},{"type":"Feature","properties":{"code":"1102112014","desa":"Tuhi Jongkat","kecamatan":"Babul Rahmah","kecCode":"110211"},"geometry":{"type":"Polygon","coordinates":[[[97.86982780430981,3.3694609851138555],[97.86864781464499,3.3604122243318946],[97.8605520267547,3.3565121191304206],[97.85961617694505,3.3605514330892463],[97.86982780430981,3.3694609851138555]]]}},{"type":"Feature","properties":{"code":"1102112015","desa":"Uning Sigugur","kecamatan":"Babul Rahmah","kecCode":"110211"},"geometry":{"type":"Polygon","coordinates":[[[97.88764962972668,3.332100804626169],[97.90477824332135,3.3359689272377415],[97.90515567889149,3.3340233878846717],[97.90208175836653,3.330687409415695],[97.89114018187394,3.3296409304050005],[97.88764962972668,3.332100804626169]]]}},{"type":"Feature","properties":{"code":"1102112016","desa":"Lumban Sitio-Tio","kecamatan":"Babul Rahmah","kecCode":"110211"},"geometry":{"type":"Polygon","coordinates":[[[97.88245594058924,3.3479733063236283],[97.89008507566574,3.3471131965183423],[97.87673697273316,3.3441887756961406],[97.88245594058924,3.3479733063236283]]]}},{"type":"Feature","properties":{"code":"1102112017","desa":"Lawe Malum","kecamatan":"Babul Rahmah","kecCode":"110211"},"geometry":{"type":"Polygon","coordinates":[[[97.46748678708559,3.2947538702528947],[97.46967500130033,3.300838997073451],[97.48140928071382,3.2999656897171534],[97.50821153013806,3.3135190997643873],[97.5581611751981,3.312224672269976],[97.57239986955841,3.3212095173348106],[97.60057268757953,3.3161840949549295],[97.65874575141538,3.3311842173964146],[97.68333986034634,3.3262349397147397],[97.71059896537001,3.3311842173964146],[97.79679256142764,3.312224672269976],[97.84432086731424,3.3142196122822813],[97.88312455955084,3.326669919304938],[97.88968921658415,3.3181915913016624],[97.87117928569552,3.3088700922237453],[97.79352007599078,3.305447891253663],[97.78152759222468,3.3137855221216053],[97.74029629164062,3.31150124052976],[97.7195093213981,3.3207525843942505],[97.69015628978099,3.3150418786159492],[97.6386457184252,3.3192678009997842],[97.58084910000599,3.284893231206251],[97.55438949407994,3.2934592916723746],[97.5340213084367,3.289081083489301],[97.50870384330779,3.298408570253343],[97.46748678708559,3.2947538702528947]]]}},{"type":"Feature","properties":{"code":"1102112018","desa":"Alur Baning","kecamatan":"Babul Rahmah","kecCode":"110211"},"geometry":{"type":"Polygon","coordinates":[[[97.89156316360919,3.2960414754903113],[97.86912982877863,3.2769514666140793],[97.81835191530871,3.277174157638218],[97.80429881763638,3.2915199279637957],[97.84662710675563,3.2863671525890736],[97.88874838542972,3.300447856735009],[97.89156316360919,3.2960414754903113]]]}},{"type":"Feature","properties":{"code":"1102112019","desa":"Lingga Alas","kecamatan":"Babul Rahmah","kecCode":"110211"},"geometry":{"type":"Polygon","coordinates":[[[97.83891336615896,3.3291489472870226],[97.88919281869367,3.337531913878579],[97.88538754879642,3.3305319589021636],[97.83443030331591,3.3219664641097095],[97.79342900794245,3.329902448759101],[97.81323422338079,3.335506866362831],[97.83891336615896,3.3291489472870226]]]}},{"type":"Feature","properties":{"code":"1102112020","desa":"Khambung Tumbung","kecamatan":"Babul Rahmah","kecCode":"110211"},"geometry":{"type":"Polygon","coordinates":[[[97.88849353464896,3.3405146413462687],[97.89520993339175,3.336559813297664],[97.89495899825918,3.33520240088448],[97.88884822456595,3.335637316622789],[97.88849353464896,3.3405146413462687]]]}},{"type":"Feature","properties":{"code":"1102112021","desa":"Tuah Mesade","kecamatan":"Babul Rahmah","kecCode":"110211"},"geometry":{"type":"Polygon","coordinates":[[[97.46967500130033,3.300838997073451],[97.47520781219083,3.3154415948893905],[97.51787183441769,3.326629929151555],[97.53447095417124,3.3246502182587254],[97.5446740829426,3.331046209234019],[97.5687351915759,3.326020787753444],[97.6101568489595,3.3356147742163587],[97.67442133217877,3.3378990567076103],[97.68645188694505,3.3439904769838513],[97.83443030331591,3.3219664641097095],[97.84972071883618,3.3282054109728576],[97.89113361862165,3.3296556954743615],[97.84432086731424,3.3142196122822813],[97.79679256142764,3.312224672269976],[97.71059896537001,3.3311842173964146],[97.68333986034634,3.3262349397147397],[97.65874575141538,3.3311842173964146],[97.60057268757953,3.3161840949549295],[97.57239986955841,3.3212095173348106],[97.5581611751981,3.312224672269976],[97.50821153013806,3.3135190997643873],[97.48140928071382,3.2999656897171534],[97.46967500130033,3.300838997073451]]]}},{"type":"Feature","properties":{"code":"1102112022","desa":"Sumukh Alas","kecamatan":"Babul Rahmah","kecCode":"110211"},"geometry":{"type":"Polygon","coordinates":[[[97.88888029439009,3.326683803038668],[97.89637691526246,3.323416597525034],[97.89515518986018,3.31967291230617],[97.88962223777611,3.3181246115943575],[97.88888029439009,3.326683803038668]]]}},{"type":"Feature","properties":{"code":"1102112023","desa":"Alukh Bakhu","kecamatan":"Babul Rahmah","kecCode":"110211"},"geometry":{"type":"Polygon","coordinates":[[[97.46409906162245,3.268575464372422],[97.46748678708559,3.2947538702528947],[97.50870384330779,3.298408570253343],[97.5340213084367,3.289081083489301],[97.55438949407994,3.2934592916723746],[97.58084910000599,3.284893231206251],[97.6386457184252,3.3192678009997842],[97.69015628978099,3.3150418786159492],[97.7195093213981,3.3207525843942505],[97.74029629164062,3.31150124052976],[97.78152759222468,3.3137855221216053],[97.79352007599078,3.305447891253663],[97.84286057875276,3.3056763190530867],[97.88527098766598,3.3148510820481163],[97.88874838542972,3.300447856735009],[97.84662710675563,3.2863671525890736],[97.7932581187672,3.294089746103614],[97.76010283717625,3.2761704629744792],[97.71089390792757,3.2890757451136587],[97.69135506808196,3.2504805076750514],[97.66385596098388,3.2598880961543104],[97.60210358011618,3.254219421091158],[97.5860624339342,3.2613354182889074],[97.56760908569082,3.2563904033937727],[97.52874907431037,3.2702436635985865],[97.49029698371889,3.2620583176304927],[97.46409906162245,3.268575464372422]]]}},{"type":"Feature","properties":{"code":"1102112024","desa":"Sepekhinding","kecamatan":"Babul Rahmah","kecCode":"110211"},"geometry":{"type":"Polygon","coordinates":[[[97.88397056259146,3.3515452003474713],[97.88785041866197,3.34913454062594],[97.87474230970986,3.3444932025036427],[97.88397056259146,3.3515452003474713]]]}},{"type":"Feature","properties":{"code":"1102112025","desa":"Tanoh Subukh","kecamatan":"Babul Rahmah","kecCode":"110211"},"geometry":{"type":"Polygon","coordinates":[[[97.87853447288768,3.356195350027153],[97.88016367301515,3.350225796881245],[97.87402988657003,3.344722196875997],[97.87309803874352,3.353979174093783],[97.87853447288768,3.356195350027153]]]}},{"type":"Feature","properties":{"code":"1102112026","desa":"Pinggan Mbelang","kecamatan":"Babul Rahmah","kecCode":"110211"},"geometry":{"type":"Polygon","coordinates":[[[97.871301339885,3.3509357522805785],[97.85017487916741,3.3307403300214258],[97.83940369182699,3.3291320391332273],[97.871301339885,3.3509357522805785]]]}},{"type":"Feature","properties":{"code":"1102112027","desa":"Sigai Indah","kecamatan":"Babul Rahmah","kecCode":"110211"},"geometry":{"type":"Polygon","coordinates":[[[97.90587616805077,3.3207496588995866],[97.9078838262776,3.299377832573946],[97.89156316360919,3.2960414754903113],[97.88527098766598,3.3148510820481163],[97.90587616805077,3.3207496588995866]]]}},{"type":"Feature","properties":{"code":"1102112028","desa":"Ukekh Deleng","kecamatan":"Babul Rahmah","kecCode":"110211"},"geometry":{"type":"Polygon","coordinates":[[[97.83893536267692,3.3391363763528723],[97.85790676358636,3.358854191156939],[97.8642622536002,3.349823365554534],[97.83893536267692,3.3391363763528723]]]}},{"type":"Feature","properties":{"code":"1102112029","desa":"Alas Mesikhat","kecamatan":"Babul Rahmah","kecCode":"110211"},"geometry":{"type":"Polygon","coordinates":[[[97.88515403443118,3.3656423234161084],[97.88140569341805,3.357396846078071],[97.86599521570666,3.357036188260388],[97.87201924079538,3.366444409862315],[97.88515403443118,3.3656423234161084]]]}},{"type":"Feature","properties":{"code":"1102112030","desa":"Titi Hakhapen","kecamatan":"Babul Rahmah","kecCode":"110211"},"geometry":{"type":"Polygon","coordinates":[[[97.86301132631172,3.369707665553549],[97.83834053039124,3.339508147093072],[97.82433388809852,3.339771696116336],[97.8552064025535,3.3666978082377375],[97.86301132631172,3.369707665553549]]]}},{"type":"Feature","properties":{"code":"1102122001","desa":"Aunan Sepakat","kecamatan":"Ketambe","kecCode":"110212"},"geometry":{"type":"Polygon","coordinates":[[[97.2951081736034,3.5952145407535694],[97.28541767188813,3.638095756403242],[97.29517150296253,3.644477394198721],[97.3244388741548,3.6453102059826916],[97.36001181579275,3.669699681350605],[97.40700617079818,3.6495932362157726],[97.4306818084188,3.658873132655913],[97.46090096181001,3.656850591550713],[97.47981767674446,3.6650597317815423],[97.49385649677998,3.6554229151060786],[97.51634240417866,3.6650597317815423],[97.55167739959239,3.6569695646626763],[97.582967311892,3.630914466626182],[97.59998045793185,3.628416033072987],[97.61033111418966,3.6319852237347967],[97.61877819975415,3.6494742622044565],[97.63293599290182,3.649236315980481],[97.69552487727134,3.696244380201025],[97.66952560102571,3.6615688028220723],[97.64002912304566,3.636477185364719],[97.60290953095017,3.62265727471917],[97.57743978092121,3.6260836989056338],[97.54477453991312,3.6426447476413206],[97.52650027996401,3.633164975078005],[97.50959658861171,3.633507617676479],[97.50137317073528,3.62265727471917],[97.4771597763027,3.6311091212855815],[97.45612972200911,3.6240819177504995],[97.4330009998963,3.6357349973639463],[97.41981000133057,3.631709996115453],[97.4163641050195,3.6189796420065194],[97.40350500035555,3.6155899955950694],[97.39339200074028,3.632578995719128],[97.37389900023874,3.639003996125732],[97.35753099995577,3.6220569970391345],[97.3448270013651,3.621610997156643],[97.2951081736034,3.5952145407535694]]]}},{"type":"Feature","properties":{"code":"1102122002","desa":"Lawe Penanggalan","kecamatan":"Ketambe","kecCode":"110212"},"geometry":{"type":"Polygon","coordinates":[[[97.716160074328,3.6224482929602857],[97.7094266487209,3.632050751936336],[97.73545755592153,3.6534079552856995],[97.7474527601368,3.7101850688979523],[97.76763058898058,3.7263654031357007],[97.77337664711462,3.7036050640416263],[97.716160074328,3.6224482929602857]]]}},{"type":"Feature","properties":{"code":"1102122003","desa":"Lawe Mengkudu","kecamatan":"Ketambe","kecCode":"110212"},"geometry":{"type":"Polygon","coordinates":[[[97.72854879668967,3.6104267224340933],[97.73562708622107,3.617265550376318],[97.74677438532966,3.639971318608619],[97.75058934182469,3.6427638331685657],[97.7398848383147,3.6160718757291908],[97.72854879668967,3.6104267224340933]]]}},{"type":"Feature","properties":{"code":"1102122004","desa":"Jambur Lak-Lak","kecamatan":"Ketambe","kecCode":"110212"},"geometry":{"type":"Polygon","coordinates":[[[97.67303234276847,3.6262522066758898],[97.69382522065744,3.6414537241956],[97.73175511540632,3.684894173366544],[97.72878554771488,3.671477581678539],[97.69444349557091,3.636483333130224],[97.67303234276847,3.6262522066758898]]]}},{"type":"Feature","properties":{"code":"1102122005","desa":"Simpang Tiga Jongar","kecamatan":"Ketambe","kecCode":"110212"},"geometry":{"type":"Polygon","coordinates":[[[97.80626355391996,3.6278964569560506],[97.81041817176127,3.6098213348062065],[97.80560608205506,3.6062838623335867],[97.74825815968637,3.5878146482704305],[97.74683350136507,3.592750329102148],[97.78036475982589,3.6016010834514747],[97.80626355391996,3.6278964569560506]]]}},{"type":"Feature","properties":{"code":"1102122006","desa":"Jongar Asli","kecamatan":"Ketambe","kecCode":"110212"},"geometry":{"type":"Polygon","coordinates":[[[97.74560101827244,3.592986606184418],[97.73864329005585,3.597650519088633],[97.74590913859593,3.5973071876094695],[97.74560101827244,3.592986606184418]]]}},{"type":"Feature","properties":{"code":"1102122007","desa":"Ketambe","kecamatan":"Ketambe","kecCode":"110212"},"geometry":{"type":"Polygon","coordinates":[[[97.28541767188813,3.638095756403242],[97.279368211274,3.6481782186282676],[97.2596220012544,3.6525639964050005],[97.20648681271632,3.691288286557507],[97.25081792980369,3.6923113849936646],[97.26087487827304,3.6827536070347744],[97.2934562916746,3.6732338326269107],[97.36759331467977,3.679537366101485],[97.38426613837163,3.672331048191879],[97.43668661499532,3.6679985246693754],[97.46950414180276,3.670815806558462],[97.48066961980714,3.6826209030738037],[97.53877605826851,3.6946133859277652],[97.561333347556,3.690235177744713],[97.59874313828527,3.6705562873972433],[97.64562352940241,3.698945279924894],[97.69333095236163,3.6963697465934193],[97.67788493524165,3.678471611921358],[97.63293599290182,3.649236315980481],[97.61877819975415,3.6494742622044565],[97.61033111418966,3.6319852237347967],[97.59998045793185,3.628416033072987],[97.582967311892,3.630914466626182],[97.55167739959239,3.6569695646626763],[97.51634240417866,3.6650597317815423],[97.49385649677998,3.6554229151060786],[97.47981767674446,3.6650597317815423],[97.46090096181001,3.656850591550713],[97.4306818084188,3.658873132655913],[97.40700617079818,3.6495932362157726],[97.3632240880213,3.670294546011245],[97.3244388741548,3.6453102059826916],[97.29517150296253,3.644477394198721],[97.28541767188813,3.638095756403242]]]}},{"type":"Feature","properties":{"code":"1102122008","desa":"Rumah Bundar","kecamatan":"Ketambe","kecCode":"110212"},"geometry":{"type":"Polygon","coordinates":[[[97.58479483411433,3.677148142620127],[97.53877605826851,3.6946133859277652],[97.48066961980714,3.6826209030738037],[97.46478329101615,3.6699020935619426],[97.40485894498435,3.670130522260715],[97.36759331467977,3.679537366101485],[97.55589572810543,3.7141416596177956],[97.57411805490436,3.7116409966452877],[97.62490265483369,3.722852632341722],[97.63598387265769,3.73371899312405],[97.69305864574,3.734425230726085],[97.75993441664006,3.747316236127959],[97.82263046602327,3.7502254898838707],[97.79503462424856,3.7364941165942818],[97.78393745514951,3.7453365288323717],[97.76348730979157,3.738892778460481],[97.75000000259809,3.743705722517463],[97.72924591786489,3.728268972028267],[97.68701048464624,3.718275236016842],[97.65619646479507,3.719940858685391],[97.64395575195647,3.710218839340049],[97.6038781106863,3.6993247191841543],[97.58479483411433,3.677148142620127]]]}},{"type":"Feature","properties":{"code":"1102122009","desa":"Penyeberangan Cingkam","kecamatan":"Ketambe","kecCode":"110212"},"geometry":{"type":"Polygon","coordinates":[[[97.74662418775614,3.592516661852399],[97.74191207388316,3.5883846367839665],[97.73903319922283,3.5924458276508764],[97.74662418775614,3.592516661852399]]]}},{"type":"Feature","properties":{"code":"1102122010","desa":"Deleng Damar","kecamatan":"Ketambe","kecCode":"110212"},"geometry":{"type":"Polygon","coordinates":[[[97.74825815968637,3.5878146482704305],[97.74352003831915,3.59008839340518],[97.74720632970843,3.591243823483025],[97.74825815968637,3.5878146482704305]]]}},{"type":"Feature","properties":{"code":"1102122011","desa":"Bintang Bener","kecamatan":"Ketambe","kecCode":"110212"},"geometry":{"type":"Polygon","coordinates":[[[97.53868119957777,3.6397459745844603],[97.55025681789787,3.6416168207450768],[97.57743978092121,3.6260836989056338],[97.60290953095017,3.62265727471917],[97.64068267836298,3.6332500653326583],[97.67449349557842,3.6589790521084478],[97.67146655833504,3.646445762841919],[97.65811778181022,3.633739441315994],[97.60755423613915,3.6168214732443715],[97.56988736790775,3.619462675071507],[97.53868119957777,3.6397459745844603]]]}},{"type":"Feature","properties":{"code":"1102122012","desa":"Suka Rimbun","kecamatan":"Ketambe","kecCode":"110212"},"geometry":{"type":"Polygon","coordinates":[[[97.63279416981514,3.6332163614403137],[97.66952560102571,3.6615688028220723],[97.69552487727134,3.696244380201025],[97.71194118014141,3.6998933677078902],[97.66590115781224,3.6504354836866044],[97.63279416981514,3.6332163614403137]]]}},{"type":"Feature","properties":{"code":"1102122013","desa":"Lawe Aunan","kecamatan":"Ketambe","kecCode":"110212"},"geometry":{"type":"Polygon","coordinates":[[[97.4636541229395,3.617361491850732],[97.45612972200911,3.6240819177504995],[97.46585257683499,3.630880692586804],[97.50137317073528,3.62265727471917],[97.50959658861171,3.633507617676479],[97.53868119957777,3.6397459745844603],[97.57723990209983,3.617368749379668],[97.63644089193366,3.622341823122686],[97.67108584473601,3.646017459818646],[97.67525610358638,3.6633936702437864],[97.68515794957976,3.666740775125222],[97.70970636575622,3.6967555539521424],[97.70732933707933,3.6804589382732567],[97.69186487126682,3.6735771335291583],[97.68524817136608,3.650903973814863],[97.64317117530952,3.6167637628494034],[97.59339285019995,3.607912169432567],[97.58092447488468,3.6154312652541196],[97.5494204106235,3.614289124458187],[97.52067652220381,3.621237149881817],[97.4636541229395,3.617361491850732]]]}},{"type":"Feature","properties":{"code":"1102122014","desa":"Bener Bepapah","kecamatan":"Ketambe","kecCode":"110212"},"geometry":{"type":"Polygon","coordinates":[[[97.72062467858609,3.620142258566767],[97.71878961464905,3.629851919428547],[97.73819869491386,3.647525926859159],[97.77337664711462,3.7036050640416263],[97.76829683822852,3.730458075670177],[97.79270569940854,3.733401018029908],[97.78435250576358,3.6983056083419594],[97.73418919077857,3.6249279999305424],[97.72062467858609,3.620142258566767]]]}},{"type":"Feature","properties":{"code":"1102122015","desa":"Penungkunen","kecamatan":"Ketambe","kecCode":"110212"},"geometry":{"type":"Polygon","coordinates":[[[97.70622702275898,3.6317160350629654],[97.69864978575907,3.635974969760463],[97.73392518310078,3.6701070121838453],[97.74507329879377,3.7003816887865373],[97.74060670973194,3.6723341877251796],[97.70622702275898,3.6317160350629654]]]}},{"type":"Feature","properties":{"code":"1102122016","desa":"Datok Pining","kecamatan":"Ketambe","kecCode":"110212"},"geometry":{"type":"Polygon","coordinates":[[[97.72837627974155,3.6425005062778206],[97.70622702275898,3.6317160350629654],[97.7082522096718,3.6374439376774865],[97.73669575870234,3.669209234274616],[97.72837627974155,3.6425005062778206]]]}},{"type":"Feature","properties":{"code":"1102122017","desa":"Kati Maju","kecamatan":"Ketambe","kecCode":"110212"},"geometry":{"type":"Polygon","coordinates":[[[97.72852791083449,3.613516233602807],[97.72409493483342,3.6177283343061823],[97.78435250576358,3.6983056083419594],[97.79270569940854,3.733401018029908],[97.8249144481433,3.7505665775545456],[97.80052691618431,3.723316178896677],[97.79068325992453,3.6878546192312562],[97.75986924007346,3.66310822362807],[97.73781999669556,3.620509232323247],[97.72852791083449,3.613516233602807]]]}},{"type":"Feature","properties":{"code":"1102122018","desa":"Leuser","kecamatan":"Ketambe","kecCode":"110212"},"geometry":{"type":"Polygon","coordinates":[[[97.46871521783311,3.586841522462353],[97.4636541229395,3.617361491850732],[97.52067652220381,3.621237149881817],[97.5494204106235,3.614289124458187],[97.58092447488468,3.6154312652541196],[97.59339285019995,3.607912169432567],[97.63565207768129,3.614765016006793],[97.68524817136608,3.650903973814863],[97.69167332556356,3.6469557243069475],[97.7204775638885,3.6745492179222685],[97.67184962815786,3.622664827225682],[97.6334213327284,3.6008927594223246],[97.55727858144142,3.601844543418914],[97.50766681886864,3.587448804062439],[97.46871521783311,3.586841522462353]]]}},{"type":"Feature","properties":{"code":"1102122019","desa":"Jati Sara","kecamatan":"Ketambe","kecCode":"110212"},"geometry":{"type":"Polygon","coordinates":[[[97.69864978575907,3.635974969760463],[97.66979008444491,3.621046613218038],[97.69444349557091,3.636483333130224],[97.72878554771488,3.671477581678539],[97.73787434812272,3.6909948116938622],[97.73392518310078,3.6701070121838453],[97.69864978575907,3.635974969760463]]]}},{"type":"Feature","properties":{"code":"1102122020","desa":"Bukit Mbakhu","kecamatan":"Ketambe","kecCode":"110212"},"geometry":{"type":"Polygon","coordinates":[[[97.7698196944234,3.731790575064078],[97.69167332556356,3.6469557243069475],[97.68373429040524,3.651129073223422],[97.69186487126682,3.6735771335291583],[97.70732933707933,3.6804589382732567],[97.71194118014141,3.6998933677078902],[97.73757403121664,3.7061399848888494],[97.74495035967139,3.714111178895738],[97.75280258237335,3.729815621584825],[97.75016340042066,3.743647422167229],[97.76348730979157,3.738892778460481],[97.78393745514951,3.7453365288323717],[97.79503462424856,3.7364941165942818],[97.7698196944234,3.731790575064078]]]}},{"type":"Feature","properties":{"code":"1102122021","desa":"Kayu Metangur","kecamatan":"Ketambe","kecCode":"110212"},"geometry":{"type":"Polygon","coordinates":[[[97.81041817176127,3.6098213348062065],[97.81155429339599,3.5992987560634493],[97.80323129089139,3.5943256094753187],[97.74801851104552,3.5748582621559546],[97.74517089142357,3.5856066138994445],[97.75181212572909,3.59038724261741],[97.7674014561124,3.5910362761427623],[97.81041817176127,3.6098213348062065]]]}},{"type":"Feature","properties":{"code":"1102122022","desa":"Lawe Sembekan","kecamatan":"Ketambe","kecCode":"110212"},"geometry":{"type":"Polygon","coordinates":[[[97.82085120322051,3.6866948840988663],[97.80614306095356,3.6507192953348886],[97.80626355391996,3.6278964569560506],[97.79835348502536,3.617419739140947],[97.78036475982589,3.6016010834514747],[97.74560101827244,3.592986606184418],[97.77322637669594,3.6169057756928664],[97.76770734521784,3.6665247660638935],[97.7928247750434,3.691304836781092],[97.80052691618431,3.723316178896677],[97.82085120322051,3.6866948840988663]]]}},{"type":"Feature","properties":{"code":"1102122023","desa":"Lawe Beringin","kecamatan":"Ketambe","kecCode":"110212"},"geometry":{"type":"Polygon","coordinates":[[[97.73761136297405,3.600658852053605],[97.73012461126187,3.605066406913676],[97.72854879668967,3.6104267224340933],[97.7398848383147,3.6160718757291908],[97.75986924007346,3.66310822362807],[97.76770734521784,3.6665247660638935],[97.7726553062974,3.6227935139151266],[97.73761136297405,3.600658852053605]]]}},{"type":"Feature","properties":{"code":"1102122024","desa":"Lawe Ger-Ger","kecamatan":"Ketambe","kecCode":"110212"},"geometry":{"type":"Polygon","coordinates":[[[97.7385030182997,3.597758041133055],[97.75609425844334,3.615026953445032],[97.77271241324735,3.620903270277303],[97.75643690014289,3.5982317662149024],[97.7385030182997,3.597758041133055]]]}},{"type":"Feature","properties":{"code":"1102122025","desa":"Simpur Jaya","kecamatan":"Ketambe","kecCode":"110212"},"geometry":{"type":"Polygon","coordinates":[[[97.69552487727134,3.696244380201025],[97.64562352940241,3.698945279924894],[97.60197920477651,3.670937000995895],[97.58479483411433,3.677148142620127],[97.6038781106863,3.6993247191841543],[97.64395575195647,3.710218839340049],[97.65619646479507,3.719940858685391],[97.68701048464624,3.718275236016842],[97.72924591786489,3.728268972028267],[97.75016340042066,3.743647422167229],[97.75280258237335,3.729815621584825],[97.73912068077486,3.706853822661462],[97.69552487727134,3.696244380201025]]]}},{"type":"Feature","properties":{"code":"1102132001","desa":"Salang Baru","kecamatan":"Deleng Pokhkisen","kecCode":"110213"},"geometry":{"type":"Polygon","coordinates":[[[97.80780238027567,3.527980396385313],[97.80526756644507,3.534102207451461],[97.849028903661,3.5518717219839453],[97.82005841666266,3.529336167535758],[97.80780238027567,3.527980396385313]]]}},{"type":"Feature","properties":{"code":"1102132002","desa":"Ranto Dior","kecamatan":"Deleng Pokhkisen","kecCode":"110213"},"geometry":{"type":"Polygon","coordinates":[[[97.81995024800561,3.511172028691346],[97.82779721776744,3.509463279933424],[97.82021495355728,3.506974613916953],[97.81995024800561,3.511172028691346]]]}},{"type":"Feature","properties":{"code":"1102132003","desa":"Lembah Alas","kecamatan":"Deleng Pokhkisen","kecCode":"110213"},"geometry":{"type":"Polygon","coordinates":[[[97.82664624922505,3.5127157230756985],[97.81937604167103,3.51673628616987],[97.85062790095691,3.5274298979791183],[97.88783103017794,3.560250813396818],[97.89819658280611,3.5602665407407783],[97.88512056795992,3.536053065395105],[97.82664624922505,3.5127157230756985]]]}},{"type":"Feature","properties":{"code":"1102132004","desa":"Tenembak Lang-Lang","kecamatan":"Deleng Pokhkisen","kecCode":"110213"},"geometry":{"type":"Polygon","coordinates":[[[97.82872228380643,3.502244137691569],[97.81888754342542,3.497383114978722],[97.81788477686104,3.5010600480188505],[97.82872228380643,3.502244137691569]]]}},{"type":"Feature","properties":{"code":"1102132005","desa":"Salang Sigotom","kecamatan":"Deleng Pokhkisen","kecCode":"110213"},"geometry":{"type":"Polygon","coordinates":[[[97.81839811977744,3.524383578550319],[97.81009689075898,3.522627082087066],[97.8100551703099,3.525061369696734],[97.81839811977744,3.524383578550319]]]}},{"type":"Feature","properties":{"code":"1102132006","desa":"Tualang Lama","kecamatan":"Deleng Pokhkisen","kecCode":"110213"},"geometry":{"type":"Polygon","coordinates":[[[97.81408247922309,3.4967765843125225],[97.81034111335174,3.499461096590073],[97.81888754342542,3.497383114978722],[97.81408247922309,3.4967765843125225]]]}},{"type":"Feature","properties":{"code":"1102132007","desa":"Gusung Batu","kecamatan":"Deleng Pokhkisen","kecCode":"110213"},"geometry":{"type":"Polygon","coordinates":[[[97.80998943436498,3.5041100294870198],[97.81218797999134,3.508620768961239],[97.81623967132383,3.5082575768540036],[97.81728847328446,3.502947389544385],[97.80998943436498,3.5041100294870198]]]}},{"type":"Feature","properties":{"code":"1102132008","desa":"Kaya Pangur","kecamatan":"Deleng Pokhkisen","kecCode":"110213"},"geometry":{"type":"Polygon","coordinates":[[[97.81623967132383,3.5082575768540036],[97.81090840569838,3.5146748376950323],[97.81480218867011,3.516162341538669],[97.81623967132383,3.5082575768540036]]]}},{"type":"Feature","properties":{"code":"1102132009","desa":"Sepakat","kecamatan":"Deleng Pokhkisen","kecCode":"110213"},"geometry":{"type":"Polygon","coordinates":[[[97.81252489930473,3.5295098751860845],[97.82005841666266,3.529336167535758],[97.84802523327795,3.5476582749954515],[97.84486008822256,3.5374807418396883],[97.8209938725692,3.524031610881485],[97.81252489930473,3.5295098751860845]]]}},{"type":"Feature","properties":{"code":"1102132010","desa":"Lawe Pangkat","kecamatan":"Deleng Pokhkisen","kecCode":"110213"},"geometry":{"type":"Polygon","coordinates":[[[97.82921338558934,3.50503106026698],[97.8189232635978,3.50043160537098],[97.81718237306814,3.503132336022271],[97.82921338558934,3.50503106026698]]]}},{"type":"Feature","properties":{"code":"1102132011","desa":"Bunga Melur","kecamatan":"Deleng Pokhkisen","kecCode":"110213"},"geometry":{"type":"Polygon","coordinates":[[[97.91252143941296,3.533833122201652],[97.87998848238259,3.51364597640323],[97.85331680192894,3.512852802238407],[97.84558313505367,3.50336710134421],[97.8289686557789,3.4980958483838895],[97.85473961034478,3.5186925175627213],[97.87592633103542,3.5198917662078326],[97.91234185379358,3.5433789814454566],[97.91252143941296,3.533833122201652]]]}},{"type":"Feature","properties":{"code":"1102132012","desa":"Penampaan","kecamatan":"Deleng Pokhkisen","kecCode":"110213"},"geometry":{"type":"Polygon","coordinates":[[[97.81747697658125,3.498980801960722],[97.80998943436498,3.5041100294870198],[97.81773629159665,3.5019642992480295],[97.81747697658125,3.498980801960722]]]}},{"type":"Feature","properties":{"code":"1102132013","desa":"Terutung Mbelang","kecamatan":"Deleng Pokhkisen","kecCode":"110213"},"geometry":{"type":"Polygon","coordinates":[[[97.82872036285454,3.5022435837091885],[97.82809842500241,3.5154701801252872],[97.88512056795992,3.536053065395105],[97.89819658280611,3.5602665407407783],[97.91076826774145,3.5477701857313746],[97.91234185379358,3.5433789814454566],[97.87758243618055,3.520634158354706],[97.85473961034478,3.5186925175627213],[97.82872036285454,3.5022435837091885]]]}},{"type":"Feature","properties":{"code":"1102132014","desa":"Salang Muara","kecamatan":"Deleng Pokhkisen","kecCode":"110213"},"geometry":{"type":"Polygon","coordinates":[[[97.80780537321948,3.5279699210821533],[97.81252489930473,3.5295098751860845],[97.81718704144886,3.524862611430863],[97.81109593862674,3.523917261184161],[97.80780537321948,3.5279699210821533]]]}},{"type":"Feature","properties":{"code":"1102132015","desa":"Lawe Hakhum","kecamatan":"Deleng Pokhkisen","kecCode":"110213"},"geometry":{"type":"Polygon","coordinates":[[[97.80526756644507,3.534102207451461],[97.80765946361339,3.5432260373425137],[97.82261760481867,3.5413235584282945],[97.83486266408072,3.554310701356675],[97.87377578312595,3.5668063342104572],[97.85987924573065,3.5517575080842136],[97.84594512206979,3.5517004002349637],[97.82304518928413,3.537423633990527],[97.80526756644507,3.534102207451461]]]}},{"type":"Feature","properties":{"code":"1102132016","desa":"Tanoh Khukahen","kecamatan":"Deleng Pokhkisen","kecCode":"110213"},"geometry":{"type":"Polygon","coordinates":[[[97.81305425824746,3.5162376588605664],[97.82055391433174,3.5210398964886163],[97.82210729441618,3.518374079317762],[97.8209155569075,3.51347987431946],[97.81305425824746,3.5162376588605664]]]}},{"type":"Feature","properties":{"code":"1102132017","desa":"Tading Ni Ulihi","kecamatan":"Deleng Pokhkisen","kecCode":"110213"},"geometry":{"type":"Polygon","coordinates":[[[97.82089709742313,3.503516092027399],[97.82775695242144,3.509455959452021],[97.82921338558934,3.50503106026698],[97.82089709742313,3.503516092027399]]]}},{"type":"Feature","properties":{"code":"1102132018","desa":"Peseluk Pesimbe","kecamatan":"Deleng Pokhkisen","kecCode":"110213"},"geometry":{"type":"Polygon","coordinates":[[[97.88783103017794,3.560250813396818],[97.85062790095691,3.5274298979791183],[97.82119857175672,3.5192390895288694],[97.85753785628707,3.538508668735921],[97.87596703075394,3.5656571867964617],[97.88783103017794,3.560250813396818]]]}},{"type":"Feature","properties":{"code":"1102132019","desa":"Kane Lot","kecamatan":"Deleng Pokhkisen","kecCode":"110213"},"geometry":{"type":"Polygon","coordinates":[[[97.82050991859789,3.5210177111130907],[97.81396187564012,3.5215531800492212],[97.8196035035989,3.5236494214953775],[97.82050991859789,3.5210177111130907]]]}},{"type":"Feature","properties":{"code":"1102132020","desa":"Muhajirin","kecamatan":"Deleng Pokhkisen","kecCode":"110213"},"geometry":{"type":"Polygon","coordinates":[[[97.81607571322365,3.507383662455244],[97.82089709742313,3.503516092027399],[97.81720653155621,3.50313069386023],[97.81607571322365,3.507383662455244]]]}},{"type":"Feature","properties":{"code":"1102132021","desa":"Beriring Naru","kecamatan":"Deleng Pokhkisen","kecCode":"110213"},"geometry":{"type":"Polygon","coordinates":[[[97.8209155569075,3.51347987431946],[97.81629891955953,3.507378128027442],[97.81464067402793,3.513639918569891],[97.8209155569075,3.51347987431946]]]}},{"type":"Feature","properties":{"code":"1102132022","desa":"Kati Jeroh","kecamatan":"Deleng Pokhkisen","kecCode":"110213"},"geometry":{"type":"Polygon","coordinates":[[[97.84802523327795,3.5476582749954515],[97.87596703075394,3.5656571867964617],[97.85753785628707,3.538508668735921],[97.82050991859789,3.5210177111130907],[97.84486008822256,3.5374807418396883],[97.84802523327795,3.5476582749954515]]]}},{"type":"Feature","properties":{"code":"1102142001","desa":"Terutung Megara Lawe Pasaran","kecamatan":"Lawe Sumur","kecCode":"110214"},"geometry":{"type":"Polygon","coordinates":[[[97.8331146805981,3.455845655537124],[97.8317885843757,3.460499316170068],[97.83277135181652,3.46160925674019],[97.84327272185867,3.4591422832707917],[97.8331146805981,3.455845655537124]]]}},{"type":"Feature","properties":{"code":"1102142002","desa":"Kisam Gabungan","kecamatan":"Lawe Sumur","kecCode":"110214"},"geometry":{"type":"Polygon","coordinates":[[[97.84131980986136,3.4689567232446974],[97.82588005921741,3.472181923224225],[97.84166901661189,3.470858814551103],[97.84131980986136,3.4689567232446974]]]}},{"type":"Feature","properties":{"code":"1102142003","desa":"Kisam Kute Pasir","kecamatan":"Lawe Sumur","kecCode":"110214"},"geometry":{"type":"Polygon","coordinates":[[[97.83356278129736,3.46622325187502],[97.83706220525664,3.469782060763091],[97.84334680081429,3.4663163811693463],[97.83896687672005,3.464782358993671],[97.83356278129736,3.46622325187502]]]}},{"type":"Feature","properties":{"code":"1102142004","desa":"Lawe Sumur","kecamatan":"Lawe Sumur","kecCode":"110214"},"geometry":{"type":"Polygon","coordinates":[[[97.84715319756208,3.4786421500752818],[97.8558115896332,3.473663223544353],[97.84598661678898,3.459694702628859],[97.84803998395813,3.467489407382292],[97.84715319756208,3.4786421500752818]]]}},{"type":"Feature","properties":{"code":"1102142005","desa":"Lawe Sumur Baru","kecamatan":"Lawe Sumur","kecCode":"110214"},"geometry":{"type":"Polygon","coordinates":[[[97.85196394458045,3.4612010661551165],[97.8514950182805,3.458535631196094],[97.85049437591476,3.45861178398826],[97.85196394458045,3.4612010661551165]]]}},{"type":"Feature","properties":{"code":"1102142006","desa":"Kute Lesung","kecamatan":"Lawe Sumur","kecCode":"110214"},"geometry":{"type":"Polygon","coordinates":[[[97.92757674696936,3.4711035641463597],[97.9210384769442,3.465612256974153],[97.90918876055292,3.4711801962771114],[97.89272289064893,3.4681344865886587],[97.85822547072893,3.4558267895592696],[97.86882606027449,3.466202067444924],[97.9068093082031,3.4780106821080556],[97.91979566243992,3.477942625912296],[97.92757674696936,3.4711035641463597]]]}},{"type":"Feature","properties":{"code":"1102142007","desa":"Berandang","kecamatan":"Lawe Sumur","kecCode":"110214"},"geometry":{"type":"Polygon","coordinates":[[[97.85936432540336,3.4570438528748086],[97.85564613236318,3.4656314107350616],[97.8643396834297,3.4636151181194417],[97.85936432540336,3.4570438528748086]]]}},{"type":"Feature","properties":{"code":"1102142008","desa":"Kute Bunin","kecamatan":"Lawe Sumur","kecCode":"110214"},"geometry":{"type":"Polygon","coordinates":[[[97.85771718559971,3.453963748614705],[97.85060783078683,3.4561260803385685],[97.85060814644883,3.4583682952424772],[97.85761104671252,3.4606401392105064],[97.85771718559971,3.453963748614705]]]}},{"type":"Feature","properties":{"code":"1102142009","desa":"Buah Pala","kecamatan":"Lawe Sumur","kecCode":"110214"},"geometry":{"type":"Polygon","coordinates":[[[97.95909675081447,3.48192995456029],[97.93089480195363,3.469628343243229],[97.91200658923275,3.478505461218305],[97.86569578373347,3.4636081106020717],[97.85549857340051,3.4656789470997427],[97.85769120508512,3.4734012015698976],[97.90788506284541,3.484129038878233],[97.92215205707186,3.497723623486035],[97.95909675081447,3.48192995456029]]]}},{"type":"Feature","properties":{"code":"1102142010","desa":"Panosan","kecamatan":"Lawe Sumur","kecCode":"110214"},"geometry":{"type":"Polygon","coordinates":[[[97.84439357300504,3.480618094607344],[97.84816644392629,3.4774910214548336],[97.8468108238605,3.4626853639156288],[97.84115268524829,3.468940010243771],[97.84439357300504,3.480618094607344]]]}},{"type":"Feature","properties":{"code":"1102142011","desa":"Lawe Pasaran Tengku Mbelin","kecamatan":"Lawe Sumur","kecCode":"110214"},"geometry":{"type":"Polygon","coordinates":[[[97.84997210093177,3.4520321415587087],[97.845734999071,3.4547690816135903],[97.85087651673791,3.4595631758804557],[97.84997210093177,3.4520321415587087]]]}},{"type":"Feature","properties":{"code":"1102142012","desa":"Terutung Megahke Mbakhu","kecamatan":"Lawe Sumur","kecCode":"110214"},"geometry":{"type":"Polygon","coordinates":[[[97.84736188884015,3.457964315283241],[97.84222030372412,3.4557881600801768],[97.8454365581507,3.4594753417942745],[97.84736188884015,3.457964315283241]]]}},{"type":"Feature","properties":{"code":"1102142013","desa":"Kisam Lestari","kecamatan":"Lawe Sumur","kecCode":"110214"},"geometry":{"type":"Polygon","coordinates":[[[97.82720634159942,3.478166084058151],[97.84267943730622,3.4765177994192897],[97.84166329062845,3.4708387749579845],[97.82624662827929,3.47276232318909],[97.82720634159942,3.478166084058151]]]}},{"type":"Feature","properties":{"code":"1102142014","desa":"Kisam Kute Rambe","kecamatan":"Lawe Sumur","kecCode":"110214"},"geometry":{"type":"Polygon","coordinates":[[[97.84179728961328,3.4585187113511706],[97.83291830643475,3.466372905358542],[97.84442676338448,3.4629954852303544],[97.84179728961328,3.4585187113511706]]]}},{"type":"Feature","properties":{"code":"1102142015","desa":"Lawe Polak","kecamatan":"Lawe Sumur","kecCode":"110214"},"geometry":{"type":"Polygon","coordinates":[[[97.84663307555604,3.457508806868747],[97.84441946898335,3.4629580311651176],[97.85196394458045,3.4612010661551165],[97.84663307555604,3.457508806868747]]]}},{"type":"Feature","properties":{"code":"1102142016","desa":"Lawes Sumur Sepakat","kecamatan":"Lawe Sumur","kecCode":"110214"},"geometry":{"type":"Polygon","coordinates":[[[97.85466251056646,3.4625689619653413],[97.85367321404766,3.469778735969482],[97.85769120508512,3.4734012015698976],[97.85466251056646,3.4625689619653413]]]}},{"type":"Feature","properties":{"code":"1102142017","desa":"Setia Baru","kecamatan":"Lawe Sumur","kecCode":"110214"},"geometry":{"type":"Polygon","coordinates":[[[97.9210384769442,3.465612256974153],[97.86566195303674,3.4528902269901045],[97.85772580020557,3.453746921170305],[97.90685689043323,3.4708946597292023],[97.9210384769442,3.465612256974153]]]}},{"type":"Feature","properties":{"code":"1102142018","desa":"Teger Miko","kecamatan":"Lawe Sumur","kecCode":"110214"},"geometry":{"type":"Polygon","coordinates":[[[97.8528856786312,3.474071413230138],[97.92215205707186,3.497723623486035],[97.90692566428804,3.4836721832793263],[97.87106242778883,3.4729360551210706],[97.8528856786312,3.474071413230138]]]}},{"type":"Feature","properties":{"code":"1102152001","desa":"Salim Pinim I","kecamatan":"Tanoh Alas","kecCode":"110215"},"geometry":{"type":"Polygon","coordinates":[[[97.85306200690614,3.377146065207981],[97.85921060698399,3.377725909391814],[97.84913154238683,3.375815054192063],[97.85306200690614,3.377146065207981]]]}},{"type":"Feature","properties":{"code":"1102152002","desa":"Jambur Damar","kecamatan":"Tanoh Alas","kecCode":"110215"},"geometry":{"type":"Polygon","coordinates":[[[97.85548030996843,3.369144197124805],[97.86301132631172,3.369707665553549],[97.85738723962946,3.366357146845712],[97.85548030996843,3.369144197124805]]]}},{"type":"Feature","properties":{"code":"1102152003","desa":"Alur Langsat","kecamatan":"Tanoh Alas","kecCode":"110215"},"geometry":{"type":"Polygon","coordinates":[[[97.84404123481522,3.382249978617325],[97.8241475341814,3.379497555834195],[97.80901825468872,3.365833168547262],[97.78014111641941,3.3616310404260883],[97.76289002415537,3.3523511421874184],[97.67711045438402,3.3459265986364786],[97.65188816810449,3.3493768161861994],[97.59252061483453,3.338669241502981],[97.55422087029699,3.3427999400713566],[97.56749284202111,3.347240631351504],[97.60489796886623,3.3444328669876495],[97.64511086007819,3.3559494582929013],[97.74909330611126,3.357615080961447],[97.81322929779388,3.3754689698880154],[97.83205876589936,3.38621715435765],[97.84212975908115,3.387140235591831],[97.84404123481522,3.382249978617325]]]}},{"type":"Feature","properties":{"code":"1102152004","desa":"Rambah Sayang","kecamatan":"Tanoh Alas","kecCode":"110215"},"geometry":{"type":"Polygon","coordinates":[[[97.84910277667188,3.3760469974413976],[97.8360870029129,3.3763979749565967],[97.82783503156149,3.3694594670582325],[97.8199246299178,3.3716642386888043],[97.83579737534863,3.3785457718376213],[97.84910277667188,3.3760469974413976]]]}},{"type":"Feature","properties":{"code":"1102152006","desa":"Rumah Luar","kecamatan":"Tanoh Alas","kecCode":"110215"},"geometry":{"type":"Polygon","coordinates":[[[97.8412990256296,3.3957320976074747],[97.8459415535599,3.393199344126365],[97.82902895082549,3.393668563604772],[97.81407451392771,3.3816075515116797],[97.80218101584124,3.386830944351402],[97.79468552361806,3.3798373853533534],[97.78649329243153,3.3795248394664674],[97.80361097656537,3.391584550240486],[97.8412990256296,3.3957320976074747]]]}},{"type":"Feature","properties":{"code":"1102152007","desa":"Tenembak Alas","kecamatan":"Tanoh Alas","kecCode":"110215"},"geometry":{"type":"Polygon","coordinates":[[[97.86157160974204,3.374830317237066],[97.8106886500612,3.340769249309762],[97.7670375688288,3.330284781137442],[97.72873049121927,3.3360525264164202],[97.81940618065079,3.3527218391371116],[97.86157160974204,3.374830317237066]]]}},{"type":"Feature","properties":{"code":"1102152008","desa":"Lawe Tungkal","kecamatan":"Tanoh Alas","kecCode":"110215"},"geometry":{"type":"Polygon","coordinates":[[[97.46886348995815,3.3346378721550782],[97.46021883772926,3.353191345499191],[97.47046244138862,3.349556988163409],[97.48827984483903,3.3562956226365177],[97.51980294415061,3.354125554045067],[97.54275998388619,3.359493618124171],[97.55118100170195,3.350233082289122],[97.58635895390267,3.3486797705548197],[97.6049530136707,3.357085930661974],[97.69874565618714,3.362705265320477],[97.71094372497298,3.358821985535133],[97.7573603456035,3.364715434452304],[97.80218101584124,3.386830944351402],[97.81407451392771,3.3816075515116797],[97.82902895082549,3.393668563604772],[97.84307649968075,3.3900305244445295],[97.75642204604065,3.3586620447066795],[97.64335005855843,3.355806690918234],[97.58510085272223,3.343147957917753],[97.53529457758276,3.3484250321896254],[97.52077986599805,3.338312322166999],[97.51102407620021,3.3467594095210518],[97.46886348995815,3.3346378721550782]]]}},{"type":"Feature","properties":{"code":"1102152009","desa":"Salim Pinim Ii","kecamatan":"Tanoh Alas","kecCode":"110215"},"geometry":{"type":"Polygon","coordinates":[[[97.47520781219083,3.3154415948893905],[97.46886348995815,3.3346378721550782],[97.51102407620021,3.3467594095210518],[97.52077986599805,3.338312322166999],[97.53957760782038,3.3486629784135884],[97.59252061483453,3.338669241502981],[97.65188816810449,3.3493768161861994],[97.71672848003539,3.348306059077631],[97.76289002415537,3.3523511421874184],[97.81524292482118,3.37242903384715],[97.8509742847355,3.3739640515723535],[97.76033463383635,3.3455491927442753],[97.6912122440499,3.345868991663526],[97.67442133217877,3.3378990567076103],[97.6101568489595,3.3356147742163587],[97.5687351915759,3.326020787753444],[97.5446740829426,3.331046209234019],[97.53447095417124,3.3246502182587254],[97.51787183441769,3.326629929151555],[97.47520781219083,3.3154415948893905]]]}},{"type":"Feature","properties":{"code":"1102152010","desa":"Jambukh Pekhmate","kecamatan":"Tanoh Alas","kecCode":"110215"},"geometry":{"type":"Polygon","coordinates":[[[97.82433388809852,3.339771696116336],[97.8106886500612,3.340769249309762],[97.85548030996843,3.369144197124805],[97.83946862287871,3.349035041433531],[97.82433388809852,3.339771696116336]]]}},{"type":"Feature","properties":{"code":"1102152011","desa":"Khutung Mbelang","kecamatan":"Tanoh Alas","kecCode":"110215"},"geometry":{"type":"Polygon","coordinates":[[[97.84404123481522,3.382249978617325],[97.85364713370831,3.389218884500146],[97.85552025695436,3.3871591834080257],[97.84404123481522,3.382249978617325]]]}},{"type":"Feature","properties":{"code":"1102152012","desa":"Timang Rasa","kecamatan":"Tanoh Alas","kecCode":"110215"},"geometry":{"type":"Polygon","coordinates":[[[97.84883927890967,3.382990967821795],[97.85583582456371,3.378579918196331],[97.81767010599064,3.3721824001722243],[97.8241475341814,3.379497555834195],[97.84883927890967,3.382990967821795]]]}},{"type":"Feature","properties":{"code":"1102152013","desa":"Stambul Jaya","kecamatan":"Tanoh Alas","kecCode":"110215"},"geometry":{"type":"Polygon","coordinates":[[[97.83902988322255,3.3995246124160743],[97.84127816405606,3.395692541826568],[97.80262112066822,3.391279979541438],[97.7573603456035,3.364715434452304],[97.60285147431613,3.3569031884223937],[97.58635895390267,3.3486797705548197],[97.5497270461663,3.35149862895539],[97.59921983472765,3.364960666983516],[97.64810348189025,3.3618388143954308],[97.69002006677272,3.3755749675815534],[97.7077232572226,3.365124374172663],[97.76397371531476,3.376203144929429],[97.78099161966759,3.390822552872961],[97.83902988322255,3.3995246124160743]]]}},{"type":"Feature","properties":{"code":"1102152014","desa":"Alur Nangke","kecamatan":"Tanoh Alas","kecCode":"110215"},"geometry":{"type":"Polygon","coordinates":[[[97.8406431500614,3.392594117477122],[97.84690861524047,3.3876493130233043],[97.84283522056904,3.3876128617021757],[97.8406431500614,3.392594117477122]]]}},{"type":"Feature","properties":{"code":"1102152015","desa":"Kute Mejile","kecamatan":"Tanoh Alas","kecCode":"110215"},"geometry":{"type":"Polygon","coordinates":[[[97.81081727919411,3.3575188319188807],[97.86116876023016,3.3751031589550697],[97.82342651891878,3.3540924086318054],[97.7640808578454,3.3398841716265566],[97.72873049121927,3.3360525264164202],[97.68592967581394,3.3437003601886883],[97.76033463383635,3.3455491927442753],[97.81081727919411,3.3575188319188807]]]}},{"type":"Feature","properties":{"code":"1102162001","desa":"Bintang Alga Musara","kecamatan":"Leuser","kecCode":"110216"},"geometry":{"type":"Polygon","coordinates":[[[97.46834587256404,3.2474675297117526],[97.46409906162245,3.268575464372422],[97.49029698371889,3.2620583176304927],[97.52874907431037,3.2702436635985865],[97.57074494882039,3.2557873522045906],[97.5860624339342,3.2613354182889074],[97.60210358011618,3.254219421091158],[97.66385596098388,3.2598880961543104],[97.69135506808196,3.2504805076750514],[97.71089390792757,3.2890757451136587],[97.76010283717625,3.2761704629744792],[97.79573275895972,3.2942801038022806],[97.81444008114488,3.2784876201830393],[97.83305698369293,3.2792871192798096],[97.8452207892081,3.2706353983889462],[97.85273583988713,3.2738840769690563],[97.85524855107985,3.266888461221566],[97.86766933786969,3.2648897143790196],[97.86941110343975,3.2502703064355085],[97.88398012868004,3.2477822447634273],[97.87726356266334,3.2323866517478708],[97.88144530585623,3.2180181591515185],[97.87174922204899,3.212621282592727],[97.77949567298697,3.2391873277509005],[97.75589141995312,3.232524837076691],[97.73190645332022,3.2405198253461744],[97.70735041628875,3.2327151938760417],[97.68089080856402,3.2410908966434455],[97.64605549986145,3.237093402059061],[97.61826339633869,3.2441366063319257],[97.56686703798344,3.2426137510380255],[97.52879566189034,3.2523219523000004],[97.49186642659436,3.2426137510380255],[97.46834587256404,3.2474675297117526]]]}},{"type":"Feature","properties":{"code":"1102162002","desa":"Bintang Bukit Indah","kecamatan":"Leuser","kecCode":"110216"},"geometry":{"type":"Polygon","coordinates":[[[97.92567911899617,3.1837871490355303],[97.91085507660055,3.183525408548847],[97.89998360855674,3.19201995042929],[97.90300029622676,3.2053243202157367],[97.92114652958873,3.203318442648674],[97.92567911899617,3.1837871490355303]]]}},{"type":"Feature","properties":{"code":"1102162003","desa":"Tanjung Sari","kecamatan":"Leuser","kecCode":"110216"},"geometry":{"type":"Polygon","coordinates":[[[97.92414474338528,3.2269031452950934],[97.91692825323634,3.2273444660050608],[97.90852499523241,3.2162569367509137],[97.90092721771697,3.2247876727463782],[97.9151547667791,3.2477224542365883],[97.92414474338528,3.2269031452950934]]]}},{"type":"Feature","properties":{"code":"1102162004","desa":"Bun-Bun Alas","kecamatan":"Leuser","kecCode":"110216"},"geometry":{"type":"Polygon","coordinates":[[[97.61368899924798,3.095086844855821],[97.5803572311014,3.1246372641402296],[97.58504026629532,3.131200341956901],[97.59339543934813,3.127436096437488],[97.59664344793686,3.132677074620409],[97.61193817930359,3.1332824163828286],[97.63832164232997,3.1226605021244085],[97.65865175697307,3.1242595003178977],[97.6889185006883,3.0944496122343215],[97.70513690684281,3.0911374037462647],[97.81226975984161,3.1189904219183693],[97.82072160461843,3.114497999835613],[97.84996042233571,3.11701071012623],[97.92211586025881,3.1332365158850375],[97.93818447083675,3.1218899333185113],[97.92663850676172,3.109007674723104],[97.90872640829717,3.1170315222369944],[97.86875395802878,3.102393464152938],[97.82324438731864,3.101013377133034],[97.80801583616197,3.0847140697835598],[97.77839154743201,3.0879263429079407],[97.75447796358718,3.075791090880801],[97.69701398011114,3.0809069328977903],[97.6750039660602,3.0891160722292246],[97.6621548771459,3.101846188916931],[97.65656314267493,3.080312066438497],[97.62741474639347,3.0997046746997525],[97.61368899924798,3.095086844855821]]]}},{"type":"Feature","properties":{"code":"1102162005","desa":"Naga Timbul","kecamatan":"Leuser","kecCode":"110216"},"geometry":{"type":"Polygon","coordinates":[[[97.97394748598778,3.103166999822236],[97.95950544232238,3.0882226659245218],[97.94938659441584,3.0928149001638006],[97.96013865317639,3.101481185575108],[97.97394748598778,3.103166999822236]]]}},{"type":"Feature","properties":{"code":"1102162006","desa":"Gunung Pak-Pak","kecamatan":"Leuser","kecCode":"110216"},"geometry":{"type":"Polygon","coordinates":[[[97.93779174859037,3.1359998627329513],[97.92028367505162,3.1293579935132785],[97.91558227120493,3.1408708193570707],[97.92503526286714,3.141511200505058],[97.94207621594465,3.1650023250953634],[97.96399025794409,3.142754599567274],[97.94504434741872,3.128547390487268],[97.93779174859037,3.1359998627329513]]]}},{"type":"Feature","properties":{"code":"1102162007","desa":"Bukit Meriah","kecamatan":"Leuser","kecCode":"110216"},"geometry":{"type":"Polygon","coordinates":[[[97.90463957595574,3.2582574022546513],[97.9151547667791,3.2477224542365883],[97.90459623133108,3.226761852808607],[97.87890539107099,3.22674732875757],[97.88385850076922,3.2479382636484786],[97.89809628771354,3.2483074650255865],[97.90463957595574,3.2582574022546513]]]}},{"type":"Feature","properties":{"code":"1102162008","desa":"Permata Musara","kecamatan":"Leuser","kecCode":"110216"},"geometry":{"type":"Polygon","coordinates":[[[97.48550356933428,3.206787211413621],[97.47540290122298,3.2240707529971044],[97.49909998767434,3.223578063012052],[97.53640993656938,3.234999476367198],[97.55430348381879,3.225862346402528],[97.58780629492462,3.2224359222160808],[97.61731161144176,3.2287176992916455],[97.66604297280503,3.208730226369705],[97.69497721802423,3.2178673572337626],[97.7309546693226,3.2039713045880704],[97.74675428997858,3.217296286835751],[97.75950820094276,3.205874873480599],[97.80881063270459,3.2022580933941653],[97.86667912494168,3.1856970446585935],[97.90259737566838,3.1906955629202445],[97.9409076701529,3.176315641739378],[97.91989496737892,3.1756016124111532],[97.90611564941777,3.163188333175081],[97.88005990384151,3.153345664381659],[97.83615782002744,3.166371557298177],[97.79080841497641,3.160341051701334],[97.7089141439726,3.1895286997612966],[97.69950655458388,3.183498194164439],[97.67803795398845,3.1878401587697396],[97.66223802756296,3.180965381328146],[97.62195424819004,3.199539339429788],[97.59952076587068,3.201107271442532],[97.58770097442049,3.2130476736573637],[97.57563996231447,3.203037033089623],[97.55260342880524,3.1992981196735304],[97.53603242095954,3.208406833759562],[97.52951947494387,3.1870588421661346],[97.51299588834961,3.2018938877509795],[97.49044179615203,3.210336595406668],[97.48550356933428,3.206787211413621]]]}},{"type":"Feature","properties":{"code":"1102162009","desa":"Laut Tawar","kecamatan":"Leuser","kecCode":"110216"},"geometry":{"type":"Polygon","coordinates":[[[97.92567911899617,3.1837871490355303],[97.92114652958873,3.203318442648674],[97.91287404829875,3.2080756350340667],[97.93002702362827,3.2152092805277523],[97.9446901215519,3.207575096665493],[97.9484402729003,3.18286731705185],[97.94012483639216,3.17370225144648],[97.92567911899617,3.1837871490355303]]]}},{"type":"Feature","properties":{"code":"1102162010","desa":"Kane Mende","kecamatan":"Leuser","kecCode":"110216"},"geometry":{"type":"Polygon","coordinates":[[[97.93002702362827,3.2152092805277523],[97.90741835337438,3.2058187144161283],[97.90572294785579,3.2112304882445937],[97.91646942002781,3.2268877264186737],[97.92729273297329,3.2260810947987864],[97.93002702362827,3.2152092805277523]]]}},{"type":"Feature","properties":{"code":"1102162011","desa":"Lawe Sekhakut","kecamatan":"Leuser","kecCode":"110216"},"geometry":{"type":"Polygon","coordinates":[[[97.91942706900409,3.132379909838389],[97.84996042233571,3.11701071012623],[97.82072160461843,3.114497999835613],[97.81226975984161,3.1189904219183693],[97.70513690684281,3.0911374037462647],[97.6889185006883,3.0944496122343215],[97.65865175697307,3.1242595003178977],[97.64083435262336,3.1223178604252495],[97.61193817930359,3.1332824163828286],[97.59664344793686,3.132677074620409],[97.59471321144558,3.1449985465654544],[97.62757101888745,3.144045897421011],[97.63746957695946,3.1518505297904666],[97.66735560797495,3.1554673098768866],[97.70466555597068,3.149566246399959],[97.72103624792457,3.1314823423706257],[97.73854908067555,3.1265330646889318],[97.76976760928778,3.1493758896006465],[97.79984399620355,3.13871590434206],[97.82668431572864,3.1415712572312295],[97.84172251008583,3.1354798378543114],[97.91558227120493,3.1408708193570707],[97.91942706900409,3.132379909838389]]]}},{"type":"Feature","properties":{"code":"1102162012","desa":"Bunbun Indah","kecamatan":"Leuser","kecCode":"110216"},"geometry":{"type":"Polygon","coordinates":[[[97.64286791042576,3.029503394410981],[97.61368899924798,3.095086844855821],[97.62060737582976,3.1003894778602032],[97.65251805866153,3.0805500126625143],[97.65894260401802,3.081858716894385],[97.6621548771459,3.101846188916931],[97.6750039660602,3.0891160722292246],[97.69701398011114,3.0809069328977903],[97.71176663881936,3.0832863933389856],[97.74198579310989,3.0753151984328913],[97.77839154743201,3.0879263429079407],[97.80801583616197,3.0847140697835598],[97.82324438731864,3.101013377133034],[97.86875395802878,3.102393464152938],[97.90872640829717,3.1170315222369944],[97.92817202172147,3.101100249843957],[97.94606731815223,3.0966295005231754],[97.93681565232055,3.086398575517069],[97.8663023422793,3.0761408390227922],[97.8280025383865,3.052308330884902],[97.7849438109082,3.050937760490905],[97.76529898056354,3.040544275830575],[97.73297638305371,3.0421432740240713],[97.67255710862372,3.0270670086830025],[97.64286791042576,3.029503394410981]]]}},{"type":"Feature","properties":{"code":"1102162013","desa":"Suka Damai","kecamatan":"Leuser","kecCode":"110216"},"geometry":{"type":"Polygon","coordinates":[[[97.95950544232238,3.0882226659245218],[97.96896819792401,3.0962320946080153],[97.98210664910268,3.1111521504078308],[97.98314705679131,3.0888620155501463],[97.97246971100844,3.09047926638385],[97.96422840831444,3.0760008919220745],[97.95950544232238,3.0882226659245218]]]}},{"type":"Feature","properties":{"code":"1102162014","desa":"Tuah Kekhine","kecamatan":"Leuser","kecCode":"110216"},"geometry":{"type":"Polygon","coordinates":[[[97.5803572311014,3.1246372641402296],[97.51685000132652,3.170489996308474],[97.48550356933428,3.206787211413621],[97.48790898421231,3.210336595406668],[97.52167981667026,3.1974313123682716],[97.52951947494387,3.1870588421661346],[97.53603242095954,3.208406833759562],[97.55260342880524,3.1992981196735304],[97.57563996231447,3.203037033089623],[97.58770097442049,3.2130476736573637],[97.59952076587068,3.201107271442532],[97.62195424819004,3.199539339429788],[97.66223802756296,3.180965381328146],[97.67803795398845,3.1878401587697396],[97.69950655458388,3.183498194164439],[97.7089141439726,3.1895286997612966],[97.79080841497641,3.160341051701334],[97.83615782002744,3.166371557298177],[97.88005990384151,3.153345664381659],[97.90611564941777,3.163188333175081],[97.91989496737892,3.1756016124111532],[97.9321729849953,3.1772767535042226],[97.94211915587442,3.168381238098127],[97.92503526286714,3.141511200505058],[97.88474316476531,3.135670194653618],[97.79984399620355,3.13871590434206],[97.76976760928778,3.1493758896006465],[97.73854908067555,3.1265330646889318],[97.72103624792457,3.1314823423706257],[97.70466555597068,3.149566246399959],[97.66735560797495,3.1554673098768866],[97.63746957695946,3.1518505297904666],[97.62757101888745,3.144045897421011],[97.59471321144558,3.1449985465654544],[97.59453773482862,3.1278438535493405],[97.58504026629532,3.131200341956901],[97.5803572311014,3.1246372641402296]]]}},{"type":"Feature","properties":{"code":"1102162015","desa":"Punce Nali","kecamatan":"Leuser","kecCode":"110216"},"geometry":{"type":"Polygon","coordinates":[[[97.95788557625836,3.1052266271699254],[97.92925860240261,3.131488200554379],[97.93173840110637,3.1356857736094237],[97.94504434741872,3.128547390487268],[97.96399025794409,3.142754599567274],[97.9802764522965,3.121754469338196],[97.95788557625836,3.1052266271699254]]]}},{"type":"Feature","properties":{"code":"1102162016","desa":"Sade Ate","kecamatan":"Leuser","kecCode":"110216"},"geometry":{"type":"Polygon","coordinates":[[[97.96046075436038,3.101139815517344],[97.94708174442701,3.094806808561453],[97.94301605874413,3.110455146145225],[97.94780891734774,3.1166498688468116],[97.96046075436038,3.101139815517344]]]}},{"type":"Feature","properties":{"code":"1102162017","desa":"Akhih Majile","kecamatan":"Leuser","kecCode":"110216"},"geometry":{"type":"Polygon","coordinates":[[[97.92153237382006,3.1094150379319196],[97.93519445975657,3.1139302047685375],[97.93818447083675,3.1218899333185113],[97.94706865209668,3.1141866122754447],[97.94531410356306,3.0975989094332106],[97.92817202172147,3.101100249843957],[97.92153237382006,3.1094150379319196]]]}},{"type":"Feature","properties":{"code":"1102162018","desa":"Ukhat Peseluk","kecamatan":"Leuser","kecCode":"110216"},"geometry":{"type":"Polygon","coordinates":[[[97.75907822428069,2.9313070318455896],[97.74206300080692,2.928370997178498],[97.64061252314946,2.9534511033132467],[97.63301290472184,2.969661045930344],[97.63347900085529,3.007217998081222],[97.64286791042576,3.029503394410981],[97.67255710862372,3.0270670086830025],[97.73297638305371,3.0421432740240713],[97.76529898056354,3.040544275830575],[97.7849438109082,3.050937760490905],[97.8280025383865,3.052308330884902],[97.8663023422793,3.0761408390227922],[97.93681565232055,3.086398575517069],[97.94606731815223,3.0966295005231754],[97.95088201859032,3.0942267521376383],[97.94531581407364,3.074511987834074],[97.93701625869345,3.0749964193448562],[97.93010266020967,3.054718332302768],[97.94387797528837,3.0440802680190675],[97.93760965476184,3.029247911407135],[97.94740456416933,3.006488307059611],[97.93802423413113,2.9907257933476434],[97.89516899984953,3.008689996713476],[97.83722599968017,3.0032699967863126],[97.81478499992782,2.9830363857159363],[97.81534099858827,2.9703799981474295],[97.80822113879456,2.961320601083783],[97.79818969240046,2.9749999108212473],[97.7721650013138,2.960924997410053],[97.75907822428069,2.9313070318455896]]]}},{"type":"Feature","properties":{"code":"1102162019","desa":"Tunas Mude","kecamatan":"Leuser","kecCode":"110216"},"geometry":{"type":"Polygon","coordinates":[[[97.96422840831444,3.0760008919220745],[97.97246971100844,3.09047926638385],[97.98314705679131,3.0888620155501463],[97.97115919194322,3.0695139525083666],[97.96422840831444,3.0760008919220745]]]}},{"type":"Feature","properties":{"code":"1102162020","desa":"Gaye Sendah","kecamatan":"Leuser","kecCode":"110216"},"geometry":{"type":"Polygon","coordinates":[[[97.98234078579866,3.113674791911766],[97.96542678102116,3.099337187430425],[97.96046075436038,3.101139815517344],[97.98234078579866,3.113674791911766]]]}},{"type":"Feature","properties":{"code":"1102162021","desa":"Kute Hakhapen","kecamatan":"Leuser","kecCode":"110216"},"geometry":{"type":"Polygon","coordinates":[[[97.94961519488538,3.0926777409613933],[97.95950544232238,3.0882226659245218],[97.97080727643468,3.06914527633539],[97.94834651408041,3.065744209433307],[97.94961519488538,3.0926777409613933]]]}},{"type":"Feature","properties":{"code":"1102162022","desa":"Kompas","kecamatan":"Leuser","kecCode":"110216"},"geometry":{"type":"Polygon","coordinates":[[[97.47497422498054,3.222981608349999],[97.46839792262608,3.2493657332489065],[97.48634607671009,3.242233037439374],[97.52879566189034,3.2523219523000004],[97.56686703798344,3.2426137510380255],[97.61826339633869,3.2441366063319257],[97.64605549986145,3.237093402059061],[97.68089080856402,3.2410908966434455],[97.70735041628875,3.2327151938760417],[97.73190645332022,3.2405198253461744],[97.75589141995312,3.232524837076691],[97.77949567298697,3.2391873277509005],[97.87174922204899,3.212621282592727],[97.87778640601789,3.2128042271798183],[97.88281640775106,3.225369393815356],[97.9018445405931,3.224296702265017],[97.90851262056107,3.2162637113439176],[97.89975155558987,3.1995229960502467],[97.90132865259528,3.189587483047461],[97.86667912494168,3.1856970446585935],[97.80881063270459,3.2022580933941653],[97.75950820094276,3.205874873480599],[97.74675428997858,3.217296286835751],[97.7309546693226,3.2039713045880704],[97.69497721802423,3.2178673572337626],[97.66604297280503,3.208730226369705],[97.61731161144176,3.2287176992916455],[97.58780629492462,3.2224359222160808],[97.55430348381879,3.225862346402528],[97.53640993656938,3.234999476367198],[97.49909998767434,3.223578063012052],[97.47497422498054,3.222981608349999]]]}},{"type":"Feature","properties":{"code":"1102162023","desa":"Sepakat","kecamatan":"Leuser","kecCode":"110216"},"geometry":{"type":"Polygon","coordinates":[[[97.95788557625836,3.1052266271699254],[97.97038581365445,3.1123013769620993],[97.9802764522965,3.121754469338196],[97.98234078579866,3.113674791911766],[97.97133417483235,3.1049447283796607],[97.95788557625836,3.1052266271699254]]]}}]}