{"type":"FeatureCollection","features":[{"type":"Feature","properties":{"code":"1205011001","desa":"Pekan Bahorok","kecamatan":"Bahorok","kecCode":"120501"},"geometry":{"type":"Polygon","coordinates":[[[98.18542985140658,3.482145321505712],[98.17645067206092,3.4777692249307846],[98.16476751730714,3.48433653855438],[98.17170429042072,3.499029171097532],[98.1866528799265,3.5047159603054494],[98.19032867622745,3.4966097798582125],[98.18542985140658,3.482145321505712]]]}},{"type":"Feature","properties":{"code":"1205012002","desa":"Lau Damak","kecamatan":"Bahorok","kecCode":"120501"},"geometry":{"type":"Polygon","coordinates":[[[97.9522219643722,3.4751949191739664],[97.95883685123977,3.483118798049373],[98.02787826876715,3.4842131452745146],[98.03889993168656,3.491123100597276],[98.06042929497602,3.4894098885040696],[98.09575953207678,3.4981329921829913],[98.11237768778011,3.4913372525586186],[98.15252989004244,3.499899044842267],[98.16997863170853,3.495979974737555],[98.1660286312164,3.481742925252538],[98.19735365574665,3.475637723765275],[98.20386877182641,3.461078243944787],[98.19294329859439,3.4312919945408633],[98.18156457424578,3.4366342723590244],[98.18311874663287,3.4508930269815066],[98.17562820158031,3.457688768404535],[98.15012157035424,3.453058336360662],[98.14928960393212,3.4441507277709844],[98.13899657533176,3.4491686111342466],[98.12900811563208,3.445555161237343],[98.0553486398279,3.4586010505796456],[98.04189386471018,3.4708135058071665],[97.99073545257913,3.4595110664632003],[97.9617060294098,3.4666494495854403],[97.9522219643722,3.4751949191739664]]]}},{"type":"Feature","properties":{"code":"1205012003","desa":"Timbang Lawan","kecamatan":"Bahorok","kecCode":"120501"},"geometry":{"type":"Polygon","coordinates":[[[98.02787826876715,3.4842131452745146],[97.9541720650888,3.483312049766337],[97.9849144287579,3.4875932561743115],[97.99371843455816,3.4959213704164247],[97.99443227323087,3.5065813547758258],[98.04814464036292,3.534627269432925],[98.14943838327484,3.518635202869467],[98.14939444060097,3.529260089387357],[98.15652090591514,3.5305439120762863],[98.18305612593952,3.5172500274854266],[98.19920709463179,3.525252772407554],[98.20398493455711,3.5177541595449373],[98.16997863170853,3.495979974737555],[98.15252989004244,3.499899044842267],[98.11237768778011,3.4913372525586186],[98.09575953207678,3.4981329921829913],[98.06042929497602,3.4894098885040696],[98.03889993168656,3.491123100597276],[98.02787826876715,3.4842131452745146]]]}},{"type":"Feature","properties":{"code":"1205012004","desa":"Sampe Raya","kecamatan":"Bahorok","kecCode":"120501"},"geometry":{"type":"Polygon","coordinates":[[[97.87105907601564,3.568668515403212],[97.86449335508433,3.591996150440525],[97.92048925467545,3.587019678159474],[98.00879731784198,3.611781253419474],[98.02992613927994,3.609808016746037],[98.07434892066622,3.5911840779222697],[98.08669699097338,3.595429976946722],[98.10039865607318,3.614982599781065],[98.14494711501742,3.6156479290219026],[98.15096295357749,3.609441460274991],[98.15128585785612,3.5725508212227615],[98.12772527230351,3.5739547267870893],[98.11792079860601,3.561405807303457],[98.11963090174474,3.5485874923039677],[98.13154575243458,3.5404618882992547],[98.04175480524013,3.5529859217431854],[98.01837898000599,3.542097507785764],[98.00435607437339,3.5515976868655827],[97.97694468265102,3.548551977177051],[97.96552327018281,3.556737323145259],[97.9103968513337,3.548541590906787],[97.90104063211953,3.5595244129945907],[97.87105907601564,3.568668515403212]]]}},{"type":"Feature","properties":{"code":"1205012005","desa":"Tanjung Lenggang","kecamatan":"Bahorok","kecCode":"120501"},"geometry":{"type":"Polygon","coordinates":[[[98.28692279055441,3.563559233041138],[98.27635484370113,3.546123402061031],[98.28792081409436,3.545264787828261],[98.287031471825,3.529310638480898],[98.26231793292634,3.530402234679937],[98.260109792433,3.5215887104645907],[98.25583390191308,3.5285771873937932],[98.23940181684041,3.524166818555087],[98.2551476688299,3.548469743169261],[98.25047875029416,3.554120668313323],[98.23629839765299,3.548028667074958],[98.23384862461438,3.557914403501955],[98.26561966341676,3.5594127055054026],[98.26856570844073,3.568073537427976],[98.27762640233662,3.5596112524305736],[98.28692279055441,3.563559233041138]]]}},{"type":"Feature","properties":{"code":"1205012006","desa":"Suka Rakyat","kecamatan":"Bahorok","kecCode":"120501"},"geometry":{"type":"Polygon","coordinates":[[[98.19920709463179,3.525252772407554],[98.19318462896751,3.5305118845202554],[98.2000898250854,3.530649890884009],[98.19976582093595,3.538992281863637],[98.21507553680664,3.546810333916703],[98.239902244593,3.547159808664793],[98.25047875029416,3.554120668313323],[98.2551476688299,3.548469743169261],[98.24274365259755,3.5327825584702928],[98.22856736579136,3.539837323528037],[98.19920709463179,3.525252772407554]]]}},{"type":"Feature","properties":{"code":"1205012007","desa":"Perkebunan Turangi","kecamatan":"Bahorok","kecCode":"120501"},"geometry":{"type":"Polygon","coordinates":[[[98.1857171200491,3.480096038160136],[98.1993521516805,3.4811716219301467],[98.19993964100166,3.502929651316374],[98.22530112524679,3.4948739875870873],[98.23116221476447,3.4713144659577657],[98.24266452844529,3.4649874799629976],[98.23945846783408,3.452121970341241],[98.19684058172753,3.44942903141613],[98.20376202140021,3.4616189118616245],[98.19826995159706,3.474779375731838],[98.1857171200491,3.480096038160136]]]}},{"type":"Feature","properties":{"code":"1205012008","desa":"Perkebunan Bungara","kecamatan":"Bahorok","kecCode":"120501"},"geometry":{"type":"Polygon","coordinates":[[[98.19976582093595,3.538992281863637],[98.19327156193309,3.5192101844190113],[98.18114173370412,3.518209728214],[98.16772479666206,3.5279152378051992],[98.1677145210084,3.539447087907626],[98.23373989657902,3.58750732834389],[98.2362250003835,3.5491819522696924],[98.19976582093595,3.538992281863637]]]}},{"type":"Feature","properties":{"code":"1205012009","desa":"Perkebunan B. Lawang","kecamatan":"Bahorok","kecCode":"120501"},"geometry":{"type":"Polygon","coordinates":[[[98.16771475123481,3.539188164097602],[98.11991648595709,3.5481620859969176],[98.11730992241507,3.5573126464371896],[98.12504747975741,3.572447461240816],[98.16808851667177,3.572093219186547],[98.16771475123481,3.539188164097602]]]}},{"type":"Feature","properties":{"code":"1205012011","desa":"Empus","kecamatan":"Bahorok","kecCode":"120501"},"geometry":{"type":"Polygon","coordinates":[[[98.18542985140658,3.482145321505712],[98.18908425193672,3.511803808723305],[98.2007313375812,3.5164144988495702],[98.1993521516805,3.4811716219301467],[98.18542985140658,3.482145321505712]]]}},{"type":"Feature","properties":{"code":"1205012012","desa":"Simpang Pulo Rambung","kecamatan":"Bahorok","kecCode":"120501"},"geometry":{"type":"Polygon","coordinates":[[[98.24266452844529,3.4649874799629976],[98.23116221476447,3.4713144659577657],[98.23098137459083,3.4842016285564053],[98.22162170108071,3.496323680334694],[98.24254032757408,3.505053258233037],[98.23966333159751,3.5141134484988545],[98.27717551733633,3.5175729848236887],[98.26459529243886,3.5007314986960703],[98.2544442488031,3.5006546210504053],[98.24266452844529,3.4649874799629976]]]}},{"type":"Feature","properties":{"code":"1205012013","desa":"Perkebunan Sei Musam","kecamatan":"Bahorok","kecCode":"120501"},"geometry":{"type":"Polygon","coordinates":[[[98.23326400592919,3.587697685143174],[98.19751295805662,3.5609765563947273],[98.1677145210084,3.539447087907626],[98.16798471782049,3.5623176398175898],[98.21671032891864,3.598592722607564],[98.22813503920077,3.6146226344413015],[98.23483843104877,3.614418904723172],[98.23326400592919,3.587697685143174]]]}},{"type":"Feature","properties":{"code":"1205012014","desa":"Batu Jong-Jong","kecamatan":"Bahorok","kecCode":"120501"},"geometry":{"type":"Polygon","coordinates":[[[97.94764039338952,3.394711653969956],[97.95065157630927,3.412961363306938],[97.93354714908175,3.442225335030431],[97.9522219643722,3.4751949191739664],[97.9617060294098,3.4666494495854403],[97.98847496524752,3.459630039575169],[98.04189386471018,3.4708135058071665],[98.0553486398279,3.4586010505796456],[98.0780128252318,3.458379364997569],[98.10774189487262,3.447594997204803],[98.13899657533176,3.4491686111342466],[98.14928960393212,3.4441507277709844],[98.15012157035424,3.453058336360662],[98.17562820158031,3.457688768404535],[98.18311874663287,3.4508930269815066],[98.17108105304823,3.4162504538225305],[98.15012227542273,3.4029497955381176],[98.13524011973577,3.357760555295486],[98.0988077805547,3.313739758320693],[98.08382915189388,3.3217483137625483],[98.07044945487849,3.3170269054013137],[98.03566877819162,3.3265405446341747],[98.00342400171638,3.368943810186749],[97.97780789331966,3.3717810372400945],[97.94764039338952,3.394711653969956]]]}},{"type":"Feature","properties":{"code":"1205012015","desa":"Sematar","kecamatan":"Bahorok","kecCode":"120501"},"geometry":{"type":"Polygon","coordinates":[[[98.2086960573772,3.5007167525125227],[98.21157174304157,3.5116977291914226],[98.22143460882016,3.5192168259123275],[98.22128827203619,3.5092768261917766],[98.2086960573772,3.5007167525125227]]]}},{"type":"Feature","properties":{"code":"1205012015","desa":"Sematar","kecamatan":"Bahorok","kecCode":"120501"},"geometry":{"type":"Polygon","coordinates":[[[98.20398493455711,3.5177541595449373],[98.19912532287542,3.5249642573050064],[98.205649162379,3.5315691185232825],[98.23602742742388,3.5385573328504343],[98.22813792692385,3.5256400321713883],[98.20374666637558,3.5257810152911024],[98.20398493455711,3.5177541595449373]]]}},{"type":"Feature","properties":{"code":"1205012016","desa":"Perkebunan Pulo Rambung","kecamatan":"Bahorok","kecCode":"120501"},"geometry":{"type":"Polygon","coordinates":[[[98.19950538986195,3.5026976541077324],[98.20374666637558,3.5257810152911024],[98.22813792692385,3.5256400321713883],[98.23454691940486,3.5329025199371697],[98.24299151294804,3.5325786084182553],[98.23940181684041,3.524166818555087],[98.24514357801375,3.522605930032577],[98.25583390191308,3.5285771873937932],[98.26047147098166,3.5216648533641837],[98.26267961057562,3.5304974135292597],[98.28749546714215,3.5269192791097255],[98.27717551733633,3.5175729848236887],[98.23966333159751,3.5141134484988545],[98.24254032757408,3.505053258233037],[98.22252136756713,3.4963244294699343],[98.20896855375582,3.500837530563824],[98.22128827203619,3.5092768261917766],[98.22143460882016,3.5192168259123275],[98.20721577508799,3.501173527172434],[98.19950538986195,3.5026976541077324]]]}},{"type":"Feature","properties":{"code":"1205012017","desa":"Sei Musam Kendit","kecamatan":"Bahorok","kecCode":"120501"},"geometry":{"type":"Polygon","coordinates":[[[98.15128585785612,3.5725508212227615],[98.15096295357749,3.609441460274991],[98.14495005400185,3.615640942188956],[98.1815121086969,3.6150189215998316],[98.17548886871639,3.591300846795951],[98.16053390121861,3.572459438411799],[98.15128585785612,3.5725508212227615]]]}},{"type":"Feature","properties":{"code":"1205012020","desa":"Timbang Jaya","kecamatan":"Bahorok","kecCode":"120501"},"geometry":{"type":"Polygon","coordinates":[[[97.92117830443527,3.5187866073330243],[97.9103968513337,3.548541590906787],[97.96552327018281,3.556737323145259],[97.97694468265102,3.548551977177051],[98.00435607437339,3.5515976868655827],[98.01837898000599,3.542097507785764],[98.04175480524013,3.5529859217431854],[98.09992786817662,3.5420213657854975],[98.13154575243458,3.5404618882992547],[98.12997593004519,3.544863681202943],[98.16771475123481,3.539188164097602],[98.16772479666206,3.5279152378051992],[98.14967194620338,3.529725785321985],[98.14943838327484,3.518635202869467],[98.04414714487488,3.53396102018566],[97.99443227323087,3.5065813547758258],[97.99371843455816,3.4959213704164247],[97.9849144287579,3.4875932561743115],[97.9541720650888,3.483312049766337],[97.92118494502927,3.4984834975541625],[97.92117830443527,3.5187866073330243]]]}},{"type":"Feature","properties":{"code":"1205012021","desa":"Musam Pembangunan","kecamatan":"Bahorok","kecCode":"120501"},"geometry":{"type":"Polygon","coordinates":[[[98.16798471782049,3.5623176398175898],[98.16808851667177,3.572093219186547],[98.16053390121861,3.572459438411799],[98.16081451757599,3.577328473184686],[98.17548886871639,3.591300846795951],[98.1815121086969,3.6150189215998316],[98.22813503920077,3.6146226344413015],[98.21671032891864,3.598592722607564],[98.16798471782049,3.5623176398175898]]]}},{"type":"Feature","properties":{"code":"1205012022","desa":"Ujung Bandar","kecamatan":"Bahorok","kecCode":"120501"},"geometry":{"type":"Polygon","coordinates":[[[98.18156457424578,3.4366342723590244],[98.19294329859439,3.4312919945408633],[98.19813851028407,3.416896082514632],[98.19814085571596,3.3549202957281863],[98.18884906033593,3.323005773724994],[98.19091919176735,3.2858861816695075],[98.15891284085495,3.2677554184649],[98.12261817259065,3.2664926731867627],[98.0988077805547,3.313739758320693],[98.13524011973577,3.357760555295486],[98.15012227542273,3.4029497955381176],[98.17095018280473,3.4160719950538505],[98.18156457424578,3.4366342723590244]]]}},{"type":"Feature","properties":{"code":"1205021007","desa":"Tanjung Langkat","kecamatan":"Salapian","kecCode":"120502"},"geometry":{"type":"Polygon","coordinates":[[[98.30133060872065,3.4675728473809886],[98.26719631255985,3.463856143622108],[98.2601061735611,3.4583510993056423],[98.28061614272086,3.4866641117108883],[98.31398460590492,3.487168304024942],[98.31578607926423,3.483580282458873],[98.29867897655355,3.4785749302489855],[98.30133060872065,3.4675728473809886]]]}},{"type":"Feature","properties":{"code":"1205022002","desa":"Perkebunan Tanjung Keliling","kecamatan":"Salapian","kecCode":"120502"},"geometry":{"type":"Polygon","coordinates":[[[98.33149583066813,3.5704935977628702],[98.32438333542262,3.5095393068204577],[98.30031161658792,3.509521536216878],[98.30055778441424,3.500849887248744],[98.29533445542086,3.5007701011955548],[98.30316477693299,3.5371769346650956],[98.32503499766705,3.553116349520086],[98.33149583066813,3.5704935977628702]]]}},{"type":"Feature","properties":{"code":"1205022002","desa":"Perkebunan Tanjung Keliling","kecamatan":"Salapian","kecCode":"120502"},"geometry":{"type":"Polygon","coordinates":[[[98.28702379880934,3.53730485693074],[98.29322469356481,3.549807514389019],[98.30644306839291,3.5487797961355247],[98.29287583934854,3.541971463304503],[98.29263650636972,3.536313519851227],[98.28702379880934,3.53730485693074]]]}},{"type":"Feature","properties":{"code":"1205022004","desa":"Perkebunan Gelugur Langkat","kecamatan":"Salapian","kecCode":"120502"},"geometry":{"type":"Polygon","coordinates":[[[98.255452420293,3.447755805879009],[98.26719631255985,3.463856143622108],[98.29580060371494,3.459398392202798],[98.29834180543001,3.449215918171775],[98.28293808792252,3.4476753741125967],[98.2829589755763,3.419158642781168],[98.27067089904284,3.4207346066391033],[98.27430017431367,3.4514367732777704],[98.255452420293,3.447755805879009]]]}},{"type":"Feature","properties":{"code":"1205022005","desa":"Perkebunan Tambunan","kecamatan":"Salapian","kecCode":"120502"},"geometry":{"type":"Polygon","coordinates":[[[98.32754914867434,3.42754209320804],[98.31689799564606,3.421619544927397],[98.31705185525898,3.4040835555518387],[98.30618085666129,3.401174588679717],[98.29922306459281,3.4080329786749797],[98.29565070741425,3.4374934801443118],[98.3256064952436,3.4389799983309683],[98.32754914867434,3.42754209320804]]]}},{"type":"Feature","properties":{"code":"1205022006","desa":"Perkebunan Bandar Telu","kecamatan":"Salapian","kecCode":"120502"},"geometry":{"type":"Polygon","coordinates":[[[98.26306181974722,3.500417625409752],[98.2820406940229,3.5201004511904683],[98.27953334998413,3.502334471893025],[98.28517895744301,3.489703024323307],[98.27050908762436,3.469087713097838],[98.26781496159128,3.4770878562813006],[98.25583385424902,3.470885303182614],[98.25506159471689,3.4844536500697196],[98.26672087696697,3.4814345899914105],[98.26306181974722,3.500417625409752]]]}},{"type":"Feature","properties":{"code":"1205022008","desa":"Naman Jahe","kecamatan":"Salapian","kecCode":"120502"},"geometry":{"type":"Polygon","coordinates":[[[98.2808789722868,3.520761440303096],[98.28657244975881,3.5344601304308703],[98.30209359804115,3.529989701268664],[98.29533445542086,3.5007701011955548],[98.32690702733748,3.494925203078264],[98.32635123642045,3.48735516246151],[98.28061614272086,3.4866641117108883],[98.28518332185284,3.489787592971168],[98.2808789722868,3.520761440303096]]]}},{"type":"Feature","properties":{"code":"1205022009","desa":"Turangi","kecamatan":"Salapian","kecCode":"120502"},"geometry":{"type":"Polygon","coordinates":[[[98.28936189493554,3.4635824151726005],[98.30133060872065,3.4675728473809886],[98.30705990978707,3.4552147307604737],[98.2932301794293,3.4404841270419015],[98.29791295202118,3.431935758938424],[98.2956535357821,3.424516670426254],[98.2829589755763,3.419158642781168],[98.28293808792252,3.4476753741125967],[98.29874667391992,3.4499291246203243],[98.28936189493554,3.4635824151726005]]]}},{"type":"Feature","properties":{"code":"1205022010","desa":"Ujung Teran","kecamatan":"Salapian","kecCode":"120502"},"geometry":{"type":"Polygon","coordinates":[[[98.30786563938778,3.4531948327627653],[98.29867897655355,3.4785749302489855],[98.32635123642045,3.48735516246151],[98.3311078298625,3.4691436347412723],[98.30786563938778,3.4531948327627653]]]}},{"type":"Feature","properties":{"code":"1205022011","desa":"Pamah Tambunan","kecamatan":"Salapian","kecCode":"120502"},"geometry":{"type":"Polygon","coordinates":[[[98.320267490952,3.3938769500124715],[98.31689799564606,3.421619544927397],[98.32754914867434,3.42754209320804],[98.32206034161152,3.41387099967661],[98.3309247054109,3.4007134478112038],[98.320267490952,3.3938769500124715]]]}},{"type":"Feature","properties":{"code":"1205022014","desa":"Minta Kasih","kecamatan":"Salapian","kecCode":"120502"},"geometry":{"type":"Polygon","coordinates":[[[98.30055778441424,3.500849887248744],[98.30031161658792,3.509521536216878],[98.32438333542262,3.5095393068204577],[98.32652451509438,3.527108965914156],[98.33792157661952,3.5267435794610655],[98.3269082755965,3.4948651508487183],[98.30055778441424,3.500849887248744]]]}},{"type":"Feature","properties":{"code":"1205022019","desa":"Ujung Bandar","kecamatan":"Salapian","kecCode":"120502"},"geometry":{"type":"Polygon","coordinates":[[[98.28100399244032,3.39053080200971],[98.31705185525898,3.4040835555518387],[98.32874938387702,3.3817753110459994],[98.34102843121717,3.322777741627256],[98.35813961595056,3.3060800822757184],[98.36894122106054,3.3049731031731273],[98.37118793117111,3.2969418430464357],[98.35031116862558,3.2890520542730313],[98.30676190773589,3.3541533673779766],[98.27527512035054,3.3793726543912963],[98.28100399244032,3.39053080200971]]]}},{"type":"Feature","properties":{"code":"1205022020","desa":"Lau Tepu","kecamatan":"Salapian","kecCode":"120502"},"geometry":{"type":"Polygon","coordinates":[[[98.324811031404,3.4389794335567005],[98.29712422590232,3.437309494142339],[98.29306922506476,3.438854511429373],[98.31466665444259,3.4578617961673754],[98.32565732042904,3.446129499771614],[98.324811031404,3.4389794335567005]]]}},{"type":"Feature","properties":{"code":"1205022021","desa":"Parangguam","kecamatan":"Salapian","kecCode":"120502"},"geometry":{"type":"Polygon","coordinates":[[[98.32103028781758,3.393827221100604],[98.34552997063167,3.40395934748625],[98.35450558056816,3.416028820401138],[98.36702143199358,3.402203613648125],[98.36640377761233,3.3568219238837496],[98.332684709232,3.3579309300582407],[98.32103028781758,3.393827221100604]]]}},{"type":"Feature","properties":{"code":"1205022023","desa":"Ponco Warno","kecamatan":"Salapian","kecCode":"120502"},"geometry":{"type":"Polygon","coordinates":[[[98.32206034161152,3.41387099967661],[98.32565732042904,3.446129499771614],[98.31466665444259,3.4578617961673754],[98.3311078298625,3.4691436347412723],[98.32605771389244,3.48609391545392],[98.32971907967185,3.512638344507614],[98.3494683527823,3.512859289947636],[98.34216320926474,3.4832366542033797],[98.34693143184016,3.473002551892422],[98.33490427291395,3.4537097827671572],[98.34109345220111,3.434974892784065],[98.3498787296197,3.434918844336308],[98.35804540477164,3.420473409342979],[98.34552997063167,3.40395934748625],[98.3309247054109,3.4007134478112038],[98.32206034161152,3.41387099967661]]]}},{"type":"Feature","properties":{"code":"1205022024","desa":"Adin Tengah","kecamatan":"Salapian","kecCode":"120502"},"geometry":{"type":"Polygon","coordinates":[[[98.35324348100193,3.3097470859011198],[98.34102843121717,3.322777741627256],[98.332684709232,3.3579309300582407],[98.36640377761233,3.3568219238837496],[98.3661099825897,3.3671307472661223],[98.37384459375306,3.368137747837709],[98.38803567980284,3.3306916317326607],[98.37201521173266,3.310823182284707],[98.35324348100193,3.3097470859011198]]]}},{"type":"Feature","properties":{"code":"1205022025","desa":"Lau Lugur","kecamatan":"Salapian","kecCode":"120502"},"geometry":{"type":"Polygon","coordinates":[[[98.25054547459403,3.45018240248652],[98.27430017431367,3.4514367732777704],[98.27190242076017,3.4190172369800123],[98.24047911202149,3.419958813671416],[98.25054547459403,3.45018240248652]]]}},{"type":"Feature","properties":{"code":"1205022026","desa":"Pancur Ido","kecamatan":"Salapian","kecCode":"120502"},"geometry":{"type":"Polygon","coordinates":[[[98.23945846783408,3.452121970341241],[98.23893829276805,3.4598526028956087],[98.25508130875544,3.482282348507723],[98.25458786783588,3.500283625525787],[98.26306181974722,3.500417625409752],[98.26672087696697,3.4814345899914105],[98.25506159471689,3.4844536500697196],[98.25583385424902,3.470885303182614],[98.26781496159128,3.4770878562813006],[98.27050908762436,3.469087713097838],[98.2555508690774,3.451211336623455],[98.23945846783408,3.452121970341241]]]}},{"type":"Feature","properties":{"code":"1205031001","desa":"Pekan Kuala","kecamatan":"Kuala","kecCode":"120503"},"geometry":{"type":"Polygon","coordinates":[[[98.38887342167114,3.5287680145384983],[98.39505050058017,3.523055707067652],[98.39107023070663,3.510145819500233],[98.36405108099268,3.5104690178567934],[98.36494890386886,3.526251693469907],[98.38887342167114,3.5287680145384983]]]}},{"type":"Feature","properties":{"code":"1205031019","desa":"Bela Rakyat","kecamatan":"Kuala","kecCode":"120503"},"geometry":{"type":"Polygon","coordinates":[[[98.39505050058017,3.523055707067652],[98.38887342167114,3.5287680145384983],[98.39295882139253,3.544573831506456],[98.42019579230202,3.533635527658549],[98.41891503809859,3.5253904415255657],[98.40853445869838,3.5303957775476795],[98.39505050058017,3.523055707067652]]]}},{"type":"Feature","properties":{"code":"1205032002","desa":"Dalan Naman","kecamatan":"Kuala","kecCode":"120503"},"geometry":{"type":"Polygon","coordinates":[[[98.39107023070663,3.510145819500233],[98.39141067626177,3.522162600237186],[98.40853445869838,3.5303957775476795],[98.42339002772762,3.5239122249806862],[98.42139064955887,3.510335870530034],[98.39107023070663,3.510145819500233]]]}},{"type":"Feature","properties":{"code":"1205032003","desa":"Balai Kasih","kecamatan":"Kuala","kecCode":"120503"},"geometry":{"type":"Polygon","coordinates":[[[98.45258010398868,3.508296995038546],[98.4519865037742,3.5067433640449113],[98.45140782061446,3.509646403485574],[98.45258010398868,3.508296995038546]]]}},{"type":"Feature","properties":{"code":"1205032003","desa":"Balai Kasih","kecamatan":"Kuala","kecCode":"120503"},"geometry":{"type":"Polygon","coordinates":[[[98.42554643921686,3.5153395760812614],[98.41699304659186,3.5378838440606577],[98.42830028203247,3.535726986510015],[98.45140782061446,3.509646403485574],[98.42554643921686,3.5153395760812614]]]}},{"type":"Feature","properties":{"code":"1205032004","desa":"Bekiung","kecamatan":"Kuala","kecCode":"120503"},"geometry":{"type":"Polygon","coordinates":[[[98.38887342167114,3.5287680145384983],[98.36613894165889,3.5258165322166026],[98.36092817169781,3.5339582187974616],[98.37660485233214,3.5507178971959568],[98.39295882139253,3.544573831506456],[98.38887342167114,3.5287680145384983]]]}},{"type":"Feature","properties":{"code":"1205032005","desa":"Blankahan","kecamatan":"Kuala","kecCode":"120503"},"geometry":{"type":"Polygon","coordinates":[[[98.3855119150429,3.5101658599926804],[98.40103441140899,3.4960784460048813],[98.39930370660085,3.484552424408588],[98.41818180644526,3.489515807956566],[98.41623460334432,3.4803436107273122],[98.40271304996736,3.472983626559289],[98.39306048525326,3.4796825865410947],[98.39418660462815,3.4690647606006286],[98.38818630635302,3.4633921492047754],[98.37810551955414,3.4737363672049417],[98.38434041857549,3.478495755734765],[98.3855119150429,3.5101658599926804]]]}},{"type":"Feature","properties":{"code":"1205032006","desa":"Besadi","kecamatan":"Kuala","kecCode":"120503"},"geometry":{"type":"Polygon","coordinates":[[[98.35782023341709,3.4118222586222484],[98.3554665799188,3.4258176539783896],[98.3498787296197,3.434918844336308],[98.34109345220111,3.434974892784065],[98.33490427291395,3.4537097827671572],[98.34693143184016,3.473002551892422],[98.34216320926474,3.4832366542033797],[98.34493445665993,3.5022514968438117],[98.35686648979674,3.4965688670004855],[98.35545741492778,3.4836566834638814],[98.3707473529081,3.4452499511203],[98.37259784741279,3.4118337546559565],[98.35782023341709,3.4118222586222484]]]}},{"type":"Feature","properties":{"code":"1205032007","desa":"Beruam","kecamatan":"Kuala","kecCode":"120503"},"geometry":{"type":"Polygon","coordinates":[[[98.347985559586,3.5012793980615284],[98.3494683527823,3.512859289947636],[98.37255309085253,3.5103104979572426],[98.36810179386276,3.5062535069242675],[98.37874817328962,3.486692055445446],[98.37588650985458,3.4817066475005762],[98.38434041857549,3.478495755734765],[98.37810551955414,3.4737363672049417],[98.39185366791253,3.4536432644120727],[98.38249566624205,3.413257952522879],[98.37259784741279,3.4118337546559565],[98.36878062282756,3.454677018915126],[98.35545741492778,3.4836566834638814],[98.35686648979674,3.4965688670004855],[98.347985559586,3.5012793980615284]]]}},{"type":"Feature","properties":{"code":"1205032009","desa":"Raja Tengah","kecamatan":"Kuala","kecCode":"120503"},"geometry":{"type":"Polygon","coordinates":[[[98.42486893495345,3.5030913737017455],[98.42389150858634,3.520574276996369],[98.42676572655711,3.5148359764204073],[98.45140782061446,3.509646403485574],[98.45440840142663,3.499744134821359],[98.4405843628781,3.483762352904876],[98.41623460334432,3.4803436107273122],[98.42486893495345,3.5030913737017455]]]}},{"type":"Feature","properties":{"code":"1205032011","desa":"Namo Mbelin","kecamatan":"Kuala","kecCode":"120503"},"geometry":{"type":"Polygon","coordinates":[[[98.37008352733294,3.302802842126748],[98.35324348100193,3.3097470859011198],[98.37055184299321,3.310037959925382],[98.37956583599457,3.3165196122248357],[98.38803567980284,3.3306916317326607],[98.38309873182106,3.350158294667827],[98.40124017629317,3.3496931257359104],[98.39387395531882,3.340749992126856],[98.3884713123013,3.3114189804416245],[98.37118793117111,3.2969418430464357],[98.37008352733294,3.302802842126748]]]}},{"type":"Feature","properties":{"code":"1205032011","desa":"Namo Mbelin","kecamatan":"Kuala","kecCode":"120503"},"geometry":{"type":"Polygon","coordinates":[[[98.33136731484977,3.5129388781499564],[98.3384306864271,3.5229920953214346],[98.33775276128095,3.5407430343569892],[98.34812101457322,3.5284468180728377],[98.36130613067343,3.529647095542409],[98.36674327528196,3.5236591368714034],[98.36405108099268,3.5104690178567934],[98.33136731484977,3.5129388781499564]]]}},{"type":"Feature","properties":{"code":"1205032012","desa":"Parit Bindu","kecamatan":"Kuala","kecCode":"120503"},"geometry":{"type":"Polygon","coordinates":[[[98.39555908158638,3.4668998981844457],[98.40271304996736,3.472983626559289],[98.41445439985073,3.4795957560983397],[98.41529382884714,3.479858093734814],[98.4213451492593,3.4420299636113323],[98.42124559161084,3.4136816456213555],[98.40807802667969,3.3909870721499904],[98.38310873677885,3.4221702339898807],[98.388755191399,3.4510229052726387],[98.39836340604641,3.458053134127021],[98.39555908158638,3.4668998981844457]]]}},{"type":"Feature","properties":{"code":"1205032013","desa":"Sei Penjara","kecamatan":"Kuala","kecCode":"120503"},"geometry":{"type":"Polygon","coordinates":[[[98.39107023070663,3.510145819500233],[98.42139064955887,3.510335870530034],[98.42486893495345,3.5030913737017455],[98.41380018982697,3.487273626327621],[98.39930370660085,3.484552424408588],[98.40103441140899,3.4960784460048813],[98.39107023070663,3.510145819500233]]]}},{"type":"Feature","properties":{"code":"1205032015","desa":"Perkebunan Bekiun","kecamatan":"Kuala","kecCode":"120503"},"geometry":{"type":"Polygon","coordinates":[[[98.37660485233214,3.5507178971959568],[98.35603162306103,3.5269009671142157],[98.34223796630913,3.5339725045281747],[98.3416920787265,3.545246073835894],[98.35216982357854,3.5487942824149883],[98.3488575773154,3.568389335263438],[98.37714370361907,3.5646299910491264],[98.37660485233214,3.5507178971959568]]]}},{"type":"Feature","properties":{"code":"1205032016","desa":"Garunggang","kecamatan":"Kuala","kecCode":"120503"},"geometry":{"type":"Polygon","coordinates":[[[98.36816185958217,3.3682044109836085],[98.36702143199358,3.402203613648125],[98.3578032802972,3.411820200973417],[98.38550508559126,3.416141887665249],[98.40807802667969,3.3909870721499904],[98.40124017629317,3.3496931257359104],[98.38309873182106,3.350158294667827],[98.37800744129044,3.365109895987073],[98.36816185958217,3.3682044109836085]]]}},{"type":"Feature","properties":{"code":"1205032017","desa":"Suka Damai","kecamatan":"Kuala","kecCode":"120503"},"geometry":{"type":"Polygon","coordinates":[[[98.38818630635302,3.4633921492047754],[98.39418660462815,3.4690647606006286],[98.39306048525326,3.4796825865410947],[98.39824190404067,3.4787272484237577],[98.39836340604641,3.458053134127021],[98.39112280237548,3.4546463961001597],[98.38818630635302,3.4633921492047754]]]}},{"type":"Feature","properties":{"code":"1205032018","desa":"Sido Makmur","kecamatan":"Kuala","kecCode":"120503"},"geometry":{"type":"Polygon","coordinates":[[[98.36810179386276,3.5062535069242675],[98.3855119150429,3.5101658599926804],[98.38358139076864,3.478200556870757],[98.37588650985458,3.4817066475005762],[98.37874817328962,3.486692055445446],[98.36810179386276,3.5062535069242675]]]}},{"type":"Feature","properties":{"code":"1205041005","desa":"Namu Ukur Selatan","kecamatan":"Sei Bingai","kecCode":"120504"},"geometry":{"type":"Polygon","coordinates":[[[98.4519865037742,3.5067433640449113],[98.46058240285565,3.4990764790344255],[98.45514447583695,3.4864863004540725],[98.4628496063243,3.48037161021989],[98.46209670379987,3.4565352745670967],[98.43959555109387,3.470825252751726],[98.41497872438867,3.4771437662335254],[98.44695737168541,3.4885874180243133],[98.45440840142663,3.499744134821359],[98.4519865037742,3.5067433640449113]]]}},{"type":"Feature","properties":{"code":"1205042001","desa":"Telagah","kecamatan":"Sei Bingai","kecCode":"120504"},"geometry":{"type":"Polygon","coordinates":[[[98.3503749647329,3.28906595239591],[98.3808033400022,3.303015706258898],[98.39243050656266,3.3258150984125785],[98.41055024589718,3.322021150084558],[98.42553276592444,3.3440342532830427],[98.42985566760501,3.3268809137465283],[98.42306514044395,3.3218000373706755],[98.42036285666057,3.300933228936688],[98.43318987890983,3.2680925185416707],[98.43064950457102,3.2408237134597857],[98.42131560742939,3.2501896714222767],[98.40878745327842,3.2511978851792036],[98.3915019322684,3.2707579121318293],[98.38143055597543,3.268549996471405],[98.3503749647329,3.28906595239591]]]}},{"type":"Feature","properties":{"code":"1205042002","desa":"Rumah Galuh","kecamatan":"Sei Bingai","kecCode":"120504"},"geometry":{"type":"Polygon","coordinates":[[[98.39243050656266,3.3258150984125785],[98.4071616579842,3.389872581010323],[98.41989461834203,3.4105582659844473],[98.45395274732147,3.405429149074729],[98.44846254361157,3.37875140901778],[98.41585555888703,3.3269640344858504],[98.40406349623345,3.320238946500685],[98.39243050656266,3.3258150984125785]]]}},{"type":"Feature","properties":{"code":"1205042003","desa":"Simpang Kuta Buluh","kecamatan":"Sei Bingai","kecCode":"120504"},"geometry":{"type":"Polygon","coordinates":[[[98.41989461834203,3.4105582659844473],[98.42129343464433,3.429872081044188],[98.45369168942,3.4359087362052203],[98.43525822698564,3.411539363383135],[98.41989461834203,3.4105582659844473]]]}},{"type":"Feature","properties":{"code":"1205042004","desa":"Gunung Ambat","kecamatan":"Sei Bingai","kecCode":"120504"},"geometry":{"type":"Polygon","coordinates":[[[98.42129343464433,3.429872081044188],[98.41540523236563,3.475866404274206],[98.43959555109387,3.470825252751726],[98.46394002081534,3.455348157776378],[98.45903951426226,3.4385033090836785],[98.42129343464433,3.429872081044188]]]}},{"type":"Feature","properties":{"code":"1205042006","desa":"Belinteng","kecamatan":"Sei Bingai","kecCode":"120504"},"geometry":{"type":"Polygon","coordinates":[[[98.43048905472614,3.2406622635689883],[98.43318987890983,3.2680925185416707],[98.42036285666057,3.300933228936688],[98.42306514044395,3.3218000373706755],[98.42985566760501,3.3268809137465283],[98.42553276592444,3.3440342532830427],[98.44846254361157,3.37875140901778],[98.45395274732147,3.405429149074729],[98.43526870588612,3.4135733321735264],[98.4629358288255,3.4463784393082584],[98.48354318107299,3.4540572511276975],[98.48706922856212,3.445722509781454],[98.46630072140124,3.3523261023636732],[98.50915944505243,3.308089298126211],[98.47000737344159,3.276485602506221],[98.47484706334136,3.2706446452181996],[98.46815494989107,3.253885946181539],[98.4723668176746,3.2383540096487122],[98.46569817473102,3.2303536434333884],[98.4564388466755,3.2355132860312215],[98.45176898025431,3.2492533746505856],[98.44107188176201,3.2395031129958904],[98.43048905472614,3.2406622635689883]]]}},{"type":"Feature","properties":{"code":"1205042007","desa":"Namu Ukur Utara","kecamatan":"Sei Bingai","kecCode":"120504"},"geometry":{"type":"Polygon","coordinates":[[[98.47798373406215,3.477543102993084],[98.45520791940999,3.4859246810314652],[98.46059158043715,3.499006382276975],[98.45302041026376,3.5288384134681916],[98.46927621922218,3.5282839202735037],[98.47392411880308,3.510752724284386],[98.4847325974315,3.511054936061726],[98.47798373406215,3.477543102993084]]]}},{"type":"Feature","properties":{"code":"1205042007","desa":"Namu Ukur Utara","kecamatan":"Sei Bingai","kecCode":"120504"},"geometry":{"type":"Polygon","coordinates":[[[98.45616164234599,3.505060273844264],[98.4541981372343,3.5058937403346713],[98.45267040671393,3.50670648644519],[98.45349934062217,3.506565269501719],[98.45411205232944,3.5059704039417583],[98.45518280943917,3.505720559687096],[98.45616164234599,3.505060273844264]]]}},{"type":"Feature","properties":{"code":"1205042008","desa":"Pasar Vi Kwala Mencirim","kecamatan":"Sei Bingai","kecCode":"120504"},"geometry":{"type":"Polygon","coordinates":[[[98.4847325974315,3.511054936061726],[98.47254403178168,3.5144884774828924],[98.46927621922218,3.5282839202735037],[98.47398287780759,3.5280667205097793],[98.47521403979617,3.5455537669810324],[98.4938483784,3.544594131003667],[98.4847325974315,3.511054936061726]]]}},{"type":"Feature","properties":{"code":"1205042009","desa":"Emplasmen Kwala Mencirim","kecamatan":"Sei Bingai","kecCode":"120504"},"geometry":{"type":"Polygon","coordinates":[[[98.50980038468009,3.5469028642626452],[98.47521403979617,3.5455537669810324],[98.47450838225609,3.5567030832569997],[98.4952924692721,3.555863404249947],[98.50083492898887,3.565484370374358],[98.50980038468009,3.5469028642626452]]]}},{"type":"Feature","properties":{"code":"1205042010","desa":"Purwobinangun","kecamatan":"Sei Bingai","kecCode":"120504"},"geometry":{"type":"Polygon","coordinates":[[[98.48495348261717,3.5160862786787126],[98.49354297582772,3.5454748181966824],[98.50061317955465,3.546799199410485],[98.51125084005429,3.5459979996957123],[98.51064797682272,3.531858021233679],[98.52452186838957,3.522527322091248],[98.51907112063576,3.512960871969939],[98.48495348261717,3.5160862786787126]]]}},{"type":"Feature","properties":{"code":"1205042011","desa":"Pasar IV.Namo Terasi","kecamatan":"Sei Bingai","kecCode":"120504"},"geometry":{"type":"Polygon","coordinates":[[[98.48349588482728,3.50470463334425],[98.48495348261717,3.5160862786787126],[98.5192271053467,3.5126133712336767],[98.51477717802442,3.5034424924105205],[98.48349588482728,3.50470463334425]]]}},{"type":"Feature","properties":{"code":"1205042012","desa":"Pasar VIII.Namo Terasi","kecamatan":"Sei Bingai","kecCode":"120504"},"geometry":{"type":"Polygon","coordinates":[[[98.47798373406215,3.477543102993084],[98.48349588482728,3.50470463334425],[98.51477717802442,3.5034424924105205],[98.51010044797736,3.4797345062013987],[98.4975886363066,3.463735852103955],[98.47798373406215,3.477543102993084]]]}},{"type":"Feature","properties":{"code":"1205042013","desa":"Durian Lingga","kecamatan":"Sei Bingai","kecCode":"120504"},"geometry":{"type":"Polygon","coordinates":[[[98.48508935578916,3.4381713000690164],[98.4842496992643,3.462708258856269],[98.46641072557456,3.479419705714121],[98.48356836568756,3.4752207773807493],[98.49170931123581,3.463489904611778],[98.50771473814471,3.475910221942242],[98.5078949739739,3.461870406372299],[98.48508935578916,3.4381713000690164]]]}},{"type":"Feature","properties":{"code":"1205042014","desa":"Pekan Sawah","kecamatan":"Sei Bingai","kecCode":"120504"},"geometry":{"type":"Polygon","coordinates":[[[98.47730584938552,3.3982137084424617],[98.48098753444718,3.434497283530345],[98.50544313339395,3.4581249692740044],[98.503668296155,3.3977999852281084],[98.47730584938552,3.3982137084424617]]]}},{"type":"Feature","properties":{"code":"1205042015","desa":"Tanjung Gunung","kecamatan":"Sei Bingai","kecCode":"120504"},"geometry":{"type":"Polygon","coordinates":[[[98.50481515119831,3.316227489042229],[98.4663585370169,3.3520479510483367],[98.47829393002093,3.3992217468315915],[98.50245724480607,3.395838485606739],[98.495869647866,3.390260067403272],[98.5038542273907,3.364985939731638],[98.50481515119831,3.316227489042229]]]}},{"type":"Feature","properties":{"code":"1205042016","desa":"Mekar Jaya","kecamatan":"Sei Bingai","kecCode":"120504"},"geometry":{"type":"Polygon","coordinates":[[[98.46537717791448,3.4477384435675935],[98.45986352438224,3.465104100448529],[98.46334512557712,3.4803979945300085],[98.48129455759782,3.467240693575479],[98.48488587967965,3.4565329336318102],[98.46537717791448,3.4477384435675935]]]}},{"type":"Feature","properties":{"code":"1205051001","desa":"Kwala Begumit","kecamatan":"Binjai","kecCode":"120505"},"geometry":{"type":"Polygon","coordinates":[[[98.45111903841297,3.674881449968771],[98.43773558942597,3.6674101072485086],[98.4370912854345,3.6835376683692975],[98.44263363633331,3.687528065504142],[98.45111903841297,3.674881449968771]]]}},{"type":"Feature","properties":{"code":"1205052002","desa":"Sambi Rejo","kecamatan":"Binjai","kecCode":"120505"},"geometry":{"type":"Polygon","coordinates":[[[98.43675504241132,3.6712235007177174],[98.44199728684536,3.665237515159338],[98.46434519777272,3.686594636670449],[98.47751115831335,3.672750367887317],[98.4542691827766,3.6528432511885423],[98.45330283425847,3.657165559311931],[98.4347419046153,3.6564743134083324],[98.43675504241132,3.6712235007177174]]]}},{"type":"Feature","properties":{"code":"1205052003","desa":"Sendang Rejo","kecamatan":"Binjai","kecCode":"120505"},"geometry":{"type":"Polygon","coordinates":[[[98.4594944758894,3.654749935332638],[98.47744111281717,3.67236594908185],[98.48540164357104,3.6637044642514427],[98.47382458903358,3.64849442295735],[98.4594944758894,3.654749935332638]]]}},{"type":"Feature","properties":{"code":"1205052004","desa":"Tanjung Jati","kecamatan":"Binjai","kecCode":"120505"},"geometry":{"type":"Polygon","coordinates":[[[98.4347419046153,3.6564743134083324],[98.46269466033037,3.6519546202838833],[98.46258110383489,3.6413479459366895],[98.47316871526407,3.635581966926087],[98.47400957418256,3.6172899750637857],[98.44273705387201,3.6128176888015644],[98.45058474399082,3.628017990437912],[98.4323888158912,3.6449492747710317],[98.4347419046153,3.6564743134083324]]]}},{"type":"Feature","properties":{"code":"1205052005","desa":"Sidomulyo","kecamatan":"Binjai","kecCode":"120505"},"geometry":{"type":"Polygon","coordinates":[[[98.47744111281717,3.67236594908185],[98.48762906732763,3.689255082190806],[98.5036781149531,3.6908223729869594],[98.50060039838974,3.669718354873561],[98.48540164357104,3.6637044642514427],[98.47744111281717,3.67236594908185]]]}},{"type":"Feature","properties":{"code":"1205052006","desa":"Perdamaian","kecamatan":"Binjai","kecCode":"120505"},"geometry":{"type":"Polygon","coordinates":[[[98.46229599896121,3.708699226102081],[98.43423739304131,3.6811446821245384],[98.42691364255063,3.6901335696420956],[98.4554798761954,3.715837285468484],[98.46229599896121,3.708699226102081]]]}},{"type":"Feature","properties":{"code":"1205052007","desa":"Suka Makmur","kecamatan":"Binjai","kecCode":"120505"},"geometry":{"type":"Polygon","coordinates":[[[98.45111903841297,3.674881449968771],[98.44263363633331,3.687528065504142],[98.45616559666502,3.701350738867088],[98.46443011985423,3.686438450511598],[98.45111903841297,3.674881449968771]]]}},{"type":"Feature","properties":{"code":"1205061001","desa":"Pekan Selesai","kecamatan":"Selesai","kecCode":"120506"},"geometry":{"type":"Polygon","coordinates":[[[98.41675063433438,3.624853938062168],[98.41391771323197,3.6089586322554266],[98.44082314187455,3.6075297471219976],[98.43766730480235,3.6022091942264978],[98.41906795791999,3.6081819957237156],[98.41042596588568,3.6049652151971574],[98.41115900958067,3.594602273312005],[98.3873457154325,3.59976568227065],[98.39261624264554,3.6145021019049066],[98.38237336833635,3.6257462462946206],[98.41675063433438,3.624853938062168]]]}},{"type":"Feature","properties":{"code":"1205062002","desa":"Sei Limbat","kecamatan":"Selesai","kecCode":"120506"},"geometry":{"type":"Polygon","coordinates":[[[98.4323888158912,3.6449492747710317],[98.45058474399082,3.628017990437912],[98.44118710560048,3.618448972752107],[98.44268876207677,3.6106001881667877],[98.41391771323197,3.6089586322554266],[98.41874082233113,3.6346218192344604],[98.4323888158912,3.6449492747710317]]]}},{"type":"Feature","properties":{"code":"1205062003","desa":"Padang Brahrang","kecamatan":"Selesai","kecCode":"120506"},"geometry":{"type":"Polygon","coordinates":[[[98.4127164842784,3.5675067334137798],[98.41180554209215,3.605841893212526],[98.43396041803891,3.605928977264076],[98.43454454929156,3.6010395404712403],[98.44479172865537,3.6058833078919985],[98.44375240464983,3.5959839449374047],[98.44993392441114,3.594202911371446],[98.44450362724069,3.5650067008659705],[98.4127164842784,3.5675067334137798]]]}},{"type":"Feature","properties":{"code":"1205062004","desa":"Tanjung Merahe","kecamatan":"Selesai","kecCode":"120506"},"geometry":{"type":"Polygon","coordinates":[[[98.44396482091982,3.555062537284376],[98.44993392441114,3.594202911371446],[98.44456152379536,3.598351844593655],[98.46615925804336,3.5949451101640784],[98.45992525384746,3.594865112770171],[98.45807929732176,3.5762623961480298],[98.4509176703143,3.576375521868102],[98.44396482091982,3.555062537284376]]]}},{"type":"Feature","properties":{"code":"1205062005","desa":"Nambiki","kecamatan":"Selesai","kecCode":"120506"},"geometry":{"type":"Polygon","coordinates":[[[98.4575048625594,3.5051047597085896],[98.44146805200904,3.5251631783481545],[98.41699304659186,3.5378838440606577],[98.41689622737901,3.5464269061641276],[98.44523517356446,3.5454463519559645],[98.45926181228288,3.518497617388445],[98.4575048625594,3.5051047597085896]]]}},{"type":"Feature","properties":{"code":"1205062006","desa":"Lau Mulgap","kecamatan":"Selesai","kecCode":"120506"},"geometry":{"type":"Polygon","coordinates":[[[98.41259906789277,3.571262938994137],[98.40334373732365,3.562387679917743],[98.38865982369197,3.5632417552721116],[98.38522459873633,3.5715236029923316],[98.41259906789277,3.571262938994137]]]}},{"type":"Feature","properties":{"code":"1205062007","desa":"Kuta Parit","kecamatan":"Selesai","kecCode":"120506"},"geometry":{"type":"Polygon","coordinates":[[[98.38865982369197,3.5632417552721116],[98.37737620085106,3.550321586655118],[98.37598873669087,3.5508206438402823],[98.37340263632268,3.558198848272992],[98.37714370361907,3.5646299910491264],[98.35114833762572,3.5691625049086166],[98.35021907265211,3.572644884013415],[98.36728931035343,3.5693189239919714],[98.38505670340417,3.5940744944786496],[98.38957079195853,3.588771989177927],[98.41135994240749,3.588523630603352],[98.41259906789277,3.571262938994137],[98.3861574699913,3.5725824189028446],[98.38865982369197,3.5632417552721116]]]}},{"type":"Feature","properties":{"code":"1205062008","desa":"Bekulap","kecamatan":"Selesai","kecCode":"120506"},"geometry":{"type":"Polygon","coordinates":[[[98.38269980695058,3.6225974428235084],[98.39261624264554,3.6145021019049066],[98.3873457154325,3.59976568227065],[98.41115900958067,3.594602273312005],[98.41143926980651,3.588522725885343],[98.38957079195853,3.588771989177927],[98.34726013584661,3.608712741420521],[98.35140595292245,3.6171969887615636],[98.38269980695058,3.6225974428235084]]]}},{"type":"Feature","properties":{"code":"1205062009","desa":"Perhiasan","kecamatan":"Selesai","kecCode":"120506"},"geometry":{"type":"Polygon","coordinates":[[[98.37599850242901,3.6494757865553016],[98.38150744261446,3.6193260977305166],[98.35140595292245,3.6171969887615636],[98.34748074044387,3.6086628200537643],[98.29507342629762,3.6136369064334426],[98.30722361697639,3.636060172430384],[98.3233641328485,3.6290887223655086],[98.35260419702614,3.6362749161455756],[98.36246686585325,3.665560743193558],[98.37599850242901,3.6494757865553016]]]}},{"type":"Feature","properties":{"code":"1205062010","desa":"Selayang","kecamatan":"Selesai","kecCode":"120506"},"geometry":{"type":"Polygon","coordinates":[[[98.40619971794267,3.6252513790508423],[98.3825574118951,3.62574182073084],[98.3742998764382,3.6409025387073624],[98.37578368586843,3.649859351004858],[98.39298580465122,3.660128197723728],[98.38675161699359,3.6788117256263155],[98.39778041873137,3.6895264382287594],[98.40660130300779,3.67743354337046],[98.41264931841137,3.6490476633964137],[98.40619971794267,3.6252513790508423]]]}},{"type":"Feature","properties":{"code":"1205062011","desa":"Mancang","kecamatan":"Selesai","kecCode":"120506"},"geometry":{"type":"Polygon","coordinates":[[[98.43681842303187,3.6725306041564036],[98.43534512667632,3.6483352411566816],[98.41884075859417,3.634769345821358],[98.419866307684,3.62633177689176],[98.40619971794267,3.6252513790508423],[98.41264931841137,3.6490476633964137],[98.40748054229323,3.6660489905277567],[98.42442184059551,3.6587897268314866],[98.43681842303187,3.6725306041564036]]]}},{"type":"Feature","properties":{"code":"1205062012","desa":"Kwala Air Hitam","kecamatan":"Selesai","kecCode":"120506"},"geometry":{"type":"Polygon","coordinates":[[[98.4362748700892,3.681027262141708],[98.43681842303187,3.6725306041564036],[98.42442184059551,3.6587897268314866],[98.40748054229323,3.6660489905277567],[98.39778041873137,3.6895264382287594],[98.40965132944534,3.698786391303251],[98.4362748700892,3.681027262141708]]]}},{"type":"Feature","properties":{"code":"1205062013","desa":"Padang Cermin","kecamatan":"Selesai","kecCode":"120506"},"geometry":{"type":"Polygon","coordinates":[[[98.41707167521768,3.5344864679762398],[98.38153315962766,3.549360650258043],[98.3827160154318,3.560240129450959],[98.41828807843211,3.5701819511979878],[98.44404981674568,3.5647327430893396],[98.44527687872504,3.5453920005288864],[98.41836594173485,3.5470186834522286],[98.41707167521768,3.5344864679762398]]]}},{"type":"Feature","properties":{"code":"1205062014","desa":"Selayang Baru","kecamatan":"Selesai","kecCode":"120506"},"geometry":{"type":"Polygon","coordinates":[[[98.37578368586843,3.649859351004858],[98.3624920630583,3.6665941676453855],[98.38962657240847,3.707100774696427],[98.393369326833,3.6967228644951393],[98.40070275942485,3.695312832749075],[98.38675161699359,3.6788117256263155],[98.3935330807871,3.6616367762801882],[98.38438994244193,3.6507181909674595],[98.37578368586843,3.649859351004858]]]}},{"type":"Feature","properties":{"code":"1205071004","desa":"Perdamaian","kecamatan":"Stabat","kecCode":"120507"},"geometry":{"type":"Polygon","coordinates":[[[98.48512550044153,3.760346821707042],[98.46798275939686,3.7404742362768264],[98.45889402104227,3.75053853759246],[98.4689184716102,3.7615418624243717],[98.48512550044153,3.760346821707042]]]}},{"type":"Feature","properties":{"code":"1205071005","desa":"Kwala Bingai","kecamatan":"Stabat","kecCode":"120507"},"geometry":{"type":"Polygon","coordinates":[[[98.4347417796095,3.698197439685022],[98.42700178420505,3.6902439722149483],[98.41594603787938,3.692000682716881],[98.40965132944534,3.698786391303251],[98.393369326833,3.6967228644951393],[98.38968161271629,3.7070780137547947],[98.40043794955182,3.7094787008942407],[98.40021126283953,3.717452591967948],[98.4068174523636,3.7227632253412613],[98.40416500271277,3.725867490787491],[98.40692991438407,3.7227296401594847],[98.4285765267853,3.7415958464497847],[98.43593917385385,3.7363164348398357],[98.44747706381547,3.74666331843062],[98.44358371701497,3.7507973292021592],[98.4579113669161,3.7568528098716163],[98.46986424723728,3.7383227692624925],[98.4745532359431,3.7426458481049294],[98.47877821764068,3.738328125624614],[98.45158343302903,3.7120758899005586],[98.44469961379622,3.717020206022537],[98.40044383201727,3.7148650787675197],[98.42538960104929,3.7123733910289545],[98.4347417796095,3.698197439685022]]]}},{"type":"Feature","properties":{"code":"1205071006","desa":"Sidomulyo","kecamatan":"Stabat","kecCode":"120507"},"geometry":{"type":"Polygon","coordinates":[[[98.44358371701497,3.7507973292021592],[98.44747706381547,3.74666331843062],[98.43593917385385,3.7363164348398357],[98.42609819037926,3.745796041028606],[98.44358371701497,3.7507973292021592]]]}},{"type":"Feature","properties":{"code":"1205071010","desa":"Stabat Baru","kecamatan":"Stabat","kecCode":"120507"},"geometry":{"type":"Polygon","coordinates":[[[98.46948235192906,3.7683724480800427],[98.4485276949972,3.753625852616767],[98.44681465737062,3.7631802500241123],[98.46022861495867,3.773429201940823],[98.46948235192906,3.7683724480800427]]]}},{"type":"Feature","properties":{"code":"1205071011","desa":"Dendang","kecamatan":"Stabat","kecCode":"120507"},"geometry":{"type":"Polygon","coordinates":[[[98.46798275939686,3.7404742362768264],[98.48434621720423,3.7574030699574363],[98.49617176071824,3.743143613863651],[98.4855409449587,3.730790197999373],[98.4745532359431,3.7426458481049294],[98.46798275939686,3.7404742362768264]]]}},{"type":"Feature","properties":{"code":"1205071012","desa":"Paya Mabar","kecamatan":"Stabat","kecCode":"120507"},"geometry":{"type":"Polygon","coordinates":[[[98.48512550044153,3.760346821707042],[98.46215174590638,3.758712118629753],[98.46066356307301,3.7606678392076915],[98.4773291679068,3.7731636681137233],[98.48512550044153,3.760346821707042]]]}},{"type":"Feature","properties":{"code":"1205072001","desa":"Karang Rejo","kecamatan":"Stabat","kecCode":"120507"},"geometry":{"type":"Polygon","coordinates":[[[98.5036781149531,3.6908223729869594],[98.49173372243342,3.6992177268404496],[98.48069708130531,3.6957820441335434],[98.5014456819727,3.7151318338739117],[98.49741455993403,3.7193298601872913],[98.50143059044943,3.7300894192821716],[98.50908504234086,3.723271498778812],[98.5036781149531,3.6908223729869594]]]}},{"type":"Feature","properties":{"code":"1205072002","desa":"Kwala Begumit","kecamatan":"Stabat","kecCode":"120507"},"geometry":{"type":"Polygon","coordinates":[[[98.47751115831335,3.672750367887317],[98.45642491887497,3.6999607170365048],[98.46229599896121,3.708699226102081],[98.4554798761954,3.715837285468484],[98.47827571425285,3.7378430412060344],[98.4855409449587,3.730790197999373],[98.49329428000708,3.738499893437258],[98.49617176071824,3.743143613863651],[98.48652437699843,3.7608329538358527],[98.50233052133655,3.7626608645634128],[98.50980531386419,3.726658318621046],[98.4991666892913,3.7277793370401304],[98.5014456819727,3.7151318338739117],[98.48069708130531,3.6957820441335434],[98.49173372243342,3.6992177268404496],[98.49880061935318,3.6932135641849007],[98.48762906732763,3.689255082190806],[98.47751115831335,3.672750367887317]]]}},{"type":"Feature","properties":{"code":"1205072003","desa":"Mangga","kecamatan":"Stabat","kecCode":"120507"},"geometry":{"type":"Polygon","coordinates":[[[98.5067208568821,3.735850283848299],[98.50281235920305,3.743331556882589],[98.50179877289507,3.7664193418313308],[98.50787189197426,3.7799588492591862],[98.5259117553233,3.7723146487478907],[98.50447939560767,3.7449719148969423],[98.5067208568821,3.735850283848299]]]}},{"type":"Feature","properties":{"code":"1205072007","desa":"Banyumas","kecamatan":"Stabat","kecCode":"120507"},"geometry":{"type":"Polygon","coordinates":[[[98.45141896321464,3.71207578647851],[98.4347417796095,3.698197439685022],[98.42538960104929,3.7123733910289545],[98.40044383201727,3.7148650787675197],[98.44469961379622,3.717020206022537],[98.45141896321464,3.71207578647851]]]}},{"type":"Feature","properties":{"code":"1205072008","desa":"Pantai Gemi","kecamatan":"Stabat","kecCode":"120507"},"geometry":{"type":"Polygon","coordinates":[[[98.4321260825527,3.739989544861942],[98.40692991438407,3.7227296401594847],[98.39824833239469,3.740128349823641],[98.40757942994678,3.7476873269807007],[98.40704794320804,3.755936918717164],[98.41531288458201,3.753280574105393],[98.41528550562163,3.7640197320796767],[98.4257278837349,3.7570365674457653],[98.44029687839827,3.765529738759517],[98.4477516619097,3.7634395128785134],[98.44918357686066,3.755968349123306],[98.44130599867297,3.748716586672175],[98.42609819037926,3.745796041028606],[98.4321260825527,3.739989544861942]]]}},{"type":"Feature","properties":{"code":"1205072009","desa":"Ara Condong","kecamatan":"Stabat","kecCode":"120507"},"geometry":{"type":"Polygon","coordinates":[[[98.48652437699843,3.7608329538358527],[98.4773291679068,3.7731636681137233],[98.46960345373644,3.768346079058395],[98.46022861495867,3.773429201940823],[98.47032282144113,3.7904422805134024],[98.5067215169845,3.777452232774725],[98.50233052133655,3.7626608645634128],[98.48652437699843,3.7608329538358527]]]}},{"type":"Feature","properties":{"code":"1205081001","desa":"Bingai","kecamatan":"Wampu","kecCode":"120508"},"geometry":{"type":"Polygon","coordinates":[[[98.38815376708277,3.7051670236567325],[98.383105799593,3.6926531975179495],[98.3652114672355,3.693081329670034],[98.38389279631552,3.7100477388244024],[98.38815376708277,3.7051670236567325]]]}},{"type":"Feature","properties":{"code":"1205081001","desa":"Bingai","kecamatan":"Wampu","kecCode":"120508"},"geometry":{"type":"Polygon","coordinates":[[[98.36344847226921,3.717240220664244],[98.3493055647001,3.714306283216137],[98.34889400255622,3.721784930230134],[98.36067402508627,3.7254544501585802],[98.36344847226921,3.717240220664244]]]}},{"type":"Feature","properties":{"code":"1205081001","desa":"Bingai","kecamatan":"Wampu","kecCode":"120508"},"geometry":{"type":"Polygon","coordinates":[[[98.39991268792028,3.7443536597692693],[98.4008522474333,3.7295623113430842],[98.3858927158762,3.727013546332274],[98.38490830807199,3.7133964049288335],[98.36909174958464,3.718873412880569],[98.39088111587085,3.757087907942692],[98.39991268792028,3.7443536597692693]]]}},{"type":"Feature","properties":{"code":"1205082002","desa":"Gohor Lama","kecamatan":"Wampu","kecCode":"120508"},"geometry":{"type":"Polygon","coordinates":[[[98.35491603384791,3.7238290883393383],[98.34599032909045,3.712876026616602],[98.31447641185696,3.7151096116261852],[98.33056595955144,3.7354105387506107],[98.33910159506263,3.7245885927860876],[98.34977360876508,3.7364948918098855],[98.35491603384791,3.7238290883393383]]]}},{"type":"Feature","properties":{"code":"1205082002","desa":"Gohor Lama","kecamatan":"Wampu","kecCode":"120508"},"geometry":{"type":"Polygon","coordinates":[[[98.3991818358731,3.749834151694584],[98.39088111587085,3.757087907942692],[98.36479316377351,3.7178616081306246],[98.37068623138452,3.773161414412703],[98.35718471939936,3.776586257590999],[98.3632412262017,3.7886451158079026],[98.37230190660777,3.7882628922475448],[98.37197341394199,3.7744605462607757],[98.38193183988255,3.7858380951833817],[98.42603729098823,3.7861956647292003],[98.42253299090486,3.7757195620503854],[98.40148122787646,3.77828893052922],[98.39966124736871,3.7673411136526407],[98.4070415769073,3.7632667180401196],[98.41197871284736,3.768913341726795],[98.41252510944628,3.7615706614142317],[98.3991818358731,3.749834151694584]]]}},{"type":"Feature","properties":{"code":"1205082003","desa":"Stabat Lama","kecamatan":"Wampu","kecCode":"120508"},"geometry":{"type":"Polygon","coordinates":[[[98.43531147944127,3.7617466632350114],[98.4257278837349,3.7570365674457653],[98.41528550562163,3.7640197320796767],[98.41531288458201,3.753280574105393],[98.40704794320804,3.755936918717164],[98.40757942994678,3.7476873269807007],[98.40160353027875,3.7455699622583563],[98.39994239702405,3.7521113097565175],[98.41387469326253,3.767690782654283],[98.40636478400761,3.76319826524331],[98.39850692795244,3.7727116059013155],[98.40547417729152,3.7789715942024524],[98.41658477236938,3.772201746959018],[98.43815904690256,3.7720444159631765],[98.43531147944127,3.7617466632350114]]]}},{"type":"Feature","properties":{"code":"1205082004","desa":"Besilam Bukit Lembasa","kecamatan":"Wampu","kecCode":"120508"},"geometry":{"type":"Polygon","coordinates":[[[98.234845267695,3.614268190039634],[98.24051038774428,3.6388481687962986],[98.23154665155674,3.6441297351818718],[98.23425988098874,3.6515022900734397],[98.21815636772224,3.683827268953614],[98.2286259952935,3.6952486823089186],[98.22627639863697,3.702808111824892],[98.23799196765526,3.7069354235465797],[98.22682633496744,3.6901802885230133],[98.27677622374381,3.689275754007292],[98.28837085642994,3.699342552740318],[98.31913744963366,3.6923226741833],[98.33123884489686,3.7094654376927294],[98.32718890004774,3.6951844158562754],[98.33530996338412,3.695530504656859],[98.33944699408356,3.6837712672704974],[98.33538875208926,3.6805726917200974],[98.34294063720067,3.6741670833947984],[98.30102918834642,3.6438232893963853],[98.2972272423434,3.6377862187484937],[98.30610780473147,3.6351546864319473],[98.29517096227015,3.613729201156977],[98.234845267695,3.614268190039634]]]}},{"type":"Feature","properties":{"code":"1205082005","desa":"Kebun Balok","kecamatan":"Wampu","kecCode":"120508"},"geometry":{"type":"Polygon","coordinates":[[[98.31450850776149,3.7151762927585077],[98.34287568006863,3.7147774398342026],[98.34636573309216,3.7126608386363316],[98.33321241162355,3.694917014137356],[98.32691742080236,3.6962040617950866],[98.33076488868875,3.709737039245594],[98.32028754943093,3.6928674780823205],[98.30167552660436,3.6938728418877007],[98.29769823708403,3.698229642608811],[98.31450850776149,3.7151762927585077]]]}},{"type":"Feature","properties":{"code":"1205082006","desa":"Bukit Melintang","kecamatan":"Wampu","kecCode":"120508"},"geometry":{"type":"Polygon","coordinates":[[[98.36909174958464,3.718873412880569],[98.38456949658507,3.710184193857619],[98.34294063720067,3.6741670833947984],[98.33538875208926,3.6805726917200974],[98.33650286641421,3.7002400527589616],[98.346265779742,3.712973922317845],[98.36909174958464,3.718873412880569]]]}},{"type":"Feature","properties":{"code":"1205082007","desa":"Gergas","kecamatan":"Wampu","kecCode":"120508"},"geometry":{"type":"Polygon","coordinates":[[[98.33858023558945,3.6313585095839547],[98.32073479487495,3.6293038536884814],[98.2972272423434,3.6377862187484937],[98.34846042231072,3.678364185205121],[98.35523832928557,3.664091097187752],[98.33689115590221,3.650734537044903],[98.33858023558945,3.6313585095839547]]]}},{"type":"Feature","properties":{"code":"1205082008","desa":"Stabat Lama Barat","kecamatan":"Wampu","kecCode":"120508"},"geometry":{"type":"Polygon","coordinates":[[[98.46984595502687,3.7896624747707417],[98.45426298464905,3.765044543724326],[98.43531301997996,3.761736801269462],[98.43671330757314,3.7860115087553816],[98.46984595502687,3.7896624747707417]]]}},{"type":"Feature","properties":{"code":"1205082009","desa":"Sumber Mulyo","kecamatan":"Wampu","kecCode":"120508"},"geometry":{"type":"Polygon","coordinates":[[[98.38193183988255,3.7858380951833817],[98.37197341394199,3.7744605462607757],[98.36823236643062,3.7942718222093],[98.37886988124006,3.8020981309381336],[98.38193183988255,3.7858380951833817]]]}},{"type":"Feature","properties":{"code":"1205082010","desa":"Pertumbukan","kecamatan":"Wampu","kecCode":"120508"},"geometry":{"type":"Polygon","coordinates":[[[98.40043794955182,3.7094787008942407],[98.38439183281689,3.7101483693638992],[98.38569635879998,3.726766622176357],[98.4008522474333,3.7295623113430842],[98.4068174523636,3.7227632253412613],[98.40043794955182,3.7094787008942407]]]}},{"type":"Feature","properties":{"code":"1205082011","desa":"Paya Tusam","kecamatan":"Wampu","kecCode":"120508"},"geometry":{"type":"Polygon","coordinates":[[[98.36110213475574,3.664291135188943],[98.35428307840141,3.638041070428301],[98.33858023558945,3.6313585095839547],[98.33689115590221,3.650734537044903],[98.36110213475574,3.664291135188943]]]}},{"type":"Feature","properties":{"code":"1205082012","desa":"Mekar Jaya","kecamatan":"Wampu","kecCode":"120508"},"geometry":{"type":"Polygon","coordinates":[[[98.3646695753407,3.7206706369413127],[98.35073169161431,3.7278905597946985],[98.34977360876508,3.7364948918098855],[98.33910159506263,3.7245885927860876],[98.33056595955144,3.7354105387506107],[98.3432636925654,3.765162691258671],[98.35718471939936,3.776586257590999],[98.37068623138452,3.773161414412703],[98.3646695753407,3.7206706369413127]]]}},{"type":"Feature","properties":{"code":"1205082013","desa":"Jentera Stabat","kecamatan":"Wampu","kecCode":"120508"},"geometry":{"type":"Polygon","coordinates":[[[98.41658254025208,3.7755470307133163],[98.4234801326021,3.7764001069208986],[98.42604720061786,3.7861830292544476],[98.43752532793161,3.7854379697184326],[98.43815904690256,3.7720444159631765],[98.41658254025208,3.7755470307133163]]]}},{"type":"Feature","properties":{"code":"1205082014","desa":"Stungkit","kecamatan":"Wampu","kecCode":"120508"},"geometry":{"type":"Polygon","coordinates":[[[98.36246686585325,3.665560743193558],[98.3552377950882,3.6648382683319816],[98.34846737676808,3.6783537647605486],[98.3652114672355,3.693081329670034],[98.37641561159126,3.6924250916757324],[98.36246686585325,3.665560743193558]]]}},{"type":"Feature","properties":{"code":"1205091004","desa":"Hinai Kiri","kecamatan":"Secanggang","kecCode":"120509"},"geometry":{"type":"Polygon","coordinates":[[[98.49675240170205,3.85216688755265],[98.4719300673188,3.8485897351927694],[98.4777515488949,3.820082077121127],[98.47547996033192,3.8178414351314665],[98.47290909357987,3.817895334199601],[98.46631638129598,3.863629501548901],[98.49465920086146,3.869796757156701],[98.49675240170205,3.85216688755265]]]}},{"type":"Feature","properties":{"code":"1205092001","desa":"Kepala Sungai","kecamatan":"Secanggang","kecCode":"120509"},"geometry":{"type":"Polygon","coordinates":[[[98.50789921068008,3.7799474944190044],[98.48147578627858,3.790705084897996],[98.47932921157393,3.786433502135214],[98.47229926060243,3.8013476466914704],[98.4954958824291,3.806373523229073],[98.51382601455894,3.7964520891127562],[98.52184278081971,3.7984222698898873],[98.50789921068008,3.7799474944190044]]]}},{"type":"Feature","properties":{"code":"1205092002","desa":"Teluk","kecamatan":"Secanggang","kecCode":"120509"},"geometry":{"type":"Polygon","coordinates":[[[98.52274774161504,3.7964622352640984],[98.49242977071742,3.8052845125809296],[98.49142738276753,3.8190221721315947],[98.54067574908662,3.8142679798845225],[98.52274774161504,3.7964622352640984]]]}},{"type":"Feature","properties":{"code":"1205092003","desa":"Cinta Raja","kecamatan":"Secanggang","kecCode":"120509"},"geometry":{"type":"Polygon","coordinates":[[[98.47547996033192,3.8178414351314665],[98.4719300673188,3.8485897351927694],[98.50412283330218,3.848566473328735],[98.50854873343734,3.857777925066044],[98.50058943475466,3.870948241009366],[98.5199644819753,3.878202402851764],[98.51185916576793,3.84984388205281],[98.52599119423824,3.8477278851992565],[98.50568709158607,3.8388848056641787],[98.50597914642053,3.8283102290200968],[98.4844059258928,3.8267628672003973],[98.48612457798697,3.81893319680578],[98.47547996033192,3.8178414351314665]]]}},{"type":"Feature","properties":{"code":"1205092005","desa":"Kebun Kelapa","kecamatan":"Secanggang","kecCode":"120509"},"geometry":{"type":"Polygon","coordinates":[[[98.49465920086146,3.869796757156701],[98.4700309365785,3.866443663689762],[98.4666184428869,3.8921812362933124],[98.47361820271793,3.8969210151059857],[98.47708566567098,3.8869760960937576],[98.49807158303717,3.8814924628365435],[98.49465920086146,3.869796757156701]]]}},{"type":"Feature","properties":{"code":"1205092006","desa":"Sungai Ular","kecamatan":"Secanggang","kecCode":"120509"},"geometry":{"type":"Polygon","coordinates":[[[98.49807158303717,3.8814924628365435],[98.47708566567098,3.8869760960937576],[98.47496158660799,3.897305152423661],[98.49420069590546,3.902902304404702],[98.49891745927339,3.911974445761317],[98.50775376782218,3.910875246693699],[98.51042327221631,3.8980391979626776],[98.49807158303717,3.8814924628365435]]]}},{"type":"Feature","properties":{"code":"1205092007","desa":"Tanjung Ibus","kecamatan":"Secanggang","kecCode":"120509"},"geometry":{"type":"Polygon","coordinates":[[[98.49675240170205,3.85216688755265],[98.4954797324038,3.875027403028728],[98.51042327221631,3.8980391979626776],[98.50791128407855,3.910773779784616],[98.49947154957242,3.9117824387060525],[98.49923634987772,3.9228033201028953],[98.53657201398731,3.9326203717081314],[98.53337197973315,3.885594383998934],[98.50058943475466,3.870948241009366],[98.50854873343734,3.857777925066044],[98.50412283330218,3.848566473328735],[98.49675240170205,3.85216688755265]]]}},{"type":"Feature","properties":{"code":"1205092008","desa":"Secanggang","kecamatan":"Secanggang","kecCode":"120509"},"geometry":{"type":"Polygon","coordinates":[[[98.54400175767506,3.840343684986477],[98.51185916576793,3.84984388205281],[98.5199644819753,3.878202402851764],[98.53563020706844,3.891942495068587],[98.54974970258678,3.891294091967982],[98.55883199909754,3.8460142513240156],[98.54400175767506,3.840343684986477]]]}},{"type":"Feature","properties":{"code":"1205092009","desa":"Selotong","kecamatan":"Secanggang","kecCode":"120509"},"geometry":{"type":"Polygon","coordinates":[[[98.55333932944654,3.8622066607589547],[98.54892045391584,3.892910143106113],[98.56213854186028,3.924320421534381],[98.57501398540717,3.929630194256572],[98.6003609249168,3.918790265448422],[98.60437188055788,3.900634905785605],[98.5920316946071,3.893329028428967],[98.58697013656263,3.854205030096735],[98.55333932944654,3.8622066607589547]]]}},{"type":"Feature","properties":{"code":"1205092009","desa":"Selotong","kecamatan":"Secanggang","kecCode":"120509"},"geometry":{"type":"Polygon","coordinates":[[[98.58653855730863,3.9273141270263],[98.58912704537693,3.9267373540272335],[98.58637079057956,3.926800616836513],[98.58653855730863,3.9273141270263]]]}},{"type":"Feature","properties":{"code":"1205092010","desa":"Karang Gading","kecamatan":"Secanggang","kecCode":"120509"},"geometry":{"type":"Polygon","coordinates":[[[98.53499247532255,3.8454935609469896],[98.54400175767506,3.840343684986477],[98.55813564234609,3.8453140787498348],[98.55333932944654,3.8622066607589547],[98.57330167803008,3.856791606203571],[98.56245590541577,3.8372974986572532],[98.57084350442425,3.8355842865640337],[98.57444838828256,3.8267683836418027],[98.57912402925064,3.826661308560502],[98.57892255593127,3.824890392367539],[98.55257326444466,3.810902175399811],[98.54067574908662,3.8142679798845225],[98.55078961295033,3.8319228470441438],[98.53237030944227,3.8377983841641683],[98.53499247532255,3.8454935609469896]]]}},{"type":"Feature","properties":{"code":"1205092011","desa":"Jaring Halus","kecamatan":"Secanggang","kecCode":"120509"},"geometry":{"type":"Polygon","coordinates":[[[98.53626359508888,3.894447512558521],[98.5375681957157,3.9389155378903715],[98.5575498167707,3.9466766817438894],[98.56090483568966,3.9383512079111815],[98.58210989895275,3.9337796068175015],[98.58367203933317,3.9278959829935802],[98.57434559757131,3.9296106933573456],[98.55896868975327,3.9213129321334455],[98.54912152433894,3.8915415557171875],[98.53626359508888,3.894447512558521]]]}},{"type":"Feature","properties":{"code":"1205092011","desa":"Jaring Halus","kecamatan":"Secanggang","kecCode":"120509"},"geometry":{"type":"Polygon","coordinates":[[[98.5854291068678,3.9324469500422348],[98.58450514879365,3.930938521672555],[98.58517634071562,3.9351396209693803],[98.5854291068678,3.9324469500422348]]]}},{"type":"Feature","properties":{"code":"1205092011","desa":"Jaring Halus","kecamatan":"Secanggang","kecCode":"120509"},"geometry":{"type":"Polygon","coordinates":[[[98.56889398736769,3.946128723023144],[98.57131650195504,3.9398105629747757],[98.56039500012922,3.9400860990616358],[98.56889398736769,3.946128723023144]]]}},{"type":"Feature","properties":{"code":"1205092012","desa":"Telaga Jernih","kecamatan":"Secanggang","kecCode":"120509"},"geometry":{"type":"Polygon","coordinates":[[[98.54067574908662,3.8142679798845225],[98.50166574427874,3.819016108003078],[98.50539513657633,3.838573940610156],[98.52805419944177,3.850302753931754],[98.53499247532255,3.8454935609469896],[98.53237030944227,3.8377983841641683],[98.55078961295033,3.8319228470441438],[98.54067574908662,3.8142679798845225]]]}},{"type":"Feature","properties":{"code":"1205092013","desa":"Perkotaan","kecamatan":"Secanggang","kecCode":"120509"},"geometry":{"type":"Polygon","coordinates":[[[98.53572477168092,3.804446277885044],[98.54067574908662,3.8142679798845225],[98.55257326444466,3.810902175399811],[98.57886782678882,3.825026850998061],[98.57493405186504,3.812817783516609],[98.58199037995212,3.8103550350621345],[98.5515155412093,3.7899456020349738],[98.5387373836234,3.7925391928537513],[98.53572477168092,3.804446277885044]]]}},{"type":"Feature","properties":{"code":"1205092014","desa":"Kwala Besar","kecamatan":"Secanggang","kecCode":"120509"},"geometry":{"type":"Polygon","coordinates":[[[98.66282696819007,3.907100024049278],[98.65386114377685,3.904746523438251],[98.63775545055364,3.8849401667812575],[98.6232014763671,3.8840634716787994],[98.61160080923001,3.86621689603881],[98.60353524575503,3.87283546832103],[98.61085778755687,3.8831407429787954],[98.60894495204798,3.8982114064431217],[98.61806089939101,3.9046136351162026],[98.61231006765559,3.907119055502376],[98.61515161685365,3.9125144203009117],[98.63634600966064,3.916519267742405],[98.64030238184951,3.914339064690817],[98.6599046050136,3.91147833205718],[98.66282696819007,3.907100024049278]]]}},{"type":"Feature","properties":{"code":"1205092014","desa":"Kwala Besar","kecamatan":"Secanggang","kecCode":"120509"},"geometry":{"type":"Polygon","coordinates":[[[98.64235923658958,3.915560072432806],[98.64037263059248,3.9145987826021984],[98.63936507873547,3.91609435696191],[98.64235923658958,3.915560072432806]]]}},{"type":"Feature","properties":{"code":"1205092015","desa":"Karang Anyar","kecamatan":"Secanggang","kecCode":"120509"},"geometry":{"type":"Polygon","coordinates":[[[98.5259117553233,3.7723146487478907],[98.50789921068008,3.7799474944190044],[98.53572477168092,3.804446277885044],[98.5387373836234,3.7925391928537513],[98.5259117553233,3.7723146487478907]]]}},{"type":"Feature","properties":{"code":"1205092016","desa":"Pantai Gading","kecamatan":"Secanggang","kecCode":"120509"},"geometry":{"type":"Polygon","coordinates":[[[98.57330167803008,3.856791606203571],[98.58697013656263,3.854205030096735],[98.5920316946071,3.893329028428967],[98.60437188055788,3.900634905785605],[98.60112407431667,3.915680595076737],[98.61515161685365,3.9125144203009117],[98.61231006765559,3.907119055502376],[98.61806089939101,3.9046136351162026],[98.60894495204798,3.8982114064431217],[98.61085778755687,3.8831407429787954],[98.60346192942454,3.8730117903004864],[98.60974307158556,3.8556418031838136],[98.60155972660017,3.84880608869445],[98.60316894109381,3.834577315670102],[98.58584341644057,3.834569078779499],[98.5836403849958,3.822209668034444],[98.57444838828256,3.8267683836418027],[98.57084350442425,3.8355842865640337],[98.56245590541577,3.8372974986572532],[98.57330167803008,3.856791606203571]]]}},{"type":"Feature","properties":{"code":"1205092017","desa":"Suka Mulia","kecamatan":"Secanggang","kecCode":"120509"},"geometry":{"type":"Polygon","coordinates":[[[98.47302603872077,3.817890437391066],[98.4850744414324,3.8183216596137437],[98.48363216359354,3.8262625680514617],[98.50176994602623,3.8301304685305664],[98.50166574427874,3.819016108003078],[98.49142738276753,3.8190221721315947],[98.49243437524626,3.8058444385801016],[98.47229926060243,3.8013476466914704],[98.47302603872077,3.817890437391066]]]}},{"type":"Feature","properties":{"code":"1205101008","desa":"Kebun Lada","kecamatan":"Hinai","kecCode":"120510"},"geometry":{"type":"Polygon","coordinates":[[[98.42583919642186,3.8313157075368895],[98.44260373297595,3.825329358652372],[98.44235199834611,3.816109327382743],[98.4252733196081,3.8148980278222187],[98.42583919642186,3.8313157075368895]]]}},{"type":"Feature","properties":{"code":"1205102001","desa":"Cempa","kecamatan":"Hinai","kecCode":"120510"},"geometry":{"type":"Polygon","coordinates":[[[98.46343225909152,3.8913927457976727],[98.46350299077044,3.8808984525318193],[98.44798636427934,3.878690361503583],[98.44746214406273,3.8689652188127464],[98.42445023668915,3.869682553149465],[98.41219800173644,3.884866050054227],[98.42855089161043,3.8953824378640998],[98.43734065574671,3.889871317727852],[98.44514937644259,3.8958401460203036],[98.45084143208646,3.890125307857094],[98.46343225909152,3.8913927457976727]]]}},{"type":"Feature","properties":{"code":"1205102002","desa":"Batu Malenggang","kecamatan":"Hinai","kecCode":"120510"},"geometry":{"type":"Polygon","coordinates":[[[98.41529280002277,3.875704708541234],[98.42445023668915,3.869682553149465],[98.44746753459911,3.8690652270214465],[98.44791632867566,3.858824413069915],[98.43706305931276,3.8478693971203666],[98.42795010761142,3.8483881773373354],[98.4227334407957,3.860720155162757],[98.41276045662983,3.8605832082003833],[98.4183232734004,3.8702139661432486],[98.41145834802438,3.87059949291349],[98.40679945603011,3.8650022258192367],[98.39514729101474,3.8583592333461856],[98.38091256356402,3.8411767216009167],[98.38391541156703,3.8076149473801304],[98.3793264202781,3.801849703115679],[98.38015635243379,3.843947167697187],[98.38854894357894,3.8585010717211663],[98.41529280002277,3.875704708541234]]]}},{"type":"Feature","properties":{"code":"1205102003","desa":"Tamaran","kecamatan":"Hinai","kecCode":"120510"},"geometry":{"type":"Polygon","coordinates":[[[98.38215203079164,3.823630483551172],[98.38233471997142,3.844690258617323],[98.3943602493261,3.8509680804746136],[98.39080885624378,3.844126131884843],[98.39995810997884,3.832504918848703],[98.38215203079164,3.823630483551172]]]}},{"type":"Feature","properties":{"code":"1205102004","desa":"Tanjung Mulia","kecamatan":"Hinai","kecCode":"120510"},"geometry":{"type":"Polygon","coordinates":[[[98.4370616509745,3.847829027453078],[98.43577052129255,3.83271975159678],[98.4259404088229,3.833093409114626],[98.42771002459801,3.8482384618006065],[98.4370616509745,3.847829027453078]]]}},{"type":"Feature","properties":{"code":"1205102005","desa":"Muka Paya","kecamatan":"Hinai","kecCode":"120510"},"geometry":{"type":"Polygon","coordinates":[[[98.4666184428869,3.8921812362933124],[98.46866789260925,3.8564237493128637],[98.44343823728491,3.8497791308655414],[98.4470026894226,3.838974728875491],[98.43611023839685,3.8392190521921017],[98.44791632867566,3.858824413069915],[98.44798636427934,3.878690361503583],[98.46350299077044,3.8808984525318193],[98.4666184428869,3.8921812362933124]]]}},{"type":"Feature","properties":{"code":"1205102006","desa":"Hinai Kanan","kecamatan":"Hinai","kecCode":"120510"},"geometry":{"type":"Polygon","coordinates":[[[98.46866789260925,3.8564237493128637],[98.46708234737247,3.8408897902044465],[98.4750330359459,3.819047957493346],[98.4718604588931,3.808671924177054],[98.45973316405434,3.808540076370683],[98.45244310666406,3.81283335437846],[98.45415182484692,3.8496832064782613],[98.46866789260925,3.8564237493128637]]]}},{"type":"Feature","properties":{"code":"1205102007","desa":"Suka Damai","kecamatan":"Hinai","kecCode":"120510"},"geometry":{"type":"Polygon","coordinates":[[[98.44260373297595,3.825329358652372],[98.42733475009867,3.830285868681968],[98.4259404088229,3.833093409114626],[98.4470026894226,3.838974728875491],[98.44260373297595,3.825329358652372]]]}},{"type":"Feature","properties":{"code":"1205102009","desa":"Baru Pasar Viii","kecamatan":"Hinai","kecCode":"120510"},"geometry":{"type":"Polygon","coordinates":[[[98.4252733196081,3.8148980278222187],[98.44241844565482,3.8186869588325467],[98.4508777916768,3.8136586847023337],[98.450064231679,3.8043370480280356],[98.42502242674367,3.8020579771081],[98.4252733196081,3.8148980278222187]]]}},{"type":"Feature","properties":{"code":"1205102010","desa":"Perkebunan Tanjung Beringin","kecamatan":"Hinai","kecCode":"120510"},"geometry":{"type":"Polygon","coordinates":[[[98.42604720061786,3.7861830292544476],[98.38192073685258,3.7858378667556147],[98.37895260178117,3.7985328981926445],[98.38215203079164,3.823630483551172],[98.39995810997884,3.832504918848703],[98.39080885624378,3.844126131884843],[98.39593069404633,3.849840218214763],[98.38872908677797,3.8523170221734975],[98.41145834802438,3.87059949291349],[98.4183232734004,3.8702139661432486],[98.41276045662983,3.8605832082003833],[98.4227334407957,3.860720155162757],[98.42795010761142,3.8483881773373354],[98.43706305931276,3.8478693971203666],[98.42771002459801,3.8482384618006065],[98.42243796404085,3.829603924466385],[98.42332313255655,3.7980179346984113],[98.43110481693382,3.7978148506934923],[98.42604720061786,3.7861830292544476]]]}},{"type":"Feature","properties":{"code":"1205102011","desa":"Suka Jadi","kecamatan":"Hinai","kecCode":"120510"},"geometry":{"type":"Polygon","coordinates":[[[98.44404808105418,3.785839046666093],[98.43679887177058,3.7858493501987556],[98.42604720061786,3.7861830292544476],[98.43110481693382,3.7978148506934923],[98.42334201022565,3.8008152975034375],[98.450064231679,3.8043370480280356],[98.44404808105418,3.785839046666093]]]}},{"type":"Feature","properties":{"code":"1205102012","desa":"Paya Rengas","kecamatan":"Hinai","kecCode":"120510"},"geometry":{"type":"Polygon","coordinates":[[[98.47361849769555,3.7917313462497555],[98.4440355606926,3.7858392346244125],[98.44972185168217,3.790813731094934],[98.4508777916768,3.8136586847023337],[98.4718604588931,3.808671924177054],[98.47361849769555,3.7917313462497555]]]}},{"type":"Feature","properties":{"code":"1205102013","desa":"Suka Damai Timur","kecamatan":"Hinai","kecCode":"120510"},"geometry":{"type":"Polygon","coordinates":[[[98.44241844565482,3.8186869588325467],[98.44773840140617,3.8369221755949554],[98.44343823728491,3.8497791308655414],[98.45522671973737,3.8495351843648735],[98.45244309227496,3.812821401489188],[98.44241844565482,3.8186869588325467]]]}},{"type":"Feature","properties":{"code":"1205111005","desa":"Pekan Tanjung Pura","kecamatan":"Tanjung Pura","kecCode":"120511"},"geometry":{"type":"Polygon","coordinates":[[[98.4280307093498,3.894740325521146],[98.42409089457918,3.888394738848437],[98.4190413748596,3.891136530745681],[98.42375470371667,3.9085705325049314],[98.4280307093498,3.894740325521146]]]}},{"type":"Feature","properties":{"code":"1205112001","desa":"Serapuh Asli","kecamatan":"Tanjung Pura","kecCode":"120511"},"geometry":{"type":"Polygon","coordinates":[[[98.41763285397309,3.9244617922618765],[98.4077541628244,3.9128348019808814],[98.40248519773375,3.9119630684380797],[98.41290688784265,3.9284637510809595],[98.41763285397309,3.9244617922618765]]]}},{"type":"Feature","properties":{"code":"1205112002","desa":"Pematang Tengah","kecamatan":"Tanjung Pura","kecCode":"120511"},"geometry":{"type":"Polygon","coordinates":[[[98.40433908538056,3.911701014088093],[98.41358799299155,3.916011018586567],[98.40752143896329,3.8971059373022263],[98.39937563977402,3.8974074637961555],[98.40433908538056,3.911701014088093]]]}},{"type":"Feature","properties":{"code":"1205112003","desa":"Paya Perupuk","kecamatan":"Tanjung Pura","kecCode":"120511"},"geometry":{"type":"Polygon","coordinates":[[[98.42376293071474,3.9085639314811047],[98.42009634796813,3.8962688519398947],[98.40755250964065,3.897249877392862],[98.4114498925985,3.9075301877699196],[98.42376293071474,3.9085639314811047]]]}},{"type":"Feature","properties":{"code":"1205112004","desa":"Lalang","kecamatan":"Tanjung Pura","kecCode":"120511"},"geometry":{"type":"Polygon","coordinates":[[[98.44514937644259,3.8958401460203036],[98.43424330158716,3.8905282814750377],[98.42781638561775,3.8950412638584946],[98.42892940366907,3.9023305226429668],[98.44270763974583,3.904032066032697],[98.44514937644259,3.8958401460203036]]]}},{"type":"Feature","properties":{"code":"1205112006","desa":"Pekubuan","kecamatan":"Tanjung Pura","kecCode":"120511"},"geometry":{"type":"Polygon","coordinates":[[[98.42903458028172,3.902489211615167],[98.41969803103937,3.9169807098837492],[98.42745013041922,3.9149489138553717],[98.43141760563805,3.927855444253732],[98.43996120284731,3.928817469729812],[98.44517441356838,3.924344397460103],[98.44300284940202,3.9043792097380847],[98.42903458028172,3.902489211615167]]]}},{"type":"Feature","properties":{"code":"1205112007","desa":"Teluk Bakung","kecamatan":"Tanjung Pura","kecCode":"120511"},"geometry":{"type":"Polygon","coordinates":[[[98.41252312194456,3.9168119826789347],[98.42477078744194,3.9287761908479304],[98.43122596190868,3.9275340328500605],[98.42745013041922,3.9149489138553717],[98.41969803103937,3.9169807098837492],[98.42402872804341,3.9094671862615793],[98.41744091886336,3.904933415149734],[98.4114498925985,3.9075301877699196],[98.41252312194456,3.9168119826789347]]]}},{"type":"Feature","properties":{"code":"1205112008","desa":"Pantai Cermin","kecamatan":"Tanjung Pura","kecCode":"120511"},"geometry":{"type":"Polygon","coordinates":[[[98.46213321807363,3.8904719191637924],[98.44461829889542,3.893755762135316],[98.44327650590606,3.9261251288538026],[98.45100998842031,3.916412171077374],[98.45950097259185,3.927182384440599],[98.47319839558952,3.920508860883363],[98.46213321807363,3.8904719191637924]]]}},{"type":"Feature","properties":{"code":"1205112008","desa":"Pantai Cermin","kecamatan":"Tanjung Pura","kecCode":"120511"},"geometry":{"type":"Polygon","coordinates":[[[98.49704865726977,3.988070303618123],[98.49631915600429,3.961314355817753],[98.50514439479804,3.95710037283331],[98.50454701473302,3.951324637077801],[98.49423579644491,3.943631542225504],[98.48312866555551,3.950781415985604],[98.47755594275259,3.94222919968297],[98.46890460496358,3.9499330288431294],[98.48078056267286,3.960167475594645],[98.4762506325607,3.9738680282185084],[98.49704865726977,3.988070303618123]]]}},{"type":"Feature","properties":{"code":"1205112009","desa":"Pematang Serai","kecamatan":"Tanjung Pura","kecCode":"120511"},"geometry":{"type":"Polygon","coordinates":[[[98.41763285397309,3.9244617922618765],[98.40884349633033,3.9342493784796195],[98.41328780199052,3.9423252014119723],[98.40659060557202,3.9543395566774877],[98.41617279743673,3.9633908085816096],[98.42407659805662,3.928368844726209],[98.41763285397309,3.9244617922618765]]]}},{"type":"Feature","properties":{"code":"1205112010","desa":"Baja Kuning","kecamatan":"Tanjung Pura","kecCode":"120511"},"geometry":{"type":"Polygon","coordinates":[[[98.43303078524258,3.9281794376109938],[98.42407659805662,3.928368844726209],[98.42285438522173,3.9451734415630764],[98.43822970034044,3.943776232350732],[98.43303078524258,3.9281794376109938]]]}},{"type":"Feature","properties":{"code":"1205112011","desa":"Pulau Banyak","kecamatan":"Tanjung Pura","kecCode":"120511"},"geometry":{"type":"Polygon","coordinates":[[[98.43264843757537,3.946766828886352],[98.41746622668506,3.9448655802446795],[98.4153315437158,3.9627491216180104],[98.42322359559249,3.9620651925986223],[98.42375269642984,3.9762337128446075],[98.43199527256381,3.987067769979177],[98.42864762358903,3.994655633360355],[98.44779909305379,3.9997178389113075],[98.43792359090104,3.981193044047529],[98.43810487983636,3.966970379218497],[98.45424907933157,3.954568569935555],[98.45485488964151,3.9468972575625485],[98.44994509309163,3.9427857640163495],[98.4433491108728,3.953972671054562],[98.43305080325199,3.9557810610978508],[98.43264843757537,3.946766828886352]]]}},{"type":"Feature","properties":{"code":"1205112012","desa":"Pematang Cengal","kecamatan":"Tanjung Pura","kecCode":"120511"},"geometry":{"type":"Polygon","coordinates":[[[98.4460866309933,3.918419417412572],[98.43935666327945,3.9288604285452626],[98.45536598155485,3.9528453259049248],[98.43844872392951,3.9661948254705295],[98.43878103062012,3.9824866108908257],[98.46843397624707,3.9885275216438267],[98.47534858556884,3.977511224990733],[98.48987466278548,3.9841062404313283],[98.47642231044131,3.974213046825836],[98.48078056267286,3.960167475594645],[98.46889539770449,3.950476408216048],[98.47755594275259,3.94222919968297],[98.48197892458774,3.9448090020961346],[98.48107536043962,3.9401603677741046],[98.45992495976913,3.9439396373676763],[98.45565709659779,3.917135765594875],[98.4460866309933,3.918419417412572]]]}},{"type":"Feature","properties":{"code":"1205112013","desa":"Kwala Serapuh","kecamatan":"Tanjung Pura","kecCode":"120511"},"geometry":{"type":"Polygon","coordinates":[[[98.44279849375555,3.9856159008722165],[98.44779909305379,3.9997178389113075],[98.4323811788484,4.006714583308163],[98.43306950375467,4.015660213435345],[98.44219162944022,4.019139324403866],[98.45016481455461,4.006888348515031],[98.45767989221332,4.017338654141108],[98.4457714833673,4.038493493842764],[98.47369303170807,4.034972034698512],[98.46904809988996,4.014906820781223],[98.47256905991424,3.988134001699293],[98.44279849375555,3.9856159008722165]]]}},{"type":"Feature","properties":{"code":"1205112014","desa":"Kwala Langkat","kecamatan":"Tanjung Pura","kecCode":"120511"},"geometry":{"type":"Polygon","coordinates":[[[98.49710381988547,3.988430222193153],[98.47139967235704,3.978543085521582],[98.47395212099366,4.0351716464209755],[98.49130383660281,4.028656029425728],[98.489290224864,4.0075870731807095],[98.49710381988547,3.988430222193153]]]}},{"type":"Feature","properties":{"code":"1205112015","desa":"Bubun","kecamatan":"Tanjung Pura","kecCode":"120511"},"geometry":{"type":"Polygon","coordinates":[[[98.51535224680877,3.967277996820633],[98.49631915600429,3.961314355817753],[98.49635202442647,3.9980704913660077],[98.489290224864,4.0075870731807095],[98.49257920926316,4.0190588818455755],[98.52763040112217,4.018589267564813],[98.5416669197926,4.011929976678327],[98.53878662420338,3.996348161046521],[98.51493629687263,3.991328215537775],[98.51535224680877,3.967277996820633]]]}},{"type":"Feature","properties":{"code":"1205112016","desa":"Tapak Kuda","kecamatan":"Tanjung Pura","kecCode":"120511"},"geometry":{"type":"Polygon","coordinates":[[[98.5575498167707,3.9466766817438894],[98.5382765952887,3.939476745423542],[98.52156728969872,3.9402251432430275],[98.51270201038955,3.9476483146773798],[98.49861238405435,3.9422467625431885],[98.50454701473302,3.951324637077801],[98.50202627079578,3.961279182433228],[98.51166504980228,3.961241838984635],[98.51654393755273,3.970291795865049],[98.51493629687263,3.991328215537775],[98.53676851495503,3.9950401205142514],[98.5529082286319,3.9807962262890246],[98.5575498167707,3.9466766817438894]]]}},{"type":"Feature","properties":{"code":"1205112017","desa":"Suka Maju","kecamatan":"Tanjung Pura","kecCode":"120511"},"geometry":{"type":"Polygon","coordinates":[[[98.47860420422067,3.939055467904017],[98.48312866555551,3.950781415985604],[98.4869843604399,3.944628470390176],[98.49960948668853,3.9455035934777163],[98.47315830471206,3.920456684916307],[98.46262544940504,3.9214763821165293],[98.45992495976913,3.9439396373676763],[98.47860420422067,3.939055467904017]]]}},{"type":"Feature","properties":{"code":"1205112018","desa":"Karya Maju","kecamatan":"Tanjung Pura","kecCode":"120511"},"geometry":{"type":"Polygon","coordinates":[[[98.49420069590546,3.902902304404702],[98.46343225909152,3.8913927457976727],[98.46661228882611,3.9121192141275243],[98.49839380922697,3.9440459669110375],[98.51270201038955,3.9476483146773798],[98.52156728969872,3.9402251432430275],[98.5382765952887,3.939476745423542],[98.53667153656221,3.9325609184270536],[98.49923634987772,3.9228033201028953],[98.50114431555777,3.9134178657375926],[98.49420069590546,3.902902304404702]]]}},{"type":"Feature","properties":{"code":"1205112019","desa":"Pematang Cengal Barat","kecamatan":"Tanjung Pura","kecCode":"120511"},"geometry":{"type":"Polygon","coordinates":[[[98.44994509309163,3.9427857640163495],[98.43523963260303,3.92539391258202],[98.43191669160211,3.9323109959313878],[98.43866845258708,3.9423864047737296],[98.43240358995376,3.9556858822485164],[98.4433491108728,3.953972671054562],[98.44994509309163,3.9427857640163495]]]}},{"type":"Feature","properties":{"code":"1205121006","desa":"Tanjung Selamat","kecamatan":"Padang Tualang","kecCode":"120512"},"geometry":{"type":"Polygon","coordinates":[[[98.35979987506425,3.871221276081557],[98.34546580580235,3.8478911769016446],[98.36629470693525,3.8468122773312547],[98.36396950169119,3.8413526820529844],[98.33838387491595,3.8178968477586173],[98.32584489562548,3.826650907001682],[98.31850081685928,3.818445784941719],[98.30746645641187,3.8194505596912403],[98.32499469365024,3.8348656455123575],[98.32016179632988,3.8400474896735783],[98.33074426183828,3.840569216069617],[98.33086482135445,3.8534682740011],[98.34134019379496,3.852242284914221],[98.3372679079876,3.862238997681716],[98.34772103659662,3.859638750980412],[98.35389478081954,3.87344077411065],[98.35979987506425,3.871221276081557]]]}},{"type":"Feature","properties":{"code":"1205122001","desa":"Serapuh Abc","kecamatan":"Padang Tualang","kecCode":"120512"},"geometry":{"type":"Polygon","coordinates":[[[98.40248519773375,3.9119630684380797],[98.40320120826918,3.893949608304158],[98.39098966763912,3.903418850705768],[98.38054737676009,3.9020210920076113],[98.3716222268843,3.8908936274585764],[98.34368559691283,3.896665796502843],[98.34363480859957,3.902981875519944],[98.39549294904042,3.9057031376935827],[98.40248519773375,3.9119630684380797]]]}},{"type":"Feature","properties":{"code":"1205122002","desa":"Padang Tualang","kecamatan":"Padang Tualang","kecCode":"120512"},"geometry":{"type":"Polygon","coordinates":[[[98.41950186641805,3.890819892044105],[98.41229364283741,3.8857698111529224],[98.41583779277998,3.876267614893693],[98.39869643399327,3.8631837031144998],[98.40057009863119,3.8781510245832966],[98.39377638427275,3.8773879291436137],[98.40093980542775,3.889145799560528],[98.39759378062853,3.893945608119736],[98.41654952973704,3.89756691359478],[98.41950186641805,3.890819892044105]]]}},{"type":"Feature","properties":{"code":"1205122003","desa":"Kwala Besilam","kecamatan":"Padang Tualang","kecCode":"120512"},"geometry":{"type":"Polygon","coordinates":[[[98.39967352401396,3.8724947169967985],[98.35433122720444,3.871792743979874],[98.34368559691283,3.896665796502843],[98.3716222268843,3.8908936274585764],[98.38054737676009,3.9020210920076113],[98.39098966763912,3.903418850705768],[98.40093980542775,3.889145799560528],[98.39414825843544,3.8852233543000323],[98.39967352401396,3.8724947169967985]]]}},{"type":"Feature","properties":{"code":"1205122004","desa":"Buluh Telang","kecamatan":"Padang Tualang","kecCode":"120512"},"geometry":{"type":"Polygon","coordinates":[[[98.35389478081954,3.87344077411065],[98.34570883409548,3.8645014743112895],[98.33322499134033,3.8684073594556057],[98.32280533190061,3.8584616094698254],[98.30021282156451,3.8864239375390772],[98.30040317926334,3.8947520517813197],[98.31698950975812,3.8923686244305244],[98.30924587659598,3.9040164466074416],[98.34344687907026,3.900104839976214],[98.35389478081954,3.87344077411065]]]}},{"type":"Feature","properties":{"code":"1205122005","desa":"Besilam","kecamatan":"Padang Tualang","kecCode":"120512"},"geometry":{"type":"Polygon","coordinates":[[[98.39868148006633,3.8634182229215313],[98.38854894357894,3.8585010717211663],[98.37968176400227,3.842890322201313],[98.37724505361636,3.8050338040777962],[98.3575320357749,3.7908060607772747],[98.37034662309821,3.8108204018448935],[98.37077492522268,3.831712069339083],[98.37719947057917,3.841800984199942],[98.34546580580235,3.8478911769016446],[98.34891601256395,3.8594214486939924],[98.35979987506425,3.871221276081557],[98.37603903667224,3.873078307756263],[98.39967352401396,3.8724947169967985],[98.39868148006633,3.8634182229215313]]]}},{"type":"Feature","properties":{"code":"1205122007","desa":"Tebing Tanjung Selamat","kecamatan":"Padang Tualang","kecCode":"120512"},"geometry":{"type":"Polygon","coordinates":[[[98.33424572186264,3.7805440561004016],[98.2959353356473,3.7453953516887113],[98.27975606439092,3.756499602037694],[98.26332019407174,3.758360865921931],[98.2656641285967,3.760901515450573],[98.266615914393,3.7633047710537864],[98.26711004958918,3.7639111371441056],[98.26776678400995,3.7644536522684717],[98.27497334744207,3.7584543297641457],[98.28161680307306,3.765269106237666],[98.27554084933081,3.771964908699792],[98.27284109623962,3.768196698968712],[98.26679634537511,3.7688729495764512],[98.28233376958785,3.7936057015650415],[98.29487991827368,3.7951349105691925],[98.29811598566425,3.8029395429387622],[98.29227400494142,3.8061312323802565],[98.30125050520672,3.8120089467590494],[98.30563324957483,3.813125420903809],[98.31115264797637,3.7990808901882525],[98.31472184044064,3.8033639195220337],[98.31704221902321,3.7899667217138746],[98.33424572186264,3.7805440561004016]]]}},{"type":"Feature","properties":{"code":"1205122008","desa":"Tanjung Putus","kecamatan":"Padang Tualang","kecCode":"120512"},"geometry":{"type":"Polygon","coordinates":[[[98.37230190660777,3.7882628922475448],[98.3632412262017,3.7886451158079026],[98.36127334588825,3.7792072804301613],[98.34976859504468,3.7712962096992504],[98.34670611659406,3.781074746039189],[98.33424572186264,3.7805440561004016],[98.31704221902321,3.7899667217138746],[98.3049975763771,3.8183190228015365],[98.31850081685928,3.818445784941719],[98.32584489562548,3.826650907001682],[98.36104259963633,3.8008897020135732],[98.3575320357749,3.7908060607772747],[98.37724505361636,3.8050338040777962],[98.36823236643062,3.7942718222093],[98.37230190660777,3.7882628922475448]]]}},{"type":"Feature","properties":{"code":"1205122009","desa":"Suka Ramai","kecamatan":"Padang Tualang","kecCode":"120512"},"geometry":{"type":"Polygon","coordinates":[[[98.26768862842749,3.7643803773068667],[98.27554084933081,3.771964908699792],[98.28161680307306,3.765269106237666],[98.27497334744207,3.7584543297641457],[98.26768862842749,3.7643803773068667]]]}},{"type":"Feature","properties":{"code":"1205122009","desa":"Suka Ramai","kecamatan":"Padang Tualang","kecCode":"120512"},"geometry":{"type":"Polygon","coordinates":[[[98.29811598566425,3.8029395429387622],[98.29487991827368,3.7951349105691925],[98.29067303183501,3.7923747356300135],[98.2903805183463,3.800319287221351],[98.29811598566425,3.8029395429387622]]]}},{"type":"Feature","properties":{"code":"1205122010","desa":"Jati Sari","kecamatan":"Padang Tualang","kecCode":"120512"},"geometry":{"type":"Polygon","coordinates":[[[98.33838387491595,3.8178968477586173],[98.36459554404917,3.8424235066107193],[98.37719947057917,3.841800984199942],[98.37077492522268,3.831712069339083],[98.37034662309821,3.8108204018448935],[98.36104259963633,3.8008897020135732],[98.33838387491595,3.8178968477586173]]]}},{"type":"Feature","properties":{"code":"1205122011","desa":"Banjaran Raya","kecamatan":"Padang Tualang","kecCode":"120512"},"geometry":{"type":"Polygon","coordinates":[[[98.32138014297924,3.721252224011284],[98.3045022369887,3.707136537136874],[98.3059542104185,3.701490318145096],[98.28670050602356,3.6986511089859397],[98.27889367929993,3.689569579606602],[98.22682633496744,3.6901802885230133],[98.24347358373892,3.7150438478022996],[98.23616613705764,3.7239650397522444],[98.25045343257989,3.7289715538861787],[98.2486813103942,3.7374010280180987],[98.25805941640901,3.7457323672291607],[98.25786145404292,3.741287708140157],[98.27410396472624,3.7435043957878555],[98.27622456431224,3.734710736697112],[98.2889048612704,3.734620030176343],[98.33424572186264,3.7805440561004016],[98.34670611659406,3.781074746039189],[98.34791889464134,3.773310373619685],[98.31708843158587,3.7494823297159923],[98.32166889370454,3.7456513976681425],[98.3118294759496,3.7308776022096306],[98.32138014297924,3.721252224011284]]]}},{"type":"Feature","properties":{"code":"1205122012","desa":"Bukit Sari","kecamatan":"Padang Tualang","kecCode":"120512"},"geometry":{"type":"Polygon","coordinates":[[[98.28242482774368,3.861360895140244],[98.29980045992333,3.8442422838235912],[98.28370110602127,3.8396778395347897],[98.26871167740204,3.852363000013062],[98.28242482774368,3.861360895140244]]]}},{"type":"Feature","properties":{"code":"1205122012","desa":"Bukit Sari","kecamatan":"Padang Tualang","kecCode":"120512"},"geometry":{"type":"Polygon","coordinates":[[[98.29458713858565,3.862556357639524],[98.29026841875258,3.8641624937521724],[98.29387330171159,3.8659827818260317],[98.29458713858565,3.862556357639524]]]}},{"type":"Feature","properties":{"code":"1205131001","desa":"Pekan Gebang","kecamatan":"Gebang","kecCode":"120513"},"geometry":{"type":"Polygon","coordinates":[[[98.37755676043622,3.9705567739110594],[98.37709729140693,3.9602135010982455],[98.38288824459687,3.9570609285683958],[98.376691627017,3.9533203945738564],[98.38243145644662,3.9515850519637987],[98.37395485603184,3.9377897296821103],[98.3584934587062,3.954536483923677],[98.34404822604483,3.943535423584662],[98.32591836124344,3.9455887862550085],[98.3586066042115,3.9600048188136365],[98.34508918501791,3.9625392576241834],[98.35553728731598,3.969334281388343],[98.34864107632465,4.007168148287716],[98.35296984158498,4.014471738668327],[98.36113448157111,3.96817215765654],[98.37755676043622,3.9705567739110594]]]}},{"type":"Feature","properties":{"code":"1205132002","desa":"Paluh Manis","kecamatan":"Gebang","kecCode":"120513"},"geometry":{"type":"Polygon","coordinates":[[[98.34864107632465,4.007168148287716],[98.35553728731598,3.969334281388343],[98.34508918501791,3.9625392576241834],[98.3586066042115,3.9600048188136365],[98.32714340874139,3.946268314891654],[98.31249653728541,3.946275723506626],[98.31410615377604,3.971059671201435],[98.32452501641642,3.971480450496478],[98.34864107632465,4.007168148287716]]]}},{"type":"Feature","properties":{"code":"1205132003","desa":"Pasar Rawa","kecamatan":"Gebang","kecCode":"120513"},"geometry":{"type":"Polygon","coordinates":[[[98.38570197686481,3.9698634181980132],[98.36113448157111,3.96817215765654],[98.35396452684147,4.0232618814099315],[98.37051034197879,4.030281831912824],[98.3815218002909,4.052010843774183],[98.40370810484524,4.068609117248196],[98.42929869138156,4.046507746489908],[98.43258247859858,4.026920015022006],[98.40536492944801,4.017977397623594],[98.40837607459622,4.000610995204472],[98.4010952694312,3.9923824529997614],[98.3822859569314,3.987610330069683],[98.38570197686481,3.9698634181980132]]]}},{"type":"Feature","properties":{"code":"1205132004","desa":"Padang Langkat","kecamatan":"Gebang","kecCode":"120513"},"geometry":{"type":"Polygon","coordinates":[[[98.31211205732562,3.9462780446568932],[98.34404822604483,3.943535423584662],[98.3586914300655,3.9544907974644588],[98.3713840900038,3.9390284576657213],[98.36968993184496,3.9306482474960456],[98.3318552123482,3.931180673126435],[98.32749511920446,3.9198929349998317],[98.30216018384544,3.9212566840361354],[98.2995725195562,3.9261643231071894],[98.30626475441494,3.9288412154290664],[98.3040375788712,3.9364792852620045],[98.31211205732562,3.9462780446568932]]]}},{"type":"Feature","properties":{"code":"1205132005","desa":"Air Hitam","kecamatan":"Gebang","kecCode":"120513"},"geometry":{"type":"Polygon","coordinates":[[[98.40735646642786,3.9198598921091845],[98.40186097740222,3.9111451638163905],[98.37384938174364,3.9133162828160297],[98.3712125757998,3.9384671197309555],[98.38332548778111,3.9431157954218254],[98.38157501137772,3.947602208234779],[98.3870496999837,3.939902404439966],[98.38923102359291,3.94428314871132],[98.3950408247743,3.9284836890507306],[98.40735646642786,3.9198598921091845]]]}},{"type":"Feature","properties":{"code":"1205132006","desa":"Paya Bengkuang","kecamatan":"Gebang","kecCode":"120513"},"geometry":{"type":"Polygon","coordinates":[[[98.40186097740222,3.9111451638163905],[98.39549294904042,3.9057031376935827],[98.3633539013615,3.903009715832499],[98.36663330977949,3.9131903975148],[98.40186097740222,3.9111451638163905]]]}},{"type":"Feature","properties":{"code":"1205132007","desa":"Dogang","kecamatan":"Gebang","kecCode":"120513"},"geometry":{"type":"Polygon","coordinates":[[[98.41290688784265,3.9284637510809595],[98.40777323924367,3.91962636335511],[98.3950408247743,3.9284836890507306],[98.39413905657227,3.938845898887825],[98.3809635380369,3.9442551600105715],[98.38235462466626,3.9524885900306246],[98.37680297297884,3.954065529653052],[98.38467978224624,3.961051354481535],[98.4104282726467,3.95502309179379],[98.41290688784265,3.9284637510809595]]]}},{"type":"Feature","properties":{"code":"1205132008","desa":"Sangga Lima","kecamatan":"Gebang","kecCode":"120513"},"geometry":{"type":"Polygon","coordinates":[[[98.42322359559249,3.9620651925986223],[98.40708342955668,3.955879897489931],[98.37874727306824,3.9578641157848566],[98.37776809931842,3.972280730204782],[98.38575539299704,3.970240547998306],[98.38203811456737,3.9871801105910922],[98.40794247096828,4.000000038974513],[98.40590616303905,4.018402195988935],[98.42104060104298,4.0106082421692895],[98.43242233542247,4.018343106933316],[98.4323811788484,4.006714583308163],[98.44281464468013,4.000134783497202],[98.4390888487714,3.9941696370291555],[98.42912381820967,3.9954918661653482],[98.43199527256381,3.987067769979177],[98.42375269642984,3.9762337128446075],[98.42322359559249,3.9620651925986223]]]}},{"type":"Feature","properties":{"code":"1205132009","desa":"Kwala Gebang","kecamatan":"Gebang","kecCode":"120513"},"geometry":{"type":"Polygon","coordinates":[[[98.4457714833673,4.038493493842764],[98.45749882990714,4.019924445139801],[98.45142210544589,4.007474020305747],[98.43969918986579,4.020084171030229],[98.42362945423599,4.010646313169421],[98.41251261156782,4.013006739459555],[98.41081501709942,4.019554209542306],[98.43224949741641,4.026288503887376],[98.43238030470735,4.038697239748706],[98.4457714833673,4.038493493842764]]]}},{"type":"Feature","properties":{"code":"1205132010","desa":"Bukit Mengkirai","kecamatan":"Gebang","kecCode":"120513"},"geometry":{"type":"Polygon","coordinates":[[[98.3633539013615,3.903009715832499],[98.30753246125413,3.9041602068336405],[98.30904627656444,3.9207919350875975],[98.36341474859181,3.918110479605673],[98.3633539013615,3.903009715832499]]]}},{"type":"Feature","properties":{"code":"1205132011","desa":"Pasiran","kecamatan":"Gebang","kecCode":"120513"},"geometry":{"type":"Polygon","coordinates":[[[98.32749511920446,3.9198929349998317],[98.3318552123482,3.931180673126435],[98.37466300469394,3.927911867718885],[98.37384938174364,3.9133162828160297],[98.32749511920446,3.9198929349998317]]]}},{"type":"Feature","properties":{"code":"1205141001","desa":"Pelawi Utara","kecamatan":"Babalan","kecCode":"120514"},"geometry":{"type":"Polygon","coordinates":[[[98.29293601838259,4.014558840706377],[98.30760002731944,4.00388325580736],[98.30250301979855,3.9972131973379676],[98.28254696107348,3.999115612400381],[98.28232706334335,4.012901991823654],[98.29293601838259,4.014558840706377]]]}},{"type":"Feature","properties":{"code":"1205141006","desa":"Berandan Barat","kecamatan":"Babalan","kecCode":"120514"},"geometry":{"type":"Polygon","coordinates":[[[98.28589744201336,4.022625014812458],[98.28232706334335,4.012901991823654],[98.28357032840796,4.02680810788335],[98.28589744201336,4.022625014812458]]]}},{"type":"Feature","properties":{"code":"1205141007","desa":"Berandan Timur Baru","kecamatan":"Babalan","kecCode":"120514"},"geometry":{"type":"Polygon","coordinates":[[[98.28642036990418,4.020008347389988],[98.28455542599217,4.0266225093969314],[98.2870201790381,4.027903497422754],[98.29017403940048,4.022724070639178],[98.28642036990418,4.020008347389988]]]}},{"type":"Feature","properties":{"code":"1205141008","desa":"Berandan Timur","kecamatan":"Babalan","kecCode":"120514"},"geometry":{"type":"Polygon","coordinates":[[[98.29783558064757,4.022873883302741],[98.286900326389,4.014191856158099],[98.28642036990418,4.020008347389988],[98.2939613057697,4.02501420681756],[98.29783558064757,4.022873883302741]]]}},{"type":"Feature","properties":{"code":"1205142002","desa":"Securai Utara","kecamatan":"Babalan","kecCode":"120514"},"geometry":{"type":"Polygon","coordinates":[[[98.3342508623874,3.985836454207886],[98.32452501641642,3.971480450496478],[98.31410615377604,3.971059671201435],[98.30515960902879,3.9807272105166254],[98.30604522540688,3.9902093258139733],[98.29468126612761,3.9968394328008072],[98.30916617328033,4.00406607538862],[98.3342508623874,3.985836454207886]]]}},{"type":"Feature","properties":{"code":"1205142003","desa":"Teluk Meku","kecamatan":"Babalan","kecCode":"120514"},"geometry":{"type":"Polygon","coordinates":[[[98.3716699772877,4.070461940095716],[98.37227343407176,4.059019868413578],[98.35674489336219,4.054092097119188],[98.36229813325228,4.055041800983918],[98.36503410563948,4.047292533577351],[98.37124297828085,4.052496518148062],[98.36804714565932,4.04634959890967],[98.37416632981233,4.045787179989732],[98.37539405908858,4.040588991549635],[98.36927257626841,4.044176373697757],[98.36918472059841,4.036046756018628],[98.36654415009252,4.042283649729748],[98.36108815029797,4.037458355283043],[98.3575069932532,4.042654643455758],[98.35233749857673,4.03272494097244],[98.350825519682,4.040097020122747],[98.33953020205723,4.03923712435612],[98.34028822622071,4.033093348248253],[98.32719939423667,4.038470744592335],[98.32771217957348,4.0146687900210045],[98.32464479172381,4.0085559056253635],[98.31523881392017,4.011983034880352],[98.30374601686526,4.039822727798343],[98.31266183267753,4.071190405341447],[98.35343990282932,4.076964591565045],[98.3716699772877,4.070461940095716]]]}},{"type":"Feature","properties":{"code":"1205142004","desa":"Pelawi Selatan","kecamatan":"Babalan","kecCode":"120514"},"geometry":{"type":"Polygon","coordinates":[[[98.31556211479982,3.9970953070097837],[98.29293601838259,4.014558840706377],[98.29783558064757,4.022873883302741],[98.30773622244874,4.012486592273037],[98.31424653255152,4.019691720379556],[98.31523881392017,4.011983034880352],[98.32464479172381,4.0085559056253635],[98.31556211479982,3.9970953070097837]]]}},{"type":"Feature","properties":{"code":"1205142005","desa":"Securai Selatan","kecamatan":"Babalan","kecCode":"120514"},"geometry":{"type":"Polygon","coordinates":[[[98.35396452684147,4.0232618814099315],[98.3342508623874,3.985836454207886],[98.31556211479982,3.9970953070097837],[98.32807260176924,4.015939555453096],[98.32719939423667,4.038470744592335],[98.34028822622071,4.033093348248253],[98.33953020205723,4.03923712435612],[98.350825519682,4.040097020122747],[98.35233749857673,4.03272494097244],[98.3575069932532,4.042654643455758],[98.36108815029797,4.037458355283043],[98.36654415009252,4.042283649729748],[98.36918472059841,4.036046756018628],[98.36927257626841,4.044176373697757],[98.3759580680105,4.0416292544463115],[98.36804714565932,4.04634959890967],[98.37275016378908,4.051174275522058],[98.36296285005557,4.047669023959689],[98.36314594482957,4.054286232869772],[98.35674377280691,4.055510037503327],[98.37227343407176,4.059019868413578],[98.37363751406006,4.072749460146315],[98.3888996423047,4.075943611931625],[98.40370810484524,4.068609117248196],[98.3815218002909,4.052010843774183],[98.37051034197879,4.030281831912824],[98.35396452684147,4.0232618814099315]]]}},{"type":"Feature","properties":{"code":"1205151009","desa":"Beras Basah","kecamatan":"Pangkalan Susu","kecCode":"120515"},"geometry":{"type":"Polygon","coordinates":[[[98.2484621905777,4.130127905444704],[98.25394569883495,4.122843092908337],[98.23464638891976,4.112422456815867],[98.23334427401907,4.101428276290456],[98.21095463814612,4.123421416338614],[98.2484621905777,4.130127905444704]]]}},{"type":"Feature","properties":{"code":"1205151010","desa":"Bukit Jengkol","kecamatan":"Pangkalan Susu","kecCode":"120515"},"geometry":{"type":"Polygon","coordinates":[[[98.21256047838341,4.121247180288757],[98.21996433868333,4.11269769792505],[98.2020688399051,4.105361505321618],[98.20576532241175,4.117421410349432],[98.21256047838341,4.121247180288757]]]}},{"type":"Feature","properties":{"code":"1205151010","desa":"Bukit Jengkol","kecamatan":"Pangkalan Susu","kecCode":"120515"},"geometry":{"type":"Polygon","coordinates":[[[98.2011429249061,4.116159860270299],[98.19816947124416,4.114850061563473],[98.1997890513237,4.118520801872039],[98.2011429249061,4.116159860270299]]]}},{"type":"Feature","properties":{"code":"1205151010","desa":"Bukit Jengkol","kecamatan":"Pangkalan Susu","kecCode":"120515"},"geometry":{"type":"Polygon","coordinates":[[[98.20306684455932,4.1292828853639945],[98.20387475321735,4.119379016805778],[98.20020670727378,4.120681176671226],[98.18426637329456,4.114615623594785],[98.19371483057499,4.128997703148921],[98.20306684455932,4.1292828853639945]]]}},{"type":"Feature","properties":{"code":"1205151010","desa":"Bukit Jengkol","kecamatan":"Pangkalan Susu","kecCode":"120515"},"geometry":{"type":"Polygon","coordinates":[[[98.18820295320381,4.128706154633046],[98.19216624657508,4.132218137621012],[98.19056621056222,4.129508593613582],[98.18820295320381,4.128706154633046]]]}},{"type":"Feature","properties":{"code":"1205151010","desa":"Bukit Jengkol","kecamatan":"Pangkalan Susu","kecCode":"120515"},"geometry":{"type":"Polygon","coordinates":[[[98.20585145677938,4.131439442541087],[98.20505476536515,4.132637627288241],[98.2056597563927,4.133102558799117],[98.20585145677938,4.131439442541087]]]}},{"type":"Feature","properties":{"code":"1205151010","desa":"Bukit Jengkol","kecamatan":"Pangkalan Susu","kecCode":"120515"},"geometry":{"type":"Polygon","coordinates":[[[98.20193024718321,4.137215440898615],[98.2030137081162,4.1314641352264845],[98.19626308657222,4.13124411878612],[98.20193024718321,4.137215440898615]]]}},{"type":"Feature","properties":{"code":"1205152001","desa":"Alur Cempedak","kecamatan":"Pangkalan Susu","kecCode":"120515"},"geometry":{"type":"Polygon","coordinates":[[[98.21954027866097,4.112381131169217],[98.23334427401907,4.101428276290456],[98.22647988643769,4.078920832850522],[98.21716144234675,4.093933776926705],[98.21148459333938,4.093948133703865],[98.20999088687,4.106101576318319],[98.21954027866097,4.112381131169217]]]}},{"type":"Feature","properties":{"code":"1205152002","desa":"Sei Siur","kecamatan":"Pangkalan Susu","kecCode":"120515"},"geometry":{"type":"Polygon","coordinates":[[[98.23161297925566,4.086405764326973],[98.23464638891976,4.112422456815867],[98.24256744033515,4.118524622192051],[98.24812751956942,4.11548657292868],[98.25005729740637,4.088699777482761],[98.23161297925566,4.086405764326973]]]}},{"type":"Feature","properties":{"code":"1205152003","desa":"Tanjung Pasir","kecamatan":"Pangkalan Susu","kecCode":"120515"},"geometry":{"type":"Polygon","coordinates":[[[98.24750821673086,4.085175293918417],[98.24575484990645,4.12178145942188],[98.25394569883495,4.122843092908337],[98.2484621905777,4.130127905444704],[98.26011294725474,4.12456279181151],[98.2715735944459,4.092848714302357],[98.2618921246219,4.080164507105367],[98.24750821673086,4.085175293918417]]]}},{"type":"Feature","properties":{"code":"1205152004","desa":"Paya Tampak","kecamatan":"Pangkalan Susu","kecCode":"120515"},"geometry":{"type":"Polygon","coordinates":[[[98.22647988643769,4.078920832850522],[98.24066548122703,4.088090925666321],[98.2618921246219,4.080164507105367],[98.24192312375321,4.066346773718261],[98.23392522706762,4.067231683228313],[98.22647988643769,4.078920832850522]]]}},{"type":"Feature","properties":{"code":"1205152005","desa":"Pintu Air","kecamatan":"Pangkalan Susu","kecCode":"120515"},"geometry":{"type":"Polygon","coordinates":[[[98.27146080057553,4.088170034530002],[98.26370899977057,4.1065667821223855],[98.2607910936341,4.124253461900188],[98.29804658767993,4.106487890894673],[98.30536278026813,4.091158688530062],[98.29449464061526,4.086127573441456],[98.27146080057553,4.088170034530002]]]}},{"type":"Feature","properties":{"code":"1205152006","desa":"Sei Meran","kecamatan":"Pangkalan Susu","kecCode":"120515"},"geometry":{"type":"Polygon","coordinates":[[[98.17731547093227,4.110761625735116],[98.20969857123212,4.104348555734705],[98.21148459333938,4.093948133703865],[98.21716144234675,4.093933776926705],[98.23392522706762,4.067231683228313],[98.19953694257588,4.057444125788831],[98.17899788574391,4.058772182531859],[98.18275115144455,4.065166243562172],[98.15819827822804,4.0808727403030085],[98.17731547093227,4.110761625735116]]]}},{"type":"Feature","properties":{"code":"1205152007","desa":"Pulau Sembilan","kecamatan":"Pangkalan Susu","kecCode":"120515"},"geometry":{"type":"Polygon","coordinates":[[[98.26245864085365,4.1752784253776385],[98.27407028781357,4.168380646875246],[98.27194379497023,4.1425245822967645],[98.25262405875337,4.133452838440427],[98.23280682477521,4.146986836621679],[98.24321530744055,4.175376916430065],[98.26245864085365,4.1752784253776385]]]}},{"type":"Feature","properties":{"code":"1205152008","desa":"Pulau Kampai","kecamatan":"Pangkalan Susu","kecCode":"120515"},"geometry":{"type":"Polygon","coordinates":[[[98.2388449449383,4.190735933119118],[98.17334030740932,4.169380659714501],[98.16009146804684,4.173378153399693],[98.16841006387341,4.187026741397206],[98.15493387499838,4.193230347602166],[98.14906774388135,4.212296523545345],[98.14091809109709,4.213307794097929],[98.13592122128739,4.222647179792183],[98.14402276393946,4.2256176486012045],[98.15556763443885,4.210099560728066],[98.16838368495917,4.2070530947096545],[98.19341926388795,4.217646486070436],[98.20334028342738,4.214784406252329],[98.21317404084937,4.226870107433782],[98.20749485720192,4.239490694790664],[98.2107979789436,4.253091723940551],[98.23884204912133,4.267754027747421],[98.24815978274783,4.256462221987112],[98.24643995344115,4.226487929738821],[98.25381778106578,4.201235981146861],[98.24504135387542,4.186715414091632],[98.2388449449383,4.190735933119118]]]}},{"type":"Feature","properties":{"code":"1205152011","desa":"Pangkalan Siata","kecamatan":"Pangkalan Susu","kecCode":"120515"},"geometry":{"type":"Polygon","coordinates":[[[98.1813425208407,4.13289632177116],[98.18467142974275,4.1327776930994835],[98.18158813918132,4.130473252304624],[98.1813425208407,4.13289632177116]]]}},{"type":"Feature","properties":{"code":"1205152011","desa":"Pangkalan Siata","kecamatan":"Pangkalan Susu","kecCode":"120515"},"geometry":{"type":"Polygon","coordinates":[[[98.17738780520313,4.128481181129594],[98.17659949007445,4.135917859481752],[98.18402339986004,4.142938231766685],[98.18557713787463,4.1386975218303785],[98.17738780520313,4.128481181129594]]]}},{"type":"Feature","properties":{"code":"1205152011","desa":"Pangkalan Siata","kecamatan":"Pangkalan Susu","kecCode":"120515"},"geometry":{"type":"Polygon","coordinates":[[[98.17386845586456,4.10398968037332],[98.15819827822804,4.0808727403030085],[98.13797411001724,4.0940660582063515],[98.1171658267416,4.131209329412133],[98.11829382480022,4.142081607733604],[98.09981706540532,4.1480016693889015],[98.10369564623714,4.155472740514062],[98.0931720620411,4.167707592458013],[98.09764216835144,4.176396093822088],[98.12065570259863,4.191219978820789],[98.14897194899628,4.187789359296925],[98.15412409844845,4.193320322974104],[98.16841006387341,4.187026741397206],[98.1626993562903,4.171455549456656],[98.18423823800435,4.175275377575219],[98.18123758074984,4.1670876268197725],[98.16105398365448,4.154226847631743],[98.17781806605096,4.145010481099374],[98.17311127796319,4.132085515498335],[98.17386845586456,4.10398968037332]]]}},{"type":"Feature","properties":{"code":"1205161009","desa":"Pekan Besitang","kecamatan":"Besitang","kecCode":"120516"},"geometry":{"type":"Polygon","coordinates":[[[98.15819827822804,4.0808727403030085],[98.18275115144455,4.065166243562172],[98.17899788574391,4.058772182531859],[98.18351031235107,4.061302396327507],[98.18705275807837,4.052691722293236],[98.17591082522449,4.037635236640894],[98.1752570109024,4.031234490949788],[98.18380877665379,4.0257673791377915],[98.18096252939728,4.017049355728979],[98.167551612417,4.011649840559228],[98.17345547998643,4.0054558139327785],[98.14379948475846,4.010041927386287],[98.13211353401242,4.028781311281851],[98.14116256280208,4.059621283735987],[98.15981708758858,4.069730493597444],[98.15819827822804,4.0808727403030085]]]}},{"type":"Feature","properties":{"code":"1205161010","desa":"Bukit Kubu","kecamatan":"Besitang","kecCode":"120516"},"geometry":{"type":"Polygon","coordinates":[[[98.18406098882365,4.059723899978654],[98.22319878459626,4.060753410580989],[98.22188688057514,4.013570229472018],[98.17639075383028,4.035875116809065],[98.18705531395163,4.050130835320565],[98.18406098882365,4.059723899978654]]]}},{"type":"Feature","properties":{"code":"1205161011","desa":"Kampung Lama","kecamatan":"Besitang","kecCode":"120516"},"geometry":{"type":"Polygon","coordinates":[[[98.17597587858398,3.9888574478286145],[98.167551612417,4.011649840559228],[98.17959770656897,4.015339094311345],[98.18388101199916,4.0251515602734935],[98.17639075383028,4.035875116809065],[98.20747233188267,4.019348997741442],[98.20357762800519,3.9878628327202748],[98.17597587858398,3.9888574478286145]]]}},{"type":"Feature","properties":{"code":"1205162001","desa":"Halaban","kecamatan":"Besitang","kecCode":"120516"},"geometry":{"type":"Polygon","coordinates":[[[98.05695386762692,4.133853610517991],[98.09825838471676,4.151902078561316],[98.10209422526832,4.143883247465637],[98.11759940428912,4.14272920144445],[98.1171658267416,4.131209329412133],[98.13797411001724,4.0940660582063515],[98.15591399483502,4.081832139758692],[98.14605003098421,4.077235961092853],[98.14527918158905,4.084999462069432],[98.11565355107058,4.098238805476414],[98.07674515526473,4.081322248440805],[98.04514264401784,4.084298468414222],[98.05695386762692,4.133853610517991]]]}},{"type":"Feature","properties":{"code":"1205162002","desa":"Bukit Mas","kecamatan":"Besitang","kecCode":"120516"},"geometry":{"type":"Polygon","coordinates":[[[97.90927869275752,3.878528564474425],[97.90156937232871,3.8883063121089974],[97.90062033306195,3.910905314626941],[97.91327870005205,3.9141145696266766],[97.93393941087515,3.894851899910707],[97.94213638508613,3.897499364616607],[97.95006814562844,3.8887805345159205],[97.96192127944357,3.8984376587825524],[98.0078030741526,3.901830979823871],[98.01307577862433,3.9520038203747387],[98.02025863502803,3.955829581320825],[98.03647360577234,3.9534244128596616],[98.03505569236636,3.948963277291393],[98.0411932127966,3.9533756219407126],[98.05337978914598,3.943704497028485],[98.07023351056812,3.956239496805575],[98.0757036872754,3.9574993687497777],[98.07355999759584,3.9511712460118043],[98.07727413109632,3.9494092007315693],[98.08289700279447,3.9540551514766316],[98.07922787406721,3.9600942240154127],[98.09359888478076,3.968073698080407],[98.09573484928391,3.984074802830637],[98.08255728029427,4.004307930965582],[98.05386023486197,4.014987145528292],[98.04681964760869,4.02820473613364],[98.11198528659179,4.03874816385947],[98.13956566272519,4.023837894481851],[98.1440390497624,4.010798447882505],[98.13730660891292,4.001422987683133],[98.14360475185786,3.9740038447330175],[98.13441725805005,3.976277732860096],[98.12382163456084,3.9538838270297534],[98.12705681342123,3.946722227908853],[98.14848161883167,3.9465915024563585],[98.15493126696445,3.9269793391065355],[98.16996103377475,3.92397089282693],[98.17003881793714,3.917037627976023],[98.07166803804955,3.9086438470366875],[98.06093190987978,3.9008772856672485],[98.036627143428,3.9036184246566794],[98.0247031880018,3.883196938915443],[98.01373863203229,3.8866690486618296],[97.98914832993154,3.873534424112474],[97.92261074998618,3.8865301061037942],[97.90927869275752,3.878528564474425]]]}},{"type":"Feature","properties":{"code":"1205162005","desa":"Pir Adb Besitang","kecamatan":"Besitang","kecCode":"120516"},"geometry":{"type":"Polygon","coordinates":[[[98.17003881793714,3.917037627976023],[98.16996103377475,3.92397089282693],[98.15493126696445,3.9269793391065355],[98.14848161883167,3.9465915024563585],[98.12551016476237,3.948340262052119],[98.12303552456983,3.9574298025923134],[98.13471561893073,3.976489638314933],[98.14936524141278,3.9683042968432862],[98.14953295058523,3.9601416929308892],[98.18654655308102,3.9465906507984005],[98.18225651622531,3.9442674204680395],[98.18624747544071,3.918139747142285],[98.17003881793714,3.917037627976023]]]}},{"type":"Feature","properties":{"code":"1205162006","desa":"Sekoci","kecamatan":"Besitang","kecCode":"120516"},"geometry":{"type":"Polygon","coordinates":[[[98.14379948475846,4.010041927386287],[98.17345547998643,4.0054558139327785],[98.17621858491981,3.9887717865044903],[98.20383312539849,3.9908849486949682],[98.20491912421829,3.9844922438422685],[98.19656514636449,3.9798441185364437],[98.1959961605944,3.949885968219835],[98.18626007584186,3.946486095617424],[98.15973786720888,3.954870325756639],[98.14953295058523,3.9601416929308892],[98.14936524141278,3.9683042968432862],[98.14203455894778,3.967976591084643],[98.13730660891292,4.001422987683133],[98.14379948475846,4.010041927386287]]]}},{"type":"Feature","properties":{"code":"1205162007","desa":"Suka Jaya","kecamatan":"Besitang","kecCode":"120516"},"geometry":{"type":"Polygon","coordinates":[[[98.07482673496588,4.145231696336014],[98.06199409914842,4.185132645963081],[98.09118903264778,4.193575781696288],[98.09945283278205,4.177946244439427],[98.09343231055276,4.165330805701209],[98.10369564623714,4.155472740514062],[98.07482673496588,4.145231696336014]]]}},{"type":"Feature","properties":{"code":"1205162008","desa":"Bukit Selamat","kecamatan":"Besitang","kecCode":"120516"},"geometry":{"type":"Polygon","coordinates":[[[98.04681964760869,4.02820473613364],[98.04023601488022,4.041164303150351],[98.04514264401784,4.084298468414222],[98.07674515526473,4.081322248440805],[98.11565355107058,4.098238805476414],[98.14527918158905,4.084999462069432],[98.14605003098421,4.077235961092853],[98.15819827822804,4.0808727403030085],[98.15981708758858,4.069730493597444],[98.14116256280208,4.059621283735987],[98.13211353401242,4.028781311281851],[98.11198528659179,4.03874816385947],[98.04681964760869,4.02820473613364]]]}},{"type":"Feature","properties":{"code":"1205171001","desa":"Sei Bilah","kecamatan":"Sei Lepan","kecCode":"120517"},"geometry":{"type":"Polygon","coordinates":[[[98.29017403940048,4.022724070639178],[98.28657860292024,4.029163285730001],[98.30723991538986,4.042849407832358],[98.30625482500021,4.027404817952835],[98.29017403940048,4.022724070639178]]]}},{"type":"Feature","properties":{"code":"1205171002","desa":"Alur Dua","kecamatan":"Sei Lepan","kecCode":"120517"},"geometry":{"type":"Polygon","coordinates":[[[98.28232706334335,4.012901991823654],[98.28192670855081,4.001054591199135],[98.27597299605695,3.998661899932004],[98.26835045391039,3.966692075018391],[98.25148656655186,3.980575748496414],[98.25082735539819,3.9972295416168575],[98.25387233394109,4.00055582179702],[98.25706078133003,3.9919272296703086],[98.26394218408461,3.9932097600334733],[98.26758394104608,3.9825749521945863],[98.26923190283007,4.011232458902837],[98.28232706334335,4.012901991823654]]]}},{"type":"Feature","properties":{"code":"1205171008","desa":"Alur Dua Baru","kecamatan":"Sei Lepan","kecCode":"120517"},"geometry":{"type":"Polygon","coordinates":[[[98.25387233394109,4.00055582179702],[98.24735704159421,4.008918937653278],[98.27045643231855,4.021224533866509],[98.27492545764379,4.017582837163485],[98.26761174088921,4.004059485156694],[98.25387233394109,4.00055582179702]]]}},{"type":"Feature","properties":{"code":"1205171009","desa":"Harapan Jaya","kecamatan":"Sei Lepan","kecCode":"120517"},"geometry":{"type":"Polygon","coordinates":[[[98.24439938542338,3.9146841003853035],[98.24066329227719,3.910605223450979],[98.21550882836982,3.9254584038651856],[98.19844119420583,3.9259035475930837],[98.20476383738121,3.935328975923947],[98.25247972655819,3.9419108774505123],[98.24975620258674,3.934283836903104],[98.23840022568992,3.9302803951019714],[98.24439938542338,3.9146841003853035]]]}},{"type":"Feature","properties":{"code":"1205171010","desa":"Sei Bilah Timur","kecamatan":"Sei Lepan","kecCode":"120517"},"geometry":{"type":"Polygon","coordinates":[[[98.30773622244874,4.012486592273037],[98.2939613057697,4.02501420681756],[98.2968956578084,4.027393667258792],[98.30735891458232,4.027683178810153],[98.31460105429527,4.020084079299407],[98.30773622244874,4.012486592273037]]]}},{"type":"Feature","properties":{"code":"1205172003","desa":"Puraka I","kecamatan":"Sei Lepan","kecCode":"120517"},"geometry":{"type":"Polygon","coordinates":[[[98.28455542599217,4.0266225093969314],[98.28320701399258,4.013980016353708],[98.27525071724686,4.012774419394305],[98.26205811159264,4.031711334880509],[98.28455542599217,4.0266225093969314]]]}},{"type":"Feature","properties":{"code":"1205172004","desa":"Puraka Ii","kecamatan":"Sei Lepan","kecCode":"120517"},"geometry":{"type":"Polygon","coordinates":[[[98.26772387195916,4.004285204198138],[98.27031112166101,3.994674213353791],[98.26406591640898,3.98284006783693],[98.26394218408461,3.9932097600334733],[98.25617443290383,3.992700554898278],[98.25326696969493,4.00263718395995],[98.26772387195916,4.004285204198138]]]}},{"type":"Feature","properties":{"code":"1205172005","desa":"Lama","kecamatan":"Sei Lepan","kecCode":"120517"},"geometry":{"type":"Polygon","coordinates":[[[98.31410615377604,3.971059671201435],[98.26877361461065,3.971488097431864],[98.27597299605695,3.998661899932004],[98.30345240530431,3.9931110423518796],[98.31410615377604,3.971059671201435]]]}},{"type":"Feature","properties":{"code":"1205172006","desa":"Telaga Said","kecamatan":"Sei Lepan","kecCode":"120517"},"geometry":{"type":"Polygon","coordinates":[[[98.30924587659598,3.9040164466074416],[98.31764386187477,3.8938557874311637],[98.31127880397365,3.8899296765339977],[98.30092666023721,3.8955610675039374],[98.30127634003111,3.87595778675796],[98.27892645868917,3.870508423965917],[98.27511932179931,3.8642028526275287],[98.26613458734141,3.8697008561517743],[98.25578947000808,3.909864657827187],[98.26630837503154,3.9149396931064806],[98.26598147236712,3.9327633108532796],[98.27788717425375,3.9314768252717927],[98.29926133344384,3.9410594425056176],[98.30635755275891,3.9301975090856613],[98.29990091959182,3.924163411596501],[98.30904627656444,3.9207919350875975],[98.30924587659598,3.9040164466074416]]]}},{"type":"Feature","properties":{"code":"1205172007","desa":"Lama Baru","kecamatan":"Sei Lepan","kecCode":"120517"},"geometry":{"type":"Polygon","coordinates":[[[98.31411281055784,3.9710521339833695],[98.31240476596724,3.9434535448090786],[98.30486914959164,3.9363314870798796],[98.29629890367153,3.94130928676024],[98.28868889807426,3.934399174955387],[98.26802514484461,3.932050814869136],[98.25455923522058,3.9475039815830373],[98.26760187442703,3.9567827295889706],[98.26048688985814,3.963315618963361],[98.26853589231762,3.971426011835126],[98.31411281055784,3.9710521339833695]]]}},{"type":"Feature","properties":{"code":"1205172011","desa":"Mekar Makmur","kecamatan":"Sei Lepan","kecCode":"120517"},"geometry":{"type":"Polygon","coordinates":[[[97.89723399435343,3.8099455692383972],[97.90059660804705,3.81753776015721],[97.90870297196464,3.818429459548687],[97.92191634386421,3.8446940771387097],[97.91507150394682,3.8606653693630495],[97.92920560175719,3.8463628618235974],[97.93415488124282,3.8590025588745167],[97.95037328739738,3.8475050026195494],[97.95467535178614,3.8585076304768253],[97.97188361383775,3.867111761943138],[98.01471391171769,3.8561852769855],[98.06995547886231,3.8774671756035914],[98.11427056103764,3.882721025783012],[98.16622445229672,3.882572646638832],[98.19435476655929,3.8724959364774785],[98.18877056301112,3.857504957442986],[98.16524746030211,3.842319341735511],[98.16299900679876,3.8014769754968065],[98.16874888795085,3.799623192173317],[98.149141018843,3.7952074966500824],[98.10645270143107,3.771409104293569],[97.99939156307022,3.7740392786338055],[97.98784107900262,3.7854332410830502],[97.97200338734648,3.784519528086596],[97.96347539877068,3.7935043731515568],[97.94078485783496,3.78954494956725],[97.93347515385533,3.799291221829536],[97.89723399435343,3.8099455692383972]]]}},{"type":"Feature","properties":{"code":"1205172012","desa":"Harapan Baru","kecamatan":"Sei Lepan","kecCode":"120517"},"geometry":{"type":"Polygon","coordinates":[[[98.25148656655186,3.980575748496414],[98.26724419156623,3.968305879650075],[98.26048688985814,3.963315618963361],[98.26760187442703,3.9567827295889706],[98.25455923522058,3.9475039815830373],[98.26809314258452,3.937221503839743],[98.26524047236995,3.9256330962731205],[98.26991187033661,3.924261320787533],[98.25333851256238,3.904951291873339],[98.25049066361328,3.9120298188182856],[98.24434115791813,3.9109350489117647],[98.23809684479363,3.928613580831636],[98.25270911483388,3.9414317375506216],[98.24620593275766,3.939924453118568],[98.24574671194124,3.9465379010638526],[98.23163063744403,3.9551241135384503],[98.24301005157268,3.9601182359140337],[98.25148656655186,3.980575748496414]]]}},{"type":"Feature","properties":{"code":"1205172013","desa":"Harapan Maju","kecamatan":"Sei Lepan","kecCode":"120517"},"geometry":{"type":"Polygon","coordinates":[[[97.92920560175719,3.8463628618235974],[97.90902722612566,3.875417193484818],[97.91670682935677,3.8862804758877885],[97.98914832993154,3.873534424112474],[98.01373863203229,3.8866690486618296],[98.0247031880018,3.883196938915443],[98.036627143428,3.9036184246566794],[98.06093190987978,3.9008772856672485],[98.07166803804955,3.9086438470366875],[98.18421891696947,3.9167138846302763],[98.20212435955159,3.9271835139890894],[98.23419945643978,3.9130735512994015],[98.22663905474865,3.909368051294554],[98.22681921683346,3.8999752027033874],[98.21415466970228,3.898596954797114],[98.19784251641902,3.8722932005102035],[98.16622445229672,3.882572646638832],[98.12706254300201,3.883977381378047],[98.06995547886231,3.8774671756035914],[98.01471391171769,3.8561852769855],[97.97188361383775,3.867111761943138],[97.95467535178614,3.8585076304768253],[97.95037328739738,3.8475050026195494],[97.93415488124282,3.8590025588745167],[97.92920560175719,3.8463628618235974]]]}},{"type":"Feature","properties":{"code":"1205172014","desa":"Harapan Makmur","kecamatan":"Sei Lepan","kecCode":"120517"},"geometry":{"type":"Polygon","coordinates":[[[98.18606176094158,3.92191077894596],[98.18273827944806,3.9451967780708035],[98.21830360742557,3.9550209307229207],[98.22789492201309,3.9738231655382874],[98.23894147456946,3.9719403700856115],[98.24784567473813,3.980363381689411],[98.24301005157268,3.9601182359140337],[98.23163063744403,3.9551241135384503],[98.24574671194124,3.9465379010638526],[98.24620593275766,3.939924453118568],[98.20476383738121,3.935328975923947],[98.19685678930944,3.92408140691581],[98.18606176094158,3.92191077894596]]]}},{"type":"Feature","properties":{"code":"1205181001","desa":"Tangkahan Durian","kecamatan":"Berandan Barat","kecCode":"120518"},"geometry":{"type":"Polygon","coordinates":[[[98.25299817672452,4.000037749346472],[98.25148656655186,3.980575748496414],[98.23894147456946,3.9719403700856115],[98.22789492201309,3.9738231655382874],[98.21885968702496,3.9559857890634547],[98.2110199064436,3.962065507361364],[98.22316551777446,3.9893778279395615],[98.22514275823175,4.015117455494064],[98.25299817672452,4.000037749346472]]]}},{"type":"Feature","properties":{"code":"1205181004","desa":"Pangkalan Batu","kecamatan":"Berandan Barat","kecCode":"120518"},"geometry":{"type":"Polygon","coordinates":[[[98.23392522706762,4.067231683228313],[98.25668486021816,4.052988512957285],[98.26689026157635,4.062299213875559],[98.2805833426472,4.060789075894641],[98.24743751203164,4.026419135810381],[98.22124487165355,4.034502703704151],[98.21979142423491,4.064377732382146],[98.23392522706762,4.067231683228313]]]}},{"type":"Feature","properties":{"code":"1205182002","desa":"Sei Tualang","kecamatan":"Berandan Barat","kecCode":"120518"},"geometry":{"type":"Polygon","coordinates":[[[98.20751530059071,4.018189961382185],[98.22571249673439,4.008514502637032],[98.2110199064436,3.962065507361364],[98.21889177393625,3.955961064002486],[98.1959961605944,3.949885968219835],[98.19656514636449,3.9798441185364437],[98.20491912421829,3.9844922438422685],[98.20751530059071,4.018189961382185]]]}},{"type":"Feature","properties":{"code":"1205182003","desa":"Lubuk Kasih","kecamatan":"Berandan Barat","kecCode":"120518"},"geometry":{"type":"Polygon","coordinates":[[[98.22203109226113,4.016719282954715],[98.22124487165355,4.034502703704151],[98.26538069286475,4.026050688964406],[98.27118209168025,4.019229640618911],[98.24658238177157,4.007225582590785],[98.22203109226113,4.016719282954715]]]}},{"type":"Feature","properties":{"code":"1205182005","desa":"Lubuk Kertang","kecamatan":"Berandan Barat","kecCode":"120518"},"geometry":{"type":"Polygon","coordinates":[[[98.31266183267753,4.071190405341447],[98.30370386743961,4.040753167285521],[98.2749688742142,4.053115642920206],[98.27899079978562,4.062598247448767],[98.26689026157635,4.062299213875559],[98.25668486021816,4.052988512957285],[98.24192312375321,4.066346773718261],[98.27231194773826,4.089013934954848],[98.29449464061526,4.086127573441456],[98.30536278026813,4.091158688530062],[98.31266183267753,4.071190405341447]]]}},{"type":"Feature","properties":{"code":"1205182006","desa":"Perlis","kecamatan":"Berandan Barat","kecCode":"120518"},"geometry":{"type":"Polygon","coordinates":[[[98.30370386743961,4.040753167285521],[98.28919725155195,4.032157296991448],[98.28079826262979,4.037557930917874],[98.27626565973246,4.028675016812066],[98.26388303657295,4.032429715128797],[98.26538069286475,4.026050688964406],[98.24743751203164,4.026419135810381],[98.27500482101571,4.053091625625689],[98.30370386743961,4.040753167285521]]]}},{"type":"Feature","properties":{"code":"1205182007","desa":"Kelantan","kecamatan":"Berandan Barat","kecCode":"120518"},"geometry":{"type":"Polygon","coordinates":[[[98.22279296732165,4.011853447969547],[98.22203109226113,4.016719282954715],[98.22514275823175,4.015117455494064],[98.22279296732165,4.011853447969547]]]}},{"type":"Feature","properties":{"code":"1205182007","desa":"Kelantan","kecamatan":"Berandan Barat","kecCode":"120518"},"geometry":{"type":"Polygon","coordinates":[[[98.28807763067817,4.030740120131744],[98.28318226105256,4.027680843270881],[98.27626565973246,4.028675016812066],[98.28079826262979,4.037557930917874],[98.28807763067817,4.030740120131744]]]}},{"type":"Feature","properties":{"code":"1205191001","desa":"Batang Serangan","kecamatan":"Batang Serangan","kecCode":"120519"},"geometry":{"type":"Polygon","coordinates":[[[98.27486587126299,3.784006876749387],[98.26138360207165,3.755016299826654],[98.24458758744724,3.75686744004267],[98.25655023530516,3.778500458268792],[98.27486587126299,3.784006876749387]]]}},{"type":"Feature","properties":{"code":"1205191001","desa":"Batang Serangan","kecamatan":"Batang Serangan","kecCode":"120519"},"geometry":{"type":"Polygon","coordinates":[[[98.10645270143107,3.771409104293569],[98.149141018843,3.7952074966500824],[98.16900406878277,3.7995467390076554],[98.16302154290992,3.783659972263666],[98.14821177635245,3.7713153292859594],[98.10645270143107,3.771409104293569]]]}},{"type":"Feature","properties":{"code":"1205192002","desa":"Sei Bamban","kecamatan":"Batang Serangan","kecCode":"120519"},"geometry":{"type":"Polygon","coordinates":[[[98.26381010695091,3.7504724284289632],[98.24664074597369,3.733467747725693],[98.21316451163295,3.7319378309550424],[98.21087998092645,3.7390777339315773],[98.225896763325,3.755793483146231],[98.2486718935931,3.753251645613144],[98.25510935681143,3.758685208216176],[98.26381010695091,3.7504724284289632]]]}},{"type":"Feature","properties":{"code":"1205192003","desa":"Sei Musam","kecamatan":"Batang Serangan","kecCode":"120519"},"geometry":{"type":"Polygon","coordinates":[[[97.87201985143503,3.611161947883587],[97.8537360982424,3.6268407419079423],[97.84385023859765,3.662069909562255],[97.82650262119904,3.6751211552666696],[97.80821909463553,3.7058754367187583],[97.87254303023671,3.7098144286055095],[97.89854710436542,3.696598757153597],[97.97652955829255,3.6799364789297724],[98.01262989925048,3.654648274169974],[98.0320154145798,3.662073381844642],[98.05102824185991,3.655469195117855],[98.06419853533417,3.672239471127371],[98.06457504280405,3.683151009352602],[98.08831448192784,3.6553592278168305],[98.11451234736698,3.6776309832302023],[98.18345914182599,3.6575057530564603],[98.16218676071048,3.629094988841469],[98.15926366368717,3.6153696562981175],[98.10039865607318,3.614982599781065],[98.08669699097338,3.595429976946722],[98.07434892066622,3.5911840779222697],[98.02992613927994,3.609808016746037],[98.00879731784198,3.611781253419474],[97.9239324880939,3.587581477446522],[97.88407028121856,3.586484284766389],[97.86449335508433,3.591996150440525],[97.87201985143503,3.611161947883587]]]}},{"type":"Feature","properties":{"code":"1205192004","desa":"Sei Serdang","kecamatan":"Batang Serangan","kecCode":"120519"},"geometry":{"type":"Polygon","coordinates":[[[97.82480480819537,3.749450274280965],[97.839474627652,3.767521497869798],[97.89723399435343,3.8099455692383972],[97.93347515385533,3.799291221829536],[97.94078485783496,3.78954494956725],[97.96347539877068,3.7935043731515568],[97.97200338734648,3.784519528086596],[97.98784107900262,3.7854332410830502],[97.99939156307022,3.7740392786338055],[98.04258802801513,3.7708561471408713],[98.06390700930109,3.7749014388933895],[98.1419556982969,3.769990443552465],[98.16790130300278,3.7915254626553616],[98.17419936231079,3.773987546032495],[98.16901145041815,3.7604989384337184],[98.19296389756589,3.7225466353179173],[98.17012946690141,3.7004308745077967],[98.14008412997866,3.704067841676248],[98.07401839463324,3.6861505010825826],[98.03175690985357,3.6859474440573097],[98.02150505041783,3.7069336051173893],[97.97977394800931,3.7306937987700546],[97.96288853178038,3.7288846470010584],[97.90982007923333,3.746011283867564],[97.8932964926391,3.739377727081421],[97.85060051120468,3.7387746767914853],[97.82480480819537,3.749450274280965]]]}},{"type":"Feature","properties":{"code":"1205192005","desa":"Namo Sialang","kecamatan":"Batang Serangan","kecCode":"120519"},"geometry":{"type":"Polygon","coordinates":[[[97.80122102103336,3.723312257852554],[97.82480480819537,3.749450274280965],[97.85397759409072,3.7385334561360115],[97.8952262551876,3.739618946837656],[97.90982007923333,3.746011283867564],[97.96288853178038,3.7288846470010584],[97.97977394800931,3.7306937987700546],[98.02150505041783,3.7069336051173893],[98.03175690985357,3.6859474440573097],[98.07401839463324,3.6861505010825826],[98.1370503174183,3.7037466146335882],[98.16274849524693,3.703960765695539],[98.16919845364576,3.665188845648906],[98.16630323830383,3.6586159571279855],[98.11451234736698,3.6776309832302023],[98.08831448192784,3.6553592278168305],[98.06457504280405,3.683151009352602],[98.06419853533417,3.672239471127371],[98.05102824185991,3.655469195117855],[98.0320154145798,3.662073381844642],[98.01262989925048,3.654648274169974],[97.97652955829255,3.6799364789297724],[97.89854710436542,3.696598757153597],[97.87254303023671,3.7098144286055095],[97.80821909463553,3.7058754367187583],[97.80122102103336,3.723312257852554]]]}},{"type":"Feature","properties":{"code":"1205192006","desa":"Kwala Musam","kecamatan":"Batang Serangan","kecCode":"120519"},"geometry":{"type":"Polygon","coordinates":[[[98.23483843104877,3.614418904723172],[98.15926366368717,3.6153696562981175],[98.16218676071048,3.629094988841469],[98.18345914182599,3.654793167542016],[98.16630323830383,3.6586159571279855],[98.16944163842093,3.6706759736716097],[98.16087577759508,3.698317835524493],[98.180550413271,3.706132504328062],[98.19296389756589,3.7225466353179173],[98.19064554425654,3.7300170697229627],[98.22156914559963,3.6985117887126533],[98.22824528169446,3.701149745785896],[98.21815636772224,3.683827268953614],[98.23425988098874,3.6515022900734397],[98.23154665155674,3.6441297351818718],[98.24051038774428,3.6388481687962986],[98.23483843104877,3.614418904723172]]]}},{"type":"Feature","properties":{"code":"1205192007","desa":"Karya Jadi","kecamatan":"Batang Serangan","kecCode":"120519"},"geometry":{"type":"Polygon","coordinates":[[[98.24347358373892,3.7150438478022996],[98.222282983373,3.6980953828207284],[98.1905629334327,3.7314298605891034],[98.24664074597369,3.733467747725693],[98.24870688441523,3.739395447323052],[98.25120895572877,3.73002155104471],[98.23616613705764,3.7239650397522444],[98.24347358373892,3.7150438478022996]]]}},{"type":"Feature","properties":{"code":"1205192007","desa":"Karya Jadi","kecamatan":"Batang Serangan","kecCode":"120519"},"geometry":{"type":"Polygon","coordinates":[[[98.26466552229608,3.758729157185236],[98.29311969591731,3.749484720113946],[98.29493685255375,3.7424093902589304],[98.2889048612704,3.734620030176343],[98.27622456431224,3.734710736697112],[98.27410396472624,3.7435043957878555],[98.25786145404292,3.741287708140157],[98.26466552229608,3.758729157185236]]]}},{"type":"Feature","properties":{"code":"1205192008","desa":"Paluh Pakeh Babussalam","kecamatan":"Batang Serangan","kecCode":"120519"},"geometry":{"type":"Polygon","coordinates":[[[98.34847272863357,3.7733891704185876],[98.32138014297924,3.721252224011284],[98.3118294759496,3.7308776022096306],[98.32166889370454,3.7456513976681425],[98.3172549941227,3.74975596823326],[98.34847272863357,3.7733891704185876]]]}},{"type":"Feature","properties":{"code":"1205201001","desa":"Sawit Seberang","kecamatan":"Sawit Seberang","kecCode":"120520"},"geometry":{"type":"Polygon","coordinates":[[[98.28747097590484,3.795775886169058],[98.2793806442014,3.8008382985640994],[98.27180039627132,3.7943612076260025],[98.25953732179003,3.8136906726881272],[98.29801132436319,3.8200763223593537],[98.30542694239955,3.8132063481967187],[98.29273478158495,3.8069097853672407],[98.29686438838087,3.8038913269354087],[98.28747097590484,3.795775886169058]]]}},{"type":"Feature","properties":{"code":"1205202002","desa":"Alur Gadung","kecamatan":"Sawit Seberang","kecCode":"120520"},"geometry":{"type":"Polygon","coordinates":[[[98.35334906680606,3.8727261161563264],[98.34772103659662,3.859638750980412],[98.3372679079876,3.862238997681716],[98.34134019379496,3.852242284914221],[98.33086482135445,3.8534682740011],[98.33074426183828,3.840569216069617],[98.32016179632988,3.8400474896735783],[98.32499469365024,3.8348656455123575],[98.30669425443635,3.823101570672739],[98.30832973992561,3.82028193166054],[98.3049975763771,3.8183190228015365],[98.3062729688225,3.8143691167423905],[98.30596839722382,3.8134458862207086],[98.30542504033343,3.8129296753668425],[98.30474681661234,3.8127076561362685],[98.29751929268126,3.8205290096005835],[98.29974638368873,3.8430361913376827],[98.28012436194979,3.8384993103702194],[98.26785626025827,3.852319247995593],[98.27213069657442,3.8564502298505223],[98.26514405425472,3.864359572983757],[98.26626537124992,3.869562073673056],[98.27511932179931,3.8642028526275287],[98.28166283936861,3.871549438695838],[98.29309099405418,3.87027087434293],[98.30177602674229,3.8768381870672495],[98.30086585077845,3.8855111337571624],[98.32445429822735,3.857919091647475],[98.3317497245702,3.8677649044709606],[98.34570883409548,3.8645014743112895],[98.35334906680606,3.8727261161563264]],[[98.29026841875258,3.8641624937521724],[98.29458713858565,3.862556357639524],[98.29387330171159,3.8659827818260317],[98.29026841875258,3.8641624937521724]],[[98.30044597440222,3.8454369711073246],[98.28242482774368,3.861360895140244],[98.26871167740204,3.852363000013062],[98.28370110602127,3.8396778395347897],[98.30044597440222,3.8454369711073246]]]}},{"type":"Feature","properties":{"code":"1205202003","desa":"Simpang Tiga","kecamatan":"Sawit Seberang","kecCode":"120520"},"geometry":{"type":"Polygon","coordinates":[[[98.25654739524617,3.9082106768824945],[98.26514405425472,3.864359572983757],[98.27213069657442,3.8564502298505223],[98.26785626025827,3.852319247995593],[98.28012436194979,3.8384993103702194],[98.30038883867404,3.8421795861904124],[98.29591511888769,3.8189968777997745],[98.25953732179003,3.8136906726881272],[98.25039215907094,3.8306854005944646],[98.23982120128744,3.8733601975533825],[98.24684704505512,3.8858586704662166],[98.24323011927466,3.9044292992780067],[98.24441731340833,3.914383803264585],[98.2527512076022,3.905020013567452],[98.25654739524617,3.9082106768824945]]]}},{"type":"Feature","properties":{"code":"1205202004","desa":"Sei Litur Tasik","kecamatan":"Sawit Seberang","kecCode":"120520"},"geometry":{"type":"Polygon","coordinates":[[[98.26482912696268,3.7822101823893264],[98.25519059257185,3.7771056385551147],[98.25358508238571,3.7654053301450947],[98.24399131894425,3.7564154209977008],[98.22586582664665,3.7557863092542476],[98.219457309907,3.7432112230963916],[98.21115556197964,3.7405274311757704],[98.21172085063681,3.731129161471424],[98.20551667605382,3.735575166845535],[98.20001618140174,3.7285397704865306],[98.1869575126791,3.732337637160693],[98.16901145041815,3.7604989384337184],[98.1740597857306,3.7759827954116],[98.19277043900462,3.7634767268247575],[98.19696423940819,3.768865016656756],[98.22669322541206,3.7730671447779653],[98.2291607159943,3.7878804897220415],[98.24572400675753,3.792099322750283],[98.26482912696268,3.7822101823893264]]]}},{"type":"Feature","properties":{"code":"1205202005","desa":"Sawit Hulu","kecamatan":"Sawit Seberang","kecCode":"120520"},"geometry":{"type":"Polygon","coordinates":[[[98.22663905474865,3.909368051294554],[98.24477674724915,3.914720541813913],[98.24684704505512,3.8858586704662166],[98.23982120128744,3.8733601975533825],[98.25039215907094,3.8306854005944646],[98.26494824126836,3.8051617362359975],[98.25459600040517,3.8001745782103744],[98.24305799443096,3.805069131246363],[98.2291607159943,3.7878804897220415],[98.22639819022436,3.810207666755907],[98.21700176142222,3.8244217403613763],[98.1925340593994,3.8277652596457905],[98.18014429742146,3.817149730573703],[98.1804971707079,3.7983831403877084],[98.16841941592337,3.7948217216670344],[98.16299900679876,3.8014769754968065],[98.16530569500189,3.8424468916818753],[98.18877056301112,3.857504957442986],[98.21415466970228,3.898596954797114],[98.22681921683346,3.8999752027033874],[98.22663905474865,3.909368051294554]]]}},{"type":"Feature","properties":{"code":"1205202006","desa":"Mekar Sawit","kecamatan":"Sawit Seberang","kecCode":"120520"},"geometry":{"type":"Polygon","coordinates":[[[98.28700097941173,3.7951538511907716],[98.26946654134785,3.7731863256333593],[98.27486587126299,3.784006876749387],[98.26438680890419,3.782005420249437],[98.24572400675753,3.792099322750283],[98.2291607159943,3.7878804897220415],[98.23102743966467,3.796005762776365],[98.24802154975474,3.805885284888066],[98.25459600040517,3.8001745782103744],[98.26494824126836,3.8051617362359975],[98.27180039627132,3.7943612076260025],[98.2793806442014,3.8008382985640994],[98.28700097941173,3.7951538511907716]]]}},{"type":"Feature","properties":{"code":"1205202007","desa":"Alur Melati","kecamatan":"Sawit Seberang","kecCode":"120520"},"geometry":{"type":"Polygon","coordinates":[[[98.16790130300278,3.7915254626553616],[98.1804971707079,3.7983831403877084],[98.18014429742146,3.817149730573703],[98.2005776038734,3.827352039152523],[98.21700176142222,3.8244217403613763],[98.22639819022436,3.810207666755907],[98.2299954136575,3.7808293597239633],[98.22085402809097,3.769793007289987],[98.19696423940819,3.768865016656756],[98.19277043900462,3.7634767268247575],[98.1740597857306,3.7759827954116],[98.16790130300278,3.7915254626553616]]]}},{"type":"Feature","properties":{"code":"1205212001","desa":"Serapit","kecamatan":"Sirapit","kecCode":"120521"},"geometry":{"type":"Polygon","coordinates":[[[98.27635484370113,3.546123402061031],[98.28939614381704,3.5690284474680065],[98.30672886844258,3.573390944494976],[98.30644306839291,3.5487797961355247],[98.27635484370113,3.546123402061031]]]}},{"type":"Feature","properties":{"code":"1205212002","desa":"Gunung Tinggi","kecamatan":"Sirapit","kecCode":"120521"},"geometry":{"type":"Polygon","coordinates":[[[98.28657244975881,3.5344601304308703],[98.30829885360923,3.5498120892402265],[98.30931593108538,3.5617908970031946],[98.31985970056478,3.5746113757715077],[98.33056142966632,3.5787358636219477],[98.3296016929638,3.601734844115888],[98.33836820422931,3.6048564367998717],[98.3357715287331,3.5849044349378216],[98.34326868740003,3.5553981094129705],[98.33597351556533,3.5292012800208847],[98.32627038826786,3.5281272224003786],[98.33149583066813,3.5704935977628702],[98.32652216066924,3.5549009444013238],[98.30092799303252,3.5324367988215797],[98.28657244975881,3.5344601304308703]]]}},{"type":"Feature","properties":{"code":"1205212003","desa":"Sidorejo","kecamatan":"Sirapit","kecCode":"120521"},"geometry":{"type":"Polygon","coordinates":[[[98.30644306839291,3.5487797961355247],[98.3040624370319,3.5763435797476997],[98.31985970056478,3.5746113757715077],[98.30931593108538,3.5617908970031946],[98.30644306839291,3.5487797961355247]]]}},{"type":"Feature","properties":{"code":"1205212004","desa":"Suka Pulung","kecamatan":"Sirapit","kecCode":"120521"},"geometry":{"type":"Polygon","coordinates":[[[98.38367874867538,3.590806994886671],[98.3754744845599,3.5867035313870783],[98.3813754428225,3.5824021082195556],[98.37214998593316,3.572442503278398],[98.35631915340628,3.569672564399725],[98.36092127659572,3.6021870915886027],[98.38367874867538,3.590806994886671]]]}},{"type":"Feature","properties":{"code":"1205212005","desa":"Aman Damai","kecamatan":"Sirapit","kecCode":"120521"},"geometry":{"type":"Polygon","coordinates":[[[98.34748074044387,3.6086628200537643],[98.36092127659572,3.6021870915886027],[98.35794292432654,3.5707032684024793],[98.3534865245835,3.585686377469624],[98.33695630728783,3.5888233746409393],[98.33836820422931,3.6048564367998717],[98.34748074044387,3.6086628200537643]]]}},{"type":"Feature","properties":{"code":"1205212006","desa":"Tanjung Kariahan","kecamatan":"Sirapit","kecCode":"120521"},"geometry":{"type":"Polygon","coordinates":[[[98.35109456985856,3.5691893631615117],[98.34743392443612,3.5534741385004636],[98.35216982357854,3.5487942824149883],[98.34169286473399,3.5452467483273797],[98.33695630728783,3.5888233746409393],[98.35506513424859,3.5842465098154275],[98.35666148124244,3.5703804270767368],[98.35109456985856,3.5691893631615117]]]}},{"type":"Feature","properties":{"code":"1205212007","desa":"Sebertung","kecamatan":"Sirapit","kecCode":"120521"},"geometry":{"type":"Polygon","coordinates":[[[98.28362403142398,3.5538010771374555],[98.28341334005363,3.5560631014080575],[98.28432049969138,3.5560491592183654],[98.28362403142398,3.5538010771374555]]]}},{"type":"Feature","properties":{"code":"1205212007","desa":"Sebertung","kecamatan":"Sirapit","kecCode":"120521"},"geometry":{"type":"Polygon","coordinates":[[[98.31714276772458,3.5867708753197487],[98.27762640233662,3.5596112524305736],[98.26442337623784,3.5718685784322295],[98.29675698504688,3.5872428844951307],[98.29675162688613,3.594245821623478],[98.31250332356956,3.607027973984237],[98.31714276772458,3.5867708753197487]]]}},{"type":"Feature","properties":{"code":"1205212008","desa":"Pulau Semikat","kecamatan":"Sirapit","kecCode":"120521"},"geometry":{"type":"Polygon","coordinates":[[[98.31571924075041,3.6134333808614185],[98.34705057492414,3.608730134308828],[98.34683798328638,3.604076009625732],[98.3296016929638,3.601734844115888],[98.3263092084033,3.5742970618174423],[98.30409638104322,3.5763798709894794],[98.31714276772458,3.5867708753197487],[98.31571924075041,3.6134333808614185]]]}},{"type":"Feature","properties":{"code":"1205212009","desa":"Sumber Jaya","kecamatan":"Sirapit","kecCode":"120521"},"geometry":{"type":"Polygon","coordinates":[[[98.26700150861278,3.5744494456426894],[98.26561966341676,3.5594127055054026],[98.23384862461438,3.557914403501955],[98.23326400592919,3.587697685143174],[98.23469323820244,3.575693275480242],[98.25268786655187,3.5810288074837278],[98.26700150861278,3.5744494456426894]]]}},{"type":"Feature","properties":{"code":"1205212010","desa":"Perkebunan Amal Tani","kecamatan":"Sirapit","kecCode":"120521"},"geometry":{"type":"Polygon","coordinates":[[[98.23469323820244,3.575693275480242],[98.23479859198146,3.6142641251039866],[98.31571924075041,3.6134333808614185],[98.29675162688613,3.594245821623478],[98.29675698504688,3.5872428844951307],[98.26335379544138,3.5732107122631858],[98.25268786655187,3.5810288074837278],[98.23469323820244,3.575693275480242]]]}},{"type":"Feature","properties":{"code":"1205222001","desa":"Namotogan","kecamatan":"Kutambaru","kecCode":"120522"},"geometry":{"type":"Polygon","coordinates":[[[98.20891414657068,3.4185547525244693],[98.19734429380416,3.452527217445261],[98.24514778774027,3.4529044524662402],[98.25369033544068,3.4498256414312567],[98.23709321128273,3.4183764520364726],[98.20891414657068,3.4185547525244693]]]}},{"type":"Feature","properties":{"code":"1205222002","desa":"Kuta Gajah","kecamatan":"Kutambaru","kecCode":"120522"},"geometry":{"type":"Polygon","coordinates":[[[98.19330839456681,3.4314949859155996],[98.19723446589796,3.448298878583101],[98.20891414657068,3.4185547525244693],[98.22555203429903,3.403328845390905],[98.24673714520314,3.3664318751116675],[98.22788573274045,3.3424501811375715],[98.22727738364438,3.3212517072299335],[98.21246761888555,3.302151773435585],[98.21135345060132,3.2829762902942323],[98.20035673667411,3.2773995259440647],[98.18816568170091,3.2817333975503264],[98.18884906033593,3.323005773724994],[98.19814085571596,3.3549202957281863],[98.19330839456681,3.4314949859155996]]]}},{"type":"Feature","properties":{"code":"1205222002","desa":"Kuta Gajah","kecamatan":"Kutambaru","kecCode":"120522"},"geometry":{"type":"Polygon","coordinates":[[[98.2452367585696,3.4659901745805697],[98.2478950807934,3.4844325079077576],[98.25392061584381,3.4898448734902208],[98.25265129202357,3.493383126574273],[98.25463460560263,3.4946583787240817],[98.2544442488031,3.5006546210504053],[98.25491127483554,3.5006323871114686],[98.25508130875544,3.482282348507723],[98.2452367585696,3.4659901745805697]]]}},{"type":"Feature","properties":{"code":"1205222003","desa":"Perkebunan Marike","kecamatan":"Kutambaru","kecCode":"120522"},"geometry":{"type":"Polygon","coordinates":[[[98.21028512795634,3.4184703250702073],[98.23437317937879,3.4184163585529572],[98.23568181166632,3.411432308086866],[98.24636604625606,3.396554218250913],[98.27226534666846,3.383294730030369],[98.272185096565,3.3768860873924966],[98.24131020969848,3.3768574134083966],[98.21028512795634,3.4184703250702073]]]}},{"type":"Feature","properties":{"code":"1205222003","desa":"Perkebunan Marike","kecamatan":"Kutambaru","kecCode":"120522"},"geometry":{"type":"Polygon","coordinates":[[[98.24076396328633,3.4195485798267153],[98.27190242076017,3.4190172369800123],[98.27191997372783,3.3956578118078724],[98.24399272818191,3.404552109531955],[98.23702162434851,3.41368492005287],[98.24076396328633,3.4195485798267153]]]}},{"type":"Feature","properties":{"code":"1205222004","desa":"Kaperas","kecamatan":"Kutambaru","kecCode":"120522"},"geometry":{"type":"Polygon","coordinates":[[[98.21135345060132,3.2829762902942323],[98.21246761888555,3.302151773435585],[98.22727738364438,3.3212517072299335],[98.22788573274045,3.3424501811375715],[98.24673106398745,3.3648647030260705],[98.24131020969848,3.3768574134083966],[98.2476077689834,3.3768672933604305],[98.25877670488107,3.3550841081380955],[98.27684206401011,3.348633019298333],[98.26603647940004,3.3387887910804164],[98.29247753590958,3.326490161015889],[98.2811027793698,3.3124886457732226],[98.2809021064471,3.278177713806302],[98.29372123624613,3.2700744471626093],[98.29651855588668,3.250316339133645],[98.29168202170797,3.256322622390566],[98.24967997155352,3.252917023804721],[98.23284440204758,3.2607788044928525],[98.21754586474992,3.2832561503214657],[98.21135345060132,3.2829762902942323]]]}},{"type":"Feature","properties":{"code":"1205222005","desa":"Namoteras","kecamatan":"Kutambaru","kecCode":"120522"},"geometry":{"type":"Polygon","coordinates":[[[98.27190255475914,3.4193658501776207],[98.29600883903674,3.4244061482435386],[98.30664304703907,3.401096223555332],[98.27513518763885,3.385398654384714],[98.27190255475914,3.4193658501776207]]]}},{"type":"Feature","properties":{"code":"1205222006","desa":"Rampah","kecamatan":"Kutambaru","kecCode":"120522"},"geometry":{"type":"Polygon","coordinates":[[[98.2731184246756,3.3832954476893247],[98.30765420607678,3.3529636362580724],[98.34824158667993,3.2936663380901976],[98.35052104880741,3.2739639907260125],[98.32934218009756,3.284882869217682],[98.30916923727057,3.3234989187670596],[98.28571667468485,3.3414141585442607],[98.28725681495013,3.3458211971934464],[98.26521109241803,3.3642731244881814],[98.25760453302284,3.3612072277177534],[98.2498596812793,3.3687524551399433],[98.2476077689834,3.3768672933604305],[98.272185096565,3.3768860873924966],[98.2731184246756,3.3832954476893247]]]}},{"type":"Feature","properties":{"code":"1205222007","desa":"Sulkam","kecamatan":"Kutambaru","kecCode":"120522"},"geometry":{"type":"Polygon","coordinates":[[[98.300332538416,3.2256646601285284],[98.29372123624613,3.2700744471626093],[98.2809021064471,3.278177713806302],[98.2811027793698,3.3124886457732226],[98.29247753590958,3.326490161015889],[98.26603647940004,3.3387887910804164],[98.2778188689457,3.346281846132761],[98.25877670488107,3.3550841081380955],[98.26162821856747,3.3654487362519676],[98.30902243643635,3.3236713089105496],[98.32904745427663,3.2852357694834597],[98.35052104880741,3.2739639907260125],[98.34992930659227,3.255630432198905],[98.36749742516609,3.2464057721188135],[98.35772627404839,3.227225073808949],[98.33461810414225,3.218670818743405],[98.31370942774794,3.227553516112418],[98.300332538416,3.2256646601285284]]]}},{"type":"Feature","properties":{"code":"1205222008","desa":"Kutambaru","kecamatan":"Kutambaru","kecCode":"120522"},"geometry":{"type":"Polygon","coordinates":[[[98.27513518763885,3.385398654384714],[98.24869791907378,3.3942223472343747],[98.23568181166632,3.411432308086866],[98.23437317937879,3.4184163585529572],[98.25281350723765,3.398868522809902],[98.27380703286832,3.395372264468064],[98.27513518763885,3.385398654384714]]]}},{"type":"Feature","properties":{"code":"1205232001","desa":"Pematang Tengah","kecamatan":"Pematang Jaya","kecCode":"120523"},"geometry":{"type":"Polygon","coordinates":[[[98.21013600687127,4.223510661155901],[98.20295005140383,4.2146701923526155],[98.19341926388795,4.217646486070436],[98.17018541282658,4.207204618783119],[98.15556763443885,4.210099560728066],[98.14411794188959,4.224960917778404],[98.14559215285561,4.252254483894855],[98.15545935156786,4.244729684572781],[98.16430960320571,4.247991278316863],[98.17165987290484,4.240411317278475],[98.17080532900279,4.231738514479996],[98.18160995583486,4.22459569769994],[98.19155674904476,4.244053235214849],[98.19879776100792,4.229907889598472],[98.21013600687127,4.223510661155901]]]}},{"type":"Feature","properties":{"code":"1205232002","desa":"Damar Condong","kecamatan":"Pematang Jaya","kecCode":"120523"},"geometry":{"type":"Polygon","coordinates":[[[98.16385415324663,4.288953011571199],[98.19838824662037,4.295318464267983],[98.19879227784138,4.302546683367436],[98.21143813436247,4.298682858615721],[98.21460880125522,4.287317416366374],[98.22843173273833,4.2924773701297845],[98.23684509822277,4.283271142554075],[98.24512309865212,4.293531936743605],[98.24073894144901,4.277295684459497],[98.22272697327128,4.275647250533155],[98.20065643035001,4.261311135328617],[98.2126539422257,4.272337674360637],[98.20381937656306,4.278293241250224],[98.19478733596684,4.273100079120956],[98.17015913103909,4.27797590017813],[98.16385415324663,4.288953011571199]]]}},{"type":"Feature","properties":{"code":"1205232003","desa":"Perkebunan Damar Condong","kecamatan":"Pematang Jaya","kecCode":"120523"},"geometry":{"type":"Polygon","coordinates":[[[98.17015913103909,4.27797590017813],[98.19478733596684,4.273100079120956],[98.20381937656306,4.278293241250224],[98.2126539422257,4.272337674360637],[98.20181239102907,4.266904707108699],[98.19155674904476,4.244053235214849],[98.18494861608582,4.2573660487363245],[98.16657661242078,4.270763439898906],[98.17015913103909,4.27797590017813]]]}},{"type":"Feature","properties":{"code":"1205232004","desa":"Perkebunan Perapen","kecamatan":"Pematang Jaya","kecCode":"120523"},"geometry":{"type":"Polygon","coordinates":[[[98.15347371683862,4.287370059081583],[98.16385415324663,4.288953011571199],[98.17214682431654,4.281977598193893],[98.16657661242078,4.270763439898906],[98.17833763407464,4.260349748371247],[98.17248249357226,4.249745417657072],[98.15545935156786,4.244729684572781],[98.14559215285561,4.252254483894855],[98.15347371683862,4.287370059081583]]]}},{"type":"Feature","properties":{"code":"1205232005","desa":"Limau Mungkur","kecamatan":"Pematang Jaya","kecCode":"120523"},"geometry":{"type":"Polygon","coordinates":[[[98.19155674904476,4.244053235214849],[98.18160995583486,4.22459569769994],[98.1610544144297,4.248443693063513],[98.17248249357226,4.249745417657072],[98.18107571267404,4.260275690100104],[98.19155674904476,4.244053235214849]]]}},{"type":"Feature","properties":{"code":"1205232006","desa":"Serang Jaya Hilir","kecamatan":"Pematang Jaya","kecCode":"120523"},"geometry":{"type":"Polygon","coordinates":[[[98.24505505324815,4.293954851029273],[98.25301509387157,4.2899170946960785],[98.25172782407985,4.280159314708777],[98.2107979789436,4.253091723940551],[98.20749485720192,4.239490694790664],[98.21317404084937,4.226870107433782],[98.2072349558286,4.223256510947244],[98.19155674904476,4.244053235214849],[98.20065643035001,4.261311135328617],[98.22272697327128,4.275647250533155],[98.24073894144901,4.277295684459497],[98.24505505324815,4.293954851029273]]]}},{"type":"Feature","properties":{"code":"1205232007","desa":"Serang Jaya","kecamatan":"Pematang Jaya","kecCode":"120523"},"geometry":{"type":"Polygon","coordinates":[[[98.09662296307935,4.254452656300293],[98.14550950875689,4.260581504561606],[98.14584299895529,4.22907298779011],[98.13598070874274,4.221635908340234],[98.15674150601575,4.1999828136484965],[98.15091182621984,4.188858832173673],[98.12153454438379,4.205413325751211],[98.09662296307935,4.254452656300293]]]}},{"type":"Feature","properties":{"code":"1205232008","desa":"Sala Haji","kecamatan":"Pematang Jaya","kecCode":"120523"},"geometry":{"type":"Polygon","coordinates":[[[98.07675095499263,4.2344859226434215],[98.07202375589168,4.25039589909098],[98.08667914392743,4.255439432917683],[98.09662296307935,4.254452656300293],[98.12153454438379,4.205413325751211],[98.13987461941821,4.198831622974779],[98.14624563982449,4.1877579711588675],[98.12065570259863,4.191219978820789],[98.09945283278205,4.177946244439427],[98.09118903264778,4.193575781696288],[98.09177660920324,4.228460535088204],[98.07675095499263,4.2344859226434215]]]}}]}