{"type":"FeatureCollection","features":[{"type":"Feature","properties":{"code":"1309012007","desa":"Betumonga","kecamatan":"Pagai Utara","kecCode":"130901"},"geometry":{"type":"Polygon","coordinates":[[[100.03841806464203,-2.851453556274875],[100.0381518626184,-2.851273143279418],[100.03838478972631,-2.851073738401023],[100.03841806464203,-2.851453556274875]]]}},{"type":"Feature","properties":{"code":"1309012007","desa":"Betumonga","kecamatan":"Pagai Utara","kecCode":"130901"},"geometry":{"type":"Polygon","coordinates":[[[100.03616486091965,-2.8511307122512033],[100.0355801693894,-2.8503425922762498],[100.03589390597902,-2.8501384398767806],[100.03616486091965,-2.8511307122512033]]]}},{"type":"Feature","properties":{"code":"1309012007","desa":"Betumonga","kecamatan":"Pagai Utara","kecCode":"130901"},"geometry":{"type":"Polygon","coordinates":[[[100.0167672236285,-2.847747962740592],[100.01607795263544,-2.8477598328922533],[100.01644635631436,-2.8473740794929236],[100.0167672236285,-2.847747962740592]]]}},{"type":"Feature","properties":{"code":"1309012007","desa":"Betumonga","kecamatan":"Pagai Utara","kecCode":"130901"},"geometry":{"type":"Polygon","coordinates":[[[100.01296434772655,-2.847385948745213],[100.01193044213623,-2.8465669658363812],[100.01319014410988,-2.8462049518410217],[100.01296434772655,-2.847385948745213]]]}},{"type":"Feature","properties":{"code":"1309012007","desa":"Betumonga","kecamatan":"Pagai Utara","kecCode":"130901"},"geometry":{"type":"Polygon","coordinates":[[[100.00760467071903,-2.8424423691680683],[100.01100349111827,-2.845878544703435],[100.0081513344166,-2.843866692040708],[100.00760467071903,-2.8424423691680683]]]}},{"type":"Feature","properties":{"code":"1309012007","desa":"Betumonga","kecamatan":"Pagai Utara","kecCode":"130901"},"geometry":{"type":"Polygon","coordinates":[[[100.00517439498243,-2.8391723550717614],[100.00550714683743,-2.8385076679468724],[100.00611917236199,-2.838976508810625],[100.00517439498243,-2.8391723550717614]]]}},{"type":"Feature","properties":{"code":"1309012007","desa":"Betumonga","kecamatan":"Pagai Utara","kecCode":"130901"},"geometry":{"type":"Polygon","coordinates":[[[100.01447955698605,-2.8381159781226817],[100.0144617306244,-2.837498768007231],[100.014764771577,-2.8376471354602004],[100.01447955698605,-2.8381159781226817]]]}},{"type":"Feature","properties":{"code":"1309012007","desa":"Betumonga","kecamatan":"Pagai Utara","kecCode":"130901"},"geometry":{"type":"Polygon","coordinates":[[[100.00185876277175,-2.835878591678845],[100.00093181175379,-2.8356590069131187],[100.00108630359011,-2.8354038134909114],[100.00185876277175,-2.835878591678845]]]}},{"type":"Feature","properties":{"code":"1309012007","desa":"Betumonga","kecamatan":"Pagai Utara","kecCode":"130901"},"geometry":{"type":"Polygon","coordinates":[[[99.99909573607943,-2.831249504121606],[100.0149805000501,-2.832323503286152],[100.01531325190511,-2.8360861174353524],[100.00987451189928,-2.8399676039725],[99.99909573607943,-2.831249504121606]]]}},{"type":"Feature","properties":{"code":"1309012007","desa":"Betumonga","kecamatan":"Pagai Utara","kecCode":"130901"},"geometry":{"type":"Polygon","coordinates":[[[100.12477578877167,-2.835801749106793],[100.10701688082445,-2.8388460090880123],[100.09344872008245,-2.829598868654891],[100.08890151579236,-2.834713850020659],[100.08331591020118,-2.8308096987693387],[100.08445969585836,-2.841936322451918],[100.0757022146855,-2.842215918078488],[100.05887872757125,-2.816732154841152],[100.0509025890833,-2.8154278042272325],[100.04034768509763,-2.822678321117217],[100.04192146360468,-2.851871353418035],[100.03428422024065,-2.843617435942658],[100.02934048237739,-2.849848828500668],[100.01887069023023,-2.849558031818033],[100.01219188944417,-2.843403786702403],[100.01741731205935,-2.8357442788308096],[100.01813498544129,-2.8113421293177825],[99.99652459143681,-2.7956281178424627],[100.01446592686108,-2.79289789572332],[100.03065299703826,-2.760483445991635],[100.0498785175796,-2.755746147509229],[100.07783835275784,-2.7841470110872457],[100.09948995459779,-2.819550103127768],[100.12477578877167,-2.835801749106793]]]}},{"type":"Feature","properties":{"code":"1309012008","desa":"Silabu","kecamatan":"Pagai Utara","kecCode":"130901"},"geometry":{"type":"Polygon","coordinates":[[[99.98460086443838,-2.7761328097017377],[99.98412608265265,-2.7833486954983853],[99.97598220261658,-2.787710879561136],[99.97803245093688,-2.779662779130424],[99.98460086443838,-2.7761328097017377]]]}},{"type":"Feature","properties":{"code":"1309012008","desa":"Silabu","kecamatan":"Pagai Utara","kecCode":"130901"},"geometry":{"type":"Polygon","coordinates":[[[99.98016812316041,-2.7565817067220504],[99.98144297511327,-2.757414880033433],[99.98010215339171,-2.7582155923155716],[99.98016812316041,-2.7565817067220504]]]}},{"type":"Feature","properties":{"code":"1309012008","desa":"Silabu","kecamatan":"Pagai Utara","kecCode":"130901"},"geometry":{"type":"Polygon","coordinates":[[[99.97739885517308,-2.6343426078001886],[99.9772245692585,-2.633693618341595],[99.9782873188048,-2.6339557599259082],[99.97739885517308,-2.6343426078001886]]]}},{"type":"Feature","properties":{"code":"1309012008","desa":"Silabu","kecamatan":"Pagai Utara","kecCode":"130901"},"geometry":{"type":"Polygon","coordinates":[[[99.97594384922934,-2.627503570316057],[99.97576860823472,-2.627212784425381],[99.97602860763419,-2.6272557837102894],[99.97594384922934,-2.627503570316057]]]}},{"type":"Feature","properties":{"code":"1309012008","desa":"Silabu","kecamatan":"Pagai Utara","kecCode":"130901"},"geometry":{"type":"Polygon","coordinates":[[[99.97484534533646,-2.6273836331308558],[99.97431740732253,-2.6272740948064515],[99.97534054712861,-2.62729149309072],[99.97484534533646,-2.6273836331308558]]]}},{"type":"Feature","properties":{"code":"1309012008","desa":"Silabu","kecamatan":"Pagai Utara","kecCode":"130901"},"geometry":{"type":"Polygon","coordinates":[[[99.98027920472155,-2.6037549851130097],[99.98036414299088,-2.6030945751637313],[99.98053547912912,-2.6036598044650354],[99.98027920472155,-2.6037549851130097]]]}},{"type":"Feature","properties":{"code":"1309012008","desa":"Silabu","kecamatan":"Pagai Utara","kecCode":"130901"},"geometry":{"type":"Polygon","coordinates":[[[99.97159000007849,-2.6005829971196026],[99.97127299984912,-2.59968599712406],[99.97199399982327,-2.599867997422961],[99.97159000007849,-2.6005829971196026]]]}},{"type":"Feature","properties":{"code":"1309012008","desa":"Silabu","kecamatan":"Pagai Utara","kecCode":"130901"},"geometry":{"type":"Polygon","coordinates":[[[99.99185407390642,-2.769392974633757],[99.99193776481604,-2.769017308030393],[99.99200108428265,-2.769392852325918],[99.99185407390642,-2.769392974633757]]]}},{"type":"Feature","properties":{"code":"1309012008","desa":"Silabu","kecamatan":"Pagai Utara","kecCode":"130901"},"geometry":{"type":"Polygon","coordinates":[[[99.99061494392457,-2.768225025993105],[99.9901438115877,-2.7676365429217338],[99.99062783570609,-2.7676522747622347],[99.99061494392457,-2.768225025993105]]]}},{"type":"Feature","properties":{"code":"1309012008","desa":"Silabu","kecamatan":"Pagai Utara","kecCode":"130901"},"geometry":{"type":"Polygon","coordinates":[[[99.98184714213198,-2.7577938876181505],[99.98148001908764,-2.7567773758166156],[99.98213032515444,-2.757625229661102],[99.98184714213198,-2.7577938876181505]]]}},{"type":"Feature","properties":{"code":"1309012008","desa":"Silabu","kecamatan":"Pagai Utara","kecCode":"130901"},"geometry":{"type":"Polygon","coordinates":[[[99.98829930566848,-2.7571138697503756],[99.9906642177795,-2.7565791166745273],[99.99108300327805,-2.7577069816323077],[99.98829930566848,-2.7571138697503756]]]}},{"type":"Feature","properties":{"code":"1309012008","desa":"Silabu","kecamatan":"Pagai Utara","kecCode":"130901"},"geometry":{"type":"Polygon","coordinates":[[[99.98168112908091,-2.750060414105588],[99.98845099072072,-2.7535899167861104],[99.9825558771521,-2.757242390065137],[99.98168112908091,-2.750060414105588]]]}},{"type":"Feature","properties":{"code":"1309012008","desa":"Silabu","kecamatan":"Pagai Utara","kecCode":"130901"},"geometry":{"type":"Polygon","coordinates":[[[100.05471171167619,-2.7521823087129924],[100.03065299703826,-2.760483445991635],[100.01446592686108,-2.79289789572332],[99.99652459143681,-2.7956281178424627],[99.99137305622162,-2.788410136625403],[99.9957534839362,-2.7777358062809907],[99.97870265989991,-2.7735325387188166],[99.98404018930334,-2.766454275275464],[99.99372066627579,-2.772415701247977],[99.99646075216201,-2.771678783274375],[99.99014291676224,-2.7654732345341135],[99.99345158642166,-2.760716070027736],[99.99809475466922,-2.7638929728161257],[99.99662361219004,-2.7516693875791427],[100.01391651033872,-2.741806295182132],[100.0062737379427,-2.7329381407499906],[100.01237682513043,-2.7275536208762348],[100.0047913008779,-2.7196956668034606],[100.00034023141662,-2.6970849892873763],[100.00994399441987,-2.695941888914828],[100.01308563839154,-2.683171589618908],[100.00719521298872,-2.6675072485995175],[99.99641683197125,-2.660125070962139],[99.99112386577383,-2.639894943865569],[99.97647832621385,-2.630421641924658],[99.97905798833557,-2.623819524538055],[99.98833920678902,-2.6229288045083057],[99.98991072170251,-2.61035429571548],[99.98284110703149,-2.5961435415080603],[99.96771366755178,-2.5860349099111004],[99.9702919438182,-2.578593126107898],[100.01244438939712,-2.5835467178373692],[100.02736129039131,-2.6178662293360806],[100.03711105922804,-2.621821063679884],[100.04540019776094,-2.6392530698430536],[100.05419332626103,-2.634848657214266],[100.06668667934683,-2.646258044834947],[100.06882969633347,-2.664186125132022],[100.07858699159647,-2.665836631995684],[100.10620855757895,-2.7046258316151714],[100.1019924360022,-2.7157850305408737],[100.08356322286448,-2.7264962240959134],[100.0852690865991,-2.7500000021472415],[100.06888634283051,-2.756173490056585],[100.05471171167619,-2.7521823087129924]]]}},{"type":"Feature","properties":{"code":"1309012009","desa":"Saumanganya","kecamatan":"Pagai Utara","kecCode":"130901"},"geometry":{"type":"Polygon","coordinates":[[[100.10394561240012,-2.70160527056841],[100.07858699159647,-2.665836631995684],[100.06882969633347,-2.664186125132022],[100.06668667934683,-2.646258044834947],[100.05419332626103,-2.634848657214266],[100.04540019776094,-2.6392530698430536],[100.03711105922804,-2.621821063679884],[100.02736129039131,-2.6178662293360806],[100.01244438939712,-2.5835467178373692],[99.9766784172752,-2.57737568957378],[99.96429249989897,-2.581749797747589],[99.96005194464158,-2.570237648194111],[99.97543850308448,-2.568263111101056],[99.97091182582015,-2.551771396498149],[99.97617257200663,-2.5080462228681437],[99.99767136104452,-2.5028218425729913],[100.01824491137363,-2.518063356540977],[100.06259594394771,-2.5724943439815244],[100.09077123420512,-2.591126113201912],[100.10000251420472,-2.5895947251404574],[100.11947502185483,-2.616297474443736],[100.1503844705669,-2.640229794737866],[100.12856068272934,-2.6529745119189405],[100.13906388289193,-2.667979080608423],[100.13222846697022,-2.687318306911548],[100.1163224304359,-2.7000695495733527],[100.10394561240012,-2.70160527056841]]]}},{"type":"Feature","properties":{"code":"1309012009","desa":"Saumanganya","kecamatan":"Pagai Utara","kecCode":"130901"},"geometry":{"type":"Polygon","coordinates":[[[99.96490999959686,-2.5849769969198912],[99.96422300029127,-2.5847939974743204],[99.96457799957504,-2.584472997060744],[99.96490999959686,-2.5849769969198912]]]}},{"type":"Feature","properties":{"code":"1309012009","desa":"Saumanganya","kecamatan":"Pagai Utara","kecCode":"130901"},"geometry":{"type":"Polygon","coordinates":[[[100.05401747462679,-2.5612487211066304],[100.05362134844655,-2.5607786769498944],[100.05399464893395,-2.560832642567847],[100.05401747462679,-2.5612487211066304]]]}},{"type":"Feature","properties":{"code":"1309092001","desa":"Sikakap","kecamatan":"Sikakap","kecCode":"130909"},"geometry":{"type":"Polygon","coordinates":[[[100.26483493708274,-2.821457481548453],[100.26506921407304,-2.8211424004726853],[100.26521361641534,-2.821566195194603],[100.26483493708274,-2.821457481548453]]]}},{"type":"Feature","properties":{"code":"1309092001","desa":"Sikakap","kecamatan":"Sikakap","kecCode":"130909"},"geometry":{"type":"Polygon","coordinates":[[[100.26573009976435,-2.820714018309027],[100.26604550729438,-2.8204828925434193],[100.26604853261375,-2.820918527739397],[100.26573009976435,-2.820714018309027]]]}},{"type":"Feature","properties":{"code":"1309092001","desa":"Sikakap","kecamatan":"Sikakap","kecCode":"130909"},"geometry":{"type":"Polygon","coordinates":[[[100.25703023006109,-2.8109263997159655],[100.25677796123396,-2.8101154522495904],[100.25723699409205,-2.810445032195384],[100.25703023006109,-2.8109263997159655]]]}},{"type":"Feature","properties":{"code":"1309092001","desa":"Sikakap","kecamatan":"Sikakap","kecCode":"130909"},"geometry":{"type":"Polygon","coordinates":[[[100.24959967968152,-2.8070089115187233],[100.2497224479327,-2.806416155768266],[100.25015370522937,-2.80667311186166],[100.24959967968152,-2.8070089115187233]]]}},{"type":"Feature","properties":{"code":"1309092001","desa":"Sikakap","kecamatan":"Sikakap","kecCode":"130909"},"geometry":{"type":"Polygon","coordinates":[[[100.25889705265688,-2.8067146605401687],[100.25897671999968,-2.8064914820834574],[100.2590740527254,-2.806890257666048],[100.25889705265688,-2.8067146605401687]]]}},{"type":"Feature","properties":{"code":"1309092001","desa":"Sikakap","kecamatan":"Sikakap","kecCode":"130909"},"geometry":{"type":"Polygon","coordinates":[[[100.2650630573143,-2.8265756060447402],[100.21407071669029,-2.8149471921372164],[100.19517065809947,-2.817288792019618],[100.18453128978724,-2.8063230705406887],[100.18916505022695,-2.7908403017428056],[100.19208655634957,-2.796162480612483],[100.20086860340336,-2.7937955243450294],[100.20249543561589,-2.785817148352433],[100.23667112127526,-2.7839746641111995],[100.24156666896663,-2.799755813574483],[100.24585377043518,-2.7971048882774894],[100.25466984423798,-2.8004473148854574],[100.24869029422177,-2.8074469488038565],[100.2555934659657,-2.8077672792223867],[100.25814256462768,-2.801732599872],[100.25246627769661,-2.8159032002494837],[100.25999213283073,-2.8140219480335187],[100.2603196776111,-2.819809062910647],[100.26078755979812,-2.810910677767999],[100.26607989107418,-2.815525084792196],[100.26557849385244,-2.8177525175395615],[100.26419636716865,-2.8170272071156814],[100.26421744368014,-2.8184874174345302],[100.2620846250055,-2.8181044942016418],[100.26142685006913,-2.819710199538877],[100.2663520978711,-2.819037701802026],[100.26254727493682,-2.824083531597762],[100.2650630573143,-2.8265756060447402]]]}},{"type":"Feature","properties":{"code":"1309092001","desa":"Sikakap","kecamatan":"Sikakap","kecCode":"130909"},"geometry":{"type":"Polygon","coordinates":[[[100.25299413567085,-2.8045083816459018],[100.25354688867803,-2.8039177321076685],[100.25356369880569,-2.804532560818365],[100.25299413567085,-2.8045083816459018]]]}},{"type":"Feature","properties":{"code":"1309092001","desa":"Sikakap","kecamatan":"Sikakap","kecCode":"130909"},"geometry":{"type":"Polygon","coordinates":[[[100.26062642556916,-2.80389415278296],[100.26013427787467,-2.8029533279247927],[100.26082870558037,-2.8040398096793866],[100.26062642556916,-2.80389415278296]]]}},{"type":"Feature","properties":{"code":"1309092001","desa":"Sikakap","kecamatan":"Sikakap","kecCode":"130909"},"geometry":{"type":"Polygon","coordinates":[[[100.25449974376822,-2.8015376097655293],[100.25604416480643,-2.8028592822213114],[100.2541249836811,-2.8038204461467804],[100.25449974376822,-2.8015376097655293]]]}},{"type":"Feature","properties":{"code":"1309092001","desa":"Sikakap","kecamatan":"Sikakap","kecCode":"130909"},"geometry":{"type":"Polygon","coordinates":[[[100.25960844517368,-2.8016011225863093],[100.25963274665399,-2.803129757822916],[100.25865533557534,-2.801324834666276],[100.25960844517368,-2.8016011225863093]]]}},{"type":"Feature","properties":{"code":"1309092001","desa":"Sikakap","kecamatan":"Sikakap","kecCode":"130909"},"geometry":{"type":"Polygon","coordinates":[[[100.25637407120648,-2.7996819810332587],[100.25793973782868,-2.8012924401868604],[100.25550297078551,-2.800434316084627],[100.25637407120648,-2.7996819810332587]]]}},{"type":"Feature","properties":{"code":"1309092001","desa":"Sikakap","kecamatan":"Sikakap","kecCode":"130909"},"geometry":{"type":"Polygon","coordinates":[[[100.19796312140102,-2.7936926230173147],[100.19831327513758,-2.793247651959263],[100.19823246025986,-2.793815107082534],[100.19796312140102,-2.7936926230173147]]]}},{"type":"Feature","properties":{"code":"1309092001","desa":"Sikakap","kecamatan":"Sikakap","kecCode":"130909"},"geometry":{"type":"Polygon","coordinates":[[[100.19874938877331,-2.780890393292205],[100.19910437366798,-2.7805644061379233],[100.1991856471999,-2.7808763791567404],[100.19874938877331,-2.780890393292205]]]}},{"type":"Feature","properties":{"code":"1309092001","desa":"Sikakap","kecamatan":"Sikakap","kecCode":"130909"},"geometry":{"type":"Polygon","coordinates":[[[100.19652523315305,-2.778590676636043],[100.19668690157931,-2.778346293964173],[100.19670066840119,-2.7786176338143247],[100.19652523315305,-2.778590676636043]]]}},{"type":"Feature","properties":{"code":"1309092001","desa":"Sikakap","kecamatan":"Sikakap","kecCode":"130909"},"geometry":{"type":"Polygon","coordinates":[[[100.22694540930324,-2.7765577114890094],[100.22355795183806,-2.77852538765426],[100.22381735318832,-2.7753377802355574],[100.22694540930324,-2.7765577114890094]]]}},{"type":"Feature","properties":{"code":"1309092001","desa":"Sikakap","kecamatan":"Sikakap","kecCode":"130909"},"geometry":{"type":"Polygon","coordinates":[[[100.21885377358284,-2.754444581196386],[100.21900154388616,-2.7538067532237704],[100.21925819600898,-2.754095931126682],[100.21885377358284,-2.754444581196386]]]}},{"type":"Feature","properties":{"code":"1309092001","desa":"Sikakap","kecamatan":"Sikakap","kecCode":"130909"},"geometry":{"type":"Polygon","coordinates":[[[100.20258454763882,-2.7134507475426477],[100.2205988369668,-2.7404963813620835],[100.22328492216148,-2.751755675730717],[100.21856808414981,-2.7539141106921816],[100.21927634612655,-2.7724648797746543],[100.21177131569374,-2.778874882187341],[100.19718859198002,-2.774956566613847],[100.19477286007947,-2.784756714561644],[100.18065238340085,-2.787345327632838],[100.18012961109277,-2.777589344491436],[100.16040731404638,-2.7635786543653884],[100.15042725941053,-2.7428863773609997],[100.16122043787294,-2.720096902931138],[100.16115354539987,-2.6977524975855243],[100.1765050887389,-2.6902800154243365],[100.18883712143605,-2.714368449032357],[100.20258454763882,-2.7134507475426477]]]}},{"type":"Feature","properties":{"code":"1309092001","desa":"Sikakap","kecamatan":"Sikakap","kecCode":"130909"},"geometry":{"type":"Polygon","coordinates":[[[100.27718349302387,-2.8334710130346883],[100.27763983870767,-2.8330484602765047],[100.27742592686506,-2.833580211415338],[100.27718349302387,-2.8334710130346883]]]}},{"type":"Feature","properties":{"code":"1309092001","desa":"Sikakap","kecamatan":"Sikakap","kecCode":"130909"},"geometry":{"type":"Polygon","coordinates":[[[100.27940817564684,-2.833072198781201],[100.27886151194927,-2.8324122564794605],[100.27917525033756,-2.8323030580987703],[100.27940817564684,-2.833072198781201]]]}},{"type":"Feature","properties":{"code":"1309092001","desa":"Sikakap","kecamatan":"Sikakap","kecCode":"130909"},"geometry":{"type":"Polygon","coordinates":[[[100.27531912917452,-2.8312229417456414],[100.27455578102456,-2.833176858283535],[100.27351402075548,-2.8312356185892384],[100.27531912917452,-2.8312229417456414]]]}},{"type":"Feature","properties":{"code":"1309092001","desa":"Sikakap","kecamatan":"Sikakap","kecCode":"130909"},"geometry":{"type":"Polygon","coordinates":[[[100.27985757856446,-2.8315751018693844],[100.28000969439192,-2.830630292115207],[100.28032818479795,-2.8306018051901085],[100.27985757856446,-2.8315751018693844]]]}},{"type":"Feature","properties":{"code":"1309092001","desa":"Sikakap","kecamatan":"Sikakap","kecCode":"130909"},"geometry":{"type":"Polygon","coordinates":[[[100.27706591206226,-2.8303421682177023],[100.27715751520718,-2.830279529537959],[100.27728469283437,-2.8306250562623037],[100.27706591206226,-2.8303421682177023]]]}},{"type":"Feature","properties":{"code":"1309092001","desa":"Sikakap","kecamatan":"Sikakap","kecCode":"130909"},"geometry":{"type":"Polygon","coordinates":[[[100.28149281584085,-2.826005930495263],[100.28392704679582,-2.8332208675071637],[100.28156887330493,-2.834271844027343],[100.28149281584085,-2.826005930495263]]]}},{"type":"Feature","properties":{"code":"1309092001","desa":"Sikakap","kecamatan":"Sikakap","kecCode":"130909"},"geometry":{"type":"Polygon","coordinates":[[[100.27567477237288,-2.828261057865058],[100.27584515792773,-2.8280836540011625],[100.27595630603876,-2.8284057632787225],[100.27567477237288,-2.828261057865058]]]}},{"type":"Feature","properties":{"code":"1309092001","desa":"Sikakap","kecamatan":"Sikakap","kecCode":"130909"},"geometry":{"type":"Polygon","coordinates":[[[100.2658771901802,-2.8282624257339064],[100.26619583976621,-2.827562039121048],[100.26636240320236,-2.828294581892902],[100.2658771901802,-2.8282624257339064]]]}},{"type":"Feature","properties":{"code":"1309092001","desa":"Sikakap","kecamatan":"Sikakap","kecCode":"130909"},"geometry":{"type":"Polygon","coordinates":[[[100.2770481792301,-2.8259155594216],[100.27778351889435,-2.8274980100894553],[100.27745936455807,-2.828282728828376],[100.27649585609896,-2.8268888614967267],[100.2770481792301,-2.8259155594216]]]}},{"type":"Feature","properties":{"code":"1309092001","desa":"Sikakap","kecamatan":"Sikakap","kecCode":"130909"},"geometry":{"type":"Polygon","coordinates":[[[100.27473322715679,-2.82666636112893],[100.27470331930283,-2.8261398746213278],[100.27492964808486,-2.826523397702051],[100.27473322715679,-2.82666636112893]]]}},{"type":"Feature","properties":{"code":"1309092001","desa":"Sikakap","kecamatan":"Sikakap","kecCode":"130909"},"geometry":{"type":"Polygon","coordinates":[[[100.28014082274085,-2.826324808508721],[100.28035579758203,-2.826238246963249],[100.280434041298,-2.8266578310592974],[100.28014082274085,-2.826324808508721]]]}},{"type":"Feature","properties":{"code":"1309092001","desa":"Sikakap","kecamatan":"Sikakap","kecCode":"130909"},"geometry":{"type":"Polygon","coordinates":[[[100.27162173655398,-2.818498616691937],[100.27476217813205,-2.824253750777864],[100.27046813659528,-2.831728693484137],[100.26558355793492,-2.8238170157110742],[100.27162173655398,-2.818498616691937]]]}},{"type":"Feature","properties":{"code":"1309092001","desa":"Sikakap","kecamatan":"Sikakap","kecCode":"130909"},"geometry":{"type":"Polygon","coordinates":[[[100.28053701367232,-2.824641227278306],[100.28062302843006,-2.82472432553455],[100.28059527894904,-2.824741524169327],[100.28053701367232,-2.824641227278306]]]}},{"type":"Feature","properties":{"code":"1309092001","desa":"Sikakap","kecamatan":"Sikakap","kecCode":"130909"},"geometry":{"type":"Polygon","coordinates":[[[100.27572512361564,-2.823602327753813],[100.27578605358354,-2.82335118487813],[100.27591924317856,-2.8236927159145915],[100.27572512361564,-2.823602327753813]]]}},{"type":"Feature","properties":{"code":"1309092001","desa":"Sikakap","kecamatan":"Sikakap","kecCode":"130909"},"geometry":{"type":"Polygon","coordinates":[[[100.27967333805418,-2.8219822242705916],[100.27875571120718,-2.820826775307085],[100.27900597094883,-2.820365799913896],[100.27967333805418,-2.8219822242705916]]]}},{"type":"Feature","properties":{"code":"1309092001","desa":"Sikakap","kecamatan":"Sikakap","kecCode":"130909"},"geometry":{"type":"Polygon","coordinates":[[[100.26983905632743,-2.8166293515395404],[100.26928210618433,-2.816217686873381],[100.26974684973737,-2.8159943762163904],[100.26983905632743,-2.8166293515395404]]]}},{"type":"Feature","properties":{"code":"1309092001","desa":"Sikakap","kecamatan":"Sikakap","kecCode":"130909"},"geometry":{"type":"Polygon","coordinates":[[[100.26719027860854,-2.8112300243282147],[100.26641829606756,-2.8108405342457856],[100.26696755071198,-2.810166689324487],[100.26719027860854,-2.8112300243282147]]]}},{"type":"Feature","properties":{"code":"1309092002","desa":"Taikako","kecamatan":"Sikakap","kecCode":"130909"},"geometry":{"type":"Polygon","coordinates":[[[100.1698256170586,-2.8759077657424577],[100.17072246506979,-2.8834913897192695],[100.16737320810711,-2.884838058831303],[100.16095355416326,-2.8754037254138005],[100.1698256170586,-2.8759077657424577]]]}},{"type":"Feature","properties":{"code":"1309092002","desa":"Taikako","kecamatan":"Sikakap","kecCode":"130909"},"geometry":{"type":"Polygon","coordinates":[[[100.14742725506379,-2.8491704680833703],[100.14893260505573,-2.8629627101867205],[100.13248163332077,-2.856774073197444],[100.1327383726778,-2.8525406108975964],[100.14742725506379,-2.8491704680833703]]]}},{"type":"Feature","properties":{"code":"1309092002","desa":"Taikako","kecamatan":"Sikakap","kecCode":"130909"},"geometry":{"type":"Polygon","coordinates":[[[100.1506358994273,-2.84845207074797],[100.14875822920897,-2.8480366451170243],[100.15032691485526,-2.8475500030726844],[100.1506358994273,-2.84845207074797]]]}},{"type":"Feature","properties":{"code":"1309092002","desa":"Taikako","kecamatan":"Sikakap","kecCode":"130909"},"geometry":{"type":"Polygon","coordinates":[[[100.1418784497307,-2.8236096644230813],[100.14155375400259,-2.8227141941743046],[100.14201310612003,-2.8229445672073035],[100.1418784497307,-2.8236096644230813]]]}},{"type":"Feature","properties":{"code":"1309092002","desa":"Taikako","kecamatan":"Sikakap","kecCode":"130909"},"geometry":{"type":"Polygon","coordinates":[[[100.17120231993117,-2.8113486709863222],[100.16953196412891,-2.8194992437681554],[100.16720923022183,-2.820878540283993],[100.16376682328035,-2.814873786773946],[100.17120231993117,-2.8113486709863222]]]}},{"type":"Feature","properties":{"code":"1309092002","desa":"Taikako","kecamatan":"Sikakap","kecCode":"130909"},"geometry":{"type":"Polygon","coordinates":[[[100.13117550474577,-2.837912295169317],[100.09948995459779,-2.819550103127768],[100.07783835275784,-2.7841470110872457],[100.0498785175796,-2.755746147509229],[100.0852690865991,-2.7500000021472415],[100.08356322286448,-2.7264962240959134],[100.1019924360022,-2.7157850305408737],[100.10540610870503,-2.70309117721601],[100.12153049073959,-2.6956911750157837],[100.1420261705714,-2.7031077121511493],[100.15502767478743,-2.7306619098891214],[100.15042725941053,-2.7428863773609997],[100.1550017140579,-2.7564712897600074],[100.18079128369084,-2.7796570729320647],[100.18023530841282,-2.7882266938139764],[100.14179527323336,-2.8090237571251513],[100.14033676892682,-2.8235108738963914],[100.1483109136178,-2.8390406898277347],[100.13506259136557,-2.8328376187196027],[100.13117550474577,-2.837912295169317]]]}},{"type":"Feature","properties":{"code":"1309092002","desa":"Taikako","kecamatan":"Sikakap","kecCode":"130909"},"geometry":{"type":"Polygon","coordinates":[[[100.18242851026758,-2.8924176493487477],[100.17453537830511,-2.88951017445184],[100.18174174118849,-2.8860436414015473],[100.18242851026758,-2.8924176493487477]]]}},{"type":"Feature","properties":{"code":"1309092002","desa":"Taikako","kecamatan":"Sikakap","kecCode":"130909"},"geometry":{"type":"Polygon","coordinates":[[[100.188147822564,-2.793634150896618],[100.1848008588726,-2.8069924269456363],[100.19517065809947,-2.817288792019618],[100.21407071669029,-2.8149471921372164],[100.25391067164026,-2.827973380930594],[100.24035498359568,-2.8648027482719707],[100.26103426991568,-2.881123619565374],[100.23058331536777,-2.8795995663745257],[100.204674538799,-2.8944380653559314],[100.19711765795357,-2.893168671389948],[100.19597561967917,-2.8700373844357987],[100.18007880479308,-2.8427737621471585],[100.18433414040832,-2.8253800707003527],[100.17618826657531,-2.8139106659236495],[100.1785741742588,-2.798183645754894],[100.188147822564,-2.793634150896618]]]}},{"type":"Feature","properties":{"code":"1309092002","desa":"Taikako","kecamatan":"Sikakap","kecCode":"130909"},"geometry":{"type":"Polygon","coordinates":[[[100.17606524201737,-2.8348063947557107],[100.17535332069922,-2.834045218469285],[100.17705937419082,-2.833335818850951],[100.17606524201737,-2.8348063947557107]]]}},{"type":"Feature","properties":{"code":"1309092002","desa":"Taikako","kecamatan":"Sikakap","kecCode":"130909"},"geometry":{"type":"Polygon","coordinates":[[[100.171237100312,-2.829567721535197],[100.1690084822557,-2.824437931033343],[100.1728737881948,-2.820935840588078],[100.17773263095619,-2.8268620760889904],[100.171237100312,-2.829567721535197]]]}},{"type":"Feature","properties":{"code":"1309092002","desa":"Taikako","kecamatan":"Sikakap","kecCode":"130909"},"geometry":{"type":"Polygon","coordinates":[[[100.16969102991715,-2.8009534515338217],[100.16655500131229,-2.7989528970540105],[100.16992671164849,-2.799229380126977],[100.16969102991715,-2.8009534515338217]]]}},{"type":"Feature","properties":{"code":"1309092003","desa":"Matobe","kecamatan":"Sikakap","kecCode":"130909"},"geometry":{"type":"Polygon","coordinates":[[[100.12153049073959,-2.6956911750157837],[100.1388971647724,-2.6714801476252297],[100.12856068272934,-2.6529745119189405],[100.1503844705669,-2.640229794737866],[100.16861384175547,-2.6452876062011814],[100.17817674765884,-2.6550766403271315],[100.20258454763882,-2.7134507475426477],[100.18883712143605,-2.714368449032357],[100.17152750668913,-2.689316077090348],[100.16115354539987,-2.6977524975855243],[100.16122043787294,-2.720096902931138],[100.15502767478743,-2.7306619098891214],[100.1420261705714,-2.7031077121511493],[100.12153049073959,-2.6956911750157837]]]}},{"type":"Feature","properties":{"code":"1309102001","desa":"Sinaka","kecamatan":"Pagai Selatan","kecCode":"130910"},"geometry":{"type":"Polygon","coordinates":[[[100.43267334030247,-3.256276100261237],[100.43890054832171,-3.2606957285197087],[100.4404930030497,-3.2695230618249207],[100.43267334030247,-3.256276100261237]]]}},{"type":"Feature","properties":{"code":"1309102001","desa":"Sinaka","kecamatan":"Pagai Selatan","kecCode":"130910"},"geometry":{"type":"Polygon","coordinates":[[[100.43089313501025,-3.2461070692961687],[100.4310992560259,-3.245048683261671],[100.43159180481797,-3.2459312266553693],[100.43089313501025,-3.2461070692961687]]]}},{"type":"Feature","properties":{"code":"1309102001","desa":"Sinaka","kecamatan":"Pagai Selatan","kecCode":"130910"},"geometry":{"type":"Polygon","coordinates":[[[100.42181259127813,-3.2350428333823618],[100.42231552723983,-3.2341894801836317],[100.42235485009633,-3.2348039806417614],[100.42181259127813,-3.2350428333823618]]]}},{"type":"Feature","properties":{"code":"1309102001","desa":"Sinaka","kecamatan":"Pagai Selatan","kecCode":"130910"},"geometry":{"type":"Polygon","coordinates":[[[100.40435639603089,-3.2232680098457824],[100.41679240564507,-3.22352135246319],[100.42106378696428,-3.234591873738786],[100.40975316287825,-3.230393312328874],[100.40435639603089,-3.2232680098457824]]]}},{"type":"Feature","properties":{"code":"1309102001","desa":"Sinaka","kecamatan":"Pagai Selatan","kecCode":"130910"},"geometry":{"type":"Polygon","coordinates":[[[100.3996353213131,-3.2222866003824286],[100.39998613425276,-3.221213685800231],[100.40069443220231,-3.222468285019272],[100.3996353213131,-3.2222866003824286]]]}},{"type":"Feature","properties":{"code":"1309102001","desa":"Sinaka","kecamatan":"Pagai Selatan","kecCode":"130910"},"geometry":{"type":"Polygon","coordinates":[[[100.39903448695206,-3.2008582273845385],[100.40828337207999,-3.211350493578318],[100.40376492720968,-3.2187425403758763],[100.39483581941761,-3.2147890855920522],[100.39444876739674,-3.2093339203742186],[100.39158456337697,-3.2031046115453874],[100.39903448695206,-3.2008582273845385]]]}},{"type":"Feature","properties":{"code":"1309102001","desa":"Sinaka","kecamatan":"Pagai Selatan","kecCode":"130910"},"geometry":{"type":"Polygon","coordinates":[[[100.40527941341422,-3.177464607290331],[100.4057327103963,-3.1787592056559433],[100.40456703344188,-3.1780052554221565],[100.40527941341422,-3.177464607290331]]]}},{"type":"Feature","properties":{"code":"1309102001","desa":"Sinaka","kecamatan":"Pagai Selatan","kecCode":"130910"},"geometry":{"type":"Polygon","coordinates":[[[100.41266868401259,-3.179023682779626],[100.41041280210918,-3.1763228810818407],[100.41152840121481,-3.174669122269714],[100.41266868401259,-3.179023682779626]]]}},{"type":"Feature","properties":{"code":"1309102001","desa":"Sinaka","kecamatan":"Pagai Selatan","kecCode":"130910"},"geometry":{"type":"Polygon","coordinates":[[[100.37469417209842,-3.168530599102109],[100.37444434043401,-3.167358285152183],[100.37529888973205,-3.1680067179304583],[100.37469417209842,-3.168530599102109]]]}},{"type":"Feature","properties":{"code":"1309102001","desa":"Sinaka","kecamatan":"Pagai Selatan","kecCode":"130910"},"geometry":{"type":"Polygon","coordinates":[[[100.40387872112613,-3.170314310849039],[100.40042989842111,-3.1670145300923402],[100.40017406917802,-3.165134316593297],[100.40323894612055,-3.1665000971981434],[100.40387872112613,-3.170314310849039]]]}},{"type":"Feature","properties":{"code":"1309102001","desa":"Sinaka","kecamatan":"Pagai Selatan","kecCode":"130910"},"geometry":{"type":"Polygon","coordinates":[[[100.4272619558746,-3.1648302189376407],[100.42648795615429,-3.1650402187290743],[100.42733495564376,-3.164640218269864],[100.4272619558746,-3.1648302189376407]]]}},{"type":"Feature","properties":{"code":"1309102001","desa":"Sinaka","kecamatan":"Pagai Selatan","kecCode":"130910"},"geometry":{"type":"Polygon","coordinates":[[[100.39877275905565,-3.165222010385261],[100.39650632540668,-3.163842678795906],[100.39739529625598,-3.1625587077188615],[100.39877275905565,-3.165222010385261]]]}},{"type":"Feature","properties":{"code":"1309102001","desa":"Sinaka","kecamatan":"Pagai Selatan","kecCode":"130910"},"geometry":{"type":"Polygon","coordinates":[[[100.387510519395,-3.163378212234469],[100.38771574828318,-3.1626680517896815],[100.3878674818988,-3.1633823724982517],[100.387510519395,-3.163378212234469]]]}},{"type":"Feature","properties":{"code":"1309102001","desa":"Sinaka","kecamatan":"Pagai Selatan","kecCode":"130910"},"geometry":{"type":"Polygon","coordinates":[[[100.3925198394191,-3.157865948160729],[100.39263190483858,-3.157251395541919],[100.39279664534892,-3.1579416836674565],[100.3925198394191,-3.157865948160729]]]}},{"type":"Feature","properties":{"code":"1309102001","desa":"Sinaka","kecamatan":"Pagai Selatan","kecCode":"130910"},"geometry":{"type":"Polygon","coordinates":[[[100.46510226825512,-3.3470811975407035],[100.40109389756537,-3.266596358523408],[100.39959922342547,-3.2500000015050836],[100.3830375442473,-3.232915677740986],[100.3860807915953,-3.2246053430956976],[100.37827457101469,-3.2216335981488378],[100.37635360383581,-3.208426374029034],[100.36538845521311,-3.199011807710037],[100.36583705143886,-3.184323928083977],[100.3484764613197,-3.156182744645508],[100.3517608816594,-3.1261704938133033],[100.36687702025836,-3.0999096767586507],[100.35347181307378,-3.0857043850332078],[100.35000459743428,-3.066931067019334],[100.362130995649,-3.0651228730283067],[100.36294750632243,-3.0556525532391765],[100.33559718486225,-3.035947793893417],[100.32334318543974,-3.0164620392506403],[100.38083958767692,-2.992635132090492],[100.40421584908222,-2.96683805854238],[100.41924722477965,-2.972966584846153],[100.42024823676678,-2.9749899443344123],[100.41809542976034,-2.9756498866361714],[100.4164728198648,-2.978309359989337],[100.41665372568895,-2.9797833919887156],[100.42773187862338,-2.989424367129129],[100.4263022056823,-2.998526702323877],[100.42980847887827,-3.0037797521065537],[100.43960536499566,-3.0110862904646845],[100.44896396111794,-3.007348193633063],[100.45854911175218,-3.0161071281007827],[100.45642698961393,-3.016069773860341],[100.45691406872936,-3.0197416518111546],[100.45411239007477,-3.0166671026633707],[100.45239819142347,-3.01760094248719],[100.45484726029287,-3.0295333964937687],[100.45047416295233,-3.0194934074504105],[100.44717270135912,-3.0232642027323005],[100.45401401593413,-3.0362183594272425],[100.45417247468002,-3.0383939669431412],[100.45299428096138,-3.0380403688034643],[100.45138015437067,-3.0440361174019412],[100.45839794920607,-3.0521808293020403],[100.46304802244833,-3.0512875084329147],[100.4649442196001,-3.0404460085093974],[100.46908541056331,-3.044463060650303],[100.46620779405453,-3.0579534731881775],[100.46911512326436,-3.0683370545141013],[100.46226649360386,-3.0741560728408466],[100.46345007516088,-3.1078524099206772],[100.45755401370684,-3.114397689254707],[100.46016187317196,-3.123655904838867],[100.47302609587767,-3.12803557891687],[100.47211776262468,-3.1426515982149064],[100.44010015939489,-3.1521808991410913],[100.42792830944397,-3.1431251146540187],[100.42385560185458,-3.15773435216449],[100.3933015319402,-3.1515708880985263],[100.38878748655331,-3.156225666588773],[100.3924352743685,-3.1614602748736313],[100.38475011782371,-3.158123452840558],[100.37779368373155,-3.165009394466012],[100.36135037422048,-3.165362900874815],[100.36732531700981,-3.1716169338652764],[100.39728534604194,-3.175163244874897],[100.41082401261815,-3.1939927786105584],[100.40390865955703,-3.199741399806229],[100.39310404081891,-3.1978844247888585],[100.39018617605124,-3.191144873906582],[100.37455063220595,-3.180049876682245],[100.39170087539514,-3.198313438276574],[100.38935058715991,-3.2001005035954777],[100.3972540370442,-3.226835531365834],[100.40580393760172,-3.2289032714977504],[100.41220204468868,-3.245544582027822],[100.42997937884529,-3.258836651786717],[100.4334703473787,-3.2805811526712416],[100.44638962208347,-3.285367133254621],[100.46483817604104,-3.313067388986936],[100.47254371122334,-3.336730302074443],[100.46510226825512,-3.3470811975407035]]]}},{"type":"Feature","properties":{"code":"1309102001","desa":"Sinaka","kecamatan":"Pagai Selatan","kecCode":"130910"},"geometry":{"type":"Polygon","coordinates":[[[100.4343717684424,-3.0025624306856264],[100.43407333201873,-3.0039651950102715],[100.43356376805347,-3.0037786324506097],[100.4343717684424,-3.0025624306856264]]]}},{"type":"Feature","properties":{"code":"1309102001","desa":"Sinaka","kecamatan":"Pagai Selatan","kecCode":"130910"},"geometry":{"type":"Polygon","coordinates":[[[100.43170340708662,-3.0024608603545664],[100.43195401036934,-3.0022637370561296],[100.4319732252842,-3.002422293828009],[100.43170340708662,-3.0024608603545664]]]}},{"type":"Feature","properties":{"code":"1309102001","desa":"Sinaka","kecamatan":"Pagai Selatan","kecCode":"130910"},"geometry":{"type":"Polygon","coordinates":[[[100.43276097833655,-3.0017047805261483],[100.43322361118078,-3.0008787954958445],[100.43334485328238,-3.0020460102897126],[100.43276097833655,-3.0017047805261483]]]}},{"type":"Feature","properties":{"code":"1309102001","desa":"Sinaka","kecamatan":"Pagai Selatan","kecCode":"130910"},"geometry":{"type":"Polygon","coordinates":[[[100.42828874692815,-2.999949735568717],[100.42877103985165,-2.9997751007173448],[100.42883199410129,-3.000118531122026],[100.42828874692815,-2.999949735568717]]]}},{"type":"Feature","properties":{"code":"1309102001","desa":"Sinaka","kecamatan":"Pagai Selatan","kecCode":"130910"},"geometry":{"type":"Polygon","coordinates":[[[100.43249836910451,-2.996035252006415],[100.43519498985694,-3.002809716369074],[100.4310441051014,-2.996353392575756],[100.43249836910451,-2.996035252006415]]]}},{"type":"Feature","properties":{"code":"1309102001","desa":"Sinaka","kecamatan":"Pagai Selatan","kecCode":"130910"},"geometry":{"type":"Polygon","coordinates":[[[100.42896233734206,-2.999215543440225],[100.42911564117395,-2.9994398424521633],[100.42892668461887,-2.9993365939861376],[100.42896233734206,-2.999215543440225]]]}},{"type":"Feature","properties":{"code":"1309102001","desa":"Sinaka","kecamatan":"Pagai Selatan","kecCode":"130910"},"geometry":{"type":"Polygon","coordinates":[[[100.42727518759989,-2.998872673313266],[100.42768094911655,-2.998953404553942],[100.42761193963935,-2.999280055407826],[100.42727518759989,-2.998872673313266]]]}},{"type":"Feature","properties":{"code":"1309102001","desa":"Sinaka","kecamatan":"Pagai Selatan","kecCode":"130910"},"geometry":{"type":"Polygon","coordinates":[[[100.42434648510225,-2.9817173597649846],[100.42568372842142,-2.98468223299211],[100.42287258620091,-2.9815728656919815],[100.42434648510225,-2.9817173597649846]]]}},{"type":"Feature","properties":{"code":"1309102001","desa":"Sinaka","kecamatan":"Pagai Selatan","kecCode":"130910"},"geometry":{"type":"Polygon","coordinates":[[[100.45581617997277,-3.284137516302673],[100.45562344356709,-3.28428742249575],[100.4568583836076,-3.2908119041082426],[100.45213285724559,-3.2852158861723795],[100.45428142844519,-3.2840518567771877],[100.45581617997277,-3.284137516302673]]]}},{"type":"Feature","properties":{"code":"1309102001","desa":"Sinaka","kecamatan":"Pagai Selatan","kecCode":"130910"},"geometry":{"type":"Polygon","coordinates":[[[100.44645963970065,-3.2089157868845795],[100.45755452991766,-3.207442108318828],[100.46293797510752,-3.221075327801556],[100.44645963970065,-3.2089157868845795]]]}},{"type":"Feature","properties":{"code":"1309102001","desa":"Sinaka","kecamatan":"Pagai Selatan","kecCode":"130910"},"geometry":{"type":"Polygon","coordinates":[[[100.43939609275553,-3.1563877487029828],[100.44005074704438,-3.156942376795994],[100.43871780338395,-3.157782626872603],[100.43939609275553,-3.1563877487029828]]]}},{"type":"Feature","properties":{"code":"1309102001","desa":"Sinaka","kecamatan":"Pagai Selatan","kecCode":"130910"},"geometry":{"type":"Polygon","coordinates":[[[100.45742083130637,-3.048200664653496],[100.45802832065054,-3.047594741029627],[100.45777962303121,-3.048356811242187],[100.45742083130637,-3.048200664653496]]]}},{"type":"Feature","properties":{"code":"1309102001","desa":"Sinaka","kecamatan":"Pagai Selatan","kecCode":"130910"},"geometry":{"type":"Polygon","coordinates":[[[100.45825837802181,-3.0472532567579225],[100.45844057797034,-3.046240229829376],[100.45892773442743,-3.046619366017161],[100.45825837802181,-3.0472532567579225]]]}},{"type":"Feature","properties":{"code":"1309102001","desa":"Sinaka","kecamatan":"Pagai Selatan","kecCode":"130910"},"geometry":{"type":"Polygon","coordinates":[[[100.45596295922324,-3.044973330582752],[100.45625953225168,-3.043301418955105],[100.45712367102067,-3.0430835204182074],[100.45596295922324,-3.044973330582752]]]}},{"type":"Feature","properties":{"code":"1309102001","desa":"Sinaka","kecamatan":"Pagai Selatan","kecCode":"130910"},"geometry":{"type":"Polygon","coordinates":[[[100.45159804931056,-3.0433506478439267],[100.45262059466478,-3.0434780080332904],[100.45164330589392,-3.043676736621493],[100.45159804931056,-3.0433506478439267]]]}},{"type":"Feature","properties":{"code":"1309102001","desa":"Sinaka","kecamatan":"Pagai Selatan","kecCode":"130910"},"geometry":{"type":"Polygon","coordinates":[[[100.45261427692742,-3.0419438203822953],[100.45299836298415,-3.041863912021324],[100.45266789630641,-3.0421390119369685],[100.45261427692742,-3.0419438203822953]]]}},{"type":"Feature","properties":{"code":"1309102001","desa":"Sinaka","kecamatan":"Pagai Selatan","kecCode":"130910"},"geometry":{"type":"Polygon","coordinates":[[[100.45495810803031,-3.0421359110745367],[100.45436981741317,-3.041138939742468],[100.45548497944831,-3.0418905796179367],[100.45495810803031,-3.0421359110745367]]]}},{"type":"Feature","properties":{"code":"1309102001","desa":"Sinaka","kecamatan":"Pagai Selatan","kecCode":"130910"},"geometry":{"type":"Polygon","coordinates":[[[100.45315424966896,-3.0403295067343916],[100.4532400189118,-3.039022647012032],[100.45367003604336,-3.0397730638094886],[100.45315424966896,-3.0403295067343916]]]}},{"type":"Feature","properties":{"code":"1309102001","desa":"Sinaka","kecamatan":"Pagai Selatan","kecCode":"130910"},"geometry":{"type":"Polygon","coordinates":[[[100.45721398183984,-3.037221292365189],[100.45768784721645,-3.0372399685860594],[100.4575260420932,-3.0375448756316024],[100.45721398183984,-3.037221292365189]]]}},{"type":"Feature","properties":{"code":"1309102001","desa":"Sinaka","kecamatan":"Pagai Selatan","kecCode":"130910"},"geometry":{"type":"Polygon","coordinates":[[[100.45683150736824,-3.036904243572712],[100.45625848184352,-3.0377504390673487],[100.45657865578039,-3.0361664586526813],[100.45699747635251,-3.0365242287473384],[100.45683150736824,-3.036904243572712]]]}},{"type":"Feature","properties":{"code":"1309102001","desa":"Sinaka","kecamatan":"Pagai Selatan","kecCode":"130910"},"geometry":{"type":"Polygon","coordinates":[[[100.45528511141879,-3.0360866761967555],[100.45591164930322,-3.035362722849809],[100.45560615589942,-3.036751411885094],[100.45528511141879,-3.0360866761967555]]]}},{"type":"Feature","properties":{"code":"1309102001","desa":"Sinaka","kecamatan":"Pagai Selatan","kecCode":"130910"},"geometry":{"type":"Polygon","coordinates":[[[100.45560353257702,-3.034792373708122],[100.45553779483345,-3.0335136115043624],[100.45558040830923,-3.033457770799969],[100.45592278291014,-3.0341096066128768],[100.45560353257702,-3.034792373708122]]]}},{"type":"Feature","properties":{"code":"1309102001","desa":"Sinaka","kecamatan":"Pagai Selatan","kecCode":"130910"},"geometry":{"type":"Polygon","coordinates":[[[100.45401330726838,-3.031520153574869],[100.45376418516906,-3.033565362092158],[100.45476141460767,-3.035516617536146],[100.4528569158141,-3.0334485698361098],[100.45401330726838,-3.031520153574869]]]}},{"type":"Feature","properties":{"code":"1309102001","desa":"Sinaka","kecamatan":"Pagai Selatan","kecCode":"130910"},"geometry":{"type":"Polygon","coordinates":[[[100.4511024284344,-3.027028781000893],[100.4513528086852,-3.0259169536531743],[100.4512411848329,-3.0270479023862364],[100.4511024284344,-3.027028781000893]]]}},{"type":"Feature","properties":{"code":"1309102001","desa":"Sinaka","kecamatan":"Pagai Selatan","kecCode":"130910"},"geometry":{"type":"Polygon","coordinates":[[[100.45181164189381,-3.024268419002827],[100.45113208807544,-3.0252563665374814],[100.4512927726434,-3.024108193988612],[100.45181164189381,-3.024268419002827]]]}},{"type":"Feature","properties":{"code":"1309102001","desa":"Sinaka","kecamatan":"Pagai Selatan","kecCode":"130910"},"geometry":{"type":"Polygon","coordinates":[[[100.45657836979598,-3.0242045527484662],[100.45688720867781,-3.0242699775279065],[100.45657382462234,-3.0243044962059593],[100.45657836979598,-3.0242045527484662]]]}},{"type":"Feature","properties":{"code":"1309102001","desa":"Sinaka","kecamatan":"Pagai Selatan","kecCode":"130910"},"geometry":{"type":"Polygon","coordinates":[[[100.45710811184995,-3.0232914656801615],[100.45735738863266,-3.023419284523727],[100.4570650424178,-3.023443194798956],[100.45710811184995,-3.0232914656801615]]]}},{"type":"Feature","properties":{"code":"1309102001","desa":"Sinaka","kecamatan":"Pagai Selatan","kecCode":"130910"},"geometry":{"type":"Polygon","coordinates":[[[100.44873290729788,-3.0230469013451824],[100.44908387761892,-3.022434190537883],[100.44910767278094,-3.0230825936385757],[100.44873290729788,-3.0230469013451824]]]}},{"type":"Feature","properties":{"code":"1309102001","desa":"Sinaka","kecamatan":"Pagai Selatan","kecCode":"130910"},"geometry":{"type":"Polygon","coordinates":[[[100.4484830639423,-3.0221427067732476],[100.44912551892763,-3.0217084547345974],[100.44887142177872,-3.022303676426142],[100.4484830639423,-3.0221427067732476]]]}},{"type":"Feature","properties":{"code":"1309102001","desa":"Sinaka","kecamatan":"Pagai Selatan","kecCode":"130910"},"geometry":{"type":"Polygon","coordinates":[[[100.4576013908915,-3.020470207888367],[100.45763916961202,-3.0198587732190583],[100.45782461611321,-3.0203558608889995],[100.4576013908915,-3.020470207888367]]]}},{"type":"Feature","properties":{"code":"1309102001","desa":"Sinaka","kecamatan":"Pagai Selatan","kecCode":"130910"},"geometry":{"type":"Polygon","coordinates":[[[100.43815174490713,-3.0040094875203422],[100.4377718137183,-3.0041303510071895],[100.43688072586485,-3.0028457027406934],[100.43815174490713,-3.0040094875203422]]]}},{"type":"Feature","properties":{"code":"1309102001","desa":"Sinaka","kecamatan":"Pagai Selatan","kecCode":"130910"},"geometry":{"type":"Polygon","coordinates":[[[100.48661535741284,-3.216537001623665],[100.48854374579729,-3.227019985015295],[100.487066102119,-3.2285910601586387],[100.47681105728452,-3.2097750702129773],[100.48661535741284,-3.216537001623665]]]}},{"type":"Feature","properties":{"code":"1309102001","desa":"Sinaka","kecamatan":"Pagai Selatan","kecCode":"130910"},"geometry":{"type":"Polygon","coordinates":[[[100.48199586291877,-3.2050221298221997],[100.48333744816478,-3.2023774584106035],[100.48344565189535,-3.205143823383368],[100.48199586291877,-3.2050221298221997]]]}},{"type":"Feature","properties":{"code":"1309102001","desa":"Sinaka","kecamatan":"Pagai Selatan","kecCode":"130910"},"geometry":{"type":"Polygon","coordinates":[[[100.48313817728511,-3.1915423886396654],[100.48541396118543,-3.1944019836308923],[100.4838096228159,-3.194514705555316],[100.48313817728511,-3.1915423886396654]]]}},{"type":"Feature","properties":{"code":"1309102001","desa":"Sinaka","kecamatan":"Pagai Selatan","kecCode":"130910"},"geometry":{"type":"Polygon","coordinates":[[[100.47367207440675,-3.1281238599661023],[100.47634168312226,-3.1318113177720184],[100.47529947858811,-3.132525155544632],[100.47367207440675,-3.1281238599661023]]]}},{"type":"Feature","properties":{"code":"1309102001","desa":"Sinaka","kecamatan":"Pagai Selatan","kecCode":"130910"},"geometry":{"type":"Polygon","coordinates":[[[100.46775489956899,-3.081550062174018],[100.47192926742179,-3.0868564498479025],[100.47121357794434,-3.0894725542947534],[100.46501608442479,-3.086277942955939],[100.46775489956899,-3.081550062174018]]]}},{"type":"Feature","properties":{"code":"1309102001","desa":"Sinaka","kecamatan":"Pagai Selatan","kecCode":"130910"},"geometry":{"type":"Polygon","coordinates":[[[100.46652272584316,-3.0582044218102875],[100.4669602343274,-3.058169489444107],[100.46663417702568,-3.0585432863568456],[100.46652272584316,-3.0582044218102875]]]}},{"type":"Feature","properties":{"code":"1309102001","desa":"Sinaka","kecamatan":"Pagai Selatan","kecCode":"130910"},"geometry":{"type":"Polygon","coordinates":[[[100.46122841965591,-3.0512080632228344],[100.46122694476774,-3.050115889659002],[100.46152799641993,-3.0501905819521227],[100.46122841965591,-3.0512080632228344]]]}},{"type":"Feature","properties":{"code":"1309102001","desa":"Sinaka","kecamatan":"Pagai Selatan","kecCode":"130910"},"geometry":{"type":"Polygon","coordinates":[[[100.45829836637652,-3.038893482782574],[100.46127384800972,-3.040575978531369],[100.46307813624708,-3.047441950710749],[100.45950025723111,-3.050161158832771],[100.45829836637652,-3.038893482782574]]]}},{"type":"Feature","properties":{"code":"1309102001","desa":"Sinaka","kecamatan":"Pagai Selatan","kecCode":"130910"},"geometry":{"type":"Polygon","coordinates":[[[100.46368429369527,-3.0411069778369613],[100.46324805865106,-3.0420817305185905],[100.46263692705257,-3.041569735686456],[100.46368429369527,-3.0411069778369613]]]}},{"type":"Feature","properties":{"code":"1309102001","desa":"Sinaka","kecamatan":"Pagai Selatan","kecCode":"130910"},"geometry":{"type":"Polygon","coordinates":[[[100.46747784362765,-3.041651102747818],[100.46808986195765,-3.041240433631174],[100.46829501530279,-3.041426831614892],[100.46747784362765,-3.041651102747818]]]}},{"type":"Feature","properties":{"code":"1309102001","desa":"Sinaka","kecamatan":"Pagai Selatan","kecCode":"130910"},"geometry":{"type":"Polygon","coordinates":[[[100.46275829505929,-3.039284304761031],[100.46303801838991,-3.039015838244801],[100.46316355205634,-3.039301723729724],[100.46275829505929,-3.039284304761031]]]}},{"type":"Feature","properties":{"code":"1309102001","desa":"Sinaka","kecamatan":"Pagai Selatan","kecCode":"130910"},"geometry":{"type":"Polygon","coordinates":[[[100.45888423422006,-3.0380794677287235],[100.45857962484985,-3.036946941584805],[100.45938478607904,-3.0373106166279547],[100.45888423422006,-3.0380794677287235]]]}},{"type":"Feature","properties":{"code":"1309102001","desa":"Sinaka","kecamatan":"Pagai Selatan","kecCode":"130910"},"geometry":{"type":"Polygon","coordinates":[[[100.45983050897087,-3.0339303483469022],[100.46391311270003,-3.0303720988371134],[100.46379381763062,-3.0346839235633514],[100.45983050897087,-3.0339303483469022]]]}},{"type":"Feature","properties":{"code":"1309102001","desa":"Sinaka","kecamatan":"Pagai Selatan","kecCode":"130910"},"geometry":{"type":"Polygon","coordinates":[[[100.45970275577763,-3.028709304536455],[100.46001173855097,-3.0296112256222663],[100.4596908721361,-3.0294272818883754],[100.45970275577763,-3.028709304536455]]]}},{"type":"Feature","properties":{"code":"1309102001","desa":"Sinaka","kecamatan":"Pagai Selatan","kecCode":"130910"},"geometry":{"type":"Polygon","coordinates":[[[100.45965522031223,-3.028347349896321],[100.45998797126792,-3.028572829718137],[100.4597205821392,-3.0286321669866503],[100.45965522031223,-3.028347349896321]]]}},{"type":"Feature","properties":{"code":"1309102001","desa":"Sinaka","kecamatan":"Pagai Selatan","kecCode":"130910"},"geometry":{"type":"Polygon","coordinates":[[[100.45809764219251,-3.0260752334338012],[100.45853890444691,-3.025666946621218],[100.45846492801405,-3.026205624338465],[100.45809764219251,-3.0260752334338012]]]}},{"type":"Feature","properties":{"code":"1309102001","desa":"Sinaka","kecamatan":"Pagai Selatan","kecCode":"130910"},"geometry":{"type":"Polygon","coordinates":[[[100.45928007711393,-3.0251720640889572],[100.45953470486278,-3.0249283415195],[100.45961799917137,-3.0251210500459504],[100.45928007711393,-3.0251720640889572]]]}},{"type":"Feature","properties":{"code":"1309102001","desa":"Sinaka","kecamatan":"Pagai Selatan","kecCode":"130910"},"geometry":{"type":"Polygon","coordinates":[[[100.45863480185464,-3.0245204018452796],[100.45892461827655,-3.0243530559990925],[100.45897891124781,-3.0247233392606927],[100.45863480185464,-3.0245204018452796]]]}},{"type":"Feature","properties":{"code":"1309102001","desa":"Sinaka","kecamatan":"Pagai Selatan","kecCode":"130910"},"geometry":{"type":"Polygon","coordinates":[[[100.45832552410371,-3.018303478479694],[100.46876977190747,-3.020397959952528],[100.46886257115078,-3.02787898477389],[100.4603629112194,-3.0283906657426396],[100.45832552410371,-3.018303478479694]]]}},{"type":"Feature","properties":{"code":"1309102001","desa":"Sinaka","kecamatan":"Pagai Selatan","kecCode":"130910"},"geometry":{"type":"Polygon","coordinates":[[[100.45886979920192,-3.02358890205739],[100.45908271009903,-3.0236332916942357],[100.45889567269722,-3.023697033842142],[100.45886979920192,-3.02358890205739]]]}},{"type":"Feature","properties":{"code":"1309102001","desa":"Sinaka","kecamatan":"Pagai Selatan","kecCode":"130910"},"geometry":{"type":"Polygon","coordinates":[[[100.45811491277306,-3.0223024884217167],[100.45825768284583,-3.022369312546286],[100.45852129302328,-3.022720502301484],[100.45811491277306,-3.0223024884217167]]]}},{"type":"Feature","properties":{"code":"1309102001","desa":"Sinaka","kecamatan":"Pagai Selatan","kecCode":"130910"},"geometry":{"type":"Polygon","coordinates":[[[100.46133826105199,-3.018054907665061],[100.4604547131146,-3.0176281325899215],[100.46030621975632,-3.0167782759552613],[100.46133826105199,-3.018054907665061]]]}},{"type":"Feature","properties":{"code":"1309102001","desa":"Sinaka","kecamatan":"Pagai Selatan","kecCode":"130910"},"geometry":{"type":"Polygon","coordinates":[[[100.45873208331903,-3.0159162317082644],[100.45970627032818,-3.016783787900095],[100.45964536733986,-3.017593952056939],[100.45873201586987,-3.0167427743182347],[100.45873208331903,-3.0159162317082644]]]}},{"type":"Feature","properties":{"code":"1309102001","desa":"Sinaka","kecamatan":"Pagai Selatan","kecCode":"130910"},"geometry":{"type":"Polygon","coordinates":[[[100.77970600043164,-3.566030996099826],[100.7855969996019,-3.5699839958267545],[100.78125399987226,-3.5730199964344],[100.77970600043164,-3.566030996099826]]]}},{"type":"Feature","properties":{"code":"1309102001","desa":"Sinaka","kecamatan":"Pagai Selatan","kecCode":"130910"},"geometry":{"type":"Polygon","coordinates":[[[100.6753999369576,-3.480018546976886],[100.6759472886365,-3.488770578248724],[100.66595365963376,-3.4916028158633603],[100.6353867429039,-3.481032660286438],[100.6382863946015,-3.466372273834525],[100.6753999369576,-3.480018546976886]]]}},{"type":"Feature","properties":{"code":"1309102001","desa":"Sinaka","kecamatan":"Pagai Selatan","kecCode":"130910"},"geometry":{"type":"Polygon","coordinates":[[[100.68062373179987,-3.4555791916111547],[100.68021906925468,-3.452617716921998],[100.6819734100449,-3.4554092952876814],[100.68062373179987,-3.4555791916111547]]]}},{"type":"Feature","properties":{"code":"1309102001","desa":"Sinaka","kecamatan":"Pagai Selatan","kecCode":"130910"},"geometry":{"type":"Polygon","coordinates":[[[100.56705439944102,-3.2754536293601837],[100.56555393816375,-3.2627452843597813],[100.56841288114957,-3.257724173329768],[100.57195914180103,-3.2721299814957296],[100.56705439944102,-3.2754536293601837]]]}},{"type":"Feature","properties":{"code":"1309102001","desa":"Sinaka","kecamatan":"Pagai Selatan","kecCode":"130910"},"geometry":{"type":"Polygon","coordinates":[[[100.51910151822057,-3.2463085956753597],[100.51823580743661,-3.240867044394585],[100.52282396415465,-3.2350160200956024],[100.52490710697747,-3.244098017122373],[100.51910151822057,-3.2463085956753597]]]}},{"type":"Feature","properties":{"code":"1309102001","desa":"Sinaka","kecamatan":"Pagai Selatan","kecCode":"130910"},"geometry":{"type":"Polygon","coordinates":[[[100.49134928614068,-3.230061780854207],[100.49046087556898,-3.230307277786129],[100.49050462578793,-3.2297659317803475],[100.49134928614068,-3.230061780854207]]]}},{"type":"Feature","properties":{"code":"1309102001","desa":"Sinaka","kecamatan":"Pagai Selatan","kecCode":"130910"},"geometry":{"type":"Polygon","coordinates":[[[100.5014655898651,-3.2095645515126927],[100.50144063367838,-3.2093153790516293],[100.50170802280705,-3.209813723074445],[100.5014655898651,-3.2095645515126927]]]}},{"type":"Feature","properties":{"code":"1309102001","desa":"Sinaka","kecamatan":"Pagai Selatan","kecCode":"130910"},"geometry":{"type":"Polygon","coordinates":[[[100.51102514039798,-3.206808793144111],[100.51099366232773,-3.2076042650767156],[100.51064866170647,-3.207319265424033],[100.51102514039798,-3.206808793144111]]]}},{"type":"Feature","properties":{"code":"1309102001","desa":"Sinaka","kecamatan":"Pagai Selatan","kecCode":"130910"},"geometry":{"type":"Polygon","coordinates":[[[100.50144576341131,-3.1996390605547935],[100.50014680872829,-3.20289262515161],[100.50006828712178,-3.2064832322685124],[100.49938054137895,-3.201542773338822],[100.50144576341131,-3.1996390605547935]]]}},{"type":"Feature","properties":{"code":"1309102001","desa":"Sinaka","kecamatan":"Pagai Selatan","kecCode":"130910"},"geometry":{"type":"Polygon","coordinates":[[[100.52557426993667,-3.2009129322452177],[100.53072014032226,-3.2026830957055594],[100.52471126970937,-3.2014449324962726],[100.52557426993667,-3.2009129322452177]]]}},{"type":"Feature","properties":{"code":"1309102001","desa":"Sinaka","kecamatan":"Pagai Selatan","kecCode":"130910"},"geometry":{"type":"Polygon","coordinates":[[[100.53168035366542,-3.2009434714232388],[100.53327737425151,-3.2019779876520627],[100.53154671530869,-3.2011155324148852],[100.53168035366542,-3.2009434714232388]]]}},{"type":"Feature","properties":{"code":"1309102001","desa":"Sinaka","kecamatan":"Pagai Selatan","kecCode":"130910"},"geometry":{"type":"Polygon","coordinates":[[[100.53456767925508,-3.2008765825474987],[100.53362884369623,-3.2015469794680653],[100.53374174188792,-3.200514685463979],[100.53456767925508,-3.2008765825474987]]]}},{"type":"Feature","properties":{"code":"1309102001","desa":"Sinaka","kecamatan":"Pagai Selatan","kecCode":"130910"},"geometry":{"type":"Polygon","coordinates":[[[100.53470434472979,-3.2008765825474987],[100.53532825389586,-3.2004612918148805],[100.53542926844601,-3.201280007625054],[100.53470434472979,-3.2008765825474987]]]}},{"type":"Feature","properties":{"code":"1309102001","desa":"Sinaka","kecamatan":"Pagai Selatan","kecCode":"130910"},"geometry":{"type":"Polygon","coordinates":[[[100.53575013576021,-3.20005193390976],[100.53484695292462,-3.2001171932139876],[100.53483506928308,-3.199879884609287],[100.53575013576021,-3.20005193390976]]]}},{"type":"Feature","properties":{"code":"1309102001","desa":"Sinaka","kecamatan":"Pagai Selatan","kecCode":"130910"},"geometry":{"type":"Polygon","coordinates":[[[100.49478132120105,-3.198830781376888],[100.49477025594263,-3.1973827164022492],[100.495464280752,-3.1979142894752948],[100.49478132120105,-3.198830781376888]]]}},{"type":"Feature","properties":{"code":"1309102001","desa":"Sinaka","kecamatan":"Pagai Selatan","kecCode":"130910"},"geometry":{"type":"Polygon","coordinates":[[[100.4977221393653,-3.1956654096957857],[100.49819756506565,-3.197197793306698],[100.4963769379454,-3.196310254179079],[100.4977221393653,-3.1956654096957857]]]}},{"type":"Feature","properties":{"code":"1309102001","desa":"Sinaka","kecamatan":"Pagai Selatan","kecCode":"130910"},"geometry":{"type":"Polygon","coordinates":[[[100.50038421805725,-3.1958024106174587],[100.50049251801532,-3.195523640568582],[100.50048701506375,-3.1957662200997956],[100.50038421805725,-3.1958024106174587]]]}},{"type":"Feature","properties":{"code":"1309102001","desa":"Sinaka","kecamatan":"Pagai Selatan","kecCode":"130910"},"geometry":{"type":"Polygon","coordinates":[[[100.49593960842623,-3.194929109556402],[100.49526891382936,-3.1950693543327926],[100.49454793813692,-3.194972986579648],[100.49539026744696,-3.1947231423250946],[100.49587567742066,-3.194730281143438],[100.49593960842623,-3.194929109556402]]]}},{"type":"Feature","properties":{"code":"1309102001","desa":"Sinaka","kecamatan":"Pagai Selatan","kecCode":"130910"},"geometry":{"type":"Polygon","coordinates":[[[100.53087215002978,-3.1945046799132024],[100.53054771690368,-3.19453315604643],[100.53014444201246,-3.1939376285854753],[100.53087215002978,-3.1945046799132024]]]}},{"type":"Feature","properties":{"code":"1309102001","desa":"Sinaka","kecamatan":"Pagai Selatan","kecCode":"130910"},"geometry":{"type":"Polygon","coordinates":[[[100.49591235357228,-3.1427932189539542],[100.50285565216664,-3.155084057292162],[100.49857695036604,-3.1635559344584117],[100.50992662391461,-3.1712705428924752],[100.50764489819359,-3.179351112446376],[100.51805527033451,-3.1839929613836007],[100.52077194956586,-3.1915110040988823],[100.52997728592304,-3.194429926466146],[100.53066893382429,-3.196715223392584],[100.53265474841793,-3.196946600069071],[100.53421630423911,-3.198459449505803],[100.5342412604259,-3.1993920752449427],[100.51451038204857,-3.1964715251048212],[100.50987338225086,-3.203647559243709],[100.49185134436414,-3.18549369965037],[100.4851577281467,-3.156771575754564],[100.48896564924534,-3.1428383019680797],[100.49591235357228,-3.1427932189539542]]]}},{"type":"Feature","properties":{"code":"1309102001","desa":"Sinaka","kecamatan":"Pagai Selatan","kecCode":"130910"},"geometry":{"type":"Polygon","coordinates":[[[100.50653587493076,-3.167867612595197],[100.50699460831459,-3.1663161561623046],[100.50693834942534,-3.1678727675091145],[100.50653587493076,-3.167867612595197]]]}},{"type":"Feature","properties":{"code":"1309102001","desa":"Sinaka","kecamatan":"Pagai Selatan","kecCode":"130910"},"geometry":{"type":"Polygon","coordinates":[[[100.50543520726904,-3.163710349852207],[100.50343855944203,-3.1646959528542693],[100.50282623804056,-3.1636639385394174],[100.50543520726904,-3.163710349852207]]]}},{"type":"Feature","properties":{"code":"1309102002","desa":"Bulasat","kecamatan":"Pagai Selatan","kecCode":"130910"},"geometry":{"type":"Polygon","coordinates":[[[100.34111218198164,-3.2843318193270936],[100.34966457635915,-3.291169379225216],[100.34733840704189,-3.2974799723777886],[100.3303604847486,-3.286772928294492],[100.34111218198164,-3.2843318193270936]]]}},{"type":"Feature","properties":{"code":"1309102002","desa":"Bulasat","kecamatan":"Pagai Selatan","kecCode":"130910"},"geometry":{"type":"Polygon","coordinates":[[[100.30094954128832,-3.2087055190952323],[100.3022479177073,-3.2150188623745426],[100.29989442608695,-3.216847096858038],[100.29420710357503,-3.2109336856894246],[100.30094954128832,-3.2087055190952323]]]}},{"type":"Feature","properties":{"code":"1309102002","desa":"Bulasat","kecamatan":"Pagai Selatan","kecCode":"130910"},"geometry":{"type":"Polygon","coordinates":[[[100.29583224236416,-3.123234461844172],[100.3124491480098,-3.1287669975361636],[100.3090357531975,-3.140938799809823],[100.29583224236416,-3.123234461844172]]]}},{"type":"Feature","properties":{"code":"1309102002","desa":"Bulasat","kecamatan":"Pagai Selatan","kecCode":"130910"},"geometry":{"type":"Polygon","coordinates":[[[100.24681778791063,-3.126934762868276],[100.24262612789356,-3.1261924651501736],[100.23931905992673,-3.1215573404439416],[100.24164498912499,-3.122046953848322],[100.24681778791063,-3.126934762868276]]]}},{"type":"Feature","properties":{"code":"1309102002","desa":"Bulasat","kecamatan":"Pagai Selatan","kecCode":"130910"},"geometry":{"type":"Polygon","coordinates":[[[100.23179513024115,-3.1172389119958615],[100.23571601967863,-3.119279925175922],[100.2302856919312,-3.1175757009072305],[100.23179513024115,-3.1172389119958615]]]}},{"type":"Feature","properties":{"code":"1309102002","desa":"Bulasat","kecamatan":"Pagai Selatan","kecCode":"130910"},"geometry":{"type":"Polygon","coordinates":[[[100.2440321477655,-3.06615440440724],[100.24452240418566,-3.0699392749785015],[100.2436775279956,-3.0699183927206315],[100.2440321477655,-3.06615440440724]]]}},{"type":"Feature","properties":{"code":"1309102002","desa":"Bulasat","kecamatan":"Pagai Selatan","kecCode":"130910"},"geometry":{"type":"Polygon","coordinates":[[[100.27376211043308,-3.0016450232742065],[100.27156150356058,-2.9924340967411687],[100.27172595358996,-2.9905433422885093],[100.27530249531395,-2.9957082989802917],[100.27376211043308,-3.0016450232742065]]]}},{"type":"Feature","properties":{"code":"1309102002","desa":"Bulasat","kecamatan":"Pagai Selatan","kecCode":"130910"},"geometry":{"type":"Polygon","coordinates":[[[100.3565678614177,-3.228727881215901],[100.3554382706597,-3.2285637927142052],[100.35561586068349,-3.228256881079872],[100.3565678614177,-3.228727881215901]]]}},{"type":"Feature","properties":{"code":"1309102002","desa":"Bulasat","kecamatan":"Pagai Selatan","kecCode":"130910"},"geometry":{"type":"Polygon","coordinates":[[[100.35934171864545,-3.228437926298713],[100.35980875726841,-3.2272097014973027],[100.36084430681937,-3.227608716299603],[100.35934171864545,-3.228437926298713]]]}},{"type":"Feature","properties":{"code":"1309102002","desa":"Bulasat","kecamatan":"Pagai Selatan","kecCode":"130910"},"geometry":{"type":"Polygon","coordinates":[[[100.3574253955656,-3.223814038621436],[100.35849972298388,-3.223449980467114],[100.35863178303042,-3.2237497937524826],[100.3574253955656,-3.223814038621436]]]}},{"type":"Feature","properties":{"code":"1309102002","desa":"Bulasat","kecamatan":"Pagai Selatan","kecCode":"130910"},"geometry":{"type":"Polygon","coordinates":[[[100.35575501458231,-3.2235606258569347],[100.35680435703551,-3.222479160520764],[100.35715576442702,-3.2238733956750973],[100.35575501458231,-3.2235606258569347]]]}},{"type":"Feature","properties":{"code":"1309102002","desa":"Bulasat","kecamatan":"Pagai Selatan","kecCode":"130910"},"geometry":{"type":"Polygon","coordinates":[[[100.34855214556511,-3.224005308232646],[100.35303994783538,-3.221102648306018],[100.3533794212234,-3.224546360160074],[100.34855214556511,-3.224005308232646]]]}},{"type":"Feature","properties":{"code":"1309102002","desa":"Bulasat","kecamatan":"Pagai Selatan","kecCode":"130910"},"geometry":{"type":"Polygon","coordinates":[[[100.3522481793101,-3.217829272543831],[100.3560964673781,-3.2206059302573844],[100.35513252544575,-3.2244272890219885],[100.3522481793101,-3.217829272543831]]]}},{"type":"Feature","properties":{"code":"1309102002","desa":"Bulasat","kecamatan":"Pagai Selatan","kecCode":"130910"},"geometry":{"type":"Polygon","coordinates":[[[100.32527007555358,-3.0200253240645374],[100.33559718486225,-3.035947793893417],[100.36294750632243,-3.0556525532391765],[100.362130995649,-3.0651228730283067],[100.35000459743428,-3.066931067019334],[100.35347181307378,-3.0857043850332078],[100.36687702025836,-3.0999096767586507],[100.3517608816594,-3.1261704938133033],[100.3484764613197,-3.156182744645508],[100.36583705143886,-3.184323928083977],[100.36538845521311,-3.199011807710037],[100.37635360383581,-3.208426374029034],[100.37827457101469,-3.2216335981488378],[100.3860807915953,-3.2246053430956976],[100.3830375442473,-3.232915677740986],[100.39959922342547,-3.2500000015050836],[100.40109389756537,-3.266596358523408],[100.42972165023407,-3.302706694507638],[100.44418482886681,-3.312100136651157],[100.44466520983161,-3.323190543735802],[100.46070205185828,-3.3356979397218613],[100.46510226825512,-3.3470811975407035],[100.43983060110139,-3.34528049220439],[100.42027416691934,-3.324186023092692],[100.4169082877873,-3.308980607011959],[100.38032114200716,-3.287828884360887],[100.37797380804489,-3.265806133235593],[100.38247781340044,-3.2618350049748774],[100.37547681070627,-3.252268537766515],[100.35739487976997,-3.2440176474091267],[100.34333065208796,-3.248992185248397],[100.33474871857857,-3.243918757057734],[100.33695554786031,-3.232534608010767],[100.32693057298764,-3.23034726883882],[100.32615470717406,-3.2075857336466607],[100.34798812135477,-3.2292006620095868],[100.3569182381862,-3.232520010215373],[100.36973982133577,-3.22768518385443],[100.35730895134706,-3.2212773092376548],[100.34009770534487,-3.2010130052051022],[100.34246499526334,-3.1922206726145204],[100.32980304537432,-3.1830581368020856],[100.32526675705526,-3.1718977570663816],[100.34096624359734,-3.1633181213341013],[100.33390571477695,-3.148254463588733],[100.34056631058684,-3.1419020240821163],[100.33246246567028,-3.1415203572021633],[100.33188686808457,-3.131421899635345],[100.32279186055598,-3.1273538901086537],[100.32453228973344,-3.1202925635973426],[100.30860503639337,-3.1147643302620573],[100.31356113363944,-3.1059805484254235],[100.30302893663615,-3.089349127739939],[100.27776040182113,-3.07665137225668],[100.26868259112878,-3.080399429979308],[100.26810569492193,-3.091074197394397],[100.24762783785452,-3.0806777386760493],[100.24842086632998,-3.0735287723320206],[100.26329193337607,-3.0683259685712483],[100.26018985237981,-3.06055733876127],[100.24879968325881,-3.062556001966874],[100.25730956308591,-3.051502863687132],[100.2829862354265,-3.0432041770610545],[100.3027810043399,-3.018883037578402],[100.32527007555358,-3.0200253240645374]]]}},{"type":"Feature","properties":{"code":"1309102003","desa":"Malakopa","kecamatan":"Pagai Selatan","kecCode":"130910"},"geometry":{"type":"Polygon","coordinates":[[[100.17320606161053,-3.054907305744797],[100.197617406718,-3.0635691889747623],[100.19093036634335,-3.0770817958813907],[100.18152516105738,-3.0752489163995698],[100.17181316464587,-3.062455482943248],[100.17320606161053,-3.054907305744797]]]}},{"type":"Feature","properties":{"code":"1309102003","desa":"Malakopa","kecamatan":"Pagai Selatan","kecCode":"130910"},"geometry":{"type":"Polygon","coordinates":[[[100.21172543857817,-3.0489921013280354],[100.21079243872016,-3.048232102254186],[100.21172443943139,-3.047957103062626],[100.21172543857817,-3.0489921013280354]]]}},{"type":"Feature","properties":{"code":"1309102003","desa":"Malakopa","kecamatan":"Pagai Selatan","kecCode":"130910"},"geometry":{"type":"Polygon","coordinates":[[[100.15395669824306,-3.027534424820821],[100.15376634144353,-3.0270966033729523],[100.15411079437776,-3.027329239999593],[100.15395669824306,-3.027534424820821]]]}},{"type":"Feature","properties":{"code":"1309102003","desa":"Malakopa","kecamatan":"Pagai Selatan","kecCode":"130910"},"geometry":{"type":"Polygon","coordinates":[[[100.15359264008833,-3.0270394964230727],[100.15310960972079,-3.027037117716305],[100.15363309069465,-3.0267039926429757],[100.15359264008833,-3.0270394964230727]]]}},{"type":"Feature","properties":{"code":"1309102003","desa":"Malakopa","kecamatan":"Pagai Selatan","kecCode":"130910"},"geometry":{"type":"Polygon","coordinates":[[[100.15681867913878,-3.011691274296965],[100.1577803098135,-3.020881451671837],[100.15235021768848,-3.026745665427909],[100.14570364230929,-3.009296040646472],[100.15681867913878,-3.011691274296965]]]}},{"type":"Feature","properties":{"code":"1309102003","desa":"Malakopa","kecamatan":"Pagai Selatan","kecCode":"130910"},"geometry":{"type":"Polygon","coordinates":[[[100.16830141637733,-3.0121483844040284],[100.16265743579207,-3.011370140783876],[100.16047389895135,-3.0071201480455043],[100.16716476324329,-3.007720453604494],[100.16830141637733,-3.0121483844040284]]]}},{"type":"Feature","properties":{"code":"1309102003","desa":"Malakopa","kecamatan":"Pagai Selatan","kecCode":"130910"},"geometry":{"type":"Polygon","coordinates":[[[100.20076795038067,-2.8945010754556857],[100.23058331536777,-2.8795995663745257],[100.2438041750227,-2.8938897307185623],[100.25637827463771,-2.923943641745095],[100.26676871060755,-2.931213110947868],[100.27155500685812,-2.9663855754472714],[100.28402622942701,-2.992524410258247],[100.30147591538126,-3.0073095929322564],[100.30097271771682,-3.0197996805661225],[100.28251516784076,-3.043494201225978],[100.26860667305958,-3.0439838488046544],[100.26017244240433,-3.051949967937092],[100.24773539767051,-3.0434977166759025],[100.2330145416878,-3.0577622305566705],[100.23175108414527,-3.0371977553086382],[100.21994541564845,-3.0305132672171653],[100.22352297720369,-3.022897649858648],[100.21356476799967,-3.021468937395054],[100.20231784199488,-2.9964176176596227],[100.18867131792705,-2.990851449121794],[100.19181661674355,-2.971221792160072],[100.18080126886353,-2.9634613380867667],[100.18314098736674,-2.9555013667198455],[100.19354002804992,-2.95406927100672],[100.192185345977,-2.944075811986631],[100.20248466083846,-2.9384972957571955],[100.20103138069372,-2.9212951140405634],[100.19125400986474,-2.905811283143295],[100.20076795038067,-2.8945010754556857]],[[100.27530249531395,-2.9957082989802917],[100.27172595358996,-2.9905433422885093],[100.27376211043308,-3.0016450232742065],[100.27530249531395,-2.9957082989802917]]]}},{"type":"Feature","properties":{"code":"1309102004","desa":"Makalo","kecamatan":"Pagai Selatan","kecCode":"130910"},"geometry":{"type":"Polygon","coordinates":[[[100.25808349805504,-2.8272300094220393],[100.27120858171071,-2.835235321009224],[100.2684014090978,-2.8437039525221257],[100.27648869209952,-2.8417433225451267],[100.27628716661951,-2.8495624322008117],[100.28511599640615,-2.844509877274818],[100.28501306090408,-2.854381840584559],[100.29489920563388,-2.8591083292159762],[100.29661983713582,-2.8547901777591322],[100.29030880780526,-2.853395931812954],[100.29563852389883,-2.8519710576558523],[100.31034448980643,-2.8749566850156687],[100.3547440947642,-2.901082097445083],[100.40510234319862,-2.9683758048106825],[100.39602086327226,-2.980303029259607],[100.35405400898536,-3.0053998528918195],[100.30097271771682,-3.0197996805661225],[100.30137158143339,-3.007058826872504],[100.28402622942701,-2.992524410258247],[100.27155500685812,-2.9663855754472714],[100.26676871060755,-2.931213110947868],[100.25357591339775,-2.9197352201682705],[100.2438041750227,-2.8938897307185623],[100.2307414503577,-2.883589991388295],[100.26103426991568,-2.881123619565374],[100.24035498359568,-2.8648027482719707],[100.25808349805504,-2.8272300094220393]]]}},{"type":"Feature","properties":{"code":"1309102004","desa":"Makalo","kecamatan":"Pagai Selatan","kecCode":"130910"},"geometry":{"type":"Polygon","coordinates":[[[100.29435470840313,-2.8585577031060225],[100.29410421034112,-2.8585512936378277],[100.29432178602167,-2.8583830952344185],[100.29435470840313,-2.8585577031060225]]]}},{"type":"Feature","properties":{"code":"1309102004","desa":"Makalo","kecamatan":"Pagai Selatan","kecCode":"130910"},"geometry":{"type":"Polygon","coordinates":[[[100.29383961360735,-2.8556987808077445],[100.2926255342411,-2.857576575130447],[100.29194071039552,-2.8563613500292093],[100.29383961360735,-2.8556987808077445]]]}},{"type":"Feature","properties":{"code":"1309022001","desa":"Bosua","kecamatan":"Sipora Selatan","kecCode":"130902"},"geometry":{"type":"Polygon","coordinates":[[[99.8128523573505,-2.3013916261626535],[99.82364867714477,-2.3081413654643073],[99.83820913364468,-2.334269705186621],[99.84668731776553,-2.3366170634280645],[99.84364915878173,-2.3479104313103063],[99.8630827626594,-2.3862450344276516],[99.86004893031395,-2.402615306380147],[99.84239931427696,-2.395872580891134],[99.837576535229,-2.3639041211496505],[99.79718568257321,-2.371096238763865],[99.79012387311832,-2.3617247742526577],[99.80336271831486,-2.333729197349125],[99.78786885366475,-2.309251279054684],[99.8128523573505,-2.3013916261626535]]]}},{"type":"Feature","properties":{"code":"1309022002","desa":"Beriulou","kecamatan":"Sipora Selatan","kecCode":"130902"},"geometry":{"type":"Polygon","coordinates":[[[99.74155231228944,-2.3763208250037806],[99.74080718620276,-2.3764953699229032],[99.74089275040016,-2.375964612534951],[99.74155231228944,-2.3763208250037806]]]}},{"type":"Feature","properties":{"code":"1309022002","desa":"Beriulou","kecamatan":"Sipora Selatan","kecCode":"130902"},"geometry":{"type":"Polygon","coordinates":[[[99.71916979365113,-2.3576051598285406],[99.73843042012781,-2.369757176117756],[99.7340046234147,-2.3883526630894685],[99.74501002119558,-2.377837223165412],[99.74717699162493,-2.384364230973387],[99.73744813112644,-2.3942127651451295],[99.73284576871731,-2.389878124618628],[99.73209469181666,-2.3808501147937364],[99.72186600341335,-2.3842547367157487],[99.71078959606307,-2.375554652983421],[99.71156716789055,-2.3596528657631675],[99.71916979365113,-2.3576051598285406]]]}},{"type":"Feature","properties":{"code":"1309022002","desa":"Beriulou","kecamatan":"Sipora Selatan","kecCode":"130902"},"geometry":{"type":"Polygon","coordinates":[[[99.74622873117106,-2.368970815216741],[99.745916858876,-2.3741455565323384],[99.74126263256447,-2.3739706662735176],[99.74622873117106,-2.368970815216741]]]}},{"type":"Feature","properties":{"code":"1309022002","desa":"Beriulou","kecamatan":"Sipora Selatan","kecCode":"130902"},"geometry":{"type":"Polygon","coordinates":[[[99.73974995759453,-2.370684418515024],[99.74052379273888,-2.372247220794822],[99.73805307538919,-2.372366603098312],[99.73974995759453,-2.370684418515024]]]}},{"type":"Feature","properties":{"code":"1309022002","desa":"Beriulou","kecamatan":"Sipora Selatan","kecCode":"130902"},"geometry":{"type":"Polygon","coordinates":[[[99.72212343794637,-2.3379254016358777],[99.72184850260633,-2.3393195153816855],[99.7211562611526,-2.338467549836814],[99.72212343794637,-2.3379254016358777]]]}},{"type":"Feature","properties":{"code":"1309022002","desa":"Beriulou","kecamatan":"Sipora Selatan","kecCode":"130902"},"geometry":{"type":"Polygon","coordinates":[[[99.79163552196184,-2.3150649473144873],[99.80336271831486,-2.333729197349125],[99.79293853258723,-2.3594209009301528],[99.78299898071845,-2.343599808977714],[99.73751065289439,-2.3452763943819073],[99.72981132393352,-2.333216067572539],[99.71137243768787,-2.3282818526358766],[99.70673294227151,-2.311394142254876],[99.660665035563,-2.284151741268865],[99.65350401200061,-2.2667541575564853],[99.67310125921578,-2.2776747924238463],[99.68397748377389,-2.2762402514541353],[99.68582187907653,-2.2863776415714323],[99.69821925381558,-2.2922400800657297],[99.72652215607268,-2.282217495602061],[99.73995581331017,-2.294277104752459],[99.7506418933088,-2.291264602530573],[99.7635811788284,-2.299747409157463],[99.77514192056321,-2.3210067995426216],[99.79163552196184,-2.3150649473144873]]]}},{"type":"Feature","properties":{"code":"1309022003","desa":"Nemnemleleu","kecamatan":"Sipora Selatan","kecCode":"130902"},"geometry":{"type":"Polygon","coordinates":[[[99.8128523573505,-2.3013916261626535],[99.79099167932257,-2.3059400256467297],[99.79171437631747,-2.3137161935739603],[99.77514192056321,-2.3210067995426216],[99.7635811788284,-2.299747409157463],[99.7506418933088,-2.291264602530573],[99.73995581331017,-2.294277104752459],[99.72652215607268,-2.282217495602061],[99.6985424980379,-2.2922974613088036],[99.68489017424217,-2.2815671724488538],[99.71675328563566,-2.2519044548212204],[99.75373125429398,-2.2344848970739863],[99.78042769038562,-2.2551547692680707],[99.78517430135298,-2.2718354970830896],[99.78164927279579,-2.291755092773926],[99.79994635034386,-2.289104902222993],[99.8128523573505,-2.3013916261626535]]]}},{"type":"Feature","properties":{"code":"1309022004","desa":"Mara","kecamatan":"Sipora Selatan","kecCode":"130902"},"geometry":{"type":"Polygon","coordinates":[[[99.68530207992711,-2.2809903364972985],[99.65376695578044,-2.266406601062287],[99.67134771072836,-2.2612562601524364],[99.67079704234969,-2.2474747901287886],[99.66058621628093,-2.2464703562223987],[99.6499195409541,-2.2353986199629903],[99.64150698755748,-2.2177622392679526],[99.64637255095255,-2.2052096685371874],[99.66458258222048,-2.1956132314218517],[99.70493979663438,-2.1983180081230116],[99.7450562409528,-2.2137152424010034],[99.75373125429398,-2.2344848970739863],[99.71675328563566,-2.2519044548212204],[99.68530207992711,-2.2809903364972985]]]}},{"type":"Feature","properties":{"code":"1309022006","desa":"Sioban","kecamatan":"Sipora Selatan","kecCode":"130902"},"geometry":{"type":"Polygon","coordinates":[[[99.73942681499555,-2.212217383763392],[99.70493979663438,-2.1983180081230116],[99.67775648737205,-2.197641195439006],[99.68127454258614,-2.182009016874035],[99.69765754356087,-2.178835186169791],[99.69442414805603,-2.1590625504929633],[99.71717171590205,-2.1578729596672885],[99.71538811297108,-2.16699885080426],[99.72595247692533,-2.1754875938559346],[99.72198352322107,-2.177218395789018],[99.72081381640457,-2.182737156565096],[99.73593225007333,-2.18766957825358],[99.73225450584084,-2.1979869344033074],[99.73942681499555,-2.212217383763392]]]}},{"type":"Feature","properties":{"code":"1309022006","desa":"Sioban","kecamatan":"Sipora Selatan","kecCode":"130902"},"geometry":{"type":"Polygon","coordinates":[[[99.72237175065582,-2.1803238222598393],[99.72204340368017,-2.1796917418543313],[99.72215556892445,-2.1795648924798656],[99.72237175065582,-2.1803238222598393]]]}},{"type":"Feature","properties":{"code":"1309022007","desa":"Matobe","kecamatan":"Sipora Selatan","kecCode":"130902"},"geometry":{"type":"Polygon","coordinates":[[[99.71717171590205,-2.1578729596672885],[99.69442414805603,-2.1590625504929633],[99.69622556295938,-2.1457924044072048],[99.6774247796299,-2.133176424277746],[99.67602572140997,-2.1076918822278508],[99.70582304329889,-2.0974497462732797],[99.71165492103786,-2.1537255094272667],[99.71717171590205,-2.1578729596672885]]]}},{"type":"Feature","properties":{"code":"1309022008","desa":"Saureinu","kecamatan":"Sipora Selatan","kecCode":"130902"},"geometry":{"type":"Polygon","coordinates":[[[99.67775648737205,-2.197641195439006],[99.6377574297616,-2.1998062467126545],[99.62355321720723,-2.183256369355943],[99.61320848928038,-2.182875663851228],[99.62120226077576,-2.159025813187377],[99.6179566803566,-2.148406869389919],[99.59017495590956,-2.131482872263766],[99.58070593293252,-2.112495872634341],[99.58182302940935,-2.1001462393190917],[99.61684773983137,-2.0982970722157295],[99.61962595787172,-2.0822193605163744],[99.63992751993914,-2.092769891087307],[99.65320491187725,-2.0861169179384356],[99.67503408755317,-2.105747471523968],[99.6774247796299,-2.133176424277746],[99.69779556161592,-2.152579690404196],[99.69765754356087,-2.178835186169791],[99.68127454258614,-2.182009016874035],[99.67775648737205,-2.197641195439006]]]}},{"type":"Feature","properties":{"code":"1309032002","desa":"Muara Siberut","kecamatan":"Siberut Selatan","kecCode":"130903"},"geometry":{"type":"Polygon","coordinates":[[[99.29142549798843,-1.6415815067497503],[99.29131352160181,-1.6407032558202224],[99.29172711621351,-1.641352942253348],[99.29142549798843,-1.6415815067497503]]]}},{"type":"Feature","properties":{"code":"1309032002","desa":"Muara Siberut","kecamatan":"Siberut Selatan","kecCode":"130903"},"geometry":{"type":"Polygon","coordinates":[[[99.29324718900664,-1.641066214103678],[99.2919270705779,-1.6412403570258822],[99.29213697594076,-1.6396253338129134],[99.29324718900664,-1.641066214103678]]]}},{"type":"Feature","properties":{"code":"1309032002","desa":"Muara Siberut","kecamatan":"Siberut Selatan","kecCode":"130903"},"geometry":{"type":"Polygon","coordinates":[[[99.29046775058629,-1.6398251038160505],[99.29006942106696,-1.639221456376344],[99.29066767887035,-1.6395283383330752],[99.29046775058629,-1.6398251038160505]]]}},{"type":"Feature","properties":{"code":"1309032002","desa":"Muara Siberut","kecamatan":"Siberut Selatan","kecCode":"130903"},"geometry":{"type":"Polygon","coordinates":[[[99.28940431036067,-1.6382787879080416],[99.28913323670956,-1.6387904427964317],[99.28852313933145,-1.6386728555397387],[99.28940431036067,-1.6382787879080416]]]}},{"type":"Feature","properties":{"code":"1309032002","desa":"Muara Siberut","kecamatan":"Siberut Selatan","kecCode":"130903"},"geometry":{"type":"Polygon","coordinates":[[[99.28826113714182,-1.6387476224765745],[99.2880458439406,-1.6382241064297332],[99.2884559662699,-1.6383127265233344],[99.28826113714182,-1.6387476224765745]]]}},{"type":"Feature","properties":{"code":"1309032002","desa":"Muara Siberut","kecamatan":"Siberut Selatan","kecCode":"130903"},"geometry":{"type":"Polygon","coordinates":[[[99.28937870486338,-1.6369571154522804],[99.28918046910343,-1.6372658230327346],[99.28858725289945,-1.6366929000313986],[99.28937870486338,-1.6369571154522804]]]}},{"type":"Feature","properties":{"code":"1309032002","desa":"Muara Siberut","kecamatan":"Siberut Selatan","kecCode":"130903"},"geometry":{"type":"Polygon","coordinates":[[[99.29047003306562,-1.6366943281548196],[99.29003271433834,-1.6360361143500075],[99.29015301574911,-1.6359320735812353],[99.29047003306562,-1.6366943281548196]]]}},{"type":"Feature","properties":{"code":"1309032002","desa":"Muara Siberut","kecamatan":"Siberut Selatan","kecCode":"130903"},"geometry":{"type":"Polygon","coordinates":[[[99.2873044581343,-1.6308073885307646],[99.28611138063576,-1.631707115270703],[99.28528153211708,-1.631110223538237],[99.2873044581343,-1.6308073885307646]]]}},{"type":"Feature","properties":{"code":"1309032002","desa":"Muara Siberut","kecamatan":"Siberut Selatan","kecCode":"130903"},"geometry":{"type":"Polygon","coordinates":[[[99.28297356417868,-1.6272559495868864],[99.28255035761298,-1.6277767433859536],[99.2824228400421,-1.627064236609941],[99.28297356417868,-1.6272559495868864]]]}},{"type":"Feature","properties":{"code":"1309032002","desa":"Muara Siberut","kecamatan":"Siberut Selatan","kecCode":"130903"},"geometry":{"type":"Polygon","coordinates":[[[99.21504544619044,-1.5921524963640543],[99.21993533894481,-1.6048979374991814],[99.23288333709637,-1.609492908375269],[99.26011381220273,-1.5941582075564587],[99.25412288935989,-1.6032860628126349],[99.2668463519776,-1.602108369118359],[99.27087019310498,-1.6136230664510218],[99.26542028262003,-1.61712992779967],[99.27265566212917,-1.61422555556388],[99.28801036028995,-1.6377874424093999],[99.27827857159883,-1.6313754039316761],[99.2797402667,-1.6412017410365904],[99.26625126338513,-1.6374718945854412],[99.24048763469663,-1.6121375465118173],[99.22429541859871,-1.6243702238944477],[99.20922359859026,-1.6027485982808998],[99.19869392598395,-1.6009455897808325],[99.19849920927116,-1.5859445014678875],[99.21504544619044,-1.5921524963640543]]]}},{"type":"Feature","properties":{"code":"1309032003","desa":"Maileppet","kecamatan":"Siberut Selatan","kecCode":"130903"},"geometry":{"type":"Polygon","coordinates":[[[99.20361695695702,-1.5589500048991518],[99.20373750298342,-1.561931142365312],[99.19820961408247,-1.5657217146381972],[99.20361695695702,-1.5589500048991518]]]}},{"type":"Feature","properties":{"code":"1309032003","desa":"Maileppet","kecamatan":"Siberut Selatan","kecCode":"130903"},"geometry":{"type":"Polygon","coordinates":[[[99.21336886258302,-1.5911519466296127],[99.18410175039554,-1.5747060632770298],[99.18172918955054,-1.5601314325785174],[99.16396281543165,-1.5358098209525022],[99.18213374777429,-1.5313020258588315],[99.19386538497957,-1.5349450391691442],[99.19313865542466,-1.5440845757193766],[99.20817020289263,-1.5488733612880292],[99.20835319604322,-1.5539585948790788],[99.1950863441595,-1.557645018464546],[99.19352832537197,-1.5668875498720332],[99.19819774662875,-1.579547117442953],[99.2100663280986,-1.5789017936210425],[99.21336886258302,-1.5911519466296127]]]}},{"type":"Feature","properties":{"code":"1309032004","desa":"Muntei","kecamatan":"Siberut Selatan","kecCode":"130903"},"geometry":{"type":"Polygon","coordinates":[[[99.19849920927116,-1.5859445014678875],[99.19869392598395,-1.6009455897808325],[99.19103397024162,-1.5951493971470978],[99.16896838258486,-1.6106467466529817],[99.13379616266286,-1.604418302072842],[99.11099251669134,-1.5715928891467927],[99.10352576140481,-1.570167801850397],[99.10594407256099,-1.563119120706525],[99.0929551525583,-1.5424436844071294],[99.05535648531361,-1.5188767118954898],[99.0536511485817,-1.5104205674693978],[99.06417636055066,-1.4969074956136164],[99.08434704967664,-1.4927911978892279],[99.0955741150534,-1.4772483939492096],[99.10202023424648,-1.5067279403604674],[99.11265725532814,-1.5148783458682378],[99.14527204257075,-1.5177790677557814],[99.18172918955054,-1.5601314325785174],[99.18410175039554,-1.5747060632770298],[99.19849920927116,-1.5859445014678875]]]}},{"type":"Feature","properties":{"code":"1309032005","desa":"Matotonan","kecamatan":"Siberut Selatan","kecCode":"130903"},"geometry":{"type":"Polygon","coordinates":[[[99.04717651008791,-1.5125601202651084],[99.0336442547786,-1.532589668867685],[99.03933168520916,-1.5379908603734782],[99.03020355924689,-1.5705428811964546],[99.0346916753806,-1.593611352303888],[99.02821060223755,-1.5967939567939509],[99.01500290506009,-1.5851654007938578],[99.0175600220774,-1.5776505416786577],[99.00820137199575,-1.5607920178955443],[98.99335476740866,-1.5568464834410993],[98.97592625599195,-1.5312178385234707],[98.97123375723216,-1.5361981904796842],[98.96486442755135,-1.5312754688788488],[98.97435481122561,-1.5193456498860902],[98.95530230405812,-1.482201929920664],[98.96440217871765,-1.4772078965782283],[98.98654378157032,-1.4905271276611225],[98.99515348704385,-1.4877267764089546],[99.01100282941712,-1.495931426324507],[99.01195321406965,-1.50430450846728],[99.03387617284714,-1.4922636627721546],[99.04717651008791,-1.5125601202651084]]]}},{"type":"Feature","properties":{"code":"1309032007","desa":"Madobag","kecamatan":"Siberut Selatan","kecCode":"130903"},"geometry":{"type":"Polygon","coordinates":[[[99.0463722994421,-1.5132165426204085],[99.0929551525583,-1.5424436844071294],[99.10594407256099,-1.563119120706525],[99.10352576140481,-1.570167801850397],[99.11099251669134,-1.5715928891467927],[99.13379616266286,-1.604418302072842],[99.16584262064049,-1.6068520554850823],[99.15880503442486,-1.6419358998901037],[99.1486805432725,-1.655404564122629],[99.14116510138835,-1.651764112081468],[99.13199719481474,-1.6579574111560846],[99.11738822168911,-1.649869109231491],[99.10179041879285,-1.6616087467926168],[99.08879857059758,-1.6483642367812408],[99.07592872443115,-1.6473017228584725],[99.0596246848314,-1.62291987284318],[99.03229417723456,-1.621605863510551],[99.0285859585752,-1.6164821776068545],[99.02821060223755,-1.5967939567939509],[99.0346916753806,-1.593611352303888],[99.03020355924689,-1.5705428811964546],[99.0392912525893,-1.5391976813101793],[99.0336442547786,-1.532589668867685],[99.0463722994421,-1.5132165426204085]]]}},{"type":"Feature","properties":{"code":"1309042003","desa":"Bojakan","kecamatan":"Siberut Utara","kecCode":"130904"},"geometry":{"type":"Polygon","coordinates":[[[98.83491424179884,-1.159200267683035],[98.87967775022804,-1.185730124121189],[98.88869009657076,-1.2015604889829812],[98.90967834857695,-1.2128622853112718],[98.91101962805345,-1.2236147550499665],[98.92376051773374,-1.2254250480585798],[98.92419682742171,-1.2417919646402906],[98.9154523072782,-1.2497066398535757],[98.92028756262094,-1.2597494797475437],[98.9150586713207,-1.2612803345110237],[98.92257898663098,-1.2772541880037374],[98.92973491823192,-1.2721550598871414],[98.94293482368323,-1.2867385929744994],[98.93871669122238,-1.3058477583089547],[98.93286333407563,-1.3084074851560146],[98.9385625357325,-1.321462195947763],[98.92101607283355,-1.3219332392512733],[98.89765860725895,-1.3400666887301824],[98.85567568928167,-1.3322784384113935],[98.86015772959557,-1.3552898835078686],[98.82560553736572,-1.3574389124600028],[98.8327148912793,-1.3911467365793277],[98.82540198661246,-1.3906157300791606],[98.82363927133537,-1.3986451560874538],[98.80166407004089,-1.411362675071616],[98.78881763232795,-1.376678632375743],[98.7660243186674,-1.361404325528962],[98.78835859407396,-1.3369874469200358],[98.8001572163825,-1.3353375776758234],[98.80110046581393,-1.322952793459139],[98.82273153343357,-1.3052457638231263],[98.81115868862263,-1.2671499100249584],[98.83122680557267,-1.2452091833661658],[98.82079898838263,-1.2349277812125923],[98.81802981842144,-1.2115650132612448],[98.79825046658583,-1.180322429617702],[98.81175330327237,-1.1704223427092224],[98.82866422067728,-1.1764893877605929],[98.82617978237113,-1.170376985401874],[98.8340779325506,-1.1682021216253615],[98.83491424179884,-1.159200267683035]]]}},{"type":"Feature","properties":{"code":"1309042004","desa":"Sotboyak","kecamatan":"Siberut Utara","kecCode":"130904"},"geometry":{"type":"Polygon","coordinates":[[[98.94151306657481,-1.2836858397958986],[98.92973491823192,-1.2721550598871414],[98.92257898663098,-1.2772541880037374],[98.9150586713207,-1.2612803345110237],[98.92028756262094,-1.2597494797475437],[98.9154523072782,-1.2497066398535757],[98.92419682742171,-1.2417919646402906],[98.92376051773374,-1.2254250480585798],[98.91101962805345,-1.2236147550499665],[98.90967834857695,-1.2128622853112718],[98.88869009657076,-1.2015604889829812],[98.87967775022804,-1.185730124121189],[98.84534273258112,-1.1686771237445182],[98.84949529906883,-1.1559568348484544],[98.8591025343545,-1.1560950651434263],[98.87392520798204,-1.140828227166212],[98.88458664475792,-1.1410766432974655],[98.8944627746374,-1.1322581773078744],[98.91317675360436,-1.1333424476294236],[98.93194164858828,-1.1473764652696532],[98.93892338240823,-1.1710135354379094],[98.95180129459412,-1.181046380266675],[98.94934393757272,-1.1913055520786442],[98.97079851144218,-1.2084110728627155],[98.98221828804361,-1.230836962181095],[98.98080459155868,-1.2444091338843528],[98.97150218777578,-1.246397956708063],[98.96442165173788,-1.2406227263718927],[98.95358322028943,-1.2484957890547987],[98.95579162338475,-1.2644971240306055],[98.94151306657481,-1.2836858397958986]]]}},{"type":"Feature","properties":{"code":"1309042005","desa":"Mongan Poula","kecamatan":"Siberut Utara","kecCode":"130904"},"geometry":{"type":"Polygon","coordinates":[[[98.96124023524872,-1.2020005173671453],[98.94934393757272,-1.1913055520786442],[98.95180129459412,-1.181046380266675],[98.93892338240823,-1.1710135354379094],[98.93194164858828,-1.1473764652696532],[98.91480319730977,-1.1340704856971513],[98.92330680886221,-1.1279859740130997],[98.96854059437298,-1.1409395443496313],[98.99314738104685,-1.1628671957652053],[98.99758747068529,-1.1767304078673329],[98.97259088456173,-1.1999213846236596],[98.96124023524872,-1.2020005173671453]]]}},{"type":"Feature","properties":{"code":"1309042006","desa":"Muara Sikabaluan","kecamatan":"Siberut Utara","kecCode":"130904"},"geometry":{"type":"Polygon","coordinates":[[[98.9891753345741,-1.1602126048315344],[98.96854059437298,-1.1409395443496313],[98.92353149638147,-1.1278840457517847],[98.9396634902779,-1.1115422643219461],[98.94072465521873,-1.0889222635347926],[98.95936030863139,-1.0830304028205413],[98.95616364503627,-1.075917750201587],[98.96862143623036,-1.093576666108169],[99.00239298544794,-1.1178340976164043],[98.99881351912863,-1.1326950499709474],[99.00713243241584,-1.1581766980021662],[98.9891753345741,-1.1602126048315344]]]}},{"type":"Feature","properties":{"code":"1309042006","desa":"Muara Sikabaluan","kecamatan":"Siberut Utara","kecCode":"130904"},"geometry":{"type":"Polygon","coordinates":[[[98.955596370676,-1.0592535402348822],[98.95938966699957,-1.06590268137239],[98.95841895407153,-1.0708879831970635],[98.95480251392495,-1.0663365170248968],[98.955596370676,-1.0592535402348822]]]}},{"type":"Feature","properties":{"code":"1309042006","desa":"Muara Sikabaluan","kecamatan":"Siberut Utara","kecCode":"130904"},"geometry":{"type":"Polygon","coordinates":[[[98.94709286164628,-1.0407000228246348],[98.95235919981728,-1.043222081567888],[98.95203535934438,-1.0441198567790158],[98.94709286164628,-1.0407000228246348]]]}},{"type":"Feature","properties":{"code":"1309042006","desa":"Muara Sikabaluan","kecamatan":"Siberut Utara","kecCode":"130904"},"geometry":{"type":"Polygon","coordinates":[[[98.96258859328901,-1.0161036710119131],[98.96240667123095,-1.0162375404942263],[98.96233642068931,-1.0161527308280638],[98.96258859328901,-1.0161036710119131]]]}},{"type":"Feature","properties":{"code":"1309042006","desa":"Muara Sikabaluan","kecamatan":"Siberut Utara","kecCode":"130904"},"geometry":{"type":"Polygon","coordinates":[[[98.94523633269067,-0.9989423571874813],[98.94385307465971,-0.9983180712061369],[98.94482379837966,-0.9978186776745257],[98.94523633269067,-0.9989423571874813]]]}},{"type":"Feature","properties":{"code":"1309042006","desa":"Muara Sikabaluan","kecamatan":"Siberut Utara","kecCode":"130904"},"geometry":{"type":"Polygon","coordinates":[[[98.94827801701695,-0.991822638595236],[98.94578384624758,-0.990522504003181],[98.9471212973101,-0.9889157275734073],[98.94827801701695,-0.991822638595236]]]}},{"type":"Feature","properties":{"code":"1309042006","desa":"Muara Sikabaluan","kecamatan":"Siberut Utara","kecCode":"130904"},"geometry":{"type":"Polygon","coordinates":[[[98.93170760991829,-0.9598693764975124],[98.944966974946,-0.9816339970140638],[98.94283137826557,-0.9837293112590872],[98.94387395511899,-1.0061841128818507],[98.95193684401022,-1.0125253108626935],[98.94484937329996,-1.017261977121532],[98.91686066358879,-0.9670213618653913],[98.92336295443685,-0.9564428210102238],[98.93170760991829,-0.9598693764975124]]]}},{"type":"Feature","properties":{"code":"1309042006","desa":"Muara Sikabaluan","kecamatan":"Siberut Utara","kecCode":"130904"},"geometry":{"type":"Polygon","coordinates":[[[98.9554274384256,-0.953312989637073],[98.95533542788773,-0.952635229067644],[98.95610147939982,-0.9528888531728325],[98.9554274384256,-0.953312989637073]]]}},{"type":"Feature","properties":{"code":"1309042007","desa":"Sirilogui","kecamatan":"Siberut Utara","kecCode":"130904"},"geometry":{"type":"Polygon","coordinates":[[[98.99100320843137,-1.2450709521718621],[98.97113666282677,-1.2088947435470316],[98.96032965638857,-1.2029724443788576],[98.97259088456173,-1.1999213846236596],[98.99752397405221,-1.176801165626513],[98.99325569359542,-1.162248136643622],[99.00713243241584,-1.1581766980021662],[99.0309275620574,-1.1833993340898616],[99.04106047985731,-1.2050684214242247],[99.03578420507706,-1.2130391423873836],[99.02798398207516,-1.2116984294852955],[99.03006303388194,-1.2279536394770678],[99.04448112410466,-1.2316628177090063],[99.05035592288759,-1.2267050099578571],[99.0569529788969,-1.234485846265786],[99.0224681755659,-1.2355769280525726],[98.99100320843137,-1.2450709521718621]]]}},{"type":"Feature","properties":{"code":"1309042008","desa":"Malancan","kecamatan":"Siberut Utara","kecCode":"130904"},"geometry":{"type":"Polygon","coordinates":[[[98.84534273258112,-1.1686771237445182],[98.83491424179884,-1.159200267683035],[98.8340779325506,-1.1682021216253615],[98.82617978237113,-1.170376985401874],[98.82866422067728,-1.1764893877605929],[98.81175330327237,-1.1704223427092224],[98.79825046658583,-1.180322429617702],[98.78436730930393,-1.1685281699335266],[98.79586241941517,-1.16164619971442],[98.79135151356154,-1.160356641149591],[98.79600410940219,-1.1386556701507164],[98.78718303087227,-1.1266181789269532],[98.78957266534627,-1.107739660019383],[98.78045956255882,-1.0928744241940522],[98.77093200720645,-1.0922765908713743],[98.7535557823735,-1.0594067388459276],[98.77162361643678,-1.0378848174703406],[98.8108074494043,-1.0381407429406537],[98.81173873965115,-1.0208651045998873],[98.83789433335687,-1.0176773829673704],[98.8454359697942,-1.0049573180025362],[98.86039225839608,-1.002460952890192],[98.85824644631651,-0.993334429529999],[98.8780981324229,-0.9900141109558654],[98.8901250314451,-0.9992156701501441],[98.89683784638952,-0.9917249110672453],[98.89181958170836,-0.9834604211621983],[98.89600236631622,-0.972345520142729],[98.9195016459842,-0.9709009895037599],[98.92693820743237,-0.9826694728194983],[98.9167828542454,-1.001840123003477],[98.93660109906155,-1.0302611691661159],[98.94015215309946,-1.057729336857298],[98.93500096142533,-1.0607611286376992],[98.94776387190524,-1.0706335002393281],[98.9396634902779,-1.1115422643219461],[98.9169591456481,-1.133617733704757],[98.8944627746374,-1.1322581773078744],[98.88458664475792,-1.1410766432974655],[98.87392520798204,-1.140828227166212],[98.8591025343545,-1.1560950651434263],[98.85424186057344,-1.1526716752696795],[98.84534273258112,-1.1686771237445182]]]}},{"type":"Feature","properties":{"code":"1309052001","desa":"Simatalu","kecamatan":"Siberut Barat","kecCode":"130905"},"geometry":{"type":"Polygon","coordinates":[[[98.8072368872726,-1.316358540644012],[98.79670438360044,-1.3299284469550074],[98.8001572163825,-1.3353375776758234],[98.78835859407396,-1.3369874469200358],[98.76602433575452,-1.3612286204843969],[98.78881763232795,-1.376678632375743],[98.80166407004089,-1.411362675071616],[98.82363927133537,-1.3986451560874538],[98.82540198661246,-1.3906157300791606],[98.8327148912793,-1.3911467365793277],[98.82560553736572,-1.3574389124600028],[98.86015772959557,-1.3552898835078686],[98.85567568928167,-1.3322784384113935],[98.88333299702025,-1.3346731090861523],[98.88314898583707,-1.3404524070559851],[98.90565839971542,-1.3334833725703905],[98.90674698858271,-1.3431234690729326],[98.89615575468439,-1.3506732200847538],[98.89618595841529,-1.362273433051304],[98.9030705096963,-1.3608527056682314],[98.9131889556059,-1.3761776902116027],[98.90965360463018,-1.3811407886742635],[98.94443068043158,-1.4135028546948287],[98.94661515886253,-1.4224203953968344],[98.9410217237736,-1.4273806421094068],[98.94615429408549,-1.4389774538399775],[98.93804485268788,-1.4484873554900384],[98.91613343670878,-1.4391853806940806],[98.91388925408586,-1.4492991950838319],[98.89161051361435,-1.4473856005491865],[98.86624964540488,-1.4657927281156005],[98.86380870280942,-1.4863681750920912],[98.8733389947988,-1.5021745622295475],[98.86504917457977,-1.5114856939226056],[98.84352398324529,-1.512107647961859],[98.84357699108534,-1.5283100308775333],[98.8364229003966,-1.5370663078483982],[98.82205717859595,-1.52190422560094],[98.81576126956702,-1.526118884875357],[98.7754343703999,-1.485277573543319],[98.72410424171743,-1.4028050304615358],[98.66343697743461,-1.3241168372434662],[98.67786308241539,-1.313674452846511],[98.67197010383728,-1.30145497031707],[98.68774857243875,-1.288723137723262],[98.69993171427723,-1.30638555558982],[98.73962100040887,-1.3196190201279006],[98.74723153480754,-1.318874142254907],[98.76051415720264,-1.3011491567549283],[98.77194443159031,-1.3109946656071814],[98.77660516179886,-1.304016913992964],[98.8011542794465,-1.3072042462189977],[98.8072368872726,-1.316358540644012]]]}},{"type":"Feature","properties":{"code":"1309052002","desa":"Simalegi","kecamatan":"Siberut Barat","kecCode":"130905"},"geometry":{"type":"Polygon","coordinates":[[[98.62729041761872,-1.1471146825148673],[98.62675654228063,-1.1468699886775742],[98.62674598963575,-1.1467264101144248],[98.62729041761872,-1.1471146825148673]]]}},{"type":"Feature","properties":{"code":"1309052002","desa":"Simalegi","kecamatan":"Siberut Barat","kecCode":"130905"},"geometry":{"type":"Polygon","coordinates":[[[98.78418947556389,-1.168110980732042],[98.81802981842144,-1.2115650132612448],[98.82068452357197,-1.2347017303212888],[98.83122680557267,-1.2452091833661658],[98.81115868862263,-1.2671499100249584],[98.82067923106172,-1.3081533853094462],[98.80815712575081,-1.3165923014232193],[98.8011542794465,-1.3072042462189977],[98.77660516179886,-1.304016913992964],[98.77194443159031,-1.3109946656071814],[98.76051415720264,-1.3011491567549283],[98.74723153480754,-1.318874142254907],[98.73980656741922,-1.3196454754845224],[98.69993171427723,-1.30638555558982],[98.69380453605055,-1.2911620811230684],[98.68356358359254,-1.2890489117381287],[98.67179042468841,-1.302077840765472],[98.67786308241539,-1.313674452846511],[98.66343697743461,-1.3241168372434662],[98.63692697529972,-1.2869761776710231],[98.64139542056226,-1.2770612213718402],[98.63615773119436,-1.2602363664074574],[98.6027843001554,-1.2256125701948026],[98.59650351862255,-1.1988992043953344],[98.61527766133509,-1.1835069883345792],[98.6273596456312,-1.147605694365031],[98.6328305570846,-1.1490994188192212],[98.63661437005719,-1.1418719497547631],[98.64062747777591,-1.1100705354863947],[98.65193108804931,-1.1037109445710722],[98.66171765084897,-1.0580280556678059],[98.66333037809454,-0.9800370151006861],[98.6866121738128,-0.9583860625953566],[98.69412168826534,-0.9577708660620031],[98.69009506103828,-0.9667520598790087],[98.695763064314,-0.9679739885267454],[98.69519290043206,-0.9747849006130538],[98.70982873270992,-0.9766154850249681],[98.7294154506626,-0.9959632243101352],[98.73869800640792,-1.0162661713108565],[98.72929586601144,-1.0223731651467804],[98.73231886782156,-1.0304928615045799],[98.74138732466537,-1.0436886552408222],[98.75989473565356,-1.0480980465162621],[98.75372201935579,-1.0599722019708917],[98.77093200720645,-1.0922765908713743],[98.78608134607731,-1.0985564829676595],[98.79092042443807,-1.1148011097377062],[98.78722621541755,-1.126812823693739],[98.79602235844516,-1.1387609178096703],[98.79136749541362,-1.160592194277594],[98.79586241941517,-1.16164619971442],[98.78418947556389,-1.168110980732042]]]}},{"type":"Feature","properties":{"code":"1309052003","desa":"Sigapokna","kecamatan":"Siberut Barat","kecCode":"130905"},"geometry":{"type":"Polygon","coordinates":[[[98.93109370930728,-0.9581418885662558],[98.9206791058561,-0.9580321415991249],[98.91930949143995,-0.9708694098101034],[98.91204976638369,-0.9740984013313462],[98.89600236631622,-0.972345520142729],[98.89181958170836,-0.9834604211621983],[98.89683784638952,-0.9917249110672453],[98.8901250314451,-0.9992156701501441],[98.8780981324229,-0.9900141109558654],[98.85824644631651,-0.993334429529999],[98.86039225839608,-1.002460952890192],[98.8454359697942,-1.0049573180025362],[98.83789433335687,-1.0176773829673704],[98.81173873965115,-1.0208651045998873],[98.8108074494043,-1.0381407429406537],[98.77162361643678,-1.0378848174703406],[98.7584012702025,-1.0483423950138475],[98.75326948859605,-1.04246131357367],[98.74138732466537,-1.0436886552408222],[98.73231886782156,-1.0304928615045799],[98.72929586601144,-1.0223731651467804],[98.73869800640792,-1.0162661713108565],[98.729181326557,-0.9956777651038142],[98.69009506103828,-0.9667520598790087],[98.71129509799043,-0.9450911635698819],[98.72068073133073,-0.9442199867074459],[98.73933100682058,-0.9586967567782496],[98.80089881083153,-0.955850776623529],[98.82447843772978,-0.9403955297786285],[98.86672520240619,-0.9326660699405136],[98.89890499207176,-0.9060721646856704],[98.91207648704027,-0.9139980355591046],[98.91049802216605,-0.9407150553039708],[98.9068084185737,-0.9427596423896564],[98.90204700116823,-0.9265541019544284],[98.89851161511898,-0.9420655546285421],[98.90724779315121,-0.9458575136559592],[98.92756805392258,-0.9316329593520603],[98.93475904559351,-0.9447588991477345],[98.93109370930728,-0.9581418885662558]]]}},{"type":"Feature","properties":{"code":"1309062001","desa":"Katurei","kecamatan":"Siberut Barat Daya","kecCode":"130906"},"geometry":{"type":"Polygon","coordinates":[[[99.2639088676002,-1.7698186079689375],[99.26884624995455,-1.7720434039040476],[99.26682370794781,-1.774113535333172],[99.2639088676002,-1.7698186079689375]]]}},{"type":"Feature","properties":{"code":"1309062001","desa":"Katurei","kecamatan":"Siberut Barat Daya","kecCode":"130906"},"geometry":{"type":"Polygon","coordinates":[[[99.26923343507501,-1.7446111281555294],[99.26785780329503,-1.7491417480426739],[99.26523103738253,-1.7457958788299064],[99.26923343507501,-1.7446111281555294]]]}},{"type":"Feature","properties":{"code":"1309062001","desa":"Katurei","kecamatan":"Siberut Barat Daya","kecCode":"130906"},"geometry":{"type":"Polygon","coordinates":[[[99.2630530097886,-1.7240091304942393],[99.2626306926524,-1.7233098194706014],[99.26346142070804,-1.7234169017465355],[99.2630530097886,-1.7240091304942393]]]}},{"type":"Feature","properties":{"code":"1309062001","desa":"Katurei","kecamatan":"Siberut Barat Daya","kecCode":"130906"},"geometry":{"type":"Polygon","coordinates":[[[99.251122658384,-1.7155497628978986],[99.25829728239376,-1.716117685668668],[99.2583249680229,-1.7247681043410081],[99.251122658384,-1.7155497628978986]]]}},{"type":"Feature","properties":{"code":"1309062001","desa":"Katurei","kecamatan":"Siberut Barat Daya","kecCode":"130906"},"geometry":{"type":"Polygon","coordinates":[[[99.24774088283554,-1.707006116235356],[99.24606955486608,-1.7039853258615405],[99.2467053440764,-1.7033464249976638],[99.24774088283554,-1.707006116235356]]]}},{"type":"Feature","properties":{"code":"1309062001","desa":"Katurei","kecamatan":"Siberut Barat Daya","kecCode":"130906"},"geometry":{"type":"Polygon","coordinates":[[[99.24549511290917,-1.7031687504378565],[99.24365990687926,-1.701897181011867],[99.24384129563936,-1.7013493706793508],[99.24549511290917,-1.7031687504378565]]]}},{"type":"Feature","properties":{"code":"1309062001","desa":"Katurei","kecamatan":"Siberut Barat Daya","kecCode":"130906"},"geometry":{"type":"Polygon","coordinates":[[[99.24844044836806,-1.699178297545173],[99.24782176875969,-1.6979049825351176],[99.24878102342552,-1.6972967359624573],[99.24844044836806,-1.699178297545173]]]}},{"type":"Feature","properties":{"code":"1309062001","desa":"Katurei","kecamatan":"Siberut Barat Daya","kecCode":"130906"},"geometry":{"type":"Polygon","coordinates":[[[99.24360803038634,-1.6921855308501406],[99.24630492543201,-1.6945809641500587],[99.24531838623459,-1.695694179151728],[99.24360803038634,-1.6921855308501406]]]}},{"type":"Feature","properties":{"code":"1309062001","desa":"Katurei","kecamatan":"Siberut Barat Daya","kecCode":"130906"},"geometry":{"type":"Polygon","coordinates":[[[99.24120517767687,-1.6895771407878253],[99.23888284216953,-1.6871812722160342],[99.239103397304,-1.6865835899794404],[99.24120517767687,-1.6895771407878253]]]}},{"type":"Feature","properties":{"code":"1309062001","desa":"Katurei","kecamatan":"Siberut Barat Daya","kecCode":"130906"},"geometry":{"type":"Polygon","coordinates":[[[99.19103397024162,-1.5951493971470978],[99.20922359859026,-1.6027485982808998],[99.22429541859871,-1.6243702238944477],[99.24048763469663,-1.6121375465118173],[99.25124230868566,-1.6177437654574776],[99.26625126338513,-1.6374718945854412],[99.2797402667,-1.6412017410365904],[99.2742438954395,-1.6407760703289076],[99.27008652926996,-1.6444207455864328],[99.27011342079777,-1.6471765003576482],[99.28097646219402,-1.644113892408027],[99.27916307191826,-1.6502671024038544],[99.28438605827004,-1.6474251071451527],[99.29250648308778,-1.6529960465862645],[99.27441929381541,-1.6629799844835962],[99.28424086542366,-1.7004920667588186],[99.30179470815932,-1.7197977762283414],[99.28551549074733,-1.727366128817329],[99.29152572743044,-1.7505925856271303],[99.27918902185591,-1.7519887273441943],[99.26227080555326,-1.7368692001165336],[99.26469796603833,-1.7240173970624781],[99.26309652438516,-1.7119121635062127],[99.26140952662841,-1.7169260754631044],[99.25339275677037,-1.7116595520376439],[99.25155618916688,-1.6925507752102529],[99.24180030763813,-1.6841932324531188],[99.24315828662571,-1.6746326540057375],[99.22300997443085,-1.6295411134136348],[99.20564949133102,-1.6244169472720045],[99.20818205415856,-1.6338982855546174],[99.199711089795,-1.6412084697641176],[99.20011632970487,-1.6432855988180914],[99.20385510103215,-1.6462270177261689],[99.20864515914683,-1.6383765990729706],[99.21639341932092,-1.640154492206256],[99.24095884617388,-1.6769761307732198],[99.23678151505493,-1.678052748763545],[99.23391991187447,-1.6844090778378278],[99.23281935213146,-1.6765713027532703],[99.22798850256738,-1.6670370951262676],[99.2203215132273,-1.662429888074403],[99.22523063708428,-1.6808404951179006],[99.23962267844394,-1.6986412664866548],[99.234559376614,-1.6973310927625604],[99.24618201508797,-1.7319096063117942],[99.23982449170698,-1.7405727378005698],[99.26273948543893,-1.7721199218209207],[99.26054830615946,-1.7788542125684168],[99.24790649568831,-1.7771406002769334],[99.23611575144082,-1.7658286991660888],[99.21296002628424,-1.7251161221873186],[99.21247461631054,-1.705876752107825],[99.19542474285764,-1.6956994410849582],[99.1884800494148,-1.6804359755653973],[99.17464795384006,-1.6757373892998317],[99.16648139380135,-1.6826828057899665],[99.15575478855271,-1.6804309078856396],[99.13419767128555,-1.6571442693439142],[99.15019834257951,-1.6539171960766823],[99.17386458857995,-1.6028647178440176],[99.17822349282,-1.6066699994282896],[99.19103397024162,-1.5951493971470978]]]}},{"type":"Feature","properties":{"code":"1309062001","desa":"Katurei","kecamatan":"Siberut Barat Daya","kecCode":"130906"},"geometry":{"type":"Polygon","coordinates":[[[99.23730663369422,-1.681197639284355],[99.2376683590076,-1.6809027749680923],[99.23746072443292,-1.6812841387765685],[99.23730663369422,-1.681197639284355]]]}},{"type":"Feature","properties":{"code":"1309062001","desa":"Katurei","kecamatan":"Siberut Barat Daya","kecCode":"130906"},"geometry":{"type":"Polygon","coordinates":[[[99.23824473001035,-1.679705422093907],[99.23763157223931,-1.6806296643528609],[99.23718396436851,-1.678783420046158],[99.23824473001035,-1.679705422093907]]]}},{"type":"Feature","properties":{"code":"1309062001","desa":"Katurei","kecamatan":"Siberut Barat Daya","kecCode":"130906"},"geometry":{"type":"Polygon","coordinates":[[[99.2331198021372,-1.6792039169541575],[99.2324651991097,-1.6784042272011281],[99.2327980471922,-1.6782696382611855],[99.2331198021372,-1.6792039169541575]]]}},{"type":"Feature","properties":{"code":"1309062001","desa":"Katurei","kecamatan":"Siberut Barat Daya","kecCode":"130906"},"geometry":{"type":"Polygon","coordinates":[[[99.23234455505724,-1.6781699565063704],[99.23275030308405,-1.677769081906066],[99.23264001562427,-1.678152043809829],[99.23234455505724,-1.6781699565063704]]]}},{"type":"Feature","properties":{"code":"1309062001","desa":"Katurei","kecamatan":"Siberut Barat Daya","kecCode":"130906"},"geometry":{"type":"Polygon","coordinates":[[[99.2825815398063,-1.6765365682379332],[99.28583716385405,-1.6749776348415897],[99.28501539304602,-1.6790250759736416],[99.2825815398063,-1.6765365682379332]]]}},{"type":"Feature","properties":{"code":"1309062001","desa":"Katurei","kecamatan":"Siberut Barat Daya","kecCode":"130906"},"geometry":{"type":"Polygon","coordinates":[[[99.21445557816247,-1.6339782307877808],[99.21779080030522,-1.6372686082330803],[99.21407328805185,-1.6341984900451005],[99.21445557816247,-1.6339782307877808]]]}},{"type":"Feature","properties":{"code":"1309062001","desa":"Katurei","kecamatan":"Siberut Barat Daya","kecCode":"130906"},"geometry":{"type":"Polygon","coordinates":[[[99.29635312089988,-1.7813682340704857],[99.29419056973904,-1.778955022073047],[99.29688335308434,-1.779907039893331],[99.29635312089988,-1.7813682340704857]]]}},{"type":"Feature","properties":{"code":"1309062001","desa":"Katurei","kecamatan":"Siberut Barat Daya","kecCode":"130906"},"geometry":{"type":"Polygon","coordinates":[[[99.29152382986092,-1.7343932352254263],[99.29677598662255,-1.7364929174775556],[99.29774341882374,-1.7394357249389196],[99.29152382986092,-1.7343932352254263]]]}},{"type":"Feature","properties":{"code":"1309062001","desa":"Katurei","kecamatan":"Siberut Barat Daya","kecCode":"130906"},"geometry":{"type":"Polygon","coordinates":[[[99.30885702573119,-1.7283188355183827],[99.30826478259371,-1.7267062953335253],[99.30856693861341,-1.726519315488503],[99.30885702573119,-1.7283188355183827]]]}},{"type":"Feature","properties":{"code":"1309062001","desa":"Katurei","kecamatan":"Siberut Barat Daya","kecCode":"130906"},"geometry":{"type":"Polygon","coordinates":[[[99.28491473103009,-1.6822862443382158],[99.2993457957719,-1.6999245432870014],[99.29396317076379,-1.706476244679673],[99.28542313936644,-1.6997962864735356],[99.28491473103009,-1.6822862443382158]]]}},{"type":"Feature","properties":{"code":"1309062001","desa":"Katurei","kecamatan":"Siberut Barat Daya","kecCode":"130906"},"geometry":{"type":"Polygon","coordinates":[[[99.2906806012288,-1.6840086205230542],[99.29010821332345,-1.685107496733982],[99.29020194516369,-1.6842364259916076],[99.2906806012288,-1.6840086205230542]]]}},{"type":"Feature","properties":{"code":"1309062001","desa":"Katurei","kecamatan":"Siberut Barat Daya","kecCode":"130906"},"geometry":{"type":"Polygon","coordinates":[[[99.28947796033964,-1.6838785398844744],[99.28857098866024,-1.6838034033262097],[99.28831660103036,-1.6828752067482815],[99.28947796033964,-1.6838785398844744]]]}},{"type":"Feature","properties":{"code":"1309062001","desa":"Katurei","kecamatan":"Siberut Barat Daya","kecCode":"130906"},"geometry":{"type":"Polygon","coordinates":[[[99.29154844700325,-1.6838515952966608],[99.29091550864388,-1.6836162211337118],[99.29156270035838,-1.6832619287174702],[99.29154844700325,-1.6838515952966608]]]}},{"type":"Feature","properties":{"code":"1309062001","desa":"Katurei","kecamatan":"Siberut Barat Daya","kecCode":"130906"},"geometry":{"type":"Polygon","coordinates":[[[99.29084378681135,-1.6834627473301325],[99.29098121670984,-1.6828002509537319],[99.29119831934702,-1.6831045644466949],[99.29084378681135,-1.6834627473301325]]]}},{"type":"Feature","properties":{"code":"1309062001","desa":"Katurei","kecamatan":"Siberut Barat Daya","kecCode":"130906"},"geometry":{"type":"Polygon","coordinates":[[[99.28992535057455,-1.6832510190417769],[99.29019583337106,-1.6830922473319583],[99.29024278157914,-1.6832155524782524],[99.28992535057455,-1.6832510190417769]]]}},{"type":"Feature","properties":{"code":"1309062001","desa":"Katurei","kecamatan":"Siberut Barat Daya","kecCode":"130906"},"geometry":{"type":"Polygon","coordinates":[[[99.2921908983913,-1.6838471742294954],[99.29208041397999,-1.6820924845042675],[99.29260547596196,-1.681855622862687],[99.2921908983913,-1.6838471742294954]]]}},{"type":"Feature","properties":{"code":"1309062001","desa":"Katurei","kecamatan":"Siberut Barat Daya","kecCode":"130906"},"geometry":{"type":"Polygon","coordinates":[[[99.29364384039097,-1.6829954209246794],[99.29280160371108,-1.682343766774853],[99.2934170610486,-1.6820134179087272],[99.29364384039097,-1.6829954209246794]]]}},{"type":"Feature","properties":{"code":"1309062001","desa":"Katurei","kecamatan":"Siberut Barat Daya","kecCode":"130906"},"geometry":{"type":"Polygon","coordinates":[[[99.28925066388706,-1.6822415345427482],[99.2883444467389,-1.6811774378132294],[99.28939914105756,-1.681929503967367],[99.28925066388706,-1.6822415345427482]]]}},{"type":"Feature","properties":{"code":"1309062001","desa":"Katurei","kecamatan":"Siberut Barat Daya","kecCode":"130906"},"geometry":{"type":"Polygon","coordinates":[[[99.28742544842576,-1.6803657313191065],[99.28747486257492,-1.6795284490052753],[99.28764902168507,-1.6795024487056371],[99.28742544842576,-1.6803657313191065]]]}},{"type":"Feature","properties":{"code":"1309062001","desa":"Katurei","kecamatan":"Siberut Barat Daya","kecCode":"130906"},"geometry":{"type":"Polygon","coordinates":[[[99.28654690791352,-1.6798751088753692],[99.28555037185224,-1.6795324689748548],[99.28564687630232,-1.6789116948460672],[99.28654690791352,-1.6798751088753692]]]}},{"type":"Feature","properties":{"code":"1309062001","desa":"Katurei","kecamatan":"Siberut Barat Daya","kecCode":"130906"},"geometry":{"type":"Polygon","coordinates":[[[99.28804660027042,-1.664395297947957],[99.29259624711915,-1.6787398164168243],[99.30341468394056,-1.6860318001467849],[99.29724467190412,-1.688159372174278],[99.29570507662804,-1.6820319070706578],[99.28853196527803,-1.68114036236262],[99.28951618512389,-1.6786114552819982],[99.28409250786301,-1.6730097329466287],[99.28804660027042,-1.664395297947957]]]}},{"type":"Feature","properties":{"code":"1309062002","desa":"Sagulubbeg","kecamatan":"Siberut Barat Daya","kecCode":"130906"},"geometry":{"type":"Polygon","coordinates":[[[98.92974696734869,-1.446221572952728],[98.97435481122561,-1.5193456498860902],[98.96433189669972,-1.5303897445830588],[98.97123375723216,-1.5361981904796842],[98.97592625599195,-1.5312178385234707],[98.99335476740866,-1.5568464834410993],[99.00820137199575,-1.5607920178955443],[99.0175600220774,-1.5776505416786577],[99.01500290506009,-1.5851654007938578],[99.02821060223755,-1.5967939567939509],[99.03229417723456,-1.621605863510551],[99.0155034263421,-1.6320643448727716],[99.01293968941518,-1.644818247729011],[98.99658245221843,-1.649062953352966],[98.9974260990353,-1.6565953123757795],[98.98367881942202,-1.656451750899717],[98.98935737624197,-1.668128321703877],[98.98080685065571,-1.6756968703451176],[98.98121559882088,-1.6859627537975055],[98.97400023102591,-1.695061870318428],[98.96281383658938,-1.6954563273565169],[98.95451649084343,-1.7125696182832055],[98.96485568524173,-1.7251223436972118],[98.96148119959776,-1.7276734883140579],[98.87794771811275,-1.6790784057708765],[98.86090039333855,-1.6440405544938788],[98.82515109105009,-1.6156678495889623],[98.8360786453133,-1.603579491810888],[98.83694749563045,-1.586082391819139],[98.80573976877535,-1.5370367615219176],[98.80464105084388,-1.520411206215235],[98.79641801338066,-1.5085423252843517],[98.83727401158643,-1.5367336360334463],[98.84357699108534,-1.5283100308775333],[98.84352398324529,-1.512107647961859],[98.86504917457977,-1.5114856939226056],[98.8733389947988,-1.5021745622295475],[98.86380870280942,-1.4863681750920912],[98.86624964540488,-1.4657927281156005],[98.89161051361435,-1.4473856005491865],[98.91388925408586,-1.4492991950838319],[98.91613343670878,-1.4391853806940806],[98.92974696734869,-1.446221572952728]]]}},{"type":"Feature","properties":{"code":"1309062003","desa":"Pasakiat Taileleu","kecamatan":"Siberut Barat Daya","kecCode":"130906"},"geometry":{"type":"Polygon","coordinates":[[[99.27968251043956,-1.8713472446938133],[99.28907829982374,-1.87946897711686],[99.27504358609269,-1.873553026262904],[99.27968251043956,-1.8713472446938133]]]}},{"type":"Feature","properties":{"code":"1309062003","desa":"Pasakiat Taileleu","kecamatan":"Siberut Barat Daya","kecCode":"130906"},"geometry":{"type":"Polygon","coordinates":[[[99.09179413499139,-1.8602841320335306],[99.09044075423746,-1.8661370206269914],[99.07624841992866,-1.8658963539537903],[99.08088717070642,-1.8606363290293941],[99.09179413499139,-1.8602841320335306]]]}},{"type":"Feature","properties":{"code":"1309062003","desa":"Pasakiat Taileleu","kecamatan":"Siberut Barat Daya","kecCode":"130906"},"geometry":{"type":"Polygon","coordinates":[[[99.15083268927724,-1.840133174954752],[99.14099941479122,-1.8364307866043157],[99.14359574584705,-1.832842679602811],[99.15083268927724,-1.840133174954752]]]}},{"type":"Feature","properties":{"code":"1309062003","desa":"Pasakiat Taileleu","kecamatan":"Siberut Barat Daya","kecCode":"130906"},"geometry":{"type":"Polygon","coordinates":[[[99.2541121262737,-1.7907022957777752],[99.28946286431977,-1.8065302396647243],[99.28556544179179,-1.8082045129119955],[99.29409722011069,-1.833385326028167],[99.28520425517229,-1.840252985335582],[99.26411403263654,-1.8388787726873417],[99.24162781497176,-1.8504998966901174],[99.2691940717491,-1.8125339508603844],[99.2541121262737,-1.7907022957777752]]]}},{"type":"Feature","properties":{"code":"1309062003","desa":"Pasakiat Taileleu","kecamatan":"Siberut Barat Daya","kecCode":"130906"},"geometry":{"type":"Polygon","coordinates":[[[99.04503835573557,-1.8147782081246002],[99.0419155759431,-1.8096234299597782],[99.04558392136094,-1.8048660873877531],[99.04858833958025,-1.8085782549661613],[99.04503835573557,-1.8147782081246002]]]}},{"type":"Feature","properties":{"code":"1309062003","desa":"Pasakiat Taileleu","kecamatan":"Siberut Barat Daya","kecCode":"130906"},"geometry":{"type":"Polygon","coordinates":[[[99.03384931909085,-1.6212884837676462],[99.05954564971205,-1.6228716188195766],[99.07592872443115,-1.6473017228584725],[99.08879857059758,-1.6483642367812408],[99.10167803501338,-1.6615680407789142],[99.11738822168911,-1.649869109231491],[99.13419767128555,-1.6571442693439142],[99.15575478855271,-1.6804309078856396],[99.16648139380135,-1.6826828057899665],[99.17464795384006,-1.6757373892998317],[99.1884800494148,-1.6804359755653973],[99.19542474285764,-1.6956994410849582],[99.21247461631054,-1.705876752107825],[99.21391181028191,-1.7274955826284242],[99.2477132448704,-1.7753203688603791],[99.2426213311096,-1.7958460500528823],[99.23521900505311,-1.7964885383123967],[99.21919373640183,-1.7832607934624942],[99.16673897402448,-1.7793380721103114],[99.14471835516804,-1.788650050065463],[99.14153782001442,-1.8045688416668002],[99.11552023626996,-1.806585993134867],[99.11101899632968,-1.8129590729816671],[99.01168963087184,-1.762436439324945],[98.96148119959776,-1.7276734883140579],[98.96485568524173,-1.7251223436972118],[98.95451649084343,-1.7125696182832055],[98.96281383658938,-1.6954563273565169],[98.97400023102591,-1.695061870318428],[98.98121559882088,-1.6859627537975055],[98.98080685065571,-1.6756968703451176],[98.98935737624197,-1.668128321703877],[98.98367881942202,-1.656451750899717],[98.9974260990353,-1.6565953123757795],[98.99658245221843,-1.649062953352966],[99.01293968941518,-1.644818247729011],[99.0155034263421,-1.6320643448727716],[99.03384931909085,-1.6212884837676462]]]}},{"type":"Feature","properties":{"code":"1309062003","desa":"Pasakiat Taileleu","kecamatan":"Siberut Barat Daya","kecCode":"130906"},"geometry":{"type":"Polygon","coordinates":[[[99.30520902117945,-1.9008614257956873],[99.31478332868772,-1.9209759135669218],[99.30649643396332,-1.93043712052558],[99.29641575238513,-1.9267591056011768],[99.29226674271602,-1.9093980919205575],[99.2956864031051,-1.899994463156473],[99.30520902117945,-1.9008614257956873]]]}},{"type":"Feature","properties":{"code":"1309062003","desa":"Pasakiat Taileleu","kecamatan":"Siberut Barat Daya","kecCode":"130906"},"geometry":{"type":"Polygon","coordinates":[[[99.31547386322823,-1.902070855665724],[99.31330636040025,-1.901850812245678],[99.31336981476522,-1.9013106362578975],[99.31547386322823,-1.902070855665724]]]}},{"type":"Feature","properties":{"code":"1309062003","desa":"Pasakiat Taileleu","kecamatan":"Siberut Barat Daya","kecCode":"130906"},"geometry":{"type":"Polygon","coordinates":[[[99.31451831556785,-1.8969155271158047],[99.31355571272604,-1.896559203131032],[99.31397640658594,-1.895761035930284],[99.31451831556785,-1.8969155271158047]]]}},{"type":"Feature","properties":{"code":"1309062003","desa":"Pasakiat Taileleu","kecamatan":"Siberut Barat Daya","kecCode":"130906"},"geometry":{"type":"Polygon","coordinates":[[[99.3139906671356,-1.8952027934619695],[99.31392827576938,-1.8948791328538905],[99.31424914398286,-1.8951137129154618],[99.3139906671356,-1.8952027934619695]]]}},{"type":"Feature","properties":{"code":"1309062003","desa":"Pasakiat Taileleu","kecamatan":"Siberut Barat Daya","kecCode":"130906"},"geometry":{"type":"Polygon","coordinates":[[[99.31990805691134,-1.8508220302493705],[99.3056085701794,-1.855118315589959],[99.30236749356504,-1.853849749899614],[99.31161636610248,-1.844346798210262],[99.31990805691134,-1.8508220302493705]]]}},{"type":"Feature","properties":{"code":"1309072001","desa":"Saibi Samukop","kecamatan":"Siberut Tengah","kecCode":"130907"},"geometry":{"type":"Polygon","coordinates":[[[98.95659954103604,-1.479405162466916],[98.92921569105135,-1.4477384729360026],[98.93804485268788,-1.4484873554900384],[98.94615429408549,-1.4389774538399775],[98.9410217237736,-1.4273806421094068],[98.94508270240486,-1.414389790377352],[98.90972126242639,-1.3812314888998152],[98.9131889556059,-1.3761776902116027],[98.9030705096963,-1.3608527056682314],[98.89618595841529,-1.362273433051304],[98.89598238068237,-1.3510653856503214],[98.90674698858271,-1.3431234690729326],[98.9084335735506,-1.3310847161002708],[98.92122065870649,-1.3218485455976912],[98.93642646241135,-1.324573249476592],[98.93286333407563,-1.3084074851560146],[98.94204109002436,-1.2971789772791527],[98.9634808628516,-1.3044270075434676],[98.9874220873595,-1.330467434938345],[98.99349685039935,-1.3133393942308678],[99.01639913581151,-1.320430530569856],[99.03817194467956,-1.3012537074393125],[99.04722151576037,-1.305106440851943],[99.06386256640438,-1.2961784599203252],[99.0689451137261,-1.303791250709476],[99.07732794902567,-1.2903154575511757],[99.09153601427568,-1.316556546177273],[99.08902712789967,-1.333099198380518],[99.09814237557026,-1.363075275781222],[99.10883819612592,-1.3792799573640053],[99.11679978358319,-1.3784290871934433],[99.1145209977459,-1.385183775464199],[99.10898931370592,-1.3816123302021603],[99.11162170667649,-1.3884175441840418],[99.10317345738923,-1.387136840344027],[99.10299387356848,-1.3918414151950784],[99.10882969483457,-1.3901818872320826],[99.11329423703943,-1.3989140740633086],[99.11412614500563,-1.3883269518771502],[99.12896685903337,-1.386345607815558],[99.13362891664127,-1.3956059071286475],[99.12454043279479,-1.4067818118604654],[99.12818528702142,-1.408524110726505],[99.14067764815502,-1.3970318622707676],[99.14577905156204,-1.3988815275985358],[99.16850625875689,-1.441462928162365],[99.1535642199129,-1.4457642631961658],[99.1455967014267,-1.4362923354194874],[99.13623531380875,-1.44142296858592],[99.10677353796846,-1.4231519453171408],[99.10118141588971,-1.407894926138011],[99.06778708100903,-1.3943759295485743],[99.05770341997692,-1.3974588271028532],[99.06516794944139,-1.4202077214236188],[99.05965302336841,-1.4337335141896799],[99.05368807834218,-1.4364387918131447],[99.04474556075905,-1.427995861125805],[99.03642558177523,-1.433691745177307],[99.02734676743943,-1.4256759663810339],[99.0025770757715,-1.431101994463768],[98.98169635570228,-1.4507579458029907],[98.97589585441021,-1.446505961965713],[98.95659954103604,-1.479405162466916]]]}},{"type":"Feature","properties":{"code":"1309072001","desa":"Saibi Samukop","kecamatan":"Siberut Tengah","kecCode":"130907"},"geometry":{"type":"Polygon","coordinates":[[[99.10915234730305,-1.3664165881292647],[99.10875118401997,-1.3660552863969178],[99.10923829101436,-1.3661790942642356],[99.10915234730305,-1.3664165881292647]]]}},{"type":"Feature","properties":{"code":"1309072001","desa":"Saibi Samukop","kecamatan":"Siberut Tengah","kecCode":"130907"},"geometry":{"type":"Polygon","coordinates":[[[99.11170711079461,-1.3569575755164172],[99.11113064896034,-1.3563638763771357],[99.11119805764429,-1.35612469178674],[99.11170711079461,-1.3569575755164172]]]}},{"type":"Feature","properties":{"code":"1309072001","desa":"Saibi Samukop","kecamatan":"Siberut Tengah","kecCode":"130907"},"geometry":{"type":"Polygon","coordinates":[[[99.11035509970814,-1.3513223345490586],[99.11145319171146,-1.3535310820823085],[99.1109821915749,-1.354911082767241],[99.11035509970814,-1.3513223345490586]]]}},{"type":"Feature","properties":{"code":"1309072001","desa":"Saibi Samukop","kecamatan":"Siberut Tengah","kecCode":"130907"},"geometry":{"type":"Polygon","coordinates":[[[99.1130535883525,-1.3522535141782888],[99.11323225486473,-1.3523807286774818],[99.11312270574831,-1.3524316249092907],[99.1130535883525,-1.3522535141782888]]]}},{"type":"Feature","properties":{"code":"1309072001","desa":"Saibi Samukop","kecamatan":"Siberut Tengah","kecCode":"130907"},"geometry":{"type":"Polygon","coordinates":[[[99.11219730516154,-1.3509405732402369],[99.11284627123847,-1.3520703177810387],[99.11187036292698,-1.3518260870946304],[99.11219730516154,-1.3509405732402369]]]}},{"type":"Feature","properties":{"code":"1309072001","desa":"Saibi Samukop","kecamatan":"Siberut Tengah","kecCode":"130907"},"geometry":{"type":"Polygon","coordinates":[[[99.11339921580122,-1.3544010889266596],[99.12167353080882,-1.3604363267558934],[99.12092358255734,-1.3664445687360343],[99.11004556385176,-1.3644097590795539],[99.11339921580122,-1.3544010889266596]]]}},{"type":"Feature","properties":{"code":"1309072001","desa":"Saibi Samukop","kecamatan":"Siberut Tengah","kecCode":"130907"},"geometry":{"type":"Polygon","coordinates":[[[99.11383236886877,-1.354187326371787],[99.11402788867616,-1.3542721351386033],[99.11392676530801,-1.3543823992159427],[99.11383236886877,-1.354187326371787]]]}},{"type":"Feature","properties":{"code":"1309072001","desa":"Saibi Samukop","kecamatan":"Siberut Tengah","kecCode":"130907"},"geometry":{"type":"Polygon","coordinates":[[[99.11402281560048,-1.3538175116570295],[99.11429249170523,-1.3538039282968386],[99.11423687313321,-1.3539549028845017],[99.11402281560048,-1.3538175116570295]]]}},{"type":"Feature","properties":{"code":"1309072001","desa":"Saibi Samukop","kecamatan":"Siberut Tengah","kecCode":"130907"},"geometry":{"type":"Polygon","coordinates":[[[99.11350199392193,-1.3537208399331475],[99.11372785055995,-1.3537869913648088],[99.11361661161736,-1.353846364606185],[99.11350199392193,-1.3537208399331475]]]}},{"type":"Feature","properties":{"code":"1309072001","desa":"Saibi Samukop","kecamatan":"Siberut Tengah","kecCode":"130907"},"geometry":{"type":"Polygon","coordinates":[[[99.11356939001541,-1.3532356772735497],[99.11374974365582,-1.35329504691767],[99.11360142386667,-1.353337457146675],[99.11356939001541,-1.3532356772735497]]]}},{"type":"Feature","properties":{"code":"1309072002","desa":"Cimpungan","kecamatan":"Siberut Tengah","kecCode":"130907"},"geometry":{"type":"Polygon","coordinates":[[[98.941330435851,-1.2956328915976318],[98.94242546836074,-1.28080747415504],[98.95579162338475,-1.2644971240306055],[98.95282521770969,-1.2500000023019557],[98.96422785143425,-1.2406680045388607],[98.97478985556744,-1.2469309192336846],[98.98455146757624,-1.239998307290859],[98.99100320843137,-1.2450709521718621],[99.0224681755659,-1.2355769280525726],[99.05680034505991,-1.2345396140328726],[99.0588559083735,-1.2467684135387431],[99.06807278033459,-1.2525705443959438],[99.06722802375435,-1.2603059766316962],[99.07038779985713,-1.2668923010237814],[99.06875624260658,-1.2643410170121003],[99.06525508295577,-1.2652322622458783],[99.06904860860645,-1.2728725767862483],[99.05240558395057,-1.2732665275060484],[99.06453666313654,-1.2887111128881825],[99.0488691546878,-1.2938054179406717],[99.05441109639503,-1.2981665363067305],[99.05211204793271,-1.293160282976366],[99.05758367074986,-1.293505144202308],[99.05497699479253,-1.299996614400352],[99.04722151576037,-1.305106440851943],[99.03817194467956,-1.3012537074393125],[99.01639913581151,-1.320430530569856],[98.99349685039935,-1.3133393942308678],[98.98772047342116,-1.3304259006490498],[98.9634808628516,-1.3044270075434676],[98.941330435851,-1.2956328915976318]]]}},{"type":"Feature","properties":{"code":"1309072002","desa":"Cimpungan","kecamatan":"Siberut Tengah","kecCode":"130907"},"geometry":{"type":"Polygon","coordinates":[[[99.06875650790657,-1.2743789538022694],[99.06804189132026,-1.2745282529529274],[99.0678396337921,-1.2743246950052647],[99.06875650790657,-1.2743789538022694]]]}},{"type":"Feature","properties":{"code":"1309072002","desa":"Cimpungan","kecamatan":"Siberut Tengah","kecCode":"130907"},"geometry":{"type":"Polygon","coordinates":[[[99.06805070377702,-1.2678423259463965],[99.06786641200533,-1.2671049789962476],[99.0680956249132,-1.2669195037169845],[99.06805070377702,-1.2678423259463965]]]}},{"type":"Feature","properties":{"code":"1309072002","desa":"Cimpungan","kecamatan":"Siberut Tengah","kecCode":"130907"},"geometry":{"type":"Polygon","coordinates":[[[99.06824394200436,-1.266914976529791],[99.06854055909957,-1.2662409472475553],[99.06868439756691,-1.2668561572707628],[99.06824394200436,-1.266914976529791]]]}},{"type":"Feature","properties":{"code":"1309072002","desa":"Cimpungan","kecamatan":"Siberut Tengah","kecCode":"130907"},"geometry":{"type":"Polygon","coordinates":[[[99.06916516434092,-1.2615227827410993],[99.06900784773403,-1.261133754910178],[99.06925504168684,-1.2611111297661604],[99.06916516434092,-1.2615227827410993]]]}},{"type":"Feature","properties":{"code":"1309072002","desa":"Cimpungan","kecamatan":"Siberut Tengah","kecCode":"130907"},"geometry":{"type":"Polygon","coordinates":[[[99.06823029928891,-1.2607809328854929],[99.06824826864272,-1.2605049894057685],[99.06838311029236,-1.2607944982591446],[99.06823029928891,-1.2607809328854929]]]}},{"type":"Feature","properties":{"code":"1309072002","desa":"Cimpungan","kecamatan":"Siberut Tengah","kecCode":"130907"},"geometry":{"type":"Polygon","coordinates":[[[99.07025763738011,-1.2734379976430943],[99.06997896535704,-1.2728680289146672],[99.0703609946642,-1.2728906351729086],[99.07025763738011,-1.2734379976430943]]]}},{"type":"Feature","properties":{"code":"1309072002","desa":"Cimpungan","kecamatan":"Siberut Tengah","kecCode":"130907"},"geometry":{"type":"Polygon","coordinates":[[[99.07235192460172,-1.2685162293236067],[99.0715474288708,-1.269018374780694],[99.07139010237137,-1.268258409881071],[99.07235192460172,-1.2685162293236067]]]}},{"type":"Feature","properties":{"code":"1309072002","desa":"Cimpungan","kecamatan":"Siberut Tengah","kecCode":"130907"},"geometry":{"type":"Polygon","coordinates":[[[99.0703788291197,-1.267566321312849],[99.06978105515161,-1.2671908768420646],[99.06978105155434,-1.2670551673468042],[99.0703788291197,-1.267566321312849]]]}},{"type":"Feature","properties":{"code":"1309072002","desa":"Cimpungan","kecamatan":"Siberut Tengah","kecCode":"130907"},"geometry":{"type":"Polygon","coordinates":[[[99.07027988570819,-1.2651733233769504],[99.07045066786407,-1.2648747583505107],[99.07049562137587,-1.2651778406715992],[99.07027988570819,-1.2651733233769504]]]}},{"type":"Feature","properties":{"code":"1309072002","desa":"Cimpungan","kecamatan":"Siberut Tengah","kecCode":"130907"},"geometry":{"type":"Polygon","coordinates":[[[99.06957866272518,-1.261862043888738],[99.0698752942095,-1.2617670395078369],[99.069704510255,-1.261943465808708],[99.06957866272518,-1.261862043888738]]]}},{"type":"Feature","properties":{"code":"1309072003","desa":"Saliguma","kecamatan":"Siberut Tengah","kecCode":"130907"},"geometry":{"type":"Polygon","coordinates":[[[99.17736880772435,-1.4865590777799051],[99.17646263284428,-1.4864128570085566],[99.1766711613451,-1.4854296354112564],[99.17736880772435,-1.4865590777799051]]]}},{"type":"Feature","properties":{"code":"1309072003","desa":"Saliguma","kecamatan":"Siberut Tengah","kecCode":"130907"},"geometry":{"type":"Polygon","coordinates":[[[99.16382449970097,-1.483277498402161],[99.16312950002644,-1.482667498151518],[99.163387500233,-1.4825514981982109],[99.16382449970097,-1.483277498402161]]]}},{"type":"Feature","properties":{"code":"1309072003","desa":"Saliguma","kecamatan":"Siberut Tengah","kecCode":"130907"},"geometry":{"type":"Polygon","coordinates":[[[99.17315346496046,-1.473304904553064],[99.17467144233325,-1.489259316501934],[99.16909214998282,-1.481281808355297],[99.17315346496046,-1.473304904553064]]]}},{"type":"Feature","properties":{"code":"1309072003","desa":"Saliguma","kecamatan":"Siberut Tengah","kecCode":"130907"},"geometry":{"type":"Polygon","coordinates":[[[99.15929999969529,-1.4805709986000313],[99.15963900003987,-1.4801909981637495],[99.15973299987809,-1.4804999980238962],[99.15929999969529,-1.4805709986000313]]]}},{"type":"Feature","properties":{"code":"1309072003","desa":"Saliguma","kecamatan":"Siberut Tengah","kecCode":"130907"},"geometry":{"type":"Polygon","coordinates":[[[99.17135409511546,-1.470110500957772],[99.17001914416822,-1.4695450630138192],[99.17065392703716,-1.4687964754374194],[99.17135409511546,-1.470110500957772]]]}},{"type":"Feature","properties":{"code":"1309072003","desa":"Saliguma","kecamatan":"Siberut Tengah","kecCode":"130907"},"geometry":{"type":"Polygon","coordinates":[[[99.19327916190382,-1.5415332251578677],[99.19386538497957,-1.5349450391691442],[99.18213374777429,-1.5313020258588315],[99.162180810596,-1.5351513922096787],[99.13809318185491,-1.5132932934617387],[99.10942177159757,-1.5130891977195267],[99.09970643240598,-1.5041142748750387],[99.0955741150534,-1.4772483939492096],[99.08422231101088,-1.4928871420615855],[99.06417636055066,-1.4969074956136164],[99.05194977156475,-1.5151700967314787],[99.03510642921839,-1.492763050907864],[99.01195321406965,-1.50430450846728],[99.01100282941712,-1.495931426324507],[98.99492136303053,-1.4876631268912184],[98.98654378157032,-1.4905271276611225],[98.95901505260262,-1.473029747080904],[98.97589585441021,-1.446505961965713],[98.98169635570228,-1.4507579458029907],[99.0025770757715,-1.431101994463768],[99.02734676743943,-1.4256759663810339],[99.03642558177523,-1.433691745177307],[99.04474556075905,-1.427995861125805],[99.05368807834218,-1.4364387918131447],[99.05965302336841,-1.4337335141896799],[99.06516794944139,-1.4202077214236188],[99.05804971742059,-1.3966472788893876],[99.07715767498676,-1.3962285158743295],[99.10118141588971,-1.407894926138011],[99.10677353796846,-1.4231519453171408],[99.12414986082747,-1.4351697503814176],[99.13650990021176,-1.4414452070214854],[99.14588419040312,-1.4363516663927265],[99.15344446708855,-1.4457220840929454],[99.16130174308103,-1.4454656262240144],[99.16848204990674,-1.4713561977878387],[99.14687582425995,-1.4571674427965982],[99.14244038411647,-1.4612426451008034],[99.1158508612283,-1.4359153486113563],[99.11951705366914,-1.4409526600285663],[99.11444514892452,-1.440961969810395],[99.14812002641814,-1.4850363645789126],[99.17091298394712,-1.497772839473181],[99.17272162400383,-1.5046432839809714],[99.18005672303939,-1.50368004621881],[99.1848228735768,-1.5211683409484342],[99.19676027116962,-1.5096896084036762],[99.20662217557299,-1.5268888439408757],[99.2017722217107,-1.5388343614992077],[99.19327916190382,-1.5415332251578677]]]}},{"type":"Feature","properties":{"code":"1309072003","desa":"Saliguma","kecamatan":"Siberut Tengah","kecCode":"130907"},"geometry":{"type":"Polygon","coordinates":[[[99.19236113755652,-1.5097525384638397],[99.19203573765924,-1.5092803035586433],[99.19250188595332,-1.5093820609486384],[99.19236113755652,-1.5097525384638397]]]}},{"type":"Feature","properties":{"code":"1309072003","desa":"Saliguma","kecamatan":"Siberut Tengah","kecCode":"130907"},"geometry":{"type":"Polygon","coordinates":[[[99.19134154197866,-1.5092408835753874],[99.19169508615937,-1.5088554953007307],[99.1918727031628,-1.5090145386058322],[99.19134154197866,-1.5092408835753874]]]}},{"type":"Feature","properties":{"code":"1309072003","desa":"Saliguma","kecamatan":"Siberut Tengah","kecCode":"130907"},"geometry":{"type":"Polygon","coordinates":[[[99.19697085282269,-1.5083498793599306],[99.19712179413557,-1.5096775242133815],[99.19619308044638,-1.508708943578938],[99.19697085282269,-1.5083498793599306]]]}},{"type":"Feature","properties":{"code":"1309072003","desa":"Saliguma","kecamatan":"Siberut Tengah","kecCode":"130907"},"geometry":{"type":"Polygon","coordinates":[[[99.18145601868038,-1.4890103221066693],[99.18801416012548,-1.4947433040918003],[99.1871793356579,-1.4969500722171942],[99.17974539033753,-1.4946490056787096],[99.18145601868038,-1.4890103221066693]]]}},{"type":"Feature","properties":{"code":"1309072003","desa":"Saliguma","kecamatan":"Siberut Tengah","kecCode":"130907"},"geometry":{"type":"Polygon","coordinates":[[[99.17721468730802,-1.4832693982084915],[99.17750171313361,-1.4842107734517187],[99.1768382059185,-1.4850629386460206],[99.17721468730802,-1.4832693982084915]]]}},{"type":"Feature","properties":{"code":"1309082001","desa":"Betumonga","kecamatan":"Sipora Utara","kecCode":"130908"},"geometry":{"type":"Polygon","coordinates":[[[99.65350401200061,-2.2667541575564853],[99.66150665261,-2.2845379892953104],[99.64216599996097,-2.2815590470741864],[99.63278032075526,-2.2901956548579276],[99.62467148010477,-2.2728418510420445],[99.61534026743948,-2.292531562031732],[99.60776515643686,-2.290864079565189],[99.6002168020638,-2.2833174707845876],[99.59734409675275,-2.26460714128702],[99.61017213973253,-2.2530145194977087],[99.60834234762132,-2.2440838082242434],[99.5924599155927,-2.2526234636955835],[99.59774828535514,-2.22916600882369],[99.58860617763304,-2.2224163882326176],[99.57506923505719,-2.245557213396085],[99.57411575224022,-2.2263215143490185],[99.55097762231945,-2.2078250688148064],[99.54782041108314,-2.1830534616181922],[99.56222183237173,-2.1822808162777476],[99.56694464278108,-2.172013710646614],[99.57000092040619,-2.1781293002026905],[99.58503963726952,-2.1749475671556384],[99.60229194361835,-2.162116266845494],[99.60895045659834,-2.1453451643595622],[99.6176952330486,-2.1480482035705117],[99.62120226077576,-2.159025813187377],[99.61307352892025,-2.1827020101602352],[99.62334643698851,-2.183138012279544],[99.6368976868788,-2.1994165093166624],[99.65152409695958,-2.202266396126344],[99.6428534489276,-2.221048823372929],[99.66022788500895,-2.246146141631934],[99.67079704234969,-2.2474747901287886],[99.67134771072836,-2.2612562601524364],[99.65350401200061,-2.2667541575564853]]]}},{"type":"Feature","properties":{"code":"1309082001","desa":"Betumonga","kecamatan":"Sipora Utara","kecCode":"130908"},"geometry":{"type":"Polygon","coordinates":[[[99.54183891673267,-2.2230048856931584],[99.5362383428253,-2.218029837938406],[99.53996256581978,-2.211239920525108],[99.54385594589523,-2.212986923744827],[99.54183891673267,-2.2230048856931584]]]}},{"type":"Feature","properties":{"code":"1309082002","desa":"Goisooinan","kecamatan":"Sipora Utara","kecCode":"130908"},"geometry":{"type":"Polygon","coordinates":[[[99.7019988993298,-2.0955873546393216],[99.67602572140997,-2.1076918822278508],[99.65320491187725,-2.0861169179384356],[99.64388218341611,-2.0924558019637525],[99.62913428481941,-2.0914707052799777],[99.61687237406083,-2.08398797624351],[99.61688034655084,-2.0780327969620114],[99.60702471132144,-2.078053384242213],[99.60876597776773,-2.052233156749161],[99.60429023720474,-2.0474776083246558],[99.6143626207384,-2.0314053923823145],[99.61622887316399,-2.0397276268566946],[99.63954588903162,-2.0369286596611693],[99.63375085921484,-2.044403830795239],[99.63748815025798,-2.049743068904656],[99.64057220614244,-2.0450002207059916],[99.64300037117027,-2.05055138495468],[99.6521155127208,-2.048140900601013],[99.66654291272528,-2.0653162510441225],[99.69163308230092,-2.0765738295061897],[99.69260328621279,-2.086216297521054],[99.70135000879593,-2.0847058573679895],[99.7019988993298,-2.0955873546393216]]]}},{"type":"Feature","properties":{"code":"1309082002","desa":"Goisooinan","kecamatan":"Sipora Utara","kecCode":"130908"},"geometry":{"type":"Polygon","coordinates":[[[99.61800414837278,-2.029355060427348],[99.62454002889928,-2.0354328946452864],[99.61562043863238,-2.033574954655446],[99.61800414837278,-2.029355060427348]]]}},{"type":"Feature","properties":{"code":"1309082002","desa":"Goisooinan","kecamatan":"Sipora Utara","kecCode":"130908"},"geometry":{"type":"Polygon","coordinates":[[[99.615669312289,-2.0307087325601243],[99.61397519190164,-2.0305530536188745],[99.61538410489258,-2.029792594991387],[99.615669312289,-2.0307087325601243]]]}},{"type":"Feature","properties":{"code":"1309082002","desa":"Goisooinan","kecamatan":"Sipora Utara","kecCode":"130908"},"geometry":{"type":"Polygon","coordinates":[[[99.61655605641693,-2.030152564827795],[99.61606616512148,-2.0301093290211507],[99.61569038610246,-2.0293690925491985],[99.61655605641693,-2.030152564827795]]]}},{"type":"Feature","properties":{"code":"1309082003","desa":"Tuapejat","kecamatan":"Sipora Utara","kecCode":"130908"},"geometry":{"type":"Polygon","coordinates":[[[99.52787566672866,-2.133501839463165],[99.53559048111588,-2.128236259426391],[99.5396543312824,-2.1307395097484454],[99.52787566672866,-2.133501839463165]]]}},{"type":"Feature","properties":{"code":"1309082003","desa":"Tuapejat","kecamatan":"Sipora Utara","kecCode":"130908"},"geometry":{"type":"Polygon","coordinates":[[[99.52446721908694,-2.1227030042769326],[99.52247447072028,-2.124385087236816],[99.52158824460183,-2.1228950536003413],[99.52446721908694,-2.1227030042769326]]]}},{"type":"Feature","properties":{"code":"1309082003","desa":"Tuapejat","kecamatan":"Sipora Utara","kecCode":"130908"},"geometry":{"type":"Polygon","coordinates":[[[99.5670057795931,-2.0059636769476197],[99.56230548820776,-2.0095681920798953],[99.57068651587008,-2.00670916366164],[99.57726467172728,-2.024757132580346],[99.5524406313301,-2.0185905739473493],[99.54697721033006,-2.0079273547269394],[99.55932663681489,-2.0017867280451727],[99.5670057795931,-2.0059636769476197]]]}},{"type":"Feature","properties":{"code":"1309082003","desa":"Tuapejat","kecamatan":"Sipora Utara","kecCode":"130908"},"geometry":{"type":"Polygon","coordinates":[[[99.55461684499146,-1.9928857195802359],[99.55433292362557,-1.9930927677966623],[99.55424505356643,-1.9929362839621942],[99.55461684499146,-1.9928857195802359]]]}},{"type":"Feature","properties":{"code":"1309082003","desa":"Tuapejat","kecamatan":"Sipora Utara","kecCode":"130908"},"geometry":{"type":"Polygon","coordinates":[[[99.55529796542884,-1.992796489746236],[99.55517879716382,-1.9930507190951121],[99.55500053264852,-1.9928173108501899],[99.55529796542884,-1.992796489746236]]]}},{"type":"Feature","properties":{"code":"1309082003","desa":"Tuapejat","kecamatan":"Sipora Utara","kecCode":"130908"},"geometry":{"type":"Polygon","coordinates":[[[99.55337598561329,-1.991828741883976],[99.55400355502012,-1.9919509876289452],[99.55410526114895,-1.9921778308229037],[99.55337598561329,-1.991828741883976]]]}},{"type":"Feature","properties":{"code":"1309082003","desa":"Tuapejat","kecamatan":"Sipora Utara","kecCode":"130908"},"geometry":{"type":"Polygon","coordinates":[[[99.5821225054493,-2.099909511676476],[99.58070593293252,-2.112495872634341],[99.59017495590956,-2.131482872263766],[99.61243880180933,-2.144590441608172],[99.59246606066021,-2.171111650165902],[99.57463102959836,-2.178145371986958],[99.56694464278108,-2.172013710646614],[99.56222183237173,-2.1822808162777476],[99.5478703225574,-2.183009226664764],[99.54676417802443,-2.188581663477138],[99.53135399708937,-2.1673030995459612],[99.53141370577792,-2.147290537338022],[99.54212827629895,-2.1442339908189947],[99.56661397735326,-2.1543424056793525],[99.57317460992037,-2.146964210240122],[99.56265879856477,-2.129181940623609],[99.56598224858197,-2.1232845904475894],[99.55061557055221,-2.1038408818087673],[99.54671428993258,-2.071457323789632],[99.56705113869911,-2.0618381437191853],[99.5562539951258,-2.0488469979087536],[99.58756097026264,-2.0253324567715527],[99.59343176616312,-2.029875599718216],[99.5844331173945,-2.0398608551224453],[99.59846500005978,-2.0280259973430383],[99.6143626207384,-2.0314053923823145],[99.60398640035214,-2.0498674631298925],[99.58717966041307,-2.0531948323889533],[99.58465198090424,-2.0715577061162995],[99.5567897878185,-2.071573505406031],[99.55678593602221,-2.0915876747024322],[99.59210413030142,-2.091613095838689],[99.59210440459464,-2.098294117942817],[99.5821225054493,-2.099909511676476]]]}},{"type":"Feature","properties":{"code":"1309082003","desa":"Tuapejat","kecamatan":"Sipora Utara","kecCode":"130908"},"geometry":{"type":"Polygon","coordinates":[[[99.61183046800174,-2.0190220659665923],[99.6115250078729,-2.024162913632981],[99.60891674101487,-2.020703678581078],[99.61183046800174,-2.0190220659665923]]]}},{"type":"Feature","properties":{"code":"1309082003","desa":"Tuapejat","kecamatan":"Sipora Utara","kecCode":"130908"},"geometry":{"type":"Polygon","coordinates":[[[99.57938035022306,-1.9942184240194678],[99.57851079933397,-2.0029545705657896],[99.56913519883038,-1.9930302631158696],[99.57023257317479,-1.9996278587111507],[99.5637563572701,-1.9993346869190325],[99.5698978940726,-1.988921332637649],[99.57938035022306,-1.9942184240194678]]]}},{"type":"Feature","properties":{"code":"1309082003","desa":"Tuapejat","kecamatan":"Sipora Utara","kecCode":"130908"},"geometry":{"type":"Polygon","coordinates":[[[99.58061276586653,-1.9674262875011497],[99.60552947510523,-1.9899223787979197],[99.60495946410806,-1.997373295216348],[99.59169924922105,-1.9897368846329542],[99.5871013330601,-1.993125976162517],[99.57653598075098,-1.9726125806083965],[99.58061276586653,-1.9674262875011497]]]}},{"type":"Feature","properties":{"code":"1309082003","desa":"Tuapejat","kecamatan":"Sipora Utara","kecCode":"130908"},"geometry":{"type":"Polygon","coordinates":[[[99.57129590188441,-1.9643524137443489],[99.56950384442693,-1.9666675519748196],[99.56792192615603,-1.9646833525657277],[99.57129590188441,-1.9643524137443489]]]}},{"type":"Feature","properties":{"code":"1309082003","desa":"Tuapejat","kecamatan":"Sipora Utara","kecCode":"130908"},"geometry":{"type":"Polygon","coordinates":[[[99.56724798590591,-1.9643746449852861],[99.56740623870701,-1.963954675979372],[99.56769731328046,-1.96448435508021],[99.56724798590591,-1.9643746449852861]]]}},{"type":"Feature","properties":{"code":"1309082004","desa":"Sido Makmur","kecamatan":"Sipora Utara","kecCode":"130908"},"geometry":{"type":"Polygon","coordinates":[[[99.59210413030142,-2.091613095838689],[99.55678593602221,-2.0915876747024322],[99.5567897878185,-2.071573505406031],[99.58465198090424,-2.0715577061162995],[99.58469379488281,-2.0769721032670634],[99.59211414605106,-2.076963699102574],[99.59210413030142,-2.091613095838689]]]}},{"type":"Feature","properties":{"code":"1309082005","desa":"Bukit Pamewa","kecamatan":"Sipora Utara","kecCode":"130908"},"geometry":{"type":"Polygon","coordinates":[[[99.61688034655084,-2.0780327969620114],[99.61684773983137,-2.0982970722157295],[99.59210440459464,-2.098294117942817],[99.59210358441294,-2.0783016726697023],[99.60551668944372,-2.083227666004202],[99.6045409232251,-2.0781225295169667],[99.61688034655084,-2.0780327969620114]]]}},{"type":"Feature","properties":{"code":"1309082006","desa":"Sipora Jaya","kecamatan":"Sipora Utara","kecCode":"130908"},"geometry":{"type":"Polygon","coordinates":[[[99.58717966041307,-2.0531948323889533],[99.60876597776773,-2.052233156749161],[99.60551668944372,-2.083227666004202],[99.58469379488281,-2.0769721032670634],[99.58717966041307,-2.0531948323889533]]]}}]}