{"type":"FeatureCollection","features":[{"type":"Feature","properties":{"code":"1401011011","desa":"Bangkinang","kecamatan":"Bangkinang Kota","kecCode":"140101"},"geometry":{"type":"Polygon","coordinates":[[[101.04345684535718,0.32892473851790793],[101.03466769365916,0.30556970653487453],[101.02083838058684,0.34584027751991825],[101.029676119957,0.34859817087890166],[101.03328068455602,0.33641374302350124],[101.04345684535718,0.32892473851790793]]]}},{"type":"Feature","properties":{"code":"1401011013","desa":"Langgini","kecamatan":"Bangkinang Kota","kecCode":"140101"},"geometry":{"type":"Polygon","coordinates":[[[101.02516122291217,0.348560706921206],[101.02105265485619,0.34480683867889916],[101.03466769365916,0.30556970653487453],[101.01341327020636,0.31483729575238595],[101.00378932191973,0.33453623378592695],[101.01710866003668,0.35127934217492435],[101.02516122291217,0.348560706921206]]]}},{"type":"Feature","properties":{"code":"1401012009","desa":"Kumantan","kecamatan":"Bangkinang Kota","kecCode":"140101"},"geometry":{"type":"Polygon","coordinates":[[[101.04345684535718,0.32892473851790793],[101.03328068455602,0.33641374302350124],[101.029676119957,0.34859817087890166],[101.0353011913969,0.3592787946787459],[101.04379326374816,0.36164188565996297],[101.0482412710179,0.3475602120453378],[101.04345684535718,0.32892473851790793]]]}},{"type":"Feature","properties":{"code":"1401012010","desa":"Ridan Permai","kecamatan":"Bangkinang Kota","kecCode":"140101"},"geometry":{"type":"Polygon","coordinates":[[[101.03466769365916,0.30556970653487453],[101.04305716775416,0.3256645980784408],[101.13476669982337,0.21837037984485994],[101.12793145297421,0.20879167736040233],[101.13165011456118,0.17804954035482878],[101.12334636834025,0.1667208300157952],[101.09872642368555,0.1606341797439573],[101.09949879203565,0.17988606388949338],[101.10764629364161,0.18982521734757984],[101.10538417943638,0.20606336270351955],[101.09341273261158,0.22794276998786542],[101.07665756609384,0.23527917213292027],[101.02062721797176,0.3085301946676376],[101.03466769365916,0.30556970653487453]]]}},{"type":"Feature","properties":{"code":"1401021027","desa":"Air Tiris","kecamatan":"Kampar","kecCode":"140102"},"geometry":{"type":"Polygon","coordinates":[[[101.09840033041097,0.35934544703277227],[101.10385705056251,0.35664880469958565],[101.10105844579071,0.35136967817502274],[101.08817177600672,0.3539166850111121],[101.09677425542758,0.37577717415687684],[101.09840033041097,0.35934544703277227]]]}},{"type":"Feature","properties":{"code":"1401022001","desa":"Batu Belah","kecamatan":"Kampar","kecCode":"140102"},"geometry":{"type":"Polygon","coordinates":[[[101.04305716775416,0.3256645980784408],[101.04822924978009,0.34691431085867325],[101.04379326374816,0.36164188565996297],[101.05277095741381,0.3688780331819947],[101.07796792597907,0.3024717336452042],[101.08011981387835,0.2808514426257626],[101.04305716775416,0.3256645980784408]]]}},{"type":"Feature","properties":{"code":"1401022003","desa":"Tanjung Berulak","kecamatan":"Kampar","kecCode":"140102"},"geometry":{"type":"Polygon","coordinates":[[[101.1580623900673,0.2289667848330964],[101.18732994202327,0.20160654747864246],[101.17824988302573,0.1948621762304681],[101.17872631236946,0.17364380122618248],[101.19070013430382,0.16158664093000213],[101.18926236386703,0.15435333166828072],[101.17920279837051,0.1500142637794676],[101.17102031673433,0.15315022673030632],[101.14280917860076,0.20948128919580533],[101.13206126661423,0.23825445231458903],[101.13931086170697,0.25486293669006455],[101.14338352882685,0.2562875923118508],[101.1580623900673,0.2289667848330964]]]}},{"type":"Feature","properties":{"code":"1401022006","desa":"Ranah","kecamatan":"Kampar","kecCode":"140102"},"geometry":{"type":"Polygon","coordinates":[[[101.12467109399587,0.36539210085601964],[101.12540563506205,0.3598933931629567],[101.11080488084063,0.35264232319016886],[101.1107288188799,0.36309345619184796],[101.12467109399587,0.36539210085601964]]]}},{"type":"Feature","properties":{"code":"1401022007","desa":"Penyasawan","kecamatan":"Kampar","kecCode":"140102"},"geometry":{"type":"Polygon","coordinates":[[[101.1580623900673,0.2289667848330964],[101.10274734471425,0.3306740601897974],[101.12320791681195,0.3521480971630312],[101.12849483686726,0.3500582714804157],[101.12415549737835,0.3409343219799791],[101.12753137697153,0.30662463467611845],[101.15488398720628,0.26459574430214067],[101.1580623900673,0.2289667848330964]]]}},{"type":"Feature","properties":{"code":"1401022008","desa":"Rumbio","kecamatan":"Kampar","kecCode":"140102"},"geometry":{"type":"Polygon","coordinates":[[[101.12707669143624,0.3464035346079176],[101.13966233744695,0.3521588251757174],[101.14385413056374,0.3481359175490656],[101.16073863038356,0.29087046577398096],[101.17108435565852,0.2901961397154498],[101.17157167129567,0.2627039187569794],[101.12707669143624,0.3464035346079176]]]}},{"type":"Feature","properties":{"code":"1401022013","desa":"Padang Mutung","kecamatan":"Kampar","kecCode":"140102"},"geometry":{"type":"Polygon","coordinates":[[[101.15262205556347,0.3141429930532267],[101.13966233744695,0.3521588251757174],[101.14462641887415,0.3588075256453755],[101.14985340271242,0.3568029269144022],[101.14515856121868,0.3479832216591022],[101.15309611879091,0.338628231828622],[101.15262205556347,0.3141429930532267]]]}},{"type":"Feature","properties":{"code":"1401022023","desa":"Pulau Jambu","kecamatan":"Kampar","kecCode":"140102"},"geometry":{"type":"Polygon","coordinates":[[[101.11353254798877,0.35187621682032777],[101.12205870464554,0.35784512695074877],[101.12487248277893,0.35600872302586456],[101.11883515671717,0.3475994107953387],[101.11353254798877,0.35187621682032777]]]}},{"type":"Feature","properties":{"code":"1401022024","desa":"Tanjung Rambutan","kecamatan":"Kampar","kecCode":"140102"},"geometry":{"type":"Polygon","coordinates":[[[101.11519354364718,0.2383723021733754],[101.08011981387835,0.2808514426257626],[101.07796792597907,0.3024717336452042],[101.05277095741381,0.3688780331819947],[101.07159218772932,0.3659517678504494],[101.06929731122199,0.348103838731774],[101.10832313240667,0.2736501042627795],[101.14028649032934,0.25784703112712426],[101.13387663629777,0.23824176917577067],[101.11519354364718,0.2383723021733754]]]}},{"type":"Feature","properties":{"code":"1401022025","desa":"Simpang Kubu","kecamatan":"Kampar","kecCode":"140102"},"geometry":{"type":"Polygon","coordinates":[[[101.12334636834025,0.1667208300157952],[101.13165011456118,0.17804954035482878],[101.12793145297421,0.20879167736040233],[101.13476669982337,0.21837037984485994],[101.11519354364718,0.2383723021733754],[101.13206126661423,0.23825445231458903],[101.17102031673433,0.15315022673030632],[101.14374604284563,0.1667581995447227],[101.12334636834025,0.1667208300157952]]]}},{"type":"Feature","properties":{"code":"1401022028","desa":"Limau Manis","kecamatan":"Kampar","kecCode":"140102"},"geometry":{"type":"Polygon","coordinates":[[[101.1162005397232,0.2709274112679199],[101.10832313240667,0.2736501042627795],[101.06929731122199,0.348103838731774],[101.06805101184477,0.3572271775925699],[101.07581032558613,0.3653302652708828],[101.06985508784207,0.38170159212780325],[101.08335101144007,0.37385317896284737],[101.07660681555215,0.363886114145778],[101.1162005397232,0.2709274112679199]]]}},{"type":"Feature","properties":{"code":"1401022030","desa":"Naumbai","kecamatan":"Kampar","kecCode":"140102"},"geometry":{"type":"Polygon","coordinates":[[[101.08301037702732,0.3531112791672144],[101.07660681555215,0.363886114145778],[101.08335101144007,0.37385317896284737],[101.09070739203257,0.37314929398728913],[101.08301037702732,0.3531112791672144]]]}},{"type":"Feature","properties":{"code":"1401022031","desa":"Pulau Tinggi","kecamatan":"Kampar","kecCode":"140102"},"geometry":{"type":"Polygon","coordinates":[[[101.17108435565852,0.2901961397154498],[101.1643400536506,0.290351734120428],[101.1566517485794,0.34257941492481075],[101.16182469755181,0.3639762729794641],[101.17474368177557,0.3590265600260867],[101.16660542879752,0.33671595120348424],[101.17108435565852,0.2901961397154498]]]}},{"type":"Feature","properties":{"code":"1401022032","desa":"Ranah Baru","kecamatan":"Kampar","kecCode":"140102"},"geometry":{"type":"Polygon","coordinates":[[[101.08817177600672,0.3539166850111121],[101.10105844579071,0.35136967817502274],[101.10698227830953,0.3576840412853531],[101.0990402232278,0.3363520315447721],[101.10274734471425,0.3306740601897974],[101.09729999909574,0.328021732849738],[101.08817177600672,0.3539166850111121]]]}},{"type":"Feature","properties":{"code":"1401022033","desa":"Bukit Ranah","kecamatan":"Kampar","kecCode":"140102"},"geometry":{"type":"Polygon","coordinates":[[[101.10807853659526,0.35899528700130484],[101.11435568756497,0.3484488141716714],[101.10274734471425,0.3306740601897974],[101.0990402232278,0.3363520315447721],[101.10807853659526,0.35899528700130484]]]}},{"type":"Feature","properties":{"code":"1401022034","desa":"Pulau Sarak","kecamatan":"Kampar","kecCode":"140102"},"geometry":{"type":"Polygon","coordinates":[[[101.1959737470908,0.199682146690326],[101.1580623900673,0.2289667848330964],[101.15488398720628,0.26459574430214067],[101.12753137697153,0.30662463467611845],[101.12707669143624,0.3464035346079176],[101.1617341097414,0.28469302894161747],[101.16179014559879,0.2742714215820314],[101.1783420563409,0.25685885426536237],[101.18594933069708,0.22192799173518177],[101.19846237803637,0.2113237563498728],[101.1959737470908,0.199682146690326]]]}},{"type":"Feature","properties":{"code":"1401022035","desa":"Koto Tibun","kecamatan":"Kampar","kecCode":"140102"},"geometry":{"type":"Polygon","coordinates":[[[101.1643400536506,0.290351734120428],[101.15262205556347,0.3141429930532267],[101.15067045657639,0.3446148460128139],[101.15670673222995,0.3510205829408974],[101.1643400536506,0.290351734120428]]]}},{"type":"Feature","properties":{"code":"1401022036","desa":"Ranah Singkuang","kecamatan":"Kampar","kecCode":"140102"},"geometry":{"type":"Polygon","coordinates":[[[101.0937087804359,0.3746758158171459],[101.08817177600672,0.3539166850111121],[101.09729999909574,0.328021732849738],[101.10274734471425,0.3306740601897974],[101.14338352882685,0.2562875923118508],[101.1162005397232,0.2709274112679199],[101.08296733637354,0.3514281260140908],[101.0937087804359,0.3746758158171459]]]}},{"type":"Feature","properties":{"code":"1401032001","desa":"Tambang","kecamatan":"Tambang","kecCode":"140103"},"geometry":{"type":"Polygon","coordinates":[[[101.24085771431213,0.3641645685326497],[101.23763751006311,0.35598170199574264],[101.23220952325094,0.35807680130274],[101.23297779069252,0.3668485061432426],[101.24085771431213,0.3641645685326497]]]}},{"type":"Feature","properties":{"code":"1401032002","desa":"Kuapan","kecamatan":"Tambang","kecCode":"140103"},"geometry":{"type":"Polygon","coordinates":[[[101.22201281743764,0.44882593556643574],[101.23220952325094,0.35807680130274],[101.22514253190239,0.3581006783030449],[101.21336903125588,0.37570369594850633],[101.21154411976538,0.3619192860413717],[101.20474752667705,0.3589639420307847],[101.19861266464284,0.44753055479065806],[101.22201281743764,0.44882593556643574]]]}},{"type":"Feature","properties":{"code":"1401032003","desa":"Gobah","kecamatan":"Tambang","kecCode":"140103"},"geometry":{"type":"Polygon","coordinates":[[[101.30089273541148,0.3638103957261943],[101.30419672589824,0.2705711259540081],[101.27331893332217,0.2707030331156891],[101.26691003077336,0.31220130909386135],[101.26998381100412,0.3505620267240134],[101.28344351530603,0.3532555043428507],[101.29109336356792,0.3462730052076317],[101.29407852820155,0.369672854005478],[101.30089273541148,0.3638103957261943]]]}},{"type":"Feature","properties":{"code":"1401032004","desa":"Teluk Kenidai","kecamatan":"Tambang","kecCode":"140103"},"geometry":{"type":"Polygon","coordinates":[[[101.39467456897624,0.4343634179514578],[101.39496517320424,0.412620708517298],[101.41761687421945,0.3864038098557168],[101.41367183438769,0.3520522914862433],[101.39778920720617,0.33517681368409874],[101.37677091244772,0.42583128081263444],[101.3842922925553,0.43985015207084655],[101.39467456897624,0.4343634179514578]]]}},{"type":"Feature","properties":{"code":"1401032005","desa":"Aursati","kecamatan":"Tambang","kecCode":"140103"},"geometry":{"type":"Polygon","coordinates":[[[101.28090130275295,0.3523950195203463],[101.25620102975375,0.3550368238931311],[101.26426359938569,0.3687827886822418],[101.26160754165475,0.3765715516145681],[101.28405846182862,0.4042039265178747],[101.28090130275295,0.3523950195203463]]]}},{"type":"Feature","properties":{"code":"1401032006","desa":"Padang Luas","kecamatan":"Tambang","kecCode":"140103"},"geometry":{"type":"Polygon","coordinates":[[[101.30089273541148,0.3638103957261943],[101.29407852820155,0.369672854005478],[101.29109336356792,0.3462730052076317],[101.28090130275295,0.3523950195203463],[101.2839351746686,0.39375712375175814],[101.29413232384775,0.3929407434809556],[101.30089273541148,0.3638103957261943]]]}},{"type":"Feature","properties":{"code":"1401032007","desa":"Terantang","kecamatan":"Tambang","kecCode":"140103"},"geometry":{"type":"Polygon","coordinates":[[[101.31273889498407,0.3512457641877381],[101.29333371867624,0.39535303996858356],[101.3276625489875,0.3993105542919713],[101.32612741434878,0.35410060266454707],[101.31273889498407,0.3512457641877381]]]}},{"type":"Feature","properties":{"code":"1401032008","desa":"Kualu","kecamatan":"Tambang","kecCode":"140103"},"geometry":{"type":"Polygon","coordinates":[[[101.37920310643828,0.4126198406715676],[101.39778920720617,0.33517681368409874],[101.36717177555703,0.30874429087094024],[101.32828696806916,0.3056423303873285],[101.34156433572558,0.33010461486678555],[101.33953452629743,0.3697298548353543],[101.33023189138872,0.3713312407287974],[101.32687679692667,0.3610993570457751],[101.32558418336343,0.3670758241793045],[101.3276625489875,0.3993105542919713],[101.37920310643828,0.4126198406715676]]]}},{"type":"Feature","properties":{"code":"1401032009","desa":"Rimbo Panjang","kecamatan":"Tambang","kecCode":"140103"},"geometry":{"type":"Polygon","coordinates":[[[101.33224875507601,0.47661234005435393],[101.35069309840782,0.467140059743412],[101.37032343887567,0.43539114609750673],[101.31455472871782,0.40892959946398305],[101.28973205978677,0.4124169949869873],[101.25864818036928,0.4542017149291098],[101.28303759640801,0.45793799962673337],[101.29082629729582,0.4778864518637112],[101.33224875507601,0.47661234005435393]]]}},{"type":"Feature","properties":{"code":"1401032010","desa":"Parit Baru","kecamatan":"Tambang","kecCode":"140103"},"geometry":{"type":"Polygon","coordinates":[[[101.30419672589824,0.2705711259540081],[101.3041646236985,0.36149686368494865],[101.31273889498407,0.3512457641877381],[101.32581849272928,0.3538375860399332],[101.32975663026434,0.37096064090588093],[101.33953452629743,0.3697298548353543],[101.34156433572558,0.33010461486678555],[101.32899344129434,0.3138864299636244],[101.32901317691665,0.2691949509850597],[101.30419672589824,0.2705711259540081]]]}},{"type":"Feature","properties":{"code":"1401032011","desa":"Kemang Indah","kecamatan":"Tambang","kecCode":"140103"},"geometry":{"type":"Polygon","coordinates":[[[101.26998381100412,0.3505620267240134],[101.26691003077336,0.31220130909386135],[101.27331893332217,0.2707030331156891],[101.25380573764473,0.2709663330267222],[101.25558094900167,0.35161269117938937],[101.26384247025383,0.3569730768466617],[101.26998381100412,0.3505620267240134]]]}},{"type":"Feature","properties":{"code":"1401032012","desa":"Kualu Nenas","kecamatan":"Tambang","kecCode":"140103"},"geometry":{"type":"Polygon","coordinates":[[[101.22890269270515,0.41494066081863834],[101.22201281743764,0.44882593556643574],[101.25864818036928,0.4542017149291098],[101.28973205978677,0.4124169949869873],[101.27214273879638,0.392142211155482],[101.25533681544177,0.41161825042148725],[101.22890269270515,0.41494066081863834]]]}},{"type":"Feature","properties":{"code":"1401032013","desa":"Tarai Bangun","kecamatan":"Tambang","kecCode":"140103"},"geometry":{"type":"Polygon","coordinates":[[[101.38394948807847,0.43835909770384784],[101.37677091244772,0.42583128081263444],[101.37920310643828,0.4126198406715676],[101.2839351746686,0.39375712375175814],[101.28292507503227,0.408864504735727],[101.28973205978677,0.4124169949869873],[101.31455472871782,0.40892959946398305],[101.37032343887567,0.43539114609750673],[101.36991620606811,0.4412026146154247],[101.38394948807847,0.43835909770384784]]]}},{"type":"Feature","properties":{"code":"1401032014","desa":"Sungai Pinang","kecamatan":"Tambang","kecCode":"140103"},"geometry":{"type":"Polygon","coordinates":[[[101.23161412978833,0.38382056573718826],[101.22890269270515,0.41494066081863834],[101.25533681544177,0.41161825042148725],[101.27214273879638,0.392142211155482],[101.26160754165475,0.3765715516145681],[101.23161412978833,0.38382056573718826]]]}},{"type":"Feature","properties":{"code":"1401032015","desa":"Balam Jaya","kecamatan":"Tambang","kecCode":"140103"},"geometry":{"type":"Polygon","coordinates":[[[101.24085771431213,0.3641645685326497],[101.23297779069252,0.3668485061432426],[101.23161412978833,0.38382056573718826],[101.25032163993176,0.3791119196552446],[101.24085771431213,0.3641645685326497]]]}},{"type":"Feature","properties":{"code":"1401032016","desa":"Pulau Permai","kecamatan":"Tambang","kecCode":"140103"},"geometry":{"type":"Polygon","coordinates":[[[101.23763751006311,0.35598170199574264],[101.25032163993176,0.3791119196552446],[101.26277320242144,0.3753943651378755],[101.25779161029465,0.35152970084175006],[101.24880500434755,0.3579786079259771],[101.24251217189926,0.35258397247791956],[101.23763751006311,0.35598170199574264]]]}},{"type":"Feature","properties":{"code":"1401032017","desa":"Palung Raya","kecamatan":"Tambang","kecCode":"140103"},"geometry":{"type":"Polygon","coordinates":[[[101.23220952325094,0.35807680130274],[101.24177085444141,0.3525076110430545],[101.24880500434755,0.3579786079259771],[101.25558094900167,0.35161269117938937],[101.25380573764473,0.2709663330267222],[101.24569259823488,0.27161022512797617],[101.2396851197725,0.28582852284831656],[101.23220952325094,0.35807680130274]]]}},{"type":"Feature","properties":{"code":"1401041018","desa":"Batu Bersurat","kecamatan":"Xiii Koto Kampar","kecCode":"140104"},"geometry":{"type":"Polygon","coordinates":[[[100.7370985419642,0.23697556960180352],[100.69955499956365,0.24849700015845708],[100.69531199994888,0.2176319995736864],[100.68454699994412,0.2016419996530025],[100.6858888729732,0.1886110714327624],[100.67270170731803,0.1852711782150076],[100.67060703158927,0.19596898356248604],[100.65778875434762,0.19954977637788152],[100.71826824198581,0.2935276917212224],[100.70006646289697,0.3052227408952836],[100.71177824487017,0.3191592927101423],[100.71861791638378,0.35761021503934537],[100.74343038790215,0.35602634793934973],[100.75685091683641,0.36484459179635303],[100.78708953425469,0.32848801784027054],[100.77726156486938,0.3190350405777819],[100.77882572602647,0.29218966959071146],[100.76841659584925,0.2954931483595488],[100.75814818169329,0.28709662898509347],[100.75198203764099,0.2903214008871893],[100.74071371856331,0.2760093326558409],[100.74364129241177,0.26918014904354337],[100.73453149463283,0.2554452567074952],[100.7370985419642,0.23697556960180352]]]}},{"type":"Feature","properties":{"code":"1401042004","desa":"Gunung Bungsu","kecamatan":"Xiii Koto Kampar","kecCode":"140104"},"geometry":{"type":"Polygon","coordinates":[[[100.6448346048332,0.3417823511921809],[100.63870916769399,0.3392141536308279],[100.6395988939738,0.31101801172392496],[100.62114527143716,0.3087481525597977],[100.60950355294665,0.3219483808529156],[100.6265706304303,0.36211743456687756],[100.59460714570326,0.38558690348148345],[100.60543269526272,0.4104636666057532],[100.6448346048332,0.3417823511921809]]]}},{"type":"Feature","properties":{"code":"1401042005","desa":"Koto Tuo","kecamatan":"Xiii Koto Kampar","kecCode":"140104"},"geometry":{"type":"Polygon","coordinates":[[[100.65778875434762,0.19954977637788152],[100.62641667728785,0.21944447074025528],[100.62502123074528,0.23455811190491166],[100.65578120403937,0.26513716405226523],[100.66068488340073,0.2768012099982049],[100.65786537298861,0.2969905519401913],[100.66639301532547,0.31420660479944124],[100.69266029943331,0.30065368758130767],[100.70006646289697,0.3052227408952836],[100.71826824198581,0.2935276917212224],[100.65778875434762,0.19954977637788152]]]}},{"type":"Feature","properties":{"code":"1401042006","desa":"Balung","kecamatan":"Xiii Koto Kampar","kecCode":"140104"},"geometry":{"type":"Polygon","coordinates":[[[100.86075072596532,0.046971991611596445],[100.83312096176302,0.06848293586222985],[100.82706136489014,0.05546602537475856],[100.80022222167825,0.0502222215222016],[100.79957498679623,0.058779477625086875],[100.78122164136572,0.07723256864174119],[100.77461344005825,0.10374018574496942],[100.7862588961312,0.10674283949110537],[100.78776750166894,0.12749854208141173],[100.81350208405401,0.13393218677123592],[100.82019756276736,0.14522847205388198],[100.83370073759903,0.14014140294662492],[100.8417802000962,0.14620099981274495],[100.85000928100355,0.16550193568064075],[100.84392305520487,0.18023059596362953],[100.84674257281154,0.20631983136432283],[100.91848342057345,0.2218764273070342],[100.93326818597808,0.23267180280113417],[100.93840532934252,0.25399475726808957],[100.9596640812324,0.24228358504833558],[101.0083850464328,0.19864824110122223],[101.02976656657387,0.19089025117059288],[101.07345147670434,0.15006420403196666],[101.05766681087471,0.1064371761157328],[101.05801660668112,0.07706816807531226],[101.04184817135608,0.0653920082614604],[100.99053171956324,0.06999423936435044],[100.9719023290293,0.06114847895079503],[100.94975823055795,0.06468796050861084],[100.94448556925367,0.05973401624506455],[100.94536387504284,0.04540234279313032],[100.93130345598972,0.025939838323891705],[100.92337353995696,0.024540834964155413],[100.93880661493341,0.0003214582683815255],[100.89687300498524,0.031229867329604876],[100.88125937222229,0.032640176966156224],[100.86908799801273,0.04775999017797881],[100.86075072596532,0.046971991611596445]]]}},{"type":"Feature","properties":{"code":"1401042007","desa":"Muara Takus","kecamatan":"Xiii Koto Kampar","kecCode":"140104"},"geometry":{"type":"Polygon","coordinates":[[[100.64707689887983,0.3235226494887702],[100.63906588288427,0.3403626310498729],[100.6448346048332,0.3417823511921809],[100.6643580168091,0.3818764374204767],[100.68021268856477,0.42863851547560083],[100.70863904255782,0.3998361468734194],[100.6828001064398,0.33095280865495585],[100.68825551627911,0.30290666377269493],[100.64707689887983,0.3235226494887702]]]}},{"type":"Feature","properties":{"code":"1401042010","desa":"Pulau Gadang","kecamatan":"Xiii Koto Kampar","kecCode":"140104"},"geometry":{"type":"Polygon","coordinates":[[[100.84269295621499,0.34160819657885677],[100.83711419536387,0.3175774967488161],[100.82066190792078,0.3268329622057826],[100.81332792494385,0.3220294295542878],[100.81252018535832,0.34349459381617325],[100.81889634179281,0.3492889967990018],[100.84269295621499,0.34160819657885677]]]}},{"type":"Feature","properties":{"code":"1401042011","desa":"Tanjung Alai","kecamatan":"Xiii Koto Kampar","kecCode":"140104"},"geometry":{"type":"Polygon","coordinates":[[[100.93840532934252,0.25399475726808957],[100.93326818597808,0.23267180280113417],[100.91848342057345,0.2218764273070342],[100.85714743660496,0.20957849781495275],[100.83412769793495,0.2579905521336529],[100.83299000968128,0.2785187046629219],[100.81811466456018,0.29083473211187355],[100.82365226344126,0.3156294428913796],[100.81565623464758,0.3222103992300859],[100.82066190792078,0.3268329622057826],[100.82695779536601,0.31901080564725365],[100.84351740430479,0.3182586630508249],[100.84665412358902,0.306216538519855],[100.8589280690752,0.31144879687607246],[100.87821660601162,0.28668726658335136],[100.93840532934252,0.25399475726808957]]]}},{"type":"Feature","properties":{"code":"1401042012","desa":"Ranah Sungkai","kecamatan":"Xiii Koto Kampar","kecCode":"140104"},"geometry":{"type":"Polygon","coordinates":[[[100.75685091683641,0.36484459179635303],[100.74343038790215,0.35602634793934973],[100.71861791638378,0.35761021503934537],[100.69886380941733,0.3751054714207924],[100.70863904255782,0.3998361468734194],[100.72605106130749,0.3892459696902956],[100.74003480326358,0.3973646192372835],[100.7585071802622,0.39147179265122206],[100.76992976005045,0.4021316897758003],[100.7870244602107,0.4040179718999564],[100.79018857913967,0.3924906759648893],[100.76405317521392,0.37870786595158507],[100.75314225031467,0.36925693464672066],[100.75685091683641,0.36484459179635303]]]}},{"type":"Feature","properties":{"code":"1401042013","desa":"Lubuk Agung","kecamatan":"Xiii Koto Kampar","kecCode":"140104"},"geometry":{"type":"Polygon","coordinates":[[[100.78708953425469,0.32848801784027054],[100.75314225031467,0.36925693464672066],[100.79018857913967,0.3924906759648893],[100.81427168788817,0.3805190519870329],[100.83536157767473,0.38468198765331185],[100.83893302024273,0.3753924288975776],[100.81604156986259,0.3556796502977512],[100.81889634179281,0.3492889967990018],[100.78708953425469,0.32848801784027054]]]}},{"type":"Feature","properties":{"code":"1401042014","desa":"Koto Mesjid","kecamatan":"Xiii Koto Kampar","kecCode":"140104"},"geometry":{"type":"Polygon","coordinates":[[[100.83711419536387,0.3175774967488161],[100.84269295621499,0.34160819657885677],[100.85927791884092,0.33860086905608516],[100.8589280690752,0.31144879687607246],[100.84665412358902,0.306216538519855],[100.84584120660645,0.31566714337086627],[100.83711419536387,0.3175774967488161]]]}},{"type":"Feature","properties":{"code":"1401042016","desa":"Pongkai Istiqomah","kecamatan":"Xiii Koto Kampar","kecCode":"140104"},"geometry":{"type":"Polygon","coordinates":[[[100.71861791638378,0.35761021503934537],[100.71177824487017,0.3191592927101423],[100.69266029943331,0.30065368758130767],[100.6828001064398,0.33095280865495585],[100.69886380941733,0.3751054714207924],[100.71861791638378,0.35761021503934537]]]}},{"type":"Feature","properties":{"code":"1401042017","desa":"Binamang","kecamatan":"Xiii Koto Kampar","kecCode":"140104"},"geometry":{"type":"Polygon","coordinates":[[[100.76771261734348,0.2343602421692857],[100.7403345886704,0.24201947934474588],[100.73453149463283,0.2554452567074952],[100.74364129241177,0.26918014904354337],[100.74071371856331,0.2760093326558409],[100.75198203764099,0.2903214008871893],[100.75814818169329,0.28709662898509347],[100.76841659584925,0.2954931483595488],[100.77882572602647,0.29218966959071146],[100.77726156486938,0.3190350405777819],[100.81252018535832,0.34349459381617325],[100.81332792494385,0.3220294295542878],[100.82365226344126,0.3156294428913796],[100.81811466456018,0.29083473211187355],[100.83299000968128,0.2785187046629219],[100.83412769793495,0.2579905521336529],[100.85714743660496,0.20957849781495275],[100.84674257281154,0.20631983136432283],[100.83998452376683,0.21113543201835902],[100.84281666695568,0.22384999942750156],[100.8266789048077,0.23899700993666395],[100.81643875364563,0.26053433130287507],[100.81105244591372,0.25163196216382017],[100.79918820277338,0.2581145182816181],[100.77348544289889,0.25130155214378813],[100.76754683901548,0.24628272359331144],[100.76771261734348,0.2343602421692857]]]}},{"type":"Feature","properties":{"code":"1401042019","desa":"Koto Tuo Barat","kecamatan":"Xiii Koto Kampar","kecCode":"140104"},"geometry":{"type":"Polygon","coordinates":[[[100.6448346048332,0.3417823511921809],[100.60543269526272,0.4104636666057532],[100.63168989886981,0.47120451335052616],[100.66622207938552,0.4355724925892449],[100.68021268856477,0.42863851547560083],[100.6448346048332,0.3417823511921809]]]}},{"type":"Feature","properties":{"code":"1401052001","desa":"Kuok","kecamatan":"Kuok","kecCode":"140105"},"geometry":{"type":"Polygon","coordinates":[[[100.96646717641914,0.3376765548513667],[100.98474158025975,0.29267621810559813],[100.9496042819121,0.28384927870371857],[100.93701820422682,0.32314244400710673],[100.94952810573756,0.32460597372355643],[100.95000082627716,0.3388406489976856],[100.96646717641914,0.3376765548513667]]]}},{"type":"Feature","properties":{"code":"1401052005","desa":"Merangin","kecamatan":"Kuok","kecCode":"140105"},"geometry":{"type":"Polygon","coordinates":[[[100.94391555375984,0.251986565745504],[100.90281027877143,0.26891928179860686],[100.87821660601162,0.28668726658335136],[100.8589280690752,0.31144879687607246],[100.88587900880923,0.3183254116323221],[100.92089195070302,0.3113650340207429],[100.93613276321649,0.2852013671303412],[100.93325226258189,0.27251913754333346],[100.94391555375984,0.251986565745504]]]}},{"type":"Feature","properties":{"code":"1401052006","desa":"Empat Balai","kecamatan":"Kuok","kecCode":"140105"},"geometry":{"type":"Polygon","coordinates":[[[100.94985121865886,0.33213425791811957],[100.94952810573756,0.32460597372355643],[100.94171313835075,0.32315134100008686],[100.93265689070302,0.3314574848042895],[100.91911125168296,0.31258201549795234],[100.92080879219208,0.3470706939690966],[100.90851783782801,0.35556602455461933],[100.88878059404925,0.4086246483517283],[100.88415483217983,0.47726023863525785],[100.89164845381318,0.4767292447256322],[100.89439505708629,0.44082958122708465],[100.90973916123335,0.39443300024159095],[100.93092253374799,0.35236521958505884],[100.94486402555441,0.33996235899534993],[100.9406799729025,0.33560566889108684],[100.94985121865886,0.33213425791811957]]]}},{"type":"Feature","properties":{"code":"1401052007","desa":"Pulau Jambu","kecamatan":"Kuok","kecCode":"140105"},"geometry":{"type":"Polygon","coordinates":[[[100.96646717641914,0.3376765548513667],[100.95147430159777,0.3393666750524084],[100.94689599785208,0.3322997277784488],[100.93092253374799,0.35236521958505884],[100.89439505708629,0.44082958122708465],[100.89164845381318,0.4767292447256322],[100.8971912022123,0.47656485764898676],[100.91786396664878,0.4244559134348535],[100.96646717641914,0.3376765548513667]]]}},{"type":"Feature","properties":{"code":"1401052008","desa":"Silam","kecamatan":"Kuok","kecCode":"140105"},"geometry":{"type":"Polygon","coordinates":[[[100.85927791884092,0.33860086905608516],[100.82679130837226,0.3433558113375142],[100.81604156986259,0.3556796502977512],[100.83918579269023,0.3766110606306589],[100.85016866065523,0.37389576725763],[100.85603141391869,0.38113167016407173],[100.85178172064997,0.4319586613799035],[100.86587513672822,0.47295328014069293],[100.86196897278988,0.4782701350237272],[100.88415483217983,0.47726023863525785],[100.88878059404925,0.4086246483517283],[100.90851783782801,0.35556602455461933],[100.92080879219208,0.3470706939690966],[100.92039911322854,0.3109710437308302],[100.88587900880923,0.3183254116323221],[100.8589280690752,0.31144879687607246],[100.85927791884092,0.33860086905608516]]]}},{"type":"Feature","properties":{"code":"1401052010","desa":"Bukit Melintang","kecamatan":"Kuok","kecCode":"140105"},"geometry":{"type":"Polygon","coordinates":[[[101.04622468342245,0.17455795938705793],[100.97245698769989,0.22995280062398563],[100.96724555134118,0.2437663350755833],[100.95564160257794,0.252380680141932],[100.9496042819121,0.28384927870371857],[100.97596661806506,0.2904120426567656],[100.99358307340019,0.24914521709937779],[101.0146438584274,0.2144579503342118],[101.03919270358045,0.19157422065944074],[101.04622468342245,0.17455795938705793]]]}},{"type":"Feature","properties":{"code":"1401052011","desa":"Pulau Terap","kecamatan":"Kuok","kecCode":"140105"},"geometry":{"type":"Polygon","coordinates":[[[100.97245698769989,0.22995280062398563],[100.94391555375984,0.251986565745504],[100.93325226258189,0.27251913754333346],[100.93613276321649,0.2852013671303412],[100.92089195070302,0.3113650340207429],[100.93265689070302,0.3314574848042895],[100.94171313835075,0.32315134100008686],[100.93078403185763,0.3132128260606964],[100.9496042819121,0.28384927870371857],[100.95564160257794,0.252380680141932],[100.96724555134118,0.2437663350755833],[100.97245698769989,0.22995280062398563]]]}},{"type":"Feature","properties":{"code":"1401052012","desa":"Lereng","kecamatan":"Kuok","kecCode":"140105"},"geometry":{"type":"Polygon","coordinates":[[[100.94003909982467,0.32156262205765745],[100.94325924921503,0.2974639820443616],[100.94457260564126,0.2946921590862082],[100.93078403185763,0.3132128260606964],[100.94003909982467,0.32156262205765745]]]}},{"type":"Feature","properties":{"code":"1401052013","desa":"Batu Langka Kecil","kecamatan":"Kuok","kecCode":"140105"},"geometry":{"type":"Polygon","coordinates":[[[100.86220773559859,0.4637604758465252],[100.85178172064997,0.4319586613799035],[100.85603141391869,0.38113167016407173],[100.8436650747834,0.3727225117175747],[100.83918579269023,0.3766110606306589],[100.84048327338441,0.4599169523909515],[100.86220773559859,0.4637604758465252]]]}},{"type":"Feature","properties":{"code":"1401062001","desa":"Pangkalan Baru","kecamatan":"Siak Hulu","kecCode":"140106"},"geometry":{"type":"Polygon","coordinates":[[[101.59960431208941,0.44181254022234123],[101.59042010620301,0.4357262937460369],[101.59211893004463,0.41424490031849015],[101.61356640196794,0.3976073273714826],[101.61105239305357,0.3826561037681295],[101.63672499955912,0.383334999281995],[101.63501483076988,0.35979988345535974],[101.62346102640531,0.34585664518114095],[101.57743748774995,0.3295225430622879],[101.58119602707505,0.3463018590561855],[101.57428557441978,0.3439585648511281],[101.57501287144692,0.3517141841687937],[101.56278174178401,0.3538149249230414],[101.58121233088438,0.40319774882600146],[101.5766913364361,0.451752575915304],[101.58939195087788,0.46407968031387553],[101.5982067206637,0.45590495623876937],[101.59960431208941,0.44181254022234123]]]}},{"type":"Feature","properties":{"code":"1401062002","desa":"Desa Baru","kecamatan":"Siak Hulu","kecCode":"140106"},"geometry":{"type":"Polygon","coordinates":[[[101.50697555507787,0.4462906055278049],[101.55272612521058,0.4327798548223544],[101.5525729805587,0.41297542181629343],[101.53540334438888,0.3902505762665189],[101.48007326506915,0.3913290252765542],[101.4778666786044,0.4339126246824983],[101.50016566191584,0.4340905609450426],[101.50697555507787,0.4462906055278049]]]}},{"type":"Feature","properties":{"code":"1401062003","desa":"Teratak Buluh","kecamatan":"Siak Hulu","kecCode":"140106"},"geometry":{"type":"Polygon","coordinates":[[[101.42901794492228,0.3789243705393631],[101.40740245985569,0.3952128644400333],[101.40535873791549,0.40632165186822483],[101.43472288605238,0.4033308619785314],[101.43667397062728,0.3849777198152404],[101.42927940931736,0.39504468762030426],[101.42901794492228,0.3789243705393631]]]}},{"type":"Feature","properties":{"code":"1401062005","desa":"Lubuk Siam","kecamatan":"Siak Hulu","kecCode":"140106"},"geometry":{"type":"Polygon","coordinates":[[[101.43667397062728,0.3849777198152404],[101.43900740736602,0.3946221348621716],[101.45964445792542,0.39430593053316026],[101.45910293655133,0.3761280257670445],[101.44987969289353,0.36656193087837263],[101.45092044682121,0.3760482756867215],[101.43972700889441,0.37777816300924866],[101.446651433417,0.384357814431584],[101.43667397062728,0.3849777198152404]]]}},{"type":"Feature","properties":{"code":"1401062006","desa":"Buluh Cina","kecamatan":"Siak Hulu","kecCode":"140106"},"geometry":{"type":"Polygon","coordinates":[[[101.58215587439418,0.45779669544901874],[101.57477017680229,0.43397185493168416],[101.58121233088438,0.40319774882600146],[101.56278174178401,0.3538149249230414],[101.58198710582036,0.3442942484956279],[101.57575201973998,0.2995541917374654],[101.5318966539075,0.3175097562150974],[101.45985772225612,0.3313153820285747],[101.45942618167298,0.3560562647864633],[101.53540334438888,0.3902505762665189],[101.55300282142314,0.41400905670945354],[101.5545929037396,0.4301612979244095],[101.54638751367285,0.43596447559237805],[101.55109061274162,0.44806983505362785],[101.56346482634075,0.4610626931730014],[101.58215587439418,0.45779669544901874]]]}},{"type":"Feature","properties":{"code":"1401062007","desa":"Buluh Nipis","kecamatan":"Siak Hulu","kecCode":"140106"},"geometry":{"type":"Polygon","coordinates":[[[101.58041891839844,0.32937177082208285],[101.6155594327217,0.34276234062608757],[101.63704267697801,0.318579886496165],[101.65477434176249,0.31630252428822686],[101.63901964044413,0.29373946407637924],[101.64172758456044,0.28644612776611217],[101.63348837728682,0.291246126981349],[101.6221111943762,0.28720620238301914],[101.62078946526167,0.29431146257471813],[101.60468863287417,0.2969330969526467],[101.59838756713259,0.3049923417819475],[101.58223905358948,0.2930806845980559],[101.57575201973998,0.2995541917374654],[101.58041891839844,0.32937177082208285]]]}},{"type":"Feature","properties":{"code":"1401062011","desa":"Tanah Merah","kecamatan":"Siak Hulu","kecCode":"140106"},"geometry":{"type":"Polygon","coordinates":[[[101.50517379483482,0.44569294487497657],[101.50016566191584,0.4340905609450426],[101.4509117198001,0.4356252369278126],[101.45450956376544,0.44392541732757407],[101.46348627177404,0.4415848318805397],[101.46906583032388,0.44996723279821127],[101.47617580027303,0.4452133813944318],[101.4786952177102,0.46192739671530275],[101.48991412263872,0.46180586413273417],[101.4925370943115,0.44827774212265126],[101.50517379483482,0.44569294487497657]]]}},{"type":"Feature","properties":{"code":"1401062012","desa":"Pandau Jaya","kecamatan":"Siak Hulu","kecCode":"140106"},"geometry":{"type":"Polygon","coordinates":[[[101.4778666786044,0.4339126246824983],[101.47701712683896,0.4111508565668546],[101.44697177822502,0.4036520971150443],[101.43339789509683,0.40533988627328765],[101.45486723943161,0.407928239440383],[101.4509117198001,0.4356252369278126],[101.4778666786044,0.4339126246824983]]]}},{"type":"Feature","properties":{"code":"1401062013","desa":"Tanjung Balam","kecamatan":"Siak Hulu","kecCode":"140106"},"geometry":{"type":"Polygon","coordinates":[[[101.47701712683896,0.4111508565668546],[101.48007326506915,0.3913290252765542],[101.52945342973203,0.3902778104360083],[101.45942618167298,0.3560562647864633],[101.45964445792542,0.39430593053316026],[101.43900740736602,0.3946221348621716],[101.43472288605238,0.4033308619785314],[101.42573327996695,0.40431512499072886],[101.47701712683896,0.4111508565668546]]]}},{"type":"Feature","properties":{"code":"1401062014","desa":"Kepau Jaya","kecamatan":"Siak Hulu","kecCode":"140106"},"geometry":{"type":"Polygon","coordinates":[[[101.45985772225612,0.3313153820285747],[101.50404455031581,0.32479352733606387],[101.55409808955523,0.3042416650804464],[101.57124821133596,0.3037699158091586],[101.58792138306546,0.2901709209266387],[101.58532954861981,0.2801451915339377],[101.57834442795301,0.2727216540759919],[101.5725728227776,0.27512619840757774],[101.57361798787991,0.25804286389841763],[101.56863689397754,0.25321494612958495],[101.50566028759226,0.2688677731284483],[101.4613079797795,0.2710475552972256],[101.45985772225612,0.3313153820285747]]]}},{"type":"Feature","properties":{"code":"1401062015","desa":"Pangkalan Serik","kecamatan":"Siak Hulu","kecCode":"140106"},"geometry":{"type":"Polygon","coordinates":[[[101.58223905358948,0.2930806845980559],[101.59838756713259,0.3049923417819475],[101.60468863287417,0.2969330969526467],[101.62078946526167,0.29431146257471813],[101.6221111943762,0.28720620238301914],[101.63348837728682,0.291246126981349],[101.64172758456044,0.28644612776611217],[101.63901964044413,0.29373946407637924],[101.64744758573757,0.30870246879855784],[101.65477434176249,0.31630252428822686],[101.66680560609393,0.3162524608285904],[101.6650608475801,0.27825139197689586],[101.66161956209316,0.2836285464029687],[101.65318889365254,0.2716514824260782],[101.63883299964327,0.2689779994342285],[101.58503396394633,0.2681140009604395],[101.58492370976147,0.2503107114901563],[101.56863689397754,0.25321494612958495],[101.57361798787991,0.25804286389841763],[101.5725728227776,0.27512619840757774],[101.57834442795301,0.2727216540759919],[101.58532954861981,0.2801451915339377],[101.5879783614123,0.2900417773816593],[101.58223905358948,0.2930806845980559]]]}},{"type":"Feature","properties":{"code":"1401062016","desa":"Kubang Jaya","kecamatan":"Siak Hulu","kecCode":"140106"},"geometry":{"type":"Polygon","coordinates":[[[101.40535873791549,0.40632165186822483],[101.39496517320424,0.412620708517298],[101.39688737874955,0.4332022061323521],[101.44734102726665,0.4203945085295039],[101.4485324688984,0.4332091866700212],[101.45486723943161,0.407928239440383],[101.40535873791549,0.40632165186822483]]]}},{"type":"Feature","properties":{"code":"1401071027","desa":"Lipat Kain","kecamatan":"Kampar Kiri","kecCode":"140107"},"geometry":{"type":"Polygon","coordinates":[[[101.1480368594136,0.09866219979037748],[101.18881860509457,0.029360371950788566],[101.21014768486782,0.02949008656531736],[101.21363852929477,0.053305101089944254],[101.22772852974794,0.055516898224218125],[101.23225325638276,0.06683850661706985],[101.2401379886773,0.0581191198365078],[101.24405185530895,0.07116002513547531],[101.26158955791179,0.025283513994708802],[101.1785965267084,0.013397715017598004],[101.1077022413654,0.14933123678012516],[101.13588831989011,0.13848699572338388],[101.1480368594136,0.09866219979037748]]]}},{"type":"Feature","properties":{"code":"1401072003","desa":"Kuntu","kecamatan":"Kampar Kiri","kecCode":"140107"},"geometry":{"type":"Polygon","coordinates":[[[101.14175798804075,-0.034716020688911546],[101.22253418320604,-0.08672743792379752],[101.22018216917184,-0.09059001801351335],[101.21195648860112,-0.09109581291944178],[101.1682284802602,-0.06380154983019158],[101.16572808528296,-0.07977147688287119],[101.15166761676716,-0.08977778991254794],[101.11175728177317,-0.07969617035278907],[101.11265732057893,-0.055743547864024454],[101.14175798804075,-0.034716020688911546]]]}},{"type":"Feature","properties":{"code":"1401072004","desa":"Padang Sawah","kecamatan":"Kampar Kiri","kecCode":"140107"},"geometry":{"type":"Polygon","coordinates":[[[101.11313147733586,-0.06365062290664994],[101.11175728177317,-0.07969617035278907],[101.1458598192753,-0.09059084449048276],[101.08402890331134,-0.12309059941384339],[101.04432059382042,-0.09948748045148713],[101.04430219189271,-0.07391778879216652],[101.03906190528276,-0.06991069664306736],[101.05776578935972,-0.0369208975400363],[101.11313147733586,-0.06365062290664994]]]}},{"type":"Feature","properties":{"code":"1401072005","desa":"Domo","kecamatan":"Kampar Kiri","kecCode":"140107"},"geometry":{"type":"Polygon","coordinates":[[[101.08402890331134,-0.12309059941384339],[101.11658497201893,-0.10202363966500679],[101.18615696976836,-0.1929444751914611],[101.18205347568743,-0.19859951203559256],[101.16809944193572,-0.2130253049354498],[101.15558792704127,-0.19984066459130334],[101.15939506483043,-0.19317579521057376],[101.15439819681937,-0.1795890715774057],[101.14847313942391,-0.18341643421580195],[101.11450058183645,-0.15150981725470783],[101.08252381142484,-0.139235026419536],[101.08402890331134,-0.12309059941384339]]]}},{"type":"Feature","properties":{"code":"1401072006","desa":"Iv Koto Setingkai","kecamatan":"Kampar Kiri","kecCode":"140107"},"geometry":{"type":"Polygon","coordinates":[[[100.93880661493341,0.0003214582683815255],[100.92337353995696,0.024540834964155413],[100.93130345598972,0.025939838323891705],[100.94536387504284,0.04540234279313032],[100.96703153337863,0.047078956076358286],[100.99514283957046,0.020738794536555985],[100.99385379361775,-0.008962616421572242],[100.96260729159332,-0.017267558731502545],[100.93880661493341,0.0003214582683815255]]]}},{"type":"Feature","properties":{"code":"1401072008","desa":"Teluk Paman","kecamatan":"Kampar Kiri","kecCode":"140107"},"geometry":{"type":"Polygon","coordinates":[[[101.22253418320604,-0.08672743792379752],[101.17869722829447,-0.05861399857157453],[101.15300636465207,-0.037753694934746306],[101.17559178563243,-0.03009916840819253],[101.22424008021557,-0.07891190127482854],[101.22253418320604,-0.08672743792379752]]]}},{"type":"Feature","properties":{"code":"1401072013","desa":"Sungai Geringging","kecamatan":"Kampar Kiri","kecCode":"140107"},"geometry":{"type":"Polygon","coordinates":[[[101.18881860509457,0.029360371950788566],[101.17841408664081,0.047840848223059715],[101.19003299832428,0.05357856334013928],[101.19499572267453,0.042264660338543356],[101.18881860509457,0.029360371950788566]]]}},{"type":"Feature","properties":{"code":"1401072016","desa":"Sungai Paku","kecamatan":"Kampar Kiri","kecCode":"140107"},"geometry":{"type":"Polygon","coordinates":[[[101.19003299832428,0.05357856334013928],[101.18655368500463,0.06094891219439028],[101.19759415364734,0.06408439220925898],[101.20015670706641,0.05467649886017109],[101.19003299832428,0.05357856334013928]]]}},{"type":"Feature","properties":{"code":"1401072019","desa":"Muara Selayah","kecamatan":"Kampar Kiri","kecCode":"140107"},"geometry":{"type":"Polygon","coordinates":[[[100.93809354068439,0.00022983443909522927],[100.96260729159332,-0.017267558731502545],[100.99290262295773,-0.008353343722421008],[101.0028647945747,-0.020084840620364756],[101.0025771158413,-0.03544839798549682],[100.9840772060982,-0.051252345262149536],[100.99025420406831,-0.059483324629119705],[100.98368729693128,-0.07032901449369783],[100.97309997778183,-0.07566194565752886],[100.9582307255676,-0.07139189893705294],[100.93327066181166,-0.029800299410891493],[100.94051602289618,-0.0147875513877732],[100.93809354068439,0.00022983443909522927]]]}},{"type":"Feature","properties":{"code":"1401072020","desa":"Sungai Rambai","kecamatan":"Kampar Kiri","kecCode":"140107"},"geometry":{"type":"Polygon","coordinates":[[[101.12192399789427,-0.05068387660285865],[101.11265732057893,-0.055743547864024454],[101.11313147733586,-0.06365062290664994],[101.05776578935972,-0.0369208975400363],[101.05049751894542,-0.0049791359727490245],[100.9944320558947,-0.008034356891022961],[100.99511592286159,0.019017258318589886],[101.04032990889822,0.02252261240344336],[101.12192399789427,-0.05068387660285865]]]}},{"type":"Feature","properties":{"code":"1401072021","desa":"Tanjung Harapan","kecamatan":"Kampar Kiri","kecCode":"140107"},"geometry":{"type":"Polygon","coordinates":[[[101.1337974617835,0.09962837833555267],[101.1958420143975,-0.010937836999279119],[101.17902140241586,-0.018091285564109758],[101.17559178563243,-0.03009916840819253],[101.15300636465207,-0.037753694934746306],[101.13365767656057,-0.03523113706786291],[101.12812987759183,-0.014866992101327997],[101.0606021413758,0.040220877246728334],[101.1337974617835,0.09962837833555267]]]}},{"type":"Feature","properties":{"code":"1401072023","desa":"Sungai Raja","kecamatan":"Kampar Kiri","kecCode":"140107"},"geometry":{"type":"Polygon","coordinates":[[[100.99385379361775,-0.008962616421572242],[101.05049751894542,-0.0049791359727490245],[101.05876043684475,-0.03473920700990213],[101.00258182828877,-0.03523132952280733],[101.0028647945747,-0.020084840620364756],[100.99385379361775,-0.008962616421572242]]]}},{"type":"Feature","properties":{"code":"1401072026","desa":"Sungai Sarik","kecamatan":"Kampar Kiri","kecCode":"140107"},"geometry":{"type":"Polygon","coordinates":[[[100.94536387504284,0.04540234279313032],[100.94448556925367,0.05973401624506455],[100.94975823055795,0.06468796050861084],[100.9719023290293,0.06114847895079503],[100.99053171956324,0.06999423936435044],[101.04184817135608,0.0653920082614604],[101.05801660668112,0.07706816807531226],[101.06388985503287,0.13251490199288965],[101.07345147670434,0.15006420403196666],[101.0849796144177,0.1489311661737386],[101.09465648241081,0.1577079449892803],[101.1077022413654,0.14933123678012516],[101.1337974617835,0.09962837833555267],[101.03750882107528,0.02005968768205572],[100.99511592286159,0.019017258318589886],[100.96703153337863,0.047078956076358286],[100.94536387504284,0.04540234279313032]]]}},{"type":"Feature","properties":{"code":"1401072028","desa":"Lipat Kain Utara","kecamatan":"Kampar Kiri","kecCode":"140107"},"geometry":{"type":"Polygon","coordinates":[[[101.09465648241081,0.1577079449892803],[101.14374604284563,0.1667581995447227],[101.17920279837051,0.1500142637794676],[101.21656241592278,0.12252382527724939],[101.24405185530895,0.07116002513547531],[101.24168918790576,0.059029999968514074],[101.23057279489863,0.06631804196988107],[101.22927974966079,0.05668806014247513],[101.21169943088408,0.05018187703593633],[101.21014768486782,0.02949008656531736],[101.18881860509457,0.029360371950788566],[101.19499572267453,0.042264660338543356],[101.19003299832428,0.05357856334013928],[101.17841408664081,0.047840848223059715],[101.1480368594136,0.09866219979037748],[101.13588831989011,0.13848699572338388],[101.1077022413654,0.14933123678012516],[101.09465648241081,0.1577079449892803]],[[101.19003299832428,0.05357856334013928],[101.20015670706641,0.05467649886017109],[101.19759415364734,0.06408439220925898],[101.18655368500463,0.06094891219439028],[101.19003299832428,0.05357856334013928]]]}},{"type":"Feature","properties":{"code":"1401072029","desa":"Lipat Kain Selatan","kecamatan":"Kampar Kiri","kecCode":"140107"},"geometry":{"type":"Polygon","coordinates":[[[101.17863068206037,0.013404334027834813],[101.26158955791179,0.025283513994708802],[101.26551634330468,0.009754790740152734],[101.2504586786252,-0.016767910691752888],[101.24246934978072,-0.057002723732890156],[101.23271242323978,-0.059804212627321815],[101.17863068206037,0.013404334027834813]]]}},{"type":"Feature","properties":{"code":"1401072030","desa":"Kuntu Darussalam","kecamatan":"Kampar Kiri","kecCode":"140107"},"geometry":{"type":"Polygon","coordinates":[[[101.14303189570545,-0.08767584676475726],[101.15166761676716,-0.08977778991254794],[101.16551361855868,-0.08008539783318326],[101.1682284802602,-0.06380154983019158],[101.21195648860112,-0.09109581291944178],[101.20686143980366,-0.09798600294201959],[101.21009149972298,-0.10724879157844096],[101.19318671569442,-0.12136196214903104],[101.14303189570545,-0.08767584676475726]]]}},{"type":"Feature","properties":{"code":"1401072031","desa":"Tanjung Mas","kecamatan":"Kampar Kiri","kecCode":"140107"},"geometry":{"type":"Polygon","coordinates":[[[101.14175798804075,-0.034716020688911546],[101.12192399789427,-0.05068387660285865],[101.04032990889822,0.02252261240344336],[101.0606021413758,0.040220877246728334],[101.12812987759183,-0.014866992101327997],[101.13365767656057,-0.03523113706786291],[101.14175798804075,-0.034716020688911546]]]}},{"type":"Feature","properties":{"code":"1401072032","desa":"Sungai Harapan","kecamatan":"Kampar Kiri","kecCode":"140107"},"geometry":{"type":"Polygon","coordinates":[[[101.05776578935972,-0.0369208975400363],[101.03906190528276,-0.06991069664306736],[101.0188054397193,-0.05975746137081758],[100.99056069392093,-0.05960103779097227],[100.9840772060982,-0.051252345262149536],[101.00258182828877,-0.03523132952280733],[101.05776578935972,-0.0369208975400363]]]}},{"type":"Feature","properties":{"code":"1401072033","desa":"Sungai Liti","kecamatan":"Kampar Kiri","kecCode":"140107"},"geometry":{"type":"Polygon","coordinates":[[[101.11658497201893,-0.10202363966500679],[101.14382637658603,-0.09209572233660945],[101.19817683968944,-0.12303383870300034],[101.20385235590157,-0.1462351999308263],[101.19404943083663,-0.1675028991520087],[101.20091193973427,-0.17745280310576453],[101.18795653656495,-0.19228401308150234],[101.11658497201893,-0.10202363966500679]]]}},{"type":"Feature","properties":{"code":"1401072034","desa":"Teluk Paman Timur","kecamatan":"Kampar Kiri","kecCode":"140107"},"geometry":{"type":"Polygon","coordinates":[[[101.22424008021557,-0.07891190127482854],[101.17586626681481,-0.035960006109123595],[101.1794205674053,-0.01773965424174677],[101.1958420143975,-0.010937836999279119],[101.23271242323978,-0.059804212627321815],[101.22424008021557,-0.07891190127482854]]]}},{"type":"Feature","properties":{"code":"1401081001","desa":"Sungai Pagar","kecamatan":"Kampar Kiri Hilir","kecCode":"140108"},"geometry":{"type":"Polygon","coordinates":[[[101.46130219893739,0.27124744401089734],[101.43900763489448,0.2421329845787249],[101.44719621573283,0.2394515749623573],[101.43728356168707,0.2145209514407822],[101.41465301542439,0.2121420584719236],[101.42030751358095,0.18827892122463094],[101.41601697760149,0.18299339152712255],[101.39093408803778,0.18372138912527783],[101.36694131798748,0.2182004646356139],[101.3188694042996,0.22298513400726108],[101.3130037956887,0.246147133707852],[101.31281336604404,0.25196248729710474],[101.3862509647103,0.24926451216864015],[101.40288819593353,0.2758687758147304],[101.46130219893739,0.27124744401089734]]]}},{"type":"Feature","properties":{"code":"1401082002","desa":"Mentulik","kecamatan":"Kampar Kiri Hilir","kecCode":"140108"},"geometry":{"type":"Polygon","coordinates":[[[101.42030751358095,0.18827892122463094],[101.41465301542439,0.2121420584719236],[101.43728356168707,0.2145209514407822],[101.44719621573283,0.2394515749623573],[101.4735625538688,0.23133246676113853],[101.46979821301714,0.20645378718154403],[101.4892151704438,0.18841578634868106],[101.49438519841821,0.1936074906765766],[101.49059234995705,0.20139883286455687],[101.49865045175699,0.19360734678500324],[101.50325977222074,0.19695635013511786],[101.50298148870478,0.19034910121712748],[101.5121347129467,0.20300389518650538],[101.50945453359994,0.18951380100908682],[101.51693651620728,0.18840797303877654],[101.5198074345655,0.20259909774351825],[101.52274799462428,0.19360771820504166],[101.53283878458228,0.19146140700415393],[101.53020645006768,0.18565516804390286],[101.53764647300636,0.19834698170596862],[101.54893407894463,0.19966287511821718],[101.55202166197016,0.19312196918749697],[101.55715015655453,0.19787867503944923],[101.55150028630925,0.20939110877842618],[101.58478881235384,0.2021719845232684],[101.58474422216818,0.19574350733802356],[101.57111804975823,0.19182460720524475],[101.56781640020677,0.20237475016823123],[101.56756829973727,0.13088361094348797],[101.55848279984137,0.13255091714282913],[101.53977624657658,0.11188829978006624],[101.50557107574463,0.10405037001215778],[101.5079111863522,0.09459355804048664],[101.49561177296499,0.0765564466371098],[101.49711186462093,0.0651042953541322],[101.51719717480984,0.052959166972769554],[101.52098091673598,0.0016012555917216823],[101.42030751358095,0.18827892122463094]]]}},{"type":"Feature","properties":{"code":"1401082003","desa":"Sungai Simpang Dua","kecamatan":"Kampar Kiri Hilir","kecCode":"140108"},"geometry":{"type":"Polygon","coordinates":[[[101.40288819593353,0.2758687758147304],[101.3862509647103,0.24926451216864015],[101.33400964562871,0.2484759371368168],[101.33676341200191,0.26837676757354884],[101.35598714559035,0.270419491263983],[101.35554238767111,0.28482199981680406],[101.38916304593789,0.2852931258579246],[101.38566181344196,0.27804104324850126],[101.40288819593353,0.2758687758147304]]]}},{"type":"Feature","properties":{"code":"1401082004","desa":"Sungai Bungo","kecamatan":"Kampar Kiri Hilir","kecCode":"140108"},"geometry":{"type":"Polygon","coordinates":[[[101.46130219893739,0.27124744401089734],[101.50566028759226,0.2688677731284483],[101.54768445657247,0.25485977827105266],[101.58492370976147,0.2503107114901563],[101.58936869081248,0.24181588632360315],[101.57819375643675,0.23452924456658997],[101.58082433007881,0.22100395002500992],[101.48815341105113,0.22773977501579984],[101.48801164642042,0.24227070585736935],[101.4474542573082,0.2530313477354372],[101.46130219893739,0.27124744401089734]]]}},{"type":"Feature","properties":{"code":"1401082005","desa":"Rantau Kasih","kecamatan":"Kampar Kiri Hilir","kecCode":"140108"},"geometry":{"type":"Polygon","coordinates":[[[101.39597046056838,0.1825605262430443],[101.41601697760149,0.18299339152712255],[101.42030751358095,0.18827892122463094],[101.52227261658804,-0.004992221108542213],[101.53400118530651,-0.0025304160430004155],[101.54051732841202,-0.016957887077786712],[101.54669199623866,-0.043654518292503594],[101.51513538908699,-0.06403158291950556],[101.51607099158304,-0.10236313553566606],[101.49986141677101,-0.10343931195889282],[101.48913332674168,-0.09730965161018595],[101.47950762117982,-0.0730076497015448],[101.45793741158234,-0.06656449468117376],[101.4413811670073,-0.04578740081663301],[101.42361749804917,0.01970567855223329],[101.37692360743858,0.07689022461817133],[101.35837807778613,0.12390328007369333],[101.36029341430968,0.15129647308455435],[101.3809157996245,0.17111776388227742],[101.39866187244752,0.1735144931052362],[101.39597046056838,0.1825605262430443]]]}},{"type":"Feature","properties":{"code":"1401082006","desa":"Sungai Petai","kecamatan":"Kampar Kiri Hilir","kecCode":"140108"},"geometry":{"type":"Polygon","coordinates":[[[101.34962653393745,0.21792105966540393],[101.36694131798748,0.2182004646356139],[101.39866187244752,0.1735144931052362],[101.37167023389425,0.16477284090957858],[101.37202495798549,0.17763473435679927],[101.34654554743913,0.20341829199304057],[101.35383764898836,0.20637479433039924],[101.34962653393745,0.21792105966540393]]]}},{"type":"Feature","properties":{"code":"1401082007","desa":"Gading Permai","kecamatan":"Kampar Kiri Hilir","kecCode":"140108"},"geometry":{"type":"Polygon","coordinates":[[[101.58478881235384,0.2021719845232684],[101.55150028630925,0.20939110877842618],[101.55715015655453,0.19787867503944923],[101.55202166197016,0.19312196918749697],[101.54893407894463,0.19966287511821718],[101.53764647300636,0.19834698170596862],[101.53020645006768,0.18565516804390286],[101.53283878458228,0.19146140700415393],[101.52274799462428,0.19360771820504166],[101.5198074345655,0.20259909774351825],[101.51693651620728,0.18840797303877654],[101.50945453359994,0.18951380100908682],[101.51361234673249,0.19397687011949633],[101.5121347129467,0.20300389518650538],[101.50298148870478,0.19034910121712748],[101.50325977222074,0.19695635013511786],[101.49865045175699,0.19360734678500324],[101.49059234995705,0.20139883286455687],[101.49438519841821,0.1936074906765766],[101.4892151704438,0.18841578634868106],[101.46979821301714,0.20645378718154403],[101.47453475877217,0.24316405010878267],[101.48801164642042,0.24227070585736935],[101.48815341105113,0.22773977501579984],[101.58082433007881,0.22100395002500992],[101.58478881235384,0.2021719845232684]]]}},{"type":"Feature","properties":{"code":"1401082008","desa":"Bangun Sari","kecamatan":"Kampar Kiri Hilir","kecCode":"140108"},"geometry":{"type":"Polygon","coordinates":[[[101.4735625538688,0.23133246676113853],[101.43900763489448,0.2421329845787249],[101.4474542573082,0.2530313477354372],[101.47453475877217,0.24316405010878267],[101.4735625538688,0.23133246676113853]]]}},{"type":"Feature","properties":{"code":"1401092001","desa":"Gema","kecamatan":"Kampar Kiri Hulu","kecCode":"140109"},"geometry":{"type":"Polygon","coordinates":[[[101.08252381142484,-0.139235026419536],[101.09502210178862,-0.14598527383789542],[101.08852219324466,-0.1650855493738231],[101.0611411536414,-0.15132286438930417],[101.07851716533497,-0.14664796356853516],[101.08252381142484,-0.139235026419536]]]}},{"type":"Feature","properties":{"code":"1401092002","desa":"Tanjung Belit","kecamatan":"Kampar Kiri Hulu","kecCode":"140109"},"geometry":{"type":"Polygon","coordinates":[[[101.09521355666037,-0.14702121639148744],[101.11450058183645,-0.15150981725470783],[101.14847313942391,-0.18341643421580195],[101.15485029320654,-0.18023152656200883],[101.15939506483043,-0.19317579521057376],[101.15558792704127,-0.19984066459130334],[101.16809944193572,-0.2130253049354498],[101.15271544566133,-0.2385028745410897],[101.14807148601034,-0.2633225424067576],[101.13178060259281,-0.24357554460312894],[101.14010871684387,-0.22851355689941658],[101.1235357709591,-0.21568112344375373],[101.11287551859039,-0.21603804277967406],[101.11292773142974,-0.20608373574517438],[101.06807654269834,-0.18459963176099561],[101.0625175255634,-0.1656067748473995],[101.05374841255923,-0.15940510668193314],[101.0612226708896,-0.153452881673421],[101.08852219324466,-0.1650855493738231],[101.09521355666037,-0.14702121639148744]]]}},{"type":"Feature","properties":{"code":"1401092003","desa":"Tanjung Belit Selatan","kecamatan":"Kampar Kiri Hulu","kecCode":"140109"},"geometry":{"type":"Polygon","coordinates":[[[101.04432059382042,-0.09948748045148713],[101.08402890331134,-0.12309059941384339],[101.08067380705063,-0.14505712042738297],[101.0624803880595,-0.14752534395435563],[101.06526238684971,-0.15626395824021969],[101.04871111282766,-0.16069947841832838],[101.0178979734128,-0.1368484658308467],[101.00749748841842,-0.12131231327683463],[101.02886640905756,-0.10574344698408202],[101.02738592532023,-0.10047850276822527],[101.04254156843871,-0.10929915231168627],[101.04432059382042,-0.09948748045148713]],[[101.04750672905237,-0.12137222161483431],[101.03308403969675,-0.1249017422817239],[101.037343438449,-0.1428430201293866],[101.06066054694674,-0.1379007652537645],[101.04750672905237,-0.12137222161483431]]]}},{"type":"Feature","properties":{"code":"1401092004","desa":"Koto Lama","kecamatan":"Kampar Kiri Hulu","kecCode":"140109"},"geometry":{"type":"Polygon","coordinates":[[[101.0099125017606,-0.11579998355281051],[101.00795598707917,-0.12269372949466041],[101.01726340997845,-0.12895510275145794],[101.0178979734128,-0.1368484658308467],[101.04711342404534,-0.16016632073981257],[101.01495017561018,-0.1757328371040476],[101.0151431350477,-0.19008173347248913],[101.02241313126103,-0.19875551383344459],[101.01368237344286,-0.2039306427567539],[101.00929748958754,-0.18676562642349132],[100.9942255904387,-0.18036165936122958],[100.98513473687865,-0.16633271569613478],[100.99347886535742,-0.1517870296778094],[100.977308999211,-0.13636026526141617],[100.97981356884117,-0.10528055243771893],[100.98747503544462,-0.09838713744630535],[100.99710296682849,-0.09672443577582146],[101.0099125017606,-0.11579998355281051]]]}},{"type":"Feature","properties":{"code":"1401092005","desa":"Batu Sanggan","kecamatan":"Kampar Kiri Hulu","kecCode":"140109"},"geometry":{"type":"Polygon","coordinates":[[[101.06721915334134,-0.17798833859177624],[101.07445608058373,-0.18932417336006643],[101.11292773142974,-0.20608373574517438],[101.11287551859039,-0.21603804277967406],[101.1235357709591,-0.21568112344375373],[101.14010871684387,-0.22851355689941658],[101.13178060259281,-0.24357554460312894],[101.14807148601034,-0.2633225424067576],[101.13617977487678,-0.2792791855734356],[101.12064097829858,-0.2676200544225028],[101.11653117367479,-0.2542351107772289],[101.10765578508646,-0.2529026122827663],[101.09695514956057,-0.23570505847791812],[101.08558203608213,-0.23018541816490454],[101.08269301976713,-0.21559765376744594],[101.06993910880288,-0.20564357336208736],[101.04069324579672,-0.20742461682045976],[101.0151431350477,-0.19008173347248913],[101.01495017561018,-0.1757328371040476],[101.03802932439385,-0.16185376096116702],[101.04312140093195,-0.1654895122459788],[101.05168509798892,-0.15933415826646452],[101.04478383280771,-0.1755349763616013],[101.05028038842924,-0.17622502167014586],[101.04963127036687,-0.18863153170871777],[101.06721915334134,-0.17798833859177624]]]}},{"type":"Feature","properties":{"code":"1401092006","desa":"Aur Kuning","kecamatan":"Kampar Kiri Hulu","kecCode":"140109"},"geometry":{"type":"Polygon","coordinates":[[[101.0299240306695,-0.25584320831106727],[101.06321039744194,-0.26203050261239996],[101.07285128895585,-0.2758874923051945],[101.087256545853,-0.2748881179846587],[101.11587769479986,-0.3112994237810274],[101.13659953793837,-0.30042005160789664],[101.1417847986296,-0.3085856907317435],[101.14041379566021,-0.333205663237929],[101.125221272244,-0.3447162066019154],[101.12158419895165,-0.36208856073333445],[101.10239576105556,-0.37840764237539487],[101.06293409962905,-0.3723608788348089],[101.0699139934361,-0.3626687862296981],[101.07039074203918,-0.31051058344919386],[101.0550425603659,-0.2804376877353036],[101.03814125041843,-0.26269214373350636],[101.02996661087047,-0.26306809811983334],[101.0299240306695,-0.25584320831106727]]]}},{"type":"Feature","properties":{"code":"1401092007","desa":"Ludai","kecamatan":"Kampar Kiri Hulu","kecCode":"140109"},"geometry":{"type":"Polygon","coordinates":[[[100.94740653308509,-0.06605591367553612],[100.98189501734123,-0.07783835177135201],[100.98958714543049,-0.08761592133961309],[100.97101197142541,-0.09659899204171415],[100.974766965623,-0.10648241631124818],[100.96715700858915,-0.11665933792752865],[100.95714862081222,-0.10798022098954943],[100.95391100568845,-0.12015391273844114],[100.94001630740672,-0.1165893688738096],[100.92854069909407,-0.12145869142951053],[100.92356708395378,-0.16714993053781207],[100.91409832088084,-0.1739114437634875],[100.89438564658035,-0.14140715625697642],[100.90830469940244,-0.11923007787237493],[100.88693554044288,-0.07687150592921606],[100.91331794856454,-0.06389323121607873],[100.93141020371797,-0.07183343548422516],[100.94740653308509,-0.06605591367553612]]]}},{"type":"Feature","properties":{"code":"1401092008","desa":"Tanjung Karang","kecamatan":"Kampar Kiri Hulu","kecCode":"140109"},"geometry":{"type":"Polygon","coordinates":[[[100.88961096957064,0.0298013976830588],[100.8967374168983,0.03131083509198595],[100.93243483639861,0.008286166364250891],[100.94051602289618,-0.0147875513877732],[100.9182380045803,-0.06439244848062207],[100.88693554044288,-0.07687150592921606],[100.88360341556523,-0.08492283672446926],[100.85714251731339,-0.07857587049210463],[100.83762741057659,-0.06079875848778838],[100.84681495024984,-0.05161732162426415],[100.8709335426489,-0.05931991781356221],[100.87329951506062,-0.04020632151949931],[100.88461589840504,-0.03280035411629526],[100.88607491802308,-0.0148288599472915],[100.89719176159058,0.004152776125138826],[100.8897669848585,0.00910603240730825],[100.89635312489685,0.019894824864041413],[100.88961096957064,0.0298013976830588]]]}},{"type":"Feature","properties":{"code":"1401092009","desa":"Batu Sasak","kecamatan":"Kampar Kiri Hulu","kecCode":"140109"},"geometry":{"type":"Polygon","coordinates":[[[100.8387685738107,-0.05572336797666905],[100.82391666682076,-0.019666666661282466],[100.84284422308247,-0.004574938377499289],[100.8445606322674,0.033914560370747214],[100.86843059359705,0.048164016902031315],[100.87760760400778,0.03425255527296015],[100.89509961925211,0.025069479844602994],[100.88966852078568,0.009703316244221773],[100.89719176159058,0.004152776125138826],[100.88607491802308,-0.0148288599472915],[100.88461589840504,-0.03280035411629526],[100.87329951506062,-0.04020632151949931],[100.8709335426489,-0.05931991781356221],[100.84747064055766,-0.05161006769268617],[100.8387685738107,-0.05572336797666905]]]}},{"type":"Feature","properties":{"code":"1401092010","desa":"Pangkalan Kapas","kecamatan":"Kampar Kiri Hulu","kecCode":"140109"},"geometry":{"type":"Polygon","coordinates":[[[100.7713347214203,-0.16906355924668504],[100.76561825008224,-0.14783627196089677],[100.75301330192241,-0.131823865431511],[100.76131361543104,-0.12650606626035443],[100.79532953742823,-0.14698820677576588],[100.80636044537829,-0.14526700060900152],[100.80739139129975,-0.12213402652740549],[100.80062719808677,-0.10397697973747415],[100.81024695643197,-0.09944678433030751],[100.81582148957017,-0.08732839549128503],[100.82839491559291,-0.0864978589921577],[100.82921155666803,-0.0947617337609435],[100.84076567759398,-0.0997235947564232],[100.85153625159677,-0.07233986890886268],[100.85725677168273,-0.07863374006698924],[100.88690068272041,-0.08359046233637261],[100.90263906943757,-0.10265646560847201],[100.90830469940244,-0.11923007787237493],[100.89438564658035,-0.14140715625697642],[100.91971588028372,-0.18173011275113807],[100.90632671340715,-0.19170891821742925],[100.88877550838305,-0.1899465563759024],[100.87658502268071,-0.19624445469823218],[100.85963701093937,-0.19542867337581055],[100.83686268556454,-0.18433199891635763],[100.82139816759143,-0.20683093117104798],[100.7849998290789,-0.17218742361796696],[100.7713347214203,-0.16906355924668504]]]}},{"type":"Feature","properties":{"code":"1401092011","desa":"Kebun Tinggi","kecamatan":"Kampar Kiri Hulu","kecCode":"140109"},"geometry":{"type":"Polygon","coordinates":[[[100.75468146787551,-0.044175821107780844],[100.75886295386225,-0.04196995050583049],[100.77017833895923,-0.06006096277595234],[100.77730838357506,-0.058974302955670764],[100.79069803788421,-0.07042659633149541],[100.80795876368602,-0.06808725464685961],[100.82157303266939,-0.05952939419954007],[100.82465030406831,-0.04793525435481999],[100.83296705178803,-0.04595881339703388],[100.83898902192588,-0.06383002686280123],[100.84935470675434,-0.07259314947299857],[100.84421507766375,-0.09642749132769259],[100.83386060828053,-0.09838182784892156],[100.82839491559291,-0.0864978589921577],[100.8118887605579,-0.09217467561764872],[100.81174598688783,-0.08470314763735239],[100.8001778095583,-0.08052046465758768],[100.79652500082817,-0.07240548524388839],[100.77402807943236,-0.08211746455739746],[100.75468146787551,-0.044175821107780844]]]}},{"type":"Feature","properties":{"code":"1401092012","desa":"Tanjung Beringin","kecamatan":"Kampar Kiri Hulu","kecCode":"140109"},"geometry":{"type":"Polygon","coordinates":[[[100.9961452940701,-0.21861806462732628],[101.02643177520632,-0.1978627829196409],[101.04069324579672,-0.20742461682045976],[101.06571977934442,-0.20404470377172],[101.08247886870487,-0.21531211632015076],[101.08558203608213,-0.23018541816490454],[101.06022816909478,-0.23694237632442874],[101.04240137042694,-0.25420812571997825],[101.0299240306695,-0.25584320831106727],[101.02996661087047,-0.26306809811983334],[101.02250700069759,-0.2633617636397363],[101.01818589856042,-0.25586646028258925],[100.99589434724639,-0.26487567157856834],[100.95963362838933,-0.2629078038578323],[100.94569061582932,-0.24946057676504693],[100.94343907135611,-0.2247529986005237],[100.96645358586436,-0.23268973418344796],[100.97671983355353,-0.21902707719272146],[100.9961452940701,-0.21861806462732628]]]}},{"type":"Feature","properties":{"code":"1401092013","desa":"Gajah Bertalut","kecamatan":"Kampar Kiri Hulu","kecCode":"140109"},"geometry":{"type":"Polygon","coordinates":[[[101.08558203608213,-0.23018541816490454],[101.09695514956057,-0.23570505847791812],[101.10765578508646,-0.2529026122827663],[101.11653117367479,-0.2542351107772289],[101.12064097829858,-0.2676200544225028],[101.13617977487678,-0.2792791855734356],[101.14663532536002,-0.2687843581108611],[101.13758694408227,-0.2806757940385724],[101.13659953793837,-0.30042005160789664],[101.12861732902654,-0.30750537293051544],[101.11587769479986,-0.3112994237810274],[101.087256545853,-0.2748881179846587],[101.07285128895585,-0.2758874923051945],[101.06321039744194,-0.26203050261239996],[101.04038024934908,-0.2550746036246205],[101.06634338364029,-0.23349215967412676],[101.08558203608213,-0.23018541816490454]]]}},{"type":"Feature","properties":{"code":"1401092014","desa":"Danau Sontul","kecamatan":"Kampar Kiri Hulu","kecCode":"140109"},"geometry":{"type":"Polygon","coordinates":[[[101.0189960384365,-0.05980831533452951],[101.04430219189271,-0.07391778879216652],[101.04307312802251,-0.1087473957539785],[101.02801349292844,-0.10030019148837577],[101.02886640905756,-0.10574344698408202],[101.01493228359806,-0.11560869145852129],[101.00311881078454,-0.10885757079839367],[100.98598993998382,-0.08085711057664947],[100.97309997778183,-0.07566194565752886],[100.99525076001463,-0.057425936593357985],[101.0189960384365,-0.05980831533452951]]]}},{"type":"Feature","properties":{"code":"1401092015","desa":"Pangkalan Serai","kecamatan":"Kampar Kiri Hulu","kecCode":"140109"},"geometry":{"type":"Polygon","coordinates":[[[100.9967095116347,-0.31871629726267214],[100.94850092707615,-0.3121220372529775],[100.94540878718584,-0.3173199352117095],[100.90130769869143,-0.32520752374428386],[100.89080938634419,-0.3314603786227023],[100.8897620475805,-0.34155970673288577],[100.87249999977524,-0.34499999936443904],[100.86083333319182,-0.3322222213067243],[100.84499999965031,-0.3427777772890638],[100.84415833314061,-0.33027222131638073],[100.8353378958273,-0.32439396644543333],[100.84543722304949,-0.31620229104909553],[100.84291239079425,-0.29004222774206484],[100.8130352154029,-0.27573484767646594],[100.80188333334921,-0.24255277801685354],[100.77472323019299,-0.2143931234039595],[100.7837502831491,-0.2004182316917695],[100.78390925360924,-0.18595188116628092],[100.77261296921324,-0.17951823467787356],[100.7713347214203,-0.16906355924668504],[100.7849998290789,-0.17218742361796696],[100.82139816759143,-0.20683093117104798],[100.83686268556454,-0.18433199891635763],[100.85963701093937,-0.19542867337581055],[100.87658502268071,-0.19624445469823218],[100.88877550838305,-0.1899465563759024],[100.90632671340715,-0.19170891821742925],[100.91971588028372,-0.18173011275113807],[100.94286886520602,-0.20059927780989606],[100.93877619266719,-0.20807078420646422],[100.94569061582932,-0.24946057676504693],[100.95963362838933,-0.2629078038578323],[100.98468608039836,-0.26293480330432434],[100.9967095116347,-0.31871629726267214]]]}},{"type":"Feature","properties":{"code":"1401092016","desa":"Dua Sepakat","kecamatan":"Kampar Kiri Hulu","kecCode":"140109"},"geometry":{"type":"Polygon","coordinates":[[[100.99419093956027,-0.09468590832200788],[100.97981356884117,-0.10528055243771893],[100.97764691857047,-0.13955161026242655],[100.99347886535742,-0.1517870296778094],[100.97685124339023,-0.17577944536833154],[100.96228246456415,-0.18082494871003035],[100.92356708395378,-0.16714993053781207],[100.92854069909407,-0.12145869142951053],[100.94001630740672,-0.1165893688738096],[100.95391100568845,-0.12015391273844114],[100.95714862081222,-0.10798022098954943],[100.96715700858915,-0.11665933792752865],[100.974766965623,-0.10648241631124818],[100.97101197142541,-0.09659899204171415],[100.98958714543049,-0.08761592133961309],[100.99419093956027,-0.09468590832200788]]]}},{"type":"Feature","properties":{"code":"1401092017","desa":"Terusan","kecamatan":"Kampar Kiri Hulu","kecCode":"140109"},"geometry":{"type":"Polygon","coordinates":[[[101.0413888893858,-0.3761111102187364],[101.03805383631554,-0.3517885659958821],[101.0263394687915,-0.34345010955059874],[101.03138288571165,-0.29690554062593444],[101.02638601770057,-0.2896243892300536],[101.0072265307798,-0.28783746960145246],[100.98528790041631,-0.2644949552819778],[101.01818589856042,-0.25586646028258925],[101.02250700069759,-0.2633617636397363],[101.03814125041843,-0.26269214373350636],[101.06838723598217,-0.3033722003273277],[101.06977122606128,-0.3631684720409742],[101.06320826874668,-0.3722620082685212],[101.0413888893858,-0.3761111102187364]]]}},{"type":"Feature","properties":{"code":"1401092018","desa":"Deras Tajak","kecamatan":"Kampar Kiri Hulu","kecCode":"140109"},"geometry":{"type":"Polygon","coordinates":[[[100.9343384817356,-0.031349324976268925],[100.94215056859396,-0.03762899853725077],[100.9582307255676,-0.07139189893705294],[100.94740653308509,-0.06605591367553612],[100.93141020371797,-0.07183343548422516],[100.9182380045803,-0.06439244848062207],[100.92547447406781,-0.038858494080732324],[100.9343384817356,-0.031349324976268925]]]}},{"type":"Feature","properties":{"code":"1401092019","desa":"Sungai Santi","kecamatan":"Kampar Kiri Hulu","kecCode":"140109"},"geometry":{"type":"Polygon","coordinates":[[[100.98414675337006,-0.16437306687960504],[100.9942255904387,-0.18036165936122958],[101.00929748958754,-0.18676562642349132],[101.009138604563,-0.209379370627156],[100.9961452940701,-0.21861806462732628],[100.97676886998744,-0.21899709649371812],[100.96645358586436,-0.23268973418344796],[100.944974407443,-0.22606598630321195],[100.93890468330453,-0.20975306231925278],[100.94286886520602,-0.20059927780989606],[100.92225511698014,-0.18810155493232222],[100.9160531934002,-0.17388276078613915],[100.92606980008128,-0.1671301526473774],[100.96228246456415,-0.18082494871003035],[100.97685124339023,-0.17577944536833154],[100.98414675337006,-0.16437306687960504]]]}},{"type":"Feature","properties":{"code":"1401092020","desa":"Subayang Jaya","kecamatan":"Kampar Kiri Hulu","kecCode":"140109"},"geometry":{"type":"Polygon","coordinates":[[[101.0263394687915,-0.34345010955059874],[100.9967095116347,-0.31871629726267214],[100.98778633397217,-0.2705625812953224],[100.99709002558427,-0.2727278924730731],[101.00803554740263,-0.2883847466360293],[101.02638601770057,-0.2896243892300536],[101.03138288571165,-0.29690554062593444],[101.0263394687915,-0.34345010955059874]]]}},{"type":"Feature","properties":{"code":"1401092021","desa":"Tanjung Permai","kecamatan":"Kampar Kiri Hulu","kecCode":"140109"},"geometry":{"type":"Polygon","coordinates":[[[100.74637469633524,-0.052249645746041705],[100.73644657215164,-0.04922548471319918],[100.74063611066804,-0.039016666842023755],[100.76009148533382,-0.049940565348887404],[100.77402807943236,-0.08211746455739746],[100.79652500082817,-0.07240548524388839],[100.8001778095583,-0.08052046465758768],[100.81174598688783,-0.08470314763735239],[100.81024695643197,-0.09944678433030751],[100.79962072721484,-0.10796236045374707],[100.80739139129975,-0.12213402652740549],[100.80636044537829,-0.14526700060900152],[100.79532953742823,-0.14698820677576588],[100.76131361543104,-0.12650606626035443],[100.75301330192241,-0.131823865431511],[100.75960644857878,-0.11963400387232294],[100.74637469633524,-0.052249645746041705]]]}},{"type":"Feature","properties":{"code":"1401092022","desa":"Bukit Betung","kecamatan":"Kampar Kiri Hulu","kecCode":"140109"},"geometry":{"type":"Polygon","coordinates":[[[101.04750672905237,-0.12137222161483431],[101.06066054694674,-0.1379007652537645],[101.037343438449,-0.1428430201293866],[101.03308403969675,-0.1249017422817239],[101.04750672905237,-0.12137222161483431]]]}},{"type":"Feature","properties":{"code":"1401092023","desa":"Muaro Bio","kecamatan":"Kampar Kiri Hulu","kecCode":"140109"},"geometry":{"type":"Polygon","coordinates":[[[101.05374841255923,-0.15940510668193314],[101.06721915334134,-0.17798833859177624],[101.0502261359275,-0.18894086072068753],[101.05028038842924,-0.17622502167014586],[101.04497418960722,-0.17389314975445244],[101.05374841255923,-0.15940510668193314]]]}},{"type":"Feature","properties":{"code":"1401092024","desa":"Lubuk Bigau","kecamatan":"Kampar Kiri Hulu","kecCode":"140109"},"geometry":{"type":"Polygon","coordinates":[[[100.76382696963903,-0.022237838280682452],[100.78090231369089,-0.03006481700400957],[100.79361666707557,-0.02101666686213324],[100.80820790287247,-0.020330187365458507],[100.80787125785236,-0.04355863977058669],[100.81650000017493,-0.04883333263747018],[100.81651179388422,-0.033627635069612],[100.8289466415743,-0.033836662693886445],[100.83296705178803,-0.04595881339703388],[100.82465030406831,-0.04793525435481999],[100.82157303266939,-0.05952939419954007],[100.80795876368602,-0.06808725464685961],[100.79069803788421,-0.07042659633149541],[100.77730838357506,-0.058974302955670764],[100.77017833895923,-0.06006096277595234],[100.76025559631876,-0.045779243965650855],[100.76382696963903,-0.022237838280682452]]]}},{"type":"Feature","properties":{"code":"1401102001","desa":"Petapahan","kecamatan":"Tapung","kecCode":"140110"},"geometry":{"type":"Polygon","coordinates":[[[101.08389499156067,0.7132702654127931],[101.08416686740706,0.7041493834998498],[101.10225179308581,0.7041629227932055],[101.10553360359302,0.6936658758037951],[101.1167500893452,0.6872722869179161],[101.11191391759324,0.6625087538350248],[101.05956489300546,0.6670703130984537],[101.06236956730174,0.6588794021258769],[101.05292120355074,0.6589981585012072],[101.04930168502483,0.6524042834013595],[101.05179472804434,0.6222254943151937],[101.06013791583221,0.6198024958953224],[101.02712245993365,0.6054816233011089],[101.0510690066294,0.5814476886096039],[101.10256693621517,0.5794528250397195],[101.11509587457499,0.5831033009244373],[101.11514237671935,0.6031112334221378],[101.12865261122907,0.6042989437653443],[101.13929734669523,0.502079776998513],[101.12965841120676,0.5098020863270185],[101.12900499528438,0.5296259078169973],[101.07393898479637,0.5296826946082152],[101.07237681923486,0.5111015077566964],[101.05981724636888,0.5079003583467373],[101.0577460015768,0.5223195538201196],[101.04878746976595,0.5231182786005483],[100.99818397531025,0.4846709058954176],[100.96445242793726,0.47406991706273405],[100.92816038659264,0.47546179689255447],[100.96430280503051,0.5292744788421521],[100.94742359592226,0.5753272265268061],[100.93659848523197,0.569596406511878],[100.93451275056303,0.5783900691994546],[100.92957383576395,0.5724660559234841],[100.9146196515757,0.5860866606153567],[100.86874265295113,0.556373854347592],[100.85905405869788,0.6269678523832718],[100.89375845309017,0.6180710158734232],[100.915908651663,0.6242110265195738],[100.93981042920801,0.5976616853700268],[100.98360944621902,0.5936234667856244],[100.98351611907366,0.5984560007745015],[100.99327869155843,0.5989404682581212],[100.99842200697009,0.6187973065583702],[100.98419186786049,0.6325964977227575],[100.96365462226305,0.6322011926238962],[100.96034839786034,0.6013994071842617],[100.95022028603745,0.6126514107488179],[100.94734067483233,0.6596060408484573],[101.0102523150923,0.6673095453529241],[101.0191505914267,0.6792427583869789],[101.01846886394696,0.7096459013437393],[101.05104100443883,0.6768906166516362],[101.07441793943644,0.6912562278196369],[101.07379531630085,0.7131625374236761],[101.08389499156067,0.7132702654127931]]]}},{"type":"Feature","properties":{"code":"1401102002","desa":"Pantai Cermin","kecamatan":"Tapung","kecCode":"140110"},"geometry":{"type":"Polygon","coordinates":[[[101.11191391759324,0.6625087538350248],[101.1167500893452,0.6872722869179161],[101.10553360359302,0.6936658758037951],[101.10225179308581,0.7041629227932055],[101.08416686740706,0.7041493834998498],[101.08389499156067,0.7132702654127931],[101.12218810000086,0.7138069475343939],[101.13894087072464,0.7066057018015163],[101.1325974019486,0.7064970052425558],[101.1325664203041,0.6916488115699124],[101.14416512781844,0.6856518183099723],[101.18328889956314,0.6847525142513812],[101.18397246885439,0.6901169423712593],[101.2838014310912,0.683420793670412],[101.28896926741781,0.665840061225193],[101.26620969092454,0.6500249146910811],[101.2506204900436,0.6136524326273289],[101.2184999809894,0.6198615534746525],[101.21999537098962,0.6018026811756993],[101.23390811506749,0.5954396440583423],[101.23089853743761,0.576873175511421],[101.21818236832172,0.5765679797835972],[101.21439617844094,0.5614142936068494],[101.2336735323077,0.5571063593478772],[101.23372372886708,0.5448093219832352],[101.24727317201933,0.5468620578260199],[101.23822667302261,0.5422147787825218],[101.23914470456451,0.5022077882970492],[101.24825894859168,0.5023776666340583],[101.24870448982038,0.4955356793738359],[101.21217758602683,0.4952349334914466],[101.2166065600448,0.5275240896749559],[101.19405957429001,0.5276462068167791],[101.19428428069507,0.5059238436445832],[101.17620542274209,0.5014329540067407],[101.19430758842452,0.49502825489629376],[101.17662682706644,0.4943448106115549],[101.17662878039395,0.5003049208757908],[101.16901903739868,0.500307458762601],[101.16885197573816,0.47729081558480185],[101.16167726089691,0.48139364865951767],[101.15821457604191,0.5093222854254462],[101.13994389539452,0.5164170028647809],[101.12865261122907,0.6042989437653443],[101.11514237671935,0.6031112334221378],[101.11082074038488,0.5940866599069546],[101.111058697401,0.6102186942548262],[101.15052546068152,0.6082532115362045],[101.17641090883642,0.6213481346138269],[101.18504140034042,0.63066035988241],[101.18405187899104,0.6748341666088215],[101.12300676275197,0.6748346342562812],[101.11191391759324,0.6625087538350248]],[[101.16678290640607,0.5491094087580344],[101.16683487283119,0.5655582652691694],[101.14512890877215,0.5664849446908324],[101.14513196466851,0.5522739440695099],[101.13976044358964,0.5489031024822533],[101.16678290640607,0.5491094087580344]]]}},{"type":"Feature","properties":{"code":"1401102003","desa":"Patahapan Jaya","kecamatan":"Tapung","kecCode":"140110"},"geometry":{"type":"Polygon","coordinates":[[[100.96312373267419,0.5917341683353873],[100.96365462226305,0.6322011926238962],[100.98419186786049,0.6325964977227575],[100.99842200697009,0.6187973065583702],[100.99327869155843,0.5989404682581212],[100.98351611907366,0.5984560007745015],[100.98360944621902,0.5936234667856244],[100.96312373267419,0.5917341683353873]]]}},{"type":"Feature","properties":{"code":"1401102004","desa":"Mukti Sari","kecamatan":"Tapung","kecCode":"140110"},"geometry":{"type":"Polygon","coordinates":[[[101.15368858675889,0.6845567309428503],[101.13509825558008,0.6876652600746899],[101.1325974019486,0.7064970052425558],[101.15620603827811,0.7069015427814308],[101.15368858675889,0.6845567309428503]]]}},{"type":"Feature","properties":{"code":"1401102005","desa":"Sungai Putih","kecamatan":"Tapung","kecCode":"140110"},"geometry":{"type":"Polygon","coordinates":[[[101.24825894859168,0.5023776666340583],[101.23914470456451,0.5022077882970492],[101.23822667302261,0.5422147787825218],[101.25658732904208,0.5474186419444637],[101.25728463907488,0.52031417897419],[101.2477802988218,0.5193117964213929],[101.24825894859168,0.5023776666340583]]]}},{"type":"Feature","properties":{"code":"1401102006","desa":"Indra Sakti","kecamatan":"Tapung","kecCode":"140110"},"geometry":{"type":"Polygon","coordinates":[[[101.15986613691273,0.7073208894565054],[101.10619485800633,0.7135081271005225],[101.10621675739748,0.7351988629150872],[101.1250030220719,0.7501722925783975],[101.16196510420627,0.749548914013073],[101.15986613691273,0.7073208894565054]]]}},{"type":"Feature","properties":{"code":"1401102007","desa":"Gading Sari","kecamatan":"Tapung","kecCode":"140110"},"geometry":{"type":"Polygon","coordinates":[[[101.11191391759324,0.6625087538350248],[101.12300676275197,0.6748346342562812],[101.18405187899104,0.6748341666088215],[101.18436388798312,0.6554976508628271],[101.17413563934832,0.6479583778521641],[101.09561352564371,0.6225593028732489],[101.08844601886874,0.632374548639265],[101.10664395875176,0.6411826787206002],[101.11191391759324,0.6625087538350248]]]}},{"type":"Feature","properties":{"code":"1401102008","desa":"Sumber Makmur","kecamatan":"Tapung","kecCode":"140110"},"geometry":{"type":"Polygon","coordinates":[[[101.06013791583221,0.6198024958953224],[101.05179472804434,0.6222254943151937],[101.04930168502483,0.6524042834013595],[101.05292120355074,0.6589981585012072],[101.06236956730174,0.6588794021258769],[101.05956489300546,0.6670703130984537],[101.11191391759324,0.6625087538350248],[101.10664395875176,0.6411826787206002],[101.06013791583221,0.6198024958953224]]]}},{"type":"Feature","properties":{"code":"1401102009","desa":"Pancuran Gading","kecamatan":"Tapung","kecCode":"140110"},"geometry":{"type":"Polygon","coordinates":[[[101.25021112044692,0.5604258190694422],[101.21439617844094,0.5614142936068494],[101.21818236832172,0.5765679797835972],[101.24944059300901,0.5770283922011458],[101.25021112044692,0.5604258190694422]]]}},{"type":"Feature","properties":{"code":"1401102010","desa":"Sari Galuh","kecamatan":"Tapung","kecCode":"140110"},"geometry":{"type":"Polygon","coordinates":[[[101.16683487283119,0.5655582652691694],[101.16678290640607,0.5491094087580344],[101.13976044358964,0.5489031024822533],[101.14513196466851,0.5522739440695099],[101.14512890877215,0.5664849446908324],[101.16683487283119,0.5655582652691694]]]}},{"type":"Feature","properties":{"code":"1401102011","desa":"Tri Manunggal","kecamatan":"Tapung","kecCode":"140110"},"geometry":{"type":"Polygon","coordinates":[[[101.18335529561045,0.7128226782269133],[101.18328889956314,0.6847525142513812],[101.15368858675889,0.6845567309428503],[101.15620603827811,0.7069015427814308],[101.16161912782052,0.7125014754659679],[101.18335529561045,0.7128226782269133]]]}},{"type":"Feature","properties":{"code":"1401102012","desa":"Air Terbit","kecamatan":"Tapung","kecCode":"140110"},"geometry":{"type":"Polygon","coordinates":[[[101.19426068158525,0.5095069207379068],[101.19405957429001,0.5276462068167791],[101.21649257457271,0.5277107043952578],[101.21668410858479,0.5096889498151027],[101.19426068158525,0.5095069207379068]]]}},{"type":"Feature","properties":{"code":"1401102013","desa":"Tanjung Sawit","kecamatan":"Tapung","kecCode":"140110"},"geometry":{"type":"Polygon","coordinates":[[[101.11528066457105,0.5945823635202481],[101.11036153755497,0.5807895017844974],[101.0510690066294,0.5814476886096039],[101.02712245993365,0.6054816233011089],[101.08844601886874,0.632374548639265],[101.111058697401,0.6102186942548262],[101.11082074038488,0.5940866599069546],[101.11528066457105,0.5945823635202481]]]}},{"type":"Feature","properties":{"code":"1401102014","desa":"Pagaruyung","kecamatan":"Tapung","kecCode":"140110"},"geometry":{"type":"Polygon","coordinates":[[[101.29082629729582,0.4778864518637112],[101.28303759640801,0.45793799962673337],[101.22201281743764,0.44882593556643574],[101.22080191987276,0.49552707286184916],[101.28302684681158,0.49554610701289986],[101.29082629729582,0.4778864518637112]]]}},{"type":"Feature","properties":{"code":"1401102015","desa":"Sibuak","kecamatan":"Tapung","kecCode":"140110"},"geometry":{"type":"Polygon","coordinates":[[[101.10810478960438,0.5299280017831461],[101.12900499528438,0.5296259078169973],[101.12965841120676,0.5098020863270185],[101.14653417141493,0.49663269848473385],[101.13659166707185,0.48955859800327434],[101.13625259568077,0.47453185203255915],[101.10801679274083,0.47496451676777995],[101.10810478960438,0.5299280017831461]]]}},{"type":"Feature","properties":{"code":"1401102016","desa":"Pelambaian","kecamatan":"Tapung","kecCode":"140110"},"geometry":{"type":"Polygon","coordinates":[[[101.10619485800633,0.7135081271005225],[101.07379531630085,0.7131625374236761],[101.07361938282833,0.7253533783446394],[101.05399025104929,0.7249317923576553],[101.05327699423792,0.734668464356601],[101.0324628006178,0.7457262764126324],[101.12264424063925,0.7468480511615043],[101.10621675739748,0.7351988629150872],[101.10619485800633,0.7135081271005225]]]}},{"type":"Feature","properties":{"code":"1401102017","desa":"Kenantan","kecamatan":"Tapung","kecCode":"140110"},"geometry":{"type":"Polygon","coordinates":[[[101.07237681923486,0.5111015077566964],[101.07393898479637,0.5296826946082152],[101.10810478960438,0.5299280017831461],[101.10864363999207,0.5115851019985969],[101.07237681923486,0.5111015077566964]]]}},{"type":"Feature","properties":{"code":"1401102018","desa":"Indrapuri","kecamatan":"Tapung","kecCode":"140110"},"geometry":{"type":"Polygon","coordinates":[[[101.18436388798312,0.6554976508628271],[101.18504140034042,0.63066035988241],[101.15052546068152,0.6082532115362045],[101.11507004964312,0.6075318257536872],[101.09427257172187,0.6217500128574677],[101.14692602761414,0.6350012839719218],[101.18436388798312,0.6554976508628271]]]}},{"type":"Feature","properties":{"code":"1401102019","desa":"Sungai Lambu Makmur","kecamatan":"Tapung","kecCode":"140110"},"geometry":{"type":"Polygon","coordinates":[[[101.09702886429073,0.47473014444956635],[101.13625259568077,0.47453185203255915],[101.1358558966324,0.4569232109263591],[101.08161608161691,0.45537953542781906],[101.08111681668781,0.47478625944721997],[101.08889028935545,0.4748043906789398],[101.0890308246129,0.4657956254467328],[101.09673141802057,0.46586082989225663],[101.09702886429073,0.47473014444956635]]]}},{"type":"Feature","properties":{"code":"1401102020","desa":"Muara Mahat Baru","kecamatan":"Tapung","kecCode":"140110"},"geometry":{"type":"Polygon","coordinates":[[[101.05981724636888,0.5079003583467373],[101.10864363999207,0.5115851019985969],[101.10801679274083,0.47496451676777995],[101.09702886429073,0.47473014444956635],[101.09673141802057,0.46586082989225663],[101.0890308246129,0.4657956254467328],[101.08144906941908,0.48729818801590646],[101.05981724636888,0.5079003583467373]]]}},{"type":"Feature","properties":{"code":"1401102021","desa":"Karya Indah","kecamatan":"Tapung","kecCode":"140110"},"geometry":{"type":"Polygon","coordinates":[[[101.33224875507601,0.47661234005435393],[101.29082629729582,0.4778864518637112],[101.28302684681158,0.49554610701289986],[101.24870448982038,0.4955356793738359],[101.2477802988218,0.5193117964213929],[101.25728463907488,0.52031417897419],[101.25685816077554,0.5473324302352828],[101.2639568712127,0.5453061965138489],[101.29560148242251,0.5593677208180612],[101.30814943784634,0.5789756537558849],[101.30585891135973,0.5902994672863454],[101.3297078474393,0.5767751979719477],[101.33980641203634,0.5758074510090287],[101.34122244585929,0.5818224244146036],[101.34281769028422,0.5681079017228535],[101.35062987336998,0.5687481920393234],[101.34908002762124,0.561671713750396],[101.35666298880597,0.5628281402769738],[101.35689146157175,0.5574848480237441],[101.36840239705303,0.5576838176303283],[101.3688226754262,0.5657514918051313],[101.37284045872023,0.5625763507887311],[101.37343538993137,0.5498862755161781],[101.35720140212305,0.5095937313955751],[101.33224875507601,0.47661234005435393]]]}},{"type":"Feature","properties":{"code":"1401102022","desa":"Kijang Rejo","kecamatan":"Tapung","kecCode":"140110"},"geometry":{"type":"Polygon","coordinates":[[[101.07361938282833,0.7253533783446394],[101.07441793943644,0.6912562278196369],[101.05104100443883,0.6768906166516362],[101.01846886394696,0.7096459013437393],[101.01885008026703,0.7455589044861853],[101.0324628006178,0.7457262764126324],[101.05327699423792,0.734668464356601],[101.05399025104929,0.7249317923576553],[101.07361938282833,0.7253533783446394]]]}},{"type":"Feature","properties":{"code":"1401102023","desa":"Sungai Agung","kecamatan":"Tapung","kecCode":"140110"},"geometry":{"type":"Polygon","coordinates":[[[100.86643600162022,0.47808730375131947],[100.86056937137943,0.4793710140248752],[100.85445764710276,0.5024268757377377],[100.86319753034182,0.5136776966937688],[100.86173082691619,0.5339424512858626],[100.84171107910305,0.538607367833308],[100.82994259577424,0.5331420150955829],[100.82323696101703,0.5393779896991681],[100.81200960425991,0.5343109736748931],[100.80308311709223,0.5411354169606407],[100.79696366044465,0.5333149754092865],[100.77921070241204,0.5586660086045666],[100.76715554129527,0.5647341166545254],[100.76476426106187,0.5834957165014921],[100.77473658062877,0.6027044592692814],[100.80199305603475,0.6025438547412164],[100.82335786227559,0.628735769337077],[100.84755091134554,0.6315725071591175],[100.85905405869788,0.6269678523832718],[100.87442207312021,0.4927768705049895],[100.86643600162022,0.47808730375131947]]]}},{"type":"Feature","properties":{"code":"1401102024","desa":"Bencah Kelubi","kecamatan":"Tapung","kecCode":"140110"},"geometry":{"type":"Polygon","coordinates":[[[101.23089853743761,0.576873175511421],[101.23358040661053,0.5975219037445879],[101.21999537098962,0.6018026811756993],[101.2184999809894,0.6198615534746525],[101.2506204900436,0.6136524326273289],[101.26620969092454,0.6500249146910811],[101.29190614475282,0.6691799112755269],[101.29299180902483,0.6636877335598673],[101.2864294479607,0.662346938819433],[101.2961491956289,0.6492247878676377],[101.29284981057037,0.6458394492088928],[101.31015793244266,0.6401303936867998],[101.30847185199447,0.6263842004698987],[101.31400352704122,0.6160240060141368],[101.3205184578606,0.616567576043259],[101.3119462918879,0.6047803013934059],[101.31564667835157,0.6004424215089971],[101.30623484056547,0.5947943202364764],[101.30277072039252,0.5680711347396898],[101.28983117676745,0.5554569289728334],[101.2639568712127,0.5453061965138489],[101.23372372886708,0.5448093219832352],[101.22969046194532,0.5603604599405244],[101.25021112044692,0.5604258190694422],[101.24944059300901,0.5770283922011458],[101.23089853743761,0.576873175511421]]]}},{"type":"Feature","properties":{"code":"1401102025","desa":"Batu Gajah","kecamatan":"Tapung","kecCode":"140110"},"geometry":{"type":"Polygon","coordinates":[[[100.92816038659264,0.47546179689255447],[100.86597633384082,0.4790363304264612],[100.87442207312021,0.4927768705049895],[100.86874265295113,0.556373854347592],[100.9146196515757,0.5860866606153567],[100.92957383576395,0.5724660559234841],[100.93451275056303,0.5783900691994546],[100.93659848523197,0.569596406511878],[100.94742359592226,0.5753272265268061],[100.96430280503051,0.5292744788421521],[100.92816038659264,0.47546179689255447]]]}},{"type":"Feature","properties":{"code":"1401112001","desa":"Koto Garo","kecamatan":"Tapung Hilir","kecCode":"140111"},"geometry":{"type":"Polygon","coordinates":[[[101.29284981057037,0.6458394492088928],[101.27949808876582,0.6876564503159374],[101.18397246885439,0.6901169423712593],[101.18335529561045,0.7128226782269133],[101.16161912782052,0.7125014754659679],[101.16196510420627,0.749548914013073],[101.19074958802314,0.7552112875264727],[101.22792511255398,0.7951073745167239],[101.22617158385157,0.8006235902113186],[101.26398566300797,0.8262439442787951],[101.26826151395777,0.821700975800733],[101.28524939983998,0.824246639049608],[101.30044068039314,0.8137350886935484],[101.30610419964914,0.8012607293033058],[101.31466104027487,0.8062829986599855],[101.33497698340112,0.7975873971488786],[101.32345516342512,0.7224737617468331],[101.3111925089272,0.7086426257641077],[101.3177516027543,0.7023687096627719],[101.31432946743102,0.6972355053346077],[101.38127737295245,0.6590751080926839],[101.37500753257164,0.6447536995025569],[101.32464922837926,0.6003701699758849],[101.32311242909536,0.5906133171902944],[101.32984986657812,0.5935314049865554],[101.33011353970812,0.5824887519028973],[101.32308512118145,0.5802769259903079],[101.30585891135973,0.5902994672863454],[101.3205184578606,0.616567576043259],[101.31400352704122,0.6160240060141368],[101.30847185199447,0.6263842004698987],[101.31015793244266,0.6401303936867998],[101.29284981057037,0.6458394492088928]],[[101.24821067568216,0.7457430523661178],[101.26621207502728,0.7431587866176815],[101.2660064630279,0.736592059352396],[101.29212160972457,0.7365451237348386],[101.29184593064525,0.7547998027247083],[101.29761259944193,0.7548613190505348],[101.29772400925565,0.7633642228270181],[101.28204459827964,0.7590792455619333],[101.28192840677058,0.7640424132724233],[101.27438430259353,0.7638670535675771],[101.27441285337056,0.7729202686912058],[101.25918224366568,0.7727264881728885],[101.25818363376776,0.7640184598297881],[101.23026125355408,0.7750441984644157],[101.22140300694325,0.7594507231231826],[101.24792997029196,0.7549264065842625],[101.24821067568216,0.7457430523661178]]]}},{"type":"Feature","properties":{"code":"1401112002","desa":"Sekijang","kecamatan":"Tapung Hilir","kecCode":"140111"},"geometry":{"type":"Polygon","coordinates":[[[101.01885008026703,0.7455589044861853],[101.0191505914267,0.6792427583869789],[101.0102523150923,0.6673095453529241],[100.9313051062457,0.6594868015371418],[100.92737602578303,0.7026135734719408],[100.93404002372819,0.7287133983897943],[100.97262059236652,0.788799819274279],[100.96428190388683,0.8308762801872522],[100.97802878599975,0.8589460826353544],[100.98162896820234,0.9560874918755817],[100.99409561771864,0.9564333243693691],[100.99322999956489,0.9682655552289255],[101.0620579369243,0.9245090159448929],[101.05587513203176,0.8880926649517131],[101.06607221196303,0.8972723148623791],[101.0613317883314,0.8996505702118952],[101.06619589482476,0.9000010818783007],[101.0656264539977,0.9151598474259871],[101.06960395575798,0.9094825928307393],[101.07586609074751,0.9191081958591097],[101.08435056472682,0.9150957410526509],[101.08743225089773,0.9200934760045636],[101.10973439622546,0.90386570163043],[101.0810834122697,0.8617646100852319],[101.0157471512101,0.8423497130270979],[101.01713889884115,0.8279934233320827],[100.98098764096693,0.8279726094226644],[100.97877427631188,0.8060407680657468],[101.03798424677564,0.8038624481946055],[101.07472168725609,0.8255248023047981],[101.09372654024769,0.82557387201357],[101.11008476759798,0.7833649490572469],[101.1613880829937,0.76078783154253],[101.19074958802314,0.7552112875264727],[101.12264424063925,0.7468480511615043],[101.01885008026703,0.7455589044861853]]]}},{"type":"Feature","properties":{"code":"1401112003","desa":"Beringin Lestari","kecamatan":"Tapung Hilir","kecCode":"140111"},"geometry":{"type":"Polygon","coordinates":[[[101.21277810292719,0.8547438816691832],[101.18310262478637,0.8258245679261693],[101.17508143565975,0.833746685029305],[101.15846749597823,0.8328484034998697],[101.15341914267934,0.8516561034942501],[101.14730953270885,0.8511223981285897],[101.15724082970057,0.8641784372189846],[101.17697241134776,0.8736329927916872],[101.21277810292719,0.8547438816691832]]]}},{"type":"Feature","properties":{"code":"1401112004","desa":"Kota Bangun","kecamatan":"Tapung Hilir","kecCode":"140111"},"geometry":{"type":"Polygon","coordinates":[[[101.26398566300797,0.8262439442787951],[101.21833494460206,0.7912935988357627],[101.19141157538392,0.7963635322607406],[101.1914792169923,0.823498268209778],[101.23809863564355,0.8232799460921818],[101.26123496602094,0.8331940219549858],[101.26398566300797,0.8262439442787951]]]}},{"type":"Feature","properties":{"code":"1401112005","desa":"Cinta Damai","kecamatan":"Tapung Hilir","kecCode":"140111"},"geometry":{"type":"Polygon","coordinates":[[[101.19163643467378,0.8381242654854266],[101.21277810292719,0.8547438816691832],[101.2541006280416,0.8318906102333663],[101.23809863564355,0.8232799460921818],[101.1914792169923,0.823498268209778],[101.19163643467378,0.8381242654854266]]]}},{"type":"Feature","properties":{"code":"1401112006","desa":"Suka Maju","kecamatan":"Tapung Hilir","kecCode":"140111"},"geometry":{"type":"Polygon","coordinates":[[[101.25870476661173,0.7458524530942301],[101.25918224366568,0.7727264881728885],[101.27441285337056,0.7729202686912058],[101.27438430259353,0.7638670535675771],[101.28192840677058,0.7640424132724233],[101.28204459827964,0.7590792455619333],[101.29772400925565,0.7633642228270181],[101.29761259944193,0.7548613190505348],[101.29184593064525,0.7547998027247083],[101.29212160972457,0.7365451237348386],[101.2660064630279,0.736592059352396],[101.26621207502728,0.7431587866176815],[101.25870476661173,0.7458524530942301]]]}},{"type":"Feature","properties":{"code":"1401112007","desa":"Kota Baru","kecamatan":"Tapung Hilir","kecCode":"140111"},"geometry":{"type":"Polygon","coordinates":[[[101.25870476661173,0.7458524530942301],[101.24821067568216,0.7457430523661178],[101.24792997029196,0.7549264065842625],[101.22140300694325,0.7594507231231826],[101.23026125355408,0.7750441984644157],[101.25880957090503,0.76405997073674],[101.25870476661173,0.7458524530942301]]]}},{"type":"Feature","properties":{"code":"1401112008","desa":"Tebing Lestari","kecamatan":"Tapung Hilir","kecCode":"140111"},"geometry":{"type":"Polygon","coordinates":[[[101.01757247728807,0.8033131386922163],[100.97877427631188,0.8060407680657468],[100.97925192963287,0.8263227734533726],[101.01713889884115,0.8279934233320827],[101.01757247728807,0.8033131386922163]]]}},{"type":"Feature","properties":{"code":"1401112009","desa":"Tanah Tinggi","kecamatan":"Tapung Hilir","kecCode":"140111"},"geometry":{"type":"Polygon","coordinates":[[[101.10672601469389,0.793473488023873],[101.09211013837222,0.8307520865108086],[101.09556560526852,0.8473267401895693],[101.08288423901648,0.8471991021096795],[101.0810834122697,0.8617646100852319],[101.09730629884665,0.8629395734378162],[101.09713185105414,0.8698171135964695],[101.11560827769989,0.8696153578902617],[101.11556762204815,0.8605731459718166],[101.12653923859504,0.8603804194589086],[101.1267154202805,0.8695086074641861],[101.15724082970057,0.8641784372189846],[101.14730953270885,0.8511223981285897],[101.13021319758103,0.8512460252322099],[101.12944613073437,0.8182065188009712],[101.10672601469389,0.793473488023873]]]}},{"type":"Feature","properties":{"code":"1401112010","desa":"Koto Aman","kecamatan":"Tapung Hilir","kecCode":"140111"},"geometry":{"type":"Polygon","coordinates":[[[101.21833494460206,0.7912935988357627],[101.22792511255398,0.7951073745167239],[101.19074958802314,0.7552112875264727],[101.1613880829937,0.76078783154253],[101.11008476759798,0.7833649490572469],[101.10672601469389,0.793473488023873],[101.12944613073437,0.8182065188009712],[101.12801295403465,0.7954217181484153],[101.16798171528397,0.7749316842832937],[101.18302397457683,0.7964706082414287],[101.21833494460206,0.7912935988357627]]]}},{"type":"Feature","properties":{"code":"1401112011","desa":"Tapung Lestari","kecamatan":"Tapung Hilir","kecCode":"140111"},"geometry":{"type":"Polygon","coordinates":[[[101.17677271059215,0.8320763993760175],[101.18310262478637,0.8258245679261693],[101.19163643467378,0.8381242654854266],[101.19141157538392,0.7963635322607406],[101.18302397457683,0.7964706082414287],[101.16798171528397,0.7749316842832937],[101.12801295403465,0.7954217181484153],[101.12978890373499,0.8236559526392013],[101.17560402180821,0.8236310324253574],[101.17677271059215,0.8320763993760175]]]}},{"type":"Feature","properties":{"code":"1401112012","desa":"Tapung Makmur","kecamatan":"Tapung Hilir","kecCode":"140111"},"geometry":{"type":"Polygon","coordinates":[[[101.13021319758103,0.8512460252322099],[101.15341914267934,0.8516561034942501],[101.15846749597823,0.8328484034998697],[101.17508143565975,0.833746685029305],[101.17560402180821,0.8236310324253574],[101.12978890373499,0.8236559526392013],[101.13021319758103,0.8512460252322099]]]}},{"type":"Feature","properties":{"code":"1401112013","desa":"Tandan Sari","kecamatan":"Tapung Hilir","kecCode":"140111"},"geometry":{"type":"Polygon","coordinates":[[[101.17697241134776,0.8736329927916872],[101.16186051934756,0.8644054305997484],[101.1340027158527,0.8648981430679288],[101.13403184309514,0.8873756121027703],[101.14154231982224,0.8951474650827576],[101.14501477221404,0.8876421423786671],[101.17697241134776,0.8736329927916872]]]}},{"type":"Feature","properties":{"code":"1401112014","desa":"Gerbang Sari","kecamatan":"Tapung Hilir","kecCode":"140111"},"geometry":{"type":"Polygon","coordinates":[[[101.0810834122697,0.8617646100852319],[101.1093528867264,0.904094261630203],[101.11969909403803,0.904427966766194],[101.11948681626365,0.8968653149796778],[101.13047439307883,0.895137795572117],[101.13430643759209,0.9007330059165971],[101.14154231982224,0.8951474650827576],[101.12653923859504,0.8603804194589086],[101.11556762204815,0.8605731459718166],[101.11560827769989,0.8696153578902617],[101.09713185105414,0.8698171135964695],[101.09730629884665,0.8629395734378162],[101.0810834122697,0.8617646100852319]]]}},{"type":"Feature","properties":{"code":"1401112015","desa":"Kijang Jaya","kecamatan":"Tapung Hilir","kecCode":"140111"},"geometry":{"type":"Polygon","coordinates":[[[101.06925085044645,0.8581701880443521],[101.0810834122697,0.8617646100852319],[101.08288423901648,0.8471991021096795],[101.09556560526852,0.8473267401895693],[101.09372654024769,0.82557387201357],[101.07472168725609,0.8255248023047981],[101.06925085044645,0.8581701880443521]]]}},{"type":"Feature","properties":{"code":"1401112016","desa":"Kijang Makmur","kecamatan":"Tapung Hilir","kecCode":"140111"},"geometry":{"type":"Polygon","coordinates":[[[101.01757247728807,0.8033131386922163],[101.0157471512101,0.8423497130270979],[101.06925085044645,0.8581701880443521],[101.07473428855661,0.8234450939952406],[101.03798424677564,0.8038624481946055],[101.01757247728807,0.8033131386922163]]]}},{"type":"Feature","properties":{"code":"1401122001","desa":"Senama Nenek","kecamatan":"Tapung Hulu","kecCode":"140112"},"geometry":{"type":"Polygon","coordinates":[[[100.86523901656744,0.6615831562977693],[100.86209963529001,0.6584253308280356],[100.72507854793669,0.7616612567099693],[100.74979747827109,0.7797788502418227],[100.72807216170094,0.8031013492499149],[100.74018873032573,0.8041799979094386],[100.74590543189021,0.7960376494279677],[100.76872233926463,0.7964595151039715],[100.7666231624291,0.8278322414392559],[100.7576860030067,0.828005409496289],[100.75750722857578,0.8397570206311274],[100.73359161316249,0.8395349429446477],[100.74290620096046,0.8495951181703026],[100.75667993862832,0.8515373570113878],[100.87747735159854,0.7801486973321888],[100.87785931525524,0.750795694526128],[100.89667876221517,0.7529371448914048],[100.85794009725775,0.6687134886886918],[100.86523901656744,0.6615831562977693]]]}},{"type":"Feature","properties":{"code":"1401122002","desa":"Kasikan","kecamatan":"Tapung Hulu","kecCode":"140112"},"geometry":{"type":"Polygon","coordinates":[[[100.82335786227559,0.628735769337077],[100.80199305603475,0.6025438547412164],[100.77473658062877,0.6027044592692814],[100.76476426106187,0.5834957165014921],[100.75960925536292,0.5897469921703099],[100.74803284384073,0.5858996897635975],[100.73420465492097,0.5940976487230296],[100.73448644759155,0.605229580204101],[100.72255843262565,0.6239711305653873],[100.70621975204,0.6181922822566583],[100.65149705324649,0.6216708707188541],[100.63853540788283,0.6548445631936411],[100.62661469091528,0.6669923220920603],[100.61962944704139,0.6654826445641387],[100.61311147201688,0.6837896335200936],[100.58725674380372,0.7000949618300999],[100.59622665743431,0.707922732856193],[100.60410445595596,0.7047110415931876],[100.62564762114083,0.7258813910016967],[100.6421881491638,0.7291684553445251],[100.65945086156806,0.7485022938088192],[100.65899107238015,0.702772234565088],[100.67699870582565,0.702452587631304],[100.72507854793669,0.7616612567099693],[100.8332952036108,0.6805402255898553],[100.82335786227559,0.628735769337077]]]}},{"type":"Feature","properties":{"code":"1401122003","desa":"Bukit Kemuning","kecamatan":"Tapung Hulu","kecCode":"140112"},"geometry":{"type":"Polygon","coordinates":[[[100.94734067483233,0.6596060408484573],[100.94985333386433,0.6318740597333877],[100.90257564744826,0.6310727206237736],[100.90362548362924,0.6540684446714915],[100.94734067483233,0.6596060408484573]]]}},{"type":"Feature","properties":{"code":"1401122004","desa":"Danau Lancang","kecamatan":"Tapung Hulu","kecCode":"140112"},"geometry":{"type":"Polygon","coordinates":[[[100.98162896820234,0.9560874918755817],[100.97802878599975,0.8589460826353544],[100.96428190388683,0.8308762801872522],[100.97262059236652,0.788799819274279],[100.93404002372819,0.7287133983897943],[100.92754831160532,0.7067349802448001],[100.93005608821794,0.6710316612317236],[100.8824212657289,0.6706783796534735],[100.87694978770259,0.6573636721605928],[100.86523901656744,0.6615831562977693],[100.85794009725775,0.6687134886886918],[100.89667876221517,0.7529371448914048],[100.87785931525524,0.750795694526128],[100.87747735159854,0.7801486973321888],[100.75480283408358,0.85244453283588],[100.77345692629615,0.8641974309005696],[100.83493049124922,0.940970917122309],[100.84794688643971,0.9472125916290035],[100.91386850722591,0.9594046187558033],[100.98162896820234,0.9560874918755817]]]}},{"type":"Feature","properties":{"code":"1401122005","desa":"Muara Intan","kecamatan":"Tapung Hulu","kecCode":"140112"},"geometry":{"type":"Polygon","coordinates":[[[100.72890998181026,0.7997821116609257],[100.74342174181997,0.7909970527873458],[100.74946796757268,0.7822742476837001],[100.74916139228446,0.7783822004078994],[100.73687735910288,0.7743795221313535],[100.73473495005794,0.766564821851914],[100.71475241259384,0.7666219117146789],[100.70384194544948,0.7584823025680905],[100.70363188000731,0.7814632768349873],[100.68593571685989,0.7816357065486492],[100.68585689218189,0.8011638399434874],[100.72890998181026,0.7997821116609257]]]}},{"type":"Feature","properties":{"code":"1401122005","desa":"Muara Intan","kecamatan":"Tapung Hulu","kecCode":"140112"},"geometry":{"type":"Polygon","coordinates":[[[100.75417187513197,0.8522624902688739],[100.73998886859147,0.8584943252930907],[100.74499164694703,0.8697921466178999],[100.75928364142698,0.8558031319521954],[100.75417187513197,0.8522624902688739]]]}},{"type":"Feature","properties":{"code":"1401122006","desa":"Intan Jaya","kecamatan":"Tapung Hulu","kecCode":"140112"},"geometry":{"type":"Polygon","coordinates":[[[100.73906514613962,0.8034031797147168],[100.71270953421771,0.8011341461282199],[100.71288624920112,0.8139265975244286],[100.72176228440196,0.8140626406681601],[100.72148201158564,0.8386302726313677],[100.73955149770353,0.8395152244095154],[100.73906514613962,0.8034031797147168]]]}},{"type":"Feature","properties":{"code":"1401122006","desa":"Intan Jaya","kecamatan":"Tapung Hulu","kecCode":"140112"},"geometry":{"type":"Polygon","coordinates":[[[100.75849033236301,0.87746861840107],[100.74499164694703,0.8697921466178999],[100.7340569457715,0.8760362313076964],[100.74001461887963,0.8873721775919186],[100.75861360603317,0.8867872522385408],[100.75849033236301,0.87746861840107]]]}},{"type":"Feature","properties":{"code":"1401122007","desa":"Tanah Datar","kecamatan":"Tapung Hulu","kecCode":"140112"},"geometry":{"type":"Polygon","coordinates":[[[100.73955149770353,0.8395152244095154],[100.75750722857578,0.8397570206311274],[100.7576860030067,0.828005409496289],[100.7666231624291,0.8278322414392559],[100.76872233926463,0.7964595151039715],[100.74590543189021,0.7960376494279677],[100.74059639390849,0.8025523473156702],[100.73955149770353,0.8395152244095154]]]}},{"type":"Feature","properties":{"code":"1401122008","desa":"Rimba Jaya","kecamatan":"Tapung Hulu","kecCode":"140112"},"geometry":{"type":"Polygon","coordinates":[[[100.72886632602018,0.7664212891541664],[100.71228370702748,0.7455220718525153],[100.68567752869507,0.7452997900198951],[100.68573431908361,0.7380794229016904],[100.67699977781757,0.7380961116209224],[100.67672175780297,0.7525033820839604],[100.65989173261742,0.7524499560592255],[100.6744995707986,0.7665610653837416],[100.69883247433927,0.7579269963862981],[100.71103885106218,0.7599252000382398],[100.71475241259384,0.7666219117146789],[100.72886632602018,0.7664212891541664]]]}},{"type":"Feature","properties":{"code":"1401122009","desa":"Rimba Makmur","kecamatan":"Tapung Hulu","kecCode":"140112"},"geometry":{"type":"Polygon","coordinates":[[[100.71228370702748,0.7455220718525153],[100.67699870582565,0.702452587631304],[100.65899107238015,0.702772234565088],[100.65989173261742,0.7524499560592255],[100.67672175780297,0.7525033820839604],[100.67699977781757,0.7380961116209224],[100.68573431908361,0.7380794229016904],[100.68567752869507,0.7452997900198951],[100.71228370702748,0.7455220718525153]]]}},{"type":"Feature","properties":{"code":"1401122010","desa":"Rimba Beringin","kecamatan":"Tapung Hulu","kecCode":"140112"},"geometry":{"type":"Polygon","coordinates":[[[100.96338959295542,0.5970265715512869],[100.93981042920801,0.5976616853700268],[100.91827528867367,0.6230905054256316],[100.89375845309017,0.6180710158734232],[100.89171041620277,0.6283272190232366],[100.94985333386433,0.6318740597333877],[100.95022028603745,0.6126514107488179],[100.96338959295542,0.5970265715512869]]]}},{"type":"Feature","properties":{"code":"1401122011","desa":"Sukaramai","kecamatan":"Tapung Hulu","kecCode":"140112"},"geometry":{"type":"Polygon","coordinates":[[[100.89111544182423,0.6227356626243006],[100.8791523272182,0.620598569474358],[100.84755091134554,0.6315725071591175],[100.87345777955295,0.6445363738337575],[100.8824212657289,0.6706783796534735],[100.93005608821794,0.6710316612317236],[100.92822240743823,0.6570194035878539],[100.90362548362924,0.6540684446714915],[100.90257564744826,0.6310727206237736],[100.89171041620277,0.6283272190232366],[100.89111544182423,0.6227356626243006]]]}},{"type":"Feature","properties":{"code":"1401122012","desa":"Sumber Sari","kecamatan":"Tapung Hulu","kecCode":"140112"},"geometry":{"type":"Polygon","coordinates":[[[100.86209963529001,0.6584253308280356],[100.86818757159922,0.6645491446840457],[100.87694978770259,0.6573636721605928],[100.87260245234135,0.645665491547075],[100.86209963529001,0.6584253308280356]]]}},{"type":"Feature","properties":{"code":"1401122013","desa":"Kusau Makmur","kecamatan":"Tapung Hulu","kecCode":"140112"},"geometry":{"type":"Polygon","coordinates":[[[100.84755091134554,0.6315725071591175],[100.82335786227559,0.628735769337077],[100.8332952036108,0.6805402255898553],[100.87345777955295,0.6445363738337575],[100.84755091134554,0.6315725071591175]]]}},{"type":"Feature","properties":{"code":"1401122014","desa":"Talang Danto","kecamatan":"Tapung Hulu","kecCode":"140112"},"geometry":{"type":"Polygon","coordinates":[[[100.64569109217022,0.6327983964211629],[100.65149705324649,0.6216708707188541],[100.70621975204,0.6181922822566583],[100.72435938168017,0.6232452508705787],[100.73448644759155,0.605229580204101],[100.73356545368279,0.5924974984980741],[100.70742825740818,0.5998056736221385],[100.69369542720226,0.5925030059462699],[100.68456721760303,0.5996389599993335],[100.67433613430522,0.5955639069826266],[100.64328655862782,0.6218619784520492],[100.64569109217022,0.6327983964211629]]]}},{"type":"Feature","properties":{"code":"1401132001","desa":"Salo","kecamatan":"Salo","kecCode":"140113"},"geometry":{"type":"Polygon","coordinates":[[[100.99316730962369,0.3349880630738757],[101.00473543479258,0.29858544562782247],[101.041321785572,0.2575081512920832],[101.0320823810971,0.25530077792294864],[100.99403932555445,0.3041898389495834],[100.98245037838234,0.31097666359424136],[100.98061850344124,0.3336661325127256],[100.99316730962369,0.3349880630738757]]]}},{"type":"Feature","properties":{"code":"1401132002","desa":"Siabu","kecamatan":"Salo","kecCode":"140113"},"geometry":{"type":"Polygon","coordinates":[[[101.09523276707858,0.22338365148445166],[101.10764629364161,0.18982521734757984],[101.09949879203565,0.17988606388949338],[101.09872642368555,0.1606341797439573],[101.07879360524078,0.14751640039653569],[101.05760399862572,0.16126668103207054],[101.03919270358045,0.19157422065944074],[101.0146438584274,0.2144579503342118],[100.97974547487381,0.27279699028370097],[100.97596661806506,0.2904120426567656],[100.98474158025975,0.29267621810559813],[101.00167786843895,0.24971554195929144],[101.03123539779544,0.23804915507815394],[101.0481755008987,0.24016072906573904],[101.05287702705323,0.2291187162993886],[101.06369804942551,0.22684753603119853],[101.08413523195543,0.20535918005240242],[101.09523276707858,0.22338365148445166]]]}},{"type":"Feature","properties":{"code":"1401132003","desa":"Salo Timur","kecamatan":"Salo","kecCode":"140113"},"geometry":{"type":"Polygon","coordinates":[[[101.00918218031342,0.31843508305639145],[101.07665756609384,0.23527917213292027],[101.09341273261158,0.22794276998786542],[101.08413523195543,0.20535918005240242],[101.06369804942551,0.22684753603119853],[101.05287702705323,0.2291187162993886],[101.0481755008987,0.24016072906573904],[101.03123539779544,0.23804915507815394],[101.00167786843895,0.24971554195929144],[101.041321785572,0.2575081512920832],[100.99874894201014,0.30856246054389647],[101.00918218031342,0.31843508305639145]]]}},{"type":"Feature","properties":{"code":"1401132004","desa":"Sipungguk","kecamatan":"Salo","kecCode":"140113"},"geometry":{"type":"Polygon","coordinates":[[[101.00595138834598,0.33922323588413417],[101.01341327020636,0.31483729575238595],[101.00918218031342,0.31843508305639145],[100.99841071328386,0.3104372340438283],[100.99316730962369,0.3349880630738757],[100.95106709756857,0.3971718954223249],[100.93416188456337,0.43465443766594153],[100.93853064357437,0.4476959661951103],[100.92725482684887,0.4497536896779818],[100.91597026691437,0.4760093626095639],[100.93558543042333,0.4758762206787241],[100.96173075656922,0.4406665539253838],[100.97743880555652,0.3856265689796089],[101.00595138834598,0.33922323588413417]]]}},{"type":"Feature","properties":{"code":"1401132005","desa":"Ganting Damai","kecamatan":"Salo","kecCode":"140113"},"geometry":{"type":"Polygon","coordinates":[[[100.9695196885828,0.3330562770529882],[100.91786396664878,0.4244559134348535],[100.8971912022123,0.47656485764898676],[100.91597026691437,0.4760093626095639],[100.92725482684887,0.4497536896779818],[100.93853064357437,0.4476959661951103],[100.93416188456337,0.43465443766594153],[100.95106709756857,0.3971718954223249],[100.99316730962369,0.3349880630738757],[100.9695196885828,0.3330562770529882]]]}},{"type":"Feature","properties":{"code":"1401132006","desa":"Ganting","kecamatan":"Salo","kecCode":"140113"},"geometry":{"type":"Polygon","coordinates":[[[101.00167786843895,0.24971554195929144],[100.9695795546528,0.32747888407687414],[100.97183187344228,0.3340257048487663],[100.98061850344124,0.3336661325127256],[100.98081114541809,0.31338126907971386],[101.0320823810971,0.25530077792294864],[101.00167786843895,0.24971554195929144]]]}},{"type":"Feature","properties":{"code":"1401142001","desa":"Pulau Payung","kecamatan":"Rumbio Jaya","kecCode":"140114"},"geometry":{"type":"Polygon","coordinates":[[[101.14952698658122,0.358088745198852],[101.13066783904958,0.3485254597922829],[101.12960698077761,0.3565134189603092],[101.13722274923053,0.3576239665727133],[101.14209603780192,0.36711841697067576],[101.14130243735764,0.3951822128467548],[101.14320768438715,0.40001332051086613],[101.15534753286242,0.3990617379624417],[101.15046126437589,0.35670094019722765],[101.15837721123938,0.3548274653183161],[101.14928741078545,0.34423680070269524],[101.14515856121868,0.3479832216591022],[101.14952698658122,0.358088745198852]]]}},{"type":"Feature","properties":{"code":"1401142002","desa":"Teratak","kecamatan":"Rumbio Jaya","kecCode":"140114"},"geometry":{"type":"Polygon","coordinates":[[[101.12205870464554,0.35784512695074877],[101.13202616157815,0.40300558978533957],[101.13586753835625,0.4027628744565413],[101.13539508761328,0.39546757492621515],[101.14130243735764,0.3951822128467548],[101.14209603780192,0.36711841697067576],[101.13722274923053,0.3576239665727133],[101.12960698077761,0.3565134189603092],[101.13066783904958,0.3485254597922829],[101.12205870464554,0.35784512695074877]]]}},{"type":"Feature","properties":{"code":"1401142003","desa":"Alam Panjang","kecamatan":"Rumbio Jaya","kecCode":"140114"},"geometry":{"type":"Polygon","coordinates":[[[101.17352143386717,0.3612836290320763],[101.16182469755181,0.3639762729794641],[101.15855442894377,0.3562125165958845],[101.15046126437589,0.35670094019722765],[101.15534753286242,0.3990617379624417],[101.14801811844148,0.3996362554618104],[101.16183896259808,0.4152579056633009],[101.17318696790431,0.41000352848140625],[101.17231316322199,0.37138619470168377],[101.16679944403914,0.36768079362240885],[101.17352143386717,0.3612836290320763]]]}},{"type":"Feature","properties":{"code":"1401142004","desa":"Bukit Kratai","kecamatan":"Rumbio Jaya","kecCode":"140114"},"geometry":{"type":"Polygon","coordinates":[[[101.1350351420582,0.4560821775402554],[101.16840048999069,0.45439948394070867],[101.1705366703311,0.4103851324088811],[101.1586605849181,0.4140328509721104],[101.15610245256619,0.404936632966273],[101.14132417127352,0.3951817991586441],[101.13202616157815,0.40300558978533957],[101.14208728829777,0.4351908221119422],[101.13079139330819,0.43974513553770733],[101.1350351420582,0.4560821775402554]]]}},{"type":"Feature","properties":{"code":"1401142005","desa":"Batang Batindih","kecamatan":"Rumbio Jaya","kecCode":"140114"},"geometry":{"type":"Polygon","coordinates":[[[101.15831365435173,0.5022338155763123],[101.16167726089691,0.48139364865951767],[101.16885197573816,0.47729081558480185],[101.16840048999069,0.45439948394070867],[101.1358558966324,0.4569232109263591],[101.13659166707185,0.48955859800327434],[101.15831365435173,0.5022338155763123]]]}},{"type":"Feature","properties":{"code":"1401142006","desa":"Tambusai","kecamatan":"Rumbio Jaya","kecCode":"140114"},"geometry":{"type":"Polygon","coordinates":[[[101.14167723881359,0.4965872926140086],[101.138881430034,0.5162291425834761],[101.15821457604191,0.5093222854254462],[101.15241650381863,0.4966590351308289],[101.14167723881359,0.4965872926140086]]]}},{"type":"Feature","properties":{"code":"1401142007","desa":"Simpang Petai","kecamatan":"Rumbio Jaya","kecCode":"140114"},"geometry":{"type":"Polygon","coordinates":[[[101.12467109399587,0.36539210085601964],[101.11790903937072,0.36366578474135663],[101.11911416238875,0.3835931298898993],[101.12285343463832,0.4019830291437641],[101.13202616157815,0.40300558978533957],[101.12467109399587,0.36539210085601964]]]}},{"type":"Feature","properties":{"code":"1401151007","desa":"Pulau","kecamatan":"Bangkinang","kecCode":"140115"},"geometry":{"type":"Polygon","coordinates":[[[101.01232708702548,0.3439455219835113],[101.0073503656269,0.33907262821986994],[100.99945497456747,0.34322529452775247],[101.0005343642696,0.34989925605437755],[100.97743880555652,0.3856265689796089],[100.97768807244665,0.3969703249764596],[100.98403756937834,0.3979010045825778],[101.01232708702548,0.3439455219835113]]]}},{"type":"Feature","properties":{"code":"1401151008","desa":"Pasir Sialang","kecamatan":"Bangkinang","kecCode":"140115"},"geometry":{"type":"Polygon","coordinates":[[[101.04379326374816,0.36164188565996297],[101.03553513743667,0.36344216831488046],[101.0287381729284,0.3556377571789203],[101.02397888601682,0.3593625818157123],[101.02421249391153,0.38345745816619503],[101.0044586459498,0.37786425061197293],[100.99514150227857,0.40001452110578],[100.97768807244665,0.3969703249764596],[100.96173075656922,0.4406665539253838],[100.93558543042333,0.4758762206787241],[100.97363605466022,0.4759988738165767],[101.0187302932685,0.4377450873762126],[101.02548686472709,0.4397472408505878],[101.02330071985239,0.40170649840683675],[101.04360979125892,0.3746156448770338],[101.04379326374816,0.36164188565996297]]]}},{"type":"Feature","properties":{"code":"1401152001","desa":"Pulau Lawas","kecamatan":"Bangkinang","kecCode":"140115"},"geometry":{"type":"Polygon","coordinates":[[[101.029676119957,0.34859817087890166],[101.02338902068679,0.3499929168480869],[101.02443260568025,0.3569305353166655],[101.0414156999746,0.3639398756176545],[101.029676119957,0.34859817087890166]]]}},{"type":"Feature","properties":{"code":"1401152002","desa":"Muara Uwai","kecamatan":"Bangkinang","kecCode":"140115"},"geometry":{"type":"Polygon","coordinates":[[[101.02338902068679,0.3499929168480869],[101.00934501336172,0.35768085948395106],[101.0044586459498,0.37786425061197293],[101.01928424327326,0.38439161814862743],[101.02725282385882,0.3777153012975682],[101.02338902068679,0.3499929168480869]]]}},{"type":"Feature","properties":{"code":"1401152003","desa":"Laboy Jaya","kecamatan":"Bangkinang","kecCode":"140115"},"geometry":{"type":"Polygon","coordinates":[[[101.02548686472709,0.4397472408505878],[101.0187302932685,0.4377450873762126],[100.97945877730079,0.46693095747541563],[101.00027661497387,0.47374578341128043],[101.02941186496564,0.4734829430537088],[101.02548686472709,0.4397472408505878]]]}},{"type":"Feature","properties":{"code":"1401152004","desa":"Bukit Payung","kecamatan":"Bangkinang","kecCode":"140115"},"geometry":{"type":"Polygon","coordinates":[[[101.08144906941908,0.48729818801590646],[101.08161608161691,0.45537953542781906],[101.08738689898625,0.45495436654187055],[101.07751464158751,0.4470634010550024],[101.05675293689858,0.44599039564136184],[101.05713148942675,0.4374246508376388],[101.02917794140892,0.4503326678146276],[101.0274444990644,0.4679052838783614],[101.04562330677027,0.48021728686111037],[101.05981724636888,0.5079003583467373],[101.08144906941908,0.48729818801590646]]]}},{"type":"Feature","properties":{"code":"1401152005","desa":"Suka Mulya","kecamatan":"Bangkinang","kecCode":"140115"},"geometry":{"type":"Polygon","coordinates":[[[100.97363605466022,0.4759988738165767],[101.00925233192964,0.4891771253768669],[101.04140857644472,0.5199375734786638],[101.0577460015768,0.5223195538201196],[101.05712384339074,0.5019569260098271],[101.04562330677027,0.48021728686111037],[101.03054739664508,0.46920172765278334],[101.02941186496564,0.4734829430537088],[101.00027661497387,0.47374578341128043],[100.97945877730079,0.46693095747541563],[100.97363605466022,0.4759988738165767]]]}},{"type":"Feature","properties":{"code":"1401152006","desa":"Bukit Sembilan","kecamatan":"Bangkinang","kecCode":"140115"},"geometry":{"type":"Polygon","coordinates":[[[101.02563874493215,0.41685952538046595],[101.02473128941756,0.4480956455963188],[101.0485600222273,0.44376575708766436],[101.05337684056876,0.4369472439314113],[101.0475107373307,0.4217695836275819],[101.02563874493215,0.41685952538046595]]]}},{"type":"Feature","properties":{"code":"1401152009","desa":"Binuang","kecamatan":"Bangkinang","kecCode":"140115"},"geometry":{"type":"Polygon","coordinates":[[[101.01600825497705,0.3501241540148692],[101.01232708702548,0.3439455219835113],[101.00776475883663,0.3488292471817837],[100.9840440597856,0.3978892684298705],[100.99514150227857,0.40001452110578],[101.01600825497705,0.3501241540148692]]]}},{"type":"Feature","properties":{"code":"1401162001","desa":"Kampung Pinang","kecamatan":"Perhentian Raja","kecCode":"140116"},"geometry":{"type":"Polygon","coordinates":[[[101.41499248881233,0.3589327139720828],[101.41761687421945,0.3864038098557168],[101.42675149778347,0.37865236698954513],[101.43149945323721,0.38367339258380945],[101.42779665209389,0.39489588399612396],[101.43772830971379,0.3834133149436167],[101.446651433417,0.384357814431584],[101.43972700889441,0.37777816300924866],[101.45092044682121,0.3760482756867215],[101.44828810421266,0.36682544302939357],[101.45910293655133,0.3761280257670445],[101.45942618167298,0.3560562647864633],[101.41499248881233,0.3589327139720828]]]}},{"type":"Feature","properties":{"code":"1401162002","desa":"Pantai Raja","kecamatan":"Perhentian Raja","kecCode":"140116"},"geometry":{"type":"Polygon","coordinates":[[[101.45997497586448,0.32496693821013256],[101.46130219893739,0.27124744401089734],[101.38566181344196,0.27804104324850126],[101.40849856525664,0.32790775277373413],[101.45997497586448,0.32496693821013256]]]}},{"type":"Feature","properties":{"code":"1401162003","desa":"Hangtuah","kecamatan":"Perhentian Raja","kecCode":"140116"},"geometry":{"type":"Polygon","coordinates":[[[101.3556578552259,0.30790990707209764],[101.36717177555703,0.30874429087094024],[101.38642085383941,0.3276785893288736],[101.40849856525664,0.32790775277373413],[101.38916304593789,0.2852931258579246],[101.35554238767111,0.28482199981680406],[101.3556578552259,0.30790990707209764]]]}},{"type":"Feature","properties":{"code":"1401162004","desa":"Sialang Kubang","kecamatan":"Perhentian Raja","kecCode":"140116"},"geometry":{"type":"Polygon","coordinates":[[[101.32828696806916,0.3056423303873285],[101.3556578552259,0.30790990707209764],[101.35598714559035,0.270419491263983],[101.32901317691665,0.2691949509850597],[101.32828696806916,0.3056423303873285]]]}},{"type":"Feature","properties":{"code":"1401162005","desa":"Lubuk Sakat","kecamatan":"Perhentian Raja","kecCode":"140116"},"geometry":{"type":"Polygon","coordinates":[[[101.38588334973684,0.3271016283715515],[101.41499248881233,0.3589327139720828],[101.45942618167298,0.3560562647864633],[101.45997497586448,0.32496693821013256],[101.38588334973684,0.3271016283715515]]]}},{"type":"Feature","properties":{"code":"1401172001","desa":"Pulau Birandang","kecamatan":"Kampa","kecCode":"140117"},"geometry":{"type":"Polygon","coordinates":[[[101.18115924830073,0.35982634690586196],[101.16679944403914,0.36768079362240885],[101.17231316322199,0.37138619470168377],[101.17420998000664,0.3969857825237422],[101.16883568182129,0.46874084488974077],[101.18966613158675,0.4708313720435026],[101.18966958138611,0.4817581465823226],[101.16927501143272,0.4882767205480138],[101.16901903739868,0.500307458762601],[101.17662878039395,0.5003049208757908],[101.17662682706644,0.4943448106115549],[101.22080191987276,0.49552707286184916],[101.22201281743764,0.44882593556643574],[101.19861266464284,0.44753055479065806],[101.20474752667705,0.3589639420307847],[101.19675659074413,0.35386649474712173],[101.18546248090883,0.3704578371450921],[101.18115924830073,0.35982634690586196]]]}},{"type":"Feature","properties":{"code":"1401172002","desa":"Pulau Rambai","kecamatan":"Kampa","kecCode":"140117"},"geometry":{"type":"Polygon","coordinates":[[[101.17157167129567,0.2627039187569794],[101.16709732288318,0.3418017567633429],[101.18199308441335,0.36902348503300986],[101.18811176404671,0.37038541743870085],[101.1936541203414,0.359966937021811],[101.18334806955784,0.3535456580101795],[101.17676282524421,0.3364190427283025],[101.21059742503121,0.22989633579004765],[101.20804475875865,0.21845253471233328],[101.19846237803637,0.2113237563498728],[101.18594933069708,0.22192799173518177],[101.1783420563409,0.25685885426536237],[101.17157167129567,0.2627039187569794]]]}},{"type":"Feature","properties":{"code":"1401172003","desa":"Kampar","kecamatan":"Kampa","kecCode":"140117"},"geometry":{"type":"Polygon","coordinates":[[[101.18807489184285,0.35304432733889524],[101.19984903640398,0.3536347763282543],[101.21391759971749,0.24037145191204481],[101.19321160443205,0.3505837903174782],[101.18807489184285,0.35304432733889524]]]}},{"type":"Feature","properties":{"code":"1401172004","desa":"Koto Perambahan","kecamatan":"Kampa","kecCode":"140117"},"geometry":{"type":"Polygon","coordinates":[[[101.20545851629753,0.3585775824883555],[101.21441448863783,0.37575127098404515],[101.22400219964184,0.3586941616050221],[101.23102664406444,0.358041431866091],[101.24569259823488,0.27161022512797617],[101.2409990517649,0.2689261670081619],[101.22910844859608,0.26873227497385965],[101.21302321944609,0.3525922795156749],[101.20545851629753,0.3585775824883555]]]}},{"type":"Feature","properties":{"code":"1401172005","desa":"Sungai Putih","kecamatan":"Kampa","kecCode":"140117"},"geometry":{"type":"Polygon","coordinates":[[[101.16883568182129,0.46874084488974077],[101.16927501143272,0.4882767205480138],[101.17695377469697,0.48827422133207404],[101.17870589056444,0.481761685414538],[101.18966958138611,0.4817581465823226],[101.18966613158675,0.4708313720435026],[101.16883568182129,0.46874084488974077]]]}},{"type":"Feature","properties":{"code":"1401172006","desa":"Deli Makmur","kecamatan":"Kampa","kecCode":"140117"},"geometry":{"type":"Polygon","coordinates":[[[101.21212706840953,0.5096477284898098],[101.21217758602683,0.4952349334914466],[101.17620542274209,0.5014329540067407],[101.19426068158525,0.5095069207379068],[101.21212706840953,0.5096477284898098]]]}},{"type":"Feature","properties":{"code":"1401172007","desa":"Sungai Tarap","kecamatan":"Kampa","kecCode":"140117"},"geometry":{"type":"Polygon","coordinates":[[[101.1936541203414,0.359966937021811],[101.19502022020707,0.35602373361013584],[101.19471349383274,0.3544204663349636],[101.1900998467306,0.355711832537126],[101.1936541203414,0.359966937021811]]]}},{"type":"Feature","properties":{"code":"1401172008","desa":"Tanjung Bungo","kecamatan":"Kampa","kecCode":"140117"},"geometry":{"type":"Polygon","coordinates":[[[101.20474752667705,0.3589639420307847],[101.21302321944609,0.3525922795156749],[101.22910844859608,0.26873227497385965],[101.21703341605932,0.24348640310259523],[101.19984903640398,0.3536347763282543],[101.20474752667705,0.3589639420307847]]]}},{"type":"Feature","properties":{"code":"1401172009","desa":"Sawah Baru","kecamatan":"Kampa","kecCode":"140117"},"geometry":{"type":"Polygon","coordinates":[[[101.20938433042254,0.23423063187613055],[101.17676282524421,0.3364190427283025],[101.18334806955784,0.3535456580101795],[101.19321160443205,0.3505837903174782],[101.21391759971749,0.24037145191204481],[101.20938433042254,0.23423063187613055]]]}},{"type":"Feature","properties":{"code":"1401182001","desa":"Muara Jalai","kecamatan":"Kampar Utara","kecCode":"140118"},"geometry":{"type":"Polygon","coordinates":[[[101.07175030473284,0.36103611761884413],[101.04769213868133,0.39292473554855467],[101.04475512375,0.407572931689538],[101.05675293689858,0.44599039564136184],[101.07751464158751,0.4470634010550024],[101.07535685143762,0.41122332753456065],[101.0817861254294,0.39205622697476655],[101.07678525993184,0.3774474121461054],[101.06925613126549,0.3810989024660879],[101.07581032558613,0.3653302652708828],[101.07175030473284,0.36103611761884413]]]}},{"type":"Feature","properties":{"code":"1401182002","desa":"Sawah","kecamatan":"Kampar Utara","kecCode":"140118"},"geometry":{"type":"Polygon","coordinates":[[[101.09840033041097,0.35934544703277227],[101.09725818961378,0.36509544958692264],[101.10026842824544,0.3735342586812773],[101.0937087804359,0.3746758158171459],[101.09880617466528,0.44802902291990304],[101.11216240926785,0.4481718073816503],[101.11699391803495,0.4458447486375228],[101.11233479671358,0.40694182794777345],[101.09840033041097,0.35934544703277227]]]}},{"type":"Feature","properties":{"code":"1401182003","desa":"Kampung Panjang","kecamatan":"Kampar Utara","kecCode":"140118"},"geometry":{"type":"Polygon","coordinates":[[[101.10385705056251,0.35664880469958565],[101.09935684304395,0.36492851473093463],[101.11125471363418,0.3656040153040592],[101.10818539763807,0.3591231004489719],[101.10385705056251,0.35664880469958565]]]}},{"type":"Feature","properties":{"code":"1401182004","desa":"Kayu Aro","kecamatan":"Kampar Utara","kecCode":"140118"},"geometry":{"type":"Polygon","coordinates":[[[101.08738689898625,0.45495436654187055],[101.1350351420582,0.4560821775402554],[101.13521671787731,0.45240470490711165],[101.11341614244104,0.4450329657009983],[101.09880617466528,0.44802902291990304],[101.09792195133706,0.4377832833821286],[101.0766683579584,0.43828635064430665],[101.07751464158751,0.4470634010550024],[101.08738689898625,0.45495436654187055]]]}},{"type":"Feature","properties":{"code":"1401182005","desa":"Sungai Tonang","kecamatan":"Kampar Utara","kecCode":"140118"},"geometry":{"type":"Polygon","coordinates":[[[101.06310320544861,0.37154707801958886],[101.04665904967544,0.3633110696437553],[101.02330071985239,0.40170649840683675],[101.02871609637081,0.41962558008704215],[101.0475107373307,0.4217695836275819],[101.04769213868133,0.39292473554855467],[101.06176713124819,0.38070183199805857],[101.06310320544861,0.37154707801958886]]]}},{"type":"Feature","properties":{"code":"1401182006","desa":"Sungai Jalau","kecamatan":"Kampar Utara","kecCode":"140118"},"geometry":{"type":"Polygon","coordinates":[[[101.0937087804359,0.3746758158171459],[101.07678525993184,0.3774474121461054],[101.08192974985815,0.396290352974084],[101.07572779660057,0.4069725469901833],[101.0766683579584,0.43828635064430665],[101.09792195133706,0.4377832833821286],[101.0937087804359,0.3746758158171459]]]}},{"type":"Feature","properties":{"code":"1401182007","desa":"Sendayan","kecamatan":"Kampar Utara","kecCode":"140118"},"geometry":{"type":"Polygon","coordinates":[[[101.11790903937072,0.36366578474135663],[101.10971642956962,0.3656338071454386],[101.11613685962844,0.4224134685341985],[101.12624015825673,0.43888636752090393],[101.14208786296454,0.43721931493034594],[101.13202616157815,0.40300558978533957],[101.12285343463832,0.4019830291437641],[101.11790903937072,0.36366578474135663]]]}},{"type":"Feature","properties":{"code":"1401182008","desa":"Naga Beralih","kecamatan":"Kampar Utara","kecCode":"140118"},"geometry":{"type":"Polygon","coordinates":[[[101.13279967206728,0.44869563549329206],[101.11613685962844,0.4224134685341985],[101.1123175117438,0.3724296654800624],[101.1091134979896,0.3631552396163687],[101.10437037279449,0.3639716711485115],[101.1005880913674,0.36792603244885985],[101.11699391803495,0.4458447486375228],[101.13279967206728,0.44869563549329206]]]}},{"type":"Feature","properties":{"code":"1401192001","desa":"Simalinyang","kecamatan":"Kampar Kiri Tengah","kecCode":"140119"},"geometry":{"type":"Polygon","coordinates":[[[101.37167023389425,0.16477284090957858],[101.36173745841704,0.1562009582329062],[101.35837807778613,0.12390328007369333],[101.38240835765964,0.06773472150444423],[101.42361749804917,0.01970567855223329],[101.4413811670073,-0.04578740081663301],[101.31927505969628,0.16734172825098212],[101.28882355656195,0.2019375420580325],[101.29780932793818,0.2050006113598208],[101.30159991730237,0.1951710447895709],[101.31126569935257,0.19566327881836637],[101.34301394303913,0.212388023950516],[101.35371249483579,0.19280523875510347],[101.37202495798549,0.17763473435679927],[101.37167023389425,0.16477284090957858]]]}},{"type":"Feature","properties":{"code":"1401192002","desa":"Bina Baru","kecamatan":"Kampar Kiri Tengah","kecCode":"140119"},"geometry":{"type":"Polygon","coordinates":[[[101.2831375308724,0.2452514449239034],[101.28903301855898,0.23003295360060752],[101.27580221869749,0.22785230358601702],[101.2857634802005,0.20978754882166215],[101.24733033472722,0.21241148996068368],[101.2398193480845,0.23505793441317988],[101.26907099642938,0.24835537762072069],[101.27135270596267,0.2410244136761035],[101.2831375308724,0.2452514449239034]]]}},{"type":"Feature","properties":{"code":"1401192003","desa":"Hidup Baru","kecamatan":"Kampar Kiri Tengah","kecCode":"140119"},"geometry":{"type":"Polygon","coordinates":[[[101.22910844859608,0.26873227497385965],[101.25380573764473,0.2709663330267222],[101.26065213428863,0.2442456440480091],[101.21057364605696,0.22998007796096379],[101.22910844859608,0.26873227497385965]]]}},{"type":"Feature","properties":{"code":"1401192004","desa":"Karya Bakti","kecamatan":"Kampar Kiri Tengah","kecCode":"140119"},"geometry":{"type":"Polygon","coordinates":[[[101.25380573764473,0.2709663330267222],[101.31288981920983,0.2705339767590063],[101.31291280408271,0.2638555617895772],[101.28627402442673,0.2613097060857562],[101.2831375308724,0.2452514449239034],[101.27135270596267,0.2410244136761035],[101.26907099642938,0.24835537762072069],[101.26065213428863,0.2442456440480091],[101.25380573764473,0.2709663330267222]]]}},{"type":"Feature","properties":{"code":"1401192005","desa":"Lubuk Sakai","kecamatan":"Kampar Kiri Tengah","kecCode":"140119"},"geometry":{"type":"Polygon","coordinates":[[[101.31705762201169,0.234651785289192],[101.31828385121882,0.21230128793655256],[101.28882355656195,0.2019375420580325],[101.27580221869749,0.22785230358601702],[101.31705762201169,0.234651785289192]]]}},{"type":"Feature","properties":{"code":"1401192006","desa":"Penghidupan","kecamatan":"Kampar Kiri Tengah","kecCode":"140119"},"geometry":{"type":"Polygon","coordinates":[[[101.4413811670073,-0.04578740081663301],[101.46097129878648,-0.06811415876513938],[101.44149887207531,-0.07721371325580097],[101.43278759357263,-0.0659695409876383],[101.42275631984836,-0.0661305816869598],[101.35960198224575,0.03706888028316526],[101.33156748535123,0.059361571912653135],[101.29585838006021,0.1382857490333828],[101.25889514859227,0.1611217543852228],[101.24481843472307,0.17856993935145457],[101.27186037955295,0.18807182534408215],[101.28295021108346,0.20031908433418621],[101.31927505969628,0.16734172825098212],[101.4413811670073,-0.04578740081663301]]]}},{"type":"Feature","properties":{"code":"1401192007","desa":"Mayang Pongkai","kecamatan":"Kampar Kiri Tengah","kecCode":"140119"},"geometry":{"type":"Polygon","coordinates":[[[101.31891977892474,0.22298567270117886],[101.34742581375036,0.22395511398678297],[101.35383764898836,0.20637479433039924],[101.34654554743913,0.20341829199304057],[101.34301394303913,0.212388023950516],[101.32168374091196,0.2048655466784661],[101.32149348663516,0.19890114035283013],[101.30159991730237,0.1951710447895709],[101.29780932793818,0.2050006113598208],[101.31828385121882,0.21230128793655256],[101.31891977892474,0.22298567270117886]]]}},{"type":"Feature","properties":{"code":"1401192008","desa":"Koto Damai","kecamatan":"Kampar Kiri Tengah","kecCode":"140119"},"geometry":{"type":"Polygon","coordinates":[[[101.21327890299904,0.20682723335874592],[101.21057364605696,0.22998007796096379],[101.23848566338273,0.23854356816431674],[101.24733033472722,0.21241148996068368],[101.21327890299904,0.20682723335874592]]]}},{"type":"Feature","properties":{"code":"1401192009","desa":"Utama Karya","kecamatan":"Kampar Kiri Tengah","kecCode":"140119"},"geometry":{"type":"Polygon","coordinates":[[[101.31281336604404,0.25196248729710474],[101.31705762201169,0.234651785289192],[101.28903301855898,0.23003295360060752],[101.28231621691994,0.250086622020214],[101.28627402442673,0.2613097060857562],[101.30295570104482,0.26389808443381474],[101.30030817698082,0.2526450142733377],[101.31281336604404,0.25196248729710474]]]}},{"type":"Feature","properties":{"code":"1401192010","desa":"Bukit Sakai","kecamatan":"Kampar Kiri Tengah","kecCode":"140119"},"geometry":{"type":"Polygon","coordinates":[[[101.28882355656195,0.2019375420580325],[101.27186037955295,0.18807182534408215],[101.24481843472307,0.17856993935145457],[101.21844959287448,0.1899821922118548],[101.21019585885188,0.20636650078249388],[101.27459127256924,0.21260970503602222],[101.2857634802005,0.20978754882166215],[101.28882355656195,0.2019375420580325]]]}},{"type":"Feature","properties":{"code":"1401192011","desa":"Mekar Jaya","kecamatan":"Kampar Kiri Tengah","kecCode":"140119"},"geometry":{"type":"Polygon","coordinates":[[[101.31288981920983,0.2705339767590063],[101.33789023644533,0.26934873865205655],[101.33400964562871,0.2484759371368168],[101.30030817698082,0.2526450142733377],[101.30295570104482,0.26389808443381474],[101.31291280408271,0.2638555617895772],[101.31288981920983,0.2705339767590063]]]}},{"type":"Feature","properties":{"code":"1401202001","desa":"Kebun Durian","kecamatan":"Gunung Sahilan","kecCode":"140120"},"geometry":{"type":"Polygon","coordinates":[[[101.17920279837051,0.1500142637794676],[101.18926236386703,0.15435333166828072],[101.18947481341195,0.16378021869891257],[101.19198774673718,0.1646216693703704],[101.20550602658194,0.14933025382110846],[101.23360948259158,0.14481433784939748],[101.24675905658523,0.1269513882539856],[101.25946171068944,0.12563233642263855],[101.26894144279339,0.1079798272864245],[101.28936300140144,0.13695895493861454],[101.29630073589033,0.13730232329001285],[101.30541489807915,0.1170401092827001],[101.30040379559874,0.11594772527758675],[101.29921476055284,0.10108257848513716],[101.29263392021932,0.10402501632511588],[101.28328427594863,0.09381245547550626],[101.28281788303894,0.08570459329652526],[101.23696103642277,0.08382760746434854],[101.21656241592278,0.12252382527724939],[101.17920279837051,0.1500142637794676]]]}},{"type":"Feature","properties":{"code":"1401202002","desa":"Gunung Sahilan","kecamatan":"Gunung Sahilan","kecCode":"140120"},"geometry":{"type":"Polygon","coordinates":[[[101.30541489807915,0.1170401092827001],[101.32974304060888,0.06295482933155397],[101.29398623527658,0.04220688519244761],[101.27487311380321,0.06807176132664018],[101.28328427594863,0.09381245547550626],[101.29263392021932,0.10402501632511588],[101.29921476055284,0.10108257848513716],[101.30040379559874,0.11594772527758675],[101.30541489807915,0.1170401092827001]]]}},{"type":"Feature","properties":{"code":"1401202003","desa":"Gunung Sari","kecamatan":"Gunung Sahilan","kecCode":"140120"},"geometry":{"type":"Polygon","coordinates":[[[101.37204690773865,0.014989635546495374],[101.38848515676466,-0.009395291049268333],[101.34202076594566,-0.03468575490483965],[101.31734694740373,-0.035173612832585945],[101.35065957078262,-0.008982897033019537],[101.35606555208363,0.010201584723980152],[101.37204690773865,0.014989635546495374]]]}},{"type":"Feature","properties":{"code":"1401202004","desa":"Suka Makmur","kecamatan":"Gunung Sahilan","kecCode":"140120"},"geometry":{"type":"Polygon","coordinates":[[[101.35748179724719,0.039083903955324475],[101.36636589397091,0.02238089183970361],[101.31565389181371,-0.018506383841764725],[101.28281902158061,-0.014570950572547234],[101.2771100505884,-0.0019174102580640678],[101.35748179724719,0.039083903955324475]]]}},{"type":"Feature","properties":{"code":"1401202005","desa":"Subarak","kecamatan":"Gunung Sahilan","kecCode":"140120"},"geometry":{"type":"Polygon","coordinates":[[[101.26158955791179,0.025283513994708802],[101.23696103642277,0.08382760746434854],[101.28219087930569,0.08568019828667343],[101.27487311380321,0.06807176132664018],[101.29398623527658,0.04220688519244761],[101.26158955791179,0.025283513994708802]]]}},{"type":"Feature","properties":{"code":"1401202006","desa":"Sungai Lipai","kecamatan":"Gunung Sahilan","kecCode":"140120"},"geometry":{"type":"Polygon","coordinates":[[[101.20550602658194,0.14933025382110846],[101.17872631236946,0.17364380122618248],[101.17824988302573,0.1948621762304681],[101.18732994202327,0.20160654747864246],[101.1926203379583,0.19678921922690656],[101.20804475875865,0.21845253471233328],[101.21844959287448,0.1899821922118548],[101.24481843472307,0.17856993935145457],[101.25889514859227,0.1611217543852228],[101.29630073589033,0.13730232329001285],[101.28936300140144,0.13695895493861454],[101.26894144279339,0.1079798272864245],[101.25946171068944,0.12563233642263855],[101.24675905658523,0.1269513882539856],[101.23360948259158,0.14481433784939748],[101.20550602658194,0.14933025382110846]]]}},{"type":"Feature","properties":{"code":"1401202007","desa":"Sahilan Darussalam","kecamatan":"Gunung Sahilan","kecCode":"140120"},"geometry":{"type":"Polygon","coordinates":[[[101.36636589397091,0.02238089183970361],[101.37204690773865,0.014989635546495374],[101.35606555208363,0.010201584723980152],[101.35538977271987,-0.0031322864223408205],[101.33187375576925,-0.019459811799072378],[101.32484610076698,-0.03238588986062844],[101.28809566508293,-0.03800182777952563],[101.28281902158061,-0.014570950572547234],[101.31565389181371,-0.018506383841764725],[101.36636589397091,0.02238089183970361]]]}},{"type":"Feature","properties":{"code":"1401202008","desa":"Gunung Mulya","kecamatan":"Gunung Sahilan","kecCode":"140120"},"geometry":{"type":"Polygon","coordinates":[[[101.38848515676466,-0.009395291049268333],[101.42275631984836,-0.0661305816869598],[101.43278759357263,-0.0659695409876383],[101.44145072686962,-0.07721304326087604],[101.42428047016762,-0.0781734607491131],[101.39237962142244,-0.09939757702528783],[101.34916697137866,-0.10434501559314176],[101.33784469297825,-0.07974314104386772],[101.2890644408713,-0.03886822654391049],[101.34202076594566,-0.03468575490483965],[101.38848515676466,-0.009395291049268333]]]}},{"type":"Feature","properties":{"code":"1401202009","desa":"Makmur Sejahtera","kecamatan":"Gunung Sahilan","kecCode":"140120"},"geometry":{"type":"Polygon","coordinates":[[[101.26551634330468,0.009754790740152734],[101.26194652940887,0.0246225428685904],[101.32974304060888,0.06295482933155397],[101.35748179724719,0.039083903955324475],[101.28112028227525,-0.00303487275776023],[101.26551634330468,0.009754790740152734]]]}},{"type":"Feature","properties":{"code":"1401212001","desa":"Siberuang","kecamatan":"Koto Kampar Hulu","kecCode":"140121"},"geometry":{"type":"Polygon","coordinates":[[[100.4619698378378,0.3252688586070916],[100.4536758375699,0.3418295853846658],[100.48635318704999,0.34405674743610837],[100.52869341107214,0.38999570300302167],[100.53717910183416,0.42143771220922177],[100.52234315421327,0.44292503306836345],[100.55561814456176,0.47211432238999124],[100.54242054497223,0.5019254803152708],[100.55138010560745,0.5046322157397003],[100.57118586693429,0.5280655040291456],[100.58123726209003,0.5152349780355274],[100.60298981642693,0.5082638903977154],[100.62397833643115,0.4841160421801091],[100.59752486837804,0.4345082789478703],[100.57375203382935,0.41554986247131953],[100.54810671005669,0.3731194095157395],[100.51106150988083,0.3351004567458363],[100.49458136323938,0.33431523438654875],[100.49255882213195,0.318610791698268],[100.4619698378378,0.3252688586070916]]]}},{"type":"Feature","properties":{"code":"1401212002","desa":"Bandur Picak","kecamatan":"Koto Kampar Hulu","kecCode":"140121"},"geometry":{"type":"Polygon","coordinates":[[[100.4536758375699,0.3418295853846658],[100.42931158995798,0.3604381709816084],[100.43701232725714,0.38429783055058775],[100.46066664285131,0.4013889127191543],[100.46107719505657,0.41157406672942276],[100.44583330866031,0.4177777754566399],[100.46532252661336,0.433470915465487],[100.46174952641957,0.4458343677631713],[100.46874444430075,0.4489532777693565],[100.4805773811413,0.440940942477294],[100.4938333916977,0.4538927258609065],[100.50438844317216,0.4420543895039744],[100.52234315421327,0.44292503306836345],[100.53717910183416,0.42143771220922177],[100.5258401464057,0.3848514487048648],[100.48635318704999,0.34405674743610837],[100.4536758375699,0.3418295853846658]]]}},{"type":"Feature","properties":{"code":"1401212003","desa":"Gunung Malelo","kecamatan":"Koto Kampar Hulu","kecCode":"140121"},"geometry":{"type":"Polygon","coordinates":[[[100.55255449069726,0.30588732909476096],[100.53405003038466,0.30437989087876066],[100.5316374128364,0.31739680226555467],[100.51616580370894,0.31928341174284364],[100.49205366124754,0.30501811275451574],[100.47084507264202,0.3113301915868071],[100.4619698378378,0.3252688586070916],[100.49255882213195,0.318610791698268],[100.49458136323938,0.33431523438654875],[100.51106150988083,0.3351004567458363],[100.54810671005669,0.3731194095157395],[100.57375203382935,0.41554986247131953],[100.59752486837804,0.4345082789478703],[100.62590967279323,0.4836515207600693],[100.63168989886981,0.47120451335052616],[100.55255449069726,0.30588732909476096]]]}},{"type":"Feature","properties":{"code":"1401212004","desa":"Tabing","kecamatan":"Koto Kampar Hulu","kecCode":"140121"},"geometry":{"type":"Polygon","coordinates":[[[100.57343740601152,0.2872110353396572],[100.55255449069726,0.30588732909476096],[100.58709394942628,0.3704220540201815],[100.61548776055177,0.3276718390176014],[100.59044814996219,0.32709096061341153],[100.57343740601152,0.2872110353396572]]]}},{"type":"Feature","properties":{"code":"1401212005","desa":"Pongkai","kecamatan":"Koto Kampar Hulu","kecCode":"140121"},"geometry":{"type":"Polygon","coordinates":[[[100.59460714570326,0.38558690348148345],[100.6265706304303,0.36211743456687756],[100.61548776055177,0.3276718390176014],[100.58709394942628,0.3704220540201815],[100.59460714570326,0.38558690348148345]]]}},{"type":"Feature","properties":{"code":"1401212006","desa":"Tanjung","kecamatan":"Koto Kampar Hulu","kecCode":"140121"},"geometry":{"type":"Polygon","coordinates":[[[100.62502123074528,0.23455811190491166],[100.58778686717022,0.25150570454326454],[100.58463082685125,0.27385046691916226],[100.57343740601152,0.2872110353396572],[100.57859628059396,0.3061792670170541],[100.59044814996219,0.32709096061341153],[100.61548776055177,0.3276718390176014],[100.60950355294665,0.3219483808529156],[100.62114527143716,0.3087481525597977],[100.6395988939738,0.31101801172392496],[100.6418365268343,0.3325287833047225],[100.64707689887983,0.3235226494887702],[100.66639301532547,0.31420660479944124],[100.65786537298861,0.2969905519401913],[100.66068488340073,0.2768012099982049],[100.65578120403937,0.26513716405226523],[100.62502123074528,0.23455811190491166]]]}}]}