{"type":"FeatureCollection","features":[{"type":"Feature","properties":{"code":"1404011001","desa":"Pulaukijang","kecamatan":"Reteh","kecCode":"140401"},"geometry":{"type":"Polygon","coordinates":[[[103.2080279293455,-0.7570549244985574],[103.19076871530405,-0.7568744350607431],[103.18872131423733,-0.7425118995741343],[103.19622651194402,-0.6864865589397322],[103.20521916583192,-0.6848816557977866],[103.2080279293455,-0.7570549244985574]]]}},{"type":"Feature","properties":{"code":"1404011017","desa":"Metro","kecamatan":"Reteh","kecCode":"140401"},"geometry":{"type":"Polygon","coordinates":[[[103.2080279293455,-0.7570549244985574],[103.20521916583192,-0.6848816557977866],[103.23224281755203,-0.6858061058001406],[103.24095504124222,-0.6935641667771858],[103.22847643523937,-0.7669257285818886],[103.2080279293455,-0.7570549244985574]]]}},{"type":"Feature","properties":{"code":"1404011018","desa":"Madani","kecamatan":"Reteh","kecCode":"140401"},"geometry":{"type":"Polygon","coordinates":[[[103.19622651194402,-0.6864865589397322],[103.19076871530405,-0.7568744350607431],[103.16493586759628,-0.7526349509005952],[103.18010014690428,-0.6863899366785567],[103.19622651194402,-0.6864865589397322]]]}},{"type":"Feature","properties":{"code":"1404012002","desa":"Sanglar","kecamatan":"Reteh","kecCode":"140401"},"geometry":{"type":"Polygon","coordinates":[[[103.11210515622804,-0.6859712240255428],[103.1121043747172,-0.701032545331684],[103.09860963282834,-0.722798257625137],[103.09700940705852,-0.7563136025449085],[103.08083332839544,-0.7619444925922032],[103.0394813423901,-0.7554103360733712],[103.03640070842602,-0.6850483469374761],[103.06326231130669,-0.6803153939793591],[103.07505496301621,-0.6862774197995506],[103.11210515622804,-0.6859712240255428]]]}},{"type":"Feature","properties":{"code":"1404012003","desa":"Pulaukecil","kecamatan":"Reteh","kecCode":"140401"},"geometry":{"type":"Polygon","coordinates":[[[103.18010014690428,-0.6863899366785567],[103.16493586759628,-0.7526349509005952],[103.11183295212908,-0.7466109689860961],[103.09700940705852,-0.7563136025449085],[103.09860963282834,-0.722798257625137],[103.1121043747172,-0.701032545331684],[103.11210515622804,-0.6859712240255428],[103.18010014690428,-0.6863899366785567]]]}},{"type":"Feature","properties":{"code":"1404012004","desa":"Sungaiterap","kecamatan":"Reteh","kecCode":"140401"},"geometry":{"type":"Polygon","coordinates":[[[103.37765735939966,-0.7429771611361572],[103.3680351054358,-0.769492766917155],[103.31960621125766,-0.7660447661963531],[103.32440579409216,-0.7513174459032272],[103.31737448694308,-0.736184073612774],[103.33529518472506,-0.720950772254019],[103.38049791394764,-0.7129808166140107],[103.39820052163685,-0.7250947529096377],[103.37765735939966,-0.7429771611361572]]]}},{"type":"Feature","properties":{"code":"1404012009","desa":"Sungaiundan","kecamatan":"Reteh","kecCode":"140401"},"geometry":{"type":"Polygon","coordinates":[[[103.22847643523937,-0.7669257285818886],[103.24095504124222,-0.6935641667771858],[103.23258225766511,-0.6870662196618735],[103.23525915178851,-0.6821407344443596],[103.28022651763972,-0.6724645499468642],[103.27933381999986,-0.6863290921462424],[103.287440400654,-0.686704175988858],[103.35499235201546,-0.6683468708638436],[103.42025650543343,-0.6758911081321559],[103.4045275220276,-0.6919699736614042],[103.40533801623648,-0.7140926979210628],[103.37804018280825,-0.7036632943385795],[103.34938199258492,-0.7062026272596331],[103.32924870896078,-0.71726686407231],[103.30639470994792,-0.7196248172267079],[103.29007042481031,-0.7315959591679748],[103.27175094874735,-0.7297821489108675],[103.2476109317991,-0.7703942203554823],[103.22847643523937,-0.7669257285818886]]]}},{"type":"Feature","properties":{"code":"1404012010","desa":"Seberang Sanglar","kecamatan":"Reteh","kecCode":"140401"},"geometry":{"type":"Polygon","coordinates":[[[103.11210515622804,-0.6859712240255428],[103.04128923331153,-0.6834340530747299],[103.04887182307624,-0.670995463319453],[103.04422864673472,-0.649067460269095],[103.11447542829842,-0.6479699402357744],[103.11210515622804,-0.6859712240255428]]]}},{"type":"Feature","properties":{"code":"1404012011","desa":"Mekar Sari","kecamatan":"Reteh","kecCode":"140401"},"geometry":{"type":"Polygon","coordinates":[[[103.1870125618803,-0.687483870215493],[103.1599593422499,-0.6829960229841892],[103.11535117371773,-0.6862193559710088],[103.1135577519887,-0.6564547145791867],[103.18134510809034,-0.6625290513335981],[103.1870125618803,-0.687483870215493]]]}},{"type":"Feature","properties":{"code":"1404012012","desa":"Seberang Pulau Kijang","kecamatan":"Reteh","kecCode":"140401"},"geometry":{"type":"Polygon","coordinates":[[[103.23224281755203,-0.6858061058001406],[103.1870125618803,-0.687483870215493],[103.18134510809034,-0.6625290513335981],[103.28468743467742,-0.6568582331862208],[103.3203862634154,-0.6613199398237091],[103.34070959357295,-0.6399831321999061],[103.37292749740611,-0.6493344141256022],[103.40664610623286,-0.6426339513769365],[103.42555698276861,-0.664724989822901],[103.42025650543343,-0.6758911081321559],[103.35499235201546,-0.6683468708638436],[103.287440400654,-0.686704175988858],[103.27933381999986,-0.6863290921462424],[103.28022651763972,-0.6724645499468642],[103.23224281755203,-0.6858061058001406]]]}},{"type":"Feature","properties":{"code":"1404012013","desa":"Sungaiasam","kecamatan":"Reteh","kecCode":"140401"},"geometry":{"type":"Polygon","coordinates":[[[103.32402308309891,-0.7313042937403252],[103.31616096155919,-0.7417520120162622],[103.32440579409216,-0.7513174459032272],[103.32181862892661,-0.766340747470584],[103.30254485256296,-0.7655311193096221],[103.30149152701243,-0.7812576601392963],[103.2907627885719,-0.7718532795420876],[103.27759673540105,-0.7763358567462332],[103.27255849228065,-0.770466021328216],[103.2476109317991,-0.7703942203554823],[103.27175094874735,-0.7297821489108675],[103.29007042481031,-0.7315959591679748],[103.30639470994792,-0.7196248172267079],[103.32306368723943,-0.7185800712097006],[103.32402308309891,-0.7313042937403252]]]}},{"type":"Feature","properties":{"code":"1404012014","desa":"Pulauruku","kecamatan":"Reteh","kecCode":"140401"},"geometry":{"type":"Polygon","coordinates":[[[103.37765735939966,-0.7429771611361572],[103.39820052163685,-0.7250947529096377],[103.38049791394764,-0.7129808166140107],[103.34778856029389,-0.7163809626101686],[103.32402308309891,-0.7313042937403252],[103.32306368723943,-0.7185800712097006],[103.36425523059448,-0.7047515792338039],[103.37804018280825,-0.7036632943385795],[103.40533801623648,-0.7140926979210628],[103.4090603947215,-0.7059612033572917],[103.43488841037191,-0.7087669586355462],[103.4279422960002,-0.7342422709429217],[103.44113815809959,-0.7316998794275943],[103.44577160557519,-0.7500000002610557],[103.44178079834523,-0.7669556130534081],[103.43368187811626,-0.7729127330718365],[103.4372219937001,-0.7780559981157534],[103.40190191084457,-0.763661149988091],[103.37765735939966,-0.7429771611361572]]]}},{"type":"Feature","properties":{"code":"1404012019","desa":"Tanjunglabuh","kecamatan":"Reteh","kecCode":"140401"},"geometry":{"type":"Polygon","coordinates":[[[103.37126060129576,-0.7665158310835923],[103.37765735939966,-0.7429771611361572],[103.42391219739007,-0.7754543952369808],[103.4088890037246,-0.7699999845505447],[103.40167264217877,-0.7872711865357117],[103.39091828744904,-0.7876470105203178],[103.37126060129576,-0.7665158310835923]]]}},{"type":"Feature","properties":{"code":"1404012020","desa":"Sungaimahang","kecamatan":"Reteh","kecCode":"140401"},"geometry":{"type":"Polygon","coordinates":[[[103.32708646536814,-0.7679424391334705],[103.3742994077915,-0.767034010553352],[103.39091828744904,-0.7876470105203178],[103.35277799720687,-0.7991669850746824],[103.34638902723191,-0.7791669513224719],[103.3267941659181,-0.7758488630669949],[103.32708646536814,-0.7679424391334705]]]}},{"type":"Feature","properties":{"code":"1404021001","desa":"Enok","kecamatan":"Enok","kecCode":"140402"},"geometry":{"type":"Polygon","coordinates":[[[103.23477639661347,-0.5215521342401568],[103.22336900097866,-0.5180563102709054],[103.22011646160546,-0.5081238990302493],[103.20274969764051,-0.5184602299756358],[103.19050057344276,-0.5085646558652329],[103.18125920304982,-0.5154167200290045],[103.17224839544711,-0.5109330258668285],[103.17345830735508,-0.5210206340121623],[103.1655794908009,-0.524738149858659],[103.15485897486182,-0.5046671739863279],[103.23675106500968,-0.5011335200352925],[103.23477639661347,-0.5215521342401568]]]}},{"type":"Feature","properties":{"code":"1404021002","desa":"Pusaran","kecamatan":"Enok","kecCode":"140402"},"geometry":{"type":"Polygon","coordinates":[[[103.15391769944233,-0.4884811290543826],[103.1655794908009,-0.524738149858659],[103.1681405873183,-0.5558244753974328],[103.09075128304532,-0.580696044037585],[103.1375775430692,-0.5148758668517719],[103.1459650359577,-0.4819991422073652],[103.15391769944233,-0.4884811290543826]]]}},{"type":"Feature","properties":{"code":"1404021003","desa":"Telukmedan","kecamatan":"Enok","kecCode":"140402"},"geometry":{"type":"Polygon","coordinates":[[[103.23477639661347,-0.5215521342401568],[103.23610395783146,-0.4934724365516608],[103.25374460672828,-0.48871335918739295],[103.29210213990189,-0.5005555572332333],[103.30250576173158,-0.5150357932910213],[103.28855780739694,-0.5433637002667486],[103.27816893085156,-0.5383839031922564],[103.27977194541899,-0.524510407342632],[103.24966094539639,-0.5141167913816432],[103.24142318063537,-0.522882173988191],[103.23477639661347,-0.5215521342401568]]]}},{"type":"Feature","properties":{"code":"1404021013","desa":"Pantaiseberang Makmur","kecamatan":"Enok","kecCode":"140402"},"geometry":{"type":"Polygon","coordinates":[[[103.1655794908009,-0.524738149858659],[103.17345830735508,-0.5210206340121623],[103.17264954434107,-0.5107078859888183],[103.18125920304982,-0.5154167200290045],[103.19208003836314,-0.5088158868743977],[103.20274969764051,-0.5184602299756358],[103.22011646160546,-0.5081238990302493],[103.22336900097866,-0.5180563102709054],[103.23997472805131,-0.5232120381197383],[103.24828262374416,-0.5142422261225831],[103.24909275642564,-0.574707552068974],[103.21247097685414,-0.5794198314119325],[103.20143027798503,-0.5728525177886232],[103.18896404035826,-0.5838591017630348],[103.17717911382509,-0.5740850953086759],[103.16889858899872,-0.5903606092943071],[103.13429924171669,-0.5978864860037629],[103.1042742798342,-0.5765879130567553],[103.1681405873183,-0.5558244753974328],[103.1655794908009,-0.524738149858659]]]}},{"type":"Feature","properties":{"code":"1404022004","desa":"Pengalihan","kecamatan":"Enok","kecCode":"140402"},"geometry":{"type":"Polygon","coordinates":[[[103.09175753808,-0.5765369044096673],[103.05905553638394,-0.5890157451216502],[103.08408812776497,-0.5011979150909668],[103.1055934845517,-0.5081654755876832],[103.10552526288063,-0.5297634328434914],[103.09175753808,-0.5765369044096673]]]}},{"type":"Feature","properties":{"code":"1404022005","desa":"Sungaiambat","kecamatan":"Enok","kecCode":"140402"},"geometry":{"type":"Polygon","coordinates":[[[103.1459650359577,-0.4819991422073652],[103.1375775430692,-0.5148758668517719],[103.09175753808,-0.5765369044096673],[103.10552526288063,-0.5297634328434914],[103.11179293409668,-0.44826206853811906],[103.12343073424104,-0.4438489909415629],[103.11677088127124,-0.45829934162858554],[103.1459650359577,-0.4819991422073652]]]}},{"type":"Feature","properties":{"code":"1404022006","desa":"Simpang Tiga","kecamatan":"Enok","kecCode":"140402"},"geometry":{"type":"Polygon","coordinates":[[[103.22196296222096,-0.5012201274462458],[103.15501374638733,-0.5046183030277044],[103.15232154670207,-0.4847084074247869],[103.13599299877791,-0.470113506906851],[103.17020720779645,-0.469610193230436],[103.18886014707816,-0.47620345948929094],[103.1895615166507,-0.45852941428799104],[103.20049632574488,-0.45800913220324774],[103.21814804079952,-0.4700854084888894],[103.22196296222096,-0.5012201274462458]]]}},{"type":"Feature","properties":{"code":"1404022007","desa":"Rantau Panjang","kecamatan":"Enok","kecCode":"140402"},"geometry":{"type":"Polygon","coordinates":[[[103.23675106500968,-0.5011335200352925],[103.22196296222096,-0.5012201274462458],[103.21948378494874,-0.4618596209080869],[103.20517987804897,-0.44015888013577387],[103.19722108658397,-0.39748837384461105],[103.2239791900876,-0.368190525560362],[103.24436753493387,-0.4277905625058599],[103.25374460672828,-0.48871335918739295],[103.23798822097967,-0.4913664950180053],[103.23675106500968,-0.5011335200352925]]]}},{"type":"Feature","properties":{"code":"1404022008","desa":"Sungairukam","kecamatan":"Enok","kecCode":"140402"},"geometry":{"type":"Polygon","coordinates":[[[103.08408812776497,-0.5011979150909668],[103.05905553638394,-0.5890157451216502],[103.06492196877389,-0.5885437988988524],[103.0628555182676,-0.604096722010399],[103.05560339428125,-0.6050531851795792],[103.04804973480748,-0.6168198644552807],[103.04555056560616,-0.6033756204136355],[103.03570738868511,-0.6040272340939326],[103.03232093756128,-0.5861236810074099],[103.01969859741241,-0.5905736272104956],[103.03054011173684,-0.5229681788533106],[103.02174922074998,-0.48722674207536726],[103.06644032476123,-0.4662113494526353],[103.0667616804073,-0.50273820014541],[103.08408812776497,-0.5011979150909668]]]}},{"type":"Feature","properties":{"code":"1404022009","desa":"Bagan Jaya","kecamatan":"Enok","kecCode":"140402"},"geometry":{"type":"Polygon","coordinates":[[[102.98660364144496,-0.6021375831094006],[102.9681247857303,-0.6043740846203014],[102.96795346488055,-0.5908397114225895],[102.95216812096207,-0.5593879949342443],[102.96018690440216,-0.5548908145387245],[102.95773605937171,-0.5503698380818853],[102.9484561620223,-0.5528444773723092],[102.97380078757635,-0.5322344181884192],[103.00277788189378,-0.5351140176990921],[102.98969799186887,-0.5451849829906633],[102.98660364144496,-0.6021375831094006]]]}},{"type":"Feature","properties":{"code":"1404022010","desa":"Suhada","kecamatan":"Enok","kecCode":"140402"},"geometry":{"type":"Polygon","coordinates":[[[103.02174922074998,-0.48722674207536726],[103.03054011173684,-0.5229681788533106],[103.01969859741241,-0.5905736272104956],[102.98660364144496,-0.6021375831094006],[102.98969799186887,-0.5451849829906633],[103.00277788189378,-0.5351140176990921],[102.97717783898615,-0.5355433189698772],[102.96633334700641,-0.5249176680287145],[103.02174922074998,-0.48722674207536726]]]}},{"type":"Feature","properties":{"code":"1404022011","desa":"Jaya Bhakti","kecamatan":"Enok","kecCode":"140402"},"geometry":{"type":"Polygon","coordinates":[[[103.1055934845517,-0.5081654755876832],[103.08556924282635,-0.5012722575478534],[103.0667616804073,-0.50273820014541],[103.06644032476123,-0.4662113494526353],[103.09667853658527,-0.44876438846366634],[103.11179293409668,-0.44826206853811906],[103.1055934845517,-0.5081654755876832]]]}},{"type":"Feature","properties":{"code":"1404022012","desa":"Sungailokan","kecamatan":"Enok","kecCode":"140402"},"geometry":{"type":"Polygon","coordinates":[[[103.21581891631,-0.4657275078970875],[103.1813424973584,-0.4571385039273645],[103.16194629538529,-0.4262617015393725],[103.19722108658397,-0.39748837384461105],[103.20517987804897,-0.44015888013577387],[103.21948378494874,-0.4618596209080869],[103.21581891631,-0.4657275078970875]]]}},{"type":"Feature","properties":{"code":"1404022014","desa":"Simpang Tiga Daratan","kecamatan":"Enok","kecCode":"140402"},"geometry":{"type":"Polygon","coordinates":[[[103.13599299877791,-0.470113506906851],[103.11677088127124,-0.45829934162858554],[103.12343073424104,-0.4438489909415629],[103.16194629538529,-0.4262617015393725],[103.19060654055947,-0.46397883103911447],[103.18886014707816,-0.47620345948929094],[103.17020720779645,-0.469610193230436],[103.13599299877791,-0.470113506906851]]]}},{"type":"Feature","properties":{"code":"1404031007","desa":"Sapat","kecamatan":"Kuala Indragiri","kecCode":"140403"},"geometry":{"type":"Polygon","coordinates":[[[103.39727843595114,-0.2930491379793888],[103.46403844701678,-0.31443687241185064],[103.44281959444879,-0.3632965085205328],[103.37297248868947,-0.3680801382759016],[103.33166694457388,-0.35152244491155593],[103.31517964022828,-0.36460131059400686],[103.27611754398951,-0.3525069894116351],[103.2833779660204,-0.32776010907500247],[103.28682927085426,-0.32235424469197926],[103.29189865300049,-0.3254215533978573],[103.30383690764721,-0.30216799821639284],[103.32972724271815,-0.30948000535166653],[103.36424701798558,-0.28737214508688635],[103.38068568159899,-0.29677326833955564],[103.39727843595114,-0.2930491379793888]]]}},{"type":"Feature","properties":{"code":"1404032001","desa":"Sungaibuluh","kecamatan":"Kuala Indragiri","kecCode":"140403"},"geometry":{"type":"Polygon","coordinates":[[[103.58684402633081,-0.39702376698902164],[103.58410863940223,-0.40089497427508775],[103.60669772062334,-0.4212526863910359],[103.60770829240386,-0.43250475470681465],[103.56740396801875,-0.48222169743388493],[103.54664753605499,-0.4703940459222136],[103.50648619757997,-0.46162030591594755],[103.52059365387407,-0.39951304454435915],[103.5483379368464,-0.3909244533634011],[103.57941627464139,-0.3917655937687903],[103.58684402633081,-0.39702376698902164]]]}},{"type":"Feature","properties":{"code":"1404032002","desa":"Tanjunglajau","kecamatan":"Kuala Indragiri","kecCode":"140403"},"geometry":{"type":"Polygon","coordinates":[[[103.31517964022828,-0.36460131059400686],[103.33166694457388,-0.35152244491155593],[103.37297248868947,-0.3680801382759016],[103.44281959444879,-0.3632965085205328],[103.46711921677847,-0.377750396241117],[103.5068569179125,-0.3640785211993893],[103.52000236491727,-0.36841201688888],[103.53665244655322,-0.39293491297620786],[103.51866502267274,-0.4017820223728831],[103.51792760467526,-0.42679750232537955],[103.50648619757997,-0.46162030591594755],[103.36087826731824,-0.4006796945639677],[103.31517964022828,-0.36460131059400686]]]}},{"type":"Feature","properties":{"code":"1404032003","desa":"Sungaibela","kecamatan":"Kuala Indragiri","kecCode":"140403"},"geometry":{"type":"Polygon","coordinates":[[[103.59932244617403,-0.39641712390761225],[103.59865816823992,-0.396417010593041],[103.59864248676143,-0.3961756262608881],[103.59932244617403,-0.39641712390761225]]]}},{"type":"Feature","properties":{"code":"1404032003","desa":"Sungaibela","kecamatan":"Kuala Indragiri","kecCode":"140403"},"geometry":{"type":"Polygon","coordinates":[[[103.57941627464139,-0.3917655937687903],[103.53307533286038,-0.39198112439077326],[103.51668229455231,-0.3604159656210886],[103.49228624871147,-0.3457783365141074],[103.57688082768811,-0.3048381456228101],[103.57665135127888,-0.31397654992647595],[103.5862167842772,-0.3158325302936151],[103.64989116204752,-0.31540422727033074],[103.67259691501567,-0.3072436234506315],[103.74642166372888,-0.31929969826519894],[103.78567185137489,-0.34168275647167573],[103.69541406970359,-0.3553057434677374],[103.60519922526407,-0.39573274882450193],[103.59085816197467,-0.3913428323679088],[103.58684402633081,-0.39702376698902164],[103.57941627464139,-0.3917655937687903]]]}},{"type":"Feature","properties":{"code":"1404032006","desa":"Telukdalam","kecamatan":"Kuala Indragiri","kecCode":"140403"},"geometry":{"type":"Polygon","coordinates":[[[103.30383690764721,-0.30216799821639284],[103.29189865300049,-0.3254215533978573],[103.28682927085426,-0.32235424469197926],[103.2833779660204,-0.32776010907500247],[103.2756404878183,-0.3496932976163136],[103.25845909121414,-0.3123760219863123],[103.24700567367294,-0.30228740480161326],[103.24632453884645,-0.2875766761009196],[103.23237037559244,-0.2827053066882096],[103.22995185759218,-0.2751369469046581],[103.25082969533423,-0.2650527948540164],[103.26896095228619,-0.2432727806420942],[103.28058568258324,-0.2417796803174512],[103.28452920435933,-0.27490078313703753],[103.30383690764721,-0.30216799821639284]]]}},{"type":"Feature","properties":{"code":"1404032008","desa":"Sungaipiyai","kecamatan":"Kuala Indragiri","kecCode":"140403"},"geometry":{"type":"Polygon","coordinates":[[[103.36424701798558,-0.28737214508688635],[103.33698797141777,-0.30830013709665566],[103.30429546296527,-0.3049621225626403],[103.28452920435933,-0.27490078313703753],[103.28058568258324,-0.2417796803174512],[103.30836296078206,-0.24880027743244398],[103.34190559386815,-0.24642944238905093],[103.35223684455478,-0.2663708961018753],[103.34459401640078,-0.28563501012796777],[103.36424701798558,-0.28737214508688635]]]}},{"type":"Feature","properties":{"code":"1404032009","desa":"Perigi Raja","kecamatan":"Kuala Indragiri","kecCode":"140403"},"geometry":{"type":"Polygon","coordinates":[[[103.46403844701678,-0.31443687241185064],[103.39727843595114,-0.2930491379793888],[103.392680030559,-0.27318770684151067],[103.40708803938156,-0.25594347552458835],[103.43624440455567,-0.24788860229974932],[103.51836480739,-0.20560617865214115],[103.52625740155786,-0.21930850383895656],[103.4741131705864,-0.28939294150718653],[103.46403844701678,-0.31443687241185064]]]}},{"type":"Feature","properties":{"code":"1404032010","desa":"Tanjungmelayu","kecamatan":"Kuala Indragiri","kecCode":"140403"},"geometry":{"type":"Polygon","coordinates":[[[103.39380246001559,-0.2929363872766331],[103.38068568159899,-0.29677326833955564],[103.36029370079369,-0.2851495992555219],[103.34511749737464,-0.28632981374950894],[103.35223684455478,-0.2663708961018753],[103.34190559386815,-0.24642944238905093],[103.40884208699276,-0.23257255431967336],[103.46380666024925,-0.19730980778056936],[103.47128706274782,-0.2096425473310986],[103.51152609275503,-0.2016198491511159],[103.51836480739,-0.20560617865214115],[103.43624440455567,-0.24788860229974932],[103.40708803938156,-0.25594347552458835],[103.392680030559,-0.27318770684151067],[103.39380246001559,-0.2929363872766331]]]}},{"type":"Feature","properties":{"code":"1404032010","desa":"Tanjungmelayu","kecamatan":"Kuala Indragiri","kecCode":"140403"},"geometry":{"type":"Polygon","coordinates":[[[103.5504477490644,-0.17640545984663294],[103.56642971985575,-0.18073385817872598],[103.56756199688868,-0.19430814508736127],[103.53145420234961,-0.2054464149901402],[103.51262359480312,-0.19779960734462557],[103.47877103825287,-0.20172048238855855],[103.51598209769571,-0.18149319445223924],[103.5504477490644,-0.17640545984663294]]]}},{"type":"Feature","properties":{"code":"1404041001","desa":"Tembilahan Kota","kecamatan":"Tembilahan","kecCode":"140404"},"geometry":{"type":"Polygon","coordinates":[[[103.15649846143491,-0.31582972620751737],[103.1657521633317,-0.32843583178066366],[103.1559701735847,-0.3341971801818042],[103.14702776122226,-0.3202003036427785],[103.15649846143491,-0.31582972620751737]]]}},{"type":"Feature","properties":{"code":"1404041002","desa":"Tembilahan Hilir","kecamatan":"Tembilahan","kecCode":"140404"},"geometry":{"type":"Polygon","coordinates":[[[103.1657521633317,-0.32843583178066366],[103.15649846143491,-0.31582972620751737],[103.15931149043297,-0.3104380890991637],[103.2020983663466,-0.28645218000357614],[103.21067140915828,-0.3044923913700479],[103.1657521633317,-0.32843583178066366]]]}},{"type":"Feature","properties":{"code":"1404041003","desa":"Seberang Tembilahan","kecamatan":"Tembilahan","kecCode":"140404"},"geometry":{"type":"Polygon","coordinates":[[[103.1481547358524,-0.33797039104251964],[103.18006576402382,-0.31965975443641126],[103.1902682398874,-0.3562979618827677],[103.16073949063502,-0.3736681513460207],[103.14830918631998,-0.34918825634218226],[103.1481547358524,-0.33797039104251964]]]}},{"type":"Feature","properties":{"code":"1404041004","desa":"Sungaiperak","kecamatan":"Tembilahan","kecCode":"140404"},"geometry":{"type":"Polygon","coordinates":[[[103.2449546879086,-0.34528452777237395],[103.20285465841577,-0.3912359965062679],[103.19263316458893,-0.3726095701585847],[103.18006576402382,-0.31965975443641126],[103.21067140915828,-0.3044923913700479],[103.19693700244078,-0.2780063184257657],[103.22995185759218,-0.2751369469046581],[103.23139762659923,-0.2819271062354261],[103.24717521656304,-0.2895145406395738],[103.2449546879086,-0.34528452777237395]]]}},{"type":"Feature","properties":{"code":"1404041005","desa":"Sungaiberingin","kecamatan":"Tembilahan","kecCode":"140404"},"geometry":{"type":"Polygon","coordinates":[[[103.15649846143491,-0.31582972620751737],[103.13361348977081,-0.28290012412482757],[103.17655706535635,-0.26688825449067416],[103.19693700244078,-0.2780063184257657],[103.19890126927822,-0.2880666204558265],[103.15649846143491,-0.31582972620751737]]]}},{"type":"Feature","properties":{"code":"1404041006","desa":"Pekan Arba","kecamatan":"Tembilahan","kecCode":"140404"},"geometry":{"type":"Polygon","coordinates":[[[103.1546590258934,-0.31465067723487966],[103.14702776122226,-0.3202003036427785],[103.1251572086383,-0.29413330847626645],[103.13361348977081,-0.28290012412482757],[103.1546590258934,-0.31465067723487966]]]}},{"type":"Feature","properties":{"code":"1404041007","desa":"Seberang Tembilahan Barat","kecamatan":"Tembilahan","kecCode":"140404"},"geometry":{"type":"Polygon","coordinates":[[[103.1800988527799,-0.41454876395048906],[103.15452295307188,-0.4309631863198097],[103.1246861050797,-0.3758362351336207],[103.11091241957256,-0.3668735241832657],[103.11710068874582,-0.3558490203178816],[103.1481547358524,-0.33797039104251964],[103.15746535134495,-0.3758382181387378],[103.1800988527799,-0.41454876395048906]]]}},{"type":"Feature","properties":{"code":"1404041008","desa":"Seberang Tembilahan Selatan","kecamatan":"Tembilahan","kecCode":"140404"},"geometry":{"type":"Polygon","coordinates":[[[103.20285465841577,-0.3912359965062679],[103.1800988527799,-0.41454876395048906],[103.15746535134495,-0.3758382181387378],[103.1902682398874,-0.3562979618827677],[103.20285465841577,-0.3912359965062679]]]}},{"type":"Feature","properties":{"code":"1404051004","desa":"Sungaisalak","kecamatan":"Tempuling","kecCode":"140405"},"geometry":{"type":"Polygon","coordinates":[[[102.93522963843714,-0.329901079202283],[102.98883358240397,-0.391581520532578],[102.99116490843386,-0.41234578017227036],[103.01292910539392,-0.44192276542887526],[102.99398825085717,-0.46046707378122576],[102.95664964776307,-0.41163425365732453],[102.90775858479094,-0.3119164522334418],[102.93522963843714,-0.329901079202283]]]}},{"type":"Feature","properties":{"code":"1404051005","desa":"Tempuling","kecamatan":"Tempuling","kecCode":"140405"},"geometry":{"type":"Polygon","coordinates":[[[103.06644032476123,-0.4662113494526353],[103.03244397920632,-0.4798764588945845],[103.00830179399264,-0.4479178871996101],[103.01292910539392,-0.44192276542887526],[102.99116490843386,-0.41234578017227036],[102.98883358240397,-0.391581520532578],[103.00499916058281,-0.39677238489374655],[103.0058405186251,-0.4039095413403068],[103.01924905869714,-0.3964060235756129],[103.02319636571974,-0.38573762515965004],[103.03941087601116,-0.38189689859572357],[103.06720981078422,-0.4256352769702414],[103.06644032476123,-0.4662113494526353]]]}},{"type":"Feature","properties":{"code":"1404051016","desa":"Tanjungpidada","kecamatan":"Tempuling","kecCode":"140405"},"geometry":{"type":"Polygon","coordinates":[[[103.03244397920632,-0.4798764588945845],[102.96633334700641,-0.5249176680287145],[102.94777600026224,-0.4907600246064132],[102.95216193542505,-0.4814767763934842],[102.97453074479807,-0.47770123089265326],[103.00830179399264,-0.4479178871996101],[103.03244397920632,-0.4798764588945845]]]}},{"type":"Feature","properties":{"code":"1404051017","desa":"Pangkalan Tujuh","kecamatan":"Tempuling","kecCode":"140405"},"geometry":{"type":"Polygon","coordinates":[[[102.90775858479094,-0.3119164522334418],[102.95664964776307,-0.41163425365732453],[102.99398825085717,-0.46046707378122576],[102.97453074479807,-0.47770123089265326],[102.962890426552,-0.4783002252401133],[102.95331864434002,-0.45344216441700025],[102.91538867224949,-0.4129406682152428],[102.86424609358244,-0.2836918404885791],[102.90775858479094,-0.3119164522334418]]]}},{"type":"Feature","properties":{"code":"1404052002","desa":"Telukkiambang","kecamatan":"Tempuling","kecCode":"140405"},"geometry":{"type":"Polygon","coordinates":[[[102.84226471574407,-0.42750390810053873],[102.8415108806227,-0.4691658094297044],[102.85206347964595,-0.4694189658874128],[102.85228885244862,-0.5016484970193112],[102.86994176629952,-0.5016199237592757],[102.87788023758299,-0.5276052128200844],[102.85487512368807,-0.5405919213753402],[102.8399201202174,-0.5297717794514332],[102.82291907995163,-0.5272675731501505],[102.82743600586701,-0.49583288622400956],[102.7806921129507,-0.2447790956048587],[102.80423162199185,-0.24456630341846627],[102.84226471574407,-0.42750390810053873]]]}},{"type":"Feature","properties":{"code":"1404052003","desa":"Mumpa","kecamatan":"Tempuling","kecCode":"140405"},"geometry":{"type":"Polygon","coordinates":[[[102.87788023758299,-0.5276052128200844],[102.86994176629952,-0.5016199237592757],[102.9126794367067,-0.49815742686645637],[102.90804173543778,-0.46486035729957537],[102.8934763740355,-0.45702673348566236],[102.88502095895018,-0.4423894784966818],[102.86945214570004,-0.4419376770876856],[102.8574358676712,-0.4282962261107466],[102.84226471574407,-0.42750390810053873],[102.80423162199185,-0.24456630341846627],[102.82540232305881,-0.2580031361470801],[102.89330371409517,-0.437267423063922],[102.916786439043,-0.46833242837487116],[102.94703881339058,-0.49050201900424806],[102.93034270355298,-0.5086916392387097],[102.87788023758299,-0.5276052128200844]]]}},{"type":"Feature","properties":{"code":"1404052007","desa":"Telukjira","kecamatan":"Tempuling","kecCode":"140405"},"geometry":{"type":"Polygon","coordinates":[[[102.962890426552,-0.4783002252401133],[102.95216193542505,-0.4814767763934842],[102.94777600026224,-0.4907600246064132],[102.94216794759278,-0.48888632939364657],[102.916786439043,-0.46833242837487116],[102.89330371409517,-0.437267423063922],[102.82540232305881,-0.2580031361470801],[102.86424609358244,-0.2836918404885791],[102.90360252263838,-0.3911541492070016],[102.91538867224949,-0.4129406682152428],[102.95889027986259,-0.461299595084165],[102.962890426552,-0.4783002252401133]]]}},{"type":"Feature","properties":{"code":"1404052009","desa":"Karya Tunas Jaya","kecamatan":"Tempuling","kecCode":"140405"},"geometry":{"type":"Polygon","coordinates":[[[102.91074453902932,-0.5016053601381001],[102.85228885244862,-0.5016484970193112],[102.85206347964595,-0.4694189658874128],[102.8415108806227,-0.4691658094297044],[102.84226471574407,-0.42750390810053873],[102.8574358676712,-0.4282962261107466],[102.86945214570004,-0.4419376770876856],[102.88502095895018,-0.4423894784966818],[102.8934763740355,-0.45702673348566236],[102.90804173543778,-0.46486035729957537],[102.91074453902932,-0.5016053601381001]]]}},{"type":"Feature","properties":{"code":"1404052011","desa":"Harapan Jaya","kecamatan":"Tempuling","kecCode":"140405"},"geometry":{"type":"Polygon","coordinates":[[[102.80421316070885,-0.5075363872266956],[102.76889386835738,-0.4900183600110829],[102.75949776331117,-0.46215919857104615],[102.76146428924562,-0.43472137130788185],[102.79585311333055,-0.43599473308266684],[102.80733932644881,-0.49773063110689036],[102.80421316070885,-0.5075363872266956]]]}},{"type":"Feature","properties":{"code":"1404061004","desa":"Sungaiempat","kecamatan":"Gaung Anak Serka","kecCode":"140406"},"geometry":{"type":"Polygon","coordinates":[[[103.21054254800028,-0.12708425928892647],[103.21107896662107,-0.19593446378521473],[103.19863694593835,-0.19675987504797252],[103.20025336939754,-0.16904009863248096],[103.19319125597173,-0.16040856842118215],[103.18102310583174,-0.16508134594259666],[103.18094849627612,-0.12039471790717585],[103.21054254800028,-0.12708425928892647]]]}},{"type":"Feature","properties":{"code":"1404061005","desa":"Telukpinang","kecamatan":"Gaung Anak Serka","kecCode":"140406"},"geometry":{"type":"Polygon","coordinates":[[[103.38381176190335,-0.24004104259142534],[103.35753822301064,-0.24259376461903195],[103.33593559285339,-0.19693946786176544],[103.34171485935332,-0.17481803862595077],[103.3659194125509,-0.1794138377775737],[103.39048985222495,-0.1687141384578819],[103.39964062761295,-0.15812796325789677],[103.4017678183302,-0.1921624562173658],[103.38381176190335,-0.24004104259142534]]]}},{"type":"Feature","properties":{"code":"1404061009","desa":"Tanjungharapan","kecamatan":"Gaung Anak Serka","kecCode":"140406"},"geometry":{"type":"Polygon","coordinates":[[[103.39964062761295,-0.15812796325789677],[103.36705817369578,-0.17898430807904064],[103.35235036058072,-0.17816612556684597],[103.35616262180757,-0.1320766684556338],[103.36349893942456,-0.13162327164936877],[103.39964062761295,-0.15812796325789677]]]}},{"type":"Feature","properties":{"code":"1404062001","desa":"Kuala Gaung","kecamatan":"Gaung Anak Serka","kecCode":"140406"},"geometry":{"type":"Polygon","coordinates":[[[103.46380666024925,-0.19730980778056936],[103.40884208699276,-0.23257255431967336],[103.38381176190335,-0.24004104259142534],[103.4017678183302,-0.1921624562173658],[103.39964062761295,-0.15812796325789677],[103.40917864657735,-0.15699883565202907],[103.40361884073694,-0.07334125950938424],[103.40823126925773,-0.06456631081433953],[103.4431285718262,-0.09043912346550893],[103.45677031240005,-0.11070224219080821],[103.49958225241909,-0.1386476675006578],[103.49466917244439,-0.15725909765324136],[103.46140170672345,-0.17358063714243083],[103.45559058983389,-0.18376419485600393],[103.46380666024925,-0.19730980778056936]]]}},{"type":"Feature","properties":{"code":"1404062002","desa":"Telukpantaian","kecamatan":"Gaung Anak Serka","kecCode":"140406"},"geometry":{"type":"Polygon","coordinates":[[[103.35125219843023,-0.1751433171143366],[103.34171485935332,-0.17481803862595077],[103.33593559285339,-0.19693946786176544],[103.34855021681908,-0.23138455439469308],[103.30992278540828,-0.18938058513395847],[103.31006209309116,-0.13440659154055168],[103.34268827564345,-0.13762479569371996],[103.35616262180757,-0.1320766684556338],[103.35616262180757,-0.167930442248145],[103.35125219843023,-0.1751433171143366]]]}},{"type":"Feature","properties":{"code":"1404062003","desa":"Teluksungka","kecamatan":"Gaung Anak Serka","kecCode":"140406"},"geometry":{"type":"Polygon","coordinates":[[[103.29325120997542,-0.1260940004966155],[103.26872408434906,-0.15438511710665548],[103.26712503759045,-0.19221747853869914],[103.25043065355185,-0.19332628056707327],[103.24929666061244,-0.1226644502668674],[103.27665444644559,-0.11801602278913695],[103.29325120997542,-0.1260940004966155]]]}},{"type":"Feature","properties":{"code":"1404062006","desa":"Sungaiiliran","kecamatan":"Gaung Anak Serka","kecCode":"140406"},"geometry":{"type":"Polygon","coordinates":[[[103.31006209309116,-0.13440659154055168],[103.30992278540828,-0.18938058513395847],[103.26712503759045,-0.19221747853869914],[103.26872408434906,-0.15438511710665548],[103.274613250701,-0.14480778788702126],[103.29325120997542,-0.1260940004966155],[103.31006209309116,-0.13440659154055168]]]}},{"type":"Feature","properties":{"code":"1404062007","desa":"Teluktuasan","kecamatan":"Gaung Anak Serka","kecCode":"140406"},"geometry":{"type":"Polygon","coordinates":[[[103.24929666061244,-0.1226644502668674],[103.25043065355185,-0.19332628056707327],[103.22915334595024,-0.19473539770252166],[103.22399340297324,-0.17803436409536313],[103.22915683262181,-0.17634494536554662],[103.22859004299613,-0.13080835097824062],[103.24929666061244,-0.1226644502668674]]]}},{"type":"Feature","properties":{"code":"1404062008","desa":"Rambaian","kecamatan":"Gaung Anak Serka","kecCode":"140406"},"geometry":{"type":"Polygon","coordinates":[[[102.93522963843714,-0.329901079202283],[102.80423162199185,-0.24456630341846627],[103.08812625372371,-0.1436015964757228],[103.0896219027287,-0.16996256113305017],[103.13371449622706,-0.15051083953514602],[103.14941896591262,-0.19862307157520223],[103.13300237885676,-0.19772425764708249],[103.07437310783274,-0.2204096094692169],[103.0173201262229,-0.2504838083007995],[102.93522963843714,-0.329901079202283]]]}},{"type":"Feature","properties":{"code":"1404062010","desa":"Harapan Makmur","kecamatan":"Gaung Anak Serka","kecCode":"140406"},"geometry":{"type":"Polygon","coordinates":[[[103.21129469509418,-0.173465957393919],[103.2121513002424,-0.1543350914186136],[103.21054254800028,-0.12708425928892647],[103.22859004299613,-0.13080835097824062],[103.23086699061916,-0.13858942650566408],[103.22651759131384,-0.14212127551738907],[103.22915683262181,-0.17634494536554662],[103.21129469509418,-0.173465957393919]]]}},{"type":"Feature","properties":{"code":"1404062011","desa":"Kelumpang","kecamatan":"Gaung Anak Serka","kecCode":"140406"},"geometry":{"type":"Polygon","coordinates":[[[103.18094849627612,-0.12039471790717585],[103.18235515556603,-0.15427379452730308],[103.17401948521115,-0.15674722422962145],[103.16752841790223,-0.17256045520772215],[103.16497453844426,-0.1989920220414729],[103.14941896591262,-0.19862307157520223],[103.13371449622706,-0.15051083953514602],[103.12588488877668,-0.15382981542145802],[103.12493054081187,-0.13361029043301564],[103.14718666243459,-0.13382344684478403],[103.18094849627612,-0.12039471790717585]]]}},{"type":"Feature","properties":{"code":"1404062012","desa":"Idaman","kecamatan":"Gaung Anak Serka","kecCode":"140406"},"geometry":{"type":"Polygon","coordinates":[[[103.18054740763681,-0.1575535662677166],[103.18139088178384,-0.16559054837978524],[103.19319125597173,-0.16040856842118215],[103.20025336939754,-0.16904009863248096],[103.19863694593835,-0.19675987504797252],[103.16497453844426,-0.1989920220414729],[103.16752841790223,-0.17256045520772215],[103.17401948521115,-0.15674722422962145],[103.18054740763681,-0.1575535662677166]]]}},{"type":"Feature","properties":{"code":"1404071004","desa":"Khairiah Mandah","kecamatan":"Mandah","kecCode":"140407"},"geometry":{"type":"Polygon","coordinates":[[[103.58387842644828,-0.02435631996087414],[103.57171393205236,-0.033913693224345516],[103.56284121355122,-0.012048608542911485],[103.5465744517496,0.0023904259747544467],[103.52683501092707,-0.008941476058269173],[103.49904432383651,-0.010482468879025085],[103.47527950044865,0.019025520390238117],[103.49270703789956,0.0427903419528971],[103.5202346238289,0.02674908697092644],[103.5283542716324,0.03546285568661781],[103.56617994844595,0.0019940632732232838],[103.58387842644828,-0.02435631996087414]]]}},{"type":"Feature","properties":{"code":"1404072001","desa":"Pulaucawan","kecamatan":"Mandah","kecCode":"140407"},"geometry":{"type":"Polygon","coordinates":[[[103.59885716482637,-0.11646167953252667],[103.59640931993424,-0.12012265859938777],[103.58961178975238,-0.12099376711326974],[103.59885716482637,-0.11646167953252667]]]}},{"type":"Feature","properties":{"code":"1404072001","desa":"Pulaucawan","kecamatan":"Mandah","kecCode":"140407"},"geometry":{"type":"Polygon","coordinates":[[[103.51833970191575,-0.10394606464283115],[103.50347204240092,-0.10643228000659274],[103.50110435138475,-0.1197342423074175],[103.47315750421551,-0.10692185923670333],[103.50033815777982,-0.08638168367106372],[103.51449333839689,-0.09651275515153418],[103.51833970191575,-0.10394606464283115]]]}},{"type":"Feature","properties":{"code":"1404072001","desa":"Pulaucawan","kecamatan":"Mandah","kecCode":"140407"},"geometry":{"type":"Polygon","coordinates":[[[103.57726150981091,-0.07411015467696504],[103.59244806532602,-0.09212569853899695],[103.5802010752195,-0.10472512664606493],[103.53532300665147,-0.1224545161259638],[103.50472854188877,-0.11849199347810718],[103.50403944806213,-0.10706419943340433],[103.51894800244843,-0.10464716891457569],[103.51494666595589,-0.09484669721112486],[103.52364161636756,-0.08976834073584077],[103.55143662290186,-0.07852541402873638],[103.57726150981091,-0.07411015467696504]]]}},{"type":"Feature","properties":{"code":"1404072002","desa":"Belaras","kecamatan":"Mandah","kecCode":"140407"},"geometry":{"type":"Polygon","coordinates":[[[103.66801679284077,-0.05100628355600893],[103.64804811662736,-0.044360937557498814],[103.64103074087602,-0.023957205333929484],[103.6353866172986,-0.01659981211302134],[103.66223057008477,-0.022164909558078004],[103.67713916763853,-0.03493732855569146],[103.67939619258027,-0.04468753085480266],[103.66801679284077,-0.05100628355600893]]]}},{"type":"Feature","properties":{"code":"1404072002","desa":"Belaras","kecamatan":"Mandah","kecCode":"140407"},"geometry":{"type":"Polygon","coordinates":[[[103.61465542570738,-0.008843578558379077],[103.63898180556593,-0.021914510421794847],[103.64752323091244,-0.04951177399374522],[103.62617827630646,-0.04590213722243855],[103.59942254971092,-0.02055907291982016],[103.61465542570738,-0.008843578558379077]]]}},{"type":"Feature","properties":{"code":"1404072002","desa":"Belaras","kecamatan":"Mandah","kecCode":"140407"},"geometry":{"type":"Polygon","coordinates":[[[103.66835183077245,-0.019953454166211193],[103.66779592294354,-0.02040116995514517],[103.66702576332834,-0.01904680534447683],[103.66835183077245,-0.019953454166211193]]]}},{"type":"Feature","properties":{"code":"1404072002","desa":"Belaras","kecamatan":"Mandah","kecCode":"140407"},"geometry":{"type":"Polygon","coordinates":[[[103.65758932188976,-0.01631122776263607],[103.66645959603356,-0.020733754535910667],[103.65379633493295,-0.016914245676908485],[103.65758932188976,-0.01631122776263607]]]}},{"type":"Feature","properties":{"code":"1404072002","desa":"Belaras","kecamatan":"Mandah","kecCode":"140407"},"geometry":{"type":"Polygon","coordinates":[[[103.66300889914145,-0.016051523341111807],[103.66236454298934,-0.016462190659089652],[103.6625990394142,-0.015712176757922847],[103.66300889914145,-0.016051523341111807]]]}},{"type":"Feature","properties":{"code":"1404072002","desa":"Belaras","kecamatan":"Mandah","kecCode":"140407"},"geometry":{"type":"Polygon","coordinates":[[[103.66950994802573,0.004644377031207989],[103.66905404840566,-0.02226615973053031],[103.66828017459045,-0.019531176600630487],[103.66278524943975,-0.015312223962794308],[103.62919328674087,-0.015775750732608125],[103.57443881400012,0.024515352674004554],[103.57334632657177,0.038506920514951914],[103.60815776456923,0.015092401975947956],[103.62605664929498,0.009971309717047423],[103.62356267187987,0.09536664045141888],[103.64095598563027,0.09750981211909504],[103.64013842724665,0.002489961140058384],[103.66950994802573,0.004644377031207989]]]}},{"type":"Feature","properties":{"code":"1404072003","desa":"Bente","kecamatan":"Mandah","kecCode":"140407"},"geometry":{"type":"Polygon","coordinates":[[[103.58387842644828,-0.02435631996087414],[103.56617994844595,0.0019940632732232838],[103.5283542716324,0.03546285568661781],[103.5202346238289,0.02674908697092644],[103.50478748975091,0.0330863729008035],[103.4880747532473,0.052017777340386914],[103.44351571198057,0.07400023793789137],[103.39705410636196,0.11155880347125074],[103.49181735208919,0.12040259526889924],[103.50088309837635,0.12498305828167393],[103.4974986572373,0.12937993818890828],[103.55551948563584,0.13623636226592142],[103.57443881400012,0.024515352674004554],[103.61409515886453,-0.006117755922792493],[103.58387842644828,-0.02435631996087414]]]}},{"type":"Feature","properties":{"code":"1404072005","desa":"Igal","kecamatan":"Mandah","kecCode":"140407"},"geometry":{"type":"Polygon","coordinates":[[[103.49217325788958,0.042434736526447935],[103.47527950044865,0.019025520390238117],[103.48993447479624,-0.003551062027848366],[103.51605142643221,-0.016069606908751203],[103.53147049356848,-0.04527435377772847],[103.54062190207918,-0.04851518037695449],[103.53855177064776,-0.05429726984231209],[103.56974650499727,-0.05793784598991],[103.57469052165031,-0.06273705290242594],[103.56592775606117,-0.06938345920158359],[103.53437680114854,-0.07965424395900149],[103.52123090538203,-0.07443865453692668],[103.47604447187494,-0.030808259559020123],[103.47728213596183,-0.024619935533999392],[103.39330915579296,0.069731521314722],[103.38819627973457,0.0655247823695634],[103.30961596820241,0.12188704321616946],[103.37227116857962,0.1068771055743905],[103.39705410636196,0.11155880347125074],[103.44351571198057,0.07400023793789137],[103.4880747532473,0.052017777340386914],[103.49217325788958,0.042434736526447935]]]}},{"type":"Feature","properties":{"code":"1404072006","desa":"Pelanduk","kecamatan":"Mandah","kecCode":"140407"},"geometry":{"type":"Polygon","coordinates":[[[103.43792404855604,0.020476678133329877],[103.44308572182865,0.01101849739343382],[103.4260586740686,-0.0040791610198609865],[103.41017312768774,-0.0009411044473439533],[103.29437128590615,0.08163473746186498],[103.19280792624488,0.10864053581052815],[103.20557838743268,0.13465595126048335],[103.30182533557087,0.09865946944860667],[103.30961596820241,0.12188704321616946],[103.38819627973457,0.0655247823695634],[103.38065042277884,0.05073152738134023],[103.38529846175463,0.029185030232337456],[103.39614880472362,0.027014962540298268],[103.424541428744,0.0021699310950933316],[103.43792404855604,0.020476678133329877]]]}},{"type":"Feature","properties":{"code":"1404072007","desa":"Bakau Aceh","kecamatan":"Mandah","kecCode":"140407"},"geometry":{"type":"Polygon","coordinates":[[[103.47088369882368,-0.11590946881714323],[103.46063845570022,-0.1131869368010178],[103.46050851805369,-0.09611301459633215],[103.44663606989877,-0.0742477995131829],[103.38588188883818,-0.017498277104197688],[103.39658564591086,0.0013695605553239525],[103.40352801730421,0.005337929695772339],[103.4260586740686,-0.0040791610198609865],[103.44308572182865,0.01101849739343382],[103.47728213596183,-0.024619935533999392],[103.47604447187494,-0.030808259559020123],[103.52123090538203,-0.07443865453692668],[103.53398473900454,-0.07964828774906937],[103.5137705083024,-0.0916384431570384],[103.50274035578285,-0.08353116283940179],[103.4906112074413,-0.08561560877747298],[103.4818665101314,-0.1002826744935607],[103.47136808357027,-0.10503735597159558],[103.47088369882368,-0.11590946881714323]]]}},{"type":"Feature","properties":{"code":"1404072008","desa":"Batang Tumu","kecamatan":"Mandah","kecCode":"140407"},"geometry":{"type":"Polygon","coordinates":[[[103.46063845570022,-0.1131869368010178],[103.4431285718262,-0.09043912346550893],[103.3878428623583,-0.04918410780527011],[103.3860138958247,-0.04150436968440079],[103.29954472680775,0.013025812077019625],[103.31577460291565,0.024247942861195738],[103.38588188883818,-0.017498277104197688],[103.44663606989877,-0.0742477995131829],[103.46050851805369,-0.09611301459633215],[103.46063845570022,-0.1131869368010178]]]}},{"type":"Feature","properties":{"code":"1404072009","desa":"Bekawan","kecamatan":"Mandah","kecCode":"140407"},"geometry":{"type":"Polygon","coordinates":[[[103.75427238905957,-0.012810768687655903],[103.72669054793049,-0.01855181129623871],[103.7146947069952,0.004711792010388046],[103.70458262109116,0.04866982799573438],[103.73822891813012,0.058602083653701266],[103.75427238905957,-0.012810768687655903]]]}},{"type":"Feature","properties":{"code":"1404072010","desa":"Bantayan","kecamatan":"Mandah","kecCode":"140407"},"geometry":{"type":"Polygon","coordinates":[[[103.19280792624488,0.10864053581052815],[103.29437128590615,0.08163473746186498],[103.36493450742164,0.02707554536983926],[103.40352801730421,0.005337929695772339],[103.38588188883818,-0.017498277104197688],[103.31983224056552,0.020528441311601517],[103.28782418273987,0.055446324826013076],[103.26309068158974,0.06926798735027254],[103.18288521058405,0.08614964889081167],[103.19280792624488,0.10864053581052815]]]}},{"type":"Feature","properties":{"code":"1404072011","desa":"Batang Sari","kecamatan":"Mandah","kecCode":"140407"},"geometry":{"type":"Polygon","coordinates":[[[103.66905404840566,-0.02226615973053031],[103.67820462144618,0.04986272562855552],[103.67460536644455,0.06643164433066011],[103.69987252619619,0.0671253579738426],[103.7146947069952,0.004711792010388046],[103.72669054793049,-0.01855181129623871],[103.68499468995304,-0.027658499209395546],[103.66905404840566,-0.02226615973053031]]]}},{"type":"Feature","properties":{"code":"1404072012","desa":"Bolak Raya","kecamatan":"Mandah","kecCode":"140407"},"geometry":{"type":"Polygon","coordinates":[[[103.50362288838568,-0.011135339811552713],[103.52683501092707,-0.008941476058269173],[103.5465744517496,0.0023904259747544467],[103.56284121355122,-0.012048608542911485],[103.56930792631981,-0.03622459384935881],[103.5906782310156,-0.03264580022691195],[103.59589550757168,-0.042031152968263506],[103.57939494542046,-0.06270167267384935],[103.5621084342569,-0.05444003721698986],[103.54469077855661,-0.056867087982054754],[103.53147049356848,-0.04527435377772847],[103.51605142643221,-0.016069606908751203],[103.50362288838568,-0.011135339811552713]]]}},{"type":"Feature","properties":{"code":"1404072013","desa":"Cahaya Baru","kecamatan":"Mandah","kecCode":"140407"},"geometry":{"type":"Polygon","coordinates":[[[103.66950994802573,0.004644377031207989],[103.64013842724665,0.002489961140058384],[103.64095598563027,0.09750981211909504],[103.66715331597283,0.10073663717339565],[103.67820462144618,0.04986272562855552],[103.66950994802573,0.004644377031207989]]]}},{"type":"Feature","properties":{"code":"1404072014","desa":"Belaras Barat","kecamatan":"Mandah","kecCode":"140407"},"geometry":{"type":"Polygon","coordinates":[[[103.62356267187987,0.09536664045141888],[103.62802156634227,0.020376862379530555],[103.62605664929498,0.009971309717047423],[103.60815776456923,0.015092401975947956],[103.57334632657177,0.038506920514951914],[103.55551948563584,0.13623636226592142],[103.60186255341415,0.14171200684508906],[103.6078970636986,0.09343592192573137],[103.62356267187987,0.09536664045141888]]]}},{"type":"Feature","properties":{"code":"1404072015","desa":"Sepakat Jaya","kecamatan":"Mandah","kecCode":"140407"},"geometry":{"type":"Polygon","coordinates":[[[103.31577460291565,0.024247942861195738],[103.29535968400228,0.013440243957096856],[103.25880220865507,0.04615029364953897],[103.21666907601711,0.05843912290183623],[103.17054153256572,0.05982297088650427],[103.18288521058405,0.08614964889081167],[103.24708665222727,0.0743601780966043],[103.28782418273987,0.055446324826013076],[103.31577460291565,0.024247942861195738]]]}},{"type":"Feature","properties":{"code":"1404072016","desa":"Suraya Mandiri","kecamatan":"Mandah","kecCode":"140407"},"geometry":{"type":"Polygon","coordinates":[[[103.38065042277884,0.05073152738134023],[103.39330915579296,0.069731521314722],[103.43792404855604,0.020476678133329877],[103.424541428744,0.0021699310950933316],[103.40796996674061,0.018791544673032182],[103.38307128621095,0.03146931182414937],[103.38065042277884,0.05073152738134023]]]}},{"type":"Feature","properties":{"code":"1404072017","desa":"Bidari Tanjung Datuk","kecamatan":"Mandah","kecCode":"140407"},"geometry":{"type":"Polygon","coordinates":[[[103.75427238905957,-0.012810768687655903],[103.73414535662293,0.07536664447078883],[103.77719302603737,0.09159024509126432],[103.81316975158283,-0.006151495787944598],[103.80772792960033,-0.011676162411874661],[103.75427238905957,-0.012810768687655903]]]}},{"type":"Feature","properties":{"code":"1404081001","desa":"Tegaraja","kecamatan":"Kateman","kecCode":"140408"},"geometry":{"type":"Polygon","coordinates":[[[103.63636059926235,0.2862237218271077],[103.63155113827446,0.2587885286781753],[103.62216674240129,0.25974017327980564],[103.61776290443453,0.2699404080214546],[103.5856347025795,0.26739253783624284],[103.55249223542835,0.2512153071596623],[103.54834749304246,0.25765516256746507],[103.54812135221869,0.2696822980978922],[103.60510090688143,0.2841028092793963],[103.61210724525324,0.28125281724910267],[103.60278479738054,0.29707806137111376],[103.61063779260012,0.30566522262995455],[103.63636059926235,0.2862237218271077]]]}},{"type":"Feature","properties":{"code":"1404081009","desa":"Amal Bakti","kecamatan":"Kateman","kecCode":"140408"},"geometry":{"type":"Polygon","coordinates":[[[103.62045644321033,0.2613728951506144],[103.63155113827446,0.2587885286781753],[103.63636059926235,0.2862237218271077],[103.70224725260867,0.24696590977262148],[103.67420800459581,0.24438183827785223],[103.65469124130776,0.23512320630792535],[103.62045644321033,0.2613728951506144]]]}},{"type":"Feature","properties":{"code":"1404081010","desa":"Bandar Sri Gemilang","kecamatan":"Kateman","kecCode":"140408"},"geometry":{"type":"Polygon","coordinates":[[[103.63636059926235,0.2862237218271077],[103.61063779260012,0.30566522262995455],[103.60948224291127,0.34541896222891405],[103.64912910442467,0.33709421325021754],[103.63636059926235,0.2862237218271077]]]}},{"type":"Feature","properties":{"code":"1404082002","desa":"Kuala Selat","kecamatan":"Kateman","kecCode":"140408"},"geometry":{"type":"Polygon","coordinates":[[[103.7691474832698,0.1404848864112118],[103.68346496833367,0.12467221930799806],[103.70181673275607,0.18117399198345993],[103.71902705335589,0.2000526934532724],[103.72559151343766,0.24408376877783208],[103.7159408849639,0.2485941404291374],[103.73482877123087,0.2591356525984234],[103.75992270986525,0.20407568022019146],[103.7691474832698,0.1404848864112118]]]}},{"type":"Feature","properties":{"code":"1404082003","desa":"Sungaisimbar","kecamatan":"Kateman","kecCode":"140408"},"geometry":{"type":"Polygon","coordinates":[[[103.73822891813012,0.058602083653701266],[103.70458262109116,0.04866982799573438],[103.69987252619619,0.0671253579738426],[103.67460536644455,0.06643164433066011],[103.66906301644512,0.09194546021195413],[103.77177305758062,0.11974227075527755],[103.77719302603737,0.09159024509126432],[103.73414535662293,0.07536664447078883],[103.73822891813012,0.058602083653701266]]]}},{"type":"Feature","properties":{"code":"1404082004","desa":"Penjuru","kecamatan":"Kateman","kecCode":"140408"},"geometry":{"type":"Polygon","coordinates":[[[103.60856716294425,0.2620005338044953],[103.65469124130776,0.23512320630792535],[103.68231720767307,0.24592372772274307],[103.72540115663817,0.24593974914498848],[103.71902705335589,0.2000526934532724],[103.70181673275607,0.18117399198345993],[103.68346496833367,0.12467221930799806],[103.6297838922129,0.1339932759190736],[103.62436177077917,0.18449715601251016],[103.61600986226539,0.18359296323928095],[103.60856716294425,0.2620005338044953]]]}},{"type":"Feature","properties":{"code":"1404082005","desa":"Sari Mulia","kecamatan":"Kateman","kecCode":"140408"},"geometry":{"type":"Polygon","coordinates":[[[103.56346194900982,0.297394861950622],[103.55802269728969,0.2815486951012119],[103.53040784024967,0.28220914012401715],[103.50436298456412,0.2932088550765383],[103.50575753628135,0.3294360750463191],[103.48027588822174,0.3317762746841846],[103.48244553323485,0.35185631302481857],[103.49599188541724,0.3495869197094906],[103.54818045926083,0.37291379751654236],[103.54914418265797,0.314261200842168],[103.56346194900982,0.297394861950622]]]}},{"type":"Feature","properties":{"code":"1404082006","desa":"Air Tawar","kecamatan":"Kateman","kecCode":"140408"},"geometry":{"type":"Polygon","coordinates":[[[103.61063779260012,0.30566522262995455],[103.59582562395343,0.29538042553578464],[103.56346194900982,0.297394861950622],[103.54914418265797,0.314261200842168],[103.55075093031128,0.3754118164821894],[103.5893326635716,0.38827456248671266],[103.60287181398307,0.34579381044914587],[103.60948224291127,0.34541896222891405],[103.61063779260012,0.30566522262995455]]]}},{"type":"Feature","properties":{"code":"1404082007","desa":"Tanjungraja","kecamatan":"Kateman","kecCode":"140408"},"geometry":{"type":"Polygon","coordinates":[[[103.60278479738054,0.29707806137111376],[103.61210724525324,0.28125281724910267],[103.60510090688143,0.2841028092793963],[103.57099966170506,0.27289554788596426],[103.52746008741313,0.26691690169503296],[103.52623120340735,0.27271020660567097],[103.49038975568271,0.2714443289889208],[103.48737026572523,0.27791466511880875],[103.49490039173975,0.29433154983188625],[103.53040784024967,0.28220914012401715],[103.55802269728969,0.2815486951012119],[103.56661260778564,0.2995491879095901],[103.60278479738054,0.29707806137111376]]]}},{"type":"Feature","properties":{"code":"1404082008","desa":"Sungaiteritip","kecamatan":"Kateman","kecCode":"140408"},"geometry":{"type":"Polygon","coordinates":[[[103.70224725260867,0.24696590977262148],[103.63636059926235,0.2862237218271077],[103.64912910442467,0.33709421325021754],[103.68123759224112,0.3230617478399654],[103.70586299398205,0.30375820933407044],[103.73389959529015,0.26356079729811155],[103.72188368058744,0.24957717316878636],[103.70224725260867,0.24696590977262148]]]}},{"type":"Feature","properties":{"code":"1404082011","desa":"Makmur Jaya","kecamatan":"Kateman","kecCode":"140408"},"geometry":{"type":"Polygon","coordinates":[[[103.66715331597283,0.10073663717339565],[103.63427354798591,0.09668671031528629],[103.6297838922129,0.1339932759190736],[103.68346496833367,0.12467221930799806],[103.7691474832698,0.1404848864112118],[103.77177305758062,0.11974227075527755],[103.66906301644512,0.09194546021195413],[103.66715331597283,0.10073663717339565]]]}},{"type":"Feature","properties":{"code":"1404091003","desa":"Kota Baru Reteh","kecamatan":"Keritang","kecCode":"140409"},"geometry":{"type":"Polygon","coordinates":[[[102.9824140183923,-0.7050920139966751],[102.99695049177183,-0.7637807049614488],[102.98244028309267,-0.7858376348202563],[102.95930841964793,-0.7601296157391031],[102.95157402971773,-0.7608751177416145],[102.95661142657616,-0.7472829037473069],[102.93067313155984,-0.7388472647631512],[102.94101055609234,-0.7195053917557704],[102.96061263356626,-0.7073347648963692],[102.9824140183923,-0.7050920139966751]]]}},{"type":"Feature","properties":{"code":"1404092001","desa":"Pebenaan","kecamatan":"Keritang","kecCode":"140409"},"geometry":{"type":"Polygon","coordinates":[[[103.04128923331153,-0.6834340530747299],[102.9824140183923,-0.7050920139966751],[102.95370851483612,-0.625465352144699],[102.967885970761,-0.6226139059105702],[102.9681247857303,-0.6043740846203014],[102.98371501543566,-0.6046596202689021],[103.03232093756128,-0.5861236810074099],[103.04807933329465,-0.6578482518595536],[103.04887182307624,-0.670995463319453],[103.04128923331153,-0.6834340530747299]]]}},{"type":"Feature","properties":{"code":"1404092002","desa":"Seberang Pebenaan","kecamatan":"Keritang","kecCode":"140409"},"geometry":{"type":"Polygon","coordinates":[[[103.03640070842602,-0.6850483469374761],[103.0394813423901,-0.7554103360733712],[103.00361114963493,-0.7547222153139473],[102.99695049177183,-0.7637807049614488],[102.98556605223159,-0.7059886893369379],[103.03640070842602,-0.6850483469374761]]]}},{"type":"Feature","properties":{"code":"1404092004","desa":"Nusantara Jaya","kecamatan":"Keritang","kecCode":"140409"},"geometry":{"type":"Polygon","coordinates":[[[102.9824140183923,-0.7050920139966751],[102.96061263356626,-0.7073347648963692],[102.94101055609234,-0.7195053917557704],[102.92899078060007,-0.7398546961099648],[102.90369523824472,-0.6856598112844046],[102.9694716203191,-0.6618617759599053],[102.9824140183923,-0.7050920139966751]]]}},{"type":"Feature","properties":{"code":"1404092005","desa":"Kota Baru Seberida","kecamatan":"Keritang","kecCode":"140409"},"geometry":{"type":"Polygon","coordinates":[[[102.93067313155984,-0.7388472647631512],[102.95661142657616,-0.7472829037473069],[102.95157402971773,-0.7608751177416145],[102.9585303540926,-0.7596318967451494],[102.9628054028471,-0.7663762742886018],[102.95273631982538,-0.7666298399378231],[102.9578893299287,-0.7721323265821903],[102.94453745344077,-0.7792728419966098],[102.94857638789004,-0.7880282700074471],[102.93741106097171,-0.7826540914379589],[102.93737718890623,-0.7894967792701206],[102.92193151982383,-0.7950635665412745],[102.9109790093738,-0.7459629391041362],[102.93067313155984,-0.7388472647631512]]]}},{"type":"Feature","properties":{"code":"1404092006","desa":"Kembang Mekarsari","kecamatan":"Keritang","kecCode":"140409"},"geometry":{"type":"Polygon","coordinates":[[[102.90369523824472,-0.6856598112844046],[102.92899078060007,-0.7398546961099648],[102.90281611227378,-0.7479413639663403],[102.87550152267721,-0.7446396011039634],[102.88090377628826,-0.7121648500313416],[102.87701791724317,-0.6264810221806614],[102.88797403487386,-0.6262910071237151],[102.90369523824472,-0.6856598112844046]]]}},{"type":"Feature","properties":{"code":"1404092007","desa":"Pasar Kembang","kecamatan":"Keritang","kecCode":"140409"},"geometry":{"type":"Polygon","coordinates":[[[102.9109790093738,-0.7459629391041362],[102.92115132737194,-0.7904549565471015],[102.90886926820222,-0.7942799440759605],[102.89822828290897,-0.7844055049329052],[102.8826031649042,-0.7958740940242802],[102.88816225758215,-0.8087379461948973],[102.88225869308428,-0.8296876217586289],[102.87553306190136,-0.7446533049732387],[102.9109790093738,-0.7459629391041362]]]}},{"type":"Feature","properties":{"code":"1404092008","desa":"Kuala Keritang","kecamatan":"Keritang","kecCode":"140409"},"geometry":{"type":"Polygon","coordinates":[[[102.88090377628826,-0.7121648500313416],[102.87550152267721,-0.7446396011039634],[102.8798485963357,-0.8264758756370097],[102.78101570880794,-0.7726000720716464],[102.8445799349161,-0.7352301726121475],[102.86895321891598,-0.7320596631042952],[102.88090377628826,-0.7121648500313416]]]}},{"type":"Feature","properties":{"code":"1404092009","desa":"Kuala Lemang","kecamatan":"Keritang","kecCode":"140409"},"geometry":{"type":"Polygon","coordinates":[[[102.87701791724317,-0.6264810221806614],[102.88090377628826,-0.7121648500313416],[102.87172741338945,-0.7300780960108483],[102.8445799349161,-0.7352301726121475],[102.78101570880794,-0.7726000720716464],[102.75391681261091,-0.7572354705936608],[102.7817526699498,-0.7398538417539813],[102.80095561570914,-0.7449051007567327],[102.82805630605372,-0.7336485187436683],[102.84353792193757,-0.71259961378416],[102.83156412158701,-0.705765195218244],[102.82911426940807,-0.6395189300392257],[102.83601137972146,-0.6170375030881083],[102.84359931865366,-0.6192531583139722],[102.84605217007163,-0.6286029815392206],[102.87701791724317,-0.6264810221806614]]]}},{"type":"Feature","properties":{"code":"1404092010","desa":"Telukkelasa","kecamatan":"Keritang","kecCode":"140409"},"geometry":{"type":"Polygon","coordinates":[[[102.83876810756215,-0.6075959337257054],[102.82911426940807,-0.6395189300392257],[102.8315937299667,-0.7056245556395049],[102.82192800277515,-0.7066610467795315],[102.79443566937071,-0.6861258849342328],[102.83243299528658,-0.6025223589457731],[102.83876810756215,-0.6075959337257054]]]}},{"type":"Feature","properties":{"code":"1404092011","desa":"Pengalihan","kecamatan":"Keritang","kecCode":"140409"},"geometry":{"type":"Polygon","coordinates":[[[102.83243299528658,-0.6025223589457731],[102.8177713767477,-0.642362484722382],[102.79414209558132,-0.655074758860332],[102.76917434172253,-0.6822618722245645],[102.75391681261091,-0.7572354705936608],[102.73739795105466,-0.747870440731901],[102.7309412432438,-0.7532727581888372],[102.75469898896722,-0.6087655200317699],[102.74058031722791,-0.5936560652111759],[102.73372213856588,-0.5566223611103838],[102.82583886387255,-0.5946766527401713],[102.83243299528658,-0.6025223589457731]]]}},{"type":"Feature","properties":{"code":"1404092012","desa":"Pancur","kecamatan":"Keritang","kecCode":"140409"},"geometry":{"type":"Polygon","coordinates":[[[102.6860855821839,-0.5639888752554464],[102.71447569709578,-0.5640254021196687],[102.71539747970996,-0.5492750582828643],[102.73372213856588,-0.5566223611103838],[102.74058031722791,-0.5936560652111759],[102.75469898896722,-0.6087655200317699],[102.7309412432438,-0.7532727581888372],[102.71754477836889,-0.7617828988098437],[102.7175442216885,-0.6570665458494693],[102.70656956003721,-0.6508585293696436],[102.70267282998718,-0.6555331792795704],[102.69064446327144,-0.6529399293040032],[102.6860855821839,-0.5639888752554464]]]}},{"type":"Feature","properties":{"code":"1404092013","desa":"Sencalang","kecamatan":"Keritang","kecCode":"140409"},"geometry":{"type":"Polygon","coordinates":[[[102.66157112170998,-0.6746285678995686],[102.69064446327144,-0.6529399293040032],[102.70267282998718,-0.6555331792795704],[102.70659868997762,-0.6508709193294889],[102.7175442216885,-0.6570665458494693],[102.71754540699497,-0.7006806136358096],[102.69922260074246,-0.7005216350819177],[102.69531182687939,-0.6901968136600577],[102.68316234666501,-0.7023816731901007],[102.66157112170998,-0.6746285678995686]]]}},{"type":"Feature","properties":{"code":"1404092014","desa":"Petalongan","kecamatan":"Keritang","kecCode":"140409"},"geometry":{"type":"Polygon","coordinates":[[[102.67379763964942,-0.7839604907074122],[102.6766123377892,-0.7776669693855041],[102.6678619342809,-0.7633692264549558],[102.63591863213924,-0.7406939155634029],[102.64750078673198,-0.6871396412129207],[102.66157112170998,-0.6746285678995686],[102.68316234666501,-0.7023816731901007],[102.69531182687939,-0.6901968136600577],[102.69922260074246,-0.7005216350819177],[102.71754540699497,-0.7006806136358096],[102.71754477836889,-0.7617828988098437],[102.70544914236409,-0.7756914996954888],[102.67379763964942,-0.7839604907074122]]]}},{"type":"Feature","properties":{"code":"1404092015","desa":"Nyiur Permai","kecamatan":"Keritang","kecCode":"140409"},"geometry":{"type":"Polygon","coordinates":[[[102.82039142022789,-0.7061000577817708],[102.84282860055951,-0.7079570912549796],[102.84335735965449,-0.7136781203508179],[102.82375831109725,-0.7372267817661122],[102.80095561570914,-0.7449051007567327],[102.7817526699498,-0.7398538417539813],[102.75391681261091,-0.7572354705936608],[102.76917434172253,-0.6822618722245645],[102.80164049441333,-0.6496459248929018],[102.80684279276072,-0.6561299882744638],[102.79468187137131,-0.6872819643224927],[102.82039142022789,-0.7061000577817708]]]}},{"type":"Feature","properties":{"code":"1404092016","desa":"Lintas Utara","kecamatan":"Keritang","kecCode":"140409"},"geometry":{"type":"Polygon","coordinates":[[[102.95370851483612,-0.625465352144699],[102.9694716203191,-0.6618617759599053],[102.90369523824472,-0.6856598112844046],[102.88797403487386,-0.6262910071237151],[102.9161065695626,-0.6236374531084439],[102.9335002898066,-0.6348781584900625],[102.95370851483612,-0.625465352144699]]]}},{"type":"Feature","properties":{"code":"1404092017","desa":"Kayu Raja","kecamatan":"Keritang","kecCode":"140409"},"geometry":{"type":"Polygon","coordinates":[[[102.96231883364732,-0.7672452666976843],[102.98244028309267,-0.7858376348202563],[102.91682946800563,-0.8757630971100577],[102.88225869308428,-0.8296876217586289],[102.88816225758215,-0.8087379461948973],[102.88240937269443,-0.7961282739104487],[102.89822828290897,-0.7844055049329052],[102.90899556089647,-0.7943026096894633],[102.93737718890623,-0.7894967792701206],[102.93741106097171,-0.7826540914379589],[102.94834101642482,-0.7881450865451628],[102.94453745344077,-0.7792728419966098],[102.9578893299287,-0.7721323265821903],[102.95273631982538,-0.7666298399378231],[102.96231883364732,-0.7672452666976843]]]}},{"type":"Feature","properties":{"code":"1404101001","desa":"Kuala Enok","kecamatan":"Tanah Merah","kecCode":"140410"},"geometry":{"type":"Polygon","coordinates":[[[103.39213328682177,-0.5141811468671944],[103.43731689016244,-0.5371041787140077],[103.43804921889635,-0.5527336728023984],[103.412359757297,-0.5520536090692478],[103.36449740902826,-0.567939166224181],[103.34658062059924,-0.5359204100993289],[103.37241917540467,-0.5152516845411557],[103.39213328682177,-0.5141811468671944]]]}},{"type":"Feature","properties":{"code":"1404102002","desa":"Selatnama","kecamatan":"Tanah Merah","kecCode":"140410"},"geometry":{"type":"Polygon","coordinates":[[[103.28855780739694,-0.5433637002667486],[103.30250576173158,-0.5150357932910213],[103.29888414238933,-0.509993514018938],[103.31544604459934,-0.5062288889857064],[103.34710775371991,-0.536425963986963],[103.36449740902826,-0.567939166224181],[103.3101581209006,-0.5930040882048059],[103.30399818756638,-0.5789452061087678],[103.3040552954156,-0.5469652512334622],[103.28855780739694,-0.5433637002667486]]]}},{"type":"Feature","properties":{"code":"1404102003","desa":"Sungainyiur","kecamatan":"Tanah Merah","kecCode":"140410"},"geometry":{"type":"Polygon","coordinates":[[[103.24905631859427,-0.5140794830066309],[103.28029125173992,-0.524803314734092],[103.27880390257809,-0.5391576268199114],[103.3030942645887,-0.545085067412142],[103.30803375405456,-0.5576061996426435],[103.30399818756638,-0.5789452061087678],[103.3101581209006,-0.5930040882048059],[103.29191913775803,-0.5961200889041827],[103.24682550259489,-0.5735304051625144],[103.24905631859427,-0.5140794830066309]]]}},{"type":"Feature","properties":{"code":"1404102003","desa":"Sungainyiur","kecamatan":"Tanah Merah","kecCode":"140410"},"geometry":{"type":"Polygon","coordinates":[[[103.29210213990189,-0.5005555572332333],[103.27361877858384,-0.4989532630244971],[103.2528079906963,-0.4877474540360886],[103.24258216843236,-0.42256989910876636],[103.27150526385691,-0.42256989910876636],[103.26966712783576,-0.44695522860079856],[103.296858116409,-0.45801597604401495],[103.31544604459934,-0.5062288889857064],[103.29888414238933,-0.509993514018938],[103.29210213990189,-0.5005555572332333]]]}},{"type":"Feature","properties":{"code":"1404102004","desa":"Tanjungbaru","kecamatan":"Tanah Merah","kecCode":"140410"},"geometry":{"type":"Polygon","coordinates":[[[103.3131313848056,-0.5009378734237461],[103.29494383838748,-0.4554009480857335],[103.26966712783576,-0.44695522860079856],[103.27150526385691,-0.42256989910876636],[103.29238532742096,-0.42245193593547187],[103.29262126006317,-0.4136044515214595],[103.30748503270813,-0.41867700826886645],[103.30772096535031,-0.4112451224043922],[103.33353911543787,-0.41257915694091396],[103.32858976040917,-0.43857514793403807],[103.3670720826106,-0.4341748847772969],[103.35933129040676,-0.4483455723886583],[103.36416791541699,-0.4721747962016466],[103.33656376480599,-0.4764215882526667],[103.33042950891478,-0.4705232659096351],[103.32948577744673,-0.5007226782488022],[103.3131313848056,-0.5009378734237461]]]}},{"type":"Feature","properties":{"code":"1404102005","desa":"Tekulai Hilir","kecamatan":"Tanah Merah","kecCode":"140410"},"geometry":{"type":"Polygon","coordinates":[[[103.27611754398951,-0.3525069894116351],[103.31517964022828,-0.36460131059400686],[103.30663923381364,-0.3851562485310861],[103.33209946541808,-0.40199093398463104],[103.33353911543787,-0.41257915694091396],[103.30772096535031,-0.4112451224043922],[103.30748503270813,-0.41867700826886645],[103.29262126006317,-0.4136044515214595],[103.29238532742096,-0.42245193593547187],[103.27150526385691,-0.42256989910876636],[103.27611754398951,-0.3525069894116351]]]}},{"type":"Feature","properties":{"code":"1404102006","desa":"Tekulai Hulu","kecamatan":"Tanah Merah","kecCode":"140410"},"geometry":{"type":"Polygon","coordinates":[[[103.24258216843236,-0.42256989910876636],[103.22979645384332,-0.38519614155769466],[103.27485372941611,-0.3896472092153556],[103.27150526385691,-0.42256989910876636],[103.24258216843236,-0.42256989910876636]]]}},{"type":"Feature","properties":{"code":"1404102007","desa":"Tekulai Bugis","kecamatan":"Tanah Merah","kecCode":"140410"},"geometry":{"type":"Polygon","coordinates":[[[103.22979645384332,-0.38519614155769466],[103.2239791900876,-0.368190525560362],[103.2449546879086,-0.34528452777237395],[103.24738883972321,-0.302362441535092],[103.25845909121414,-0.3123760219863123],[103.26540565524687,-0.3360023497526436],[103.27660246563136,-0.34987022034287407],[103.27485372941611,-0.3896472092153556],[103.22979645384332,-0.38519614155769466]]]}},{"type":"Feature","properties":{"code":"1404102008","desa":"Tanjungpasir","kecamatan":"Tanah Merah","kecCode":"140410"},"geometry":{"type":"Polygon","coordinates":[[[103.31517964022828,-0.36460131059400686],[103.36087826731824,-0.4006796945639677],[103.44968232817693,-0.436520984867126],[103.45232200565607,-0.46363067559647486],[103.47317417135099,-0.5058222641202949],[103.45629986984316,-0.5058577055028164],[103.42131533663354,-0.5258411143876808],[103.39450083034909,-0.5168594151516769],[103.37308568185881,-0.4378613101614622],[103.32781643697903,-0.4376233639374417],[103.33364611587558,-0.40413244910106155],[103.30663923381364,-0.3851562485310861],[103.31517964022828,-0.36460131059400686]]]}},{"type":"Feature","properties":{"code":"1404102009","desa":"Tanah Merah","kecamatan":"Tanah Merah","kecCode":"140410"},"geometry":{"type":"Polygon","coordinates":[[[103.39213328682177,-0.5141811468671944],[103.37162205681254,-0.5155205638462009],[103.34658062059924,-0.5359204100993289],[103.3131313848056,-0.5009378734237461],[103.32948577744673,-0.5007226782488022],[103.33042950891478,-0.4705232659096351],[103.33656376480599,-0.4764215882526667],[103.36416791541699,-0.4721747962016466],[103.35933129040676,-0.4483455723886583],[103.3670720826106,-0.4341748847772969],[103.37421592642393,-0.43940795971795316],[103.39213328682177,-0.5141811468671944]]]}},{"type":"Feature","properties":{"code":"1404102010","desa":"Sungailaut","kecamatan":"Tanah Merah","kecCode":"140410"},"geometry":{"type":"Polygon","coordinates":[[[103.4998110255584,-0.5158525359886439],[103.50183863164762,-0.5161049262240168],[103.50227813842542,-0.5164495590221513],[103.4998110255584,-0.5158525359886439]]]}},{"type":"Feature","properties":{"code":"1404102010","desa":"Sungailaut","kecamatan":"Tanah Merah","kecCode":"140410"},"geometry":{"type":"Polygon","coordinates":[[[103.5516970216003,-0.4975955727208143],[103.5511882517365,-0.49728557101593746],[103.5521528519726,-0.4966960447310353],[103.5516970216003,-0.4975955727208143]]]}},{"type":"Feature","properties":{"code":"1404102010","desa":"Sungailaut","kecamatan":"Tanah Merah","kecCode":"140410"},"geometry":{"type":"Polygon","coordinates":[[[103.55740659603765,-0.4913802672357877],[103.55495024895487,-0.4942289570478014],[103.55316584832529,-0.493373137008691],[103.5550835734482,-0.49298842772221013],[103.55740659603765,-0.4913802672357877]]]}},{"type":"Feature","properties":{"code":"1404102010","desa":"Sungailaut","kecamatan":"Tanah Merah","kecCode":"140410"},"geometry":{"type":"Polygon","coordinates":[[[103.44904518099037,-0.4380683898542247],[103.54664753605499,-0.4703940459222136],[103.56698527065377,-0.482537909856816],[103.52915280305945,-0.5121748016527609],[103.4841531848217,-0.5135959661064413],[103.47317417135099,-0.5058222641202949],[103.45232200565607,-0.46363067559647486],[103.44904518099037,-0.4380683898542247]]]}},{"type":"Feature","properties":{"code":"1404111001","desa":"Sungaipiring","kecamatan":"Batang Tuaka","kecCode":"140411"},"geometry":{"type":"Polygon","coordinates":[[[103.29043320143113,-0.2444082718507664],[103.26632499620166,-0.24503326379987442],[103.2544384004119,-0.2612171152853391],[103.2415488977635,-0.2529193432700388],[103.2297888698605,-0.2278872843157305],[103.26761346389031,-0.21009726074487084],[103.27551185958468,-0.2167757395661286],[103.28495427701836,-0.21438919516527072],[103.29304742180115,-0.21941013532395487],[103.29501047635245,-0.23293737330049824],[103.29043320143113,-0.2444082718507664]]]}},{"type":"Feature","properties":{"code":"1404112002","desa":"Sungailuar","kecamatan":"Batang Tuaka","kecCode":"140411"},"geometry":{"type":"Polygon","coordinates":[[[103.22167252706554,-0.2778354841093699],[103.20115651356231,-0.27974845271584287],[103.17341320365648,-0.2640228193022324],[103.17579068289375,-0.25427496333433336],[103.16226736144961,-0.2454222763423728],[103.16099518857715,-0.19925687418243654],[103.17401238776154,-0.19839432541579446],[103.19148477889951,-0.2322552968845232],[103.2181705085622,-0.26365756684820457],[103.22167252706554,-0.2778354841093699]]]}},{"type":"Feature","properties":{"code":"1404112003","desa":"Sungaidusun","kecamatan":"Batang Tuaka","kecCode":"140411"},"geometry":{"type":"Polygon","coordinates":[[[103.2544384004119,-0.2612171152853391],[103.22167252706554,-0.2778354841093699],[103.2181705085622,-0.26365756684820457],[103.17846957531071,-0.20703046465249514],[103.21438078704374,-0.20792819219958117],[103.22827240424812,-0.221920879696461],[103.2415488977635,-0.2529193432700388],[103.2544384004119,-0.2612171152853391]]]}},{"type":"Feature","properties":{"code":"1404112004","desa":"Sungaijunjangan","kecamatan":"Batang Tuaka","kecCode":"140411"},"geometry":{"type":"Polygon","coordinates":[[[103.02326870178922,-0.24958025674414322],[103.07437310783274,-0.2204096094692169],[103.12265843603807,-0.2544222138294117],[103.13082749709139,-0.26941319196376295],[103.10081838396133,-0.27458226125504515],[103.1243740169474,-0.2975615663802182],[103.10349360624497,-0.3051619042569825],[103.09762637705569,-0.2949103092333417],[103.07965033409569,-0.2972623160703818],[103.0638582956239,-0.28919829674036246],[103.04578481291884,-0.29622732230160365],[103.02326870178922,-0.24958025674414322]]]}},{"type":"Feature","properties":{"code":"1404112005","desa":"Sungairaya","kecamatan":"Batang Tuaka","kecCode":"140411"},"geometry":{"type":"Polygon","coordinates":[[[103.04578481291884,-0.29622732230160365],[103.0638582956239,-0.28919829674036246],[103.07965033409569,-0.2972623160703818],[103.09762637705569,-0.2949103092333417],[103.10349360624497,-0.3051619042569825],[103.09135819142743,-0.35083941251635087],[103.04554625155833,-0.30935834506541504],[103.04578481291884,-0.29622732230160365]]]}},{"type":"Feature","properties":{"code":"1404112006","desa":"Kuala Sebatu","kecamatan":"Batang Tuaka","kecCode":"140411"},"geometry":{"type":"Polygon","coordinates":[[[102.99428500734727,-0.3941656594766055],[102.93522963843714,-0.329901079202283],[102.98937909137204,-0.2775149621352829],[103.01141058483067,-0.3083622316866008],[103.02879909979868,-0.32178723563231176],[103.04578481291884,-0.29622732230160365],[103.04554625155833,-0.30935834506541504],[103.08875990074885,-0.35229972535785503],[103.06598102300586,-0.3587485622949156],[103.04606726659112,-0.33870446625905926],[103.02823984559244,-0.33731649218492066],[103.0042795365714,-0.3605348065326707],[103.00556384309692,-0.38668325599482384],[102.99428500734727,-0.3941656594766055]]]}},{"type":"Feature","properties":{"code":"1404112007","desa":"Tanjungsiantar","kecamatan":"Batang Tuaka","kecCode":"140411"},"geometry":{"type":"Polygon","coordinates":[[[103.13785286062107,-0.2792862578420049],[103.1243740169474,-0.2975615663802182],[103.10081838396133,-0.27458226125504515],[103.13082749709139,-0.26941319196376295],[103.13785286062107,-0.2792862578420049]]]}},{"type":"Feature","properties":{"code":"1404112008","desa":"Sungairawa","kecamatan":"Batang Tuaka","kecCode":"140411"},"geometry":{"type":"Polygon","coordinates":[[[103.15101494958033,-0.273401769769901],[103.13785286062107,-0.2792862578420049],[103.12265843603807,-0.2544222138294117],[103.07437310783274,-0.2204096094692169],[103.13300237885676,-0.19772425764708249],[103.1331524172503,-0.23879908244446046],[103.14792617944966,-0.24983695113478036],[103.15101494958033,-0.273401769769901]]]}},{"type":"Feature","properties":{"code":"1404112009","desa":"Sialang Jaya","kecamatan":"Batang Tuaka","kecCode":"140411"},"geometry":{"type":"Polygon","coordinates":[[[103.35753822301064,-0.24259376461903195],[103.3026654966154,-0.24786132316416182],[103.31803530878257,-0.19276583835700997],[103.35753822301064,-0.24259376461903195]]]}},{"type":"Feature","properties":{"code":"1404112010","desa":"Gemilang Jaya","kecamatan":"Batang Tuaka","kecCode":"140411"},"geometry":{"type":"Polygon","coordinates":[[[103.3026654966154,-0.24786132316416182],[103.29043320143113,-0.2444082718507664],[103.29558154765039,-0.22886849502886955],[103.29172682043644,-0.21744708257347706],[103.27551185958468,-0.2167757395661286],[103.25043065355185,-0.19332628056707327],[103.31487246958885,-0.18905252144514065],[103.3171759589034,-0.1991121777620089],[103.3026654966154,-0.24786132316416182]]]}},{"type":"Feature","properties":{"code":"1404112011","desa":"Tasik Raya","kecamatan":"Batang Tuaka","kecCode":"140411"},"geometry":{"type":"Polygon","coordinates":[[[103.17401238776154,-0.19839432541579446],[103.21107896662107,-0.19593446378521473],[103.21129469509418,-0.173465957393919],[103.22399340297324,-0.17803436409536313],[103.22915334595024,-0.19473539770252166],[103.25043065355185,-0.19332628056707327],[103.26761346389031,-0.21009726074487084],[103.22986891401922,-0.22785492131258545],[103.21438078704374,-0.20792819219958117],[103.17846957531071,-0.20703046465249514],[103.17401238776154,-0.19839432541579446]]]}},{"type":"Feature","properties":{"code":"1404112012","desa":"Pasir Emas","kecamatan":"Batang Tuaka","kecCode":"140411"},"geometry":{"type":"Polygon","coordinates":[[[102.98937909137204,-0.2775149621352829],[103.02326870178922,-0.24958025674414322],[103.04578481291884,-0.29622732230160365],[103.04153712873556,-0.30659307906427496],[103.02879909979868,-0.32178723563231176],[103.01141058483067,-0.3083622316866008],[102.98937909137204,-0.2775149621352829]]]}},{"type":"Feature","properties":{"code":"1404112013","desa":"Simpang Jaya","kecamatan":"Batang Tuaka","kecCode":"140411"},"geometry":{"type":"Polygon","coordinates":[[[103.17743139704139,-0.26683607132905296],[103.15101494958033,-0.273401769769901],[103.14792617944966,-0.24983695113478036],[103.1331524172503,-0.23879908244446046],[103.13300237885676,-0.19772425764708249],[103.16099518857715,-0.19925687418243654],[103.16226736144961,-0.2454222763423728],[103.17579068289375,-0.25427496333433336],[103.17191414442226,-0.2605012198638994],[103.17743139704139,-0.26683607132905296]]]}},{"type":"Feature","properties":{"code":"1404121006","desa":"Kuala Lahang","kecamatan":"Gaung","kecCode":"140412"},"geometry":{"type":"Polygon","coordinates":[[[103.35663364892383,-0.09261186664067439],[103.34640196667749,-0.09713284219816955],[103.32536292096209,-0.11689362391078156],[103.32058730775809,-0.08890586931093379],[103.32873103221142,-0.09692430650304285],[103.35107959065066,-0.07667103535414214],[103.35663364892383,-0.09261186664067439]]]}},{"type":"Feature","properties":{"code":"1404122001","desa":"Terusan Kempas","kecamatan":"Gaung","kecCode":"140412"},"geometry":{"type":"Polygon","coordinates":[[[103.39964062761295,-0.15812796325789677],[103.36505106225677,-0.1326403284399449],[103.36505106225677,-0.09176276633585888],[103.35663364892383,-0.09261186664067439],[103.3422516143206,-0.05651720494176906],[103.34961287103721,-0.04549044287870888],[103.30116217459477,-0.016829464789096544],[103.30434840605413,-0.012533465432978673],[103.33281643193281,-0.028504310693465068],[103.34395413797313,-0.01772085571308198],[103.35232221539798,-0.020327308635567386],[103.40614857879392,-0.061246363660168925],[103.40923969255782,-0.15648736242668426],[103.39964062761295,-0.15812796325789677]]]}},{"type":"Feature","properties":{"code":"1404122002","desa":"Lahang Baru","kecamatan":"Gaung","kecCode":"140412"},"geometry":{"type":"Polygon","coordinates":[[[103.36505106225677,-0.1326403284399449],[103.34268827564345,-0.13762479569371996],[103.31006209309116,-0.13440659154055168],[103.31378486637857,-0.11656276692767187],[103.32976953333734,-0.11583540515014407],[103.35070879027853,-0.09384918448724539],[103.36505106225677,-0.09176276633585888],[103.36505106225677,-0.1326403284399449]]]}},{"type":"Feature","properties":{"code":"1404122003","desa":"Simpang Gaung","kecamatan":"Gaung","kecCode":"140412"},"geometry":{"type":"Polygon","coordinates":[[[102.71684265696308,-0.10116299386385341],[102.71692891273919,0.09350472365952245],[102.78736583256715,0.1183345835418323],[102.83267733029464,0.1440787688589531],[102.86051243759896,0.11703051081848753],[102.962773062327,0.07884735893027121],[103.07352978567116,0.053342745811438344],[103.1345304933876,-0.07528995278476461],[103.12873635120171,-0.10136489346160564],[103.11433048366494,-0.09611028245595651],[103.10214830500036,-0.10136585573613646],[103.10216860899419,-0.12074512165486764],[103.0982764187218,-0.10968281119004407],[103.08406807827924,-0.09893055369133068],[103.07369982858425,-0.10622672646337243],[103.0460511678272,-0.10507470031950611],[103.02301061524776,-0.11160285746099301],[102.96118513388689,-0.11045082951854486],[102.82946997555898,-0.1465476954557902],[102.72567571266404,-0.11836446061885851],[102.71684265696308,-0.10116299386385341]]]}},{"type":"Feature","properties":{"code":"1404122004","desa":"Belantaraya","kecamatan":"Gaung","kecCode":"140412"},"geometry":{"type":"Polygon","coordinates":[[[103.21054254800028,-0.12708425928892647],[103.1846058330928,-0.12001637042482743],[103.1597793330498,-0.12712517574399823],[103.17129960978923,-0.06937720351744979],[103.16525750922669,-0.07629264380509249],[103.16431915480518,-0.06831233876693753],[103.15530254657533,-0.06646204751106861],[103.16147403529855,-0.05897600807024355],[103.15154009429995,-0.05312320581181061],[103.14866398955155,-0.05999537252124821],[103.14169401976324,-0.05925136968860652],[103.14616566031701,-0.047429494522434036],[103.13902514489456,-0.05097432704646525],[103.13315435259136,-0.04134697123942835],[103.09619610336756,0.0481252831015413],[103.11846333341616,0.04812455105339554],[103.13163916761357,0.018999472426482998],[103.24074891483058,-0.04099956223405146],[103.2293774686953,-0.10487348060924577],[103.21054254800028,-0.12708425928892647]]]}},{"type":"Feature","properties":{"code":"1404122005","desa":"Sungaibaru","kecamatan":"Gaung","kecCode":"140412"},"geometry":{"type":"Polygon","coordinates":[[[103.31006209309116,-0.13440659154055168],[103.26323636096934,-0.11801469628909324],[103.26256831757387,-0.09661357544799398],[103.31378486637857,-0.11656276692767187],[103.31006209309116,-0.13440659154055168]]]}},{"type":"Feature","properties":{"code":"1404122007","desa":"Lahang Tengah","kecamatan":"Gaung","kecCode":"140412"},"geometry":{"type":"Polygon","coordinates":[[[103.35107959065066,-0.07667103535414214],[103.32873103221142,-0.09692430650304285],[103.31710639724253,-0.0867303373381238],[103.33137006038002,-0.07672580586534675],[103.33590836407978,-0.05176059801518192],[103.35107959065066,-0.07667103535414214]]]}},{"type":"Feature","properties":{"code":"1404122008","desa":"Lahang Hulu","kecamatan":"Gaung","kecCode":"140412"},"geometry":{"type":"Polygon","coordinates":[[[103.17054153256572,0.05982297088650427],[103.20655296744552,0.05895687249577284],[103.29872539675972,-0.0316450796212628],[103.33590836407978,-0.05176059801518192],[103.33021539382543,-0.07833377299747687],[103.30506748237848,-0.08942793834858163],[103.23089225977002,-0.03213813203315097],[103.13163916761357,0.018999472426482998],[103.11846333341616,0.04812455105339554],[103.17054153256572,0.05982297088650427]]]}},{"type":"Feature","properties":{"code":"1404122009","desa":"Pungkat","kecamatan":"Gaung","kecCode":"140412"},"geometry":{"type":"Polygon","coordinates":[[[103.1597793330498,-0.12712517574399823],[103.14718666243459,-0.13382344684478403],[103.12493054081187,-0.13361029043301564],[103.13304333038546,-0.06725926952438374],[103.07352978567116,0.053342745811438344],[103.09619610336756,0.0481252831015413],[103.13315435259136,-0.04134697123942835],[103.13902514489456,-0.05097432704646525],[103.14616566031701,-0.047429494522434036],[103.14169401976324,-0.05925136968860652],[103.14895744103313,-0.05979769434115283],[103.15008548405793,-0.05302767173025484],[103.16122136177647,-0.05867385834620481],[103.15530254657533,-0.06646204751106861],[103.16431915480518,-0.06831233876693753],[103.1655779205846,-0.0764960623577268],[103.16988083393339,-0.06606672982175173],[103.1597793330498,-0.12712517574399823]]]}},{"type":"Feature","properties":{"code":"1404122010","desa":"Jerambang","kecamatan":"Gaung","kecCode":"140412"},"geometry":{"type":"Polygon","coordinates":[[[103.26323636096934,-0.11801469628909324],[103.24305480623438,-0.10835214731246054],[103.23328789272209,-0.09078074533346589],[103.24074891483058,-0.04099956223405146],[103.25883612388805,-0.050652139527892166],[103.26323636096934,-0.11801469628909324]]]}},{"type":"Feature","properties":{"code":"1404122011","desa":"Telukkabung","kecamatan":"Gaung","kecCode":"140412"},"geometry":{"type":"Polygon","coordinates":[[[102.716845136394,-0.16388384737819695],[102.71684265696308,-0.10116299386385341],[102.72567571266404,-0.11836446061885851],[102.82946997555898,-0.1465476954557902],[102.96118513388689,-0.11045082951854486],[103.02301061524776,-0.11160285746099301],[103.0460511678272,-0.10507470031950611],[103.07369982858425,-0.10622672646337243],[103.08406807827924,-0.09893055369133068],[103.1021165103687,-0.12005105997406415],[103.08707469624028,-0.11307919802000545],[103.08812625372371,-0.1436015964757228],[103.0756355365508,-0.14805254542294294],[103.07250217533516,-0.12759713995324054],[103.05053087440041,-0.1221058795460641],[103.02464378858002,-0.1405272406823308],[103.01281137334627,-0.13029957841694595],[103.00108633356751,-0.14356349939526328],[102.98199987789211,-0.13263900643655283],[102.97170149832554,-0.15278200181695417],[102.96212617368406,-0.14400775549237485],[102.94947852841142,-0.15431335840205787],[102.93808859671144,-0.14333549877384452],[102.92817983493148,-0.1631730735958672],[102.91671674787965,-0.15525662761754497],[102.90574932127424,-0.15760899238470327],[102.9126692635757,-0.17056956124536574],[102.9093542213203,-0.17744844948771643],[102.89732961556939,-0.18018670884787436],[102.88848122462888,-0.17047719367669892],[102.8841414013047,-0.18165835584510806],[102.87064659106737,-0.18199103755264115],[102.87080188959561,-0.20203363621721843],[102.85173899975506,-0.20128545333575604],[102.84707614444858,-0.2114112700774588],[102.82854701932955,-0.21986748465061265],[102.791684836586,-0.20869902360749357],[102.76756433672483,-0.19293563755372645],[102.75757898957875,-0.17526591449420248],[102.74180441594108,-0.17698120671922898],[102.73324239162314,-0.1652005942471147],[102.716845136394,-0.16388384737819695]]]}},{"type":"Feature","properties":{"code":"1404122012","desa":"Gembira","kecamatan":"Gaung","kecCode":"140412"},"geometry":{"type":"Polygon","coordinates":[[[102.68989636402601,-0.16298726197016908],[102.72918771094419,-0.16332711936827585],[102.74180441594108,-0.17698120671922898],[102.76041114176087,-0.17687515686502625],[102.76731733522688,-0.19269319022287168],[102.7921431688722,-0.20896350432842434],[102.82854701932955,-0.21986748465061265],[102.84707614444858,-0.2114112700774588],[102.85173899975506,-0.20128545333575604],[102.87080188959561,-0.20203363621721843],[102.87064659106737,-0.18199103755264115],[102.8841414013047,-0.18165835584510806],[102.88848122462888,-0.17047719367669892],[102.89732961556939,-0.18018670884787436],[102.9093542213203,-0.17744844948771643],[102.9126692635757,-0.17056956124536574],[102.90574932127424,-0.15760899238470327],[102.91671674787965,-0.15525662761754497],[102.92817983493148,-0.1631730735958672],[102.93929362080398,-0.14292334847380886],[102.94947852841142,-0.15431335840205787],[102.96212617368406,-0.14400775549237485],[102.97170149832554,-0.15278200181695417],[102.98199987789211,-0.13263900643655283],[103.00108633356751,-0.14356349939526328],[103.01281137334627,-0.13029957841694595],[103.02464378858002,-0.1405272406823308],[103.04987415167086,-0.12210159157852739],[103.07250217533516,-0.12759713995324054],[103.07552712597612,-0.14268901572576928],[103.0756355365508,-0.14805254542294294],[102.80423162199185,-0.24456630341846627],[102.69033071319193,-0.2460331633244807],[102.68989636402601,-0.16298726197016908]]]}},{"type":"Feature","properties":{"code":"1404122013","desa":"Semambu Kuning","kecamatan":"Gaung","kecCode":"140412"},"geometry":{"type":"Polygon","coordinates":[[[103.12588488877668,-0.15382981542145802],[103.0896219027287,-0.16996256113305017],[103.08707469624028,-0.11307919802000545],[103.10322890159262,-0.12016697269310414],[103.1019594122971,-0.10172780767827719],[103.10937441429785,-0.09689612894470906],[103.12873635120171,-0.10136489346160564],[103.12588488877668,-0.15382981542145802]]]}},{"type":"Feature","properties":{"code":"1404122014","desa":"Telukmerbau","kecamatan":"Gaung","kecCode":"140412"},"geometry":{"type":"Polygon","coordinates":[[[103.25880220865507,0.04615029364953897],[103.34395413797313,-0.01772085571308198],[103.33281643193281,-0.028504310693465068],[103.30610494658605,-0.012951681660251863],[103.30116217459477,-0.016829464789096544],[103.34961287103721,-0.04549044287870888],[103.3422516143206,-0.05651720494176906],[103.29872539675972,-0.0316450796212628],[103.20655296744552,0.05895687249577284],[103.25880220865507,0.04615029364953897]]]}},{"type":"Feature","properties":{"code":"1404122015","desa":"Soren","kecamatan":"Gaung","kecCode":"140412"},"geometry":{"type":"Polygon","coordinates":[[[103.32058730775809,-0.08890586931093379],[103.32465369221421,-0.11702513627001074],[103.26256831757387,-0.09661357544799398],[103.25883612388805,-0.050652139527892166],[103.30506748237848,-0.08942793834858163],[103.32058730775809,-0.08890586931093379]]]}},{"type":"Feature","properties":{"code":"1404122016","desa":"Pintasan","kecamatan":"Gaung","kecCode":"140412"},"geometry":{"type":"Polygon","coordinates":[[[103.25775081394896,-0.11863273557951921],[103.23303064344945,-0.1304217036527369],[103.21319076544152,-0.12790901764393955],[103.23328789272209,-0.09078074533346589],[103.24004967125539,-0.1053326807407063],[103.25775081394896,-0.11863273557951921]]]}},{"type":"Feature","properties":{"code":"1404131001","desa":"Tembilahan Hulu","kecamatan":"Tembilahan Hulu","kecCode":"140413"},"geometry":{"type":"Polygon","coordinates":[[[103.1251572086383,-0.29413330847626645],[103.1559701735847,-0.3341971801818042],[103.1370000712963,-0.34335952893489097],[103.11749193970132,-0.32013924866916116],[103.09832742557028,-0.3169066184910342],[103.10495679062348,-0.30376384968197834],[103.1207481662949,-0.3009581582556392],[103.1251572086383,-0.29413330847626645]]]}},{"type":"Feature","properties":{"code":"1404131005","desa":"Tembilahan Barat","kecamatan":"Tembilahan Hulu","kecCode":"140413"},"geometry":{"type":"Polygon","coordinates":[[[103.1370000712963,-0.34335952893489097],[103.11960632497197,-0.3534718783289987],[103.11091241957256,-0.3668735241832657],[103.09794768144042,-0.3536511806617327],[103.11693752564634,-0.331476190502884],[103.09832742557028,-0.3169066184910342],[103.11749193970132,-0.32013924866916116],[103.1370000712963,-0.34335952893489097]]]}},{"type":"Feature","properties":{"code":"1404132002","desa":"Pekan Kamis","kecamatan":"Tembilahan Hulu","kecCode":"140413"},"geometry":{"type":"Polygon","coordinates":[[[103.09794768144042,-0.3536511806617327],[103.09980148904752,-0.32241241643906554],[103.11693752564634,-0.331476190502884],[103.09794768144042,-0.3536511806617327]]]}},{"type":"Feature","properties":{"code":"1404132003","desa":"Pulaupalas","kecamatan":"Tembilahan Hulu","kecCode":"140413"},"geometry":{"type":"Polygon","coordinates":[[[103.06056354567113,-0.4168466163119122],[103.03941087601116,-0.38189689859572357],[103.06104112165046,-0.37453330814656677],[103.07936670680812,-0.37862031135467045],[103.10073094108014,-0.3574571655158274],[103.11091241957256,-0.3668735241832657],[103.10824079187908,-0.3723467522841579],[103.0914790018545,-0.39555857442606984],[103.06056354567113,-0.4168466163119122]]]}},{"type":"Feature","properties":{"code":"1404132004","desa":"Sialang Panjang","kecamatan":"Tembilahan Hulu","kecCode":"140413"},"geometry":{"type":"Polygon","coordinates":[[[103.06104112165046,-0.37453330814656677],[103.02319636571974,-0.38573762515965004],[103.01924905869714,-0.3964060235756129],[103.0058405186251,-0.4039095413403068],[103.00499916058281,-0.39677238489374655],[102.99522058736027,-0.3935809211821917],[103.0066203225699,-0.3848463133760465],[103.00435778388469,-0.3603707423126575],[103.02835432389298,-0.337275530763702],[103.04606726659112,-0.33870446625905926],[103.06598102300586,-0.3587485622949156],[103.09469216621055,-0.347133370220399],[103.10073094108014,-0.3574571655158274],[103.07936670680812,-0.37862031135467045],[103.06104112165046,-0.37453330814656677]]]}},{"type":"Feature","properties":{"code":"1404132006","desa":"Sungaiintan","kecamatan":"Tembilahan Hulu","kecCode":"140413"},"geometry":{"type":"Polygon","coordinates":[[[103.15452295307188,-0.4309631863198097],[103.09667853658527,-0.44876438846366634],[103.06644032476123,-0.4662113494526353],[103.06779991623317,-0.42795763136079906],[103.06056354567113,-0.4168466163119122],[103.0914790018545,-0.39555857442606984],[103.11091241957256,-0.3668735241832657],[103.1246861050797,-0.3758362351336207],[103.15452295307188,-0.4309631863198097]]]}},{"type":"Feature","properties":{"code":"1404141001","desa":"Selensen","kecamatan":"Kemuning","kecCode":"140414"},"geometry":{"type":"Polygon","coordinates":[[[102.77867496597695,-0.9458234419409388],[102.80470802975186,-0.9650242760707413],[102.78579081479434,-0.9792220899329338],[102.78528108175657,-0.9909543584492007],[102.76945717940538,-1.0106341697015384],[102.78159205193174,-1.0233742454812405],[102.78086554181134,-1.0322409439107005],[102.75317419922997,-1.0238240917640788],[102.75103942093261,-1.0439550722020563],[102.7316666768757,-1.0497222572032034],[102.72901206795261,-1.0801790402233673],[102.71491100403966,-1.0743041991788593],[102.71019920223148,-1.0817815340815804],[102.70469250765319,-1.0750000064437513],[102.69131156597602,-1.0854865952171209],[102.68157727986762,-1.0813968337883157],[102.68319264932137,-1.0959235701919305],[102.67240250157425,-1.0973084344104738],[102.65961236771666,-1.1154048156333745],[102.64825768584359,-1.117123647589956],[102.65887291994937,-1.1116996996391468],[102.66855946194964,-1.088483744213007],[102.67577929577794,-1.0902690657463772],[102.67855369169956,-1.0809037166252613],[102.67256819356732,-1.0724101900797036],[102.67840146705413,-1.0631742695886444],[102.67936471381056,-1.031840728513539],[102.68734446127792,-1.0267475287279035],[102.69187958857218,-1.0309176571719516],[102.69497275638763,-1.0106846189702983],[102.6984101154345,-1.0155319144312456],[102.7188908413393,-1.0028500715526454],[102.73054544171883,-1.0064192640128695],[102.725041446006,-0.9904893891668292],[102.73809376281694,-0.9768245333336601],[102.72407741683935,-0.9728644667342912],[102.72359789382779,-0.9611347963593834],[102.7412311179218,-0.9606556105940913],[102.7394130412789,-0.9486782183646234],[102.7597761556451,-0.9583158938921265],[102.75866732034063,-0.9670587853536755],[102.76168009955698,-0.9693547743197981],[102.7613644635992,-0.9627607652209224],[102.77452422601226,-0.9650259775880563],[102.77867496597695,-0.9458234419409388]]]}},{"type":"Feature","properties":{"code":"1404142002","desa":"Batu Ampar","kecamatan":"Kemuning","kecCode":"140414"},"geometry":{"type":"Polygon","coordinates":[[[102.60666664564923,-1.0977777582101913],[102.60136568537813,-1.0425184340133928],[102.579429868094,-1.016547818290981],[102.71463238057997,-0.8938622698285247],[102.72589684156605,-0.911032829582955],[102.73002517222396,-0.9082477668055599],[102.75141363333255,-0.9346389037175767],[102.77536721992135,-0.9504267225527117],[102.77458082574456,-0.964939962830364],[102.7613644635992,-0.9627607652209224],[102.7604648267904,-0.9693765657923435],[102.7597761556451,-0.9583158938921265],[102.73929131444265,-0.9486650846653736],[102.7412311179218,-0.9606556105940913],[102.72359789382779,-0.9611347963593834],[102.72407741683935,-0.9728644667342912],[102.73809376281694,-0.9768245333336601],[102.725041446006,-0.9904893891668292],[102.73054544171883,-1.0064192640128695],[102.7188908413393,-1.0028500715526454],[102.6984101154345,-1.0155319144312456],[102.69519840438288,-1.0104878967695752],[102.69187958857218,-1.0309176571719516],[102.68734446127792,-1.0267475287279035],[102.6795417606438,-1.0315131648477556],[102.67840146705413,-1.0631742695886444],[102.67256248736895,-1.0725344835808952],[102.67722470235815,-1.086552569731021],[102.66855946194964,-1.088483744213007],[102.65887291994937,-1.1116996996391468],[102.64358137937722,-1.1191666437750212],[102.64388868401562,-1.1269430823980893],[102.63211420130936,-1.1241942551045658],[102.63021845202002,-1.1074672283923463],[102.61372970785982,-1.0959968919182503],[102.60666664564923,-1.0977777582101913]]]}},{"type":"Feature","properties":{"code":"1404142003","desa":"Keritang","kecamatan":"Kemuning","kecCode":"140414"},"geometry":{"type":"Polygon","coordinates":[[[102.579429868094,-1.016547818290981],[102.56426801335816,-0.9369273167948686],[102.56587987635527,-0.905367384884747],[102.57449382842746,-0.8821374234170877],[102.63809139420253,-0.8101746176585206],[102.67430557224439,-0.7835812232186572],[102.7029601876626,-0.776677666572548],[102.75277509359573,-0.8214004239719278],[102.70607780084985,-0.8514245548473774],[102.70531392479785,-0.878160264302937],[102.71467007566355,-0.8938212175758274],[102.579429868094,-1.016547818290981]]]}},{"type":"Feature","properties":{"code":"1404142004","desa":"Air Balui","kecamatan":"Kemuning","kecCode":"140414"},"geometry":{"type":"Polygon","coordinates":[[[102.77867496597695,-0.9458234419409388],[102.76784571840521,-0.9480511264984575],[102.71619167460614,-0.8960639657775653],[102.72809172335438,-0.894570610045456],[102.73985504637335,-0.9022632417465122],[102.77212493641673,-0.8935782998995868],[102.78922912442458,-0.9134628328223059],[102.76840737290199,-0.9260325635167729],[102.7671692159866,-0.9394866092693166],[102.77867496597695,-0.9458234419409388]]]}},{"type":"Feature","properties":{"code":"1404142005","desa":"Tuk Jimun","kecamatan":"Kemuning","kecCode":"140414"},"geometry":{"type":"Polygon","coordinates":[[[102.80470802975186,-0.9650242760707413],[102.7671692159866,-0.9394866092693166],[102.76977481995202,-0.92301334425857],[102.79012057020823,-0.9127802410947822],[102.8183161113995,-0.9373512248313007],[102.82879523131491,-0.938096196233812],[102.83481105908317,-0.9465263340649545],[102.80470802975186,-0.9650242760707413]]]}},{"type":"Feature","properties":{"code":"1404142006","desa":"Kemuning Tua","kecamatan":"Kemuning","kecCode":"140414"},"geometry":{"type":"Polygon","coordinates":[[[102.78922912442458,-0.9134628328223059],[102.76814842211205,-0.8890666952777921],[102.78523636656513,-0.8693893166915642],[102.81009827021904,-0.8887183141053084],[102.78922912442458,-0.9134628328223059]]]}},{"type":"Feature","properties":{"code":"1404142007","desa":"Kemuning Muda","kecamatan":"Kemuning","kecCode":"140414"},"geometry":{"type":"Polygon","coordinates":[[[102.83481105908317,-0.9465263340649545],[102.79012057020823,-0.9127802410947822],[102.81966965133341,-0.870119276610486],[102.8752524860135,-0.9133827284090668],[102.83481105908317,-0.9465263340649545]]]}},{"type":"Feature","properties":{"code":"1404142008","desa":"Limau Manis","kecamatan":"Kemuning","kecCode":"140414"},"geometry":{"type":"Polygon","coordinates":[[[102.8093536756317,-0.8875309598936115],[102.78226750124422,-0.8610303476097445],[102.80043079564477,-0.8352993184747867],[102.82921707181048,-0.8556154657244942],[102.8093536756317,-0.8875309598936115]]]}},{"type":"Feature","properties":{"code":"1404142009","desa":"Lubuk Besar","kecamatan":"Kemuning","kecCode":"140414"},"geometry":{"type":"Polygon","coordinates":[[[102.88225869308428,-0.8296876217586289],[102.91717470964515,-0.875880859734588],[102.8752524860135,-0.9133827284090668],[102.81966965133341,-0.870119276610486],[102.84493004368665,-0.8372229827182953],[102.88225869308428,-0.8296876217586289]]]}},{"type":"Feature","properties":{"code":"1404142010","desa":"Sekara","kecamatan":"Kemuning","kecCode":"140414"},"geometry":{"type":"Polygon","coordinates":[[[102.80085265232809,-0.7838479405534914],[102.82312023041436,-0.7964732835245656],[102.7832158624222,-0.8585845819528943],[102.78521908878996,-0.8695146498090425],[102.76814842211205,-0.8890666952777921],[102.77228091842971,-0.8938327046163385],[102.73985504637335,-0.9022632417465122],[102.72809172335438,-0.894570610045456],[102.71619167460614,-0.8960639657775653],[102.70531392479785,-0.878160264302937],[102.70607780084985,-0.8514245548473774],[102.72269213443451,-0.836528942621227],[102.75277509359573,-0.8214004239719278],[102.77079875655744,-0.820402737678864],[102.7775835514398,-0.81080227070161],[102.79529839440545,-0.8055374245117578],[102.7937804673947,-0.7905926058800374],[102.80017306973144,-0.7902501872126989],[102.80085265232809,-0.7838479405534914]]]}},{"type":"Feature","properties":{"code":"1404142011","desa":"Talang Jangkang","kecamatan":"Kemuning","kecCode":"140414"},"geometry":{"type":"Polygon","coordinates":[[[102.82312023041436,-0.7964732835245656],[102.88225869308428,-0.8296876217586289],[102.84493004368665,-0.8372229827182953],[102.82921707181048,-0.8556154657244942],[102.80043079564477,-0.8352993184747867],[102.82312023041436,-0.7964732835245656]]]}},{"type":"Feature","properties":{"code":"1404142012","desa":"Sekayan","kecamatan":"Kemuning","kecCode":"140414"},"geometry":{"type":"Polygon","coordinates":[[[102.73739795105466,-0.747870440731901],[102.80085265232809,-0.7838479405534914],[102.80017306973144,-0.7902501872126989],[102.7937804673947,-0.7905926058800374],[102.79678702869847,-0.8033628494176532],[102.76385965330041,-0.8226334835285937],[102.75353874121998,-0.8220088737913648],[102.7029601876626,-0.776677666572548],[102.73739795105466,-0.747870440731901]]]}},{"type":"Feature","properties":{"code":"1404151002","desa":"Pelangiran","kecamatan":"Pelangiran","kecCode":"140415"},"geometry":{"type":"Polygon","coordinates":[[[103.48951532057566,0.21768280407464796],[103.5318406158518,0.1910642960666462],[103.50868855363392,0.1473380018824662],[103.49455825455986,0.13295236640988506],[103.45446370693458,0.1743309282347238],[103.48951532057566,0.21768280407464796]]]}},{"type":"Feature","properties":{"code":"1404152001","desa":"Rotan Semelur","kecamatan":"Pelangiran","kecCode":"140415"},"geometry":{"type":"Polygon","coordinates":[[[103.63427354798591,0.09668671031528629],[103.6078970636986,0.09343592192573137],[103.60186255341415,0.14171200684508906],[103.49455825455986,0.13295236640988506],[103.50868855363392,0.1473380018824662],[103.5318406158518,0.1910642960666462],[103.51846146202689,0.1998262270752103],[103.52232791100437,0.20756580068895827],[103.55046503673212,0.22255640470533253],[103.543938185399,0.24163544544914337],[103.55277035256978,0.25260589916034976],[103.5856347025795,0.26739253783624284],[103.61776290443453,0.2699404080214546],[103.62190852455882,0.26340580813684455],[103.60856716294425,0.2620005338044953],[103.61600986226539,0.18359296323928095],[103.62436177077917,0.18449715601251016],[103.63427354798591,0.09668671031528629]]]}},{"type":"Feature","properties":{"code":"1404152003","desa":"Simpang Kateman","kecamatan":"Pelangiran","kecCode":"140415"},"geometry":{"type":"Polygon","coordinates":[[[103.41971476372544,0.11584099643526294],[103.37227116857962,0.1068771055743905],[103.30961596820241,0.12188704321616946],[103.31488968441145,0.1653883270246868],[103.34090003760672,0.16836758220978057],[103.34508788899494,0.1580883132482022],[103.38489766539499,0.1600907590022227],[103.38702773034554,0.15421178107635083],[103.41958879838437,0.16334118676359122],[103.41971476372544,0.11584099643526294]]]}},{"type":"Feature","properties":{"code":"1404152004","desa":"Tanjungsimpang","kecamatan":"Pelangiran","kecCode":"140415"},"geometry":{"type":"Polygon","coordinates":[[[103.31553037222898,0.1584250706832661],[103.30182533557087,0.09865946944860667],[103.20557838743268,0.13465595126048335],[103.17054153256572,0.05982297088650427],[103.13306259476298,0.04812576154088063],[103.09619610336756,0.0481252831015413],[102.962773062327,0.07884735893027121],[102.86051243759896,0.11703051081848753],[102.83267733029464,0.1440787688589531],[103.07355933289692,0.3133704169606227],[103.10417394697015,0.32221673495393993],[103.19834429755133,0.2389694151390645],[103.2185989815578,0.21331347849563323],[103.23255221041627,0.21196316533068751],[103.24020398142864,0.19260868922415633],[103.24695554276416,0.19575941634501254],[103.2564077304325,0.18540702170930554],[103.27171126975934,0.18090598322219492],[103.30306919778529,0.19359841921513393],[103.30723557606102,0.17722024222210478],[103.313609938348,0.1792971176672904],[103.31553037222898,0.1584250706832661]]]}},{"type":"Feature","properties":{"code":"1404152005","desa":"Baung Rejo Jaya","kecamatan":"Pelangiran","kecCode":"140415"},"geometry":{"type":"Polygon","coordinates":[[[103.4989792623831,0.22452229032031268],[103.4492986027484,0.20180262846281757],[103.4355847392444,0.2354852256991969],[103.46137225032913,0.2444435866287462],[103.4672145835862,0.23566627451528144],[103.46535682705598,0.21865272469890773],[103.47562217722174,0.21716880735160687],[103.49803604442798,0.23507265631507349],[103.4989792623831,0.22452229032031268]]]}},{"type":"Feature","properties":{"code":"1404152006","desa":"Tagagiri Tama Jaya","kecamatan":"Pelangiran","kecCode":"140415"},"geometry":{"type":"Polygon","coordinates":[[[103.43227153790122,0.24358812631846902],[103.44177096425864,0.2180750901493322],[103.4194813905538,0.21013012666895872],[103.42085012543299,0.2061116158278493],[103.39643685487704,0.20225688861823823],[103.39193967267784,0.215177362104878],[103.39972051079297,0.21774717934528212],[103.38986954124641,0.23352300662018158],[103.39408118779664,0.23009658333325184],[103.43227153790122,0.24358812631846902]]]}},{"type":"Feature","properties":{"code":"1404152007","desa":"Pinang Jaya","kecamatan":"Pelangiran","kecCode":"140415"},"geometry":{"type":"Polygon","coordinates":[[[103.37911908957437,0.18212186572779898],[103.37304594891145,0.17986389020513252],[103.3668982850279,0.19704102310434685],[103.35231853267418,0.19190904635072092],[103.34512148586794,0.21292548398570818],[103.35611868093241,0.22162378616084444],[103.35627728267052,0.2309521461662526],[103.36120525721691,0.23262838892876408],[103.37911908957437,0.18212186572779898]]]}},{"type":"Feature","properties":{"code":"1404152008","desa":"Wonosari","kecamatan":"Pelangiran","kecCode":"140415"},"geometry":{"type":"Polygon","coordinates":[[[103.48609849035311,0.21489714594610887],[103.45977863637502,0.17669761920208146],[103.4157395372499,0.16179041741285397],[103.40350544342152,0.20006725797376956],[103.44177096425864,0.2180750901493322],[103.4492986027484,0.20180262846281757],[103.48609849035311,0.21489714594610887]]]}},{"type":"Feature","properties":{"code":"1404152009","desa":"Tegal Rejo","kecamatan":"Pelangiran","kecCode":"140415"},"geometry":{"type":"Polygon","coordinates":[[[103.41559088830888,0.16225397386029597],[103.38702773034554,0.15421178107635083],[103.37304594891145,0.17986389020513252],[103.40630677763572,0.19130236819570556],[103.41559088830888,0.16225397386029597]]]}},{"type":"Feature","properties":{"code":"1404152010","desa":"Intan Mulia Jaya","kecamatan":"Pelangiran","kecCode":"140415"},"geometry":{"type":"Polygon","coordinates":[[[103.35231853267418,0.19190904635072092],[103.30723557606102,0.17722024222210478],[103.30306919778529,0.19359841921513393],[103.31759686320477,0.19884875934036683],[103.30962949220736,0.22361963718631453],[103.31889962561729,0.22724096694282792],[103.32135843594314,0.218465262817235],[103.3410967274321,0.23301039575247723],[103.35231853267418,0.19190904635072092]]]}},{"type":"Feature","properties":{"code":"1404152011","desa":"Saka Palas Jaya","kecamatan":"Pelangiran","kecCode":"140415"},"geometry":{"type":"Polygon","coordinates":[[[103.31759686320477,0.19884875934036683],[103.28245357357359,0.18623904298912516],[103.29272641958862,0.21715212762568023],[103.30962949220736,0.22361963718631453],[103.31759686320477,0.19884875934036683]]]}},{"type":"Feature","properties":{"code":"1404152012","desa":"Catur Karya","kecamatan":"Pelangiran","kecCode":"140415"},"geometry":{"type":"Polygon","coordinates":[[[103.54812135221869,0.2696822980978922],[103.55249223542835,0.2512153071596623],[103.54674445059595,0.24222280256926648],[103.51006715497527,0.22821093073460944],[103.51188850425115,0.23785209653094588],[103.50522422841543,0.24693489035665317],[103.51227971473713,0.25804155988140376],[103.50972905934866,0.2702518189639559],[103.54812135221869,0.2696822980978922]]]}},{"type":"Feature","properties":{"code":"1404152013","desa":"Bagan Jaya","kecamatan":"Pelangiran","kecCode":"140415"},"geometry":{"type":"Polygon","coordinates":[[[103.38489766539499,0.1600907590022227],[103.3726648099331,0.15580238589708933],[103.35993572565324,0.16160991268651856],[103.34508788899494,0.1580883132482022],[103.34090003760672,0.16836758220978057],[103.31488968441145,0.1653883270246868],[103.313609938348,0.1792971176672904],[103.3668982850279,0.19704102310434685],[103.38489766539499,0.1600907590022227]]]}},{"type":"Feature","properties":{"code":"1404152014","desa":"Telukbunian","kecamatan":"Pelangiran","kecCode":"140415"},"geometry":{"type":"Polygon","coordinates":[[[103.45446370693458,0.1743309282347238],[103.50088309837635,0.12498305828167393],[103.49181735208919,0.12040259526889924],[103.44732143063958,0.1158816188120233],[103.43945738455074,0.1689495838672151],[103.45446370693458,0.1743309282347238]]]}},{"type":"Feature","properties":{"code":"1404152015","desa":"Terusan Beringin Jaya","kecamatan":"Pelangiran","kecCode":"140415"},"geometry":{"type":"Polygon","coordinates":[[[103.44732143063958,0.1158816188120233],[103.42007660235338,0.11189602225848144],[103.41958879838437,0.16334118676359122],[103.43945738455074,0.1689495838672151],[103.44732143063958,0.1158816188120233]]]}},{"type":"Feature","properties":{"code":"1404152016","desa":"Hidayah","kecamatan":"Pelangiran","kecCode":"140415"},"geometry":{"type":"Polygon","coordinates":[[[103.51846146202689,0.1998262270752103],[103.48951532057566,0.21768280407464796],[103.4989792623831,0.22452229032031268],[103.4981234045715,0.23664517397084278],[103.50310354699116,0.23857297059921717],[103.50374614586798,0.23027273534083134],[103.51135023392624,0.22813073908710968],[103.543938185399,0.24163544544914337],[103.55046503673212,0.22255640470533253],[103.52232791100437,0.20756580068895827],[103.51846146202689,0.1998262270752103]]]}},{"type":"Feature","properties":{"code":"1404162001","desa":"Hibrida Mulia","kecamatan":"Teluk Belengkong","kecCode":"140416"},"geometry":{"type":"Polygon","coordinates":[[[103.30183073240244,0.32486513585393306],[103.32858777200812,0.30144439850294386],[103.30769610359238,0.27735235591619684],[103.28074156926805,0.3008551860814251],[103.30183073240244,0.32486513585393306]]]}},{"type":"Feature","properties":{"code":"1404162002","desa":"Indra Sari Jaya","kecamatan":"Teluk Belengkong","kecCode":"140416"},"geometry":{"type":"Polygon","coordinates":[[[103.42870646972784,0.24232869414280553],[103.39408118779664,0.23009658333325184],[103.38821497394194,0.23982293651099912],[103.3780631092252,0.23624269677876905],[103.37349705244708,0.2559217121310155],[103.4056729003841,0.2723159788946531],[103.41025964066995,0.25959503439294584],[103.41791257000914,0.2623185097979558],[103.41936036159149,0.24858656813755464],[103.42525032474275,0.25073801087004427],[103.42870646972784,0.24232869414280553]]]}},{"type":"Feature","properties":{"code":"1404162003","desa":"Tunggal Rahayu Jaya","kecamatan":"Teluk Belengkong","kecCode":"140416"},"geometry":{"type":"Polygon","coordinates":[[[103.46809285340252,0.24963500587154042],[103.4355847392444,0.2354852256991969],[103.42525032474275,0.25073801087004427],[103.4642807900265,0.26028769762796117],[103.46809285340252,0.24963500587154042]]]}},{"type":"Feature","properties":{"code":"1404162004","desa":"Griya Mukti Jaya","kecamatan":"Teluk Belengkong","kecCode":"140416"},"geometry":{"type":"Polygon","coordinates":[[[103.46527795021728,0.26509674402295086],[103.50972905934866,0.2702518189639559],[103.51227971473713,0.25804155988140376],[103.50522422841543,0.24693489035665317],[103.51188850425115,0.23785209653094588],[103.51006715497527,0.22821093073460944],[103.50374614586798,0.23027273534083134],[103.50310354699116,0.23857297059921717],[103.47562217722174,0.21716880735160687],[103.46535682705598,0.21865272469890773],[103.4672145835862,0.23566627451528144],[103.4603477075807,0.24688672806387432],[103.46809285340252,0.24963500587154042],[103.46527795021728,0.26509674402295086]]]}},{"type":"Feature","properties":{"code":"1404162005","desa":"Beringin Mulia","kecamatan":"Teluk Belengkong","kecCode":"140416"},"geometry":{"type":"Polygon","coordinates":[[[103.38821497394194,0.23982293651099912],[103.39972051079297,0.21774717934528212],[103.39193967267784,0.215177362104878],[103.39643685487704,0.20225688861823823],[103.40064850142726,0.20361318317408542],[103.40630677763572,0.19130236819570556],[103.37911908957437,0.18212186572779898],[103.36120525721691,0.23262838892876408],[103.38821497394194,0.23982293651099912]]]}},{"type":"Feature","properties":{"code":"1404162006","desa":"Hibrida Jaya","kecamatan":"Teluk Belengkong","kecCode":"140416"},"geometry":{"type":"Polygon","coordinates":[[[103.24804433757618,0.3174607305730935],[103.26823139796073,0.2998572111059594],[103.23928056744425,0.2661388361406345],[103.22240494033575,0.28076959802442725],[103.24804433757618,0.3174607305730935]]]}},{"type":"Feature","properties":{"code":"1404162007","desa":"Sumber Jaya","kecamatan":"Teluk Belengkong","kecCode":"140416"},"geometry":{"type":"Polygon","coordinates":[[[103.30183073240244,0.32486513585393306],[103.28074156926805,0.3008551860814251],[103.26823139796073,0.2998572111059594],[103.25478958477157,0.3115889040561119],[103.27248996933668,0.3322800137399278],[103.26256761790133,0.341038809711768],[103.2723248502117,0.35240077068476555],[103.30183073240244,0.32486513585393306]]]}},{"type":"Feature","properties":{"code":"1404162008","desa":"Sumber Makmur Jaya","kecamatan":"Teluk Belengkong","kecCode":"140416"},"geometry":{"type":"Polygon","coordinates":[[[103.25478958477157,0.3115889040561119],[103.24804433757618,0.3174607305730935],[103.25408341102064,0.324482520189173],[103.23718685758745,0.33922209194651914],[103.25806490936814,0.36370529195878687],[103.2713449722927,0.3512496501583044],[103.26256761790133,0.341038809711768],[103.27248996933668,0.3322800137399278],[103.25478958477157,0.3115889040561119]]]}},{"type":"Feature","properties":{"code":"1404162009","desa":"Sumber Sari Jaya","kecamatan":"Teluk Belengkong","kecCode":"140416"},"geometry":{"type":"Polygon","coordinates":[[[103.25408341102064,0.324482520189173],[103.22240494033575,0.28076959802442725],[103.20548398559752,0.2954396135167959],[103.2378637224329,0.32623118985255783],[103.19596770594494,0.36258160884860774],[103.21136997014803,0.36876055654193884],[103.22953290841707,0.38893225378542257],[103.25806490936814,0.36370529195878687],[103.23718685758745,0.33922209194651914],[103.25408341102064,0.324482520189173]]]}},{"type":"Feature","properties":{"code":"1404162010","desa":"Kelapa Patih Jaya","kecamatan":"Teluk Belengkong","kecCode":"140416"},"geometry":{"type":"Polygon","coordinates":[[[103.19596770594494,0.36258160884860774],[103.21074037906533,0.3497057228495978],[103.18719992483669,0.3222636957524177],[103.16316767544792,0.34332007317878743],[103.17399359822603,0.3558141735872076],[103.19596770594494,0.36258160884860774]]]}},{"type":"Feature","properties":{"code":"1404162011","desa":"Sapta Mulia Jaya","kecamatan":"Teluk Belengkong","kecCode":"140416"},"geometry":{"type":"Polygon","coordinates":[[[103.21074037906533,0.3497057228495978],[103.2378637224329,0.32623118985255783],[103.21111013622385,0.3019939598155778],[103.18719992483669,0.3222636957524177],[103.21074037906533,0.3497057228495978]]]}},{"type":"Feature","properties":{"code":"1404162012","desa":"Saka Rotan","kecamatan":"Teluk Belengkong","kecCode":"140416"},"geometry":{"type":"Polygon","coordinates":[[[103.48244553323485,0.35185631302481857],[103.48027588822174,0.3317762746841846],[103.50575753628135,0.3294360750463191],[103.50436298456412,0.2932088550765383],[103.47035210056907,0.3057683146139451],[103.43281307906038,0.29142219175474915],[103.3974259742294,0.3017035795190983],[103.36610360539714,0.2916612936075161],[103.35821323795061,0.29453051853907847],[103.34338890957058,0.25603508786258894],[103.30919731670288,0.24025435208792137],[103.3012813365645,0.24030881143364677],[103.29221676299328,0.25392585211233343],[103.26035503475707,0.2478695836370903],[103.23928056744425,0.2661388361406345],[103.26823139796073,0.2998572111059594],[103.28074156926805,0.3008551860814251],[103.30769610359238,0.27735235591619684],[103.34702354030416,0.32250278321608816],[103.40129595304585,0.33294623870549667],[103.42688052041972,0.3520383340080694],[103.48244553323485,0.35185631302481857]]]}},{"type":"Feature","properties":{"code":"1404162013","desa":"Gembaran","kecamatan":"Teluk Belengkong","kecCode":"140416"},"geometry":{"type":"Polygon","coordinates":[[[103.49490039173975,0.29433154983188625],[103.48737065603102,0.2848179159953955],[103.49437372536721,0.2712202682973366],[103.46527795021728,0.26509674402295086],[103.46677197774466,0.2611927312673245],[103.43389707059339,0.24924948809452413],[103.43230971682003,0.25331661628544855],[103.41936036159149,0.24858656813755464],[103.41791257000914,0.2623185097979558],[103.41025964066995,0.25959503439294584],[103.4056729003841,0.2723159788946531],[103.3900688076294,0.2666292850151868],[103.37349705244708,0.2559217121310155],[103.37732320909889,0.23832223061983532],[103.35627728267052,0.2309521461662526],[103.35014828781327,0.21460108373299483],[103.34512148586794,0.21292548398570818],[103.3410967274321,0.23301039575247723],[103.32135843594314,0.218465262817235],[103.31889962561729,0.22724096694282792],[103.29272641958862,0.21715212762568023],[103.2826385812056,0.18694900288505886],[103.26450960403508,0.18090598322219492],[103.24695554276416,0.19575941634501254],[103.24020398142864,0.19260868922415633],[103.23255221041627,0.21196316533068751],[103.2185989815578,0.21331347849563323],[103.19834429755133,0.2389694151390645],[103.10417394697015,0.32221673495393993],[103.17399359822603,0.3558141735872076],[103.16316767544792,0.34332007317878743],[103.21111013622385,0.3019939598155778],[103.20548398559752,0.2954396135167959],[103.26035503475707,0.2478695836370903],[103.29221676299328,0.25392585211233343],[103.30321282221404,0.24006330011262336],[103.34338890957058,0.25603508786258894],[103.35821323795061,0.29453051853907847],[103.36610360539714,0.2916612936075161],[103.3974259742294,0.3017035795190983],[103.43281307906038,0.29142219175474915],[103.47035210056907,0.3057683146139451],[103.49043667331385,0.3009862739606402],[103.49490039173975,0.29433154983188625]]]}},{"type":"Feature","properties":{"code":"1404172001","desa":"Pulauburung","kecamatan":"Pulau Burung","kecCode":"140417"},"geometry":{"type":"Polygon","coordinates":[[[103.56505924029175,0.3837805477047914],[103.49149786703299,0.3488255806457814],[103.43504720276627,0.3588557679778664],[103.4358263933734,0.3683661174902201],[103.4497367227716,0.36534658167072775],[103.4532672488845,0.3814531526141942],[103.48691006644644,0.41426577897908634],[103.49620574330048,0.4100701115876429],[103.53118057642251,0.4402790153717656],[103.5893326635716,0.38827456248671266],[103.5787079020481,0.381789722990238],[103.56505924029175,0.3837805477047914]]]}},{"type":"Feature","properties":{"code":"1404172001","desa":"Pulauburung","kecamatan":"Pulau Burung","kecCode":"140417"},"geometry":{"type":"Polygon","coordinates":[[[103.56763346421309,0.4400072888131308],[103.58981328105811,0.4159738046820058],[103.58822476086408,0.4076936998483285],[103.56087651234121,0.42241663144988967],[103.53895573711765,0.44664068282165237],[103.54703326157583,0.4491688335724004],[103.56763346421309,0.4400072888131308]]]}},{"type":"Feature","properties":{"code":"1404172002","desa":"Teluknibung","kecamatan":"Pulau Burung","kecCode":"140417"},"geometry":{"type":"Polygon","coordinates":[[[103.5308091330351,0.4399938835187156],[103.49620574330048,0.4100701115876429],[103.48691006644644,0.41426577897908634],[103.4532672488845,0.3814531526141942],[103.4497367227716,0.36534658167072775],[103.4358263933734,0.3683661174902201],[103.43761681856137,0.38987208669131646],[103.41899674500382,0.40613887545440636],[103.45310385825648,0.4451262640678933],[103.45887690774315,0.44015176310102283],[103.47859982172446,0.4688628873878692],[103.48794482909061,0.4599785532531047],[103.50070768561125,0.4519837151707272],[103.5308091330351,0.4399938835187156]]]}},{"type":"Feature","properties":{"code":"1404172002","desa":"Teluknibung","kecamatan":"Pulau Burung","kecCode":"140417"},"geometry":{"type":"Polygon","coordinates":[[[103.48860578313041,0.460093560354886],[103.48837415014695,0.460705685703473],[103.4888115866854,0.46055112372023344],[103.48860578313041,0.460093560354886]]]}},{"type":"Feature","properties":{"code":"1404172002","desa":"Teluknibung","kecamatan":"Pulau Burung","kecCode":"140417"},"geometry":{"type":"Polygon","coordinates":[[[103.48792506918663,0.46043494390248907],[103.48767106376863,0.46090744590633687],[103.48808811177702,0.4613081343469229],[103.48792506918663,0.46043494390248907]]]}},{"type":"Feature","properties":{"code":"1404172003","desa":"Sungaidanai","kecamatan":"Pulau Burung","kecCode":"140417"},"geometry":{"type":"Polygon","coordinates":[[[103.47859982172446,0.4688628873878692],[103.45887690774315,0.44015176310102283],[103.43231531060313,0.468181010621428],[103.40361187278977,0.48608883368901706],[103.39176968822062,0.4846655360435328],[103.37364494056162,0.5041489425557494],[103.3510290388591,0.49169591418512637],[103.3473602033108,0.5384974544916377],[103.41248127459117,0.5220486087723316],[103.47859982172446,0.4688628873878692]]]}},{"type":"Feature","properties":{"code":"1404172004","desa":"Mayang Sari Jaya","kecamatan":"Pulau Burung","kecCode":"140417"},"geometry":{"type":"Polygon","coordinates":[[[103.42219966608177,0.34862283748400696],[103.40129595304585,0.33294623870549667],[103.3789846778007,0.33055410232020743],[103.3692943964193,0.34112737134947657],[103.38033489743763,0.36073313782051336],[103.4059672448925,0.3630491465947283],[103.42219966608177,0.34862283748400696]]]}},{"type":"Feature","properties":{"code":"1404172005","desa":"Bukit Sari Intan Jaya","kecamatan":"Pulau Burung","kecCode":"140417"},"geometry":{"type":"Polygon","coordinates":[[[103.4059672448925,0.3630491465947283],[103.38033489743763,0.36073313782051336],[103.3692943964193,0.34112737134947657],[103.34893242958798,0.35887702615235734],[103.3489133954369,0.36584289772228895],[103.37255287401598,0.39273983673476215],[103.4059672448925,0.3630491465947283]]]}},{"type":"Feature","properties":{"code":"1404172006","desa":"Manunggal Jaya","kecamatan":"Pulau Burung","kecCode":"140417"},"geometry":{"type":"Polygon","coordinates":[[[103.47348093639617,0.350073108495552],[103.4379257230937,0.3541093072026333],[103.42219966608177,0.34862283748400696],[103.38097181529707,0.3888768402589623],[103.4031302372707,0.4208227162246149],[103.43761681856137,0.38987208669131646],[103.43504720276627,0.3588557679778664],[103.47348093639617,0.350073108495552]]]}},{"type":"Feature","properties":{"code":"1404172007","desa":"Bangun Harjo Jaya","kecamatan":"Pulau Burung","kecCode":"140417"},"geometry":{"type":"Polygon","coordinates":[[[103.30236872933345,0.32591041696760165],[103.28881143060312,0.3378637730167592],[103.3165642265579,0.3694885928109658],[103.32330374956842,0.36352424404193096],[103.33710991139337,0.3794114244732492],[103.34057202787682,0.37649658502819117],[103.35356377804595,0.3913805681208874],[103.34685856327212,0.3972990226872691],[103.35215048355802,0.4034532606081699],[103.36920187236858,0.39571839224734734],[103.38556317360167,0.41437399709874706],[103.4031302372707,0.4208227162246149],[103.38257769420528,0.383831479909483],[103.37255287401598,0.39273983673476215],[103.35169736464171,0.3689837871592852],[103.34480882486741,0.3745874169566691],[103.33552873686175,0.3707853234691292],[103.30236872933345,0.32591041696760165]]]}},{"type":"Feature","properties":{"code":"1404172008","desa":"Ringin Jaya","kecamatan":"Pulau Burung","kecCode":"140417"},"geometry":{"type":"Polygon","coordinates":[[[103.32858777200812,0.30144439850294386],[103.31618247693984,0.31441813163972154],[103.32863776442133,0.33564768431770015],[103.34412646966092,0.33945006199103817],[103.35573586022184,0.3528419070336634],[103.37773077555487,0.3337962518221537],[103.34702354030416,0.32250278321608816],[103.32858777200812,0.30144439850294386]]]}},{"type":"Feature","properties":{"code":"1404172009","desa":"Sri Damai","kecamatan":"Pulau Burung","kecCode":"140417"},"geometry":{"type":"Polygon","coordinates":[[[103.45310385825648,0.4451262640678933],[103.41899674500382,0.40613887545440636],[103.39978878102748,0.42384097860416164],[103.36920187236858,0.39571839224734734],[103.35916375660213,0.40459325112505845],[103.34685856327212,0.3972990226872691],[103.3427676300222,0.40618219669664773],[103.35191730733793,0.4168355845283514],[103.34793646999213,0.4259941309478714],[103.35706090963333,0.4362672548419101],[103.35016157259855,0.4421508256055444],[103.34652099824552,0.4378677953726426],[103.31860347886749,0.46605212108720484],[103.37364494056162,0.5041489425557494],[103.39176968822062,0.4846655360435328],[103.40361187278977,0.48608883368901706],[103.43231531060313,0.468181010621428],[103.45310385825648,0.4451262640678933]]]}},{"type":"Feature","properties":{"code":"1404172010","desa":"Sapta Jaya","kecamatan":"Pulau Burung","kecCode":"140417"},"geometry":{"type":"Polygon","coordinates":[[[103.3185500807217,0.310230502388743],[103.30162945603462,0.32503130178953643],[103.32986548830172,0.35762318686052064],[103.32653629521394,0.3606866338775525],[103.34480882486741,0.3745874169566691],[103.35573586022184,0.3528419070336634],[103.34412646966092,0.33945006199103817],[103.32863776442133,0.33564768431770015],[103.3185500807217,0.310230502388743]]]}},{"type":"Feature","properties":{"code":"1404172011","desa":"Keramat Jaya","kecamatan":"Pulau Burung","kecCode":"140417"},"geometry":{"type":"Polygon","coordinates":[[[103.3346358890351,0.39694323649714064],[103.35356377804595,0.3913805681208874],[103.32330374956842,0.36352424404193096],[103.30653330356914,0.37838383752083],[103.3154834087324,0.388805876555023],[103.30921352878141,0.3945915354296424],[103.31432461069225,0.4076000489471463],[103.3346358890351,0.39694323649714064]]]}},{"type":"Feature","properties":{"code":"1404172012","desa":"Binagun Jaya","kecamatan":"Pulau Burung","kecCode":"140417"},"geometry":{"type":"Polygon","coordinates":[[[103.31742855868112,0.4111388308324824],[103.30921352878141,0.3945915354296424],[103.3154834087324,0.388805876555023],[103.29613386988221,0.36650913617767217],[103.26899635229988,0.38869229847600684],[103.28007692980651,0.4017737515080047],[103.25566105121658,0.42329334094146265],[103.28874287258554,0.4491191451300453],[103.30985770866636,0.4303845069579769],[103.30320235590402,0.422385948380283],[103.31742855868112,0.4111388308324824]]]}},{"type":"Feature","properties":{"code":"1404172013","desa":"Suka Jaya","kecamatan":"Pulau Burung","kecCode":"140417"},"geometry":{"type":"Polygon","coordinates":[[[103.28881143060312,0.3378637730167592],[103.22953290841707,0.38893225378542257],[103.25566105121658,0.42329334094146265],[103.28007692980651,0.4017737515080047],[103.26899635229988,0.38869229847600684],[103.29613386988221,0.36650913617767217],[103.30653330356914,0.37838383752083],[103.3165642265579,0.3694885928109658],[103.28881143060312,0.3378637730167592]]]}},{"type":"Feature","properties":{"code":"1404172014","desa":"Sukaharjo Jaya","kecamatan":"Pulau Burung","kecCode":"140417"},"geometry":{"type":"Polygon","coordinates":[[[103.31860347886749,0.46605212108720484],[103.34652099824552,0.4378677953726426],[103.35016157259855,0.4421508256055444],[103.35706090963333,0.4362672548419101],[103.34793646999213,0.4259941309478714],[103.35191730733793,0.4168355845283514],[103.34110564241153,0.3975214457134573],[103.31432461069225,0.4076000489471463],[103.31742855868112,0.4111388308324824],[103.30320235590402,0.422385948380283],[103.30985770866636,0.4303845069579769],[103.28874287258554,0.4491191451300453],[103.31860347886749,0.46605212108720484]]]}},{"type":"Feature","properties":{"code":"1404181001","desa":"Concong Luar","kecamatan":"Concong","kecCode":"140418"},"geometry":{"type":"Polygon","coordinates":[[[103.64351872520903,-0.2354180713235108],[103.62500110691559,-0.2517711311510033],[103.605234422031,-0.24748071928282198],[103.61657807641716,-0.22526628755703768],[103.64011116609747,-0.22550978619531897],[103.64351872520903,-0.2354180713235108]]]}},{"type":"Feature","properties":{"code":"1404182002","desa":"Concong Dalam","kecamatan":"Concong","kecCode":"140418"},"geometry":{"type":"Polygon","coordinates":[[[103.44281959444879,-0.3632965085205328],[103.4714481735944,-0.2940090959140691],[103.50163093681834,-0.25042963044282623],[103.51528733094563,-0.261141327617955],[103.52176660274658,-0.2765673734759918],[103.56030940435556,-0.3085021392171555],[103.49228624871147,-0.3457783365141074],[103.51394517822744,-0.35755984201303315],[103.515066943085,-0.3659427303632776],[103.46711921677847,-0.377750396241117],[103.44281959444879,-0.3632965085205328]]]}},{"type":"Feature","properties":{"code":"1404182003","desa":"Concong Tengah","kecamatan":"Concong","kecCode":"140418"},"geometry":{"type":"Polygon","coordinates":[[[103.56342246787267,-0.3069376003464623],[103.52176660274658,-0.2765673734759918],[103.51528733094563,-0.261141327617955],[103.50163093681834,-0.25042963044282623],[103.52625740155786,-0.21930850383895656],[103.56342246787267,-0.3069376003464623]]]}},{"type":"Feature","properties":{"code":"1404182004","desa":"Kampung Baru","kecamatan":"Concong","kecCode":"140418"},"geometry":{"type":"Polygon","coordinates":[[[103.57688082768811,-0.3048381456228101],[103.56342246787267,-0.3069376003464623],[103.53054239411624,-0.2236132535985081],[103.53881197599196,-0.21808447617357715],[103.61657807641716,-0.22526628755703768],[103.6016022806208,-0.25190556900488836],[103.58930998536759,-0.2517913533065197],[103.57688082768811,-0.3048381456228101]]]}},{"type":"Feature","properties":{"code":"1404182005","desa":"Panglima Raja","kecamatan":"Concong","kecCode":"140418"},"geometry":{"type":"Polygon","coordinates":[[[103.78567185137489,-0.34168275647167573],[103.74642166372888,-0.31929969826519894],[103.67259691501567,-0.3072436234506315],[103.65651330284669,-0.27854044827132585],[103.66045173625865,-0.26927546438985395],[103.62751381720898,-0.247564243817728],[103.64351872520903,-0.2354180713235108],[103.6651873620072,-0.2537032634109384],[103.69104478638786,-0.2608450001047549],[103.70890307301846,-0.2564221981390143],[103.7594421526333,-0.30015964571517506],[103.78567185137489,-0.34168275647167573]]]}},{"type":"Feature","properties":{"code":"1404182006","desa":"Sungaiberapit","kecamatan":"Concong","kecCode":"140418"},"geometry":{"type":"Polygon","coordinates":[[[103.67259691501567,-0.3072436234506315],[103.64989116204752,-0.31540422727033074],[103.57665135127888,-0.31397654992647595],[103.58930998536759,-0.2517913533065197],[103.6016022806208,-0.25190556900488836],[103.60790190384984,-0.24510863957777454],[103.66045173625865,-0.26927546438985395],[103.65651330284669,-0.27854044827132585],[103.67259691501567,-0.3072436234506315]]]}},{"type":"Feature","properties":{"code":"1404191002","desa":"Kempas Jaya","kecamatan":"Kempas","kecCode":"140419"},"geometry":{"type":"Polygon","coordinates":[[[102.80258340659901,-0.514890076140069],[102.85888093700571,-0.5398439210562016],[102.86761665278634,-0.5690345755486991],[102.86406548183656,-0.5769222342283703],[102.82470355702361,-0.5942038242823906],[102.76709912822223,-0.5703293861542638],[102.77294619281258,-0.525049350359872],[102.7930265954011,-0.5244991990920352],[102.80258340659901,-0.514890076140069]]]}},{"type":"Feature","properties":{"code":"1404191007","desa":"Harapan Tani","kecamatan":"Kempas","kecCode":"140419"},"geometry":{"type":"Polygon","coordinates":[[[102.9161065695626,-0.6236374531084439],[102.84605217007163,-0.6286029815392206],[102.84359931865366,-0.6192531583139722],[102.83601137972146,-0.6170375030881083],[102.83876810756215,-0.6075959337257054],[102.82470355702361,-0.5942038242823906],[102.85590113682804,-0.5806436459379789],[102.87442247741546,-0.5970954549234196],[102.89624391532446,-0.5875866720300305],[102.9161065695626,-0.6236374531084439]]]}},{"type":"Feature","properties":{"code":"1404192001","desa":"Pekan Tua","kecamatan":"Kempas","kecCode":"140419"},"geometry":{"type":"Polygon","coordinates":[[[102.75475818594157,-0.4567335455056972],[102.7696290092714,-0.49105911843420963],[102.80154538481172,-0.5043656313046003],[102.80690230269913,-0.517654825031061],[102.80173920939704,-0.5149937499854328],[102.78297720843146,-0.5260249924709234],[102.71793867423048,-0.5261627605143734],[102.71761894186075,-0.5117931365714568],[102.7318897249309,-0.4978199005110618],[102.73254629927236,-0.4828983032738343],[102.75475818594157,-0.4567335455056972]]]}},{"type":"Feature","properties":{"code":"1404192003","desa":"Rumbai Jaya","kecamatan":"Kempas","kecCode":"140419"},"geometry":{"type":"Polygon","coordinates":[[[102.9112165356147,-0.6147624098696659],[102.88953900542081,-0.5755178331377057],[102.93302989581309,-0.5506044936864896],[102.94978094163717,-0.5926454799420198],[102.9112165356147,-0.6147624098696659]]]}},{"type":"Feature","properties":{"code":"1404192004","desa":"Bayas Jaya","kecamatan":"Kempas","kecCode":"140419"},"geometry":{"type":"Polygon","coordinates":[[[102.71539747970996,-0.5492750582828643],[102.69922018696212,-0.5190197539778242],[102.6863700332505,-0.5125582150161883],[102.69207542494097,-0.4692060271114964],[102.70735800826553,-0.47727615913345384],[102.71931876844644,-0.4648670500542237],[102.71950095040857,-0.4467948453059595],[102.75101762136619,-0.44859573140598813],[102.75611869741998,-0.4558309472304603],[102.73254629927236,-0.4828983032738343],[102.7318897249309,-0.4978199005110618],[102.71761894186075,-0.5117931365714568],[102.71539747970996,-0.5492750582828643]]]}},{"type":"Feature","properties":{"code":"1404192005","desa":"Sungaiara","kecamatan":"Kempas","kecCode":"140419"},"geometry":{"type":"Polygon","coordinates":[[[102.85888093700571,-0.5398439210562016],[102.87788023758299,-0.5276052128200844],[102.89595235871444,-0.587713303768497],[102.87442247741546,-0.5970954549234196],[102.85590113682804,-0.5806436459379789],[102.86761665278634,-0.5690345755486991],[102.85888093700571,-0.5398439210562016]]]}},{"type":"Feature","properties":{"code":"1404192006","desa":"Sungaigantang","kecamatan":"Kempas","kecCode":"140419"},"geometry":{"type":"Polygon","coordinates":[[[102.94777600026224,-0.4907600246064132],[102.96633334700641,-0.5249176680287145],[102.94805241498703,-0.533415683989912],[102.95183575761416,-0.5399116148251765],[102.89249801956798,-0.5738224887749535],[102.87788023758299,-0.5276052128200844],[102.93034270355298,-0.5086916392387097],[102.94777600026224,-0.4907600246064132]]]}},{"type":"Feature","properties":{"code":"1404192008","desa":"Karya Tani","kecamatan":"Kempas","kecCode":"140419"},"geometry":{"type":"Polygon","coordinates":[[[102.96497674128364,-0.5845707101162814],[102.967885970761,-0.6226139059105702],[102.9335002898066,-0.6348781584900625],[102.92397880577731,-0.6253547661101003],[102.91715088930214,-0.6273010932692207],[102.9112165356147,-0.6147624098696659],[102.96497674128364,-0.5845707101162814]]]}},{"type":"Feature","properties":{"code":"1404192009","desa":"Kerta Jaya","kecamatan":"Kempas","kecCode":"140419"},"geometry":{"type":"Polygon","coordinates":[[[102.7806921129507,-0.2447790956048587],[102.82743600586701,-0.49583288622400956],[102.82291907995163,-0.5272675731501505],[102.80690230269913,-0.517654825031061],[102.79585311333055,-0.43599473308266684],[102.76146428924562,-0.43472137130788185],[102.75949776331117,-0.46215919857104615],[102.75444259944648,-0.4520233229123275],[102.76974655066282,-0.24469031273388583],[102.7806921129507,-0.2447790956048587]]]}},{"type":"Feature","properties":{"code":"1404192010","desa":"Kulim Jaya","kecamatan":"Kempas","kecCode":"140419"},"geometry":{"type":"Polygon","coordinates":[[[102.76709912822223,-0.5703293861542638],[102.71539747970996,-0.5492750582828643],[102.71793867423048,-0.5261627605143734],[102.77130547057106,-0.526885229979943],[102.7741879506135,-0.5454709368240956],[102.76709912822223,-0.5703293861542638]]]}},{"type":"Feature","properties":{"code":"1404192011","desa":"Danaupulai Indah","kecamatan":"Kempas","kecCode":"140419"},"geometry":{"type":"Polygon","coordinates":[[[102.97380078757635,-0.5322344181884192],[102.9502169626428,-0.5477524314168505],[102.95039542231096,-0.5562352092652797],[102.95773605937171,-0.5503698380818853],[102.96018690440216,-0.5548908145387245],[102.95216812096207,-0.5593879949342443],[102.96497674128364,-0.5845707101162814],[102.94978094163717,-0.5926454799420198],[102.93302989581309,-0.5506044936864896],[102.95183575761416,-0.5399116148251765],[102.94805241498703,-0.533415683989912],[102.95262097997431,-0.5309172522354585],[102.96633334700641,-0.5249176680287145],[102.97380078757635,-0.5322344181884192]]]}},{"type":"Feature","properties":{"code":"1404192012","desa":"Sungairabit","kecamatan":"Kempas","kecCode":"140419"},"geometry":{"type":"Polygon","coordinates":[[[102.71681421860136,-0.4492651660519182],[102.71684956285708,-0.24471840665527173],[102.76974655066282,-0.24469031273388583],[102.75444259944648,-0.4520233229123275],[102.71681421860136,-0.4492651660519182]]]}},{"type":"Feature","properties":{"code":"1404201001","desa":"Benteng","kecamatan":"Sungai Batang","kecCode":"140420"},"geometry":{"type":"Polygon","coordinates":[[[103.24863918425102,-0.6588593155680245],[103.20396750289801,-0.6598468071463562],[103.20061165030744,-0.637527340900979],[103.14717765392567,-0.5931004946287014],[103.16889858899872,-0.5903606092943071],[103.17717911382509,-0.5740850953086759],[103.23594725905883,-0.6309124315577753],[103.24884398326327,-0.6288144849971412],[103.24863918425102,-0.6588593155680245]]]}},{"type":"Feature","properties":{"code":"1404202002","desa":"Benteng Utara","kecamatan":"Sungai Batang","kecCode":"140420"},"geometry":{"type":"Polygon","coordinates":[[[103.18896404035826,-0.5838591017630348],[103.20143027798503,-0.5728525177886232],[103.21247097685414,-0.5794198314119325],[103.24909275642564,-0.574707552068974],[103.24884398326327,-0.6288144849971412],[103.23594725905883,-0.6309124315577753],[103.18896404035826,-0.5838591017630348]]]}},{"type":"Feature","properties":{"code":"1404202003","desa":"Pasenggerahan","kecamatan":"Sungai Batang","kecCode":"140420"},"geometry":{"type":"Polygon","coordinates":[[[103.29239414167637,-0.6573108197033467],[103.24863918425102,-0.6588593155680245],[103.24909275642564,-0.574707552068974],[103.2980707730478,-0.5953865811597885],[103.30211129929711,-0.649432237881093],[103.29318679063795,-0.6496986413525253],[103.29239414167637,-0.6573108197033467]]]}},{"type":"Feature","properties":{"code":"1404202004","desa":"Kuala Sungai Batang","kecamatan":"Sungai Batang","kecCode":"140420"},"geometry":{"type":"Polygon","coordinates":[[[103.33597446784745,-0.6411966575824393],[103.3203862634154,-0.6613199398237091],[103.29239414167637,-0.6573108197033467],[103.29318679063795,-0.6496986413525253],[103.30211129929711,-0.649432237881093],[103.3014662974317,-0.6209886520100919],[103.33597446784745,-0.6411966575824393]]]}},{"type":"Feature","properties":{"code":"1404202005","desa":"Kuala Patah Parang","kecamatan":"Sungai Batang","kecCode":"140420"},"geometry":{"type":"Polygon","coordinates":[[[103.40664610623286,-0.6426339513769365],[103.37292749740611,-0.6493344141256022],[103.33597446784745,-0.6411966575824393],[103.3414057380844,-0.628436282305674],[103.3557300937689,-0.6270680915178023],[103.36964993979296,-0.6136360341892322],[103.35615871874995,-0.5982497707411436],[103.35333858960426,-0.5717655279171545],[103.412359757297,-0.5520536090692478],[103.43804921889635,-0.5527336728023984],[103.42378949029278,-0.5992726632324913],[103.43154381999135,-0.6038037049016526],[103.43095523259797,-0.617869884096756],[103.40664610623286,-0.6426339513769365]]]}},{"type":"Feature","properties":{"code":"1404202006","desa":"Benteng Barat","kecamatan":"Sungai Batang","kecCode":"140420"},"geometry":{"type":"Polygon","coordinates":[[[103.1135577519887,-0.6564547145791867],[103.11447542829842,-0.6479699402357744],[103.04422864673472,-0.649067460269095],[103.03570738868511,-0.6040272340939326],[103.04555056560616,-0.6033756204136355],[103.05151724002864,-0.6165348117425609],[103.05560339428125,-0.6050531851795792],[103.0628555182676,-0.604096722010399],[103.06492196877389,-0.5885437988988524],[103.1042742798342,-0.5765879130567553],[103.18720772555616,-0.6365208853186232],[103.187430163871,-0.6614148263933499],[103.15480191827395,-0.6641346658393598],[103.1135577519887,-0.6564547145791867]]]}},{"type":"Feature","properties":{"code":"1404202007","desa":"Pandan Sari","kecamatan":"Sungai Batang","kecCode":"140420"},"geometry":{"type":"Polygon","coordinates":[[[103.2980707730478,-0.5953865811597885],[103.35333858960426,-0.5717655279171545],[103.35615871874995,-0.5982497707411436],[103.36964993979296,-0.6136360341892322],[103.3557300937689,-0.6270680915178023],[103.34200060364498,-0.6279841841203192],[103.3355015125848,-0.6390618864821161],[103.3014662974317,-0.6209886520100919],[103.2980707730478,-0.5953865811597885]]]}},{"type":"Feature","properties":{"code":"1404202008","desa":"Mugo Mulyo","kecamatan":"Sungai Batang","kecCode":"140420"},"geometry":{"type":"Polygon","coordinates":[[[103.20396750289801,-0.6598468071463562],[103.187430163871,-0.6614148263933499],[103.18720772555616,-0.6365208853186232],[103.132001655552,-0.5978111551919317],[103.14717765392567,-0.5931004946287014],[103.17438757772457,-0.6127601610671836],[103.20061165030744,-0.637527340900979],[103.20396750289801,-0.6598468071463562]]]}}]}