{"type":"FeatureCollection","features":[{"type":"Feature","properties":{"code":"1605011001","desa":"B. Srikaton","kecamatan":"Tugumulyo","kecCode":"160501"},"geometry":{"type":"Polygon","coordinates":[[[102.9476004202233,-3.184576084495566],[102.94243360102989,-3.1977900643225508],[102.94731094734242,-3.2045648623337346],[102.92797720778196,-3.1984369035021802],[102.93709162987487,-3.189047941781067],[102.94104977103017,-3.1699980858356063],[102.9476004202233,-3.184576084495566]]]}},{"type":"Feature","properties":{"code":"1605012002","desa":"Surodadi","kecamatan":"Tugumulyo","kecCode":"160501"},"geometry":{"type":"Polygon","coordinates":[[[102.97339225794637,-3.186924848377402],[102.97034031055694,-3.20306165272997],[102.94635120884128,-3.2162567404988307],[102.96135672723123,-3.19875888957262],[102.96257187499207,-3.187373728788429],[102.97339225794637,-3.186924848377402]]]}},{"type":"Feature","properties":{"code":"1605012003","desa":"Tegal Rejo","kecamatan":"Tugumulyo","kecCode":"160501"},"geometry":{"type":"Polygon","coordinates":[[[102.95668523033919,-3.1985928126698715],[102.94561666058046,-3.217838538258838],[102.94585946224447,-3.2327786867118378],[102.93971767273246,-3.230966385516982],[102.93688485055547,-3.2131753744898988],[102.9452050741549,-3.215722422694846],[102.95116626810886,-3.1987633403174445],[102.95668523033919,-3.1985928126698715]]]}},{"type":"Feature","properties":{"code":"1605012004","desa":"Trikoyo","kecamatan":"Tugumulyo","kecCode":"160501"},"geometry":{"type":"Polygon","coordinates":[[[102.94517424629447,-3.19522356917772],[102.94673929688109,-3.184591579814404],[102.95282098470072,-3.183482243588719],[102.95320992259991,-3.1928780203722504],[102.94517424629447,-3.19522356917772]]]}},{"type":"Feature","properties":{"code":"1605012005","desa":"Kalibening","kecamatan":"Tugumulyo","kecCode":"160501"},"geometry":{"type":"Polygon","coordinates":[[[102.95554485670984,-3.1986434966616484],[102.95193674068808,-3.186835245324751],[102.95535546668151,-3.1766646117678303],[102.95946787214467,-3.1780469012274484],[102.95554485670984,-3.1986434966616484]]]}},{"type":"Feature","properties":{"code":"1605012006","desa":"Widodo","kecamatan":"Tugumulyo","kecCode":"160501"},"geometry":{"type":"Polygon","coordinates":[[[102.92797720778196,-3.1984369035021802],[102.94956710084107,-3.2038541479066156],[102.9452050741549,-3.215722422694846],[102.93688485055547,-3.2131753744898988],[102.92797720778196,-3.1984369035021802]]]}},{"type":"Feature","properties":{"code":"1605012007","desa":"Wonokerto","kecamatan":"Tugumulyo","kecCode":"160501"},"geometry":{"type":"Polygon","coordinates":[[[102.93204542865368,-3.158889046596898],[102.9374339154429,-3.176457047340467],[102.92908362480948,-3.184395852263869],[102.91986996972338,-3.1826233029020337],[102.91840036508484,-3.174251903390654],[102.93204542865368,-3.158889046596898]]]}},{"type":"Feature","properties":{"code":"1605012008","desa":"Nawangsasi","kecamatan":"Tugumulyo","kecCode":"160501"},"geometry":{"type":"Polygon","coordinates":[[[102.9409582407303,-3.1701479245795174],[102.93377321696045,-3.1937858527018643],[102.91963892219856,-3.193116829046035],[102.93741056274735,-3.176484300395755],[102.9409582407303,-3.1701479245795174]]]}},{"type":"Feature","properties":{"code":"1605012009","desa":"Sukomulyo","kecamatan":"Tugumulyo","kecCode":"160501"},"geometry":{"type":"Polygon","coordinates":[[[102.91848607767041,-3.179891674243329],[102.92913207488539,-3.1841773736641388],[102.9196319038893,-3.1928096242327437],[102.91489255224955,-3.189793909632426],[102.91848607767041,-3.179891674243329]]]}},{"type":"Feature","properties":{"code":"1605012010","desa":"Wukirsari","kecamatan":"Tugumulyo","kecCode":"160501"},"geometry":{"type":"Polygon","coordinates":[[[102.9374339154429,-3.176457047340467],[102.93149695192282,-3.1616540131238877],[102.93970718843605,-3.152456819238413],[102.94098855327917,-3.1700781767590067],[102.9374339154429,-3.176457047340467]]]}},{"type":"Feature","properties":{"code":"1605012011","desa":"Ngadirejo","kecamatan":"Tugumulyo","kecCode":"160501"},"geometry":{"type":"Polygon","coordinates":[[[102.9667978990039,-3.1755906818510753],[102.9544703080583,-3.1730668667318365],[102.96168007487563,-3.155863364810337],[102.97230555675611,-3.1503239780830152],[102.97628141095839,-3.1579383543772135],[102.9667978990039,-3.1755906818510753]]]}},{"type":"Feature","properties":{"code":"1605012012","desa":"Dwi Jaya","kecamatan":"Tugumulyo","kecCode":"160501"},"geometry":{"type":"Polygon","coordinates":[[[102.98858629941822,-3.1629807856349674],[102.97230555675611,-3.1503239780830152],[102.95490718881574,-3.1577336974580743],[102.95689397467724,-3.14549451078216],[102.97163516792871,-3.147709357517605],[102.97913792307673,-3.1229447983073353],[102.98978218639883,-3.122389582957037],[102.9986282498939,-3.1526236317865783],[102.98858629941822,-3.1629807856349674]]]}},{"type":"Feature","properties":{"code":"1605012013","desa":"Siti Harjo","kecamatan":"Tugumulyo","kecCode":"160501"},"geometry":{"type":"Polygon","coordinates":[[[102.95498181905576,-3.1430366708274433],[102.9394597939344,-3.15978773282124],[102.9409447473023,-3.145322581091539],[102.95498181905576,-3.1430366708274433]]]}},{"type":"Feature","properties":{"code":"1605012014","desa":"Mataram","kecamatan":"Tugumulyo","kecCode":"160501"},"geometry":{"type":"Polygon","coordinates":[[[102.9476004202233,-3.184576084495566],[102.94133579501101,-3.159864220161187],[102.95669788380036,-3.1458942324515644],[102.95490718881574,-3.1577336974580743],[102.96128032532681,-3.1613456418898287],[102.95348723394875,-3.1829587617160926],[102.9476004202233,-3.184576084495566]]]}},{"type":"Feature","properties":{"code":"1605012015","desa":"Tambahasri","kecamatan":"Tugumulyo","kecCode":"160501"},"geometry":{"type":"Polygon","coordinates":[[[102.97222946241982,-3.200984693647767],[102.9792473597779,-3.172597473684226],[102.9854939400933,-3.17333380350129],[102.99068156690082,-3.1640713143387114],[103.00317788505139,-3.1696787626577145],[102.99692395997283,-3.1842646654591693],[102.97222946241982,-3.200984693647767]]]}},{"type":"Feature","properties":{"code":"1605012016","desa":"Wonorejo","kecamatan":"Tugumulyo","kecCode":"160501"},"geometry":{"type":"Polygon","coordinates":[[[102.98858629941822,-3.1629807856349674],[102.9986282498939,-3.1526236317865783],[103.00926789699592,-3.1630197658496635],[103.00377059583637,-3.1703406726761787],[102.98858629941822,-3.1629807856349674]]]}},{"type":"Feature","properties":{"code":"1605012017","desa":"Sidoharjo","kecamatan":"Tugumulyo","kecCode":"160501"},"geometry":{"type":"Polygon","coordinates":[[[102.97339225794637,-3.186924848377402],[102.96386236075936,-3.1861826064173084],[102.96135672723123,-3.19875888957262],[102.95554485670984,-3.1986434966616484],[102.95946787214467,-3.1780469012274484],[102.97875734707395,-3.157741827329356],[102.99074221807894,-3.1665255812869266],[102.9792473597779,-3.172597473684226],[102.97339225794637,-3.186924848377402]]]}},{"type":"Feature","properties":{"code":"1605012018","desa":"Triwikaton","kecamatan":"Tugumulyo","kecCode":"160501"},"geometry":{"type":"Polygon","coordinates":[[[102.94811996306588,-3.203779641773185],[102.94263888837406,-3.195361108793327],[102.95206867932615,-3.193752232446536],[102.95352292534277,-3.198639409243004],[102.94811996306588,-3.203779641773185]]]}},{"type":"Feature","properties":{"code":"1605021019","desa":"Muara Lakitan","kecamatan":"Muara Lakitan","kecCode":"160502"},"geometry":{"type":"Polygon","coordinates":[[[103.3188345012113,-2.852016665874099],[103.35263624606597,-2.8570867135131297],[103.35883758598584,-2.8791097119517954],[103.35344654692068,-2.8912711720219044],[103.34206039866854,-2.891794314850139],[103.33007523628315,-2.875064734062816],[103.310737280701,-2.867030226884723],[103.2857767780759,-2.8858636528860786],[103.26219091707723,-2.8945583370889603],[103.27082122332085,-2.866225799503257],[103.2410465976224,-2.858753633004097],[103.24052027928751,-2.8216240314946037],[103.24755789787872,-2.81242229783152],[103.28448228762755,-2.8375167382603195],[103.3188345012113,-2.852016665874099]]]}},{"type":"Feature","properties":{"code":"1605022001","desa":"Tri Anggun Jaya","kecamatan":"Muara Lakitan","kecCode":"160502"},"geometry":{"type":"Polygon","coordinates":[[[103.52738389325212,-3.3134043802457382],[103.54687140698991,-3.330840864133526],[103.5694435341918,-3.34375640393994],[103.57035950358829,-3.3618781046763466],[103.50190376684543,-3.394688132901279],[103.49080632525175,-3.372332271991056],[103.49418593793074,-3.3669601097013473],[103.47793390792356,-3.3420751933223753],[103.48238074157803,-3.304745520536478],[103.49604123031861,-3.3042641602104394],[103.51363726564732,-3.316097290392527],[103.52738389325212,-3.3134043802457382]]]}},{"type":"Feature","properties":{"code":"1605022002","desa":"Semangus","kecamatan":"Muara Lakitan","kecCode":"160502"},"geometry":{"type":"Polygon","coordinates":[[[103.58518033090763,-3.459459581874784],[103.57177910771969,-3.456234681369519],[103.56039064910924,-3.4792739910611523],[103.54095089386873,-3.4901466452990704],[103.549243135962,-3.5259069120836033],[103.5375792626729,-3.5400417599133926],[103.54349538080726,-3.5583989751070564],[103.53758220615394,-3.5710259890190788],[103.54265907155894,-3.5896372420060505],[103.51838669688861,-3.5987723422010385],[103.51284247809792,-3.5752296351958535],[103.52049654867682,-3.571547772072353],[103.50384102794112,-3.569097450449923],[103.50511176189838,-3.5532148241847707],[103.48996776769837,-3.5446196958314964],[103.48719064413295,-3.5301429851154076],[103.47080873223727,-3.532868483095794],[103.4479645996866,-3.508219310500994],[103.44010026491536,-3.5157304787987154],[103.42901667467986,-3.5116663795243497],[103.43575989300473,-3.5079496919532684],[103.43397739893787,-3.501904055262923],[103.42127271326518,-3.5015783621870127],[103.41764677357982,-3.4925249222324637],[103.40471113391175,-3.4884241513030205],[103.40379569601464,-3.4601906290740567],[103.38550849931782,-3.450540765034409],[103.38634341191899,-3.439572341092655],[103.3781377466597,-3.43894959025403],[103.37386764867313,-3.4250276785021376],[103.35977491428092,-3.411011316351856],[103.37153235663298,-3.391424813358229],[103.381917632293,-3.3909157089471447],[103.38206039966774,-3.3761630502547315],[103.36758613329346,-3.3767460105894562],[103.36645468003952,-3.370181831103227],[103.38285560989851,-3.344895101231801],[103.3806486592083,-3.325026602321099],[103.39034304059889,-3.312711431026258],[103.38493650891279,-3.3031880350485703],[103.39044193724565,-3.3008082580460494],[103.41164290859342,-3.320862654017964],[103.42080784290766,-3.314290806012696],[103.44936635497332,-3.314621956174778],[103.44345951334593,-3.338538535635639],[103.39651885685981,-3.362536577485921],[103.40025955993083,-3.3711117930504075],[103.40916797702056,-3.3712577943871267],[103.42065747176497,-3.4137554743653564],[103.43331743505165,-3.422282783044552],[103.43020613330644,-3.4509383948807475],[103.45688996899689,-3.4419230735904183],[103.46353495617335,-3.4622822021395043],[103.46157027564777,-3.4806467602975406],[103.47945561928145,-3.4928093310305726],[103.52146827693952,-3.4822517524725316],[103.51513283641133,-3.447933880437223],[103.5194070766753,-3.4340886529768238],[103.5131125013409,-3.428794319815571],[103.51590751781777,-3.4115828193237423],[103.50288006726133,-3.4044983550546997],[103.50190376684543,-3.394688132901279],[103.57035950358829,-3.3618781046763466],[103.5694435341918,-3.34375640393994],[103.54687140698991,-3.330840864133526],[103.54129335660319,-3.3206598541988637],[103.55395667975704,-3.2893666396224464],[103.54580057793434,-3.2712358350489694],[103.5226170412435,-3.2351580356370238],[103.50379072706043,-3.2201544903757977],[103.48638575090172,-3.229700241700908],[103.4922289457093,-3.232540100170533],[103.49631209982363,-3.2513377637315273],[103.48874541456928,-3.278852897618121],[103.454346525272,-3.2838719617912084],[103.44379896874743,-3.2677644177806746],[103.41768413321626,-3.2591670501155576],[103.43199659176936,-3.2439170843187544],[103.42029836797536,-3.2321656404573664],[103.42028742232674,-3.212189827245776],[103.44201285311073,-3.208765782665487],[103.43470336676698,-3.193083612586296],[103.43984164867321,-3.1719258536857216],[103.45446612341294,-3.1745300708938027],[103.45530253608324,-3.1818748322375043],[103.46286179833339,-3.1799286372787026],[103.47071356957564,-3.1893351420748988],[103.49718750080255,-3.1958481087678474],[103.50937315624621,-3.1341518348706674],[103.51577137574844,-3.2094594828188594],[103.53269700066612,-3.2327579960094934],[103.55489878884809,-3.2296631410692314],[103.5624967363354,-3.236199014394054],[103.58350312317064,-3.221625951213512],[103.59302100001918,-3.229931996092621],[103.59587036792323,-3.2454873914410376],[103.63667552025912,-3.237391880550661],[103.65009975529955,-3.2416978156168588],[103.6050907058714,-3.287483470051828],[103.61020654699462,-3.316215462208553],[103.61815085487812,-3.324418187575216],[103.61680955111996,-3.3488140769077424],[103.62666020230652,-3.3594145765096908],[103.62561214408527,-3.375768225393851],[103.61634392173464,-3.391312233526655],[103.6106264449545,-3.426773369611027],[103.59377708524437,-3.4477492873928535],[103.59366182363429,-3.457292579971479],[103.58518071941471,-3.4537614737996587],[103.58518033090763,-3.459459581874784]]]}},{"type":"Feature","properties":{"code":"1605022002","desa":"Semangus","kecamatan":"Muara Lakitan","kecCode":"160502"},"geometry":{"type":"Polygon","coordinates":[[[103.30989940303509,-2.9540777507142906],[103.32356374267266,-2.9734098543869245],[103.3187019393431,-2.9782112232698084],[103.32862631785036,-2.977484735633252],[103.32400243376537,-2.9818437819614556],[103.32601576131837,-3.0038595606428045],[103.33682055182709,-3.0040914859057355],[103.3343826507388,-3.0108830059110305],[103.31858120086179,-3.0097579954013343],[103.32460679706611,-3.022544238777962],[103.43771627998238,-3.057237209044711],[103.43733976082137,-3.0778408191908286],[103.39936311301732,-3.103806303382433],[103.4005868969678,-3.1109828537322097],[103.40577252098511,-3.1039875662372576],[103.41856007378844,-3.1154221546603935],[103.4138138917977,-3.116998217443813],[103.41329821693921,-3.125285571712784],[103.4198923123804,-3.1246202011031223],[103.41583570085697,-3.1333921667473597],[103.37774732308054,-3.1333154446843503],[103.37357657769695,-3.0889376087639495],[103.33757737359694,-3.0888816268660424],[103.33761677289577,-3.063452094546483],[103.3214181266453,-3.0608896355589756],[103.32535343131586,-3.0426833023229896],[103.29988857090085,-2.986172570599424],[103.3138745926384,-3.000444084803027],[103.30989940303509,-2.9540777507142906]]]}},{"type":"Feature","properties":{"code":"1605022002","desa":"Semangus","kecamatan":"Muara Lakitan","kecCode":"160502"},"geometry":{"type":"Polygon","coordinates":[[[103.47186989358079,-3.0052715079448524],[103.47525533296732,-3.0191892027754874],[103.48347489724874,-3.0211813674799513],[103.47934593796474,-3.045773754182566],[103.45883007644692,-3.033809869769805],[103.44333511372456,-3.0335929883660895],[103.45164390334355,-2.9816194047085123],[103.47186989358079,-3.0052715079448524]]]}},{"type":"Feature","properties":{"code":"1605022003","desa":"Anyar","kecamatan":"Muara Lakitan","kecCode":"160502"},"geometry":{"type":"Polygon","coordinates":[[[103.37006039127408,-3.0051426656726887],[103.32601576131837,-3.0038595606428045],[103.32400243376537,-2.9818437819614556],[103.32862631785036,-2.977484735633252],[103.3187019393431,-2.9782112232698084],[103.32367266855884,-2.948783219702287],[103.3081899024421,-2.946776816931142],[103.32469871587311,-2.933781803136412],[103.34601797235159,-2.9351431320970787],[103.35690607065868,-2.9443744165832504],[103.37007434605431,-2.9887585909252072],[103.37006039127408,-3.0051426656726887]]]}},{"type":"Feature","properties":{"code":"1605022004","desa":"Muara Rengas","kecamatan":"Muara Lakitan","kecCode":"160502"},"geometry":{"type":"Polygon","coordinates":[[[103.32469871587311,-2.933781803136412],[103.28310815771538,-2.9590056973763446],[103.26728617541671,-2.942501087394512],[103.30928933533458,-2.927403093533556],[103.32469871587311,-2.933781803136412]]]}},{"type":"Feature","properties":{"code":"1605022005","desa":"Sungai Pinang","kecamatan":"Muara Lakitan","kecCode":"160502"},"geometry":{"type":"Polygon","coordinates":[[[103.43771627998238,-3.057237209044711],[103.40688504890596,-3.04820085980637],[103.40166423081966,-3.008979297623554],[103.36918250187101,-2.988388581057572],[103.3633749957595,-2.980005754760301],[103.36228955541871,-2.9535432935154096],[103.34601797235159,-2.9351431320970787],[103.30928933533458,-2.927403093533556],[103.26749305725883,-2.942427846607157],[103.26021568840336,-2.936525075317684],[103.32495776199117,-2.895104570010688],[103.42577899030822,-2.8949943446041884],[103.41105556766036,-2.92472219832932],[103.42638890242597,-2.9433610874824785],[103.44202778455467,-2.9369202608066916],[103.44325001177867,-2.9632777549811045],[103.4660780122905,-2.994477561473076],[103.45164390334355,-2.9816194047085123],[103.44333511372456,-3.0335929883660895],[103.43642246312622,-3.033090286228645],[103.43771627998238,-3.057237209044711]]]}},{"type":"Feature","properties":{"code":"1605022006","desa":"Semeteh","kecamatan":"Muara Lakitan","kecCode":"160502"},"geometry":{"type":"Polygon","coordinates":[[[103.24500984332968,-2.8983762568459723],[103.2857767780759,-2.8858636528860786],[103.310737280701,-2.867030226884723],[103.33007523628315,-2.875064734062816],[103.34206039866854,-2.891794314850139],[103.35336160955067,-2.8913427400702636],[103.35883758598584,-2.8791097119517954],[103.35263624606597,-2.8570867135131297],[103.38241293840645,-2.860698410631365],[103.35402370303154,-2.850859731230528],[103.4338343230956,-2.854191200498789],[103.43569048602716,-2.878250005942108],[103.42577899030822,-2.8949943446041884],[103.32495776199117,-2.895104570010688],[103.25552421037405,-2.9395777745371046],[103.23201045701704,-2.921378387664663],[103.24500984332968,-2.8983762568459723]]]}},{"type":"Feature","properties":{"code":"1605022007","desa":"Prabumulih II","kecamatan":"Muara Lakitan","kecCode":"160502"},"geometry":{"type":"Polygon","coordinates":[[[103.38241293840645,-2.860698410631365],[103.31959059183242,-2.8530893124583105],[103.3249710944405,-2.842887485017004],[103.32169859281588,-2.820074105707851],[103.33899648220192,-2.8274884377055822],[103.35250153122075,-2.852385868150525],[103.38241293840645,-2.860698410631365]]]}},{"type":"Feature","properties":{"code":"1605022008","desa":"Prabumulih I","kecamatan":"Muara Lakitan","kecCode":"160502"},"geometry":{"type":"Polygon","coordinates":[[[103.3188345012113,-2.852016665874099],[103.28448228762755,-2.8375167382603195],[103.24755789787872,-2.81242229783152],[103.23903254521584,-2.823665903527155],[103.23567700019343,-2.7628332279059777],[103.27108159324096,-2.7530553750510176],[103.3378650901019,-2.8230825771683543],[103.33788125001973,-2.829953709657651],[103.32169859281588,-2.820074105707851],[103.3248498055741,-2.8444025198063994],[103.3188345012113,-2.852016665874099]]]}},{"type":"Feature","properties":{"code":"1605022009","desa":"Lubuk Pandan","kecamatan":"Muara Lakitan","kecCode":"160502"},"geometry":{"type":"Polygon","coordinates":[[[103.24052027928751,-2.8216240314946037],[103.2410465976224,-2.858753633004097],[103.26721192558993,-2.8638389331450105],[103.27197275933543,-2.874622954698642],[103.26839318329881,-2.8840422649413684],[103.26171180595514,-2.8826079955669015],[103.26737363808296,-2.8896711360107723],[103.24500984332968,-2.8983762568459723],[103.2320044342573,-2.9213929315007623],[103.1992705659839,-2.902439804835916],[103.16845649577073,-2.902675553116809],[103.16846014072297,-2.879070702958773],[103.16325768769218,-2.8802242651447125],[103.15657616106101,-2.8614645952422553],[103.13667434944169,-2.8735141859451665],[103.14095737878004,-2.878282625252011],[103.13581774159553,-2.8840504388794224],[103.1265092907712,-2.886134847046062],[103.12822250376557,-2.876797841857567],[103.11777191124474,-2.877397465730475],[103.1140266396178,-2.899140980957871],[103.10310502717533,-2.8957595948194923],[103.09211191683158,-2.912225464705595],[103.08324951265494,-2.9085456538350023],[103.07836995940619,-2.8765144546893526],[103.10173558003304,-2.8433672922138267],[103.14828728962677,-2.839342128188146],[103.16394263024824,-2.8506195951573456],[103.1758195502321,-2.839501602268429],[103.22711332831749,-2.832476309792807],[103.24052027928751,-2.8216240314946037]]]}},{"type":"Feature","properties":{"code":"1605022010","desa":"Pelita Jaya","kecamatan":"Muara Lakitan","kecCode":"160502"},"geometry":{"type":"Polygon","coordinates":[[[103.23567700019343,-2.7628332279059777],[103.23903254521584,-2.823665903527155],[103.22711332831749,-2.832476309792807],[103.1758195502321,-2.839501602268429],[103.1839525853436,-2.7580807641559315],[103.20381127537013,-2.7592449940999018],[103.20562801292255,-2.753601352565235],[103.22628140506286,-2.7658480863516814],[103.23567700019343,-2.7628332279059777]]]}},{"type":"Feature","properties":{"code":"1605022011","desa":"Sidomulyo","kecamatan":"Muara Lakitan","kecCode":"160502"},"geometry":{"type":"Polygon","coordinates":[[[103.1758195502321,-2.839501602268429],[103.16394263024824,-2.8506195951573456],[103.1383396276717,-2.837484969709076],[103.14823774957256,-2.835963518256867],[103.1475312241867,-2.7706690991258585],[103.16976693839354,-2.7706332656390558],[103.1698383373694,-2.761958631821186],[103.1839525853436,-2.7580807641559315],[103.1758195502321,-2.839501602268429]]]}},{"type":"Feature","properties":{"code":"1605022012","desa":"Marga Baru","kecamatan":"Muara Lakitan","kecCode":"160502"},"geometry":{"type":"Polygon","coordinates":[[[103.14141206341604,-2.8409032100648517],[103.10173558003304,-2.8433672922138267],[103.10208854594968,-2.792537120094408],[103.11995994019912,-2.7925366074809035],[103.11991852641891,-2.7707135957820204],[103.1475312241867,-2.7706690991258585],[103.14823774957256,-2.835963518256867],[103.13891069986896,-2.835819347939822],[103.14141206341604,-2.8409032100648517]]]}},{"type":"Feature","properties":{"code":"1605022013","desa":"Pendingan","kecamatan":"Muara Lakitan","kecCode":"160502"},"geometry":{"type":"Polygon","coordinates":[[[103.30856311569528,-2.9616948654440676],[103.31361203286906,-2.9689802454524608],[103.3138745926384,-3.000444084803027],[103.29751037130664,-2.9764556009475998],[103.27994145773215,-2.9724835526804827],[103.27733778101384,-2.961674191828855],[103.29415994522536,-2.9663480413423575],[103.30856311569528,-2.9616948654440676]]]}},{"type":"Feature","properties":{"code":"1605022014","desa":"Bumi Makmur","kecamatan":"Muara Lakitan","kecCode":"160502"},"geometry":{"type":"Polygon","coordinates":[[[103.54129335660319,-3.3206598541988637],[103.48525298373828,-3.303336224435807],[103.48976700484347,-3.2960792432190154],[103.4796123090609,-3.281831013362419],[103.49002080521602,-3.277758345347556],[103.49631209982363,-3.2513377637315273],[103.4922289457093,-3.232540100170533],[103.48614304366657,-3.2306900975969244],[103.49645653184353,-3.22134008461436],[103.50379072706043,-3.2201544903757977],[103.5226170412435,-3.2351580356370238],[103.54580057793434,-3.2712358350489694],[103.55395667975704,-3.2893666396224464],[103.54129335660319,-3.3206598541988637]]]}},{"type":"Feature","properties":{"code":"1605022015","desa":"Mukti Karya","kecamatan":"Muara Lakitan","kecCode":"160502"},"geometry":{"type":"Polygon","coordinates":[[[103.41169184700118,-3.1506768693555447],[103.4198923123804,-3.1246202011031223],[103.41329821693921,-3.125285571712784],[103.4138138917977,-3.116998217443813],[103.41856007378844,-3.1154221546603935],[103.40577252098511,-3.1039875662372576],[103.4005868969678,-3.1109828537322097],[103.39936311301732,-3.103806303382433],[103.43204005960115,-3.0773554334993505],[103.43877073058478,-3.075297637171338],[103.46557230641683,-3.0925548313168596],[103.49505261008994,-3.0892174364156033],[103.50937315624621,-3.1341518348706674],[103.49718750080255,-3.1958481087678474],[103.47071356957564,-3.1893351420748988],[103.46286179833339,-3.1799286372787026],[103.45530253608324,-3.1818748322375043],[103.45536445800336,-3.175126883485967],[103.43595557109278,-3.1668523742336867],[103.43503709888306,-3.1559687194885946],[103.42932639309862,-3.160028080235116],[103.42277335620547,-3.1508433617451077],[103.42057473503604,-3.155112113442008],[103.41169184700118,-3.1506768693555447]]]}},{"type":"Feature","properties":{"code":"1605022016","desa":"Harapan Makmur","kecamatan":"Muara Lakitan","kecCode":"160502"},"geometry":{"type":"Polygon","coordinates":[[[103.48976700484347,-3.2960792432190154],[103.47861037886594,-3.3131537841578518],[103.48280703911364,-3.327004039727764],[103.47793390792356,-3.3420751933223753],[103.49418593793074,-3.3669601097013473],[103.49080632525175,-3.372332271991056],[103.50042616363658,-3.3837130162047684],[103.50264944691452,-3.404181354825698],[103.51590751781777,-3.4115828193237423],[103.5131125013409,-3.428794319815571],[103.5194070766753,-3.4340886529768238],[103.51513283641133,-3.447933880437223],[103.5217388442723,-3.4800973572656893],[103.48175949620384,-3.4932758048787824],[103.46157027564777,-3.4806467602975406],[103.46353495617335,-3.4622822021395043],[103.45688996899689,-3.4419230735904183],[103.43020613330644,-3.4509383948807475],[103.43331743505165,-3.422282783044552],[103.41315631920882,-3.400736829085118],[103.40916797702056,-3.3712577943871267],[103.39644335607608,-3.366551212249158],[103.40082953765311,-3.3572237632566337],[103.41160380786948,-3.3586430562211147],[103.41835496540936,-3.3481215773492727],[103.44345951334593,-3.338538535635639],[103.44936635497332,-3.314621956174778],[103.4577237808279,-3.3128341731969515],[103.4795914825609,-3.2824216314243158],[103.48976700484347,-3.2960792432190154]]]}},{"type":"Feature","properties":{"code":"1605022017","desa":"Pian Raya","kecamatan":"Muara Lakitan","kecCode":"160502"},"geometry":{"type":"Polygon","coordinates":[[[103.4577237808279,-3.3128341731969515],[103.42080784290766,-3.314290806012696],[103.41164290859342,-3.320862654017964],[103.38809090077451,-3.2955548656215896],[103.40138911291729,-3.2930388817986787],[103.39996441232785,-3.284553127193966],[103.4096071762303,-3.275990043483815],[103.40641572420633,-3.2704548224162027],[103.41697160665437,-3.2619541975214736],[103.44379896874743,-3.2677644177806746],[103.454346525272,-3.2838719617912084],[103.47958704440661,-3.2823223192909072],[103.4577237808279,-3.3128341731969515]]]}},{"type":"Feature","properties":{"code":"1605022018","desa":"Sindang Laya","kecamatan":"Muara Lakitan","kecCode":"160502"},"geometry":{"type":"Polygon","coordinates":[[[103.43845464676457,-3.0752804475297983],[103.43642246312622,-3.033090286228645],[103.45883007644692,-3.033809869769805],[103.47934593796474,-3.045773754182566],[103.49505261008994,-3.0892174364156033],[103.46557230641683,-3.0925548313168596],[103.43845464676457,-3.0752804475297983]]]}},{"type":"Feature","properties":{"code":"1605022020","desa":"Semanggus Baru","kecamatan":"Muara Lakitan","kecCode":"160502"},"geometry":{"type":"Polygon","coordinates":[[[103.40688504890596,-3.04820085980637],[103.33240631230153,-3.0271024174899583],[103.31858120086179,-3.0097579954013343],[103.37006039127408,-3.0051426656726887],[103.37007434605431,-2.9887585909252072],[103.38349477696244,-2.9943264825640346],[103.40259463433493,-3.011875764818614],[103.40688504890596,-3.04820085980637]]]}},{"type":"Feature","properties":{"code":"1605022020","desa":"Semanggus Baru","kecamatan":"Muara Lakitan","kecCode":"160502"},"geometry":{"type":"Polygon","coordinates":[[[103.31720565541671,-2.9614875087601304],[103.31185626665342,-2.9536644169064057],[103.29786633196574,-2.966217155810575],[103.28115046582138,-2.9585845916273663],[103.3081899024421,-2.946776816931142],[103.32292382197687,-2.948243732595145],[103.31720565541671,-2.9614875087601304]]]}},{"type":"Feature","properties":{"code":"1605031013","desa":"Muara Kelingi","kecamatan":"Muara Kelingi","kecCode":"160503"},"geometry":{"type":"Polygon","coordinates":[[[103.22736882391217,-3.068563926486438],[103.26271141679848,-3.0686222007563484],[103.26214015934094,-3.0991234822322555],[103.23948560297826,-3.1007382167629163],[103.23576781103571,-3.085182740475562],[103.22838845726152,-3.0829893308797187],[103.2139388520964,-3.0873711948068654],[103.22736882391217,-3.068563926486438]]]}},{"type":"Feature","properties":{"code":"1605032001","desa":"Binjai","kecamatan":"Muara Kelingi","kecCode":"160503"},"geometry":{"type":"Polygon","coordinates":[[[103.33277146672987,-3.1131822195379164],[103.34586254162303,-3.155152703443209],[103.36383440273555,-3.155191165648375],[103.36352592358259,-3.1884247691604153],[103.27308124930028,-3.2137965964810125],[103.24061608586372,-3.1947937615886253],[103.23886948104177,-3.1897794593258393],[103.27718260659208,-3.1763408315499237],[103.29793388723914,-3.1594323351381925],[103.32972495574217,-3.1151661716334402],[103.32566200579696,-3.1131708997713345],[103.33277146672987,-3.1131822195379164]]]}},{"type":"Feature","properties":{"code":"1605032002","desa":"Pulau Panggung","kecamatan":"Muara Kelingi","kecCode":"160503"},"geometry":{"type":"Polygon","coordinates":[[[103.3048062823841,-3.1100164053903634],[103.32972495574217,-3.1151661716334402],[103.29793388723914,-3.1594323351381925],[103.27718260659208,-3.1763408315499237],[103.23886948104177,-3.1897794593258393],[103.2331954154361,-3.1867756283670623],[103.23255694804475,-3.1744375297560032],[103.22456403720058,-3.1657503494962302],[103.22911257698387,-3.157214279621791],[103.22001174634504,-3.152852387838595],[103.23084239955716,-3.1495024968575107],[103.22567326101223,-3.133412055254359],[103.28127445085526,-3.122147810117705],[103.3048062823841,-3.1100164053903634]]]}},{"type":"Feature","properties":{"code":"1605032003","desa":"Tanjung Lama","kecamatan":"Muara Kelingi","kecCode":"160503"},"geometry":{"type":"Polygon","coordinates":[[[103.21427351680939,-3.0877654647859907],[103.23576781103571,-3.085182740475562],[103.24277786360756,-3.1013611186875716],[103.22216214496707,-3.1182756198725383],[103.23084239955716,-3.1495024968575107],[103.22037682882761,-3.1516980603296383],[103.22912744367665,-3.1573662749399323],[103.21571728302627,-3.1759396754618447],[103.2104198004335,-3.1705168156905814],[103.21763321580032,-3.1672001672495664],[103.20227771994085,-3.161310461310721],[103.19977046133778,-3.1435093634875866],[103.18902955956658,-3.1287843067875607],[103.21427351680939,-3.0877654647859907]]]}},{"type":"Feature","properties":{"code":"1605032012","desa":"Mandi Aur","kecamatan":"Muara Kelingi","kecCode":"160503"},"geometry":{"type":"Polygon","coordinates":[[[103.21287031541276,-3.0893022361892335],[103.17875566134478,-3.1364813973275005],[103.17013481327108,-3.1101279815784806],[103.12848926606681,-3.0783344192898565],[103.12830470539792,-3.0607879465173777],[103.16781797262136,-3.056104238635667],[103.1720523297513,-3.065414957540131],[103.19272410043692,-3.0711376072144687],[103.21287031541276,-3.0893022361892335]]]}},{"type":"Feature","properties":{"code":"1605032014","desa":"Lubuk Tua","kecamatan":"Muara Kelingi","kecCode":"160503"},"geometry":{"type":"Polygon","coordinates":[[[103.13526140029347,-2.97461591539657],[103.14655702009048,-2.984016759859714],[103.17488259065908,-2.9823462970399075],[103.17064544922818,-2.9991310539327474],[103.17569448870971,-3.008055403402224],[103.21836694927534,-3.012322075866534],[103.2422755823523,-3.0399506808127392],[103.23991832706918,-3.0449920958365433],[103.2153131879533,-3.045249078010237],[103.21249736296299,-3.0512757282134326],[103.20500362082049,-3.0456939798205256],[103.1941622063208,-3.0495201580519464],[103.1850502339812,-3.0402678015509252],[103.1695515255825,-3.0460433772269444],[103.13696932887149,-3.044875893535768],[103.12261926156974,-3.0153636477742514],[103.1190974606793,-2.9877671459271413],[103.10660423439793,-2.977256568637206],[103.13526140029347,-2.97461591539657]]]}},{"type":"Feature","properties":{"code":"1605032015","desa":"Mambang","kecamatan":"Muara Kelingi","kecCode":"160503"},"geometry":{"type":"Polygon","coordinates":[[[103.26269912396543,-3.0744720739231117],[103.26271141679848,-3.0686222007563484],[103.24128645220803,-3.0636460225536295],[103.2422755823523,-3.0399506808127392],[103.21211447929983,-3.010440424351551],[103.22300409566252,-2.98379074134402],[103.2352281944257,-2.9862470506526004],[103.27121381966208,-3.0177332669342896],[103.31248111111444,-3.063412606214843],[103.30712641994836,-3.063404117514023],[103.30711472606384,-3.070033105744129],[103.26269912396543,-3.0744720739231117]]]}},{"type":"Feature","properties":{"code":"1605032016","desa":"Bingin Janggut","kecamatan":"Muara Kelingi","kecCode":"160503"},"geometry":{"type":"Polygon","coordinates":[[[103.29618290721544,-2.975511219270721],[103.32535343131586,-3.0426833023229896],[103.32012144994502,-3.0547831183636136],[103.32396409027064,-3.0634307194601447],[103.31248111111444,-3.063412606214843],[103.27121381966208,-3.0177332669342896],[103.2391931911129,-2.993420502837871],[103.2352281944257,-2.9862470506526004],[103.24706933398267,-2.9727431950487855],[103.24600353933191,-2.9641508096278844],[103.23467627059347,-2.9510068195390566],[103.22934835584203,-2.923005525644953],[103.26749305725883,-2.942427846607157],[103.28243358524185,-2.9585232128977936],[103.27733778101384,-2.961674191828855],[103.27994145773215,-2.9724835526804827],[103.29618290721544,-2.975511219270721]]]}},{"type":"Feature","properties":{"code":"1605032017","desa":"Tugu Sempurna","kecamatan":"Muara Kelingi","kecCode":"160503"},"geometry":{"type":"Polygon","coordinates":[[[103.21211447929983,-3.010440424351551],[103.17569448870971,-3.008055403402224],[103.17064544922818,-2.9991310539327474],[103.17371663401553,-2.980345965591957],[103.18327924673991,-2.9772983718238577],[103.18380488698601,-2.968489097804644],[103.19236493459414,-2.9729258185778504],[103.19707125773243,-2.9659617204707684],[103.22300409566252,-2.98379074134402],[103.21211447929983,-3.010440424351551]]]}},{"type":"Feature","properties":{"code":"1605032019","desa":"Marga Sakti","kecamatan":"Muara Kelingi","kecCode":"160503"},"geometry":{"type":"Polygon","coordinates":[[[103.20794857316815,-2.905886555499182],[103.2320044342573,-2.9213929315007623],[103.22672537787395,-2.928072723332425],[103.24706933398267,-2.9727431950487855],[103.23754944804864,-2.9863554369454652],[103.21168414470759,-2.9788984653915533],[103.2008362775722,-2.968174275733602],[103.22216714160037,-2.932049251122641],[103.20794857316815,-2.905886555499182]]]}},{"type":"Feature","properties":{"code":"1605032021","desa":"Karya Sakti","kecamatan":"Muara Kelingi","kecCode":"160503"},"geometry":{"type":"Polygon","coordinates":[[[103.16856514556508,-2.9026728380635594],[103.20755006828107,-2.9049313495821707],[103.22216714160037,-2.932049251122641],[103.2008362775722,-2.968174275733602],[103.19236493459414,-2.9729258185778504],[103.17532642317593,-2.9640360219607076],[103.17819766439078,-2.957240820130973],[103.16467030499064,-2.9464579335218013],[103.16856514556508,-2.9026728380635594]]]}},{"type":"Feature","properties":{"code":"1605032022","desa":"Petrans Jaya","kecamatan":"Muara Kelingi","kecCode":"160503"},"geometry":{"type":"Polygon","coordinates":[[[103.10579953631957,-2.895765497969407],[103.11559708433803,-2.8974753573900065],[103.11825732031912,-2.876969162707189],[103.12822250376557,-2.876797841857567],[103.1265092907712,-2.886134847046062],[103.13581774159553,-2.8840504388794224],[103.14095737878004,-2.878282625252011],[103.13667434944169,-2.8735141859451665],[103.15734710668367,-2.861978557791009],[103.16325768769218,-2.8802242651447125],[103.16846014072297,-2.879070702958773],[103.16467030499064,-2.9464579335218013],[103.14513556605355,-2.9464615811719845],[103.14319023803908,-2.9371989903861455],[103.12600460293015,-2.925578015670551],[103.10579953631957,-2.895765497969407]]]}},{"type":"Feature","properties":{"code":"1605032023","desa":"Karya Mukti","kecamatan":"Muara Kelingi","kecCode":"160503"},"geometry":{"type":"Polygon","coordinates":[[[103.08324951265494,-2.9085456538350023],[103.09211191683158,-2.912225464705595],[103.10579953631957,-2.895765497969407],[103.12600460293015,-2.925578015670551],[103.14319023803908,-2.9371989903861455],[103.14519478820897,-2.948714404478709],[103.13600487702352,-2.9584272804165637],[103.13526140029347,-2.97461591539657],[103.10660423439793,-2.977256568637206],[103.10166710835044,-2.9726723860282567],[103.08324951265494,-2.9085456538350023]]]}},{"type":"Feature","properties":{"code":"1605032024","desa":"Beliti Jaya","kecamatan":"Muara Kelingi","kecCode":"160503"},"geometry":{"type":"Polygon","coordinates":[[[103.17488259065908,-2.9823462970399075],[103.14655702009048,-2.984016759859714],[103.13526140029347,-2.97461591539657],[103.13600487702352,-2.9584272804165637],[103.14513556605355,-2.9464615811719845],[103.16467030499064,-2.9464579335218013],[103.17819766439078,-2.957240820130973],[103.17532642317593,-2.9640360219607076],[103.18380488698601,-2.968489097804644],[103.18386136171254,-2.9755866804842124],[103.17488259065908,-2.9823462970399075]]]}},{"type":"Feature","properties":{"code":"1605032026","desa":"Karya Teladan","kecamatan":"Muara Kelingi","kecCode":"160503"},"geometry":{"type":"Polygon","coordinates":[[[103.26214015934094,-3.0991234822322555],[103.26268395240254,-3.074482510555462],[103.26941103868853,-3.0698544716076266],[103.30711472606384,-3.070033105744129],[103.30386876792937,-3.100882522877543],[103.26214015934094,-3.0991234822322555]]]}},{"type":"Feature","properties":{"code":"1605032027","desa":"Temuan Sari","kecamatan":"Muara Kelingi","kecCode":"160503"},"geometry":{"type":"Polygon","coordinates":[[[103.337452810299,-3.119587745125512],[103.33277146672987,-3.1131822195379164],[103.3048062823841,-3.1100164053903634],[103.30528228275118,-3.088830361012833],[103.34809300508816,-3.095119885747766],[103.34805785598529,-3.1177280406657477],[103.337452810299,-3.119587745125512]]]}},{"type":"Feature","properties":{"code":"1605032028","desa":"Temuan Jaya","kecamatan":"Muara Kelingi","kecCode":"160503"},"geometry":{"type":"Polygon","coordinates":[[[103.30712641994836,-3.063404117514023],[103.33761677289577,-3.063452094546483],[103.33757737359694,-3.0888816268660424],[103.30708143765827,-3.088833242440669],[103.30712641994836,-3.063404117514023]]]}},{"type":"Feature","properties":{"code":"1605032029","desa":"Mekar Sari","kecamatan":"Muara Kelingi","kecCode":"160503"},"geometry":{"type":"Polygon","coordinates":[[[103.32628752564885,-3.088863816692236],[103.37357657769695,-3.0889376087639495],[103.37354756736642,-3.1079396072868684],[103.34807316694315,-3.107899876138165],[103.34809300508816,-3.095119885747766],[103.33279982505194,-3.0950958369770225],[103.32628752564885,-3.088863816692236]]]}},{"type":"Feature","properties":{"code":"1605032030","desa":"Mangan Jaya","kecamatan":"Muara Kelingi","kecCode":"160503"},"geometry":{"type":"Polygon","coordinates":[[[103.37354758984945,-3.1079208914957714],[103.37774732308054,-3.1333154446843503],[103.36388043633315,-3.133350474177335],[103.36383440273555,-3.155191165648375],[103.34586254162303,-3.155152703443209],[103.337452810299,-3.119587745125512],[103.34805785598529,-3.1177280406657477],[103.34807316694315,-3.107899876138165],[103.37354758984945,-3.1079208914957714]]]}},{"type":"Feature","properties":{"code":"1605032031","desa":"Lubuk Muda","kecamatan":"Muara Kelingi","kecCode":"160503"},"geometry":{"type":"Polygon","coordinates":[[[103.24757317376306,-3.068597384863791],[103.22736882391217,-3.068563926486438],[103.21327038961685,-3.089343797458228],[103.19272410043692,-3.0711376072144687],[103.1720523297513,-3.065414957540131],[103.16781797262136,-3.056104238635667],[103.13020827429249,-3.058111052396906],[103.12848926606681,-3.0783344192898565],[103.11325649978767,-3.0853402396446015],[103.09623517531314,-3.0680029248981104],[103.11338742488981,-3.0714049513767545],[103.11000007084664,-3.054703140754791],[103.13713458199543,-3.0447078516143735],[103.1695515255825,-3.0460433772269444],[103.1850502339812,-3.0402678015509252],[103.1941622063208,-3.0495201580519464],[103.20500362082049,-3.0456939798205256],[103.21249736296299,-3.0512757282134326],[103.2153131879533,-3.045249078010237],[103.23991832706918,-3.0449920958365433],[103.24128645220803,-3.0636460225536295],[103.24757317376306,-3.068597384863791]]]}},{"type":"Feature","properties":{"code":"1605032032","desa":"Sukamenang","kecamatan":"Muara Kelingi","kecCode":"160503"},"geometry":{"type":"Polygon","coordinates":[[[103.24277786360756,-3.1013611186875716],[103.30386876792937,-3.100882522877543],[103.3048062823841,-3.1100164053903634],[103.28127445085526,-3.122147810117705],[103.22567326101223,-3.133412055254359],[103.22216214496707,-3.1182756198725383],[103.24277786360756,-3.1013611186875716]]]}},{"type":"Feature","properties":{"code":"1605081006","desa":"Marga Tunggal","kecamatan":"Jayaloka","kecCode":"160508"},"geometry":{"type":"Polygon","coordinates":[[[103.16631761836344,-3.360297404089181],[103.1668847056647,-3.368887355944703],[103.15470365924652,-3.3838431678898027],[103.14204056092319,-3.37816914815565],[103.11868866395075,-3.384043327299394],[103.11988733073575,-3.3548038728936143],[103.12910605440095,-3.3430782458701387],[103.16631761836344,-3.360297404089181]]]}},{"type":"Feature","properties":{"code":"1605082001","desa":"Giri Yoso","kecamatan":"Jayaloka","kecCode":"160508"},"geometry":{"type":"Polygon","coordinates":[[[103.25527323836934,-3.3845865367004366],[103.25367884290432,-3.391544340452579],[103.22616591592435,-3.408744664170025],[103.21228916721132,-3.3957502556188937],[103.20018127974231,-3.4053977553408403],[103.19497787882608,-3.367249614957527],[103.23030659427394,-3.365361478431302],[103.23362523561622,-3.3770397381626367],[103.25527323836934,-3.3845865367004366]]]}},{"type":"Feature","properties":{"code":"1605082002","desa":"Kertosono","kecamatan":"Jayaloka","kecCode":"160508"},"geometry":{"type":"Polygon","coordinates":[[[103.23030659427394,-3.365361478431302],[103.19497787882608,-3.367249614957527],[103.20165267583036,-3.397355522986382],[103.18613601156773,-3.3826402005480083],[103.18757527937572,-3.3631028679871835],[103.21493403737598,-3.3461998997080196],[103.22139911787501,-3.304563216266761],[103.23079156088187,-3.3200368839256824],[103.23030659427394,-3.365361478431302]]]}},{"type":"Feature","properties":{"code":"1605082003","desa":"Margoyoso","kecamatan":"Jayaloka","kecCode":"160508"},"geometry":{"type":"Polygon","coordinates":[[[103.20165267583036,-3.397355522986382],[103.19440041694575,-3.409534782438543],[103.18487935829579,-3.4045926741521453],[103.17730873041363,-3.389286193159337],[103.18227655032263,-3.373115378245522],[103.20165267583036,-3.397355522986382]]]}},{"type":"Feature","properties":{"code":"1605082004","desa":"Bumi Rejo","kecamatan":"Jayaloka","kecCode":"160508"},"geometry":{"type":"Polygon","coordinates":[[[103.18227655032263,-3.373115378245522],[103.17752746082374,-3.379861611090649],[103.17730873041363,-3.389286193159337],[103.17115092397601,-3.381952345987919],[103.17572713859663,-3.3701884923816294],[103.18227655032263,-3.373115378245522]]]}},{"type":"Feature","properties":{"code":"1605082005","desa":"Sidodadi","kecamatan":"Jayaloka","kecCode":"160508"},"geometry":{"type":"Polygon","coordinates":[[[103.15470365924652,-3.3838431678898027],[103.16663706564809,-3.3687795605064275],[103.17572713859663,-3.3701884923816294],[103.17091131760327,-3.383080659707413],[103.18553746688063,-3.3991216763696848],[103.18432818809549,-3.41592207517101],[103.17881971555748,-3.4168268704900564],[103.17897614363422,-3.4027241311553196],[103.15470365924652,-3.3838431678898027]]]}},{"type":"Feature","properties":{"code":"1605082007","desa":"Marga Tani","kecamatan":"Jayaloka","kecCode":"160508"},"geometry":{"type":"Polygon","coordinates":[[[103.19143472173509,-3.2764592773513628],[103.18901539344567,-3.2848685392202452],[103.19729084969305,-3.290665686034903],[103.19320798965707,-3.296542776284068],[103.17058037338556,-3.300295217302357],[103.17033888383247,-3.3119566848924484],[103.16026779262461,-3.3198645612313658],[103.15064939585301,-3.3157989744782808],[103.15368924376367,-3.294433208683822],[103.13177709663574,-3.281102150616323],[103.17402908457466,-3.2736713960986883],[103.19143472173509,-3.2764592773513628]]]}},{"type":"Feature","properties":{"code":"1605082008","desa":"Sukowono","kecamatan":"Jayaloka","kecCode":"160508"},"geometry":{"type":"Polygon","coordinates":[[[103.16688407703855,-3.3688084368379427],[103.16651051934501,-3.3565627210839732],[103.1767743802335,-3.3557485000853706],[103.17902059262632,-3.3723558477184974],[103.16688407703855,-3.3688084368379427]]]}},{"type":"Feature","properties":{"code":"1605082010","desa":"Purwodadi","kecamatan":"Jayaloka","kecCode":"160508"},"geometry":{"type":"Polygon","coordinates":[[[103.21714623021442,-3.326429992573822],[103.2144084313041,-3.347232508474821],[103.18757527937572,-3.3631028679871835],[103.18700386183882,-3.373499580314413],[103.18148000190062,-3.3725441180906506],[103.1811261960172,-3.3575231223844018],[103.20245443042768,-3.349527186229505],[103.21714623021442,-3.326429992573822]]]}},{"type":"Feature","properties":{"code":"1605082012","desa":"Dono Rejo","kecamatan":"Jayaloka","kecCode":"160508"},"geometry":{"type":"Polygon","coordinates":[[[103.22139911787501,-3.304563216266761],[103.21721696728927,-3.3263171969049727],[103.20245443042768,-3.349527186229505],[103.1811261960172,-3.3575231223844018],[103.18183847886273,-3.3709285345999858],[103.17902059262632,-3.3723558477184974],[103.1767743802335,-3.3557485000853706],[103.18768307031752,-3.3429363706229567],[103.18953047295302,-3.3220657355736765],[103.20350826679316,-3.314052513549759],[103.21030290295663,-3.2977328041802663],[103.22139911787501,-3.304563216266761]]]}},{"type":"Feature","properties":{"code":"1605082015","desa":"Ngesti Boga I","kecamatan":"Jayaloka","kecCode":"160508"},"geometry":{"type":"Polygon","coordinates":[[[103.16808646162099,-3.3313144552164276],[103.17065870433578,-3.300242981080668],[103.21062102194263,-3.298282435639942],[103.20350826679316,-3.314052513549759],[103.18953047295302,-3.3220657355736765],[103.18472719840155,-3.349028056199265],[103.16808646162099,-3.3313144552164276]]]}},{"type":"Feature","properties":{"code":"1605082016","desa":"Ngesti Boga II","kecamatan":"Jayaloka","kecCode":"160508"},"geometry":{"type":"Polygon","coordinates":[[[103.27469826091605,-3.365503288027974],[103.25410106561174,-3.384959593471217],[103.25188751209907,-3.382826987038851],[103.25061313858554,-3.378764955305836],[103.23362523561622,-3.3770397381626367],[103.23079156088187,-3.3200368839256824],[103.25020700205158,-3.334712482409942],[103.26431692338734,-3.327282179351933],[103.27416909622683,-3.3568788183937377],[103.28839921375275,-3.361964703993346],[103.27469826091605,-3.365503288027974]]]}},{"type":"Feature","properties":{"code":"1605082020","desa":"Ngestikarya","kecamatan":"Jayaloka","kecCode":"160508"},"geometry":{"type":"Polygon","coordinates":[[[103.16631761836344,-3.360297404089181],[103.13300538169307,-3.342917666523077],[103.13516665581658,-3.334075515088449],[103.16820830177174,-3.3147158112220696],[103.16808646162099,-3.3313144552164276],[103.18514048184784,-3.3493543545188755],[103.16631761836344,-3.360297404089181]]]}},{"type":"Feature","properties":{"code":"1605091003","desa":"Pasar Muara Beliti","kecamatan":"Muara Beliti","kecCode":"160509"},"geometry":{"type":"Polygon","coordinates":[[[103.0558903553557,-3.263917353694077],[103.04781340826226,-3.25945928481412],[103.01388727098083,-3.2800036575165943],[103.00274020659532,-3.2784190241941435],[103.03060722184586,-3.2438361552272124],[103.03232964479736,-3.233999553260239],[103.05253621687297,-3.245208651069763],[103.0558903553557,-3.263917353694077]]]}},{"type":"Feature","properties":{"code":"1605092001","desa":"Pedang","kecamatan":"Muara Beliti","kecCode":"160509"},"geometry":{"type":"Polygon","coordinates":[[[102.98852003107464,-3.2549911552184456],[102.99395716758924,-3.276267377315465],[102.98323769576312,-3.2774452104046867],[102.9785725642725,-3.285180441192594],[102.97859722638094,-3.30594936561652],[102.9744557188564,-3.311506066091912],[102.95813565603578,-3.309368541267265],[102.97652060184437,-3.292468688239758],[102.96569122027363,-3.257103207645425],[102.98852003107464,-3.2549911552184456]]]}},{"type":"Feature","properties":{"code":"1605092002","desa":"Muara Beliti Baru","kecamatan":"Muara Beliti","kecCode":"160509"},"geometry":{"type":"Polygon","coordinates":[[[103.03232964479736,-3.233999553260239],[103.03060722184586,-3.2438361552272124],[103.00274020659532,-3.2784190241941435],[102.99305190731972,-3.2757332411745446],[102.99060868224494,-3.222147929419649],[103.0090356929429,-3.215796402724949],[103.03232964479736,-3.233999553260239]]]}},{"type":"Feature","properties":{"code":"1605092004","desa":"Mana Resmi","kecamatan":"Muara Beliti","kecCode":"160509"},"geometry":{"type":"Polygon","coordinates":[[[102.99992788716229,-3.1755158888338393],[103.00820914133885,-3.155591348670049],[103.01927511475479,-3.186962194523953],[103.0088788466815,-3.1787174186571434],[102.99992788716229,-3.1755158888338393]]]}},{"type":"Feature","properties":{"code":"1605092005","desa":"Bumi Agung","kecamatan":"Muara Beliti","kecCode":"160509"},"geometry":{"type":"Polygon","coordinates":[[[102.96690781684231,-3.2057819112601305],[102.99658345326384,-3.1846049401426924],[102.99826772427609,-3.175397836627641],[103.01927511475479,-3.186962194523953],[103.01255347296443,-3.200676206401251],[102.96690781684231,-3.2057819112601305]]]}},{"type":"Feature","properties":{"code":"1605092014","desa":"Suro","kecamatan":"Muara Beliti","kecCode":"160509"},"geometry":{"type":"Polygon","coordinates":[[[103.0558903553557,-3.263917353694077],[103.05605570740505,-3.2503268592030516],[103.04106815297295,-3.2354271100949603],[103.02054352036724,-3.229788396845019],[103.0090356929429,-3.215796402724949],[102.98962370337125,-3.2257901926955808],[102.96722041129298,-3.2058304881403794],[103.01255347296443,-3.200676206401251],[103.05901374758645,-3.2197910347672525],[103.12894601914353,-3.234259151561813],[103.1264220583314,-3.243341573068491],[103.13497222778612,-3.247253824513523],[103.13462821462046,-3.252482978410246],[103.12087257041287,-3.241786545427767],[103.11342782423475,-3.254149264778394],[103.06969683733922,-3.245576678831588],[103.0558903553557,-3.263917353694077]]]}},{"type":"Feature","properties":{"code":"1605092015","desa":"Tanah Periuk","kecamatan":"Muara Beliti","kecCode":"160509"},"geometry":{"type":"Polygon","coordinates":[[[102.94403791871501,-3.251671449082466],[102.97106345901146,-3.2625925641880533],[102.970105822226,-3.2840329089610307],[102.96019552890061,-3.2647276041858375],[102.927407498957,-3.2615105079972775],[102.92728186456647,-3.256456369365177],[102.94403791871501,-3.251671449082466]]]}},{"type":"Feature","properties":{"code":"1605092016","desa":"Ketuan Jaya","kecamatan":"Muara Beliti","kecCode":"160509"},"geometry":{"type":"Polygon","coordinates":[[[102.94635120884128,-3.2162567404988307],[102.97132042229968,-3.2062562101094088],[102.98962370337125,-3.2257901926955808],[102.9652310749542,-3.219798381329019],[102.94585946224447,-3.2327786867118378],[102.94635120884128,-3.2162567404988307]]]}},{"type":"Feature","properties":{"code":"1605092017","desa":"Air Satan","kecamatan":"Muara Beliti","kecCode":"160509"},"geometry":{"type":"Polygon","coordinates":[[[102.97434297804607,-3.247928766607709],[102.96138693635811,-3.2585730622938676],[102.94672588259344,-3.251454729556752],[102.92726192569738,-3.2562656051729393],[102.93569893975432,-3.2486540923201135],[102.94936911599194,-3.2486134222793397],[102.95604858497427,-3.235431927763167],[102.96580215434601,-3.2365029915405543],[102.97434297804607,-3.247928766607709]]]}},{"type":"Feature","properties":{"code":"1605092018","desa":"Taba Durian RemukRemanik","kecamatan":"Muara Beliti","kecCode":"160509"},"geometry":{"type":"Polygon","coordinates":[[[102.98323769576312,-3.2774452104046867],[103.01388727098083,-3.2800036575165943],[103.03305794996447,-3.267876571333592],[103.02805997398865,-3.3039246004879494],[103.02167966988094,-3.31908376533518],[102.99104563944479,-3.339387930018727],[102.99425816528218,-3.3668561022075516],[102.968627886268,-3.363456020063148],[102.95813565603578,-3.309368541267265],[102.9744557188564,-3.311506066091912],[102.98225930802073,-3.29771179242002],[102.97714036693446,-3.289331252199286],[102.98323769576312,-3.2774452104046867]]]}},{"type":"Feature","properties":{"code":"1605092019","desa":"Satan Indah Jaya","kecamatan":"Muara Beliti","kecCode":"160509"},"geometry":{"type":"Polygon","coordinates":[[[102.98852003107464,-3.2549911552184456],[102.96897108374856,-3.2546943204876158],[102.97434297804607,-3.247928766607709],[102.96580215434601,-3.2365029915405543],[102.97908146723597,-3.227137791706591],[102.98962370337125,-3.2257901926955808],[102.98852003107464,-3.2549911552184456]]]}},{"type":"Feature","properties":{"code":"1605092020","desa":"Air Lesing","kecamatan":"Muara Beliti","kecCode":"160509"},"geometry":{"type":"Polygon","coordinates":[[[102.94543725572481,-3.2326026588106074],[102.9652310749542,-3.219798381329019],[102.98004266893405,-3.2279313372914125],[102.95738036401264,-3.2390076600934936],[102.94543725572481,-3.2326026588106074]]]}},{"type":"Feature","properties":{"code":"1605101017","desa":"Terawas","kecamatan":"STL Ulu Terawas","kecCode":"160510"},"geometry":{"type":"Polygon","coordinates":[[[102.79082599932049,-2.992688690315553],[102.81530989273743,-3.0243933474253692],[102.82826521586708,-3.01838880525601],[102.84632286600754,-3.041844913843074],[102.82925627505709,-3.0645582606619755],[102.83494033932526,-3.0896979612714466],[102.81265619392825,-3.08598525589839],[102.80477535030222,-3.0931233224592183],[102.79628930790527,-3.087811234882158],[102.77613035043537,-3.094418896589204],[102.77195703568873,-3.0896597598695963],[102.7861063662159,-3.0629898466126133],[102.78738427496438,-3.0435656280808367],[102.78004428181822,-3.0156474387381187],[102.75483674711823,-3.002606708806542],[102.77877413781623,-2.99162259169515],[102.79082599932049,-2.992688690315553]]]}},{"type":"Feature","properties":{"code":"1605102001","desa":"Sumber Karya","kecamatan":"STL Ulu Terawas","kecCode":"160510"},"geometry":{"type":"Polygon","coordinates":[[[102.90150490882456,-3.1069370295811374],[102.88939570834532,-3.1286625071063585],[102.8820524794384,-3.101563428376217],[102.8927035740108,-3.0925439504194308],[102.89425274077142,-3.0737560409054097],[102.90421919675856,-3.085672670441335],[102.90150490882456,-3.1069370295811374]]]}},{"type":"Feature","properties":{"code":"1605102002","desa":"Suko Rejo","kecamatan":"STL Ulu Terawas","kecCode":"160510"},"geometry":{"type":"Polygon","coordinates":[[[102.94755867009661,-3.1365313079023722],[102.92341844540498,-3.1692262696700597],[102.91342776797715,-3.137135202655664],[102.91373891272069,-3.128333940696543],[102.92908738757295,-3.118117315810266],[102.93666391770569,-3.119192793460267],[102.94755867009661,-3.1365313079023722]]]}},{"type":"Feature","properties":{"code":"1605102003","desa":"Suka Karya","kecamatan":"STL Ulu Terawas","kecCode":"160510"},"geometry":{"type":"Polygon","coordinates":[[[102.9147303163511,-3.1402414888783916],[102.92018364066257,-3.1586771465379706],[102.9172740460604,-3.152012464215946],[102.9116125206014,-3.158573895373951],[102.89271268234448,-3.151049673416845],[102.88546359087206,-3.1541712067455157],[102.88804745642504,-3.1371610428759773],[102.89748691239116,-3.127537153955039],[102.90686505527816,-3.142787871585013],[102.9147303163511,-3.1402414888783916]]]}},{"type":"Feature","properties":{"code":"1605102011","desa":"Sri Mulyo","kecamatan":"STL Ulu Terawas","kecCode":"160510"},"geometry":{"type":"Polygon","coordinates":[[[102.88324245427587,-3.134618030828374],[102.89984995481159,-3.1055466318340126],[102.92051255421109,-3.1100060452003686],[102.92799240092863,-3.099924915770717],[102.93151708594485,-3.1182085655215888],[102.91373891272069,-3.128333940696543],[102.9146682793177,-3.140321004235666],[102.90686505527816,-3.142787871585013],[102.89748691239116,-3.127537153955039],[102.88204278744473,-3.1568954393797894],[102.86126730424274,-3.1285195364848843],[102.86737333221355,-3.1240550932103393],[102.88324245427587,-3.134618030828374]]]}},{"type":"Feature","properties":{"code":"1605102014","desa":"Sukamerindu","kecamatan":"STL Ulu Terawas","kecCode":"160510"},"geometry":{"type":"Polygon","coordinates":[[[102.85658104318064,-2.9747032683454324],[102.92391910877988,-2.9695912718295365],[102.9209174766603,-3.0453864773316295],[102.89818370981044,-3.044237706733597],[102.86861549740735,-3.026849286213263],[102.84528784255997,-2.9909086064337256],[102.85658104318064,-2.9747032683454324]]]}},{"type":"Feature","properties":{"code":"1605102015","desa":"Paduraksa","kecamatan":"STL Ulu Terawas","kecCode":"160510"},"geometry":{"type":"Polygon","coordinates":[[[102.90150490882456,-3.1069370295811374],[102.90421919675856,-3.085672670441335],[102.89856576789595,-3.0740417896933447],[102.87179668187144,-3.0533898346919917],[102.87449995041241,-3.0378719356770127],[102.8848097315839,-3.036120896299941],[102.90789478531616,-3.046386640357633],[102.92214425175587,-3.0427489357452058],[102.93009958982428,-3.078912652787878],[102.91645383917341,-3.0850379127540646],[102.9090989460596,-3.1106568081219934],[102.90150490882456,-3.1069370295811374]]]}},{"type":"Feature","properties":{"code":"1605102016","desa":"Babat","kecamatan":"STL Ulu Terawas","kecCode":"160510"},"geometry":{"type":"Polygon","coordinates":[[[102.83494033932526,-3.0896979612714466],[102.82925627505709,-3.0645582606619755],[102.84632286600754,-3.041844913843074],[102.87449467229135,-3.037829330295112],[102.87179668187144,-3.0533898346919917],[102.89425274077142,-3.0737560409054097],[102.8927035740108,-3.0925439504194308],[102.8820524794384,-3.101563428376217],[102.88877161481821,-3.1330856948814425],[102.86696539703553,-3.1240395385362545],[102.86468368030768,-3.103550189953871],[102.83494033932526,-3.0896979612714466]]]}},{"type":"Feature","properties":{"code":"1605102018","desa":"Pasenan","kecamatan":"STL Ulu Terawas","kecCode":"160510"},"geometry":{"type":"Polygon","coordinates":[[[102.77283841176335,-3.05944604471153],[102.77195703568873,-3.0896597598695963],[102.77613035043537,-3.094418896589204],[102.76999396764757,-3.0876801811771175],[102.75193160865688,-3.088818994481515],[102.74299541240839,-3.1156728532709903],[102.7248433568355,-3.135107581280197],[102.70100584934056,-3.1416888703683012],[102.64806174155619,-3.13059506294699],[102.59135660422395,-3.1373233768003685],[102.52536251067141,-3.185603440322278],[102.49063245592315,-3.1814162688260086],[102.48910634598114,-3.1304978777102446],[102.55824661339058,-3.124165499380521],[102.67866919432792,-3.096116762651075],[102.7650953982341,-3.0512876748075035],[102.77283841176335,-3.05944604471153]]]}},{"type":"Feature","properties":{"code":"1605102019","desa":"Sukaraya","kecamatan":"STL Ulu Terawas","kecCode":"160510"},"geometry":{"type":"Polygon","coordinates":[[[102.75484897430078,-3.002937726768312],[102.78004428181822,-3.0156474387381187],[102.7861063662159,-3.0629898466126133],[102.77558785689415,-3.078168454802387],[102.77283841176335,-3.05944604471153],[102.7650953982341,-3.0512876748075035],[102.67866919432792,-3.096116762651075],[102.55824661339058,-3.124165499380521],[102.48624878885056,-3.132076813827541],[102.48652871542792,-3.1099100803435804],[102.62827094225025,-3.0914541672536755],[102.7020761307089,-3.0688145396614135],[102.7382995348957,-3.048891667740042],[102.74021827715183,-3.013560053815509],[102.75484897430078,-3.002937726768312]]]}},{"type":"Feature","properties":{"code":"1605102020","desa":"Sukamana","kecamatan":"STL Ulu Terawas","kecCode":"160510"},"geometry":{"type":"Polygon","coordinates":[[[102.84632286600754,-3.041844913843074],[102.82841855567187,-3.0185782735251077],[102.851800594322,-2.9981394488552824],[102.85888630865628,-3.0180035410877974],[102.88482394267089,-3.0361367549448475],[102.84632286600754,-3.041844913843074]]]}},{"type":"Feature","properties":{"code":"1605102021","desa":"Kosgoro","kecamatan":"STL Ulu Terawas","kecCode":"160510"},"geometry":{"type":"Polygon","coordinates":[[[102.8519540483407,-2.997910472469357],[102.81530989273743,-3.0243933474253692],[102.79250308474963,-2.9937715684866655],[102.80898256859074,-2.985359581672057],[102.82020179997316,-2.9867221013351584],[102.81830023566737,-2.9909931274174464],[102.82773159863443,-2.995509267320476],[102.84528784255997,-2.9909086064337256],[102.8519540483407,-2.997910472469357]]]}},{"type":"Feature","properties":{"code":"1605102022","desa":"Sukaraya Baru","kecamatan":"STL Ulu Terawas","kecCode":"160510"},"geometry":{"type":"Polygon","coordinates":[[[102.74021827715183,-3.013560053815509],[102.7382995348957,-3.048891667740042],[102.7020761307089,-3.0688145396614135],[102.62827094225025,-3.0914541672536755],[102.49095719661737,-3.1086602853029355],[102.58462790635285,-3.0713706134624252],[102.58723437096948,-3.0560914610680223],[102.59624235560027,-3.047059679486399],[102.61673308106691,-3.0554918965504294],[102.63504570519517,-3.0408529949022705],[102.67270032196232,-3.031362887330174],[102.69703506911321,-3.0063910415831745],[102.71251629379196,-3.0124064007980924],[102.72948145740337,-3.004849247466325],[102.74021827715183,-3.013560053815509]]]}},{"type":"Feature","properties":{"code":"1605111001","desa":"Selangit","kecamatan":"Selangit","kecCode":"160511"},"geometry":{"type":"Polygon","coordinates":[[[102.84263934812748,-3.1483041898025936],[102.83513021139021,-3.1567712133277253],[102.8329577640896,-3.176438928699228],[102.80039715380565,-3.170324277135939],[102.77805703190653,-3.1538629092559587],[102.77891152094998,-3.1186119627201623],[102.78737606505342,-3.129904873746913],[102.81181642588739,-3.1326482961150046],[102.84263934812748,-3.1483041898025936]]]}},{"type":"Feature","properties":{"code":"1605112002","desa":"Lubuk Ngin","kecamatan":"Selangit","kecCode":"160511"},"geometry":{"type":"Polygon","coordinates":[[[102.77613035043537,-3.094418896589204],[102.79897089469107,-3.0884995876667247],[102.80477553826051,-3.092662917236214],[102.80531397406071,-3.111483783305884],[102.82775013186313,-3.1213470097020033],[102.86674039475349,-3.1202135104916113],[102.8668023310628,-3.1258306624954932],[102.84263934812748,-3.1483041898025936],[102.81181642588739,-3.1326482961150046],[102.78737606505342,-3.129904873746913],[102.77891152094998,-3.1186119627201623],[102.74662343672229,-3.1044659165323885],[102.75193160865688,-3.088818994481515],[102.76999396764757,-3.0876801811771175],[102.77613035043537,-3.094418896589204]]]}},{"type":"Feature","properties":{"code":"1605112003","desa":"Napal Melintang","kecamatan":"Selangit","kecCode":"160511"},"geometry":{"type":"Polygon","coordinates":[[[102.49063245592315,-3.1814162688260086],[102.52536251067141,-3.185603440322278],[102.59176927073531,-3.137483306836961],[102.63323187335232,-3.159624693828396],[102.67868018674129,-3.166401012593162],[102.6826928528929,-3.198432195551236],[102.67236209773267,-3.207711339258775],[102.66473751862162,-3.2342796713928483],[102.62477565337376,-3.2648833137040723],[102.62056062177531,-3.3303107659486773],[102.61080958759243,-3.3190905633105285],[102.58915774743217,-3.31415542207206],[102.56765585483389,-3.2765920550567578],[102.54541675917612,-3.2909255064689646],[102.53932946228491,-3.276162962428708],[102.49427214894058,-3.2683698341868626],[102.48423762416706,-3.254473264430944],[102.4931450178284,-3.239446918657926],[102.48432236278688,-3.2282035908526985],[102.490427143398,-3.2172119356239564],[102.48540734807072,-3.204829008506945],[102.49063245592315,-3.1814162688260086]]]}},{"type":"Feature","properties":{"code":"1605112004","desa":"Taba Tengah","kecamatan":"Selangit","kecCode":"160511"},"geometry":{"type":"Polygon","coordinates":[[[102.79263718265992,-3.162864678662308],[102.81391547771715,-3.175676902553507],[102.80746757157124,-3.2025245928930746],[102.78125070885318,-3.1893854600425886],[102.79263718265992,-3.162864678662308]]]}},{"type":"Feature","properties":{"code":"1605112005","desa":"Taba Remanik","kecamatan":"Selangit","kecCode":"160511"},"geometry":{"type":"Polygon","coordinates":[[[102.62056062177531,-3.3303107659486773],[102.62477565337376,-3.2648833137040723],[102.65360367876683,-3.239162206788338],[102.66471417132202,-3.234287433441449],[102.68589087806161,-3.2373743824416064],[102.70406331586939,-3.2222770594748162],[102.75435019500553,-3.2092307942159723],[102.76912374316629,-3.200641534838451],[102.776015330743,-3.1868360556139246],[102.80746757157124,-3.2025245928930746],[102.81190495784756,-3.222084682798222],[102.80732002699773,-3.233655526605082],[102.78314287884086,-3.242118668656315],[102.77016498812377,-3.254023049426074],[102.77798520755135,-3.268531859643775],[102.7673801555698,-3.268779425016367],[102.7530468822079,-3.2833247809840715],[102.75821083975853,-3.289885283142423],[102.75132041590454,-3.3091168453085427],[102.73956261472296,-3.3050906533577313],[102.67468724901737,-3.3156966226363487],[102.6380781669739,-3.337774453639629],[102.63236203737817,-3.325980429577361],[102.62056062177531,-3.3303107659486773]]]}},{"type":"Feature","properties":{"code":"1605112006","desa":"Batu Gane","kecamatan":"Selangit","kecCode":"160511"},"geometry":{"type":"Polygon","coordinates":[[[102.63323187335232,-3.159624693828396],[102.59135660422395,-3.1373233768003685],[102.59428112397471,-3.1370035823777216],[102.59931391270698,-3.138158159898189],[102.64806174155619,-3.13059506294699],[102.70099340901868,-3.141653611548201],[102.68550439800964,-3.1807308712137745],[102.68690969122935,-3.1951842490192317],[102.6826928528929,-3.198432195551236],[102.67775697870167,-3.1820213533824155],[102.6812997517822,-3.171624208481281],[102.67281532456764,-3.161920971477001],[102.63323187335232,-3.159624693828396]]]}},{"type":"Feature","properties":{"code":"1605112007","desa":"Karang Panggung","kecamatan":"Selangit","kecCode":"160511"},"geometry":{"type":"Polygon","coordinates":[[[102.70100584934056,-3.1416888703683012],[102.71132064063511,-3.138411252504119],[102.7167110969396,-3.161060123328369],[102.70784281209613,-3.1786237911383672],[102.68690969122935,-3.1951842490192317],[102.68550439800964,-3.1807308712137745],[102.70100584934056,-3.1416888703683012]]]}},{"type":"Feature","properties":{"code":"1605112008","desa":"Muara Nilau","kecamatan":"Selangit","kecCode":"160511"},"geometry":{"type":"Polygon","coordinates":[[[102.71132064063511,-3.138411252504119],[102.73233083430063,-3.132035388356184],[102.74131444280731,-3.116477906580667],[102.73974916109493,-3.161056869581146],[102.73035539068877,-3.180507340222852],[102.69747719201888,-3.1871481482425668],[102.7167110969396,-3.161060123328369],[102.71132064063511,-3.138411252504119]]]}},{"type":"Feature","properties":{"code":"1605112009","desa":"Perabumenang","kecamatan":"Selangit","kecCode":"160511"},"geometry":{"type":"Polygon","coordinates":[[[102.77891152094998,-3.1186119627201623],[102.77787126704538,-3.153176348820278],[102.77017371604421,-3.1529242292808575],[102.76484823935482,-3.169511685708859],[102.75728602732833,-3.1702682664596677],[102.75706247565279,-3.113155002455532],[102.77891152094998,-3.1186119627201623]]]}},{"type":"Feature","properties":{"code":"1605112010","desa":"Taba Rena","kecamatan":"Selangit","kecCode":"160511"},"geometry":{"type":"Polygon","coordinates":[[[102.77017371604421,-3.1529242292808575],[102.79263718265992,-3.162864678662308],[102.78186505193064,-3.1795700335124746],[102.78504467067506,-3.185952347598159],[102.776015330743,-3.1868360556139246],[102.76912374316629,-3.200641534838451],[102.70406331586939,-3.2222770594748162],[102.68589087806161,-3.2373743824416064],[102.66419006441998,-3.236598134417039],[102.67236209773267,-3.207711339258775],[102.69353614877429,-3.189302489490055],[102.76465809029867,-3.1696759181021035],[102.77017371604421,-3.1529242292808575]]]}},{"type":"Feature","properties":{"code":"1605112011","desa":"Taba Gindo","kecamatan":"Selangit","kecCode":"160511"},"geometry":{"type":"Polygon","coordinates":[[[102.73974916109493,-3.161056869581146],[102.74662343672229,-3.1044659165323885],[102.7570963594095,-3.1131625010027357],[102.75789319381589,-3.1691526448721983],[102.7307969524175,-3.179593067848063],[102.73974916109493,-3.161056869581146]]]}},{"type":"Feature","properties":{"code":"1605112012","desa":"Lubuk Ngin Baru","kecamatan":"Selangit","kecCode":"160511"},"geometry":{"type":"Polygon","coordinates":[[[102.80477535030222,-3.0931233224592183],[102.82523483242164,-3.085177843667017],[102.86468368030768,-3.103550189953871],[102.86687286758882,-3.120213167849874],[102.82170908260815,-3.1188038267832265],[102.80531397406071,-3.111483783305884],[102.80477535030222,-3.0931233224592183]]]}},{"type":"Feature","properties":{"code":"1605121001","desa":"Megang Sakti I","kecamatan":"Megang Sakti","kecCode":"160512"},"geometry":{"type":"Polygon","coordinates":[[[103.04138940879425,-3.027875368599946],[103.04531245930265,-3.042380681354226],[103.02584621632984,-3.0342941394026073],[103.0212505448768,-3.0407384149784407],[103.00445581178633,-3.0246720653136],[103.01110326220584,-3.0188852103405335],[103.02855095166512,-3.029056227907897],[103.04138940879425,-3.027875368599946]]]}},{"type":"Feature","properties":{"code":"1605121021","desa":"Talang Ubi","kecamatan":"Megang Sakti","kecCode":"160512"},"geometry":{"type":"Polygon","coordinates":[[[103.0234657063773,-3.041147516576817],[103.02584621632984,-3.0342941394026073],[103.04234861399736,-3.042380681354226],[103.0623547397795,-3.042860166593694],[103.05703343324642,-3.0543760213541438],[103.06076278057793,-3.0634198016905065],[103.0234657063773,-3.041147516576817]]]}},{"type":"Feature","properties":{"code":"1605122002","desa":"Muara Megang","kecamatan":"Megang Sakti","kecCode":"160512"},"geometry":{"type":"Polygon","coordinates":[[[103.07836995940619,-2.8765144546893526],[103.0903166883645,-2.9391784413748616],[103.07616580380885,-2.94223671639087],[103.0637390257355,-2.936562206526318],[103.06074028493627,-2.9543039850672463],[103.04318103637581,-2.9716617530949634],[103.01466024367534,-2.9643717307862167],[103.04651706790844,-2.920851252745898],[103.03333399326925,-2.906383437224388],[103.02650741228727,-2.911933538474514],[103.01811800384287,-2.895686847759951],[103.06296073894701,-2.887321853220207],[103.07836995940619,-2.8765144546893526]]]}},{"type":"Feature","properties":{"code":"1605122003","desa":"Megang Sakti II","kecamatan":"Megang Sakti","kecCode":"160512"},"geometry":{"type":"Polygon","coordinates":[[[103.0103932699335,-3.035665357308498],[103.03282386722776,-3.042934590888834],[103.03929243529772,-3.0534085208054838],[103.03167907343054,-3.0589137009194336],[103.01896969689402,-3.056566003633606],[103.01172916157161,-3.068612279435509],[103.01498556083503,-3.0497992797356948],[103.0103932699335,-3.035665357308498]]]}},{"type":"Feature","properties":{"code":"1605122004","desa":"Megang Sakti III","kecamatan":"Megang Sakti","kecCode":"160512"},"geometry":{"type":"Polygon","coordinates":[[[103.07633831266304,-3.0742984490104526],[103.05703343324642,-3.0543760213541438],[103.0699993926579,-3.0318469078507486],[103.06825039833727,-3.0230632078524917],[103.07689008990575,-3.0291524877422673],[103.08831966641954,-3.0276516883215594],[103.09101388868008,-3.0677562867265364],[103.07633831266304,-3.0742984490104526]]]}},{"type":"Feature","properties":{"code":"1605122005","desa":"Megang Sakti IV","kecamatan":"Megang Sakti","kecCode":"160512"},"geometry":{"type":"Polygon","coordinates":[[[103.03896256666916,-3.053488093719329],[103.07633831266304,-3.0742984490104526],[103.05268162375796,-3.115112744709416],[103.03426598408792,-3.1127098929018726],[103.00811741228881,-3.1286649037996392],[103.03896256666916,-3.053488093719329]]]}},{"type":"Feature","properties":{"code":"1605122006","desa":"Jajaran Baru","kecamatan":"Megang Sakti","kecCode":"160512"},"geometry":{"type":"Polygon","coordinates":[[[103.01466024367534,-2.9643717307862167],[103.04557475197328,-2.9693618170043488],[103.04266902085868,-2.983819612279622],[103.04828097388787,-2.9862715346952573],[103.03507805840576,-2.998885378035747],[102.99696096977299,-3.002940851013069],[102.96311497737433,-2.958428562849858],[102.96323255473867,-2.9461328978502497],[102.95691741280842,-2.9411460428962735],[102.9714829208002,-2.940992215659071],[103.01466024367534,-2.9643717307862167]]]}},{"type":"Feature","properties":{"code":"1605122007","desa":"Sumber Rejo","kecamatan":"Megang Sakti","kecCode":"160512"},"geometry":{"type":"Polygon","coordinates":[[[102.99757308433043,-3.0141124785694946],[103.00899620281255,-3.0321423126595355],[102.99257976234621,-3.0434958505826497],[102.99422532473896,-3.0731962543010956],[102.97627965458247,-3.066327328748148],[102.96981914893462,-3.0337561163918045],[102.992570348243,-3.0034416753661057],[102.9995558394305,-3.003482974932329],[102.99757308433043,-3.0141124785694946]]]}},{"type":"Feature","properties":{"code":"1605122008","desa":"Rejo Sari","kecamatan":"Megang Sakti","kecCode":"160512"},"geometry":{"type":"Polygon","coordinates":[[[102.89385952209932,-2.9679556694301628],[102.86996210716556,-2.971515986481349],[102.8732568391319,-2.926833767820413],[102.9151133403085,-2.932432502608082],[102.8937769319599,-2.9583479026556088],[102.89385952209932,-2.9679556694301628]]]}},{"type":"Feature","properties":{"code":"1605122009","desa":"Mekar Sari","kecamatan":"Megang Sakti","kecCode":"160512"},"geometry":{"type":"Polygon","coordinates":[[[102.95926567307242,-2.932060038490543],[102.960889104049,-2.9454461035909016],[102.92160074377938,-2.948860225051697],[102.92153898463646,-2.9330507217629322],[102.91090330534333,-2.93151289815291],[102.90104799476921,-2.8859722325332173],[102.94940738664167,-2.8801146476799144],[102.94917254127984,-2.911496905930436],[102.96592307269174,-2.9316672451982426],[102.95926567307242,-2.932060038490543]]]}},{"type":"Feature","properties":{"code":"1605122010","desa":"Campur Sari","kecamatan":"Megang Sakti","kecCode":"160512"},"geometry":{"type":"Polygon","coordinates":[[[102.99833552596378,-2.8619630139087704],[103.0244510090069,-2.9137736044387395],[103.02041199901458,-2.910369437573656],[103.00730834710258,-2.9201066680518606],[102.99936652134794,-2.9171260980577833],[102.99449029738935,-2.929700564582537],[102.98840901876127,-2.924139623803827],[102.98449328783506,-2.9317398456683024],[102.9820265526833,-2.927381533186862],[102.97364843073058,-2.9289452024131393],[102.97597184272644,-2.9335903194865605],[102.96592307269174,-2.9316672451982426],[102.94917254127984,-2.911496905930436],[102.94940738664167,-2.8801146476799144],[102.99833552596378,-2.8619630139087704]]]}},{"type":"Feature","properties":{"code":"1605122011","desa":"Tegal Sari","kecamatan":"Megang Sakti","kecCode":"160512"},"geometry":{"type":"Polygon","coordinates":[[[103.0781782428317,-2.8765811825863934],[103.06296073894701,-2.887321853220207],[103.01811800384287,-2.895686847759951],[102.99833552596378,-2.8619630139087704],[103.01430040963623,-2.854419263173528],[103.02693158742288,-2.859484171187054],[103.03719605805169,-2.855859476167374],[103.04314565794584,-2.8721559821286258],[103.05685513995279,-2.8754069207049713],[103.06036768592003,-2.8828296721557765],[103.0781782428317,-2.8765811825863934]]]}},{"type":"Feature","properties":{"code":"1605122012","desa":"Marga Puspita","kecamatan":"Megang Sakti","kecCode":"160512"},"geometry":{"type":"Polygon","coordinates":[[[103.09894345037998,-2.8462993042133924],[103.08070018466583,-2.8753522751995666],[103.0620325963273,-2.8832152960527666],[103.05685513995279,-2.8754069207049713],[103.04314565794584,-2.8721559821286258],[103.03719605805169,-2.855859476167374],[103.09894345037998,-2.8462993042133924]]]}},{"type":"Feature","properties":{"code":"1605122013","desa":"Megang Sakti V","kecamatan":"Megang Sakti","kecCode":"160512"},"geometry":{"type":"Polygon","coordinates":[[[103.04994241291206,-3.0214478968564715],[103.02855095166512,-3.029056227907897],[103.01110326220584,-3.0188852103405335],[103.00445581178633,-3.0246720653136],[102.99757308433043,-3.0141124785694946],[102.99874244670661,-3.000208677365131],[103.02689747883562,-3.000983340784271],[103.05302773414267,-2.9878970341107647],[103.0519551882814,-3.0077990039891835],[103.04448350471006,-3.0142806967580054],[103.04994241291206,-3.0214478968564715]]]}},{"type":"Feature","properties":{"code":"1605122014","desa":"Pagar Ayu","kecamatan":"Megang Sakti","kecCode":"160512"},"geometry":{"type":"Polygon","coordinates":[[[103.09931396206973,-2.9758366218656676],[103.1190974606793,-2.9877671459271413],[103.12261926156974,-3.0153636477742514],[103.07557278905301,-3.028448163897562],[103.06825039833727,-3.0230632078524917],[103.06798060981735,-3.0091802142623063],[103.09931396206973,-2.9758366218656676]]]}},{"type":"Feature","properties":{"code":"1605122015","desa":"Karya Mulia","kecamatan":"Megang Sakti","kecCode":"160512"},"geometry":{"type":"Polygon","coordinates":[[[102.93952398844134,-2.9672081889192286],[102.89385952209932,-2.9679556694301628],[102.8937769319599,-2.9583479026556088],[102.91943251429916,-2.9300197519627393],[102.92160074377938,-2.948860225051697],[102.93570055403738,-2.946029232998125],[102.9394924294321,-2.9550929036401365],[102.93952398844134,-2.9672081889192286]]]}},{"type":"Feature","properties":{"code":"1605122016","desa":"Wonosari","kecamatan":"Megang Sakti","kecCode":"160512"},"geometry":{"type":"Polygon","coordinates":[[[103.00899620281255,-3.0321423126595355],[103.01498556083503,-3.0497992797356948],[103.01149314978908,-3.0682309003385733],[103.0040184211133,-3.082109007912165],[102.99597617076375,-3.0842682126932583],[102.99257976234621,-3.0434958505826497],[103.00899620281255,-3.0321423126595355]]]}},{"type":"Feature","properties":{"code":"1605122017","desa":"Trisakti","kecamatan":"Megang Sakti","kecCode":"160512"},"geometry":{"type":"Polygon","coordinates":[[[103.04596288228122,-3.040857464532779],[103.04131892173092,-3.0273728562194218],[103.04994241291206,-3.0214478968564715],[103.04448350471006,-3.0142806967580054],[103.0519551882814,-3.0077990039891835],[103.05409616380695,-2.987994388420096],[103.06607309379831,-2.991449514469573],[103.0699993926579,-3.0318469078507486],[103.0623547397795,-3.042860166593694],[103.04596288228122,-3.040857464532779]]]}},{"type":"Feature","properties":{"code":"1605122018","desa":"Jajaran Baru II","kecamatan":"Megang Sakti","kecCode":"160512"},"geometry":{"type":"Polygon","coordinates":[[[103.00730834710258,-2.9201066680518606],[103.03333399326925,-2.906383437224388],[103.04644452679354,-2.921520975174925],[103.01466024367534,-2.9643717307862167],[102.9714829208002,-2.940992215659071],[102.95691741280842,-2.9411460428962735],[102.95926567307242,-2.932060038490543],[102.97597184272644,-2.9335903194865605],[102.97364843073058,-2.9289452024131393],[102.9820265526833,-2.927381533186862],[102.98449328783506,-2.9317398456683024],[102.98840901876127,-2.924139623803827],[102.99449029738935,-2.929700564582537],[102.99936652134794,-2.9171260980577833],[103.00730834710258,-2.9201066680518606]]]}},{"type":"Feature","properties":{"code":"1605122019","desa":"Muara Megang I","kecamatan":"Megang Sakti","kecCode":"160512"},"geometry":{"type":"Polygon","coordinates":[[[103.0903166883645,-2.9391784413748616],[103.10229562114607,-2.973403459307895],[103.06872569903186,-3.0083881165860342],[103.06607309379831,-2.991449514469573],[103.04266902085868,-2.983819612279622],[103.04557475197328,-2.9693618170043488],[103.06074028493627,-2.9543039850672463],[103.0637390257355,-2.936562206526318],[103.07616580380885,-2.94223671639087],[103.0903166883645,-2.9391784413748616]]]}},{"type":"Feature","properties":{"code":"1605122020","desa":"Mulyo Sari","kecamatan":"Megang Sakti","kecCode":"160512"},"geometry":{"type":"Polygon","coordinates":[[[103.12261926156974,-3.0153636477742514],[103.13860257594818,-3.0479357585532365],[103.11000007084664,-3.054703140754791],[103.11338742488981,-3.0714049513767545],[103.09101388868008,-3.0677562867265364],[103.08832017183852,-3.0276154510390687],[103.12261926156974,-3.0153636477742514]]]}},{"type":"Feature","properties":{"code":"1605131005","desa":"Purwodadi","kecamatan":"Purwodadi","kecCode":"160513"},"geometry":{"type":"Polygon","coordinates":[[[102.97914473184396,-3.1155866676420736],[102.97708306303298,-3.12860480660396],[102.96146502808863,-3.1102867568855235],[102.98868294686058,-3.0989771976091167],[102.99198684022053,-3.111424044939712],[102.97914473184396,-3.1155866676420736]]]}},{"type":"Feature","properties":{"code":"1605131007","desa":"Mangun Harjo","kecamatan":"Purwodadi","kecCode":"160513"},"geometry":{"type":"Polygon","coordinates":[[[102.97073910592506,-3.146566589894192],[102.9582023182824,-3.147054961334877],[102.94185403383665,-3.1410088255208635],[102.95609315357626,-3.1341911415392993],[102.97073910592506,-3.146566589894192]]]}},{"type":"Feature","properties":{"code":"1605132001","desa":"Bangun Sari","kecamatan":"Purwodadi","kecCode":"160513"},"geometry":{"type":"Polygon","coordinates":[[[102.96691069287425,-3.1047663863229333],[102.95611073082564,-3.108603096514736],[102.95045662207554,-3.0979234313918607],[102.96530729789356,-3.099732883534443],[102.96691069287425,-3.1047663863229333]]]}},{"type":"Feature","properties":{"code":"1605132002","desa":"Kerto Sari","kecamatan":"Purwodadi","kecCode":"160513"},"geometry":{"type":"Polygon","coordinates":[[[102.95754091997753,-3.107008872822029],[102.96258118297526,-3.1176130416578336],[102.95397910824931,-3.1271611285222134],[102.94835952177459,-3.118518750688101],[102.95754091997753,-3.107008872822029]]]}},{"type":"Feature","properties":{"code":"1605132003","desa":"Pagar Sari","kecamatan":"Purwodadi","kecCode":"160513"},"geometry":{"type":"Polygon","coordinates":[[[102.9673813926372,-3.102680021231455],[102.96375169558434,-3.092876557483223],[102.97532812958956,-3.0820269088026655],[102.97952974779967,-3.090459576427012],[102.9673813926372,-3.102680021231455]]]}},{"type":"Feature","properties":{"code":"1605132004","desa":"Mardi Harjo","kecamatan":"Purwodadi","kecCode":"160513"},"geometry":{"type":"Polygon","coordinates":[[[102.97708306303298,-3.12860480660396],[102.97177852705742,-3.1474483265960163],[102.96350414370134,-3.1357996914322412],[102.949598843312,-3.13689187938515],[102.94808651997697,-3.1323972737484955],[102.96258819678792,-3.1165017044405574],[102.97708306303298,-3.12860480660396]]]}},{"type":"Feature","properties":{"code":"1605132006","desa":"Karya Dadi","kecamatan":"Purwodadi","kecCode":"160513"},"geometry":{"type":"Polygon","coordinates":[[[102.98474263476487,-3.0827953147389855],[102.99826248572519,-3.083641065968507],[102.99767161405377,-3.0955009734643806],[102.98841375459115,-3.0989120246398056],[102.97550382204382,-3.0917538591305984],[102.98474263476487,-3.0827953147389855]]]}},{"type":"Feature","properties":{"code":"1605132008","desa":"Rejo Sari","kecamatan":"Purwodadi","kecCode":"160513"},"geometry":{"type":"Polygon","coordinates":[[[102.94754561733646,-3.1365704185188252],[102.93962219800608,-3.127711545989415],[102.94782784527887,-3.1194736274532784],[102.95397910824931,-3.1271611285222134],[102.94754561733646,-3.1365704185188252]]]}},{"type":"Feature","properties":{"code":"1605132009","desa":"Sadar Karya","kecamatan":"Purwodadi","kecCode":"160513"},"geometry":{"type":"Polygon","coordinates":[[[102.99321588790296,-3.134103337130774],[102.99013910573517,-3.1225977868023382],[102.97867049594667,-3.122859206231014],[102.97914473184396,-3.1155866676420736],[102.98843186064191,-3.1160006255794355],[102.99368474675374,-3.1065609627794886],[103.01885370593385,-3.0979353923750383],[103.02429007442743,-3.0885299244971818],[103.01246652920702,-3.1239141514594015],[102.99321588790296,-3.134103337130774]]]}},{"type":"Feature","properties":{"code":"1605132010","desa":"Purwakarya","kecamatan":"Purwodadi","kecCode":"160513"},"geometry":{"type":"Polygon","coordinates":[[[102.98861288067997,-3.0989672502079197],[102.97798183829129,-3.1055123514762224],[102.96691069287425,-3.1047663863229333],[102.97384388398812,-3.0917851114709975],[102.98861288067997,-3.0989672502079197]]]}},{"type":"Feature","properties":{"code":"1605132011","desa":"Tri Karya","kecamatan":"Purwodadi","kecCode":"160513"},"geometry":{"type":"Polygon","coordinates":[[[102.99815136189589,-3.083681450924279],[103.01896969689402,-3.056566003633606],[103.03613693007532,-3.0558004863196553],[103.03485268740165,-3.0728274522229375],[103.02263825365253,-3.0946693991476244],[102.99371327774566,-3.106547698678639],[102.98849639779057,-3.098884420848962],[102.99900947340853,-3.093773189656093],[102.99815136189589,-3.083681450924279]]]}},{"type":"Feature","properties":{"code":"1605141017","desa":"Bangun Jaya","kecamatan":"BTS. Ulu","kecCode":"160514"},"geometry":{"type":"Polygon","coordinates":[[[103.38623847002941,-3.3152883879845056],[103.37626529700589,-3.357524487555268],[103.3609968869968,-3.359945567721424],[103.36360426532462,-3.354958066154794],[103.35631358380492,-3.3554258098457734],[103.34515003574563,-3.3434904564247945],[103.35613068778109,-3.342028969068588],[103.35325068896816,-3.313087512217066],[103.38623847002941,-3.3152883879845056]]]}},{"type":"Feature","properties":{"code":"1605142001","desa":"Kembang Tanjung","kecamatan":"BTS. Ulu","kecCode":"160514"},"geometry":{"type":"Polygon","coordinates":[[[103.18487935829579,-3.4045926741521453],[103.19440041694575,-3.409534782438543],[103.19301946387719,-3.445154823332424],[103.20009966806525,-3.451180377262082],[103.18785904156158,-3.476376959091807],[103.17580854612753,-3.4524457287755355],[103.13119101295496,-3.4654702124545005],[103.13993857370627,-3.4485936518677884],[103.1488289009331,-3.445917726317164],[103.15344035279007,-3.43018471936137],[103.1823462369893,-3.4236808196331987],[103.18487935829579,-3.4045926741521453]]]}},{"type":"Feature","properties":{"code":"1605142002","desa":"Gn. Kembang Baru","kecamatan":"BTS. Ulu","kecCode":"160514"},"geometry":{"type":"Polygon","coordinates":[[[103.1923669292904,-3.4141016728832323],[103.21228916721132,-3.3957502556188937],[103.23152339768671,-3.416209431946818],[103.2234288643507,-3.4540132264156913],[103.19036040870593,-3.481020450191054],[103.20009966806525,-3.451180377262082],[103.19308972521071,-3.4455541034346635],[103.1923669292904,-3.4141016728832323]]]}},{"type":"Feature","properties":{"code":"1605142003","desa":"Gn. Kembang Lama","kecamatan":"BTS. Ulu","kecCode":"160514"},"geometry":{"type":"Polygon","coordinates":[[[103.22470837119441,-3.501360830573482],[103.20216158778709,-3.5013082741931316],[103.19036040870593,-3.481020450191054],[103.2234288643507,-3.4540132264156913],[103.23152339768671,-3.416209431946818],[103.22760023026649,-3.40346204827567],[103.23856531503729,-3.4035453911476106],[103.25562407469134,-3.3869613089757973],[103.2637881193263,-3.413977094296925],[103.24572468834373,-3.4300348230608284],[103.24175523011986,-3.4834614242601423],[103.22470837119441,-3.501360830573482]]]}},{"type":"Feature","properties":{"code":"1605142004","desa":"Sungai Bunut","kecamatan":"BTS. Ulu","kecCode":"160514"},"geometry":{"type":"Polygon","coordinates":[[[103.28115461619262,-3.5036646283530493],[103.27536705074886,-3.500388185902713],[103.26558717980457,-3.5068387468404327],[103.26623555772487,-3.4828554529722386],[103.26141260690632,-3.4776288252711445],[103.24635366608885,-3.5016212454594253],[103.22470837119441,-3.501360830573482],[103.24175523011986,-3.4834614242601423],[103.24572468834373,-3.4300348230608284],[103.26257732428417,-3.4150534460879856],[103.28115461619262,-3.5036646283530493]]]}},{"type":"Feature","properties":{"code":"1605142005","desa":"Sungai Naik","kecamatan":"BTS. Ulu","kecCode":"160514"},"geometry":{"type":"Polygon","coordinates":[[[103.30193946043782,-3.516064243290009],[103.29541078617886,-3.512507737565701],[103.29442320736517,-3.5186640924909063],[103.28115461619262,-3.5036646283530493],[103.26296572798599,-3.4347673218615804],[103.26912630973145,-3.429222798206649],[103.2637881193263,-3.413977094296925],[103.2847645767239,-3.4228625202090295],[103.30941946183871,-3.4747141270195714],[103.29916273437277,-3.5039827293522223],[103.30193946043782,-3.516064243290009]]]}},{"type":"Feature","properties":{"code":"1605142006","desa":"Pangkalan T. Lama","kecamatan":"BTS. Ulu","kecCode":"160514"},"geometry":{"type":"Polygon","coordinates":[[[103.25562407469134,-3.3869613089757973],[103.27469826091605,-3.365503288027974],[103.28839921375275,-3.361964703993346],[103.31048827101692,-3.379547512074561],[103.34170271041181,-3.3897293430903486],[103.34405920576778,-3.4009650725235616],[103.35959762193276,-3.4104416183193624],[103.35515026757088,-3.428016015041454],[103.27757508242416,-3.422623502892479],[103.2637881193263,-3.413977094296925],[103.25562407469134,-3.3869613089757973]]]}},{"type":"Feature","properties":{"code":"1605142007","desa":"Sadu","kecamatan":"BTS. Ulu","kecCode":"160514"},"geometry":{"type":"Polygon","coordinates":[[[103.37029248920709,-3.3620040610239963],[103.36670452159642,-3.3714167720416595],[103.34967358786581,-3.3619808414281276],[103.35469334991824,-3.37696960543224],[103.33714696975692,-3.3911593622687923],[103.27416909622683,-3.3568788183937377],[103.34508798971899,-3.3434241215314553],[103.37029248920709,-3.3620040610239963]]]}},{"type":"Feature","properties":{"code":"1605142008","desa":"Tambangan","kecamatan":"BTS. Ulu","kecCode":"160514"},"geometry":{"type":"Polygon","coordinates":[[[103.25020700205158,-3.334712482409942],[103.21030290295663,-3.2977328041802663],[103.24114731899363,-3.2889631327065496],[103.25593095574908,-3.296278901706193],[103.29962223577765,-3.281745645217245],[103.37633004909252,-3.3118870162122436],[103.35325068896816,-3.313087512217066],[103.35613068778109,-3.342028969068588],[103.27416909622683,-3.3568788183937377],[103.26450141570785,-3.3274165884275257],[103.25020700205158,-3.334712482409942]]]}},{"type":"Feature","properties":{"code":"1605142009","desa":"Pelawe","kecamatan":"BTS. Ulu","kecCode":"160514"},"geometry":{"type":"Polygon","coordinates":[[[103.39155896357539,-3.2926043320844856],[103.38393118557582,-3.3050380672997637],[103.3902359637188,-3.3131397349488916],[103.38147345533577,-3.31527937228095],[103.29962223577765,-3.281745645217245],[103.25593095574908,-3.296278901706193],[103.24114731899363,-3.2889631327065496],[103.21229814604264,-3.2976682859173905],[103.20974715430776,-3.2891378556913855],[103.21987874470835,-3.2807482179289518],[103.21482311319619,-3.273060867046689],[103.22453544055821,-3.263460096098208],[103.22260331908795,-3.2557696794271425],[103.23069533791954,-3.252714878492072],[103.22799988358781,-3.2467605166941462],[103.23657075543603,-3.2467158293817233],[103.23135378644815,-3.2376693573744695],[103.24856473477473,-3.219142184703572],[103.24427471590546,-3.2173726022052875],[103.24948872342588,-3.2067050203733074],[103.33387240328885,-3.2345890372770603],[103.4086872696019,-3.216025741537589],[103.4394582640877,-3.1973124856457797],[103.44201285311073,-3.208765782665487],[103.42063077179273,-3.2117972192136954],[103.41734640900961,-3.22034899934503],[103.43096152605364,-3.2499585355642027],[103.406716131944,-3.2699848780842578],[103.4096071762303,-3.275990043483815],[103.39996441232785,-3.284553127193966],[103.40138911291729,-3.2930388817986787],[103.39155896357539,-3.2926043320844856]]]}},{"type":"Feature","properties":{"code":"1605142010","desa":"Lubuk Pauh","kecamatan":"BTS. Ulu","kecCode":"160514"},"geometry":{"type":"Polygon","coordinates":[[[103.39862545759883,-3.18620494018093],[103.43942659626047,-3.195879478020136],[103.4086872696019,-3.216025741537589],[103.33387240328885,-3.2345890372770603],[103.27188125331725,-3.2141835396835],[103.36352592358259,-3.1884247691604153],[103.36388043633315,-3.133350474177335],[103.37243008238244,-3.1333659937778715],[103.3723951122447,-3.1559179446652443],[103.39862545759883,-3.18620494018093]]]}},{"type":"Feature","properties":{"code":"1605142011","desa":"Tri Jaya","kecamatan":"BTS. Ulu","kecCode":"160514"},"geometry":{"type":"Polygon","coordinates":[[[103.34967358786581,-3.3619808414281276],[103.36758613329346,-3.3767460105894562],[103.38206039966774,-3.3761630502547315],[103.381917632293,-3.3909157089471447],[103.37153235663298,-3.391424813358229],[103.35978159084776,-3.410566695130038],[103.34405920576778,-3.4009650725235616],[103.34021495385706,-3.386199933939195],[103.35469334991824,-3.37696960543224],[103.34967358786581,-3.3619808414281276]]]}},{"type":"Feature","properties":{"code":"1605142012","desa":"Mulyo Harjo","kecamatan":"BTS. Ulu","kecCode":"160514"},"geometry":{"type":"Polygon","coordinates":[[[103.32642575864189,-3.523445339043066],[103.30200586457903,-3.5211082276769963],[103.30431064891735,-3.5095800522044476],[103.29916273437277,-3.5039827293522223],[103.30941946183871,-3.4747141270195714],[103.2847645767239,-3.4228625202090295],[103.33561167234086,-3.4517278962143565],[103.34963205717376,-3.4779145093079213],[103.36242844042026,-3.472733802789109],[103.35918793397605,-3.4856430068717486],[103.3645989505812,-3.49314245700321],[103.33861459228966,-3.5098175047006555],[103.32843723089354,-3.5090758401052704],[103.32642575864189,-3.523445339043066]]]}},{"type":"Feature","properties":{"code":"1605142013","desa":"Suka Makmur","kecamatan":"BTS. Ulu","kecCode":"160514"},"geometry":{"type":"Polygon","coordinates":[[[103.40082309490998,-3.4769027998861546],[103.41146186787095,-3.5026731995427225],[103.4046070086066,-3.50559616795979],[103.40900629060785,-3.527375194717129],[103.38677370244447,-3.5322122262157922],[103.38242108536484,-3.530858903019895],[103.38760593776385,-3.524967022520324],[103.36796645298948,-3.507807538815537],[103.35933228056034,-3.482707015372122],[103.36866886397694,-3.468780777881203],[103.40677568594919,-3.4697026971912814],[103.40082309490998,-3.4769027998861546]]]}},{"type":"Feature","properties":{"code":"1605142014","desa":"Raksa Budi","kecamatan":"BTS. Ulu","kecCode":"160514"},"geometry":{"type":"Polygon","coordinates":[[[103.2847645767239,-3.4228625202090295],[103.34787555531267,-3.428816730021579],[103.34858118767174,-3.445537864376472],[103.3652845820179,-3.4564463503026577],[103.36220572421485,-3.4722756143949],[103.34963205717376,-3.4779145093079213],[103.33561167234086,-3.4517278962143565],[103.2847645767239,-3.4228625202090295]]]}},{"type":"Feature","properties":{"code":"1605142015","desa":"Kota Baru","kecamatan":"BTS. Ulu","kecCode":"160514"},"geometry":{"type":"Polygon","coordinates":[[[103.35978159084776,-3.410566695130038],[103.3781377466597,-3.43894959025403],[103.38634341191899,-3.439572341092655],[103.38550849931782,-3.450540765034409],[103.40088473084569,-3.4562088429478526],[103.40677568594919,-3.4697026971912814],[103.3622091308468,-3.4722826219123037],[103.3652845820179,-3.4564463503026577],[103.34858118767174,-3.445537864376472],[103.34782868714427,-3.429407920052356],[103.35515026757088,-3.428016015041454],[103.35978159084776,-3.410566695130038]]]}},{"type":"Feature","properties":{"code":"1605142016","desa":"Trimukti","kecamatan":"BTS. Ulu","kecCode":"160514"},"geometry":{"type":"Polygon","coordinates":[[[103.38253263277483,-3.531194904125151],[103.36472503283403,-3.5321947559856954],[103.35704542600564,-3.5405995419288154],[103.3484583645619,-3.5301631901838],[103.32868612006843,-3.5236402841834598],[103.32843723089354,-3.5090758401052704],[103.33861459228966,-3.5098175047006555],[103.3608543237681,-3.493579023896822],[103.3645989505812,-3.49314245700321],[103.37316171504118,-3.5168509108597976],[103.38760593776385,-3.524967022520324],[103.38253263277483,-3.531194904125151]]]}},{"type":"Feature","properties":{"code":"1605142018","desa":"Mekar Jaya","kecamatan":"BTS. Ulu","kecCode":"160514"},"geometry":{"type":"Polygon","coordinates":[[[103.26569228806869,-3.503458916529085],[103.24635366608885,-3.5016212454594253],[103.25767677816081,-3.4782910698373843],[103.26623555772487,-3.4828554529722386],[103.26569228806869,-3.503458916529085]]]}},{"type":"Feature","properties":{"code":"1605142019","desa":"Sembatu Jaya","kecamatan":"BTS. Ulu","kecCode":"160514"},"geometry":{"type":"Polygon","coordinates":[[[103.37243008238244,-3.1333659937778715],[103.41610963075492,-3.133398083387042],[103.41169184700118,-3.1506768693555447],[103.42057473503604,-3.155112113442008],[103.42277335620547,-3.1508433617451077],[103.42932639309862,-3.160028080235116],[103.43503709888306,-3.1559687194885946],[103.43595557109278,-3.1668523742336867],[103.44215168595161,-3.169174728624319],[103.4374520771517,-3.1898771023175634],[103.39862545759883,-3.18620494018093],[103.3723951122447,-3.1559179446652443],[103.37243008238244,-3.1333659937778715]]]}},{"type":"Feature","properties":{"code":"1605182001","desa":"Lubuk Besar","kecamatan":"Tiang Pumpung Kepungut","kecCode":"160518"},"geometry":{"type":"Polygon","coordinates":[[[103.11988733073575,-3.3548038728936143],[103.11868866395075,-3.384043327299394],[103.14204056092319,-3.37816914815565],[103.15470365924652,-3.3838431678898027],[103.17897614363422,-3.4027241311553196],[103.1767929620256,-3.411295106416365],[103.18382050461264,-3.4201315678404627],[103.17997937065148,-3.426230705199159],[103.15375250567364,-3.4299684450000427],[103.14873301971318,-3.440504344500863],[103.0464406821918,-3.3835734702016733],[103.05009312040123,-3.3767719245542147],[103.09932512085771,-3.3672706833751116],[103.11988733073575,-3.3548038728936143]]]}},{"type":"Feature","properties":{"code":"1605182002","desa":"Batu Bandung","kecamatan":"Tiang Pumpung Kepungut","kecCode":"160518"},"geometry":{"type":"Polygon","coordinates":[[[103.13300538169307,-3.342917666523077],[103.09932512085771,-3.3672706833751116],[103.05009312040123,-3.3767719245542147],[103.04476840993424,-3.384622815351694],[103.03070991093368,-3.375818722326705],[103.03683047644539,-3.3726577348405784],[103.03165982793877,-3.36836935813798],[103.03529087127674,-3.3554020029925593],[103.05953046385984,-3.3553489124149505],[103.15370120384756,-3.3197524391546747],[103.1333351127253,-3.3358677802874355],[103.13300538169307,-3.342917666523077]]]}},{"type":"Feature","properties":{"code":"1605182003","desa":"Rantau Bingin","kecamatan":"Tiang Pumpung Kepungut","kecCode":"160518"},"geometry":{"type":"Polygon","coordinates":[[[103.02805997398865,-3.3039246004879494],[103.02847955358855,-3.2866958581938923],[103.10105737879508,-3.2852122052472974],[103.09060163855484,-3.3038866526948927],[103.0484883458605,-3.310344792219503],[103.02805997398865,-3.3039246004879494]]]}},{"type":"Feature","properties":{"code":"1605182004","desa":"Rantau Serik","kecamatan":"Tiang Pumpung Kepungut","kecCode":"160518"},"geometry":{"type":"Polygon","coordinates":[[[103.12724931500395,-3.4667782925568646],[103.10192422542274,-3.474950709871325],[103.04426671233898,-3.4325918924113896],[103.0425258919564,-3.4166620715239744],[103.03460327392202,-3.4208312304989787],[103.01017697578685,-3.4155621880722693],[103.02007820574464,-3.403797366795504],[103.03255736572991,-3.408245435214307],[103.04924079242869,-3.402576614460945],[103.06926955594531,-3.4310949357937233],[103.10419511880973,-3.4414845290876217],[103.12308966905306,-3.4542948248324037],[103.12724931500395,-3.4667782925568646]]]}},{"type":"Feature","properties":{"code":"1605182005","desa":"Muara Kati Lama","kecamatan":"Tiang Pumpung Kepungut","kecCode":"160518"},"geometry":{"type":"Polygon","coordinates":[[[102.98834678567566,-3.3679851308880533],[102.99425816528218,-3.3668561022075516],[102.99104563944479,-3.339387930018727],[103.03565100029351,-3.314121540114024],[103.0480723239786,-3.324837812140752],[103.04481347406265,-3.337106793356104],[103.0524940881317,-3.3409133106089244],[103.05566136188241,-3.3497085462111085],[103.05130818722311,-3.3508216523948473],[103.05763209934194,-3.3553451082827275],[103.03529087127674,-3.3554020029925593],[103.03424624666701,-3.371054084454138],[102.99754131667851,-3.386548646961496],[102.98834678567566,-3.3679851308880533]]]}},{"type":"Feature","properties":{"code":"1605182006","desa":"Muara Kati Baru I","kecamatan":"Tiang Pumpung Kepungut","kecCode":"160518"},"geometry":{"type":"Polygon","coordinates":[[[103.15362891993874,-3.294402751344164],[103.15139541496649,-3.3209377986701534],[103.05953046385984,-3.3553489124149505],[103.04481347406265,-3.337106793356104],[103.05335347308436,-3.3220690279916907],[103.15362891993874,-3.294402751344164]]]}},{"type":"Feature","properties":{"code":"1605182007","desa":"Muara Kati Baru II","kecamatan":"Tiang Pumpung Kepungut","kecCode":"160518"},"geometry":{"type":"Polygon","coordinates":[[[103.10690188391486,-3.2712789062797323],[103.15362891993874,-3.294402751344164],[103.0480723239786,-3.324837812140752],[103.03746116829835,-3.3141001173635796],[103.02708303505409,-3.3215435100539743],[103.02184437891502,-3.3175073814938205],[103.02909479688742,-3.3023712204051656],[103.0484883458605,-3.310344792219503],[103.09060163855484,-3.3038866526948927],[103.10690188391486,-3.2712789062797323]]]}},{"type":"Feature","properties":{"code":"1605182008","desa":"Kebur","kecamatan":"Tiang Pumpung Kepungut","kecCode":"160518"},"geometry":{"type":"Polygon","coordinates":[[[103.03070991093368,-3.375818722326705],[103.05849086825901,-3.392208129154767],[103.05472808863043,-3.3989289084880148],[103.04622229442339,-3.396638975556413],[103.04924079242869,-3.402576614460945],[103.03255736572991,-3.408245435214307],[103.02007820574464,-3.403797366795504],[103.01017697578685,-3.4155621880722693],[102.99849722226907,-3.412893052403078],[102.9946317310696,-3.386000306028859],[103.02014923599852,-3.380424216170225],[103.03434637178769,-3.3706326621437688],[103.03070991093368,-3.375818722326705]]]}},{"type":"Feature","properties":{"code":"1605182009","desa":"Simpang Gegas Temuan","kecamatan":"Tiang Pumpung Kepungut","kecCode":"160518"},"geometry":{"type":"Polygon","coordinates":[[[103.03305794996447,-3.267876571333592],[103.04781340826226,-3.25945928481412],[103.05504038540549,-3.265094665176539],[103.0702907487191,-3.2454853077117973],[103.11342782423475,-3.254149264778394],[103.12361371030454,-3.2413411112188144],[103.13462821462046,-3.252482978410246],[103.11519034166099,-3.2721768064967045],[103.10101062304186,-3.276515581206658],[103.10105737879508,-3.2852122052472974],[103.02847955358855,-3.2866958581938923],[103.03305794996447,-3.267876571333592]]]}},{"type":"Feature","properties":{"code":"1605182010","desa":"Kebur Jaya","kecamatan":"Tiang Pumpung Kepungut","kecCode":"160518"},"geometry":{"type":"Polygon","coordinates":[[[103.14932882326661,-3.4402240096316317],[103.12724931500395,-3.4667782925568646],[103.12308966905306,-3.4542948248324037],[103.10419511880973,-3.4414845290876217],[103.06926955594531,-3.4310949357937233],[103.04598364133203,-3.3969375270930127],[103.05472808863043,-3.3989289084880148],[103.05773928504004,-3.3903854380923137],[103.14932882326661,-3.4402240096316317]]]}},{"type":"Feature","properties":{"code":"1605191002","desa":"Sumber Harta","kecamatan":"Sumber Harta","kecCode":"160519"},"geometry":{"type":"Polygon","coordinates":[[[102.93995501191434,-3.127082603318508],[102.93151708594485,-3.1182085655215888],[102.922225322041,-3.0822308795391153],[102.94225775928822,-3.0786291217280812],[102.9561217394268,-3.1086166807742597],[102.93995501191434,-3.127082603318508]]]}},{"type":"Feature","properties":{"code":"1605192001","desa":"Sumber Jaya","kecamatan":"Sumber Harta","kecCode":"160519"},"geometry":{"type":"Polygon","coordinates":[[[102.92799240092863,-3.099924915770717],[102.92051255421109,-3.1100060452003686],[102.90960298459015,-3.108452849478651],[102.91913750159449,-3.083048815637047],[102.92799240092863,-3.099924915770717]]]}},{"type":"Feature","properties":{"code":"1605192003","desa":"Sukamaju","kecamatan":"Sumber Harta","kecCode":"160519"},"geometry":{"type":"Polygon","coordinates":[[[102.96530729789356,-3.099732883534443],[102.94728793369124,-3.096468989324592],[102.94212516234641,-3.078838661965965],[102.95831233504627,-3.072315684919288],[102.95819117658156,-3.079268198859098],[102.96717404764422,-3.085099029780912],[102.96530729789356,-3.099732883534443]]]}},{"type":"Feature","properties":{"code":"1605192004","desa":"Jamburejo","kecamatan":"Sumber Harta","kecCode":"160519"},"geometry":{"type":"Polygon","coordinates":[[[102.95831233504627,-3.072315684919288],[102.94297500729083,-3.0785064577984724],[102.92214425175587,-3.0427489357452058],[102.95270481927207,-3.0414109342990567],[102.95831233504627,-3.072315684919288]]]}},{"type":"Feature","properties":{"code":"1605192005","desa":"Sumber Sari","kecamatan":"Sumber Harta","kecCode":"160519"},"geometry":{"type":"Polygon","coordinates":[[[102.97606061480559,-3.066099826350974],[102.99422532473896,-3.0731962543010956],[102.99494017424968,-3.0848823201477082],[102.98474263476487,-3.0827953147389855],[102.97952974779967,-3.090459576427012],[102.97532812958956,-3.0820269088026655],[102.96965262057205,-3.0852528723066137],[102.96685671826297,-3.085213882199324],[102.95819117658156,-3.079268198859098],[102.95831233504627,-3.072315684919288],[102.96814017402987,-3.0783741306534367],[102.97606061480559,-3.066099826350974]]]}},{"type":"Feature","properties":{"code":"1605192006","desa":"Suka Mulya","kecamatan":"Sumber Harta","kecCode":"160519"},"geometry":{"type":"Polygon","coordinates":[[[102.97360827420253,-3.0519094516803436],[102.97606061480559,-3.066099826350974],[102.96814017402987,-3.0783741306534367],[102.95879848156471,-3.0720634637564976],[102.95821463090056,-3.062189259336187],[102.97360827420253,-3.0519094516803436]]]}},{"type":"Feature","properties":{"code":"1605192007","desa":"Suka Jaya","kecamatan":"Sumber Harta","kecCode":"160519"},"geometry":{"type":"Polygon","coordinates":[[[102.96981914893462,-3.0337561163918045],[102.97360827420253,-3.0519094516803436],[102.95821463090056,-3.062189259336187],[102.95270481927207,-3.0414109342990567],[102.96981914893462,-3.0337561163918045]]]}},{"type":"Feature","properties":{"code":"1605192008","desa":"Madang","kecamatan":"Sumber Harta","kecCode":"160519"},"geometry":{"type":"Polygon","coordinates":[[[102.95702165592473,-3.0414553212378816],[102.95055549983653,-3.0326819427587997],[102.96981914893462,-3.0337561163918045],[102.96342040242969,-3.0376057121353948],[102.95702165592473,-3.0414553212378816]]]}},{"type":"Feature","properties":{"code":"1605192008","desa":"Madang","kecamatan":"Sumber Harta","kecCode":"160519"},"geometry":{"type":"Polygon","coordinates":[[[102.96285298687592,-2.9455102288499475],[102.96311497737433,-2.958428562849858],[102.99630597643971,-3.002491624363065],[102.98210470197046,-3.0145843492493283],[102.97676423178393,-3.0282450052489507],[102.97314680328242,-3.016248470949387],[102.9608212717843,-3.0151161858237145],[102.94399455430526,-2.9937661599638807],[102.93570055403738,-2.946029232998125],[102.96285298687592,-2.9455102288499475]]]}},{"type":"Feature","properties":{"code":"1605192009","desa":"Sukarami Jaya","kecamatan":"Sumber Harta","kecCode":"160519"},"geometry":{"type":"Polygon","coordinates":[[[102.9220107455995,-3.042697791300516],[102.92391910877988,-2.9695912718295365],[102.93952398844134,-2.9672081889192286],[102.9503099669315,-3.0057038938901957],[102.9608212717843,-3.0151161858237145],[102.97314680328242,-3.016248470949387],[102.97356177925275,-3.028636815582299],[102.96981914893462,-3.0337561163918045],[102.95055549983653,-3.0326819427587997],[102.95270481927207,-3.0414109342990567],[102.9220107455995,-3.042697791300516]]]}},{"type":"Feature","properties":{"code":"1605192010","desa":"Sumber Asri","kecamatan":"Sumber Harta","kecCode":"160519"},"geometry":{"type":"Polygon","coordinates":[[[102.9284529878152,-3.080784726523066],[102.93019531726013,-3.071981216258836],[102.92214425175587,-3.0427489357452058],[102.94297500729083,-3.0785064577984724],[102.9284529878152,-3.080784726523066]]]}},{"type":"Feature","properties":{"code":"1605202001","desa":"Banpres","kecamatan":"Tuah Negeri","kecCode":"160520"},"geometry":{"type":"Polygon","coordinates":[[[103.18902955956658,-3.1287843067875607],[103.19977046133778,-3.1435093634875866],[103.1759234776864,-3.1622877662683564],[103.17545342723395,-3.1371931711560546],[103.18902955956658,-3.1287843067875607]]]}},{"type":"Feature","properties":{"code":"1605202002","desa":"Jaya Tunggal","kecamatan":"Tuah Negeri","kecCode":"160520"},"geometry":{"type":"Polygon","coordinates":[[[103.16322444065548,-3.187801027268967],[103.16635518574327,-3.1963446352608664],[103.13922573328102,-3.208654188490834],[103.13921626521854,-3.2138829727661453],[103.13134904542216,-3.2124607902799713],[103.13172653405233,-3.225938911783517],[103.11272943321683,-3.2169504190684868],[103.12513764838383,-3.1965870061493087],[103.12415804655664,-3.1850745688125883],[103.14526459268687,-3.1767222816932974],[103.16322444065548,-3.187801027268967]]]}},{"type":"Feature","properties":{"code":"1605202003","desa":"Sukamulya","kecamatan":"Tuah Negeri","kecCode":"160520"},"geometry":{"type":"Polygon","coordinates":[[[103.16635518574327,-3.1963446352608664],[103.1655296000111,-3.1831806298605496],[103.18622652293573,-3.16639799087107],[103.19977772696056,-3.178975651787809],[103.16635518574327,-3.1963446352608664]]]}},{"type":"Feature","properties":{"code":"1605202004","desa":"Darma Sakti","kecamatan":"Tuah Negeri","kecCode":"160520"},"geometry":{"type":"Polygon","coordinates":[[[103.17515526870073,-3.1565977116221777],[103.18625149800828,-3.166377738138626],[103.16321375041427,-3.187815586393541],[103.14522048723573,-3.17669422014756],[103.16311649233234,-3.157888909651135],[103.17515526870073,-3.1565977116221777]]]}},{"type":"Feature","properties":{"code":"1605202005","desa":"Jaya Bhakti","kecamatan":"Tuah Negeri","kecCode":"160520"},"geometry":{"type":"Polygon","coordinates":[[[103.13988969735168,-3.1777039384702728],[103.12415804655664,-3.1850745688125883],[103.11757336342002,-3.181246607225611],[103.11930695505197,-3.169112550397442],[103.124048306784,-3.1691115647404517],[103.12069766666404,-3.160161494660541],[103.14371742781707,-3.1612067272108204],[103.1444393352072,-3.1657946096306895],[103.13305591100156,-3.1694433183476773],[103.13988969735168,-3.1777039384702728]]]}},{"type":"Feature","properties":{"code":"1605202006","desa":"Remayu","kecamatan":"Tuah Negeri","kecCode":"160520"},"geometry":{"type":"Polygon","coordinates":[[[103.01255347296443,-3.200676206401251],[103.01928281744813,-3.1869840291638454],[103.0680438240633,-3.197125757610888],[103.13164304459086,-3.2259300984274786],[103.1270266581538,-3.2343038991287227],[103.0685490883698,-3.22226483319161],[103.01255347296443,-3.200676206401251]]]}},{"type":"Feature","properties":{"code":"1605202007","desa":"Petunang","kecamatan":"Tuah Negeri","kecCode":"160520"},"geometry":{"type":"Polygon","coordinates":[[[103.01927511475479,-3.186962194523953],[103.01083269127577,-3.1630231311128147],[103.02975752798763,-3.1583409502798228],[103.07653689286337,-3.1221107148819853],[103.08954403223133,-3.1204309944411075],[103.10273772066932,-3.1221855582613016],[103.124048306784,-3.1691115647404517],[103.11930695505197,-3.169112550397442],[103.11757336342002,-3.181246607225611],[103.12631315133092,-3.191917568709791],[103.1127359577983,-3.216936319497462],[103.07224036290249,-3.1980376144067004],[103.01927511475479,-3.186962194523953]]]}},{"type":"Feature","properties":{"code":"1605202008","desa":"Lubuk Rumbai","kecamatan":"Tuah Negeri","kecCode":"160520"},"geometry":{"type":"Polygon","coordinates":[[[103.12848926606681,-3.0783344192898565],[103.17013481327108,-3.1101279815784806],[103.17865037591416,-3.1351416502972613],[103.17515526870073,-3.1565977116221777],[103.16311649233234,-3.157888909651135],[103.14485557292642,-3.177499422744674],[103.13305591100156,-3.1694433183476773],[103.1444393352072,-3.1657946096306895],[103.14371742781707,-3.1612067272108204],[103.12069397584638,-3.1601843716146907],[103.10694579421312,-3.136946195738732],[103.09787619702894,-3.0972376659568863],[103.09756946256073,-3.0927009037000417],[103.12848926606681,-3.0783344192898565]]]}},{"type":"Feature","properties":{"code":"1605202009","desa":"Air Beliti","kecamatan":"Tuah Negeri","kecCode":"160520"},"geometry":{"type":"Polygon","coordinates":[[[103.19945555922675,-3.1438512785345614],[103.20227771994085,-3.161310461310721],[103.21779289942283,-3.1678795304108918],[103.20053081834266,-3.1780746920772485],[103.18084161275027,-3.1584502197069955],[103.19945555922675,-3.1438512785345614]]]}},{"type":"Feature","properties":{"code":"1605202010","desa":"Leban Jaya","kecamatan":"Tuah Negeri","kecCode":"160520"},"geometry":{"type":"Polygon","coordinates":[[[102.9986282498939,-3.1526236317865783],[102.9929008419004,-3.134219684222401],[103.03426598408792,-3.1127098929018726],[103.07663221020842,-3.122095017215689],[103.02975752798763,-3.1583409502798228],[103.01083269127577,-3.1630231311128147],[102.9986282498939,-3.1526236317865783]]]}},{"type":"Feature","properties":{"code":"1605202011","desa":"Bamasco","kecamatan":"Tuah Negeri","kecCode":"160520"},"geometry":{"type":"Polygon","coordinates":[[[103.09623517531314,-3.0680029248981104],[103.1130138833841,-3.085597084222058],[103.09756946256073,-3.0927009037000417],[103.10213468386858,-3.121930808204851],[103.05262458695518,-3.1152079037736513],[103.0769943069418,-3.0735828197883244],[103.09623517531314,-3.0680029248981104]]]}},{"type":"Feature","properties":{"code":"1605212001","desa":"Sukowarno","kecamatan":"Suka Karya","kecCode":"160521"},"geometry":{"type":"Polygon","coordinates":[[[103.19842505307378,-3.273190559178118],[103.17634546926801,-3.2752240846027507],[103.12661239264787,-3.243620349412681],[103.1324307742609,-3.220789742690216],[103.19842505307378,-3.273190559178118]]]}},{"type":"Feature","properties":{"code":"1605212002","desa":"Sugih Waras","kecamatan":"Suka Karya","kecCode":"160521"},"geometry":{"type":"Polygon","coordinates":[[[103.17402908457466,-3.2736713960986883],[103.13177709663574,-3.281102150616323],[103.11519034166099,-3.2721768064967045],[103.13462821462046,-3.252482978410246],[103.13054634383879,-3.243505720026127],[103.17402908457466,-3.2736713960986883]]]}},{"type":"Feature","properties":{"code":"1605212003","desa":"Bangun Rejo","kecamatan":"Suka Karya","kecCode":"160521"},"geometry":{"type":"Polygon","coordinates":[[[103.188639567662,-3.2667438851102912],[103.15763127086655,-3.243369203839019],[103.13431070267681,-3.222536112787187],[103.1658550250894,-3.2182705914551013],[103.19957433898463,-3.2572510624848663],[103.188639567662,-3.2667438851102912]]]}},{"type":"Feature","properties":{"code":"1605212004","desa":"Ciptodadi","kecamatan":"Suka Karya","kecCode":"160521"},"geometry":{"type":"Polygon","coordinates":[[[103.24060037290894,-3.223696567377225],[103.23788540778543,-3.2352066143159255],[103.23458747423263,-3.234146565434917],[103.23135378644815,-3.2376693573744695],[103.23657075543603,-3.2467158293817233],[103.22799988358781,-3.2467605166941462],[103.22428797770806,-3.2638217755457584],[103.21277715823929,-3.2619851836625546],[103.20945479730112,-3.26995590012931],[103.19669829359145,-3.2719899930261835],[103.188639567662,-3.2667438851102912],[103.19957433898463,-3.2572510624848663],[103.1658550250894,-3.2182705914551013],[103.16056147073532,-3.199838489714917],[103.17092199255598,-3.193381433873443],[103.18029585107273,-3.216011157231981],[103.20529125908439,-3.224632188758095],[103.21702292236999,-3.215148411513752],[103.2267598407941,-3.2239639717941904],[103.24060037290894,-3.223696567377225]]]}},{"type":"Feature","properties":{"code":"1605212005","desa":"Sukarena","kecamatan":"Suka Karya","kecCode":"160521"},"geometry":{"type":"Polygon","coordinates":[[[103.23492251396289,-3.185471672555496],[103.25420705970811,-3.2081872308073582],[103.24903399742112,-3.207175345118553],[103.24509160429415,-3.2247470996323635],[103.2267598407941,-3.2239639717941904],[103.21702292236999,-3.215148411513752],[103.23573865321633,-3.1960957595760737],[103.23492251396289,-3.185471672555496]]]}},{"type":"Feature","properties":{"code":"1605212006","desa":"Yudha Karya Bakti","kecamatan":"Suka Karya","kecCode":"160521"},"geometry":{"type":"Polygon","coordinates":[[[103.1324307742609,-3.220789742690216],[103.13134904542216,-3.2124607902799713],[103.13921626521854,-3.2138829727661453],[103.13922573328102,-3.208654188490834],[103.16056147073532,-3.199838489714917],[103.16498728543498,-3.2193976964857254],[103.14404350670252,-3.224696742094502],[103.1324307742609,-3.220789742690216]]]}},{"type":"Feature","properties":{"code":"1605212007","desa":"Rantau Alih","kecamatan":"Suka Karya","kecCode":"160521"},"geometry":{"type":"Polygon","coordinates":[[[103.19099824477325,-3.298272967577512],[103.19729084969305,-3.290665686034903],[103.18901539344567,-3.2848685392202452],[103.19158357931877,-3.276205396939448],[103.20945479730112,-3.26995590012931],[103.21277715823929,-3.2619851836625546],[103.21932022794623,-3.2638979265393018],[103.2148126756645,-3.273192691470711],[103.21987874470835,-3.2807482179289518],[103.20974715430776,-3.2891378556913855],[103.21429222090933,-3.2962251887977048],[103.19099824477325,-3.298272967577512]]]}},{"type":"Feature","properties":{"code":"1605212008","desa":"Ciptodadi II","kecamatan":"Suka Karya","kecCode":"160521"},"geometry":{"type":"Polygon","coordinates":[[[103.22456403720058,-3.1657503494962302],[103.23520893904134,-3.182039907295459],[103.23255733385393,-3.201137758259888],[103.20529125908439,-3.224632188758095],[103.18029585107273,-3.216011157231981],[103.17092199255598,-3.193381433873443],[103.17526937468193,-3.1874822526775692],[103.1948957968036,-3.1846821442423447],[103.2104198004335,-3.1705168156905814],[103.21889580459775,-3.1748464505905867],[103.22456403720058,-3.1657503494962302]]]}}]}