{"type":"FeatureCollection","features":[{"type":"Feature","properties":{"code":"1608011007","desa":"Dusun Martapura","kecamatan":"Martapura","kecCode":"160801"},"geometry":{"type":"Polygon","coordinates":[[[104.34966134429565,-4.290071639392284],[104.35544948530553,-4.296682577329836],[104.34011352631825,-4.304070255221133],[104.3395210988197,-4.2952258338973985],[104.34966134429565,-4.290071639392284]]]}},{"type":"Feature","properties":{"code":"1608011008","desa":"Pasar Martapura","kecamatan":"Martapura","kecCode":"160801"},"geometry":{"type":"Polygon","coordinates":[[[104.3608094545927,-4.307509198869819],[104.35503747709792,-4.317643436863832],[104.34460568490447,-4.318113186042925],[104.34619350632533,-4.308510709979561],[104.3608094545927,-4.307509198869819]]]}},{"type":"Feature","properties":{"code":"1608011014","desa":"Paku Sengkunyit","kecamatan":"Martapura","kecCode":"160801"},"geometry":{"type":"Polygon","coordinates":[[[104.33591762329972,-4.307414645049306],[104.34542772371053,-4.305936808018282],[104.34506189928727,-4.320682469086178],[104.33591762329972,-4.307414645049306]]]}},{"type":"Feature","properties":{"code":"1608011016","desa":"Bukit Sari","kecamatan":"Martapura","kecCode":"160801"},"geometry":{"type":"Polygon","coordinates":[[[104.34542772371053,-4.305936808018282],[104.35544948530553,-4.296682577329836],[104.34966134429565,-4.290071639392284],[104.35961040559577,-4.281894318973915],[104.35956091500428,-4.298373456558738],[104.368286901919,-4.298883377554285],[104.3608094545927,-4.307509198869819],[104.34542772371053,-4.305936808018282]]]}},{"type":"Feature","properties":{"code":"1608011017","desa":"Sungai Tuha Jaya","kecamatan":"Martapura","kecCode":"160801"},"geometry":{"type":"Polygon","coordinates":[[[104.22622182297879,-4.249923723341071],[104.26945245766483,-4.242162074068488],[104.28588958793422,-4.215488568019143],[104.29755905320779,-4.212448551039148],[104.34285735428351,-4.281322026397268],[104.32815022375387,-4.287023066262386],[104.33609631229501,-4.2922609282945725],[104.33269418508864,-4.297553526663746],[104.323817226284,-4.2926091592803095],[104.32182489340413,-4.329514358357258],[104.31311083599631,-4.3267638790089835],[104.30764115391617,-4.333036289645615],[104.27208078569976,-4.313616797050519],[104.24282544923517,-4.272508003957391],[104.22533915637699,-4.268484157438299],[104.22985889986842,-4.262494388431934],[104.22622182297879,-4.249923723341071]]]}},{"type":"Feature","properties":{"code":"1608011018","desa":"Terukis Rahayu","kecamatan":"Martapura","kecCode":"160801"},"geometry":{"type":"Polygon","coordinates":[[[104.3395210988197,-4.2952258338973985],[104.34011352631825,-4.304070255221133],[104.3317168252713,-4.312532997973569],[104.32377330969051,-4.3086154657094],[104.323817226284,-4.2926091592803095],[104.3395210988197,-4.2952258338973985]]]}},{"type":"Feature","properties":{"code":"1608011019","desa":"Veteran Jaya","kecamatan":"Martapura","kecCode":"160801"},"geometry":{"type":"Polygon","coordinates":[[[104.36441611191405,-4.275625311371891],[104.3395210988197,-4.2952258338973985],[104.32815022375387,-4.287023066262386],[104.34285735428351,-4.281322026397268],[104.3163083152766,-4.242948880133969],[104.33736817580075,-4.246988309206104],[104.36268352122761,-4.262865330896585],[104.36441611191405,-4.275625311371891]]]}},{"type":"Feature","properties":{"code":"1608012006","desa":"Tanjung Kemala","kecamatan":"Martapura","kecCode":"160801"},"geometry":{"type":"Polygon","coordinates":[[[104.34554423987481,-4.318428142113],[104.3448978287718,-4.327357013373988],[104.32857879657428,-4.328688168281484],[104.33591762329972,-4.307414645049306],[104.34554423987481,-4.318428142113]]]}},{"type":"Feature","properties":{"code":"1608012009","desa":"Kota Baru","kecamatan":"Martapura","kecCode":"160801"},"geometry":{"type":"Polygon","coordinates":[[[104.34934359493103,-4.319194335717135],[104.35503747709792,-4.317643436863832],[104.36464071939372,-4.327754813192153],[104.35619361584274,-4.3354307588724526],[104.36026624609042,-4.340963177652798],[104.35096509506313,-4.343324776658876],[104.34934359493103,-4.319194335717135]]]}},{"type":"Feature","properties":{"code":"1608012010","desa":"Keromongan","kecamatan":"Martapura","kecCode":"160801"},"geometry":{"type":"Polygon","coordinates":[[[104.35503747709792,-4.317643436863832],[104.37035210776361,-4.297814355237866],[104.38598534934447,-4.307257514602245],[104.40393392341188,-4.340073162691496],[104.38400196831623,-4.347705720579743],[104.38134488895552,-4.337818676538204],[104.368781000243,-4.334427704526043],[104.37015886863696,-4.329029136342373],[104.35503747709792,-4.317643436863832]]]}},{"type":"Feature","properties":{"code":"1608012011","desa":"Per Jaya","kecamatan":"Martapura","kecCode":"160801"},"geometry":{"type":"Polygon","coordinates":[[[104.38598534934447,-4.307257514602245],[104.35977849338279,-4.294783403424057],[104.37647929588285,-4.2829076049072645],[104.39547467271801,-4.3007682585347595],[104.40841857086042,-4.3002593025117894],[104.40414909160734,-4.317632844648755],[104.41393675877447,-4.3362219032674405],[104.40387986066708,-4.3390388730918295],[104.38598534934447,-4.307257514602245]]]}},{"type":"Feature","properties":{"code":"1608012015","desa":"Sukomulyo","kecamatan":"Martapura","kecCode":"160801"},"geometry":{"type":"Polygon","coordinates":[[[104.37223520628982,-4.355469025504192],[104.35619361584274,-4.3354307588724526],[104.36684160595543,-4.326900945581155],[104.368781000243,-4.334427704526043],[104.38134488895552,-4.337818676538204],[104.38460761584882,-4.348509754957589],[104.37906046167102,-4.373952680881198],[104.368046258628,-4.38189878650114],[104.3590184169664,-4.369319339530455],[104.37223520628982,-4.355469025504192]]]}},{"type":"Feature","properties":{"code":"1608012020","desa":"Kotabaru Barat","kecamatan":"Martapura","kecCode":"160801"},"geometry":{"type":"Polygon","coordinates":[[[104.33390165084056,-4.329614030219516],[104.34618825158663,-4.324938713911571],[104.35508141527515,-4.349799896283137],[104.33325059923583,-4.365027295392397],[104.32598545666353,-4.356667592463176],[104.33390165084056,-4.329614030219516]]]}},{"type":"Feature","properties":{"code":"1608012021","desa":"Kotabaru Selatan","kecamatan":"Martapura","kecCode":"160801"},"geometry":{"type":"Polygon","coordinates":[[[104.35096509506313,-4.343324776658876],[104.3610305969845,-4.341443322994737],[104.37238189920532,-4.356847798614596],[104.3590184169664,-4.369319339530455],[104.36785196009993,-4.382504746097814],[104.35355485567209,-4.395845447596065],[104.34494403144197,-4.395203140999542],[104.33291748765197,-4.372436071378864],[104.33890835473682,-4.357492855337912],[104.35508141527515,-4.349799896283137],[104.35096509506313,-4.343324776658876]]]}},{"type":"Feature","properties":{"code":"1608012022","desa":"Perjaya Barat","kecamatan":"Martapura","kecCode":"160801"},"geometry":{"type":"Polygon","coordinates":[[[104.36156876928334,-4.292271739044893],[104.35940665699167,-4.278816445032423],[104.36584110568253,-4.274897624039765],[104.376255288251,-4.2797410236378735],[104.37338396789585,-4.2895111234378644],[104.36156876928334,-4.292271739044893]]]}},{"type":"Feature","properties":{"code":"1608012023","desa":"Tanjung Kemala Barat","kecamatan":"Martapura","kecCode":"160801"},"geometry":{"type":"Polygon","coordinates":[[[104.32182489340413,-4.329514358357258],[104.32316823772406,-4.311240170373015],[104.32571085137475,-4.308258165960135],[104.33590977131892,-4.316461982204721],[104.3273307669014,-4.324438645888381],[104.33542417158831,-4.333578964849336],[104.32182489340413,-4.329514358357258]]]}},{"type":"Feature","properties":{"code":"1608022001","desa":"Suka Raja","kecamatan":"Buay Madang","kecCode":"160802"},"geometry":{"type":"Polygon","coordinates":[[[104.47347984531865,-4.258370968976083],[104.46876664596401,-4.264374391489702],[104.47372799075424,-4.274306460988613],[104.45368346841741,-4.280113132523181],[104.4513375652765,-4.245147811567206],[104.47135105021083,-4.235852123031778],[104.46481528569693,-4.259960184344363],[104.47347984531865,-4.258370968976083]]]}},{"type":"Feature","properties":{"code":"1608022002","desa":"Kurungan Nyawa","kecamatan":"Buay Madang","kecCode":"160802"},"geometry":{"type":"Polygon","coordinates":[[[104.48291567431896,-4.224142957198766],[104.46563074056625,-4.239517710224998],[104.45832545585516,-4.221163750576753],[104.47808781140344,-4.201286702710313],[104.48756968479317,-4.208058886392436],[104.48291567431896,-4.224142957198766]]]}},{"type":"Feature","properties":{"code":"1608022003","desa":"Pisang Jaya","kecamatan":"Buay Madang","kecCode":"160802"},"geometry":{"type":"Polygon","coordinates":[[[104.51492284271505,-4.276819087642402],[104.49831741421734,-4.29408006613564],[104.48798173257097,-4.278750365546495],[104.4980103478993,-4.2756606295472634],[104.51492284271505,-4.276819087642402]]]}},{"type":"Feature","properties":{"code":"1608022004","desa":"Sumber Agung","kecamatan":"Buay Madang","kecCode":"160802"},"geometry":{"type":"Polygon","coordinates":[[[104.52543756499169,-4.256610386892669],[104.50301126735616,-4.253880543388099],[104.5034424850827,-4.247141981759899],[104.52395819731301,-4.241202847282689],[104.53035418829523,-4.247256195659633],[104.52543756499169,-4.256610386892669]]]}},{"type":"Feature","properties":{"code":"1608022005","desa":"Tebat Jaya","kecamatan":"Buay Madang","kecCode":"160802"},"geometry":{"type":"Polygon","coordinates":[[[104.50536984734066,-4.2368706412207455],[104.49840992477829,-4.263449221130321],[104.48791650204498,-4.264127367508962],[104.48874706642401,-4.23681622504241],[104.50536984734066,-4.2368706412207455]]]}},{"type":"Feature","properties":{"code":"1608022006","desa":"Sridadi","kecamatan":"Buay Madang","kecCode":"160802"},"geometry":{"type":"Polygon","coordinates":[[[104.51831887431666,-4.241169534595429],[104.51560628969854,-4.245071850330636],[104.5034424850827,-4.247141981759899],[104.50536984734066,-4.2368706412207455],[104.51831887431666,-4.241169534595429]]]}},{"type":"Feature","properties":{"code":"1608022009","desa":"Tanjung Bulan","kecamatan":"Buay Madang","kecCode":"160802"},"geometry":{"type":"Polygon","coordinates":[[[104.5227242213458,-4.1977699883890605],[104.5309062668108,-4.224809554483669],[104.51215458106911,-4.227284777434254],[104.50632853543362,-4.203644987714621],[104.5227242213458,-4.1977699883890605]]]}},{"type":"Feature","properties":{"code":"1608022010","desa":"Way Halom","kecamatan":"Buay Madang","kecCode":"160802"},"geometry":{"type":"Polygon","coordinates":[[[104.48291567431896,-4.224142957198766],[104.48756968479317,-4.208058886392436],[104.49947078484888,-4.199432911292854],[104.50632853543362,-4.203644987714621],[104.50973587960722,-4.2245290604344214],[104.48291567431896,-4.224142957198766]]]}},{"type":"Feature","properties":{"code":"1608022031","desa":"Kurungan Nyawa I","kecamatan":"Buay Madang","kecCode":"160802"},"geometry":{"type":"Polygon","coordinates":[[[104.49119315404089,-4.279616939678724],[104.46876664596401,-4.264374391489702],[104.47347984531865,-4.258370968976083],[104.48620328994991,-4.256203761127943],[104.48933239107701,-4.2719850544833795],[104.4980650923302,-4.275640884931743],[104.49119315404089,-4.279616939678724]]]}},{"type":"Feature","properties":{"code":"1608022032","desa":"Kurungan Nyawa II","kecamatan":"Buay Madang","kecCode":"160802"},"geometry":{"type":"Polygon","coordinates":[[[104.45748725533264,-4.279795213187027],[104.47515474539522,-4.271032180508415],[104.48758605874968,-4.278021492907951],[104.49514390456761,-4.293625983146535],[104.4895498246647,-4.298574101602266],[104.48403343809275,-4.291329921335133],[104.47934626781607,-4.298167566669055],[104.45748725533264,-4.279795213187027]]]}},{"type":"Feature","properties":{"code":"1608022033","desa":"Kurungan Nyawa III","kecamatan":"Buay Madang","kecCode":"160802"},"geometry":{"type":"Polygon","coordinates":[[[104.51492284271505,-4.276819087642402],[104.49076006842249,-4.273561446418616],[104.48970109692812,-4.26427013488364],[104.50075078002452,-4.262089683619096],[104.50277765586416,-4.269070953381508],[104.52240387383976,-4.2704772835180576],[104.51492284271505,-4.276819087642402]]]}},{"type":"Feature","properties":{"code":"1608022034","desa":"Cipta Muda","kecamatan":"Buay Madang","kecCode":"160802"},"geometry":{"type":"Polygon","coordinates":[[[104.47295915134384,-4.22976107057804],[104.48756428166631,-4.2215519294477355],[104.49006271522215,-4.22026702037781],[104.48870476141565,-4.238915780490316],[104.47295915134384,-4.22976107057804]]]}},{"type":"Feature","properties":{"code":"1608022035","desa":"Aman Jaya","kecamatan":"Buay Madang","kecCode":"160802"},"geometry":{"type":"Polygon","coordinates":[[[104.48753394933236,-4.256004518127482],[104.46481528569693,-4.259960184344363],[104.47223671155506,-4.229587810790144],[104.48870476141565,-4.238915780490316],[104.48753394933236,-4.256004518127482]]]}},{"type":"Feature","properties":{"code":"1608022036","desa":"Sukaraja Tuha","kecamatan":"Buay Madang","kecCode":"160802"},"geometry":{"type":"Polygon","coordinates":[[[104.46563074056625,-4.239517710224998],[104.4513375652765,-4.245147811567206],[104.45297703206444,-4.253168800136501],[104.41898854658422,-4.1902279355735015],[104.46584139416505,-4.212192914251192],[104.45803697672517,-4.2246102404367765],[104.46563074056625,-4.239517710224998]]]}},{"type":"Feature","properties":{"code":"1608022037","desa":"Ganjar Agung","kecamatan":"Buay Madang","kecCode":"160802"},"geometry":{"type":"Polygon","coordinates":[[[104.52240387383976,-4.2704772835180576],[104.50277765586416,-4.269070953381508],[104.50152410435402,-4.262625063522392],[104.51246962527307,-4.2621491701751255],[104.52240387383976,-4.2704772835180576]]]}},{"type":"Feature","properties":{"code":"1608022038","desa":"Mulyo Agung","kecamatan":"Buay Madang","kecCode":"160802"},"geometry":{"type":"Polygon","coordinates":[[[104.50301126735616,-4.253880543388099],[104.52851433187097,-4.257373591150324],[104.52398981387887,-4.2776744912954685],[104.52252284785122,-4.267086552524237],[104.4992636170224,-4.2623276280444005],[104.50301126735616,-4.253880543388099]]]}},{"type":"Feature","properties":{"code":"1608022039","desa":"Muda Sentosa","kecamatan":"Buay Madang","kecCode":"160802"},"geometry":{"type":"Polygon","coordinates":[[[104.50536984734066,-4.2368706412207455],[104.48874706642401,-4.23681622504241],[104.49017549470335,-4.226474454097308],[104.50486648240228,-4.2253406410235135],[104.50536984734066,-4.2368706412207455]]]}},{"type":"Feature","properties":{"code":"1608032001","desa":"Sido Rahayu","kecamatan":"Belitang","kecCode":"160803"},"geometry":{"type":"Polygon","coordinates":[[[104.60910029794046,-4.169581323443837],[104.62025567655826,-4.173134219289581],[104.61893344832004,-4.182122010533649],[104.59805606743362,-4.1874561845609435],[104.59677114667113,-4.176982200684693],[104.60910029794046,-4.169581323443837]]]}},{"type":"Feature","properties":{"code":"1608032002","desa":"Tawang Rejo","kecamatan":"Belitang","kecCode":"160803"},"geometry":{"type":"Polygon","coordinates":[[[104.63900453663013,-4.190298334503214],[104.64023487483966,-4.210287716686405],[104.62413622960337,-4.212673466086743],[104.6208351493227,-4.194504252367612],[104.63900453663013,-4.190298334503214]]]}},{"type":"Feature","properties":{"code":"1608032006","desa":"Tanjung Raya","kecamatan":"Belitang","kecCode":"160803"},"geometry":{"type":"Polygon","coordinates":[[[104.69439475901099,-4.134609103788492],[104.69320769168165,-4.150024769672495],[104.67588366979561,-4.1506030742170354],[104.66139368057394,-4.138723782733428],[104.6836311376669,-4.124367434581663],[104.69439475901099,-4.134609103788492]]]}},{"type":"Feature","properties":{"code":"1608032007","desa":"Sido Mulyo","kecamatan":"Belitang","kecCode":"160803"},"geometry":{"type":"Polygon","coordinates":[[[104.66139368057394,-4.138723782733428],[104.66474106964472,-4.14571855131978],[104.65651526766555,-4.153546274682245],[104.6391889120387,-4.157760609301622],[104.64644568372137,-4.140177996372991],[104.66139368057394,-4.138723782733428]]]}},{"type":"Feature","properties":{"code":"1608032008","desa":"Harjo Winangun","kecamatan":"Belitang","kecCode":"160803"},"geometry":{"type":"Polygon","coordinates":[[[104.66933661069606,-4.131362258026631],[104.65196346424256,-4.141319692903846],[104.63593977390148,-4.129122750082057],[104.654226595581,-4.124155917633952],[104.66933661069606,-4.131362258026631]]]}},{"type":"Feature","properties":{"code":"1608032009","desa":"Pujo Rahayu","kecamatan":"Belitang","kecCode":"160803"},"geometry":{"type":"Polygon","coordinates":[[[104.63593977390148,-4.129122750082057],[104.64614974021839,-4.138003957274653],[104.6405058306796,-4.144072204719914],[104.63233055621026,-4.140353237367359],[104.63593977390148,-4.129122750082057]]]}},{"type":"Feature","properties":{"code":"1608032010","desa":"Triyoso","kecamatan":"Belitang","kecCode":"160803"},"geometry":{"type":"Polygon","coordinates":[[[104.62445521193852,-4.149795073828982],[104.64341194040878,-4.1605440200245525],[104.63737526635549,-4.163744971583885],[104.61978405678883,-4.158426839663177],[104.62445521193852,-4.149795073828982]]]}},{"type":"Feature","properties":{"code":"1608032011","desa":"Sumber Suko","kecamatan":"Belitang","kecCode":"160803"},"geometry":{"type":"Polygon","coordinates":[[[104.60910029794046,-4.169581323443837],[104.59456366358226,-4.1595490658718015],[104.61007113137764,-4.150939122087002],[104.61126889884065,-4.161810209706078],[104.60910029794046,-4.169581323443837]]]}},{"type":"Feature","properties":{"code":"1608032013","desa":"Suko Sari","kecamatan":"Belitang","kecCode":"160803"},"geometry":{"type":"Polygon","coordinates":[[[104.63747901034809,-4.125940018787427],[104.63389120191749,-4.138967589839218],[104.62481316639456,-4.140086854580319],[104.62487350101132,-4.125058976362174],[104.63747901034809,-4.125940018787427]]]}},{"type":"Feature","properties":{"code":"1608032014","desa":"Gumawang","kecamatan":"Belitang","kecCode":"160803"},"geometry":{"type":"Polygon","coordinates":[[[104.63987539423414,-4.106818859193785],[104.65133788323679,-4.111276281461293],[104.6414091232325,-4.118672572159716],[104.63403236130448,-4.112677163504864],[104.63987539423414,-4.106818859193785]]]}},{"type":"Feature","properties":{"code":"1608032015","desa":"Bedilan","kecamatan":"Belitang","kecCode":"160803"},"geometry":{"type":"Polygon","coordinates":[[[104.65117860880582,-4.111406302744563],[104.66574752702682,-4.092367136140476],[104.67330821829965,-4.099173672126098],[104.65737453480698,-4.114865897525407],[104.65117860880582,-4.111406302744563]]]}},{"type":"Feature","properties":{"code":"1608032016","desa":"Tegal Rejo","kecamatan":"Belitang","kecCode":"160803"},"geometry":{"type":"Polygon","coordinates":[[[104.65737010924322,-4.127047141781552],[104.64156588675633,-4.12495364056968],[104.6412998798856,-4.118818689508995],[104.65117860880582,-4.111406302744563],[104.65923195768875,-4.116570190142639],[104.65737010924322,-4.127047141781552]]]}},{"type":"Feature","properties":{"code":"1608032017","desa":"Sido Gede","kecamatan":"Belitang","kecCode":"160803"},"geometry":{"type":"Polygon","coordinates":[[[104.68381477023553,-4.124355411545228],[104.66933661069606,-4.131362258026631],[104.65797585570122,-4.128690373129878],[104.65737453480698,-4.114865897525407],[104.66966713133307,-4.107919801147455],[104.66804037106634,-4.114525024792653],[104.68381477023553,-4.124355411545228]]]}},{"type":"Feature","properties":{"code":"1608032018","desa":"Sido Makmur","kecamatan":"Belitang","kecCode":"160803"},"geometry":{"type":"Polygon","coordinates":[[[104.66804037106634,-4.114525024792653],[104.67279610565583,-4.101149551907075],[104.68151783068339,-4.103367768402172],[104.67594886974462,-4.117702027405943],[104.66804037106634,-4.114525024792653]]]}},{"type":"Feature","properties":{"code":"1608032021","desa":"Suka Jadi","kecamatan":"Belitang","kecCode":"160803"},"geometry":{"type":"Polygon","coordinates":[[[104.62714748356956,-4.124345743833241],[104.61706690361478,-4.120175393256454],[104.60679566109093,-4.126649121629506],[104.58308443999499,-4.119677546558715],[104.58539254193232,-4.109235528185284],[104.61578467991912,-4.103904240082447],[104.6309129656609,-4.118469983681249],[104.62714748356956,-4.124345743833241]]]}},{"type":"Feature","properties":{"code":"1608032022","desa":"Serbaguna","kecamatan":"Belitang","kecCode":"160803"},"geometry":{"type":"Polygon","coordinates":[[[104.61625936367874,-4.142230023550081],[104.63075745669136,-4.141208263305147],[104.62767908901878,-4.14828020631346],[104.61628241330276,-4.147678481624265],[104.61625936367874,-4.142230023550081]]]}},{"type":"Feature","properties":{"code":"1608032023","desa":"Sukarami","kecamatan":"Belitang","kecCode":"160803"},"geometry":{"type":"Polygon","coordinates":[[[104.60947199133938,-4.183682257839577],[104.6177954605921,-4.183242999275124],[104.62391740386515,-4.174135429126479],[104.62652807191307,-4.193215352106449],[104.60821017056297,-4.197769424514093],[104.60947199133938,-4.183682257839577]]]}},{"type":"Feature","properties":{"code":"1608032024","desa":"Gedung Rejo","kecamatan":"Belitang","kecCode":"160803"},"geometry":{"type":"Polygon","coordinates":[[[104.66474106964472,-4.14571855131978],[104.67588366979561,-4.1506030742170354],[104.66874788390777,-4.164180682322862],[104.66081561165123,-4.169227833222854],[104.64634622769631,-4.1643867988417185],[104.66474106964472,-4.14571855131978]]]}},{"type":"Feature","properties":{"code":"1608032025","desa":"Sidodadi","kecamatan":"Belitang","kecCode":"160803"},"geometry":{"type":"Polygon","coordinates":[[[104.64683126265271,-4.139854443683534],[104.64040338081145,-4.154144722241929],[104.62445521193852,-4.149795073828982],[104.63233055621026,-4.140353237367359],[104.64022451375034,-4.144095886567327],[104.64683126265271,-4.139854443683534]]]}},{"type":"Feature","properties":{"code":"1608032026","desa":"Gunung Mas","kecamatan":"Belitang","kecCode":"160803"},"geometry":{"type":"Polygon","coordinates":[[[104.63900453663013,-4.190298334503214],[104.62652807191307,-4.193215352106449],[104.62487385984082,-4.1871583884548835],[104.63711513295709,-4.1818801963255305],[104.63900453663013,-4.190298334503214]]]}},{"type":"Feature","properties":{"code":"1608032027","desa":"Sumbersuko Jaya","kecamatan":"Belitang","kecCode":"160803"},"geometry":{"type":"Polygon","coordinates":[[[104.62025567655826,-4.173134219289581],[104.60910029794046,-4.169581323443837],[104.61007113137764,-4.150939122087002],[104.62502774373547,-4.1471953532311],[104.62025567655826,-4.173134219289581]]]}},{"type":"Feature","properties":{"code":"1608032028","desa":"Karang Kemiri","kecamatan":"Belitang","kecCode":"160803"},"geometry":{"type":"Polygon","coordinates":[[[104.64341194040878,-4.1605440200245525],[104.64080785000233,-4.180833795555894],[104.62487385984082,-4.1871583884548835],[104.61978405678883,-4.158426839663177],[104.64341194040878,-4.1605440200245525]]]}},{"type":"Feature","properties":{"code":"1608032029","desa":"Mojosari","kecamatan":"Belitang","kecCode":"160803"},"geometry":{"type":"Polygon","coordinates":[[[104.62487350101132,-4.125058976362174],[104.62481316639456,-4.140086854580319],[104.61798847758621,-4.141082824067702],[104.61703645257028,-4.120204969260546],[104.62487350101132,-4.125058976362174]]]}},{"type":"Feature","properties":{"code":"1608042001","desa":"Gunung Batu","kecamatan":"Cempaka","kecCode":"160804"},"geometry":{"type":"Polygon","coordinates":[[[104.66001944364244,-3.6503805519968373],[104.66481269794768,-3.6395072232672994],[104.65976400200714,-3.640866640269346],[104.66092275777912,-3.633510292060344],[104.65175733603228,-3.6355744519911264],[104.64736554178636,-3.6218678388361503],[104.65675331281517,-3.630355127684362],[104.6593685467211,-3.623737851325244],[104.66782627036616,-3.634438563282053],[104.6728540921427,-3.6241951637797416],[104.66639371599722,-3.6209720646164905],[104.66454051992912,-3.627374456966122],[104.6587940247245,-3.6158228856305845],[104.67116690642763,-3.6192969819793213],[104.68085699985072,-3.637830115356895],[104.69953584140603,-3.6178597781170017],[104.70465836629063,-3.6200519853192237],[104.69488263312708,-3.655746670842371],[104.7069307759346,-3.6634465519787693],[104.71944879832347,-3.65733295891741],[104.71095041273145,-3.6651588890316193],[104.72122095288472,-3.674782235661467],[104.7204275430967,-3.681772359249378],[104.67899999965032,-3.687249995827157],[104.63165688305877,-3.6704722059819637],[104.63534745522094,-3.653406208602361],[104.66001944364244,-3.6503805519968373]]]}},{"type":"Feature","properties":{"code":"1608042010","desa":"Ulak Baru","kecamatan":"Cempaka","kecCode":"160804"},"geometry":{"type":"Polygon","coordinates":[[[104.66488353304868,-3.8081323946019467],[104.64410559559684,-3.8076031156993886],[104.62508894260064,-3.803530668917746],[104.63497704065797,-3.7904125145523775],[104.6499234457105,-3.793963654022135],[104.66488353304868,-3.8081323946019467]]]}},{"type":"Feature","properties":{"code":"1608042011","desa":"Gunung Jati","kecamatan":"Cempaka","kecCode":"160804"},"geometry":{"type":"Polygon","coordinates":[[[104.67537914023518,-3.815813023951304],[104.6499234457105,-3.793963654022135],[104.63056603329585,-3.792262125021594],[104.63477745861285,-3.7756605618276304],[104.64039269326825,-3.7727919097640408],[104.64727783180655,-3.7822265588438295],[104.70752911827424,-3.793089719838319],[104.72156150635851,-3.808830634532993],[104.71029108376655,-3.81616214256792],[104.68480536357673,-3.809877993979956],[104.67537914023518,-3.815813023951304]]]}},{"type":"Feature","properties":{"code":"1608042012","desa":"Kuripan","kecamatan":"Cempaka","kecCode":"160804"},"geometry":{"type":"Polygon","coordinates":[[[104.64521446867285,-3.760096597738582],[104.62756247842573,-3.798363401867482],[104.5898448758404,-3.798357050855213],[104.5650650317259,-3.788711376756962],[104.58500000044971,-3.765833328997613],[104.58769352393705,-3.75288639565714],[104.64521446867285,-3.760096597738582]]]}},{"type":"Feature","properties":{"code":"1608042013","desa":"Negeri Sakti","kecamatan":"Cempaka","kecCode":"160804"},"geometry":{"type":"Polygon","coordinates":[[[104.64240685359346,-3.75979142179576],[104.63679161893809,-3.758387612458988],[104.58769352393705,-3.75288639565714],[104.61643302276588,-3.715727559885116],[104.66229247921461,-3.729797358852133],[104.65846865540418,-3.7375091371198685],[104.64041925294622,-3.744097654958662],[104.64240685359346,-3.75979142179576]]]}},{"type":"Feature","properties":{"code":"1608042014","desa":"Campang Tiga Hulu","kecamatan":"Cempaka","kecCode":"160804"},"geometry":{"type":"Polygon","coordinates":[[[104.77522730209834,-3.853692483780222],[104.70752911827424,-3.793089719838319],[104.64508056591546,-3.7810058550726087],[104.64039269326825,-3.7727919097640408],[104.64521446867285,-3.760096597738582],[104.6605224614425,-3.7675170855958817],[104.72009277316299,-3.7645873974444544],[104.72430419668137,-3.7714843710535346],[104.74267578126234,-3.76989745705034],[104.74591064266207,-3.7612914999602425],[104.77454855677053,-3.758080594704657],[104.77446841098843,-3.7848206910544766],[104.80147540996226,-3.7843900255121596],[104.80537636682595,-3.7949804347209337],[104.79589787488709,-3.7984268391452694],[104.79822759382846,-3.8516707277831403],[104.77522730209834,-3.853692483780222]]]}},{"type":"Feature","properties":{"code":"1608042015","desa":"Sukaraja","kecamatan":"Cempaka","kecCode":"160804"},"geometry":{"type":"Polygon","coordinates":[[[104.65509524355069,-3.737439851550877],[104.66229247921461,-3.729797358852133],[104.69347982473418,-3.738960597934576],[104.6846923817481,-3.7479858360492084],[104.65509524355069,-3.737439851550877]]]}},{"type":"Feature","properties":{"code":"1608042016","desa":"Cempaka","kecamatan":"Cempaka","kecCode":"160804"},"geometry":{"type":"Polygon","coordinates":[[[104.77366338465754,-3.7235067639238593],[104.77454855677053,-3.758080594704657],[104.76399221836624,-3.758607181036923],[104.75085730242262,-3.7452677727641017],[104.67987060634346,-3.7387084918849953],[104.65289306466326,-3.7236938435936047],[104.61643302276588,-3.715727559885116],[104.62243832756684,-3.711893323728123],[104.6256550190639,-3.693578908169849],[104.69070720677223,-3.726206982860932],[104.69902342389194,-3.7221024131950933],[104.71051622094689,-3.726856575764596],[104.72253419869435,-3.7140257628865547],[104.7477917653777,-3.71574307319042],[104.75295510689273,-3.7238782657667477],[104.77366338465754,-3.7235067639238593]]]}},{"type":"Feature","properties":{"code":"1608042017","desa":"Sukabumi","kecamatan":"Cempaka","kecCode":"160804"},"geometry":{"type":"Polygon","coordinates":[[[104.72032535493122,-3.6772246405519313],[104.74820352986903,-3.6822469269960205],[104.75269849523943,-3.6903669480094434],[104.73745171932141,-3.698295906255799],[104.72830864033153,-3.6939176971733962],[104.72897488868024,-3.706832221645323],[104.72180676407093,-3.708200411533938],[104.66541666734535,-3.6962222180078994],[104.62907110644649,-3.6815105522128375],[104.63165688305877,-3.6704722059819637],[104.67899999965032,-3.687249995827157],[104.70572085593285,-3.6872450198782873],[104.72032535493122,-3.6772246405519313]]]}},{"type":"Feature","properties":{"code":"1608042018","desa":"Campang Tiga Ilir","kecamatan":"Cempaka","kecCode":"160804"},"geometry":{"type":"Polygon","coordinates":[[[104.64521446867285,-3.760096597738582],[104.64041925294622,-3.744097654958662],[104.65509524355069,-3.737439851550877],[104.6846923817481,-3.7479858360492084],[104.69347982473418,-3.738960597934576],[104.71888851169551,-3.738871104599221],[104.73172470882832,-3.7459993631538584],[104.75085730242262,-3.7452677727641017],[104.76399221836624,-3.758607181036923],[104.74591064266207,-3.7612914999602425],[104.74267578126234,-3.76989745705034],[104.72430419668137,-3.7714843710535346],[104.72009277316299,-3.7645873974444544],[104.6605224614425,-3.7675170855958817],[104.64521446867285,-3.760096597738582]]]}},{"type":"Feature","properties":{"code":"1608042019","desa":"Maluai Indah","kecamatan":"Cempaka","kecCode":"160804"},"geometry":{"type":"Polygon","coordinates":[[[104.69977517528416,-3.8135691785765298],[104.71029108376655,-3.81616214256792],[104.72316807414734,-3.8099929606122256],[104.72260399238041,-3.827757582832912],[104.73956542290601,-3.8369837285931],[104.7398752609346,-3.856241176845218],[104.71899934774176,-3.853374388176906],[104.7056730470735,-3.858630959704893],[104.69500307932873,-3.853763678609867],[104.70316485857141,-3.8276321921587453],[104.69425435865179,-3.8212776770167642],[104.69977517528416,-3.8135691785765298]]]}},{"type":"Feature","properties":{"code":"1608042020","desa":"Harisan Jaya","kecamatan":"Cempaka","kecCode":"160804"},"geometry":{"type":"Polygon","coordinates":[[[104.77267923316015,-3.720431073536309],[104.75295510689273,-3.7238782657667477],[104.7477917653777,-3.71574307319042],[104.72253419869435,-3.7140257628865547],[104.71051622094689,-3.726856575764596],[104.69902342389194,-3.7221024131950933],[104.69070720677223,-3.726206982860932],[104.6256550190639,-3.693578908169849],[104.62907110644649,-3.6815105522128375],[104.66541666734535,-3.6962222180078994],[104.72180676407093,-3.708200411533938],[104.72897488868024,-3.706832221645323],[104.72830864033153,-3.6939176971733962],[104.73745171932141,-3.698295906255799],[104.75269849523943,-3.6903669480094434],[104.76010235194207,-3.7052113933085127],[104.77353317811372,-3.7090356766684347],[104.77267923316015,-3.720431073536309]]]}},{"type":"Feature","properties":{"code":"1608042021","desa":"Campang Tiga Jaya","kecamatan":"Cempaka","kecCode":"160804"},"geometry":{"type":"Polygon","coordinates":[[[104.77446128386121,-3.724639429462747],[104.80168617777497,-3.735365084116524],[104.79913937508218,-3.759514811918449],[104.80766723865217,-3.771628641195342],[104.80170248608096,-3.785006499082916],[104.77446841098843,-3.7848206910544766],[104.77446128386121,-3.724639429462747]]]}},{"type":"Feature","properties":{"code":"1608052001","desa":"Negeri Pakuan","kecamatan":"Buay Pemuka Peliung","kecCode":"160805"},"geometry":{"type":"Polygon","coordinates":[[[104.45297703206444,-4.253168800136501],[104.44542392027772,-4.251788291334562],[104.43654611161384,-4.2624209030290405],[104.40413359179189,-4.224516825158],[104.37695487176995,-4.213260345666906],[104.36741896711167,-4.187764399312923],[104.39629043875281,-4.189614471134318],[104.40579910744292,-4.200963527736099],[104.41768164279362,-4.192375053466467],[104.45297703206444,-4.253168800136501]]]}},{"type":"Feature","properties":{"code":"1608052002","desa":"Negeri Agung","kecamatan":"Buay Pemuka Peliung","kecCode":"160805"},"geometry":{"type":"Polygon","coordinates":[[[104.40626073034848,-4.2996310199432335],[104.39547467271801,-4.3007682585347595],[104.376255288251,-4.2797410236378735],[104.39326978327392,-4.275828187633424],[104.40441146701568,-4.2868166196923525],[104.40626073034848,-4.2996310199432335]]]}},{"type":"Feature","properties":{"code":"1608052003","desa":"Banu Mas","kecamatan":"Buay Pemuka Peliung","kecCode":"160805"},"geometry":{"type":"Polygon","coordinates":[[[104.36441611191405,-4.275625311371891],[104.36255288210987,-4.264333609932914],[104.3847110118038,-4.264194793279979],[104.39351843322918,-4.27494757418481],[104.376255288251,-4.2797410236378735],[104.36441611191405,-4.275625311371891]]]}},{"type":"Feature","properties":{"code":"1608052004","desa":"Banu Ayu","kecamatan":"Buay Pemuka Peliung","kecCode":"160805"},"geometry":{"type":"Polygon","coordinates":[[[104.29755905320779,-4.212448551039148],[104.32175359155508,-4.206316094697809],[104.36569685802363,-4.242974855252575],[104.39587959336858,-4.2464310676832],[104.3985917022453,-4.2579946395723915],[104.39089601284076,-4.26662913394966],[104.3648845651706,-4.2667875513265825],[104.33736817580075,-4.246988309206104],[104.3163083152766,-4.242948880133969],[104.29755905320779,-4.212448551039148]]]}},{"type":"Feature","properties":{"code":"1608052005","desa":"Pulau Negara","kecamatan":"Buay Pemuka Peliung","kecCode":"160805"},"geometry":{"type":"Polygon","coordinates":[[[104.41815459985497,-4.2926937234314835],[104.3902783980297,-4.271804722426892],[104.40394990076737,-4.249675735287102],[104.42219091367978,-4.265665422244739],[104.42914323337355,-4.283209373318794],[104.41815459985497,-4.2926937234314835]]]}},{"type":"Feature","properties":{"code":"1608052006","desa":"Saung Dadi","kecamatan":"Buay Pemuka Peliung","kecCode":"160805"},"geometry":{"type":"Polygon","coordinates":[[[104.41815459985497,-4.2926937234314835],[104.42914323337355,-4.283209373318794],[104.43747588200641,-4.288070521037553],[104.44025783762918,-4.303590803256479],[104.434241686105,-4.316805337965591],[104.42703715424136,-4.3188138811231855],[104.41407948657911,-4.306276676208275],[104.41815459985497,-4.2926937234314835]]]}},{"type":"Feature","properties":{"code":"1608052007","desa":"Trantang Sakti","kecamatan":"Buay Pemuka Peliung","kecCode":"160805"},"geometry":{"type":"Polygon","coordinates":[[[104.45579320689102,-4.287242873160751],[104.4797854787169,-4.301416113948275],[104.46686346557652,-4.313811583010918],[104.45568915982692,-4.300433747606152],[104.44419567389127,-4.3012097375253395],[104.45579320689102,-4.287242873160751]]]}},{"type":"Feature","properties":{"code":"1608052008","desa":"Pemetung Besuki","kecamatan":"Buay Pemuka Peliung","kecCode":"160805"},"geometry":{"type":"Polygon","coordinates":[[[104.45004549670239,-4.271233522526541],[104.46293202889007,-4.287714169173719],[104.45579320689102,-4.287242873160751],[104.44025783762918,-4.303590803256479],[104.43413256506591,-4.283438990921363],[104.45004549670239,-4.271233522526541]]]}},{"type":"Feature","properties":{"code":"1608052009","desa":"Pahang Asri","kecamatan":"Buay Pemuka Peliung","kecCode":"160805"},"geometry":{"type":"Polygon","coordinates":[[[104.42914323337355,-4.283209373318794],[104.42571146990849,-4.276486776455484],[104.43541104578321,-4.264337706344775],[104.44830896968324,-4.272059052499921],[104.43965783873836,-4.2835416961968855],[104.42914323337355,-4.283209373318794]]]}},{"type":"Feature","properties":{"code":"1608052010","desa":"Bantan","kecamatan":"Buay Pemuka Peliung","kecCode":"160805"},"geometry":{"type":"Polygon","coordinates":[[[104.41728796097065,-4.239155659357404],[104.43654611161384,-4.2624209030290405],[104.42571146990849,-4.276486776455484],[104.42219091367978,-4.265665422244739],[104.40394990076737,-4.249675735287102],[104.41728796097065,-4.239155659357404]]]}},{"type":"Feature","properties":{"code":"1608052011","desa":"Bandar Jaya","kecamatan":"Buay Pemuka Peliung","kecCode":"160805"},"geometry":{"type":"Polygon","coordinates":[[[104.45338058304753,-4.255143147472702],[104.45004549670239,-4.271233522526541],[104.43541104578321,-4.264337706344775],[104.44542392027772,-4.251788291334562],[104.45338058304753,-4.255143147472702]]]}},{"type":"Feature","properties":{"code":"1608052012","desa":"Negeri Agung Jaya","kecamatan":"Buay Pemuka Peliung","kecCode":"160805"},"geometry":{"type":"Polygon","coordinates":[[[104.41495183435973,-4.331941309297707],[104.40414909160734,-4.317632844648755],[104.41009637394853,-4.304317606555003],[104.40441146701568,-4.2868166196923525],[104.41815459985497,-4.2926937234314835],[104.41407948657911,-4.306276676208275],[104.42703715424136,-4.3188138811231855],[104.41495183435973,-4.331941309297707]]]}},{"type":"Feature","properties":{"code":"1608052013","desa":"Bantan Pelita","kecamatan":"Buay Pemuka Peliung","kecCode":"160805"},"geometry":{"type":"Polygon","coordinates":[[[104.32175359155508,-4.206316094697809],[104.33190028337145,-4.181281033804826],[104.3496673014049,-4.189307740263718],[104.36741896711167,-4.187764399312923],[104.37695487176995,-4.213260345666906],[104.40413359179189,-4.224516825158],[104.41728796097065,-4.239155659357404],[104.39944646468267,-4.253963761254285],[104.39587959336858,-4.2464310676832],[104.36569685802363,-4.242974855252575],[104.32175359155508,-4.206316094697809]]]}},{"type":"Feature","properties":{"code":"1608062001","desa":"Karang Negara","kecamatan":"Madang Suku II","kecCode":"160806"},"geometry":{"type":"Polygon","coordinates":[[[104.42472697576936,-4.088373304494665],[104.43543388856318,-4.100536427411624],[104.4550864395876,-4.105045627246514],[104.42946166532361,-4.105580165384393],[104.43948625258854,-4.123412930135812],[104.41327567882955,-4.124158608405493],[104.41804705262943,-4.1088902137009855],[104.41470709105948,-4.087657598830077],[104.42472697576936,-4.088373304494665]]]}},{"type":"Feature","properties":{"code":"1608062002","desa":"Riang Bandung","kecamatan":"Madang Suku II","kecCode":"160806"},"geometry":{"type":"Polygon","coordinates":[[[104.48228697626301,-4.116835031491667],[104.44452522595843,-4.102803511268086],[104.45394940783893,-4.0945976032005165],[104.48809190042094,-4.101295062213969],[104.48867566025358,-4.112619803845507],[104.48228697626301,-4.116835031491667]]]}},{"type":"Feature","properties":{"code":"1608062005","desa":"Kota Negara","kecamatan":"Madang Suku II","kecCode":"160806"},"geometry":{"type":"Polygon","coordinates":[[[104.48793423217914,-4.0170950078140555],[104.47920489798769,-4.0177569726910765],[104.48074114868511,-3.999680995285812],[104.48806780308672,-3.9990349178319327],[104.48793423217914,-4.0170950078140555]]]}},{"type":"Feature","properties":{"code":"1608062006","desa":"Karta Negara","kecamatan":"Madang Suku II","kecCode":"160806"},"geometry":{"type":"Polygon","coordinates":[[[104.46942228770847,-4.0633274724216415],[104.43921910267947,-4.057311065496369],[104.44614310901733,-4.05110904479623],[104.44328775432643,-4.031300030642497],[104.46883694057243,-4.023274006769143],[104.46942228770847,-4.0633274724216415]]]}},{"type":"Feature","properties":{"code":"1608062007","desa":"Pandan Agung","kecamatan":"Madang Suku II","kecCode":"160806"},"geometry":{"type":"Polygon","coordinates":[[[104.47920489798769,-4.0177569726910765],[104.49329851101754,-4.018863807902223],[104.49966274244166,-4.028811263002627],[104.51132590256837,-4.031006138493441],[104.51114468378017,-4.045887216776846],[104.50049892758351,-4.04629225164087],[104.50083948375521,-4.0533098072491365],[104.49542068531645,-4.054218319466239],[104.47920489798769,-4.0177569726910765]]]}},{"type":"Feature","properties":{"code":"1608062009","desa":"Sri Mulyo","kecamatan":"Madang Suku II","kecCode":"160806"},"geometry":{"type":"Polygon","coordinates":[[[104.49542068531645,-4.054218319466239],[104.5188045073222,-4.058384601510135],[104.50172297143803,-4.064631120665021],[104.50150909826634,-4.075292952231988],[104.48145633184429,-4.076319878182852],[104.47872513305849,-4.067542184756296],[104.49542068531645,-4.054218319466239]]]}},{"type":"Feature","properties":{"code":"1608062010","desa":"Margo Tani","kecamatan":"Madang Suku II","kecCode":"160806"},"geometry":{"type":"Polygon","coordinates":[[[104.50081264079078,-4.057462157895225],[104.50049892758351,-4.04629225164087],[104.53698890341519,-4.045064269656384],[104.55202381344827,-4.064765905657248],[104.50081264079078,-4.057462157895225]]]}},{"type":"Feature","properties":{"code":"1608062011","desa":"Jati Mulya II","kecamatan":"Madang Suku II","kecCode":"160806"},"geometry":{"type":"Polygon","coordinates":[[[104.52124854988074,-4.0752119862683305],[104.5147063021542,-4.096348663262012],[104.52031011541952,-4.096503238735078],[104.51944100879557,-4.1046221248042745],[104.48759919964338,-4.099599859943978],[104.48348777534062,-4.085503080416131],[104.52124854988074,-4.0752119862683305]]]}},{"type":"Feature","properties":{"code":"1608062012","desa":"Pandan Jaya","kecamatan":"Madang Suku II","kecCode":"160806"},"geometry":{"type":"Polygon","coordinates":[[[104.48228697626301,-4.116835031491667],[104.48867566025358,-4.112619803845507],[104.48809190042094,-4.101295062213969],[104.52450086442342,-4.101725369826122],[104.52577676768374,-4.109632966475976],[104.50815581933563,-4.1189830756862955],[104.48228697626301,-4.116835031491667]]]}},{"type":"Feature","properties":{"code":"1608062014","desa":"Rasuan Baru","kecamatan":"Madang Suku II","kecCode":"160806"},"geometry":{"type":"Polygon","coordinates":[[[104.45250466765633,-4.058290763549988],[104.46942228770847,-4.0633274724216415],[104.46883694057243,-4.023274006769143],[104.45526376880791,-4.0170412670266105],[104.47920489798769,-4.0177569726910765],[104.49542068531645,-4.054218319466239],[104.48977177194979,-4.061762347192991],[104.47296731628869,-4.0609341489310715],[104.47003149205976,-4.071906424669388],[104.45250466765633,-4.058290763549988]]]}},{"type":"Feature","properties":{"code":"1608062020","desa":"Banbanrejo","kecamatan":"Madang Suku II","kecCode":"160806"},"geometry":{"type":"Polygon","coordinates":[[[104.60599132364077,-4.102779650455557],[104.58497973602609,-4.10778708459599],[104.56526180428891,-4.086959704238743],[104.55955914204083,-4.071423809789184],[104.55197595692492,-4.071352383833702],[104.55139369266482,-4.058467042361989],[104.5343485280622,-4.043640772361321],[104.5134186978147,-4.00952562999753],[104.52965576759965,-4.009454618629488],[104.53202570782018,-4.0231178448919085],[104.55407438822249,-4.045319468474503],[104.55738107667541,-4.063506255845602],[104.57391451893993,-4.071900155495422],[104.58078225469733,-4.091485924642646],[104.60599132364077,-4.102779650455557]]]}},{"type":"Feature","properties":{"code":"1608062021","desa":"Suka Negara","kecamatan":"Madang Suku II","kecCode":"160806"},"geometry":{"type":"Polygon","coordinates":[[[104.44452522595843,-4.102803511268086],[104.4228550845945,-4.08576971051673],[104.43524947628235,-4.056541757539977],[104.44865343880518,-4.059295519413722],[104.45310372495696,-4.066976722530613],[104.44688837359962,-4.084431797204103],[104.4550194023236,-4.0952785806449405],[104.44452522595843,-4.102803511268086]]]}},{"type":"Feature","properties":{"code":"1608062022","desa":"Srikencana","kecamatan":"Madang Suku II","kecCode":"160806"},"geometry":{"type":"Polygon","coordinates":[[[104.48308949258607,-4.062237376291743],[104.4781065343891,-4.06873179536708],[104.48243671967896,-4.075203282629594],[104.4698282515726,-4.074199536704501],[104.47296731628869,-4.0609341489310715],[104.48308949258607,-4.062237376291743]]]}},{"type":"Feature","properties":{"code":"1608062023","desa":"Dadimulyo","kecamatan":"Madang Suku II","kecCode":"160806"},"geometry":{"type":"Polygon","coordinates":[[[104.4698282515726,-4.074199536704501],[104.50150909826634,-4.075292952231988],[104.50308729064602,-4.079890294620632],[104.48348777534062,-4.085503080416131],[104.48492685698892,-4.091353728798624],[104.46653983374637,-4.0883961832475],[104.4698282515726,-4.074199536704501]]]}},{"type":"Feature","properties":{"code":"1608062024","desa":"Riang Bandung Ilir","kecamatan":"Madang Suku II","kecCode":"160806"},"geometry":{"type":"Polygon","coordinates":[[[104.49623908456617,-4.102262823566022],[104.45499767740097,-4.097363981663186],[104.45504526682565,-4.092795416680736],[104.4651998097235,-4.0856682175273225],[104.48505633418257,-4.091359277615657],[104.48759919964338,-4.099599859943978],[104.49623908456617,-4.102262823566022]]]}},{"type":"Feature","properties":{"code":"1608062025","desa":"Margotani II","kecamatan":"Madang Suku II","kecCode":"160806"},"geometry":{"type":"Polygon","coordinates":[[[104.51114468378017,-4.045887216776846],[104.51356778742347,-4.023516649252829],[104.51911305122637,-4.021343903379641],[104.53564261921154,-4.045107408336237],[104.51114468378017,-4.045887216776846]]]}},{"type":"Feature","properties":{"code":"1608062026","desa":"Kota Negara Timur","kecamatan":"Madang Suku II","kecCode":"160806"},"geometry":{"type":"Polygon","coordinates":[[[104.48793423217914,-4.0170950078140555],[104.48969498243751,-3.9978506941602663],[104.5134186978147,-4.00952562999753],[104.51918328468088,-4.021484373885722],[104.51139643909441,-4.031741765939897],[104.48793423217914,-4.0170950078140555]]]}},{"type":"Feature","properties":{"code":"1608062027","desa":"Talang Giring","kecamatan":"Madang Suku II","kecCode":"160806"},"geometry":{"type":"Polygon","coordinates":[[[104.4471262802537,-4.058691328783491],[104.45250466765633,-4.058290763549988],[104.47003149205976,-4.071906424669388],[104.4651998097235,-4.0856682175273225],[104.45504526682565,-4.092795416680736],[104.44688837359962,-4.084431797204103],[104.45322269806911,-4.0678690208705435],[104.4471262802537,-4.058691328783491]]]}},{"type":"Feature","properties":{"code":"1608062028","desa":"Kalirejo","kecamatan":"Madang Suku II","kecCode":"160806"},"geometry":{"type":"Polygon","coordinates":[[[104.55955914204083,-4.097121988490006],[104.5147063021542,-4.096348663262012],[104.52773387232043,-4.071124042369188],[104.55955914204083,-4.071423809789184],[104.55955914204083,-4.097121988490006]]]}},{"type":"Feature","properties":{"code":"1608072002","desa":"Mendayun","kecamatan":"Madang Suku I","kecCode":"160807"},"geometry":{"type":"Polygon","coordinates":[[[104.47687647856668,-3.9534667527415532],[104.46538149885714,-3.9338879956083845],[104.48984187859986,-3.91791329675209],[104.49752660526866,-3.9463668857838505],[104.50967579859929,-3.952828392370154],[104.49612298209,-3.9746822274334788],[104.51324866209613,-3.991561186512281],[104.48969498243751,-3.9978506941602663],[104.488900526738,-3.9876941295972195],[104.47844515432047,-3.9779548765434587],[104.47873160188198,-3.958333144407031],[104.48617926366215,-3.9516016019874467],[104.48481969737122,-3.9470858919602665],[104.47687647856668,-3.9534667527415532]]]}},{"type":"Feature","properties":{"code":"1608072003","desa":"Gunung Terang","kecamatan":"Madang Suku I","kecCode":"160807"},"geometry":{"type":"Polygon","coordinates":[[[104.49752660526866,-3.9463668857838505],[104.48905121893864,-3.9070140576550165],[104.5003212260438,-3.894647735620095],[104.5225776327516,-3.89277241892954],[104.53558961496883,-3.8821060880544103],[104.53558961496883,-3.888875077344636],[104.51299046583738,-3.9054688254300074],[104.53336544855665,-3.9797249087028246],[104.52391887355724,-3.9891263727991744],[104.51324866209613,-3.991561186512281],[104.49612298209,-3.9746822274334788],[104.50967579859929,-3.952828392370154],[104.49752660526866,-3.9463668857838505]]]}},{"type":"Feature","properties":{"code":"1608072004","desa":"Karta Mulya","kecamatan":"Madang Suku I","kecCode":"160807"},"geometry":{"type":"Polygon","coordinates":[[[104.51710424996122,-3.9178101723925236],[104.51299046583738,-3.9054688254300074],[104.53509009103492,-3.888726686509212],[104.55202858884837,-3.902413055925052],[104.57136855891189,-3.8904867415897812],[104.60220446826166,-3.9025373809026136],[104.59402745630211,-3.915203044978293],[104.58495397134872,-3.9105773478649524],[104.56858611765529,-3.9283684928914027],[104.52284441124065,-3.9147487551451383],[104.51710424996122,-3.9178101723925236]]]}},{"type":"Feature","properties":{"code":"1608072007","desa":"SP. Kerta Mulya","kecamatan":"Madang Suku I","kecCode":"160807"},"geometry":{"type":"Polygon","coordinates":[[[104.57733994668126,-3.9221054235128747],[104.58495397134872,-3.9105773478649524],[104.59402745630211,-3.915203044978293],[104.60220446826166,-3.9025373809026136],[104.60940383172152,-3.9062810499337477],[104.62100781375965,-3.9014460580974704],[104.63809145405742,-3.9259433513868354],[104.63744679033715,-3.9346463399297025],[104.57733994668126,-3.9221054235128747]]]}},{"type":"Feature","properties":{"code":"1608072014","desa":"Harjo Mulyo","kecamatan":"Madang Suku I","kecCode":"160807"},"geometry":{"type":"Polygon","coordinates":[[[104.64353752443725,-4.013209788190972],[104.6212317692308,-4.019494133730396],[104.61848595106585,-4.0290186943302775],[104.6155544408848,-4.03090644594675],[104.61043464184529,-4.007444388343756],[104.61802122639853,-3.9989235583804565],[104.6117888958409,-4.000216435443676],[104.60012595784673,-3.9895381426859866],[104.61682557144303,-3.978358813335262],[104.61778448526582,-3.9923439159508147],[104.6326117957978,-3.9962119108587952],[104.64353752443725,-4.013209788190972]]]}},{"type":"Feature","properties":{"code":"1608072015","desa":"Jaya Bakti","kecamatan":"Madang Suku I","kecCode":"160807"},"geometry":{"type":"Polygon","coordinates":[[[104.60888175818666,-4.038621706389496],[104.6212317692308,-4.019494133730396],[104.64353752443725,-4.013209788190972],[104.65807608963989,-4.028445192165566],[104.65102622318169,-4.039973907231474],[104.65739164980486,-4.0613329586879106],[104.64235544025144,-4.061424171527003],[104.63656145184957,-4.041686543758609],[104.62502423907745,-4.034571953999644],[104.61185129889839,-4.043512714298],[104.60888175818666,-4.038621706389496]]]}},{"type":"Feature","properties":{"code":"1608072016","desa":"Rasuan","kecamatan":"Madang Suku I","kecCode":"160807"},"geometry":{"type":"Polygon","coordinates":[[[104.53336544855665,-3.9797249087028246],[104.51924338277598,-3.931405852374738],[104.51710424996122,-3.9178101723925236],[104.52284441124065,-3.9147487551451383],[104.56858611765529,-3.9283684928914027],[104.5826129704123,-3.978631120856001],[104.53336544855665,-3.9797249087028246]]]}},{"type":"Feature","properties":{"code":"1608072017","desa":"Mengulak","kecamatan":"Madang Suku I","kecCode":"160807"},"geometry":{"type":"Polygon","coordinates":[[[104.56858611765529,-3.9283684928914027],[104.57641422143921,-3.921785767585877],[104.63171120930491,-3.9367402863060024],[104.62100781375965,-3.941415328320661],[104.6197554313681,-3.9510047453284556],[104.59638685287103,-3.954873717799447],[104.57913124780889,-3.9506178497900675],[104.56858611765529,-3.9283684928914027]]]}},{"type":"Feature","properties":{"code":"1608072019","desa":"Jati Sari","kecamatan":"Madang Suku I","kecCode":"160807"},"geometry":{"type":"Polygon","coordinates":[[[104.61682557144303,-3.978358813335262],[104.60025271908779,-3.989452272719145],[104.5826129704123,-3.978631120856001],[104.57410137288014,-3.947227107105008],[104.60551762284007,-3.9560344080118894],[104.62077367796293,-3.9500007197142355],[104.61682557144303,-3.978358813335262]]]}},{"type":"Feature","properties":{"code":"1608072021","desa":"Tri Dadi","kecamatan":"Madang Suku I","kecCode":"160807"},"geometry":{"type":"Polygon","coordinates":[[[104.41937170723854,-3.983691513373745],[104.41850276788846,-3.9738523654258127],[104.41938920085101,-3.9734745602346377],[104.42103641709701,-3.981094848672124],[104.4222882050367,-3.9799978466482693],[104.42252742739889,-3.9775532474119886],[104.42326863873677,-3.9763852052418236],[104.42075755891425,-3.9869055887395515],[104.42264476374491,-3.9890929315089467],[104.42638249635517,-3.9832576372516635],[104.43878838497601,-3.9906003985033127],[104.47274491664466,-3.98897887858782],[104.47687217621001,-3.999280192631334],[104.42536790730314,-4.013778749678725],[104.41010626559175,-4.010980782529213],[104.39903376669503,-4.003522174209018],[104.41584081510159,-3.9929786097861806],[104.40311096459942,-3.9833522135552495],[104.40388152980881,-3.9791012783272546],[104.41395289710857,-3.984058087831151],[104.40418193035187,-3.9744255986933417],[104.41937170723854,-3.983691513373745]]]}},{"type":"Feature","properties":{"code":"1608072022","desa":"Agung Jati","kecamatan":"Madang Suku I","kecCode":"160807"},"geometry":{"type":"Polygon","coordinates":[[[104.43646973399107,-3.980174375471862],[104.45441372691204,-3.9532546467378955],[104.47932697196222,-3.956636951084197],[104.48481969737122,-3.9470858919602665],[104.47844515432047,-3.9779548765434587],[104.488900526738,-3.9876941295972195],[104.48954445930939,-3.998929440845892],[104.47687217621001,-3.999280192631334],[104.47274491664466,-3.98897887858782],[104.4336376753385,-3.9885019609127426],[104.42638249635517,-3.9832576372516635],[104.43646973399107,-3.980174375471862]]]}},{"type":"Feature","properties":{"code":"1608072023","desa":"Rasuan Darat","kecamatan":"Madang Suku I","kecCode":"160807"},"geometry":{"type":"Polygon","coordinates":[[[104.54225886225674,-4.019620106265905],[104.52965576759965,-4.009454618629488],[104.51388540728578,-4.009708979279462],[104.49355277364162,-3.9986672282151856],[104.5462898224174,-3.976714243795796],[104.58380733843796,-3.978748325900788],[104.60025271908779,-3.989452272719145],[104.57597773188688,-4.002916337819407],[104.55634066359079,-3.9978145594004997],[104.54225886225674,-4.019620106265905]]]}},{"type":"Feature","properties":{"code":"1608072024","desa":"Harjo Mulyo Jaya","kecamatan":"Madang Suku I","kecCode":"160807"},"geometry":{"type":"Polygon","coordinates":[[[104.60151496794144,-3.9946936232215493],[104.61802122639853,-3.9989235583804565],[104.61043464184529,-4.007444388343756],[104.6130159308406,-4.014266360292973],[104.60794340736241,-4.01516294030515],[104.60151496794144,-3.9946936232215493]]]}},{"type":"Feature","properties":{"code":"1608082002","desa":"Jaya Mulya","kecamatan":"Semendawai Suku III","kecCode":"160808"},"geometry":{"type":"Polygon","coordinates":[[[104.65662379695073,-4.0539207958547125],[104.65116899055653,-4.039164890609511],[104.66481757856842,-4.029371029821846],[104.66844459114503,-4.0383367193272655],[104.68190876957412,-4.042725635738056],[104.66806797935385,-4.059448246780035],[104.66185313971066,-4.049837782938308],[104.65662379695073,-4.0539207958547125]]]}},{"type":"Feature","properties":{"code":"1608082003","desa":"Gunung Sugih","kecamatan":"Semendawai Suku III","kecCode":"160808"},"geometry":{"type":"Polygon","coordinates":[[[104.68150783202088,-4.042143855313811],[104.66844459114503,-4.0383367193272655],[104.68151854024849,-4.0163998723426175],[104.69045071922538,-4.020501588459568],[104.68150783202088,-4.042143855313811]]]}},{"type":"Feature","properties":{"code":"1608082007","desa":"Margo Rejo","kecamatan":"Semendawai Suku III","kecCode":"160808"},"geometry":{"type":"Polygon","coordinates":[[[104.69096435262281,-4.011229791313681],[104.70667524976301,-4.009766125799493],[104.6989037807849,-4.022209120434815],[104.69096435262281,-4.011229791313681]]]}},{"type":"Feature","properties":{"code":"1608082009","desa":"Trimoharjo","kecamatan":"Semendawai Suku III","kecCode":"160808"},"geometry":{"type":"Polygon","coordinates":[[[104.70203557358292,-4.037891927234327],[104.68860411069119,-4.017213232690055],[104.69293609282647,-4.014696071654567],[104.6989037807849,-4.022209120434815],[104.70514986557389,-4.013256398253894],[104.71485517642532,-4.0291211693794065],[104.70203557358292,-4.037891927234327]]]}},{"type":"Feature","properties":{"code":"1608082010","desa":"Taman Agung","kecamatan":"Semendawai Suku III","kecCode":"160808"},"geometry":{"type":"Polygon","coordinates":[[[104.67855849008231,-4.016866247265382],[104.6720444118202,-4.026536797510847],[104.66227024707428,-4.011039943530676],[104.67093346041092,-4.012312455446157],[104.67855849008231,-4.016866247265382]]]}},{"type":"Feature","properties":{"code":"1608082011","desa":"Krujon","kecamatan":"Semendawai Suku III","kecCode":"160808"},"geometry":{"type":"Polygon","coordinates":[[[104.70667524976301,-4.009766125799493],[104.71423553544167,-3.995665070894668],[104.72600365724304,-4.011329903843731],[104.71440070133137,-4.006408262328418],[104.70667524976301,-4.009766125799493]]]}},{"type":"Feature","properties":{"code":"1608082013","desa":"Karang Endah","kecamatan":"Semendawai Suku III","kecCode":"160808"},"geometry":{"type":"Polygon","coordinates":[[[104.72546035521127,-4.011459779436938],[104.72764779421037,-3.9961810829983837],[104.74951258393867,-3.983928411887463],[104.75490496838965,-3.988722056493439],[104.75773829058971,-4.003186909648576],[104.73574505788814,-4.016681023796329],[104.72546035521127,-4.011459779436938]]]}},{"type":"Feature","properties":{"code":"1608082014","desa":"Sriwangi","kecamatan":"Semendawai Suku III","kecCode":"160808"},"geometry":{"type":"Polygon","coordinates":[[[104.72600365724304,-4.011329903843731],[104.71973440861615,-3.9981041833671664],[104.70655788284004,-3.9928032689670587],[104.7003590205524,-3.9825866242955232],[104.70113696290058,-3.967783924626349],[104.70724664571617,-3.9678930267795685],[104.71746328859994,-3.9529698395400445],[104.73423143233481,-3.9661373289142468],[104.74398401425094,-3.9656990092420523],[104.74858635597559,-3.9735887399601486],[104.74951258393867,-3.983928411887463],[104.72764779421037,-3.9961810829983837],[104.72600365724304,-4.011329903843731]]]}},{"type":"Feature","properties":{"code":"1608082015","desa":"Cahaya Negeri","kecamatan":"Semendawai Suku III","kecCode":"160808"},"geometry":{"type":"Polygon","coordinates":[[[104.62100781375965,-3.941415328320661],[104.63744679033715,-3.9346463399297025],[104.63440821676585,-3.9193961618926263],[104.65109923284336,-3.9186488027900497],[104.67053056503362,-3.8977227524153863],[104.67675855366438,-3.8997157094226047],[104.69145661632984,-3.8785405405461626],[104.70276664686332,-3.897324160294491],[104.71193424766744,-3.8995164133621585],[104.7113363612841,-3.9078868335120265],[104.73272697716833,-3.912547393743807],[104.7203515827594,-3.9528323017231353],[104.70724664571617,-3.9678930267795685],[104.6880760917383,-3.9651379779759948],[104.65416319697403,-3.985248743454177],[104.65121266523238,-3.990959449232565],[104.66066927306854,-4.010471751862573],[104.65159520175722,-4.020010779856209],[104.6326117957978,-3.9962119108587952],[104.61778448526582,-3.9923439159508147],[104.62100781375965,-3.941415328320661]]]}},{"type":"Feature","properties":{"code":"1608082016","desa":"Suka Mulya","kecamatan":"Semendawai Suku III","kecCode":"160808"},"geometry":{"type":"Polygon","coordinates":[[[104.76036583081849,-3.999822242806214],[104.74949485740183,-3.983875231377691],[104.76043371974043,-3.974289808259084],[104.75440821077035,-3.9643879200080123],[104.77050718066192,-3.951811133232072],[104.78055593091153,-3.970490304818765],[104.7749118846758,-3.970938785930798],[104.76824566720381,-3.9964540569167184],[104.76036583081849,-3.999822242806214]]]}},{"type":"Feature","properties":{"code":"1608082017","desa":"Taraman","kecamatan":"Semendawai Suku III","kecCode":"160808"},"geometry":{"type":"Polygon","coordinates":[[[104.77050718066192,-3.951811133232072],[104.75855343699158,-3.9633658755773],[104.75276874308308,-3.953783149525479],[104.74020708199129,-3.950931312985471],[104.74988383487113,-3.922836057923333],[104.77052718877877,-3.921339294659901],[104.773653254694,-3.9292275702749984],[104.76855991640707,-3.9273611577720096],[104.76330848989494,-3.935288612351948],[104.77050718066192,-3.951811133232072]]]}},{"type":"Feature","properties":{"code":"1608082025","desa":"Mujo Rahayu","kecamatan":"Semendawai Suku III","kecCode":"160808"},"geometry":{"type":"Polygon","coordinates":[[[104.65836909056117,-4.034598235787037],[104.6545165307134,-4.023105856029749],[104.6700587249303,-4.02305179598294],[104.67072530422945,-4.0308574787607405],[104.65836909056117,-4.034598235787037]]]}},{"type":"Feature","properties":{"code":"1608082026","desa":"Taman Harjo","kecamatan":"Semendawai Suku III","kecCode":"160808"},"geometry":{"type":"Polygon","coordinates":[[[104.688352034319,-4.018716992679019],[104.67855849008231,-4.016866247265382],[104.67930370879918,-4.010404524841708],[104.68933432691773,-4.005333892643148],[104.6907243145755,-3.9978558553694947],[104.69975349802559,-3.9996179519111155],[104.70105268383433,-4.005457147427381],[104.688352034319,-4.018716992679019]]]}},{"type":"Feature","properties":{"code":"1608082027","desa":"Margodadi","kecamatan":"Semendawai Suku III","kecCode":"160808"},"geometry":{"type":"Polygon","coordinates":[[[104.67855849008231,-4.016866247265382],[104.66066927306854,-4.010471751862573],[104.65121266523238,-3.990959449232565],[104.65416319697403,-3.985248743454177],[104.68871297092691,-3.987295079721405],[104.68933432691773,-4.005333892643148],[104.67855849008231,-4.016866247265382]]]}},{"type":"Feature","properties":{"code":"1608082028","desa":"Taraman Jaya","kecamatan":"Semendawai Suku III","kecCode":"160808"},"geometry":{"type":"Polygon","coordinates":[[[104.74949485740183,-3.983875231377691],[104.74398401425094,-3.9656990092420523],[104.73423143233481,-3.9661373289142468],[104.7203515827594,-3.9528323017231353],[104.72528933743303,-3.9381043375145333],[104.74220930741363,-3.943113984886589],[104.74020708199129,-3.950931312985471],[104.75276874308308,-3.953783149525479],[104.75852531968779,-3.9633192996885986],[104.75433682798229,-3.9645592408576125],[104.76026239889063,-3.9747276297069383],[104.74949485740183,-3.983875231377691]]]}},{"type":"Feature","properties":{"code":"1608082029","desa":"Karang Marga","kecamatan":"Semendawai Suku III","kecCode":"160808"},"geometry":{"type":"Polygon","coordinates":[[[104.72528933743303,-3.9381043375145333],[104.73272697716833,-3.912547393743807],[104.74481804191912,-3.912669930869004],[104.75031552204375,-3.9263687109291157],[104.74220930741363,-3.943113984886589],[104.72528933743303,-3.9381043375145333]]]}},{"type":"Feature","properties":{"code":"1608082030","desa":"Trimo Rejo","kecamatan":"Semendawai Suku III","kecCode":"160808"},"geometry":{"type":"Polygon","coordinates":[[[104.70514986557389,-4.013256398253894],[104.71440070133137,-4.006408262328418],[104.72619220730455,-4.01456672216484],[104.71485517642532,-4.0291211693794065],[104.70514986557389,-4.013256398253894]]]}},{"type":"Feature","properties":{"code":"1608082031","desa":"Sriwangi Ulu","kecamatan":"Semendawai Suku III","kecCode":"160808"},"geometry":{"type":"Polygon","coordinates":[[[104.70444031486868,-4.008235867286499],[104.69975349802559,-3.9996179519111155],[104.6907243145755,-3.9978558553694947],[104.68757082923041,-3.9862005274507686],[104.65707898700572,-3.9863172630495316],[104.6880760917383,-3.9651379779759948],[104.70113696290058,-3.967783924626349],[104.7003590205524,-3.9825866242955232],[104.71423553544167,-3.995665070894668],[104.70444031486868,-4.008235867286499]]]}},{"type":"Feature","properties":{"code":"1608082032","desa":"Taman Mulyo","kecamatan":"Semendawai Suku III","kecCode":"160808"},"geometry":{"type":"Polygon","coordinates":[[[104.6545165307134,-4.023105856029749],[104.65255605541768,-4.015759016352634],[104.66227024707428,-4.011039943530676],[104.6682586473188,-4.021803909303684],[104.6545165307134,-4.023105856029749]]]}},{"type":"Feature","properties":{"code":"1608092004","desa":"Tanjung Kemuning","kecamatan":"Belitang II","kecCode":"160809"},"geometry":{"type":"Polygon","coordinates":[[[104.76171360340015,-4.002610193306772],[104.78670810309654,-4.005392425018443],[104.77189531391764,-4.016160208413561],[104.75821760495859,-4.010398264660927],[104.76171360340015,-4.002610193306772]]]}},{"type":"Feature","properties":{"code":"1608092005","desa":"Raman Jaya","kecamatan":"Belitang II","kecCode":"160809"},"geometry":{"type":"Polygon","coordinates":[[[104.8090707413217,-4.003365330645694],[104.7975059949058,-4.009208211583704],[104.7938937770762,-3.9970084493873905],[104.80680949855957,-3.995375019750053],[104.8090707413217,-4.003365330645694]]]}},{"type":"Feature","properties":{"code":"1608092006","desa":"Sumber Jaya","kecamatan":"Belitang II","kecCode":"160809"},"geometry":{"type":"Polygon","coordinates":[[[104.8090707413217,-4.003365330645694],[104.80602725205607,-3.9717685229326687],[104.82184468378517,-3.9681432829237173],[104.83588706243802,-3.987155647932161],[104.83264397493956,-3.994910407498489],[104.8090707413217,-4.003365330645694]]]}},{"type":"Feature","properties":{"code":"1608092007","desa":"Sumber Rejo","kecamatan":"Belitang II","kecCode":"160809"},"geometry":{"type":"Polygon","coordinates":[[[104.86258870380566,-3.9560919763139744],[104.87953011722117,-3.949016811934141],[104.89178753856412,-3.963926344767014],[104.90218232275606,-3.9658033962497723],[104.89123741517464,-3.972466196290864],[104.8836777257465,-3.991169339306725],[104.87638414840977,-3.991934240585044],[104.88100353858248,-3.9850464904227976],[104.85760792376675,-3.971646559574858],[104.85760304584396,-3.965477924407057],[104.86697781987054,-3.961777678241555],[104.86258870380566,-3.9560919763139744]]]}},{"type":"Feature","properties":{"code":"1608092008","desa":"Sumber Sari","kecamatan":"Belitang II","kecCode":"160809"},"geometry":{"type":"Polygon","coordinates":[[[104.8624809011727,-4.031431790315375],[104.84681954318745,-4.040099007424542],[104.83134291404428,-4.038961344353038],[104.81755093632671,-4.022155034307686],[104.8461057207025,-4.012770469371919],[104.85060732486824,-4.030867277773747],[104.8624809011727,-4.031431790315375]]]}},{"type":"Feature","properties":{"code":"1608092009","desa":"Tegal Sari","kecamatan":"Belitang II","kecCode":"160809"},"geometry":{"type":"Polygon","coordinates":[[[104.77051897077392,-3.9911787776915855],[104.7749118846758,-3.970938785930798],[104.79463738870459,-3.9694981763359154],[104.79423838559306,-3.9810337954971406],[104.78136954217068,-3.996552470627419],[104.77051897077392,-3.9911787776915855]]]}},{"type":"Feature","properties":{"code":"1608092010","desa":"Sri Bantolo","kecamatan":"Belitang II","kecCode":"160809"},"geometry":{"type":"Polygon","coordinates":[[[104.78122847091724,-4.062742881616037],[104.7921034858872,-4.072693831481951],[104.77596101398966,-4.094077003655008],[104.76446067791802,-4.088411910591393],[104.78122847091724,-4.062742881616037]]]}},{"type":"Feature","properties":{"code":"1608092011","desa":"Sumber Rahayu","kecamatan":"Belitang II","kecCode":"160809"},"geometry":{"type":"Polygon","coordinates":[[[104.82507877626455,-4.105291925474365],[104.80416905935465,-4.110121990824452],[104.80201135643898,-4.120129710394514],[104.76996030292571,-4.10409332434109],[104.78682252923642,-4.081053824892078],[104.82507877626455,-4.105291925474365]]]}},{"type":"Feature","properties":{"code":"1608092012","desa":"Margo Mulyo","kecamatan":"Belitang II","kecCode":"160809"},"geometry":{"type":"Polygon","coordinates":[[[104.82895394057196,-4.063208916595073],[104.8258177357,-4.070567674087947],[104.83456912036866,-4.099288700811601],[104.82754898279939,-4.1045721063107825],[104.78682252923642,-4.081053824892078],[104.7921034858872,-4.072693831481951],[104.78122847091724,-4.062742881616037],[104.78650933943452,-4.0558608214643534],[104.78417262466694,-4.035234268712988],[104.82895394057196,-4.063208916595073]]]}},{"type":"Feature","properties":{"code":"1608092015","desa":"Purwosari","kecamatan":"Belitang II","kecCode":"160809"},"geometry":{"type":"Polygon","coordinates":[[[104.76996030292571,-4.10409332434109],[104.801987692578,-4.120362527784851],[104.80186745861636,-4.120605947282854],[104.80007838870671,-4.121318910914438],[104.80018890189636,-4.122010122643757],[104.7942380717297,-4.12411528176737],[104.78226505288995,-4.123371390450608],[104.7463168637323,-4.09515143989012],[104.74908841869562,-4.08109264322884],[104.77596101398966,-4.094077003655008],[104.76996030292571,-4.10409332434109]]]}},{"type":"Feature","properties":{"code":"1608092016","desa":"Karang Manik","kecamatan":"Belitang II","kecCode":"160809"},"geometry":{"type":"Polygon","coordinates":[[[104.85197468738197,-4.03701814683456],[104.84692115938405,-4.0537510353289035],[104.82895394057196,-4.063208916595073],[104.78417262466694,-4.035234268712988],[104.78758682437251,-4.0134291238445305],[104.82476747683762,-4.025549802358148],[104.83134291404428,-4.038961344353038],[104.85197468738197,-4.03701814683456]]]}},{"type":"Feature","properties":{"code":"1608092017","desa":"Sumber Harapan","kecamatan":"Belitang II","kecCode":"160809"},"geometry":{"type":"Polygon","coordinates":[[[104.83570140909278,-4.000582037734053],[104.83486273822483,-3.9843070012874633],[104.85039015208389,-3.969135436587617],[104.88100353858248,-3.9850464904227976],[104.8661818344242,-4.006783465780877],[104.85671419100714,-4.005918563488387],[104.8447644367294,-3.992746542430439],[104.83570140909278,-4.000582037734053]]]}},{"type":"Feature","properties":{"code":"1608092018","desa":"Keli Rejo","kecamatan":"Belitang II","kecCode":"160809"},"geometry":{"type":"Polygon","coordinates":[[[104.85449546999,-3.9536179305759633],[104.86697781987054,-3.961777678241555],[104.85760304584396,-3.965477924407057],[104.85760792376675,-3.971646559574858],[104.84607590637802,-3.970522959202271],[104.83588706243802,-3.987155647932161],[104.82033285327861,-3.970546136529976],[104.82224193501736,-3.959565696746113],[104.85449546999,-3.9536179305759633]]]}},{"type":"Feature","properties":{"code":"1608092019","desa":"Toto Rejo","kecamatan":"Belitang II","kecCode":"160809"},"geometry":{"type":"Polygon","coordinates":[[[104.9003087714327,-3.9417419854698172],[104.90556687181375,-3.947784020375389],[104.9121955039194,-3.945574349238318],[104.90218232275606,-3.9658033962497723],[104.89178753856412,-3.963926344767014],[104.87953011722117,-3.949016811934141],[104.9003087714327,-3.9417419854698172]]]}},{"type":"Feature","properties":{"code":"1608092020","desa":"Karang Jaya","kecamatan":"Belitang II","kecCode":"160809"},"geometry":{"type":"Polygon","coordinates":[[[104.80680949855957,-3.995375019750053],[104.79151716658401,-3.9972619979495065],[104.78383188323488,-3.991622982527306],[104.79423838559306,-3.9810337954971406],[104.79416013378318,-3.9718055309341542],[104.80602725205607,-3.9717685229326687],[104.80680949855957,-3.995375019750053]]]}},{"type":"Feature","properties":{"code":"1608092021","desa":"Kemuning Jaya","kecamatan":"Belitang II","kecCode":"160809"},"geometry":{"type":"Polygon","coordinates":[[[104.76280703241866,-4.013052755770038],[104.77006432390947,-4.020978598764916],[104.75998050189871,-4.035258726675295],[104.75126260888237,-4.015257301670728],[104.76280703241866,-4.013052755770038]]]}},{"type":"Feature","properties":{"code":"1608092021","desa":"Kemuning Jaya","kecamatan":"Belitang II","kecCode":"160809"},"geometry":{"type":"Polygon","coordinates":[[[104.75773829058971,-4.003186909648576],[104.76508807465495,-3.9993687551683577],[104.76602449733275,-4.002195685883619],[104.75773829058971,-4.003186909648576]]]}},{"type":"Feature","properties":{"code":"1608092022","desa":"Bangun Rejo","kecamatan":"Belitang II","kecCode":"160809"},"geometry":{"type":"Polygon","coordinates":[[[104.7686217403011,-4.015040911296816],[104.78882342006483,-4.02448805735582],[104.78232404302025,-4.040080888783321],[104.76557471759916,-4.040297356498886],[104.7686217403011,-4.015040911296816]]]}},{"type":"Feature","properties":{"code":"1608092023","desa":"Batu Mas","kecamatan":"Belitang II","kecCode":"160809"},"geometry":{"type":"Polygon","coordinates":[[[104.77189531391764,-4.016160208413561],[104.78670810309654,-4.005392425018443],[104.77735231195969,-3.997477605913221],[104.78383188323488,-3.991622982527306],[104.7938937770762,-3.9970084493873905],[104.79673204284954,-4.006395489257426],[104.78758682437251,-4.0134291238445305],[104.78780502238396,-4.022961835899444],[104.77189531391764,-4.016160208413561]]]}},{"type":"Feature","properties":{"code":"1608092024","desa":"Suka Jaya","kecamatan":"Belitang II","kecCode":"160809"},"geometry":{"type":"Polygon","coordinates":[[[104.79673204284954,-4.006395489257426],[104.82338265668433,-4.005158862989416],[104.82509596770478,-4.01842959543374],[104.81755093632671,-4.022155034307686],[104.79211594689347,-4.011850489899392],[104.79673204284954,-4.006395489257426]]]}},{"type":"Feature","properties":{"code":"1608092025","desa":"Sri Jaya","kecamatan":"Belitang II","kecCode":"160809"},"geometry":{"type":"Polygon","coordinates":[[[104.76602449733275,-4.002195685883619],[104.77442216425152,-3.9919127683719164],[104.7806360919821,-4.003713925856825],[104.76602449733275,-4.002195685883619]]]}},{"type":"Feature","properties":{"code":"1608092026","desa":"Tegal Besar","kecamatan":"Belitang II","kecCode":"160809"},"geometry":{"type":"Polygon","coordinates":[[[104.87405390516362,-4.020598110896062],[104.86767214865078,-4.030221851429103],[104.85268072983189,-4.032662891148661],[104.8461057207025,-4.012770469371919],[104.82509596770478,-4.01842959543374],[104.8252119676582,-4.010961450702557],[104.82854557281995,-4.004137875262117],[104.84290009896046,-4.005246627827828],[104.84733749872663,-3.998707210274693],[104.87405390516362,-4.020598110896062]]]}},{"type":"Feature","properties":{"code":"1608092027","desa":"Darma Buana","kecamatan":"Belitang II","kecCode":"160809"},"geometry":{"type":"Polygon","coordinates":[[[104.81040537480828,-4.003940115243755],[104.83264397493956,-3.994910407498489],[104.83570140909278,-4.000582037734053],[104.84376341305114,-3.9925309245742278],[104.84769539472676,-3.996696612166154],[104.84290009896046,-4.005246627827828],[104.82854557281995,-4.004137875262117],[104.8252119676582,-4.010961450702557],[104.82338265668433,-4.005158862989416],[104.8174325918407,-4.008776743846136],[104.81040537480828,-4.003940115243755]]]}},{"type":"Feature","properties":{"code":"1608092028","desa":"Rejo Mulyo","kecamatan":"Belitang II","kecCode":"160809"},"geometry":{"type":"Polygon","coordinates":[[[104.91333841363695,-4.002457315753692],[104.91324737256826,-4.002498029861306],[104.9133413975875,-4.0024260975875325],[104.91333841363695,-4.002457315753692]]]}},{"type":"Feature","properties":{"code":"1608092028","desa":"Rejo Mulyo","kecamatan":"Belitang II","kecCode":"160809"},"geometry":{"type":"Polygon","coordinates":[[[104.9129189914184,-3.9456176650845696],[104.92970949589657,-3.9493629645866104],[104.91465263521098,-3.998304310401159],[104.88384108759618,-3.984816433951123],[104.9129189914184,-3.9456176650845696]]]}},{"type":"Feature","properties":{"code":"1608092029","desa":"Purworejo","kecamatan":"Belitang II","kecCode":"160809"},"geometry":{"type":"Polygon","coordinates":[[[104.91465263521098,-3.998304310401159],[104.90557881211254,-4.012007223745413],[104.8920574493918,-4.011940489553087],[104.87516395455292,-4.021541052758314],[104.85671419100714,-4.005918563488387],[104.8661818344242,-4.006783465780877],[104.88641340495472,-3.986591863841455],[104.91465263521098,-3.998304310401159]]]}},{"type":"Feature","properties":{"code":"1608102001","desa":"Kutosari","kecamatan":"Belitang III","kecCode":"160810"},"geometry":{"type":"Polygon","coordinates":[[[104.69439475901099,-4.134609103788492],[104.6880171663592,-4.123998345619769],[104.67650083944227,-4.120334017477376],[104.68099879056177,-4.106280662613829],[104.70280213321195,-4.109165285737645],[104.69439475901099,-4.134609103788492]]]}},{"type":"Feature","properties":{"code":"1608102002","desa":"Nusa Raya","kecamatan":"Belitang III","kecCode":"160810"},"geometry":{"type":"Polygon","coordinates":[[[104.69509499094112,-4.135625032829326],[104.70280213321195,-4.109165285737645],[104.72414588092771,-4.114963998272064],[104.70695002772167,-4.1427797233583075],[104.69509499094112,-4.135625032829326]]]}},{"type":"Feature","properties":{"code":"1608102003","desa":"Nusa Tunggal","kecamatan":"Belitang III","kecCode":"160810"},"geometry":{"type":"Polygon","coordinates":[[[104.6957383182688,-4.156108792125797],[104.69342895907926,-4.135919329673363],[104.70695002772167,-4.1427797233583075],[104.71854289683726,-4.125932475274069],[104.73486115831588,-4.135120467296584],[104.72491954430159,-4.137462822609578],[104.71854905899193,-4.152995167435062],[104.70176761698201,-4.149087401808303],[104.6957383182688,-4.156108792125797]]]}},{"type":"Feature","properties":{"code":"1608102004","desa":"Nusa Bali","kecamatan":"Belitang III","kecCode":"160810"},"geometry":{"type":"Polygon","coordinates":[[[104.71570046270625,-4.160310188198923],[104.72491954430159,-4.137462822609578],[104.74565952496715,-4.1325654187226615],[104.72427861276782,-4.161808193426103],[104.71570046270625,-4.160310188198923]]]}},{"type":"Feature","properties":{"code":"1608102005","desa":"Nusa Bakti","kecamatan":"Belitang III","kecCode":"160810"},"geometry":{"type":"Polygon","coordinates":[[[104.73788203143067,-4.148024249366886],[104.74565952496715,-4.1325654187226615],[104.76957528607068,-4.139833026328984],[104.76672031089367,-4.147073581428944],[104.75398455634229,-4.149475046481885],[104.7558530948445,-4.170301261317921],[104.75087178600415,-4.166350217616409],[104.7424978647847,-4.185185319055332],[104.73925749413807,-4.179367747737578],[104.74973069921246,-4.156129080831158],[104.73788203143067,-4.148024249366886]]]}},{"type":"Feature","properties":{"code":"1608102006","desa":"Nusa Jaya","kecamatan":"Belitang III","kecCode":"160810"},"geometry":{"type":"Polygon","coordinates":[[[104.76875864589486,-4.110904310172217],[104.78316307001973,-4.123679608799896],[104.78216680555369,-4.129791771039873],[104.76957528607068,-4.139833026328984],[104.74565952496715,-4.1325654187226615],[104.74825299887685,-4.126169424149909],[104.74048303626317,-4.121762651700006],[104.74565857168578,-4.113625999523823],[104.75995888579398,-4.122462931293464],[104.76875864589486,-4.110904310172217]]]}},{"type":"Feature","properties":{"code":"1608102007","desa":"Nusa Tenggara","kecamatan":"Belitang III","kecCode":"160810"},"geometry":{"type":"Polygon","coordinates":[[[104.78675725194567,-4.135872455209712],[104.78529130395059,-4.1715510788416035],[104.76679658869163,-4.179503165852486],[104.7558530948445,-4.170301261317921],[104.75377567530722,-4.149967170793532],[104.76676248999695,-4.147035328765696],[104.7834244157043,-4.120694747240893],[104.7942380717297,-4.12411528176737],[104.78675725194567,-4.135872455209712]]]}},{"type":"Feature","properties":{"code":"1608102008","desa":"Nusa Agung","kecamatan":"Belitang III","kecCode":"160810"},"geometry":{"type":"Polygon","coordinates":[[[104.7463168637323,-4.09515143989012],[104.76875864589486,-4.110904310172217],[104.75995888579398,-4.122462931293464],[104.73468726990166,-4.105747039086471],[104.7463168637323,-4.09515143989012]]]}},{"type":"Feature","properties":{"code":"1608102009","desa":"Nusa Maju","kecamatan":"Belitang III","kecCode":"160810"},"geometry":{"type":"Polygon","coordinates":[[[104.7462487014165,-4.095103591460713],[104.73546975562476,-4.103928144062402],[104.71612088676953,-4.088348015558736],[104.72859100676959,-4.080571142562671],[104.7462487014165,-4.095103591460713]]]}},{"type":"Feature","properties":{"code":"1608102010","desa":"Senu Marga","kecamatan":"Belitang III","kecCode":"160810"},"geometry":{"type":"Polygon","coordinates":[[[104.71854289683726,-4.125932475274069],[104.72414588092771,-4.114963998272064],[104.71287325679543,-4.109628938412553],[104.71796050667211,-4.1010752643088315],[104.7310537399382,-4.111440537236917],[104.73468726990166,-4.105747039086471],[104.74565857168578,-4.113625999523823],[104.74048303626317,-4.121762651700006],[104.74825299887685,-4.126169424149909],[104.74565952496715,-4.1325654187226615],[104.73486115831588,-4.135120467296584],[104.71854289683726,-4.125932475274069]]]}},{"type":"Feature","properties":{"code":"1608102011","desa":"Karang Sari","kecamatan":"Belitang III","kecCode":"160810"},"geometry":{"type":"Polygon","coordinates":[[[104.68204509060848,-4.103330028352571],[104.66574752702682,-4.092367136140476],[104.68293750406262,-4.080157549750059],[104.69203826185634,-4.089935446672118],[104.704650263399,-4.084506684650122],[104.68204509060848,-4.103330028352571]]]}},{"type":"Feature","properties":{"code":"1608102013","desa":"Trikarya","kecamatan":"Belitang III","kecCode":"160810"},"geometry":{"type":"Polygon","coordinates":[[[104.77502835317603,-4.1780578501052945],[104.76003869612896,-4.2128076305467],[104.7489622213295,-4.221950815646964],[104.72996824743672,-4.202259102765424],[104.73117099624454,-4.189510388097437],[104.7424978647847,-4.185185319055332],[104.75087178600415,-4.166350217616409],[104.76679658869163,-4.179503165852486],[104.77502835317603,-4.1780578501052945]]]}},{"type":"Feature","properties":{"code":"1608102016","desa":"Suka Negara","kecamatan":"Belitang III","kecCode":"160810"},"geometry":{"type":"Polygon","coordinates":[[[104.72859100676959,-4.080571142562671],[104.71882416430378,-4.085640376315449],[104.70354190473518,-4.074843053788437],[104.71799775659126,-4.064318916520438],[104.72859100676959,-4.080571142562671]]]}},{"type":"Feature","properties":{"code":"1608102017","desa":"Karang Jadi","kecamatan":"Belitang III","kecCode":"160810"},"geometry":{"type":"Polygon","coordinates":[[[104.72080887992591,-4.1691633041681095],[104.73788203143067,-4.148024249366886],[104.74973069921246,-4.156129080831158],[104.73925749413807,-4.179367747737578],[104.7424978647847,-4.185185319055332],[104.73117099624454,-4.189510388097437],[104.72080887992591,-4.1691633041681095]]]}},{"type":"Feature","properties":{"code":"1608102018","desa":"Dadi Rejo","kecamatan":"Belitang III","kecCode":"160810"},"geometry":{"type":"Polygon","coordinates":[[[104.71882416430378,-4.085640376315449],[104.70019311631931,-4.083356091126248],[104.69203826185634,-4.089935446672118],[104.68293750406262,-4.080157549750059],[104.68713837673477,-4.074727795775816],[104.70354190473518,-4.074843053788437],[104.71882416430378,-4.085640376315449]]]}},{"type":"Feature","properties":{"code":"1608102019","desa":"Ganti Warno","kecamatan":"Belitang III","kecCode":"160810"},"geometry":{"type":"Polygon","coordinates":[[[104.72665935744344,-4.074715518231307],[104.71799775659126,-4.064318916520438],[104.71022253384291,-4.06654632048962],[104.71502865834594,-4.050736986272946],[104.73099141781972,-4.050517264810231],[104.73632939058898,-4.056012055956061],[104.72665935744344,-4.074715518231307]]]}},{"type":"Feature","properties":{"code":"1608102020","desa":"Sinar Bali","kecamatan":"Belitang III","kecCode":"160810"},"geometry":{"type":"Polygon","coordinates":[[[104.73117099624454,-4.189510388097437],[104.72996824743672,-4.202259102765424],[104.74388217592171,-4.215683843210709],[104.71954920313327,-4.2110124425510405],[104.71252984257825,-4.188990237313654],[104.72080887992591,-4.1691633041681095],[104.73117099624454,-4.189510388097437]]]}},{"type":"Feature","properties":{"code":"1608102021","desa":"Sumber Rejo","kecamatan":"Belitang III","kecCode":"160810"},"geometry":{"type":"Polygon","coordinates":[[[104.69613650659454,-4.156145621162162],[104.70176761698201,-4.149087401808303],[104.71854905899193,-4.152995167435062],[104.71570046270625,-4.160310188198923],[104.72411132267946,-4.1638373976084235],[104.71759206432239,-4.1823962372076],[104.70658119056952,-4.177754423343865],[104.7058245216844,-4.162773337751076],[104.69613650659454,-4.156145621162162]]]}},{"type":"Feature","properties":{"code":"1608102022","desa":"Ringin Sari","kecamatan":"Belitang III","kecCode":"160810"},"geometry":{"type":"Polygon","coordinates":[[[104.68099879056177,-4.106280662613829],[104.68524512576198,-4.095893859916009],[104.70814427074157,-4.084161107563777],[104.73546975562476,-4.103928144062402],[104.7310537399382,-4.111440537236917],[104.71796050667211,-4.1010752643088315],[104.70638833905065,-4.112261467177995],[104.68099879056177,-4.106280662613829]]]}},{"type":"Feature","properties":{"code":"1608102023","desa":"Karya Maju","kecamatan":"Belitang III","kecCode":"160810"},"geometry":{"type":"Polygon","coordinates":[[[104.75057370841,-4.063438031476592],[104.7463168637323,-4.09515143989012],[104.72526686067715,-4.079109673192921],[104.74220094191998,-4.0554847177905105],[104.75057370841,-4.063438031476592]]]}},{"type":"Feature","properties":{"code":"1608112001","desa":"Batu Raja Bungin","kecamatan":"Bunga Mayang","kecCode":"160811"},"geometry":{"type":"Polygon","coordinates":[[[104.15129346492152,-4.405822759289234],[104.17464894119576,-4.4145495690744845],[104.18382800655728,-4.408685009978528],[104.19724933229092,-4.420473901610218],[104.20385284633187,-4.4145107318519585],[104.21874516885451,-4.4147267193295505],[104.24426835480078,-4.437701706811212],[104.24416713700384,-4.448592969821255],[104.25921851632152,-4.448852516861433],[104.26780727568529,-4.439537358902984],[104.27426513282965,-4.45461600385066],[104.26823319820357,-4.47238106134359],[104.28090011055171,-4.486091305961343],[104.29630594686198,-4.496177944638245],[104.32690739306177,-4.496538661811219],[104.3291972207752,-4.5142388844798305],[104.3105651088927,-4.512674525473538],[104.32327777694793,-4.556466661725983],[104.33462021095401,-4.556548773425958],[104.34076191592976,-4.602296623061889],[104.3123110895852,-4.636427391146834],[104.29952481202052,-4.64414001657619],[104.28066597655362,-4.624936957522149],[104.27735903179392,-4.5791879837337195],[104.24928189624255,-4.534183947173581],[104.2448891855875,-4.512634722379181],[104.23620382734481,-4.5106088987484005],[104.22422599983008,-4.490943994656894],[104.21239411069972,-4.442769409917968],[104.19619799963804,-4.439136995117629],[104.15129346492152,-4.405822759289234]]]}},{"type":"Feature","properties":{"code":"1608112002","desa":"Tulang Bawang","kecamatan":"Bunga Mayang","kecCode":"160811"},"geometry":{"type":"Polygon","coordinates":[[[104.19703895028738,-4.410894665827099],[104.18834912331344,-4.399335582454262],[104.19577257804212,-4.39469087816943],[104.2176073699842,-4.401586125080299],[104.21980690216685,-4.394317766540013],[104.2330736740109,-4.3945861143457305],[104.24553449771895,-4.406675247340168],[104.24426835480078,-4.437701706811212],[104.21955418457803,-4.4151074329282975],[104.20483157221936,-4.417922088796985],[104.20407724337012,-4.406903363974231],[104.19703895028738,-4.410894665827099]]]}},{"type":"Feature","properties":{"code":"1608112003","desa":"Sabahlioh","kecamatan":"Bunga Mayang","kecCode":"160811"},"geometry":{"type":"Polygon","coordinates":[[[104.21980690216685,-4.394317766540013],[104.2278994273168,-4.3677697914588185],[104.24244050792316,-4.380093977558247],[104.23770728876042,-4.384414137201371],[104.25375947232187,-4.382892530166423],[104.2823115659261,-4.4207114053677286],[104.268514820003,-4.421434226468302],[104.27330076102135,-4.42336970780364],[104.26726000044873,-4.4434634698002],[104.24416713700384,-4.448592969821255],[104.24553449771895,-4.406675247340168],[104.2330736740109,-4.3945861143457305],[104.21980690216685,-4.394317766540013]]]}},{"type":"Feature","properties":{"code":"1608112004","desa":"Negeri Ratu","kecamatan":"Bunga Mayang","kecCode":"160811"},"geometry":{"type":"Polygon","coordinates":[[[104.22977620630694,-4.3674293018373405],[104.23723210767571,-4.340953265325188],[104.26524364487835,-4.364617361021784],[104.27621882094188,-4.356918408884976],[104.28409548002247,-4.363305213285808],[104.27897011957543,-4.3669771973567775],[104.28706469158233,-4.381802961938544],[104.27852891937418,-4.386893077949281],[104.27789160761164,-4.394836041338014],[104.28520644761954,-4.4009703934502555],[104.2741758247546,-4.397719950400122],[104.28173543863967,-4.419083277233842],[104.25375947232187,-4.382892530166423],[104.23770728876042,-4.384414137201371],[104.24244050792316,-4.380093977558247],[104.22977620630694,-4.3674293018373405]]]}},{"type":"Feature","properties":{"code":"1608112005","desa":"Peracak","kecamatan":"Bunga Mayang","kecCode":"160811"},"geometry":{"type":"Polygon","coordinates":[[[104.26547059778994,-4.34602169958072],[104.22247768719558,-4.310392327320417],[104.22570344295957,-4.288920880393171],[104.24642102960689,-4.318525624125993],[104.28613757958567,-4.340091173414054],[104.30162580368794,-4.341209072984363],[104.31176506890284,-4.36298102387632],[104.3055149245742,-4.3711254443964],[104.30212247497231,-4.3714445490389915],[104.29683411600172,-4.367604693917833],[104.29121294492155,-4.372857533259384],[104.2862840152951,-4.37639449581644],[104.29621645442592,-4.367372665232889],[104.30588087310389,-4.369870622145404],[104.29148656095605,-4.3464438764222475],[104.26547059778994,-4.34602169958072]]]}},{"type":"Feature","properties":{"code":"1608112006","desa":"Negeri Ratu Baru","kecamatan":"Bunga Mayang","kecCode":"160811"},"geometry":{"type":"Polygon","coordinates":[[[104.23885617627154,-4.326629600335097],[104.26547059778994,-4.34602169958072],[104.29148656095605,-4.3464438764222475],[104.30588087310389,-4.369870622145404],[104.29621645442592,-4.367372665232889],[104.28418827836639,-4.376295643236566],[104.27897011957543,-4.3669771973567775],[104.28409548002247,-4.363305213285808],[104.27746173976753,-4.3571800765265625],[104.26524364487835,-4.364617361021784],[104.23723210767571,-4.340953265325188],[104.23885617627154,-4.326629600335097]]]}},{"type":"Feature","properties":{"code":"1608112007","desa":"Tunas Peracak","kecamatan":"Bunga Mayang","kecCode":"160811"},"geometry":{"type":"Polygon","coordinates":[[[104.22615038803,-4.288781471986413],[104.2292560348382,-4.269693655656773],[104.23979903629657,-4.270490395633506],[104.27208078569976,-4.313616797050519],[104.30764115391617,-4.333036289645615],[104.31311083599631,-4.3267638790089835],[104.33008832211844,-4.334005077124188],[104.32598545666353,-4.356667592463176],[104.33317986665759,-4.3641177120826935],[104.33572997525822,-4.384610673242474],[104.31306213321095,-4.364729582023896],[104.30162580368794,-4.341209072984363],[104.28613757958567,-4.340091173414054],[104.24642102960689,-4.318525624125993],[104.22615038803,-4.288781471986413]]]}},{"type":"Feature","properties":{"code":"1608112008","desa":"Sukabaru","kecamatan":"Bunga Mayang","kecCode":"160811"},"geometry":{"type":"Polygon","coordinates":[[[104.18382800655728,-4.408685009978528],[104.19703895028738,-4.410894665827099],[104.2011131111812,-4.4060317761216234],[104.20578649664958,-4.409817975890993],[104.19724933229092,-4.420473901610218],[104.18382800655728,-4.408685009978528]]]}},{"type":"Feature","properties":{"code":"1608122001","desa":"Tanjung Mas","kecamatan":"Buay Madang Timur","kecCode":"160812"},"geometry":{"type":"Polygon","coordinates":[[[104.54994693890016,-4.219624101342987],[104.55704412768436,-4.220204136183078],[104.55587249901667,-4.232644431053724],[104.54731676365776,-4.226640551684528],[104.54994693890016,-4.219624101342987]]]}},{"type":"Feature","properties":{"code":"1608122002","desa":"Tanjungsari","kecamatan":"Buay Madang Timur","kecCode":"160812"},"geometry":{"type":"Polygon","coordinates":[[[104.54374784998333,-4.221533576083411],[104.52896849040354,-4.218359909055691],[104.52318283332119,-4.191585620481303],[104.5505363482739,-4.202244555332048],[104.55767625665396,-4.219481487752396],[104.55121270230443,-4.22173027400251],[104.5442307022851,-4.2142360102611445],[104.54374784998333,-4.221533576083411]]]}},{"type":"Feature","properties":{"code":"1608122003","desa":"Teko Rejo","kecamatan":"Buay Madang Timur","kecCode":"160812"},"geometry":{"type":"Polygon","coordinates":[[[104.50815581933563,-4.1189830756862955],[104.52569668485421,-4.108923850144117],[104.54248977758122,-4.111620158828941],[104.54667221235279,-4.132603601238765],[104.56419140690798,-4.149627479769929],[104.54227366689626,-4.147260865244818],[104.53026604124489,-4.161298970304491],[104.52353975175821,-4.150539070366405],[104.51382108957169,-4.155369073663345],[104.50815581933563,-4.1189830756862955]]]}},{"type":"Feature","properties":{"code":"1608122004","desa":"Sumber Asri","kecamatan":"Buay Madang Timur","kecCode":"160812"},"geometry":{"type":"Polygon","coordinates":[[[104.57573106133947,-4.179401751104131],[104.57219394769258,-4.187095035713356],[104.56813196721656,-4.179430048272257],[104.57573106133947,-4.179401751104131]]]}},{"type":"Feature","properties":{"code":"1608122005","desa":"Suka Maju","kecamatan":"Buay Madang Timur","kecCode":"160812"},"geometry":{"type":"Polygon","coordinates":[[[104.54741031563361,-4.199916981276169],[104.53371364806644,-4.1774564680577555],[104.5384864158155,-4.16988010610618],[104.55408789334165,-4.170361657088553],[104.56485936127058,-4.1910064552855735],[104.54741031563361,-4.199916981276169]]]}},{"type":"Feature","properties":{"code":"1608122006","desa":"Srikaton","kecamatan":"Buay Madang Timur","kecCode":"160812"},"geometry":{"type":"Polygon","coordinates":[[[104.55673074183032,-4.239376840419846],[104.55761915060337,-4.2191388442546],[104.54741031563361,-4.199916981276169],[104.56153247674246,-4.19584620543485],[104.58014236457853,-4.204545096666575],[104.5768946914369,-4.221963754193267],[104.56878407642404,-4.2251548150086515],[104.56568140637187,-4.2375404805616546],[104.55673074183032,-4.239376840419846]]]}},{"type":"Feature","properties":{"code":"1608122007","desa":"Liman Sari","kecamatan":"Buay Madang Timur","kecCode":"160812"},"geometry":{"type":"Polygon","coordinates":[[[104.54738663018888,-4.240916859275037],[104.5682877702644,-4.237239749967707],[104.57064856258113,-4.241793268393085],[104.54841455708618,-4.246384860516486],[104.54738663018888,-4.240916859275037]]]}},{"type":"Feature","properties":{"code":"1608122008","desa":"Sumber Harjo","kecamatan":"Buay Madang Timur","kecCode":"160812"},"geometry":{"type":"Polygon","coordinates":[[[104.57282186603635,-4.237704995342071],[104.56535906057222,-4.232136578498905],[104.57948833441918,-4.23272001277637],[104.57282186603635,-4.237704995342071]]]}},{"type":"Feature","properties":{"code":"1608122009","desa":"Sumber Mulyo","kecamatan":"Buay Madang Timur","kecCode":"160812"},"geometry":{"type":"Polygon","coordinates":[[[104.56676842682151,-4.229263639367134],[104.5768946914369,-4.221963754193267],[104.58081909722364,-4.190671651178022],[104.59985432571659,-4.223028216047545],[104.56676842682151,-4.229263639367134]]]}},{"type":"Feature","properties":{"code":"1608122010","desa":"Karang Tengah","kecamatan":"Buay Madang Timur","kecCode":"160812"},"geometry":{"type":"Polygon","coordinates":[[[104.60613370970297,-4.168591899222357],[104.59677114667113,-4.176982200684693],[104.59819049629442,-4.191935922605742],[104.58561664759024,-4.197517936298792],[104.57573106133947,-4.179401751104131],[104.58200073624504,-4.179378406502462],[104.58098769492625,-4.166850152539907],[104.59456366358226,-4.1595490658718015],[104.60613370970297,-4.168591899222357]]]}},{"type":"Feature","properties":{"code":"1608122011","desa":"Bangun Harjo","kecamatan":"Buay Madang Timur","kecCode":"160812"},"geometry":{"type":"Polygon","coordinates":[[[104.5863719450093,-4.19837250358232],[104.60947199133938,-4.183682257839577],[104.60864109331186,-4.201240997365287],[104.5863719450093,-4.19837250358232]]]}},{"type":"Feature","properties":{"code":"1608122012","desa":"Tambak Boyo","kecamatan":"Buay Madang Timur","kecCode":"160812"},"geometry":{"type":"Polygon","coordinates":[[[104.61593926708353,-4.144060157401786],[104.5932130590355,-4.162064404880808],[104.58106781732594,-4.144258440825595],[104.58639821330694,-4.133556267470276],[104.6007032902247,-4.141571846617467],[104.60547758502257,-4.1347167643285045],[104.61593926708353,-4.144060157401786]]]}},{"type":"Feature","properties":{"code":"1608122013","desa":"Pengandonan","kecamatan":"Buay Madang Timur","kecCode":"160812"},"geometry":{"type":"Polygon","coordinates":[[[104.56419140690798,-4.149627479769929],[104.54667221235279,-4.132603601238765],[104.54248977758122,-4.111620158828941],[104.58159296204565,-4.121003302835952],[104.57896386958696,-4.133786494813175],[104.58641185782102,-4.13291093015851],[104.58106781732594,-4.144258440825595],[104.58581386891495,-4.15621870906477],[104.56419140690798,-4.149627479769929]]]}},{"type":"Feature","properties":{"code":"1608122014","desa":"Rejo Dadi","kecamatan":"Buay Madang Timur","kecCode":"160812"},"geometry":{"type":"Polygon","coordinates":[[[104.58308443999499,-4.119677546558715],[104.60670630265378,-4.12530553539342],[104.60097618680162,-4.14142687050786],[104.57896386958696,-4.133786494813175],[104.58308443999499,-4.119677546558715]]]}},{"type":"Feature","properties":{"code":"1608122015","desa":"Sukoharjo","kecamatan":"Buay Madang Timur","kecCode":"160812"},"geometry":{"type":"Polygon","coordinates":[[[104.58947049077055,-4.159772192167758],[104.58812607625747,-4.166136313867963],[104.56903090165484,-4.164637253736012],[104.57683980131581,-4.155318201713228],[104.58947049077055,-4.159772192167758]]]}},{"type":"Feature","properties":{"code":"1608122016","desa":"Sumedang Sari","kecamatan":"Buay Madang Timur","kecCode":"160812"},"geometry":{"type":"Polygon","coordinates":[[[104.57043432698266,-4.248315597028762],[104.57383511869585,-4.235552771098522],[104.58902533535098,-4.2311093305908445],[104.58485833294576,-4.243224995384185],[104.57043432698266,-4.248315597028762]]]}},{"type":"Feature","properties":{"code":"1608122017","desa":"Rowodadi","kecamatan":"Buay Madang Timur","kecCode":"160812"},"geometry":{"type":"Polygon","coordinates":[[[104.58888828856374,-4.228081901421481],[104.60013985956692,-4.223085322997371],[104.60357945702638,-4.232751376632647],[104.58902084863331,-4.2405438429737465],[104.58888828856374,-4.228081901421481]]]}},{"type":"Feature","properties":{"code":"1608122018","desa":"Sukodadi","kecamatan":"Buay Madang Timur","kecCode":"160812"},"geometry":{"type":"Polygon","coordinates":[[[104.52847002856902,-4.2644575769802096],[104.52904072574893,-4.244515057569387],[104.50828654478829,-4.236904725526275],[104.50486648240228,-4.2253406410235135],[104.53380353530495,-4.222407971619463],[104.55257188188686,-4.239392481428839],[104.54691549605337,-4.242301705507194],[104.55285380495916,-4.25617711961169],[104.53636111097654,-4.264952773375854],[104.52847002856902,-4.2644575769802096]]]}},{"type":"Feature","properties":{"code":"1608122019","desa":"Kumpul Rejo","kecamatan":"Buay Madang Timur","kecCode":"160812"},"geometry":{"type":"Polygon","coordinates":[[[104.56153247674246,-4.19584620543485],[104.57667307420309,-4.1817370476383395],[104.57999668160163,-4.204605367431359],[104.56153247674246,-4.19584620543485]]]}},{"type":"Feature","properties":{"code":"1608122020","desa":"Metro Rejo","kecamatan":"Buay Madang Timur","kecCode":"160812"},"geometry":{"type":"Polygon","coordinates":[[[104.6208351493227,-4.194504252367612],[104.62434814225303,-4.213060327450843],[104.61451799111246,-4.219223693490874],[104.60419076669058,-4.206459484403326],[104.60847581680554,-4.197852853720976],[104.6208351493227,-4.194504252367612]]]}},{"type":"Feature","properties":{"code":"1608122021","desa":"Kedu","kecamatan":"Buay Madang Timur","kecCode":"160812"},"geometry":{"type":"Polygon","coordinates":[[[104.58200073624504,-4.179378406502462],[104.55558303243104,-4.179476777045721],[104.55449972977874,-4.156879812391331],[104.58098769492625,-4.166850152539907],[104.58200073624504,-4.179378406502462]]]}},{"type":"Feature","properties":{"code":"1608122022","desa":"Kedung Rejo","kecamatan":"Buay Madang Timur","kecCode":"160812"},"geometry":{"type":"Polygon","coordinates":[[[104.53026604124489,-4.161298970304491],[104.54227366689626,-4.147260865244818],[104.57683980131581,-4.155318201713228],[104.56893249873588,-4.162171623853704],[104.55449972977874,-4.156879812391331],[104.55126819497126,-4.173094664408084],[104.54155584422686,-4.172514906559138],[104.53026604124489,-4.161298970304491]]]}},{"type":"Feature","properties":{"code":"1608122023","desa":"Banyumas Asri","kecamatan":"Buay Madang Timur","kecCode":"160812"},"geometry":{"type":"Polygon","coordinates":[[[104.56813196721656,-4.179430048272257],[104.57335822170461,-4.188863722486992],[104.565009647877,-4.191672998611216],[104.55558303243104,-4.179476777045721],[104.56813196721656,-4.179430048272257]]]}},{"type":"Feature","properties":{"code":"1608122024","desa":"Gumuk Rejo","kecamatan":"Buay Madang Timur","kecCode":"160812"},"geometry":{"type":"Polygon","coordinates":[[[104.61569716509216,-4.145344068224248],[104.61637243633889,-4.146306873412539],[104.61481123215269,-4.146592546657489],[104.61569716509216,-4.145344068224248]]]}},{"type":"Feature","properties":{"code":"1608122024","desa":"Gumuk Rejo","kecamatan":"Buay Madang Timur","kecCode":"160812"},"geometry":{"type":"Polygon","coordinates":[[[104.61355694859435,-4.1245983184296],[104.61936541428251,-4.129907638792874],[104.61579396721787,-4.1438157891190945],[104.60241577836553,-4.13165495857404],[104.61355694859435,-4.1245983184296]]]}},{"type":"Feature","properties":{"code":"1608122025","desa":"Tanjung Mulya","kecamatan":"Buay Madang Timur","kecCode":"160812"},"geometry":{"type":"Polygon","coordinates":[[[104.54994693890016,-4.219624101342987],[104.54731676365776,-4.226640551684528],[104.55205715131653,-4.229053947143799],[104.55500891692803,-4.232744530093943],[104.55361796699567,-4.233291111053348],[104.54412384394033,-4.228335498547021],[104.54315770226621,-4.214522607109783],[104.54994693890016,-4.219624101342987]]]}},{"type":"Feature","properties":{"code":"1608122026","desa":"Raman Agung","kecamatan":"Buay Madang Timur","kecCode":"160812"},"geometry":{"type":"Polygon","coordinates":[[[104.54496119640216,-4.229463849138746],[104.55673074183032,-4.239376840419846],[104.55021179284,-4.239420210225441],[104.54496119640216,-4.229463849138746]]]}},{"type":"Feature","properties":{"code":"1608122027","desa":"Bukit Mas","kecamatan":"Buay Madang Timur","kecCode":"160812"},"geometry":{"type":"Polygon","coordinates":[[[104.55293700843625,-4.246860111747857],[104.56398515459125,-4.241170337690059],[104.57063059232803,-4.244100208403981],[104.55285380495916,-4.25617711961169],[104.55293700843625,-4.246860111747857]]]}},{"type":"Feature","properties":{"code":"1608122028","desa":"Tanjung Agung","kecamatan":"Buay Madang Timur","kecCode":"160812"},"geometry":{"type":"Polygon","coordinates":[[[104.53380353530495,-4.222407971619463],[104.54374784998333,-4.221533576083411],[104.54487996603768,-4.230250106617774],[104.53843500697008,-4.231210343342264],[104.53380353530495,-4.222407971619463]]]}},{"type":"Feature","properties":{"code":"1608122029","desa":"Berasan Mulya","kecamatan":"Buay Madang Timur","kecCode":"160812"},"geometry":{"type":"Polygon","coordinates":[[[104.60380113091752,-4.232811948670415],[104.5888676698072,-4.203284100569773],[104.60864109331186,-4.201240997365287],[104.60419076669058,-4.206459484403326],[104.61391159984053,-4.219882481962493],[104.60380113091752,-4.232811948670415]]]}},{"type":"Feature","properties":{"code":"1608122030","desa":"Sumber Tani","kecamatan":"Buay Madang Timur","kecCode":"160812"},"geometry":{"type":"Polygon","coordinates":[[[104.56535906057222,-4.232136578498905],[104.57075690121006,-4.228378992459115],[104.5893463834289,-4.2281764480474475],[104.579819960323,-4.233426000366909],[104.56535906057222,-4.232136578498905]]]}},{"type":"Feature","properties":{"code":"1608132001","desa":"Banding Agung","kecamatan":"Madang Suku III","kecCode":"160813"},"geometry":{"type":"Polygon","coordinates":[[[104.42472697576936,-4.088373304494665],[104.41470709105948,-4.087657598830077],[104.41804705262943,-4.1088902137009855],[104.4118561619324,-4.131284294899208],[104.3868687363032,-4.140820100621999],[104.39265082667434,-4.109482600729386],[104.38772534325005,-4.106770013416187],[104.38244293959008,-4.114693619797155],[104.37278520827078,-4.110429033759848],[104.36891082727294,-4.0932736788422694],[104.37480161330386,-4.0829116443728966],[104.39278760996028,-4.067356548498404],[104.406499478768,-4.067837667806036],[104.41985051079251,-4.077099193794946],[104.42668697172643,-4.067978347854301],[104.4320221494027,-4.069855370558752],[104.42472697576936,-4.088373304494665]]]}},{"type":"Feature","properties":{"code":"1608132002","desa":"Nikan","kecamatan":"Madang Suku III","kecCode":"160813"},"geometry":{"type":"Polygon","coordinates":[[[104.44438777267759,-4.030398936932946],[104.44614310901733,-4.05110904479623],[104.43524947628235,-4.056541757539977],[104.4320221494027,-4.069855370558752],[104.41341652525249,-4.0634262737402],[104.42509973306629,-4.036545179881248],[104.43868400606209,-4.027775948175775],[104.44438777267759,-4.030398936932946]]]}},{"type":"Feature","properties":{"code":"1608132003","desa":"Surabaya","kecamatan":"Madang Suku III","kecCode":"160813"},"geometry":{"type":"Polygon","coordinates":[[[104.48074114868511,-3.999680995285812],[104.47920489798769,-4.0177569726910765],[104.45727968101254,-4.014994925363434],[104.45786195336647,-4.029336974294649],[104.43564763672912,-4.02968784389123],[104.42536790730314,-4.013778749678725],[104.48074114868511,-3.999680995285812]]]}},{"type":"Feature","properties":{"code":"1608132004","desa":"Wana Bakti","kecamatan":"Madang Suku III","kecCode":"160813"},"geometry":{"type":"Polygon","coordinates":[[[104.33289655862933,-4.059826779522691],[104.35094022521127,-4.012618033385933],[104.37020208016189,-4.008712970221902],[104.37393905824098,-4.02887908177741],[104.36901952293272,-4.044959241432019],[104.36433735198727,-4.0438741437340875],[104.36952841420502,-4.059103460197711],[104.3628732503003,-4.086335986628884],[104.33591883198858,-4.086010742314672],[104.33929766585463,-4.09824117319147],[104.32167676606997,-4.0977831268900795],[104.30673099503944,-4.082086217821548],[104.30783856229988,-4.076171839881671],[104.33289655862933,-4.059826779522691]]]}},{"type":"Feature","properties":{"code":"1608132005","desa":"Batu Marta VI","kecamatan":"Madang Suku III","kecCode":"160813"},"geometry":{"type":"Polygon","coordinates":[[[104.32432340340237,-4.139991032715728],[104.31384443367374,-4.11963641336702],[104.31755903841895,-4.096834747726729],[104.33929766585463,-4.09824117319147],[104.33591883198858,-4.086010742314672],[104.36747048477514,-4.086391457711932],[104.37313360203414,-4.095671355950901],[104.36802485925988,-4.119354369785863],[104.37222759173007,-4.13573277250968],[104.32432340340237,-4.139991032715728]]]}},{"type":"Feature","properties":{"code":"1608132006","desa":"Karya Makmur","kecamatan":"Madang Suku III","kecCode":"160813"},"geometry":{"type":"Polygon","coordinates":[[[104.42668697172643,-4.067978347854301],[104.41985051079251,-4.077099193794946],[104.406499478768,-4.067837667806036],[104.39278760996028,-4.067356548498404],[104.36891082727294,-4.0932736788422694],[104.3628732503003,-4.086335986628884],[104.36952841420502,-4.059103460197711],[104.36433735198727,-4.0438741437340875],[104.3764434417115,-4.04852843299317],[104.4268264268981,-4.035451448691582],[104.41208722024906,-4.05924588762867],[104.42668697172643,-4.067978347854301]]]}},{"type":"Feature","properties":{"code":"1608132007","desa":"Bina Amarta","kecamatan":"Madang Suku III","kecCode":"160813"},"geometry":{"type":"Polygon","coordinates":[[[104.32328209729104,-4.1548687691184565],[104.32432340340237,-4.139991032715728],[104.34696761306498,-4.137620776835649],[104.38331289607333,-4.157354360352837],[104.36529005329339,-4.172252736196567],[104.36623078372371,-4.1874673541407486],[104.3496673014049,-4.189307740263718],[104.33342611902025,-4.181506554096115],[104.32328209729104,-4.1548687691184565]]]}},{"type":"Feature","properties":{"code":"1608132008","desa":"Suka Damai","kecamatan":"Madang Suku III","kecCode":"160813"},"geometry":{"type":"Polygon","coordinates":[[[104.37074006540178,-4.009391163365321],[104.39903376669503,-4.003522174209018],[104.42536790730314,-4.013778749678725],[104.43564763672912,-4.02968784389123],[104.3764434417115,-4.04852843299317],[104.36901952293272,-4.044959241432019],[104.37393905824098,-4.02887908177741],[104.37074006540178,-4.009391163365321]]]}},{"type":"Feature","properties":{"code":"1608132009","desa":"Batu Marta X","kecamatan":"Madang Suku III","kecCode":"160813"},"geometry":{"type":"Polygon","coordinates":[[[104.42166135868483,-4.189040018386146],[104.40579910744292,-4.200963527736099],[104.39291639467592,-4.190534666444098],[104.39636547908366,-4.154277628550388],[104.36369607601317,-4.150949197191854],[104.34696761306498,-4.137620776835649],[104.37222759173007,-4.13573277250968],[104.36802485925988,-4.119354369785863],[104.37278520827078,-4.110429033759848],[104.38244293959008,-4.114693619797155],[104.38772534325005,-4.106770013416187],[104.39265082667434,-4.109482600729386],[104.3868687363032,-4.140820100621999],[104.41087351320213,-4.132144111525514],[104.39804111480566,-4.145581261715679],[104.42326160693767,-4.150239823653861],[104.43288155324113,-4.16958199164012],[104.41522960166486,-4.178030555681182],[104.42166135868483,-4.189040018386146]]]}},{"type":"Feature","properties":{"code":"1608132010","desa":"Marta V Jaya","kecamatan":"Madang Suku III","kecCode":"160813"},"geometry":{"type":"Polygon","coordinates":[[[104.39291639467592,-4.190534666444098],[104.36623078372371,-4.1874673541407486],[104.36529005329339,-4.172252736196567],[104.37974370540773,-4.1652065821471425],[104.38884638055605,-4.149709063567925],[104.39884011927613,-4.159702799579434],[104.39291639467592,-4.190534666444098]]]}},{"type":"Feature","properties":{"code":"1608142001","desa":"Tanjung Kukuh","kecamatan":"Semendawai Barat","kecCode":"160814"},"geometry":{"type":"Polygon","coordinates":[[[104.63365520632277,-3.921002964402869],[104.62721785372104,-3.909761526073119],[104.63269706591693,-3.9044852486004284],[104.65716323999158,-3.8983687048634135],[104.66480891899647,-3.8827715189186742],[104.68733179392723,-3.871228090044746],[104.73183163462231,-3.8873592808294664],[104.73026906166791,-3.9013231252705083],[104.75994053962425,-3.9104675064690193],[104.76574409231607,-3.9211399985994952],[104.75059761688658,-3.9232326013886443],[104.74481804191912,-3.912669930869004],[104.71332931919277,-3.9092819050359133],[104.71193424766744,-3.8995164133621585],[104.70276664686332,-3.897324160294491],[104.69145661632984,-3.8785405405461626],[104.67675855366438,-3.8997157094226047],[104.67053056503362,-3.8977227524153863],[104.65109923284336,-3.9186488027900497],[104.63365520632277,-3.921002964402869]]]}},{"type":"Feature","properties":{"code":"1608142002","desa":"Betung","kecamatan":"Semendawai Barat","kecCode":"160814"},"geometry":{"type":"Polygon","coordinates":[[[104.68424484042707,-3.8336099345313115],[104.68480536357673,-3.809877993979956],[104.69977517528416,-3.8135691785765298],[104.69047031275477,-3.822426523157909],[104.6866130539493,-3.8502309446651584],[104.67455911321258,-3.8616420077231495],[104.66205647372733,-3.8934754693342364],[104.62721785372104,-3.909761526073119],[104.62100781375965,-3.9014460580974704],[104.60940383172152,-3.9062810499337477],[104.60213452438886,-3.9025010096211363],[104.6094506000652,-3.900169734855075],[104.60473227907147,-3.892620421812753],[104.61114919457974,-3.875634466792983],[104.63455206692441,-3.8712936119510015],[104.64795209761125,-3.8629893666152233],[104.65380281524779,-3.8454372128249528],[104.68424484042707,-3.8336099345313115]]]}},{"type":"Feature","properties":{"code":"1608142003","desa":"Tanjung Mas","kecamatan":"Semendawai Barat","kecCode":"160814"},"geometry":{"type":"Polygon","coordinates":[[[104.77012859575814,-3.920940702539039],[104.74602300395848,-3.9032631355916436],[104.73026906166791,-3.9013231252705083],[104.73183163462231,-3.8873592808294664],[104.68733179392723,-3.871228090044746],[104.69080422833251,-3.8628927524478613],[104.71098882187671,-3.8573878637141266],[104.75472210833868,-3.8861356173894053],[104.79229322755049,-3.8959220875485263],[104.77012859575814,-3.920940702539039]]]}},{"type":"Feature","properties":{"code":"1608142003","desa":"Tanjung Mas","kecamatan":"Semendawai Barat","kecCode":"160814"},"geometry":{"type":"Polygon","coordinates":[[[104.54150551636654,-3.8731833690555857],[104.55602812220013,-3.862927283716458],[104.56779811459135,-3.862821059393819],[104.55652752202758,-3.852612060758196],[104.57057163367404,-3.8577048477553486],[104.60794073727526,-3.8556287870958963],[104.61112806590755,-3.8756978564066484],[104.60473227907147,-3.892620421812753],[104.6094506000652,-3.900169734855075],[104.60213452438886,-3.9025010096211363],[104.57136855891189,-3.8904867415897812],[104.55202858884837,-3.902413055925052],[104.53558961496883,-3.888875077344636],[104.54150551636654,-3.8731833690555857]]]}},{"type":"Feature","properties":{"code":"1608142004","desa":"Menanga Besar","kecamatan":"Semendawai Barat","kecCode":"160814"},"geometry":{"type":"Polygon","coordinates":[[[104.65031146090524,-3.8552147311324085],[104.63455206692441,-3.8712936119510015],[104.61112806590755,-3.8756978564066484],[104.60813906296742,-3.8461750301206696],[104.61896056377905,-3.853145936095748],[104.65031146090524,-3.8552147311324085]]]}},{"type":"Feature","properties":{"code":"1608142005","desa":"Menanga Tengah","kecamatan":"Semendawai Barat","kecCode":"160814"},"geometry":{"type":"Polygon","coordinates":[[[104.55652752202758,-3.852612060758196],[104.56303865411066,-3.83418206253205],[104.61190412687402,-3.8376991671589495],[104.60435481382363,-3.8460034115954937],[104.60794073727526,-3.8556287870958963],[104.57057163367404,-3.8577048477553486],[104.55652752202758,-3.852612060758196]]]}},{"type":"Feature","properties":{"code":"1608142006","desa":"Adu manis","kecamatan":"Semendawai Barat","kecCode":"160814"},"geometry":{"type":"Polygon","coordinates":[[[104.56303865411066,-3.83418206253205],[104.57228976416131,-3.821275368457117],[104.60659125598175,-3.818379536183337],[104.62654093221828,-3.8192375856417944],[104.6725329559312,-3.838631448457709],[104.65979039620987,-3.845837155727629],[104.64949378830772,-3.8379001881190313],[104.62439580632143,-3.8342534740983187],[104.59350598261504,-3.8385437258874444],[104.56303865411066,-3.83418206253205]]]}},{"type":"Feature","properties":{"code":"1608142007","desa":"Suka Negeri","kecamatan":"Semendawai Barat","kecCode":"160814"},"geometry":{"type":"Polygon","coordinates":[[[104.57228976416131,-3.821275368457117],[104.55638888883624,-3.8030555516853224],[104.56040392470139,-3.7961303681423435],[104.5715403042417,-3.805072117694925],[104.62749918324077,-3.806090836432703],[104.66442416924008,-3.821307176578514],[104.68638996542461,-3.8230988149499945],[104.67823848431867,-3.8387582375776197],[104.62654093221828,-3.8192375856417944],[104.57228976416131,-3.821275368457117]]]}},{"type":"Feature","properties":{"code":"1608142008","desa":"Kangkung","kecamatan":"Semendawai Barat","kecCode":"160814"},"geometry":{"type":"Polygon","coordinates":[[[104.5650650317259,-3.788711376756962],[104.5898448758404,-3.798357050855213],[104.61831976534494,-3.7968231959533396],[104.6238418976855,-3.8044466329172972],[104.57019382398585,-3.804731234170361],[104.56040392470139,-3.7961303681423435],[104.5650650317259,-3.788711376756962]]]}},{"type":"Feature","properties":{"code":"1608142009","desa":"Sri Tanjung","kecamatan":"Semendawai Barat","kecCode":"160814"},"geometry":{"type":"Polygon","coordinates":[[[104.76045566769494,-3.839022569011071],[104.77522730209834,-3.853692483780222],[104.81036211022325,-3.8512780855768813],[104.8087245850716,-3.8767770770350527],[104.79229322755049,-3.8959220875485263],[104.75900368886919,-3.8879705806004927],[104.7188009006411,-3.8646554875082058],[104.72230442730749,-3.8583053448699767],[104.76022699707828,-3.8589169998731814],[104.76045566769494,-3.839022569011071]]]}},{"type":"Feature","properties":{"code":"1608142010","desa":"Kangkung Ilir","kecamatan":"Semendawai Barat","kecCode":"160814"},"geometry":{"type":"Polygon","coordinates":[[[104.62756247842573,-3.798363401867482],[104.62618825498402,-3.804087462578259],[104.66488353304868,-3.8081323946019467],[104.68587623759834,-3.8209582773965045],[104.66442416924008,-3.821307176578514],[104.61991040434172,-3.806795046962833],[104.6238418976855,-3.8044466329172972],[104.61831920506734,-3.796849863550033],[104.62756247842573,-3.798363401867482]]]}},{"type":"Feature","properties":{"code":"1608142011","desa":"Betung Timur","kecamatan":"Semendawai Barat","kecCode":"160814"},"geometry":{"type":"Polygon","coordinates":[[[104.72316807414734,-3.8099929606122256],[104.7581204467013,-3.835189153035744],[104.76022699707828,-3.8589169998731814],[104.72230442730749,-3.8583053448699767],[104.7188009006411,-3.8646554875082058],[104.71098882187671,-3.8573878637141266],[104.69080422833251,-3.8628927524478613],[104.68744012985815,-3.8711500864478396],[104.66831066680392,-3.8803310080003994],[104.67455911321258,-3.8616420077231495],[104.6866130539493,-3.8502309446651584],[104.692238225214,-3.8217836454919],[104.70316485857141,-3.8276321921587453],[104.69500307932873,-3.853763678609867],[104.7056730470735,-3.858630959704893],[104.71899934774176,-3.853374388176906],[104.74021625597548,-3.8558861433875826],[104.73956542290601,-3.8369837285931],[104.72260399238041,-3.827757582832912],[104.72316807414734,-3.8099929606122256]]]}},{"type":"Feature","properties":{"code":"1608142011","desa":"Betung Timur","kecamatan":"Semendawai Barat","kecCode":"160814"},"geometry":{"type":"Polygon","coordinates":[[[104.72316807414734,-3.8099929606122256],[104.72156150635851,-3.808830634532993],[104.72181202690358,-3.808830633633689],[104.72316807414734,-3.8099929606122256]]]}},{"type":"Feature","properties":{"code":"1608142012","desa":"Menanga Sari","kecamatan":"Semendawai Barat","kecCode":"160814"},"geometry":{"type":"Polygon","coordinates":[[[104.65572028856052,-3.844130336914789],[104.65031146090524,-3.8552147311324085],[104.63967411067172,-3.8560006864391916],[104.60435481382363,-3.8460034115954937],[104.61560078834576,-3.8336099336319864],[104.64949378830772,-3.8379001881190313],[104.65572028856052,-3.844130336914789]]]}},{"type":"Feature","properties":{"code":"1608152001","desa":"Karang Melati","kecamatan":"Semendawai Timur","kecCode":"160815"},"geometry":{"type":"Polygon","coordinates":[[[104.82184468378517,-3.9681432829237173],[104.8096623720209,-3.970935379298875],[104.80386566227052,-3.950526211571627],[104.79970954436004,-3.9515427629432893],[104.79711511537033,-3.9252118068625035],[104.8191941649788,-3.9220753708681126],[104.82184468378517,-3.9681432829237173]]]}},{"type":"Feature","properties":{"code":"1608152002","desa":"Karang Menjangan","kecamatan":"Semendawai Timur","kecCode":"160815"},"geometry":{"type":"Polygon","coordinates":[[[104.85674942284766,-3.948767590909698],[104.83788285500981,-3.9599279607530544],[104.8220064574321,-3.953439787469376],[104.83990061532121,-3.9377208126352063],[104.84344239375156,-3.942468057619523],[104.85172258942602,-3.939630638111256],[104.85674942284766,-3.948767590909698]]]}},{"type":"Feature","properties":{"code":"1608152003","desa":"Karang Anyar","kecamatan":"Semendawai Timur","kecCode":"160815"},"geometry":{"type":"Polygon","coordinates":[[[104.82353771509354,-3.9497458977120457],[104.83262847782201,-3.940234734312679],[104.82580898709512,-3.9133487337527977],[104.85134048997168,-3.918151931856762],[104.85127009194127,-3.940878573353918],[104.83594411362998,-3.938629628823127],[104.82353771509354,-3.9497458977120457]]]}},{"type":"Feature","properties":{"code":"1608152004","desa":"Tulung Harapan","kecamatan":"Semendawai Timur","kecCode":"160815"},"geometry":{"type":"Polygon","coordinates":[[[104.86134282081456,-3.8732034832925044],[104.8604706502004,-3.888851017781966],[104.84913972481847,-3.909127980671956],[104.83380993697908,-3.9076223725761636],[104.83643498788443,-3.8792142145962925],[104.86134282081456,-3.8732034832925044]]]}},{"type":"Feature","properties":{"code":"1608152005","desa":"Kota Tanah","kecamatan":"Semendawai Timur","kecCode":"160815"},"geometry":{"type":"Polygon","coordinates":[[[104.77050718066192,-3.951811133232072],[104.76330848989494,-3.935288612351948],[104.76855991640707,-3.9273611577720096],[104.77560638342788,-3.93277744259997],[104.7875743633662,-3.9172603898466303],[104.79532010274062,-3.9200017194923693],[104.79970954436004,-3.9515427629432893],[104.78902710481707,-3.957737140305329],[104.7791018602627,-3.9479759833638783],[104.77050718066192,-3.951811133232072]]]}},{"type":"Feature","properties":{"code":"1608152006","desa":"Nirwana","kecamatan":"Semendawai Timur","kecCode":"160815"},"geometry":{"type":"Polygon","coordinates":[[[104.85328076559487,-3.774110200768991],[104.84846449314192,-3.817012394004934],[104.79671709072123,-3.804472674585753],[104.79589787488709,-3.7984268391452694],[104.83478274083085,-3.7848807181030004],[104.82974007934126,-3.767852519228909],[104.83728524381898,-3.768623527803259],[104.83802530222596,-3.7585381895462366],[104.85328076559487,-3.774110200768991]]]}},{"type":"Feature","properties":{"code":"1608152007","desa":"Burnai Mulya","kecamatan":"Semendawai Timur","kecCode":"160815"},"geometry":{"type":"Polygon","coordinates":[[[104.78330761265624,-3.906270294041999],[104.8087245850716,-3.8767770770350527],[104.8087245850716,-3.861491641077156],[104.8249992878869,-3.913411353546742],[104.78330761265624,-3.906270294041999]]]}},{"type":"Feature","properties":{"code":"1608152008","desa":"Kota Mulya","kecamatan":"Semendawai Timur","kecCode":"160815"},"geometry":{"type":"Polygon","coordinates":[[[104.77142809902762,-3.951069282477059],[104.7791018602627,-3.9479759833638783],[104.78327065321817,-3.95499406057891],[104.77363688703274,-3.9559535238864796],[104.77142809902762,-3.951069282477059]]]}},{"type":"Feature","properties":{"code":"1608152008","desa":"Kota Mulya","kecamatan":"Semendawai Timur","kecCode":"160815"},"geometry":{"type":"Polygon","coordinates":[[[104.8191941649788,-3.9220753708681126],[104.79711511537033,-3.9252118068625035],[104.78096903539273,-3.911549694860149],[104.7939402504423,-3.9075318099469287],[104.81902782727246,-3.9137284266208354],[104.8191941649788,-3.9220753708681126]]]}},{"type":"Feature","properties":{"code":"1608152009","desa":"Bungin Jaya","kecamatan":"Semendawai Timur","kecCode":"160815"},"geometry":{"type":"Polygon","coordinates":[[[104.77282989118656,-3.9301424371016687],[104.77479231441384,-3.91138064300008],[104.7839263102511,-3.9059063950676776],[104.78036084997329,-3.9133088614105738],[104.78630631568397,-3.918359361385812],[104.77282989118656,-3.9301424371016687]]]}},{"type":"Feature","properties":{"code":"1608152010","desa":"Burnai Jaya","kecamatan":"Semendawai Timur","kecCode":"160815"},"geometry":{"type":"Polygon","coordinates":[[[104.8339345929072,-3.9127202641251966],[104.8249992878869,-3.913411353546742],[104.81130222102074,-3.870911230109955],[104.82223375298537,-3.867970905676659],[104.82252094158827,-3.862130453807492],[104.83780701068508,-3.862770755815168],[104.8339345929072,-3.9127202641251966]]]}},{"type":"Feature","properties":{"code":"1608152011","desa":"Mulia Jaya","kecamatan":"Semendawai Timur","kecCode":"160815"},"geometry":{"type":"Polygon","coordinates":[[[104.79822759382846,-3.8516707277831403],[104.79671709072123,-3.804472674585753],[104.83865670364399,-3.8137921429945982],[104.83780701068508,-3.862770755815168],[104.82252094158827,-3.862130453807492],[104.82223375298537,-3.867970905676659],[104.81130222102074,-3.870911230109955],[104.81036211022325,-3.8512780855768813],[104.79822759382846,-3.8516707277831403]]]}},{"type":"Feature","properties":{"code":"1608152012","desa":"Melati Jaya","kecamatan":"Semendawai Timur","kecCode":"160815"},"geometry":{"type":"Polygon","coordinates":[[[104.78055593091153,-3.970490304818765],[104.77384672584576,-3.9557428145299536],[104.78902710481707,-3.957737140305329],[104.80386566227052,-3.950526211571627],[104.8096623720209,-3.970935379298875],[104.78055593091153,-3.970490304818765]]]}},{"type":"Feature","properties":{"code":"1608152013","desa":"Karang Mulya","kecamatan":"Semendawai Timur","kecCode":"160815"},"geometry":{"type":"Polygon","coordinates":[[[104.89771783271186,-3.9250971495970233],[104.85627778329312,-3.9484335125550074],[104.85134048997168,-3.918151931856762],[104.83604169996453,-3.9178343785446463],[104.83380993697908,-3.9076223725761636],[104.88824954538029,-3.9102563033846764],[104.89771783271186,-3.9250971495970233]]]}},{"type":"Feature","properties":{"code":"1608152014","desa":"Wanasari","kecamatan":"Semendawai Timur","kecCode":"160815"},"geometry":{"type":"Polygon","coordinates":[[[104.87208889998283,-3.798170717622717],[104.87652129771976,-3.816612165117845],[104.86639957288202,-3.8228786357323714],[104.84846449314192,-3.817012394004934],[104.85385779759935,-3.7761628412837807],[104.87208889998283,-3.798170717622717]]]}},{"type":"Feature","properties":{"code":"1608152015","desa":"Harapan Jaya","kecamatan":"Semendawai Timur","kecCode":"160815"},"geometry":{"type":"Polygon","coordinates":[[[104.87652129771976,-3.816612165117845],[104.8775070446145,-3.859871873041066],[104.8728726447568,-3.8660033886914267],[104.85219553029953,-3.859427072854158],[104.85100507972072,-3.85308367603057],[104.84039071705803,-3.8533947389354943],[104.85430062107685,-3.834648002182892],[104.8431492723211,-3.8230972771093192],[104.84439862579602,-3.8154722114731787],[104.85798053537347,-3.8228290354235344],[104.87652129771976,-3.816612165117845]]]}},{"type":"Feature","properties":{"code":"1608152016","desa":"Melati Agung","kecamatan":"Semendawai Timur","kecCode":"160815"},"geometry":{"type":"Polygon","coordinates":[[[104.82208194742401,-3.945672552507657],[104.81902782727246,-3.9137284266208354],[104.82580898709512,-3.9133487337527977],[104.83262847782201,-3.940234734312679],[104.82208194742401,-3.945672552507657]]]}},{"type":"Feature","properties":{"code":"1608152017","desa":"Wana Makmur","kecamatan":"Semendawai Timur","kecCode":"160815"},"geometry":{"type":"Polygon","coordinates":[[[104.79940210931994,-3.756955777549205],[104.81465469126105,-3.7564792600724735],[104.83318283162241,-3.7461790557923957],[104.83936212736035,-3.762426903934776],[104.83728524381898,-3.768623527803259],[104.82974007934126,-3.767852519228909],[104.83478274083085,-3.7848807181030004],[104.80537636682595,-3.7949804347209337],[104.80208289660845,-3.7808764660127414],[104.80766723865217,-3.771628641195342],[104.79940210931994,-3.756955777549205]]]}},{"type":"Feature","properties":{"code":"1608152018","desa":"Bawang Tikar","kecamatan":"Semendawai Timur","kecCode":"160815"},"geometry":{"type":"Polygon","coordinates":[[[104.83865670364399,-3.8137921429945982],[104.84713184625775,-3.813779711665957],[104.8431492723211,-3.8230972771093192],[104.85430062107685,-3.834648002182892],[104.84039071705803,-3.8533947389354943],[104.83865670364399,-3.8137921429945982]]]}},{"type":"Feature","properties":{"code":"1608152019","desa":"Karya Bakti","kecamatan":"Semendawai Timur","kecCode":"160815"},"geometry":{"type":"Polygon","coordinates":[[[104.8728726447568,-3.8660033886914267],[104.87094354590799,-3.871106078123594],[104.83643498788443,-3.8792142145962925],[104.83858933183228,-3.8533943980923997],[104.85100507972072,-3.85308367603057],[104.85219553029953,-3.859427072854158],[104.8728726447568,-3.8660033886914267]]]}},{"type":"Feature","properties":{"code":"1608162001","desa":"Jaya Pura","kecamatan":"Jayapura","kecCode":"160816"},"geometry":{"type":"Polygon","coordinates":[[[104.33589629317946,-4.423491960743195],[104.32890827399767,-4.440574080269494],[104.3173363366027,-4.44367613608146],[104.31012355795588,-4.432118248806883],[104.31474068273637,-4.426823904853646],[104.30333239137683,-4.415564193199015],[104.29766897914016,-4.398003883456911],[104.32639066779512,-4.394861791626173],[104.33589629317946,-4.423491960743195]]]}},{"type":"Feature","properties":{"code":"1608162002","desa":"Bunga Mayang","kecamatan":"Jayapura","kecCode":"160816"},"geometry":{"type":"Polygon","coordinates":[[[104.27396380868286,-4.474726702779279],[104.26760264124896,-4.46803378444282],[104.27426513282965,-4.454901539499392],[104.26799763428345,-4.44555501588598],[104.27330076102135,-4.42336970780364],[104.26841349968332,-4.4216724415896165],[104.28408203335918,-4.420575256104021],[104.29268967398933,-4.460489002184767],[104.27396380868286,-4.474726702779279]]]}},{"type":"Feature","properties":{"code":"1608162003","desa":"Way Salak","kecamatan":"Jayapura","kecCode":"160816"},"geometry":{"type":"Polygon","coordinates":[[[104.29268967398933,-4.460489002184767],[104.29196054324454,-4.444892601347893],[104.31233708808621,-4.439774716970369],[104.3173363366027,-4.44367613608146],[104.32033612960873,-4.454516279827777],[104.29268967398933,-4.460489002184767]]]}},{"type":"Feature","properties":{"code":"1608162004","desa":"Mendah","kecamatan":"Jayapura","kecCode":"160816"},"geometry":{"type":"Polygon","coordinates":[[[104.32681174296759,-4.4965089140366095],[104.29630594686198,-4.496177944638245],[104.27396380868286,-4.474726702779279],[104.29268967398933,-4.460489002184767],[104.30596503525821,-4.460333303458413],[104.32681174296759,-4.4965089140366095]]]}},{"type":"Feature","properties":{"code":"1608162005","desa":"Tumi Jaya","kecamatan":"Jayapura","kecCode":"160816"},"geometry":{"type":"Polygon","coordinates":[[[104.31306213321095,-4.364729582023896],[104.35096941540627,-4.3967974816041995],[104.33589629317946,-4.423491960743195],[104.32639066779512,-4.394861791626173],[104.31215230978131,-4.399711075488388],[104.29982080228825,-4.38820765025761],[104.31518938778008,-4.386338654002352],[104.31306213321095,-4.364729582023896]]]}},{"type":"Feature","properties":{"code":"1608162006","desa":"Condong","kecamatan":"Jayapura","kecCode":"160816"},"geometry":{"type":"Polygon","coordinates":[[[104.29766897914016,-4.398003883456911],[104.30333239137683,-4.415564193199015],[104.31474068273637,-4.426823904853646],[104.31012355795588,-4.432118248806883],[104.3173363366027,-4.44367613608146],[104.31233708808621,-4.439774716970369],[104.29196054324454,-4.444892601347893],[104.28441780243968,-4.4324777015330765],[104.28261169757182,-4.406094990367536],[104.29766897914016,-4.398003883456911]]]}},{"type":"Feature","properties":{"code":"1608162007","desa":"Peracak Jaya","kecamatan":"Jayapura","kecCode":"160816"},"geometry":{"type":"Polygon","coordinates":[[[104.2823115659261,-4.4207114053677286],[104.2741758247546,-4.397719950400122],[104.28556502170846,-4.39703016589489],[104.2783289056545,-4.396342296945669],[104.27852891937418,-4.386893077949281],[104.2963405878479,-4.367769159235441],[104.30533436858633,-4.371220152000927],[104.311884438616,-4.362780878855836],[104.31518938778008,-4.386338654002352],[104.29982080228825,-4.38820765025761],[104.30559176534773,-4.395016725029439],[104.2857617547013,-4.4019637764874275],[104.2823115659261,-4.4207114053677286]]]}},{"type":"Feature","properties":{"code":"1608162008","desa":"Kambang","kecamatan":"Jayapura","kecCode":"160816"},"geometry":{"type":"Polygon","coordinates":[[[104.32690739306177,-4.496538661811219],[104.30596503525821,-4.460333303458413],[104.32033612960873,-4.454516279827777],[104.3173363366027,-4.44367613608146],[104.32890827399767,-4.440574080269494],[104.32065997098094,-4.464984040395534],[104.33043358174444,-4.4935226351460456],[104.32690739306177,-4.496538661811219]]]}},{"type":"Feature","properties":{"code":"1608172001","desa":"Rejosari","kecamatan":"Belitang Jaya","kecCode":"160817"},"geometry":{"type":"Polygon","coordinates":[[[104.67588366979561,-4.1506030742170354],[104.69320769168165,-4.150024769672495],[104.7071570210797,-4.1668612501739535],[104.68264605806917,-4.170924672258917],[104.67346987323612,-4.157027293112847],[104.67588366979561,-4.1506030742170354]]]}},{"type":"Feature","properties":{"code":"1608172002","desa":"Sido Rejo","kecamatan":"Belitang Jaya","kecCode":"160817"},"geometry":{"type":"Polygon","coordinates":[[[104.71483984478306,-4.180448554770043],[104.71950743861748,-4.220651733261563],[104.7003082619168,-4.22530758644175],[104.69076909631679,-4.209612982335604],[104.67277634665112,-4.213248078014879],[104.67812207427436,-4.211770713127992],[104.67448697769191,-4.198676595842058],[104.68204327307865,-4.183838703003206],[104.68610818894183,-4.189123093260066],[104.71483984478306,-4.180448554770043]]]}},{"type":"Feature","properties":{"code":"1608172003","desa":"Banjar Rejo","kecamatan":"Belitang Jaya","kecCode":"160817"},"geometry":{"type":"Polygon","coordinates":[[[104.64532250063297,-4.245040923544802],[104.62625064455163,-4.243980930421737],[104.62540457675986,-4.231325811796236],[104.64548378325003,-4.23321140144251],[104.64532250063297,-4.245040923544802]]]}},{"type":"Feature","properties":{"code":"1608172004","desa":"Panca Tunggal","kecamatan":"Belitang Jaya","kecCode":"160817"},"geometry":{"type":"Polygon","coordinates":[[[104.64532250063297,-4.245040923544802],[104.64548378325003,-4.23321140144251],[104.62269528725778,-4.2314501484649085],[104.62330903228604,-4.222910410255545],[104.64828409133781,-4.217959327634419],[104.67275050733014,-4.225487437360965],[104.67418392774611,-4.240968704291623],[104.6847521560872,-4.240803575274283],[104.69080484526745,-4.250206750780508],[104.67865335956499,-4.2573662931519785],[104.64532250063297,-4.245040923544802]]]}},{"type":"Feature","properties":{"code":"1608172005","desa":"Marga Koyo","kecamatan":"Belitang Jaya","kecCode":"160817"},"geometry":{"type":"Polygon","coordinates":[[[104.67686902368654,-4.192859536238615],[104.67812207427436,-4.211770713127992],[104.66629926739732,-4.211397484586731],[104.65604328456999,-4.187128075006648],[104.66038980784344,-4.176135116659941],[104.67686902368654,-4.192859536238615]]]}},{"type":"Feature","properties":{"code":"1608172006","desa":"Sumber Agung","kecamatan":"Belitang Jaya","kecCode":"160817"},"geometry":{"type":"Polygon","coordinates":[[[104.62413622960337,-4.212673466086743],[104.66576631386435,-4.209263171241092],[104.67273358118989,-4.213275293298599],[104.67275050733014,-4.225487437360965],[104.64828409133781,-4.217959327634419],[104.62813019435305,-4.2197426436797345],[104.62413622960337,-4.212673466086743]]]}},{"type":"Feature","properties":{"code":"1608172007","desa":"Karsa Jaya","kecamatan":"Belitang Jaya","kecCode":"160817"},"geometry":{"type":"Polygon","coordinates":[[[104.67277634665112,-4.213248078014879],[104.69076909631679,-4.209612982335604],[104.7003082619168,-4.22530758644175],[104.70935683564947,-4.223713969791312],[104.70220971380729,-4.247458341671616],[104.71144439594218,-4.256516653253918],[104.7063966092162,-4.259328788322965],[104.6847521560872,-4.240803575274283],[104.67418392774611,-4.240968704291623],[104.67277634665112,-4.213248078014879]]]}},{"type":"Feature","properties":{"code":"1608172008","desa":"Windusari","kecamatan":"Belitang Jaya","kecCode":"160817"},"geometry":{"type":"Polygon","coordinates":[[[104.71144439594218,-4.256516653253918],[104.70220971380729,-4.247458341671616],[104.71049529642085,-4.226316162625538],[104.73913776289747,-4.254050388450255],[104.71144439594218,-4.256516653253918]]]}},{"type":"Feature","properties":{"code":"1608172009","desa":"Karya Makmur","kecamatan":"Belitang Jaya","kecCode":"160817"},"geometry":{"type":"Polygon","coordinates":[[[104.7489622213295,-4.221950815646964],[104.74324193236937,-4.233458977606919],[104.7496874391241,-4.243640021716134],[104.73913776289747,-4.254050388450255],[104.70817658158404,-4.220451188042778],[104.71950743861748,-4.220651733261563],[104.71950743861748,-4.210825394357509],[104.74388217592171,-4.215683843210709],[104.7489622213295,-4.221950815646964]]]}},{"type":"Feature","properties":{"code":"1608172010","desa":"Giri Mulyo","kecamatan":"Belitang Jaya","kecCode":"160817"},"geometry":{"type":"Polygon","coordinates":[[[104.66741526580195,-4.164897278316199],[104.67346987323612,-4.157027293112847],[104.68264605806917,-4.170924672258917],[104.7071570210797,-4.1668612501739535],[104.70658119056952,-4.177754423343865],[104.67309515721581,-4.175204168156401],[104.66741526580195,-4.164897278316199]]]}},{"type":"Feature","properties":{"code":"1608172011","desa":"Madugondo","kecamatan":"Belitang Jaya","kecCode":"160817"},"geometry":{"type":"Polygon","coordinates":[[[104.6414531594358,-4.207346701573733],[104.63997979832907,-4.184492454372069],[104.66185968767451,-4.1914990400500605],[104.66576631386435,-4.209263171241092],[104.6414531594358,-4.207346701573733]]]}},{"type":"Feature","properties":{"code":"1608172012","desa":"Argomulyo","kecamatan":"Belitang Jaya","kecCode":"160817"},"geometry":{"type":"Polygon","coordinates":[[[104.63975311521413,-4.164917424029363],[104.66081561165123,-4.169227833222854],[104.65604328456999,-4.187128075006648],[104.63997979832907,-4.184492454372069],[104.63975311521413,-4.164917424029363]]]}},{"type":"Feature","properties":{"code":"1608172013","desa":"Rejo Sari Jaya","kecamatan":"Belitang Jaya","kecCode":"160817"},"geometry":{"type":"Polygon","coordinates":[[[104.6564274605589,-4.172855263980318],[104.66741526580195,-4.164897278316199],[104.67309515721581,-4.175204168156401],[104.71509966072085,-4.17946763543713],[104.70801131137294,-4.1864470247171885],[104.68610818894183,-4.189123093260066],[104.68204327307865,-4.183838703003206],[104.67686902368654,-4.192859536238615],[104.6564274605589,-4.172855263980318]]]}},{"type":"Feature","properties":{"code":"1608182001","desa":"Tugu Mulyo","kecamatan":"Belitang Madang Raya","kecCode":"160818"},"geometry":{"type":"Polygon","coordinates":[[[104.64015380365515,-4.072406375780703],[104.63372687869257,-4.082419048816583],[104.6122117336846,-4.08323436968607],[104.5975343509296,-4.065420494294915],[104.60450716257554,-4.054575110199166],[104.6157062023794,-4.050841668258316],[104.64015380365515,-4.072406375780703]]]}},{"type":"Feature","properties":{"code":"1608182002","desa":"Bangsa Negara","kecamatan":"Belitang Madang Raya","kecCode":"160818"},"geometry":{"type":"Polygon","coordinates":[[[104.6122117336846,-4.08323436968607],[104.63372687869257,-4.082419048816583],[104.63476908232734,-4.101621298480353],[104.61766942330529,-4.1047630278844025],[104.60649326225432,-4.093431560223201],[104.6122117336846,-4.08323436968607]]]}},{"type":"Feature","properties":{"code":"1608182003","desa":"Tugu Harum","kecamatan":"Belitang Madang Raya","kecCode":"160818"},"geometry":{"type":"Polygon","coordinates":[[[104.64803199967713,-4.108908517602551],[104.63332713004309,-4.103034698187512],[104.63134265993584,-4.086816292949446],[104.64131498040206,-4.070320063749263],[104.64649268678811,-4.071290883695602],[104.64803199967713,-4.108908517602551]]]}},{"type":"Feature","properties":{"code":"1608182004","desa":"Tulus Ayu","kecamatan":"Belitang Madang Raya","kecCode":"160818"},"geometry":{"type":"Polygon","coordinates":[[[104.64954061420802,-4.097670817754507],[104.64414967766555,-4.088164066428994],[104.64593427614597,-4.071597069577056],[104.65475249123455,-4.06401480987157],[104.66574334877657,-4.066000363659777],[104.67068812805475,-4.074278714815991],[104.66107947723617,-4.0787686574679265],[104.64954061420802,-4.097670817754507]]]}},{"type":"Feature","properties":{"code":"1608182005","desa":"Yosowinangun","kecamatan":"Belitang Madang Raya","kecCode":"160818"},"geometry":{"type":"Polygon","coordinates":[[[104.6506079952628,-4.108584200489379],[104.65900131575818,-4.090277337437431],[104.66798497102963,-4.08437686841226],[104.67520782478134,-4.09002570982718],[104.6506079952628,-4.108584200489379]]]}},{"type":"Feature","properties":{"code":"1608182006","desa":"Karang Binangun","kecamatan":"Belitang Madang Raya","kecCode":"160818"},"geometry":{"type":"Polygon","coordinates":[[[104.66297124432752,-4.065155238358356],[104.6799074155948,-4.046414543251203],[104.69643659777086,-4.066959112905605],[104.68192738194318,-4.0737875338932605],[104.67424250688623,-4.063106395680608],[104.66877134272333,-4.070295248756082],[104.66297124432752,-4.065155238358356]]]}},{"type":"Feature","properties":{"code":"1608182007","desa":"Jati Mulyo I","kecamatan":"Belitang Madang Raya","kecCode":"160818"},"geometry":{"type":"Polygon","coordinates":[[[104.61185129889839,-4.043512714298],[104.62502423907745,-4.034571953999644],[104.63656145184957,-4.041686543758609],[104.63797062834186,-4.05691954474471],[104.64945614808282,-4.068627196119299],[104.6364418447154,-4.07129754677266],[104.61185129889839,-4.043512714298]]]}},{"type":"Feature","properties":{"code":"1608182008","desa":"Pandan Sari I","kecamatan":"Belitang Madang Raya","kecCode":"160818"},"geometry":{"type":"Polygon","coordinates":[[[104.56561229617056,-4.064777161571945],[104.55738107667541,-4.063506255845602],[104.55407438822249,-4.045319468474503],[104.52920604542271,-4.016943141998187],[104.54225886225674,-4.019620106265905],[104.55766126585479,-3.9973839738978403],[104.57707455584614,-4.003101222244052],[104.58214581307885,-4.023910665623194],[104.57758545440525,-4.028463669636278],[104.59536401793513,-4.036795371274197],[104.59128176763954,-4.04718366864521],[104.5663029773006,-4.049822181499472],[104.56561229617056,-4.064777161571945]]]}},{"type":"Feature","properties":{"code":"1608182009","desa":"Pelita Jaya","kecamatan":"Belitang Madang Raya","kecCode":"160818"},"geometry":{"type":"Polygon","coordinates":[[[104.58716667230414,-4.0618051684121035],[104.6122117336846,-4.08323436968607],[104.60649326225432,-4.093431560223201],[104.58727374468765,-4.0783662162486864],[104.58716667230414,-4.0618051684121035]]]}},{"type":"Feature","properties":{"code":"1608182010","desa":"Mekar Jaya","kecamatan":"Belitang Madang Raya","kecCode":"160818"},"geometry":{"type":"Polygon","coordinates":[[[104.5862041018379,-4.074550187765827],[104.56385545976173,-4.061458693802335],[104.5663029773006,-4.049822181499472],[104.5956503449875,-4.044328314856649],[104.60531600832718,-4.054140575773391],[104.5975343509296,-4.065420494294915],[104.58716667230414,-4.0618051684121035],[104.5862041018379,-4.074550187765827]]]}},{"type":"Feature","properties":{"code":"1608182011","desa":"Lubuk Harjo","kecamatan":"Belitang Madang Raya","kecCode":"160818"},"geometry":{"type":"Polygon","coordinates":[[[104.6485281583479,-4.065140096473076],[104.65789133831468,-4.060583429521258],[104.65865276371414,-4.049364269197184],[104.66850666235263,-4.060273882873335],[104.65963514534575,-4.066755948861093],[104.6485281583479,-4.065140096473076]]]}},{"type":"Feature","properties":{"code":"1608182012","desa":"Tanah Merah","kecamatan":"Belitang Madang Raya","kecCode":"160818"},"geometry":{"type":"Polygon","coordinates":[[[104.6414091232325,-4.118672572159716],[104.63747901034809,-4.125940018787427],[104.62714748356956,-4.124345743833241],[104.63526057081873,-4.115659958421746],[104.6414091232325,-4.118672572159716]]]}},{"type":"Feature","properties":{"code":"1608182012","desa":"Tanah Merah","kecamatan":"Belitang Madang Raya","kecCode":"160818"},"geometry":{"type":"Polygon","coordinates":[[[104.58827840072769,-4.108336862645298],[104.58159296204565,-4.121003302835952],[104.53461469591154,-4.111620159728253],[104.52569668485421,-4.108923850144117],[104.52031011541952,-4.096503238735078],[104.55955914204083,-4.097121988490006],[104.55955914204083,-4.077186336302483],[104.58827840072769,-4.108336862645298]]]}},{"type":"Feature","properties":{"code":"1608182012","desa":"Tanah Merah","kecamatan":"Belitang Madang Raya","kecCode":"160818"},"geometry":{"type":"Polygon","coordinates":[[[104.61766942330529,-4.1047630278844025],[104.58078225469733,-4.091485924642646],[104.57121374871558,-4.06970577912839],[104.5862041018379,-4.074550187765827],[104.59116416509418,-4.085433216583053],[104.61766942330529,-4.1047630278844025]]]}},{"type":"Feature","properties":{"code":"1608182012","desa":"Tanah Merah","kecamatan":"Belitang Madang Raya","kecCode":"160818"},"geometry":{"type":"Polygon","coordinates":[[[104.50172297143803,-4.064631120665021],[104.52454449503249,-4.058683767283665],[104.55202381344827,-4.064765905657248],[104.55197595692492,-4.071352383833702],[104.52773387232043,-4.071124042369188],[104.5210282312679,-4.082301911220852],[104.52124854988074,-4.0752119862683305],[104.50308729064602,-4.079890294620632],[104.50172297143803,-4.064631120665021]]]}},{"type":"Feature","properties":{"code":"1608182013","desa":"Rantau Jaya","kecamatan":"Belitang Madang Raya","kecCode":"160818"},"geometry":{"type":"Polygon","coordinates":[[[104.63987539423414,-4.106818859193785],[104.63140048364545,-4.118818209271013],[104.61709681866328,-4.105070588829224],[104.62961469266399,-4.101174238297191],[104.63987539423414,-4.106818859193785]]]}},{"type":"Feature","properties":{"code":"1608182014","desa":"Tebing Sari Mulya","kecamatan":"Belitang Madang Raya","kecCode":"160818"},"geometry":{"type":"Polygon","coordinates":[[[104.60020201531078,-3.9900620616291453],[104.6156848003133,-4.030645725291266],[104.60888175818666,-4.038621706389496],[104.6157062023794,-4.050841668258316],[104.60495592517589,-4.054118069339919],[104.59536401793513,-4.036795371274197],[104.57758545440525,-4.028463669636278],[104.5816431208334,-4.013285315954272],[104.57597773188688,-4.002916337819407],[104.60020201531078,-3.9900620616291453]]]}},{"type":"Feature","properties":{"code":"1608182015","desa":"Marga Cinta","kecamatan":"Belitang Madang Raya","kecCode":"160818"},"geometry":{"type":"Polygon","coordinates":[[[104.64807959000113,-4.105767627266058],[104.65241375479097,-4.088975346644566],[104.67068812805475,-4.074278714815991],[104.66732823930685,-4.085775991381855],[104.64807959000113,-4.105767627266058]]]}},{"type":"Feature","properties":{"code":"1608182016","desa":"Karang Binangun II","kecamatan":"Belitang Madang Raya","kecCode":"160818"},"geometry":{"type":"Polygon","coordinates":[[[104.68723019841495,-4.07463463950176],[104.67520782478134,-4.09002570982718],[104.66798497102963,-4.08437686841226],[104.67424250688623,-4.063106395680608],[104.68723019841495,-4.07463463950176]]]}},{"type":"Feature","properties":{"code":"1608192001","desa":"Sari Guna","kecamatan":"Belitang Mulya","kecCode":"160819"},"geometry":{"type":"Polygon","coordinates":[[[104.71022253384291,-4.06654632048962],[104.70080122169907,-4.078022327189851],[104.68713837673477,-4.074727795775816],[104.69643659777086,-4.066959112905605],[104.68901151077267,-4.057575720685749],[104.69669401521668,-4.05595115836382],[104.71022253384291,-4.06654632048962]]]}},{"type":"Feature","properties":{"code":"1608192002","desa":"Sido Waluyo","kecamatan":"Belitang Mulya","kecCode":"160819"},"geometry":{"type":"Polygon","coordinates":[[[104.71264488925027,-4.054318710786134],[104.71032723291552,-4.0663970465199455],[104.69669401521668,-4.05595115836382],[104.70481687989512,-4.048687106676835],[104.71264488925027,-4.054318710786134]]]}},{"type":"Feature","properties":{"code":"1608192003","desa":"Sugih Waras","kecamatan":"Belitang Mulya","kecCode":"160819"},"geometry":{"type":"Polygon","coordinates":[[[104.6799074155948,-4.046414543251203],[104.69026106659499,-4.025113314604944],[104.70203557358292,-4.037891927234327],[104.69575085032153,-4.045994140772032],[104.70481687989512,-4.048687106676835],[104.68901151077267,-4.057575720685749],[104.6799074155948,-4.046414543251203]]]}},{"type":"Feature","properties":{"code":"1608192004","desa":"Rejo Sari","kecamatan":"Belitang Mulya","kecCode":"160819"},"geometry":{"type":"Polygon","coordinates":[[[104.70753986697132,-4.033818459722076],[104.72682329126194,-4.021669995754497],[104.73655528589778,-4.027095166783597],[104.72456991037313,-4.042930817861297],[104.71490040602896,-4.042893012161158],[104.70753986697132,-4.033818459722076]]]}},{"type":"Feature","properties":{"code":"1608192005","desa":"Petanggan","kecamatan":"Belitang Mulya","kecCode":"160819"},"geometry":{"type":"Polygon","coordinates":[[[104.72619220730455,-4.01456672216484],[104.73574505788814,-4.016681023796329],[104.73647108866986,-4.025321304411603],[104.72682329126194,-4.021669995754497],[104.7213317709445,-4.026094629639614],[104.71930922893785,-4.020562382629864],[104.72619220730455,-4.01456672216484]]]}},{"type":"Feature","properties":{"code":"1608192006","desa":"Purwodadi","kecamatan":"Belitang Mulya","kecCode":"160819"},"geometry":{"type":"Polygon","coordinates":[[[104.73574505788814,-4.016681023796329],[104.76131047689705,-4.001400816496781],[104.75855079478339,-4.010657412402116],[104.73068970966243,-4.036179482262787],[104.74922015678487,-4.05875954595787],[104.76524686075408,-4.059321886636716],[104.76557471759916,-4.040297356498886],[104.78174296496593,-4.039893819006088],[104.78650933943452,-4.0558608214643534],[104.76446067791802,-4.088411910591393],[104.7488654237004,-4.081525225226446],[104.75057370841,-4.063438031476592],[104.74220094191998,-4.0554847177905105],[104.73540069938281,-4.059722001309917],[104.72487186224669,-4.0454974083343],[104.72509668196635,-4.038815359204148],[104.73655528589778,-4.027095166783597],[104.73248640942033,-4.027261728420909],[104.73017833176465,-4.026309944424324],[104.7370789692191,-4.0244491293017495],[104.73574505788814,-4.016681023796329]]]}},{"type":"Feature","properties":{"code":"1608192007","desa":"Sri Mulyo","kecamatan":"Belitang Mulya","kecCode":"160819"},"geometry":{"type":"Polygon","coordinates":[[[104.75509266859183,-4.011034663610952],[104.75340083068384,-4.035823424477327],[104.73427959822493,-4.041636229388154],[104.73111594964143,-4.035513483926288],[104.75509266859183,-4.011034663610952]]]}},{"type":"Feature","properties":{"code":"1608192008","desa":"Ulak Buntar","kecamatan":"Belitang Mulya","kecCode":"160819"},"geometry":{"type":"Polygon","coordinates":[[[104.7575190295796,-4.029529744874316],[104.76614741127406,-4.035317842710693],[104.74120748603673,-4.051210328243553],[104.73427959822493,-4.041636229388154],[104.74468338822783,-4.0422805135938065],[104.7575190295796,-4.029529744874316]]]}},{"type":"Feature","properties":{"code":"1608192009","desa":"Sribudaya","kecamatan":"Belitang Mulya","kecCode":"160819"},"geometry":{"type":"Polygon","coordinates":[[[104.76614741127406,-4.035317842710693],[104.76440334973483,-4.049199756215441],[104.75616750862365,-4.051049333409732],[104.75188202863279,-4.045687889240098],[104.76614741127406,-4.035317842710693]]]}},{"type":"Feature","properties":{"code":"1608192010","desa":"Sukoharjo","kecamatan":"Belitang Mulya","kecCode":"160819"},"geometry":{"type":"Polygon","coordinates":[[[104.75188202863279,-4.045687889240098],[104.76524686075408,-4.059321886636716],[104.74922015678487,-4.05875954595787],[104.74550225692364,-4.051199292662763],[104.75188202863279,-4.045687889240098]]]}},{"type":"Feature","properties":{"code":"1608192011","desa":"Tulung Sari","kecamatan":"Belitang Mulya","kecCode":"160819"},"geometry":{"type":"Polygon","coordinates":[[[104.69575085032153,-4.045994140772032],[104.70753986697132,-4.033818459722076],[104.71939292884063,-4.045722341368351],[104.71264488925027,-4.054318710786134],[104.69575085032153,-4.045994140772032]]]}},{"type":"Feature","properties":{"code":"1608192012","desa":"Mulya Sari","kecamatan":"Belitang Mulya","kecCode":"160819"},"geometry":{"type":"Polygon","coordinates":[[[104.72228366196151,-4.04239069313489],[104.72390672961194,-4.052194701872525],[104.71502865834594,-4.050736986272946],[104.72228366196151,-4.04239069313489]]]}},{"type":"Feature","properties":{"code":"1608202001","desa":"Sri Bunga","kecamatan":"Buay Pemuka Bangsa Raja","kecCode":"160820"},"geometry":{"type":"Polygon","coordinates":[[[104.44809284730712,-4.130550229575103],[104.43151752001761,-4.103981166291522],[104.4550864395876,-4.105045627246514],[104.48355291323638,-4.119561664416591],[104.47831657375093,-4.133187786450099],[104.46690097899705,-4.124333271135804],[104.44809284730712,-4.130550229575103]]]}},{"type":"Feature","properties":{"code":"1608202002","desa":"Anyar","kecamatan":"Buay Pemuka Bangsa Raja","kecCode":"160820"},"geometry":{"type":"Polygon","coordinates":[[[104.41329561769868,-4.124176332244334],[104.43948625258854,-4.123412930135812],[104.44809284730712,-4.130550229575103],[104.46690097899705,-4.124333271135804],[104.47831657375093,-4.133187786450099],[104.48068918765595,-4.155398220690803],[104.43288155324113,-4.16958199164012],[104.42326160693767,-4.150239823653861],[104.39804111480566,-4.145581261715679],[104.41329561769868,-4.124176332244334]]]}},{"type":"Feature","properties":{"code":"1608202003","desa":"Pandan Sari II","kecamatan":"Buay Pemuka Bangsa Raja","kecCode":"160820"},"geometry":{"type":"Polygon","coordinates":[[[104.48287125500444,-4.1182470372496525],[104.50815581933563,-4.1189830756862955],[104.51076396478521,-4.13957393524512],[104.49584505830283,-4.137918230300004],[104.48141055905012,-4.1233594735341415],[104.48287125500444,-4.1182470372496525]]]}},{"type":"Feature","properties":{"code":"1608202004","desa":"Rawasari","kecamatan":"Buay Pemuka Bangsa Raja","kecCode":"160820"},"geometry":{"type":"Polygon","coordinates":[[[104.51076396478521,-4.13957393524512],[104.510212091315,-4.146895564227358],[104.4917166458066,-4.147210929488938],[104.47721387901738,-4.127139271029815],[104.48696847991147,-4.124658683623323],[104.49584505830283,-4.137918230300004],[104.51076396478521,-4.13957393524512]]]}},{"type":"Feature","properties":{"code":"1608202005","desa":"Surya Menang","kecamatan":"Buay Pemuka Bangsa Raja","kecCode":"160820"},"geometry":{"type":"Polygon","coordinates":[[[104.48068918765595,-4.155398220690803],[104.47831657375093,-4.133187786450099],[104.4917166458066,-4.147210929488938],[104.510212091315,-4.146895564227358],[104.49621404294379,-4.16119178910319],[104.48068918765595,-4.155398220690803]]]}},{"type":"Feature","properties":{"code":"1608202006","desa":"Muncak Kabau","kecamatan":"Buay Pemuka Bangsa Raja","kecCode":"160820"},"geometry":{"type":"Polygon","coordinates":[[[104.48756968479317,-4.208058886392436],[104.47808781140344,-4.201286702710313],[104.46584139416505,-4.212192914251192],[104.45830094033619,-4.204998334292884],[104.44432922231583,-4.204998334292884],[104.41522960166486,-4.178030555681182],[104.44492555287201,-4.161868418325495],[104.48068918765595,-4.155398220690803],[104.4878238412973,-4.1910987985725265],[104.50012513786487,-4.201633914764094],[104.48756968479317,-4.208058886392436]]]}},{"type":"Feature","properties":{"code":"1608202007","desa":"Sri Bulan","kecamatan":"Buay Pemuka Bangsa Raja","kecCode":"160820"},"geometry":{"type":"Polygon","coordinates":[[[104.5227242213458,-4.1977699883890605],[104.50932665659997,-4.204358825487274],[104.4878238412973,-4.1910987985725265],[104.48059421205329,-4.158579946543428],[104.49621404294379,-4.16119178910319],[104.51202635932907,-4.146096296256374],[104.51382108957169,-4.155369073663345],[104.52869090026489,-4.152941723423889],[104.52934422805372,-4.161031347352339],[104.53765082242755,-4.165099166222757],[104.53339067184208,-4.17593158569197],[104.54302496143288,-4.19681712610531],[104.52318283332119,-4.191585620481303],[104.5227242213458,-4.1977699883890605]]]}}]}