{"type":"FeatureCollection","features":[{"type":"Feature","properties":{"code":"2101041005","desa":"Kawal","kecamatan":"Gunung Kijang","kecCode":"210104"},"geometry":{"type":"Polygon","coordinates":[[[104.67862565325134,0.9739369012783676],[104.67840372125475,0.9742043695470999],[104.67867915391984,0.974220220098182],[104.67862565325134,0.9739369012783676]]]}},{"type":"Feature","properties":{"code":"2101041005","desa":"Kawal","kecamatan":"Gunung Kijang","kecCode":"210104"},"geometry":{"type":"Polygon","coordinates":[[[104.66966647932463,0.9839170359427494],[104.66930276920749,0.9843586075634616],[104.66981673265616,0.9844442688876267],[104.66966647932463,0.9839170359427494]]]}},{"type":"Feature","properties":{"code":"2101041005","desa":"Kawal","kecamatan":"Gunung Kijang","kecCode":"210104"},"geometry":{"type":"Polygon","coordinates":[[[104.65130106229422,1.0115818952576927],[104.64776719789789,1.0028637693266584],[104.65513750359298,1.0010579621363913],[104.64782339383464,1.0026686964825289],[104.63602997320476,0.9916690579722668],[104.6375648227584,0.979748252884538],[104.62735594372191,0.9746890825457198],[104.61176095660295,0.9868445603251981],[104.60806526280167,0.9814995251859316],[104.59124777326616,0.9819825699421143],[104.5808889232852,1.0181026248983667],[104.58733284093789,1.0287904234894911],[104.65130106229422,1.0115818952576927]]]}},{"type":"Feature","properties":{"code":"2101042001","desa":"Gunung Kijang","kecamatan":"Gunung Kijang","kecCode":"210104"},"geometry":{"type":"Polygon","coordinates":[[[104.67016740260361,0.9159170163333665],[104.67175183358029,0.9121399806559302],[104.66802209594307,0.9102892145580364],[104.67016740260361,0.9159170163333665]]]}},{"type":"Feature","properties":{"code":"2101042001","desa":"Gunung Kijang","kecamatan":"Gunung Kijang","kecCode":"210104"},"geometry":{"type":"Polygon","coordinates":[[[104.6665714921807,0.9396371406911933],[104.66425853840086,0.9396496403682851],[104.66660935903474,0.9401630093645109],[104.6665714921807,0.9396371406911933]]]}},{"type":"Feature","properties":{"code":"2101042001","desa":"Gunung Kijang","kecamatan":"Gunung Kijang","kecCode":"210104"},"geometry":{"type":"Polygon","coordinates":[[[104.59886899340937,0.9848434797420503],[104.60719675962281,0.981344859780599],[104.61176095660295,0.9868445603251981],[104.62735594372191,0.9746890825457198],[104.64113365189655,0.9763390111451731],[104.64695783863338,0.959584091959698],[104.63929147072486,0.946411263311275],[104.659923019232,0.9428934617099224],[104.65598085723082,0.907871702901885],[104.62988708562057,0.9062644786097261],[104.61739963478539,0.8952408030198403],[104.5998401865754,0.900910074333343],[104.58729477803165,0.9135515466453639],[104.57892560703117,0.9126658493292661],[104.57815058208375,0.9462176878383315],[104.59201121944227,0.9613510790145363],[104.59886899340937,0.9848434797420503]]]}},{"type":"Feature","properties":{"code":"2101042001","desa":"Gunung Kijang","kecamatan":"Gunung Kijang","kecCode":"210104"},"geometry":{"type":"Polygon","coordinates":[[[104.66708513007478,0.943339447203271],[104.66654579135525,0.944081542573822],[104.66702607069668,0.9441409607813496],[104.66708513007478,0.943339447203271]]]}},{"type":"Feature","properties":{"code":"2101042001","desa":"Gunung Kijang","kecamatan":"Gunung Kijang","kecCode":"210104"},"geometry":{"type":"Polygon","coordinates":[[[104.63740776425696,0.9776207528028071],[104.63702568998366,0.9784575674691145],[104.63760988868546,0.9785707210681244],[104.63740776425696,0.9776207528028071]]]}},{"type":"Feature","properties":{"code":"2101042002","desa":"Malang Rapat","kecamatan":"Gunung Kijang","kecCode":"210104"},"geometry":{"type":"Polygon","coordinates":[[[104.63504829933959,1.1253757198561636],[104.63472238682873,1.1260740011560262],[104.63511285717264,1.1257404390122545],[104.63504829933959,1.1253757198561636]]]}},{"type":"Feature","properties":{"code":"2101042002","desa":"Malang Rapat","kecamatan":"Gunung Kijang","kecCode":"210104"},"geometry":{"type":"Polygon","coordinates":[[[104.60187309866463,1.1258237045424033],[104.60223538695361,1.1261997740420011],[104.60238149081323,1.125869010588391],[104.60187309866463,1.1258237045424033]]]}},{"type":"Feature","properties":{"code":"2101042002","desa":"Malang Rapat","kecamatan":"Gunung Kijang","kecCode":"210104"},"geometry":{"type":"Polygon","coordinates":[[[104.6404396333824,1.078838903087364],[104.57643495530901,1.07122154194354],[104.57633558022292,1.1010492851660731],[104.52913706562316,1.1328789579317946],[104.57691404574665,1.1868500896339893],[104.57734698387628,1.1551890514429093],[104.59699340692026,1.125574135480301],[104.63524621314228,1.1084476811769786],[104.63236815326768,1.1004463005267269],[104.6404396333824,1.078838903087364]]]}},{"type":"Feature","properties":{"code":"2101042002","desa":"Malang Rapat","kecamatan":"Gunung Kijang","kecCode":"210104"},"geometry":{"type":"Polygon","coordinates":[[[104.59764658991828,1.1348304939641425],[104.59771396712597,1.1350849517409058],[104.59780385976039,1.1350114564454152],[104.59764658991828,1.1348304939641425]]]}},{"type":"Feature","properties":{"code":"2101042002","desa":"Malang Rapat","kecamatan":"Gunung Kijang","kecCode":"210104"},"geometry":{"type":"Polygon","coordinates":[[[104.58948302462193,1.1425419448782863],[104.58930331039954,1.1421885185091332],[104.58913190591278,1.142640846021558],[104.58948302462193,1.1425419448782863]]]}},{"type":"Feature","properties":{"code":"2101042002","desa":"Malang Rapat","kecamatan":"Gunung Kijang","kecCode":"210104"},"geometry":{"type":"Polygon","coordinates":[[[104.58443767415939,1.1719187419471226],[104.58407516463716,1.1730354310297846],[104.58425493461759,1.173024149034756],[104.58443767415939,1.1719187419471226]]]}},{"type":"Feature","properties":{"code":"2101042002","desa":"Malang Rapat","kecamatan":"Gunung Kijang","kecCode":"210104"},"geometry":{"type":"Polygon","coordinates":[[[104.64164697682656,1.1037834391210504],[104.6416356606573,1.104456314573158],[104.64203456844062,1.1039983537074567],[104.64164697682656,1.1037834391210504]]]}},{"type":"Feature","properties":{"code":"2101042002","desa":"Malang Rapat","kecamatan":"Gunung Kijang","kecCode":"210104"},"geometry":{"type":"Polygon","coordinates":[[[104.66086155801456,1.1089256015961526],[104.6595863670173,1.1087614744235896],[104.6598924359872,1.1095785786486783],[104.66086155801456,1.1089256015961526]]]}},{"type":"Feature","properties":{"code":"2101042002","desa":"Malang Rapat","kecamatan":"Gunung Kijang","kecCode":"210104"},"geometry":{"type":"Polygon","coordinates":[[[104.66382129431736,1.108696108999431],[104.66443995414062,1.1091838985787177],[104.66446374840329,1.1087199041614213],[104.66382129431736,1.108696108999431]]]}},{"type":"Feature","properties":{"code":"2101042002","desa":"Malang Rapat","kecamatan":"Gunung Kijang","kecCode":"210104"},"geometry":{"type":"Polygon","coordinates":[[[104.66410682906694,1.110575882729892],[104.66378560202394,1.1113492079578178],[104.66433287815987,1.1110755694404872],[104.66410682906694,1.110575882729892]]]}},{"type":"Feature","properties":{"code":"2101042002","desa":"Malang Rapat","kecamatan":"Gunung Kijang","kecCode":"210104"},"geometry":{"type":"Polygon","coordinates":[[[104.63487634626641,1.1149981801759934],[104.63543818242624,1.1144243245777037],[104.63477246917415,1.1145910480929686],[104.63487634626641,1.1149981801759934]]]}},{"type":"Feature","properties":{"code":"2101042002","desa":"Malang Rapat","kecamatan":"Gunung Kijang","kecCode":"210104"},"geometry":{"type":"Polygon","coordinates":[[[104.63916144764278,1.1171490293559816],[104.63972875078126,1.117819151083967],[104.63972600784903,1.1172819788318695],[104.63916144764278,1.1171490293559816]]]}},{"type":"Feature","properties":{"code":"2101042003","desa":"Teluk Bakau","kecamatan":"Gunung Kijang","kecCode":"210104"},"geometry":{"type":"Polygon","coordinates":[[[104.65139728255859,1.0126938476111715],[104.58659912275134,1.0290987578513073],[104.57536191302192,1.038177575774248],[104.57519348888847,1.0697186641895884],[104.6440609847267,1.0788364551327545],[104.65304269296597,1.0612606509723135],[104.64928823476428,1.0533524841526494],[104.65740367194195,1.0453042820987515],[104.65139728255859,1.0126938476111715]]]}},{"type":"Feature","properties":{"code":"2101042003","desa":"Teluk Bakau","kecamatan":"Gunung Kijang","kecCode":"210104"},"geometry":{"type":"Polygon","coordinates":[[[104.67559791021546,1.055797990804777],[104.67731422587086,1.054370418681595],[104.67632050109029,1.0486875819943602],[104.67559791021546,1.055797990804777]]]}},{"type":"Feature","properties":{"code":"2101042003","desa":"Teluk Bakau","kecamatan":"Gunung Kijang","kecCode":"210104"},"geometry":{"type":"Polygon","coordinates":[[[104.7094387566933,1.0543719349385692],[104.70873411538719,1.050436351482527],[104.70679873387449,1.0517677986695975],[104.7094387566933,1.0543719349385692]]]}},{"type":"Feature","properties":{"code":"2101042003","desa":"Teluk Bakau","kecamatan":"Gunung Kijang","kecCode":"210104"},"geometry":{"type":"Polygon","coordinates":[[[104.714921651613,1.052978614394808],[104.71502273720961,1.0533263750350403],[104.71525026928458,1.0531200076053655],[104.714921651613,1.052978614394808]]]}},{"type":"Feature","properties":{"code":"2101042003","desa":"Teluk Bakau","kecamatan":"Gunung Kijang","kecCode":"210104"},"geometry":{"type":"Polygon","coordinates":[[[104.71179045866279,1.055373830958159],[104.71153224981357,1.055764062981246],[104.71183206219995,1.055702196819153],[104.71179045866279,1.055373830958159]]]}},{"type":"Feature","properties":{"code":"2101042003","desa":"Teluk Bakau","kecamatan":"Gunung Kijang","kecCode":"210104"},"geometry":{"type":"Polygon","coordinates":[[[104.70420258897836,1.0604584817884162],[104.70422220229283,1.0609702140185153],[104.70436826838096,1.0608797557106078],[104.70420258897836,1.0604584817884162]]]}},{"type":"Feature","properties":{"code":"2101042003","desa":"Teluk Bakau","kecamatan":"Gunung Kijang","kecCode":"210104"},"geometry":{"type":"Polygon","coordinates":[[[104.67224540130427,1.0668386375009173],[104.67694187236957,1.0652700247014617],[104.67526544074758,1.061252352927821],[104.67224540130427,1.0668386375009173]]]}},{"type":"Feature","properties":{"code":"2101061008","desa":"Kijang Kota","kecamatan":"Bintan Timur","kecCode":"210106"},"geometry":{"type":"Polygon","coordinates":[[[104.60342784661786,0.8227363328955856],[104.59507233182273,0.8457348943043949],[104.57594515844237,0.854787425943288],[104.59907335175382,0.8649517804332899],[104.60042506786266,0.8777580274297091],[104.61222338080444,0.8780684266349902],[104.61096677519656,0.8311172580258398],[104.60342784661786,0.8227363328955856]]]}},{"type":"Feature","properties":{"code":"2101061009","desa":"Sungai Lekop","kecamatan":"Bintan Timur","kecCode":"210106"},"geometry":{"type":"Polygon","coordinates":[[[104.57892560703117,0.9126658493292661],[104.58729477803165,0.9135515466453639],[104.5998401865754,0.900910074333343],[104.61739963478539,0.8952408030198403],[104.61191514716637,0.8780529888727272],[104.57792505459763,0.8839526188300826],[104.56311926574158,0.9111172959079457],[104.57395268436899,0.924526363867129],[104.57892560703117,0.9126658493292661]]]}},{"type":"Feature","properties":{"code":"2101061010","desa":"Gunung Lengkuas","kecamatan":"Bintan Timur","kecCode":"210106"},"geometry":{"type":"Polygon","coordinates":[[[104.60042506786266,0.8777580274297091],[104.59907335175382,0.8649517804332899],[104.58580190793174,0.8580275492727405],[104.54961148458237,0.8530831603058693],[104.54392475292507,0.820221519990089],[104.5186719841248,0.8274302759613676],[104.51309247773571,0.8492874708905184],[104.54400407043158,0.8759694026864795],[104.5376529610154,0.8965393287248221],[104.55180046501948,0.9148122693481109],[104.54903384013964,0.9244620389585655],[104.56036582672156,0.9186714113296226],[104.57806782287177,0.8838128264127617],[104.60042506786266,0.8777580274297091]]]}},{"type":"Feature","properties":{"code":"2101061011","desa":"Sungai Enam","kecamatan":"Bintan Timur","kecCode":"210106"},"geometry":{"type":"Polygon","coordinates":[[[104.57594515844237,0.854787425943288],[104.59507233182273,0.8457348943043949],[104.60426075193219,0.8222363152344441],[104.59315687389066,0.8099538001221798],[104.54392475292507,0.820221519990089],[104.54961148458237,0.8530831603058693],[104.57594515844237,0.854787425943288]]]}},{"type":"Feature","properties":{"code":"2101071001","desa":"Tanjung Uban Kota","kecamatan":"Bintan Utara","kecCode":"210107"},"geometry":{"type":"Polygon","coordinates":[[[104.22422914655793,1.095526545789289],[104.23026323865759,1.0516361640025516],[104.21414724819697,1.0670375036854736],[104.21613900011481,1.0852834718420006],[104.22422914655793,1.095526545789289]]]}},{"type":"Feature","properties":{"code":"2101071001","desa":"Tanjung Uban Kota","kecamatan":"Bintan Utara","kecCode":"210107"},"geometry":{"type":"Polygon","coordinates":[[[104.2158506351987,1.0907110593491491],[104.21562934531805,1.090759601155819],[104.21570072810619,1.0908309848431292],[104.2158506351987,1.0907110593491491]]]}},{"type":"Feature","properties":{"code":"2101071002","desa":"Tanjung Uban Utara","kecamatan":"Bintan Utara","kecCode":"210107"},"geometry":{"type":"Polygon","coordinates":[[[104.22787031626217,1.075138311582348],[104.22422914655793,1.095526545789289],[104.24031463741062,1.1112198045087267],[104.2386717379104,1.1238215483700595],[104.26671306695452,1.123670991067903],[104.2756038924058,1.1077734945133635],[104.26203496544137,1.1010083228455527],[104.26089679065444,1.0817133126105112],[104.25045009309734,1.0753697539093372],[104.22787031626217,1.075138311582348]]]}},{"type":"Feature","properties":{"code":"2101071002","desa":"Tanjung Uban Utara","kecamatan":"Bintan Utara","kecCode":"210107"},"geometry":{"type":"Polygon","coordinates":[[[104.21749869141155,1.1001145846910925],[104.21698560660053,1.0999659456427793],[104.21717118260402,1.1004191176185845],[104.21749869141155,1.1001145846910925]]]}},{"type":"Feature","properties":{"code":"2101071002","desa":"Tanjung Uban Utara","kecamatan":"Bintan Utara","kecCode":"210107"},"geometry":{"type":"Polygon","coordinates":[[[104.23755957691299,1.1179054419335135],[104.23727270037489,1.118084346765886],[104.23733725371137,1.1182568115531104],[104.23755957691299,1.1179054419335135]]]}},{"type":"Feature","properties":{"code":"2101071002","desa":"Tanjung Uban Utara","kecamatan":"Bintan Utara","kecCode":"210107"},"geometry":{"type":"Polygon","coordinates":[[[104.26389737596321,1.1427320534647505],[104.26373264624469,1.1428748451210677],[104.26386816238583,1.1428699770908337],[104.26389737596321,1.1427320534647505]]]}},{"type":"Feature","properties":{"code":"2101071003","desa":"Tanjung Uban Selatan","kecamatan":"Bintan Utara","kecCode":"210107"},"geometry":{"type":"Polygon","coordinates":[[[104.2357952914196,1.0459954515598666],[104.2248008365894,1.0681454486598998],[104.23229206872406,1.0790584734639583],[104.24638130565278,1.0619482114540828],[104.2357952914196,1.0459954515598666]]]}},{"type":"Feature","properties":{"code":"2101071011","desa":"Tanjung Uban Timur","kecamatan":"Bintan Utara","kecCode":"210107"},"geometry":{"type":"Polygon","coordinates":[[[104.23960837462685,1.0757151295475318],[104.25245835656794,1.078596302871775],[104.26899218644029,1.0699268977124947],[104.27226410980091,1.059752668666459],[104.2554756593742,1.057688928719067],[104.25059428679697,1.049976342860558],[104.24135580502644,1.0593922734507555],[104.2462956443286,1.0638517812458665],[104.23960837462685,1.0757151295475318]]]}},{"type":"Feature","properties":{"code":"2101072005","desa":"Lancang Kuning","kecamatan":"Bintan Utara","kecCode":"210107"},"geometry":{"type":"Polygon","coordinates":[[[104.25245835656794,1.078596302871775],[104.26089679065444,1.0817133126105112],[104.26203496544137,1.1010083228455527],[104.2756038924058,1.1077734945133635],[104.28813727431582,1.096583411070274],[104.28809415991759,1.0537322057991028],[104.26951165194123,1.0568270292630073],[104.26899218644029,1.0699268977124947],[104.25245835656794,1.078596302871775]]]}},{"type":"Feature","properties":{"code":"2101081006","desa":"Tembeling Tanjung","kecamatan":"Teluk Bintan","kecCode":"210108"},"geometry":{"type":"Polygon","coordinates":[[[104.42646699125868,0.998414101913387],[104.43387649210648,0.9966484332646429],[104.42937721628556,0.9956694627626926],[104.42646699125868,0.998414101913387]]]}},{"type":"Feature","properties":{"code":"2101081006","desa":"Tembeling Tanjung","kecamatan":"Teluk Bintan","kecCode":"210108"},"geometry":{"type":"Polygon","coordinates":[[[104.48864627760366,1.0177109386714702],[104.49793569157896,1.005480508694771],[104.50739582835484,1.0036637162856934],[104.50198204993173,0.977210518058706],[104.49755385742463,0.9790615197790611],[104.50000010332217,0.9910833178331341],[104.47642635169484,0.9891080441953529],[104.47338722234252,0.9774622212120162],[104.44096529741061,0.9964183273302762],[104.4430142929753,1.0054828424354485],[104.44544981985337,1.0063042625070273],[104.44830617099306,1.0066196952176971],[104.44919140156202,1.0069670187874873],[104.46370012725912,1.0222072368320791],[104.48027670460628,1.0135679310823928],[104.48864627760366,1.0177109386714702]]]}},{"type":"Feature","properties":{"code":"2101081006","desa":"Tembeling Tanjung","kecamatan":"Teluk Bintan","kecCode":"210108"},"geometry":{"type":"Polygon","coordinates":[[[104.4365019207271,1.010080256769528],[104.44064952025923,1.0146739506083262],[104.44199599961576,1.0080467996934606],[104.4365019207271,1.010080256769528]]]}},{"type":"Feature","properties":{"code":"2101081006","desa":"Tembeling Tanjung","kecamatan":"Teluk Bintan","kecCode":"210108"},"geometry":{"type":"Polygon","coordinates":[[[104.44767931564797,1.0163658856412354],[104.44925815464016,1.007519453433979],[104.44662090533058,1.0067135817412463],[104.44247433012629,1.009604724050375],[104.44767931564797,1.0163658856412354]]]}},{"type":"Feature","properties":{"code":"2101082001","desa":"Bintan Buyu","kecamatan":"Teluk Bintan","kecCode":"210108"},"geometry":{"type":"Polygon","coordinates":[[[104.5024159620271,1.1120085504117472],[104.50785947023843,1.0860268064783345],[104.48209382976647,1.0524724093980067],[104.4650688846214,1.0401806402618556],[104.45004443909964,1.0509722457980457],[104.45265750923669,1.0550160914404803],[104.43321153518427,1.0532043505233382],[104.42017201392734,1.0815550067495814],[104.42254195774524,1.0867660267164112],[104.43063640744428,1.0796164560282315],[104.43719241659682,1.0816268032257441],[104.4709040268994,1.1084605801530991],[104.47584452090797,1.103990560182632],[104.5024159620271,1.1120085504117472]]]}},{"type":"Feature","properties":{"code":"2101082002","desa":"Pangkil","kecamatan":"Teluk Bintan","kecCode":"210108"},"geometry":{"type":"Polygon","coordinates":[[[104.3620562548923,0.8482781590613788],[104.36616030115704,0.8255376023555129],[104.35682399742961,0.8138347236836563],[104.35244230436894,0.8169240370013596],[104.36053887826664,0.8359121616823281],[104.35327177787032,0.8454439393411507],[104.3620562548923,0.8482781590613788]]]}},{"type":"Feature","properties":{"code":"2101082002","desa":"Pangkil","kecamatan":"Teluk Bintan","kecCode":"210108"},"geometry":{"type":"Polygon","coordinates":[[[104.38577983716982,0.8592215359844773],[104.39009966586696,0.858086742649759],[104.38651070180748,0.8565598224202474],[104.38577983716982,0.8592215359844773]]]}},{"type":"Feature","properties":{"code":"2101082003","desa":"Penaga","kecamatan":"Teluk Bintan","kecCode":"210108"},"geometry":{"type":"Polygon","coordinates":[[[104.42017201392734,1.0815550067495814],[104.43318905932766,1.053239403398752],[104.41718766138155,1.0396662145622628],[104.41669446687621,1.0548133132050894],[104.40439940980495,1.0536111381660689],[104.40516481920112,1.0339458185891393],[104.39040400184324,1.0239671929872038],[104.38022959741805,1.028719823111659],[104.37564686361189,1.0486053048191164],[104.39397279680718,1.0583213121961472],[104.39516994643593,1.0821359526028769],[104.40120711421702,1.0903474715401935],[104.42017201392734,1.0815550067495814]]]}},{"type":"Feature","properties":{"code":"2101082004","desa":"Pengujan","kecamatan":"Teluk Bintan","kecCode":"210108"},"geometry":{"type":"Polygon","coordinates":[[[104.39672324558136,0.9997128938176363],[104.39626541961348,1.0000195977085797],[104.39675614458046,0.9997626578030245],[104.39672324558136,0.9997128938176363]]]}},{"type":"Feature","properties":{"code":"2101082004","desa":"Pengujan","kecamatan":"Teluk Bintan","kecCode":"210108"},"geometry":{"type":"Polygon","coordinates":[[[104.39282365298924,1.015628343538102],[104.39212560461299,1.0025584521903181],[104.39722090522064,0.997249717286033],[104.36600172999592,0.9898679029749736],[104.3787906479701,1.0034905761076423],[104.38297831679596,1.015337536963031],[104.39282365298924,1.015628343538102]]]}},{"type":"Feature","properties":{"code":"2101082004","desa":"Pengujan","kecamatan":"Teluk Bintan","kecCode":"210108"},"geometry":{"type":"Polygon","coordinates":[[[104.37801000585716,1.0486043830139884],[104.37975132356479,1.0291338484981842],[104.39040400184324,1.0239671929872038],[104.37412983232593,1.010414327929636],[104.36122414727663,1.0227999620055426],[104.37801000585716,1.0486043830139884]]]}},{"type":"Feature","properties":{"code":"2101082005","desa":"Tembeling","kecamatan":"Teluk Bintan","kecCode":"210108"},"geometry":{"type":"Polygon","coordinates":[[[104.50739582835484,1.0036637162856934],[104.48868196899774,1.0163784410762442],[104.48851299987513,1.0350359992552627],[104.47603504767936,1.0271839528292088],[104.4650688846214,1.0401806402618556],[104.50372332896853,1.0806022002238431],[104.52974392364318,1.052354215098935],[104.52416252508054,1.0356297064883868],[104.51374196541946,1.033110391576695],[104.50739582835484,1.0036637162856934]]]}},{"type":"Feature","properties":{"code":"2101101007","desa":"Kota Baru","kecamatan":"Telok Sebong","kecCode":"210110"},"geometry":{"type":"Polygon","coordinates":[[[104.37799761499798,1.1520056654420219],[104.36786715504523,1.1027544087567267],[104.34934128187471,1.1042590114103588],[104.35291194293188,1.1286066503156464],[104.33806588693119,1.135364574347123],[104.3444922597101,1.138621487119797],[104.34325931256728,1.1572403285853987],[104.36450314020782,1.164193114120303],[104.37799761499798,1.1520056654420219]]]}},{"type":"Feature","properties":{"code":"2101102001","desa":"Berakit","kecamatan":"Telok Sebong","kecCode":"210110"},"geometry":{"type":"Polygon","coordinates":[[[104.57990989792353,1.2031047699251873],[104.55645705744729,1.165748764991077],[104.5357231454069,1.1870448360242576],[104.54057530890343,1.196434722248037],[104.55118670560203,1.1997810510143867],[104.54497934382168,1.21506659848742],[104.55186534930645,1.2236115122946614],[104.58438620416005,1.2285276238784222],[104.58736725169734,1.2049238034447578],[104.57990989792353,1.2031047699251873]]]}},{"type":"Feature","properties":{"code":"2101102001","desa":"Berakit","kecamatan":"Telok Sebong","kecCode":"210110"},"geometry":{"type":"Polygon","coordinates":[[[104.53255028776562,1.1989297051024386],[104.53229742718457,1.1992971950697193],[104.5324322562437,1.1992802545403736],[104.53255028776562,1.1989297051024386]]]}},{"type":"Feature","properties":{"code":"2101102001","desa":"Berakit","kecamatan":"Telok Sebong","kecCode":"210110"},"geometry":{"type":"Polygon","coordinates":[[[104.57203222440768,1.235582435700712],[104.57194207816444,1.23720805652463],[104.57282402980518,1.2375333278184788],[104.57203222440768,1.235582435700712]]]}},{"type":"Feature","properties":{"code":"2101102002","desa":"Ekang Anculai","kecamatan":"Telok Sebong","kecCode":"210110"},"geometry":{"type":"Polygon","coordinates":[[[104.43244241878266,1.0803088791442363],[104.40128801632896,1.0904426521881678],[104.39516994643593,1.0821359526028769],[104.39397279680718,1.0583213121961472],[104.37564686361189,1.0486053048191164],[104.36312501190984,1.0583509997161553],[104.36069901874474,1.0859991343390434],[104.34761015258651,1.0959866758198016],[104.34934128187471,1.1042590114103588],[104.36786715504523,1.1027544087567267],[104.37799761499798,1.1520056654420219],[104.38485032398329,1.148585737058819],[104.38828955991532,1.157182237777205],[104.40247929158606,1.147537403646156],[104.43244241878266,1.0803088791442363]]]}},{"type":"Feature","properties":{"code":"2101102003","desa":"Pengudang","kecamatan":"Telok Sebong","kecCode":"210110"},"geometry":{"type":"Polygon","coordinates":[[[104.55645705744729,1.165748764991077],[104.51547805896529,1.113965365464498],[104.47848595296442,1.150576142689364],[104.49029131029579,1.173901754251096],[104.4994871713959,1.1687561527684958],[104.53098050944298,1.1779009368628324],[104.53574559518313,1.1865540067364662],[104.55645705744729,1.165748764991077]]]}},{"type":"Feature","properties":{"code":"2101102003","desa":"Pengudang","kecamatan":"Telok Sebong","kecCode":"210110"},"geometry":{"type":"Polygon","coordinates":[[[104.52964694794832,1.192839464736961],[104.52954018583095,1.192986459824516],[104.52966377876044,1.1929695174965516],[104.52964694794832,1.192839464736961]]]}},{"type":"Feature","properties":{"code":"2101102003","desa":"Pengudang","kecamatan":"Telok Sebong","kecCode":"210110"},"geometry":{"type":"Polygon","coordinates":[[[104.52834638797549,1.193158711472448],[104.52642168321415,1.1968393614104047],[104.52765206459115,1.1962797942407606],[104.52834638797549,1.193158711472448]]]}},{"type":"Feature","properties":{"code":"2101102004","desa":"Sebong Lagoi","kecamatan":"Telok Sebong","kecCode":"210110"},"geometry":{"type":"Polygon","coordinates":[[[104.3153980493805,1.1615249299338717],[104.31553305110947,1.161760659329044],[104.31565759642096,1.1616836665700725],[104.3153980493805,1.1615249299338717]]]}},{"type":"Feature","properties":{"code":"2101102004","desa":"Sebong Lagoi","kecamatan":"Telok Sebong","kecCode":"210110"},"geometry":{"type":"Polygon","coordinates":[[[104.31530233993112,1.170092295315942],[104.31344014974319,1.1700777029164378],[104.31622904003825,1.1708501782850282],[104.31530233993112,1.170092295315942]]]}},{"type":"Feature","properties":{"code":"2101102004","desa":"Sebong Lagoi","kecamatan":"Telok Sebong","kecCode":"210110"},"geometry":{"type":"Polygon","coordinates":[[[104.30855032174001,1.1778254828439052],[104.30877495080341,1.1781138999203773],[104.30885927573506,1.1778594844118184],[104.30855032174001,1.1778254828439052]]]}},{"type":"Feature","properties":{"code":"2101102004","desa":"Sebong Lagoi","kecamatan":"Telok Sebong","kecCode":"210110"},"geometry":{"type":"Polygon","coordinates":[[[104.30804737228846,1.1794859020350545],[104.30779342892367,1.178924248438205],[104.30758120960519,1.1791239204153403],[104.30804737228846,1.1794859020350545]]]}},{"type":"Feature","properties":{"code":"2101102004","desa":"Sebong Lagoi","kecamatan":"Telok Sebong","kecCode":"210110"},"geometry":{"type":"Polygon","coordinates":[[[104.36235388192618,1.1815087327219056],[104.36171036034487,1.182874071759525],[104.36224401534906,1.182927910573093],[104.36235388192618,1.1815087327219056]]]}},{"type":"Feature","properties":{"code":"2101102004","desa":"Sebong Lagoi","kecamatan":"Telok Sebong","kecCode":"210110"},"geometry":{"type":"Polygon","coordinates":[[[104.3188570389213,1.1836479500705164],[104.31859886964217,1.1826810268866508],[104.3176775321924,1.1829521976642308],[104.3188570389213,1.1836479500705164]]]}},{"type":"Feature","properties":{"code":"2101102004","desa":"Sebong Lagoi","kecamatan":"Telok Sebong","kecCode":"210110"},"geometry":{"type":"Polygon","coordinates":[[[104.33301644005671,1.185318213240778],[104.33397161539779,1.184498591813322],[104.33269083961062,1.184413468283758],[104.33301644005671,1.185318213240778]]]}},{"type":"Feature","properties":{"code":"2101102004","desa":"Sebong Lagoi","kecamatan":"Telok Sebong","kecCode":"210110"},"geometry":{"type":"Polygon","coordinates":[[[104.35457541802117,1.1856882321016],[104.35457541802117,1.186472406750725],[104.3548392431366,1.1868288494459667],[104.35457541802117,1.1856882321016]]]}},{"type":"Feature","properties":{"code":"2101102004","desa":"Sebong Lagoi","kecamatan":"Telok Sebong","kecCode":"210110"},"geometry":{"type":"Polygon","coordinates":[[[104.31841174680471,1.1867991996974923],[104.31856938626822,1.1866564314235102],[104.31845338811344,1.1866504833074645],[104.31841174680471,1.1867991996974923]]]}},{"type":"Feature","properties":{"code":"2101102004","desa":"Sebong Lagoi","kecamatan":"Telok Sebong","kecCode":"210110"},"geometry":{"type":"Polygon","coordinates":[[[104.32119056289422,1.1870379526132941],[104.32103445137886,1.1873574187834035],[104.32138399807309,1.1875386258802134],[104.32119056289422,1.1870379526132941]]]}},{"type":"Feature","properties":{"code":"2101102004","desa":"Sebong Lagoi","kecamatan":"Telok Sebong","kecCode":"210110"},"geometry":{"type":"Polygon","coordinates":[[[104.35437276569064,1.1875003147610894],[104.35472702303376,1.1877000676771312],[104.35469018860141,1.1873675154719976],[104.35437276569064,1.1875003147610894]]]}},{"type":"Feature","properties":{"code":"2101102004","desa":"Sebong Lagoi","kecamatan":"Telok Sebong","kecCode":"210110"},"geometry":{"type":"Polygon","coordinates":[[[104.35827337991257,1.1908824347461933],[104.35864406337288,1.1912132917293148],[104.35880982731175,1.1910126071156228],[104.35827337991257,1.1908824347461933]]]}},{"type":"Feature","properties":{"code":"2101102004","desa":"Sebong Lagoi","kecamatan":"Telok Sebong","kecCode":"210110"},"geometry":{"type":"Polygon","coordinates":[[[104.35999796933088,1.1908998006548297],[104.3594387528962,1.1920616060265874],[104.35986565297758,1.192214368466505],[104.35999796933088,1.1908998006548297]]]}},{"type":"Feature","properties":{"code":"2101102004","desa":"Sebong Lagoi","kecamatan":"Telok Sebong","kecCode":"210110"},"geometry":{"type":"Polygon","coordinates":[[[104.358688802846,1.192081219341102],[104.35851175241548,1.192502415921555],[104.35868025478999,1.1926070574374137],[104.358688802846,1.192081219341102]]]}},{"type":"Feature","properties":{"code":"2101102004","desa":"Sebong Lagoi","kecamatan":"Telok Sebong","kecCode":"210110"},"geometry":{"type":"Polygon","coordinates":[[[104.38462000041272,1.1484899988311927],[104.36392180674602,1.1642773059521085],[104.34325931256728,1.1572403285853987],[104.3444922597101,1.138621487119797],[104.33806588693119,1.135364574347123],[104.35291194293188,1.1286066503156464],[104.35168445287523,1.1199855855149334],[104.31778072490062,1.1215445368977168],[104.31610881057321,1.1374123513281549],[104.32842416983964,1.1376124756641552],[104.33255682623661,1.1453031018770308],[104.32267909826186,1.1588325593804147],[104.31575263137887,1.1599944070203017],[104.31524288035472,1.1611406766036767],[104.330289564312,1.1639429137340822],[104.3178464680401,1.1655569980547973],[104.3182264316046,1.173945013440115],[104.31041372960999,1.1804198974416091],[104.33010054030774,1.179299562507335],[104.33987913961067,1.1856458929190528],[104.33904074483455,1.191192309646633],[104.36241262564221,1.1790979956587018],[104.37153839178342,1.1788739160813373],[104.3806092192401,1.1858136830303354],[104.37927548057905,1.1964122032240596],[104.3869181639422,1.19672774295405],[104.39220634214904,1.2003815562228783],[104.39369141063014,1.2039723234190183],[104.39639147308803,1.2003796622506284],[104.41901419434963,1.1980804860871412],[104.44668385157854,1.1846403690344072],[104.45756358978792,1.18495842236955],[104.47114779173728,1.1748519203673211],[104.49029131029579,1.173901754251096],[104.4786044152616,1.150802166600943],[104.40410822731292,1.1504099740557596],[104.40423000001452,1.1460399991662336],[104.38828955991532,1.157182237777205],[104.38462000041272,1.1484899988311927]]]}},{"type":"Feature","properties":{"code":"2101102004","desa":"Sebong Lagoi","kecamatan":"Telok Sebong","kecCode":"210110"},"geometry":{"type":"Polygon","coordinates":[[[104.46311086537418,1.1818468957972876],[104.46333217503992,1.1823380956057497],[104.46351758826614,1.182179810429169],[104.46311086537418,1.1818468957972876]]]}},{"type":"Feature","properties":{"code":"2101102004","desa":"Sebong Lagoi","kecamatan":"Telok Sebong","kecCode":"210110"},"geometry":{"type":"Polygon","coordinates":[[[104.46355402429884,1.1825869281230934],[104.46377864616765,1.183028006915358],[104.46387982799172,1.1826944222885194],[104.46355402429884,1.1825869281230934]]]}},{"type":"Feature","properties":{"code":"2101102004","desa":"Sebong Lagoi","kecamatan":"Telok Sebong","kecCode":"210110"},"geometry":{"type":"Polygon","coordinates":[[[104.46442166862515,1.1840685225215024],[104.46412964886429,1.1835539250514027],[104.46398913339186,1.1839440437599498],[104.46442166862515,1.1840685225215024]]]}},{"type":"Feature","properties":{"code":"2101102004","desa":"Sebong Lagoi","kecamatan":"Telok Sebong","kecCode":"210110"},"geometry":{"type":"Polygon","coordinates":[[[104.37674024586573,1.194980346730643],[104.37466188743622,1.194312675655247],[104.37621766871051,1.1956050176218054],[104.37674024586573,1.194980346730643]]]}},{"type":"Feature","properties":{"code":"2101102004","desa":"Sebong Lagoi","kecamatan":"Telok Sebong","kecCode":"210110"},"geometry":{"type":"Polygon","coordinates":[[[104.37395121707505,1.1945104095933419],[104.374324692031,1.1949289064090436],[104.37445119156926,1.1944681180748074],[104.37395121707505,1.1945104095933419]]]}},{"type":"Feature","properties":{"code":"2101102004","desa":"Sebong Lagoi","kecamatan":"Telok Sebong","kecCode":"210110"},"geometry":{"type":"Polygon","coordinates":[[[104.37652384200175,1.1955428915556243],[104.37693948436974,1.1958087347494664],[104.3769002397543,1.1954581646270925],[104.37652384200175,1.1955428915556243]]]}},{"type":"Feature","properties":{"code":"2101102004","desa":"Sebong Lagoi","kecamatan":"Telok Sebong","kecCode":"210110"},"geometry":{"type":"Polygon","coordinates":[[[104.37808812186938,1.196524254254264],[104.37829881144103,1.196394255454003],[104.3781218707278,1.1963320187712005],[104.37808812186938,1.196524254254264]]]}},{"type":"Feature","properties":{"code":"2101102004","desa":"Sebong Lagoi","kecamatan":"Telok Sebong","kecCode":"210110"},"geometry":{"type":"Polygon","coordinates":[[[104.37916542964092,1.1986682092314203],[104.37840441343297,1.1979188527346678],[104.37816554090705,1.1984672566197738],[104.37916542964092,1.1986682092314203]]]}},{"type":"Feature","properties":{"code":"2101102004","desa":"Sebong Lagoi","kecamatan":"Telok Sebong","kecCode":"210110"},"geometry":{"type":"Polygon","coordinates":[[[104.41855464258275,1.1991956661074508],[104.41936340469744,1.20004680337666],[104.4196247269996,1.1995690745130885],[104.41855464258275,1.1991956661074508]]]}},{"type":"Feature","properties":{"code":"2101102004","desa":"Sebong Lagoi","kecamatan":"Telok Sebong","kecCode":"210110"},"geometry":{"type":"Polygon","coordinates":[[[104.39109396891162,1.2007573136577407],[104.39128502718233,1.2004916080601626],[104.39101537895662,1.2005028567803155],[104.39109396891162,1.2007573136577407]]]}},{"type":"Feature","properties":{"code":"2101102004","desa":"Sebong Lagoi","kecamatan":"Telok Sebong","kecCode":"210110"},"geometry":{"type":"Polygon","coordinates":[[[104.40689020631805,1.2030973945851202],[104.40717126244384,1.2022945536076761],[104.40659544722216,1.2023255262589396],[104.40689020631805,1.2030973945851202]]]}},{"type":"Feature","properties":{"code":"2101102004","desa":"Sebong Lagoi","kecamatan":"Telok Sebong","kecCode":"210110"},"geometry":{"type":"Polygon","coordinates":[[[104.40485814768545,1.2033775307041952],[104.40517901499959,1.203616345673263],[104.40499719006834,1.2032991134191333],[104.40485814768545,1.2033775307041952]]]}},{"type":"Feature","properties":{"code":"2101102004","desa":"Sebong Lagoi","kecamatan":"Telok Sebong","kecCode":"210110"},"geometry":{"type":"Polygon","coordinates":[[[104.39460441226389,1.2034224266593028],[104.39514639139293,1.2039823166855896],[104.39524754623731,1.2038098842739726],[104.39460441226389,1.2034224266593028]]]}},{"type":"Feature","properties":{"code":"2101102005","desa":"Sebong Pereh","kecamatan":"Telok Sebong","kecCode":"210110"},"geometry":{"type":"Polygon","coordinates":[[[104.26671306695452,1.123670991067903],[104.28200134568561,1.1284386155887793],[104.28067790516128,1.1324187487609971],[104.27781504113129,1.1340575941155946],[104.28063910391158,1.1346754211659902],[104.28261048798366,1.1283796047741856],[104.31610881057321,1.1374123513281549],[104.31778072490062,1.1215445368977168],[104.35168445287523,1.1199855855149334],[104.34761015258651,1.0959866758198016],[104.3129720274372,1.0910485407383943],[104.31001854591919,1.0747792851348668],[104.28977280387186,1.0712968035075123],[104.28813727431582,1.096583411070274],[104.26671306695452,1.123670991067903]]]}},{"type":"Feature","properties":{"code":"2101102005","desa":"Sebong Pereh","kecamatan":"Telok Sebong","kecCode":"210110"},"geometry":{"type":"Polygon","coordinates":[[[104.28064947489344,1.1300425186846972],[104.28015999998405,1.130434405460392],[104.28075010633238,1.1304858026145894],[104.28064947489344,1.1300425186846972]]]}},{"type":"Feature","properties":{"code":"2101102005","desa":"Sebong Pereh","kecamatan":"Telok Sebong","kecCode":"210110"},"geometry":{"type":"Polygon","coordinates":[[[104.2844037055666,1.1454263395742086],[104.28392878438598,1.145703698586771],[104.28439604783937,1.1456539894600284],[104.2844037055666,1.1454263395742086]]]}},{"type":"Feature","properties":{"code":"2101102005","desa":"Sebong Pereh","kecamatan":"Telok Sebong","kecCode":"210110"},"geometry":{"type":"Polygon","coordinates":[[[104.27935202387685,1.1496346721180162],[104.2793164547906,1.149972066273033],[104.27945382263583,1.1499163226953633],[104.27935202387685,1.1496346721180162]]]}},{"type":"Feature","properties":{"code":"2101102005","desa":"Sebong Pereh","kecamatan":"Telok Sebong","kecCode":"210110"},"geometry":{"type":"Polygon","coordinates":[[[104.27976893968486,1.1500814418201408],[104.2789660690289,1.1500536905404481],[104.27998139282708,1.1504219934948865],[104.27976893968486,1.1500814418201408]]]}},{"type":"Feature","properties":{"code":"2101102006","desa":"Sri Bintan","kecamatan":"Telok Sebong","kecCode":"210110"},"geometry":{"type":"Polygon","coordinates":[[[104.50699884871794,1.1019203747941748],[104.5024159620271,1.1120085504117472],[104.47584452090797,1.103990560182632],[104.4709040268994,1.1084605801530991],[104.43244241878266,1.0803088791442363],[104.40247929158606,1.147537403646156],[104.4786044152616,1.150802166600943],[104.51547805896529,1.113965365464498],[104.50699884871794,1.1019203747941748]]]}},{"type":"Feature","properties":{"code":"2101121004","desa":"Toapaya Asri","kecamatan":"Toapaya","kecCode":"210112"},"geometry":{"type":"Polygon","coordinates":[[[104.5808889232852,1.0181026248983667],[104.59086278968607,0.982366101116691],[104.59733846509812,0.9849572781549876],[104.59652725143154,0.9735681657500559],[104.56502367640161,0.9782949538555522],[104.54101524195988,0.9617653085471636],[104.53616300292032,0.9716277399422318],[104.52901331980894,0.9685502401189149],[104.5213365377511,0.977438087005633],[104.50408075911979,0.9730251784816167],[104.5102700274399,1.0127386482381646],[104.5755752753787,1.009843115438798],[104.5808889232852,1.0181026248983667]]]}},{"type":"Feature","properties":{"code":"2101122001","desa":"Toapaya","kecamatan":"Toapaya","kecCode":"210112"},"geometry":{"type":"Polygon","coordinates":[[[104.58716642229263,1.02880305806493],[104.5755752753787,1.009843115438798],[104.5102700274399,1.0127386482381646],[104.51374196541946,1.033110391576695],[104.52416252508054,1.0356297064883868],[104.52974392364318,1.052354215098935],[104.55497192241637,1.0374468919011448],[104.56714169493334,1.0544189523943848],[104.57485146592245,1.054313462817845],[104.57536191302192,1.038177575774248],[104.58716642229263,1.02880305806493]]]}},{"type":"Feature","properties":{"code":"2101122002","desa":"Toapaya Utara","kecamatan":"Toapaya","kecCode":"210112"},"geometry":{"type":"Polygon","coordinates":[[[104.52913706562316,1.1328789579317946],[104.57663301390255,1.1003116513321751],[104.57759415444671,1.0570942843924067],[104.56714169493334,1.0544189523943848],[104.55524793874143,1.0374754444767664],[104.52974392364318,1.052354215098935],[104.50372332896853,1.0806022002238431],[104.50699884871794,1.1019203747941748],[104.52913706562316,1.1328789579317946]]]}},{"type":"Feature","properties":{"code":"2101122003","desa":"Toapaya Selatan","kecamatan":"Toapaya","kecCode":"210112"},"geometry":{"type":"Polygon","coordinates":[[[104.59652725143154,0.9735681657500559],[104.57815058208375,0.9462176878383315],[104.57892560703117,0.9126658493292661],[104.57395268436899,0.924526363867129],[104.56311926574158,0.9111172959079457],[104.54903384013964,0.9244620389585655],[104.54551345388285,0.9415366608357856],[104.52803739890692,0.945052255500816],[104.5176066858999,0.9729833483153493],[104.53616300292032,0.9716277399422318],[104.54101524195988,0.9617653085471636],[104.56502367640161,0.9782949538555522],[104.59652725143154,0.9735681657500559]]]}},{"type":"Feature","properties":{"code":"2101132001","desa":"Mantang Baru","kecamatan":"Mantang","kecCode":"210113"},"geometry":{"type":"Polygon","coordinates":[[[104.52051802788475,0.7568576485153413],[104.52035792427885,0.7570272615524082],[104.52047166063869,0.7570951261925831],[104.52051802788475,0.7568576485153413]]]}},{"type":"Feature","properties":{"code":"2101132001","desa":"Mantang Baru","kecamatan":"Mantang","kecCode":"210113"},"geometry":{"type":"Polygon","coordinates":[[[104.5187536290768,0.7753486234732527],[104.52073680505958,0.7606266919177674],[104.51562325271101,0.7444467300001478],[104.50955791996212,0.7436464332047761],[104.50818704109912,0.7716302874450305],[104.5187536290768,0.7753486234732527]]]}},{"type":"Feature","properties":{"code":"2101132002","desa":"Mantang Besar","kecamatan":"Mantang","kecCode":"210113"},"geometry":{"type":"Polygon","coordinates":[[[104.58363887203637,0.7477507132886742],[104.5881171441909,0.7468648091285269],[104.58746856302382,0.7448461225176684],[104.58363887203637,0.7477507132886742]]]}},{"type":"Feature","properties":{"code":"2101132002","desa":"Mantang Besar","kecamatan":"Mantang","kecCode":"210113"},"geometry":{"type":"Polygon","coordinates":[[[104.58749229433397,0.7503366131051853],[104.58715953438507,0.7498064798467473],[104.58671714617941,0.7502941309304464],[104.58749229433397,0.7503366131051853]]]}},{"type":"Feature","properties":{"code":"2101132002","desa":"Mantang Besar","kecamatan":"Mantang","kecCode":"210113"},"geometry":{"type":"Polygon","coordinates":[[[104.58614644899949,0.7523621255703711],[104.58473380921798,0.7518516802700924],[104.58454843376323,0.751987368181621],[104.58614644899949,0.7523621255703711]]]}},{"type":"Feature","properties":{"code":"2101132002","desa":"Mantang Besar","kecamatan":"Mantang","kecCode":"210113"},"geometry":{"type":"Polygon","coordinates":[[[104.52377877537025,0.7561794859490041],[104.52432640583902,0.7564297519856081],[104.52384198422028,0.7560098621200947],[104.52377877537025,0.7561794859490041]]]}},{"type":"Feature","properties":{"code":"2101132002","desa":"Mantang Besar","kecamatan":"Mantang","kecCode":"210113"},"geometry":{"type":"Polygon","coordinates":[[[104.53777251778752,0.7635465154056049],[104.53810667258493,0.7640978519798918],[104.53845493414798,0.7640470007141623],[104.53777251778752,0.7635465154056049]]]}},{"type":"Feature","properties":{"code":"2101132002","desa":"Mantang Besar","kecamatan":"Mantang","kecCode":"210113"},"geometry":{"type":"Polygon","coordinates":[[[104.53704219364236,0.7645783588492573],[104.53632328009536,0.7639704360325495],[104.53618563975554,0.7641768052608406],[104.53704219364236,0.7645783588492573]]]}},{"type":"Feature","properties":{"code":"2101132002","desa":"Mantang Besar","kecamatan":"Mantang","kecCode":"210113"},"geometry":{"type":"Polygon","coordinates":[[[104.5377721778438,0.7659227904479553],[104.53805880526971,0.7644413741153531],[104.53749707792785,0.7646674879591656],[104.5377721778438,0.7659227904479553]]]}},{"type":"Feature","properties":{"code":"2101132002","desa":"Mantang Besar","kecamatan":"Mantang","kecCode":"210113"},"geometry":{"type":"Polygon","coordinates":[[[104.52070111006822,0.7615539091340899],[104.51766919327872,0.7789233350729298],[104.53635077057167,0.7847722009988374],[104.53871236778161,0.7695801101734258],[104.52070111006822,0.7615539091340899]]]}},{"type":"Feature","properties":{"code":"2101132002","desa":"Mantang Besar","kecamatan":"Mantang","kecCode":"210113"},"geometry":{"type":"Polygon","coordinates":[[[104.5347358363898,0.7850660472824409],[104.53444365565024,0.7859028619487705],[104.53494918975336,0.7859142266814602],[104.5347358363898,0.7850660472824409]]]}},{"type":"Feature","properties":{"code":"2101132002","desa":"Mantang Besar","kecamatan":"Mantang","kecCode":"210113"},"geometry":{"type":"Polygon","coordinates":[[[104.62769992001533,0.703083900015698],[104.62780939179004,0.703843016854654],[104.62819280785185,0.7031475522314371],[104.62769992001533,0.703083900015698]]]}},{"type":"Feature","properties":{"code":"2101132002","desa":"Mantang Besar","kecamatan":"Mantang","kecCode":"210113"},"geometry":{"type":"Polygon","coordinates":[[[104.59588444481136,0.7069939175446666],[104.61977299962427,0.7158549988086488],[104.62584599999298,0.7106449995723868],[104.61928527929227,0.6971531679047376],[104.608524251593,0.7023405006281905],[104.60479268113737,0.6980602079316213],[104.59588444481136,0.7069939175446666]]]}},{"type":"Feature","properties":{"code":"2101132002","desa":"Mantang Besar","kecamatan":"Mantang","kecCode":"210113"},"geometry":{"type":"Polygon","coordinates":[[[104.62921152029548,0.7190726822543396],[104.62920330678723,0.71643064315849],[104.62699162026712,0.7161760136112904],[104.62921152029548,0.7190726822543396]]]}},{"type":"Feature","properties":{"code":"2101132002","desa":"Mantang Besar","kecamatan":"Mantang","kecCode":"210113"},"geometry":{"type":"Polygon","coordinates":[[[104.63543276221225,0.7258577990864601],[104.63587945727119,0.7241106115058071],[104.63374780321861,0.7239153605959026],[104.63543276221225,0.7258577990864601]]]}},{"type":"Feature","properties":{"code":"2101132002","desa":"Mantang Besar","kecamatan":"Mantang","kecCode":"210113"},"geometry":{"type":"Polygon","coordinates":[[[104.63639744878327,0.7263752590986826],[104.6364816666956,0.72684599933061],[104.63657860102164,0.7263540701719496],[104.63639744878327,0.7263752590986826]]]}},{"type":"Feature","properties":{"code":"2101132002","desa":"Mantang Besar","kecamatan":"Mantang","kecCode":"210113"},"geometry":{"type":"Polygon","coordinates":[[[104.64061843839029,0.7292339241907937],[104.63986422285564,0.7308072143642522],[104.64103963407187,0.7302899261225367],[104.64061843839029,0.7292339241907937]]]}},{"type":"Feature","properties":{"code":"2101132002","desa":"Mantang Besar","kecamatan":"Mantang","kecCode":"210113"},"geometry":{"type":"Polygon","coordinates":[[[104.65994777756794,0.7526484391326039],[104.64524798820416,0.7332037187567336],[104.6395017969704,0.7323805351146481],[104.62490564907648,0.7135986069921421],[104.62040395228063,0.7222794164542141],[104.61345330262787,0.7216369021143901],[104.61077062316576,0.73183741114925],[104.62809243631692,0.7458166708686803],[104.63963567184885,0.7439855963262673],[104.65994777756794,0.7526484391326039]]]}},{"type":"Feature","properties":{"code":"2101132002","desa":"Mantang Besar","kecamatan":"Mantang","kecCode":"210113"},"geometry":{"type":"Polygon","coordinates":[[[104.58696691129397,0.7921480662945254],[104.6237800396172,0.785306074537672],[104.63333419062046,0.7918674967021739],[104.63657033265478,0.7840994010897875],[104.58267791315522,0.7524494362511147],[104.57794973739055,0.7671984985540394],[104.59001011907178,0.7762622924029168],[104.58696691129397,0.7921480662945254]]]}},{"type":"Feature","properties":{"code":"2101132003","desa":"Mantang Lama","kecamatan":"Mantang","kecCode":"210113"},"geometry":{"type":"Polygon","coordinates":[[[104.54379899982403,0.7691478258514639],[104.54382986275799,0.7694390299269775],[104.54393660059371,0.7693089915565249],[104.54379899982403,0.7691478258514639]]]}},{"type":"Feature","properties":{"code":"2101132003","desa":"Mantang Lama","kecamatan":"Mantang","kecCode":"210113"},"geometry":{"type":"Polygon","coordinates":[[[104.54322602825863,0.7694644096943815],[104.5434114001161,0.769373960379699],[104.54319796041761,0.7693060840483463],[104.54322602825863,0.7694644096943815]]]}},{"type":"Feature","properties":{"code":"2101132003","desa":"Mantang Lama","kecamatan":"Mantang","kecCode":"210113"},"geometry":{"type":"Polygon","coordinates":[[[104.54422304185994,0.7695691231559973],[104.54439156401952,0.7694701905364559],[104.54418935055814,0.7694645140157035],[104.54422304185994,0.7695691231559973]]]}},{"type":"Feature","properties":{"code":"2101132003","desa":"Mantang Lama","kecamatan":"Mantang","kecCode":"210113"},"geometry":{"type":"Polygon","coordinates":[[[104.54892318395781,0.7712921189736611],[104.54931070992136,0.7717756097935944],[104.54882631528226,0.7710588654121767],[104.54892318395781,0.7712921189736611]]]}},{"type":"Feature","properties":{"code":"2101132003","desa":"Mantang Lama","kecamatan":"Mantang","kecCode":"210113"},"geometry":{"type":"Polygon","coordinates":[[[104.56422490935216,0.7739505572070224],[104.5648428380266,0.7734417252905499],[104.56462102384126,0.7728508185462597],[104.5641463787524,0.7728818685391746],[104.56371100525875,0.773390719341456],[104.56422490935216,0.7739505572070224]]]}},{"type":"Feature","properties":{"code":"2101132003","desa":"Mantang Lama","kecamatan":"Mantang","kecCode":"210113"},"geometry":{"type":"Polygon","coordinates":[[[104.55622626083333,0.7735143338545128],[104.55670932267715,0.7735652750523964],[104.55622345674719,0.7734690988549905],[104.55622626083333,0.7735143338545128]]]}},{"type":"Feature","properties":{"code":"2101132003","desa":"Mantang Lama","kecamatan":"Mantang","kecCode":"210113"},"geometry":{"type":"Polygon","coordinates":[[[104.55812480881292,0.7736841663260955],[104.55775407768856,0.7737350157931661],[104.5581528685601,0.7739244804650425],[104.55812480881292,0.7736841663260955]]]}},{"type":"Feature","properties":{"code":"2101132003","desa":"Mantang Lama","kecamatan":"Mantang","kecCode":"210113"},"geometry":{"type":"Polygon","coordinates":[[[104.56285464112887,0.7736345021655078],[104.56301042529093,0.7744996400803672],[104.56325486192242,0.7735794132943359],[104.56285464112887,0.7736345021655078]]]}},{"type":"Feature","properties":{"code":"2101132003","desa":"Mantang Lama","kecamatan":"Mantang","kecCode":"210113"},"geometry":{"type":"Polygon","coordinates":[[[104.55728781518059,0.7741873190238873],[104.55723443502121,0.7743625986891404],[104.55754057863487,0.7742212711290838],[104.55728781518059,0.7741873190238873]]]}},{"type":"Feature","properties":{"code":"2101132003","desa":"Mantang Lama","kecamatan":"Mantang","kecCode":"210113"},"geometry":{"type":"Polygon","coordinates":[[[104.53918361792967,0.7707488034527135],[104.53725215656185,0.7906778735010327],[104.54724371712392,0.7971522592780526],[104.55148669965153,0.7908297087398315],[104.56886823408176,0.7959162814213034],[104.58540874771556,0.7862659083658384],[104.58795827805214,0.778344329057238],[104.57916473856187,0.771243820883275],[104.56749074430246,0.7746492279133655],[104.55220873924196,0.7752943601796628],[104.53918361792967,0.7707488034527135]]]}},{"type":"Feature","properties":{"code":"2101132003","desa":"Mantang Lama","kecamatan":"Mantang","kecCode":"210113"},"geometry":{"type":"Polygon","coordinates":[[[104.5753181448166,0.7951493701582818],[104.58383645758651,0.7953792458661719],[104.5834914596632,0.7908415474152771],[104.5753181448166,0.7951493701582818]]]}},{"type":"Feature","properties":{"code":"2101132003","desa":"Mantang Lama","kecamatan":"Mantang","kecCode":"210113"},"geometry":{"type":"Polygon","coordinates":[[[104.61268333187036,0.8010989412674353],[104.6143522190797,0.7946784923300014],[104.60647828404564,0.7960772151012873],[104.60704669155166,0.7995080927303476],[104.61268333187036,0.8010989412674353]]]}},{"type":"Feature","properties":{"code":"2101132003","desa":"Mantang Lama","kecamatan":"Mantang","kecCode":"210113"},"geometry":{"type":"Polygon","coordinates":[[[104.55858397207271,0.8031457388867308],[104.56603262580512,0.7995418640717945],[104.55521453881998,0.7954780202050428],[104.55256862993836,0.7979119462871234],[104.55858397207271,0.8031457388867308]]]}},{"type":"Feature","properties":{"code":"2101132003","desa":"Mantang Lama","kecamatan":"Mantang","kecCode":"210113"},"geometry":{"type":"Polygon","coordinates":[[[104.60972991600288,0.8033038846683699],[104.60795187987544,0.8055386262059658],[104.6103911946979,0.8047712733757513],[104.60972991600288,0.8033038846683699]]]}},{"type":"Feature","properties":{"code":"2101132003","desa":"Mantang Lama","kecamatan":"Mantang","kecCode":"210113"},"geometry":{"type":"Polygon","coordinates":[[[104.62019931874363,0.7982837404097262],[104.62453502137419,0.7907778745151385],[104.6161724891691,0.7911969459976168],[104.62019931874363,0.7982837404097262]]]}},{"type":"Feature","properties":{"code":"2101132003","desa":"Mantang Lama","kecamatan":"Mantang","kecCode":"210113"},"geometry":{"type":"Polygon","coordinates":[[[104.62627431830519,0.7975591179671782],[104.6294552068923,0.7954856419593518],[104.6269275300815,0.7951079788611142],[104.62627431830519,0.7975591179671782]]]}},{"type":"Feature","properties":{"code":"2101132003","desa":"Mantang Lama","kecamatan":"Mantang","kecCode":"210113"},"geometry":{"type":"Polygon","coordinates":[[[104.637403139943,0.7991433654803933],[104.63695379638068,0.7988266764168208],[104.63681896462356,0.7990471883836108],[104.637403139943,0.7991433654803933]]]}},{"type":"Feature","properties":{"code":"2101132003","desa":"Mantang Lama","kecamatan":"Mantang","kecCode":"210113"},"geometry":{"type":"Polygon","coordinates":[[[104.64601069243957,0.8076159027487273],[104.64595224909708,0.8013818652848494],[104.63515891505193,0.8011179799151108],[104.64090893020301,0.8073270746820848],[104.64601069243957,0.8076159027487273]]]}},{"type":"Feature","properties":{"code":"2101132003","desa":"Mantang Lama","kecamatan":"Mantang","kecCode":"210113"},"geometry":{"type":"Polygon","coordinates":[[[104.63868037959587,0.8066695470599997],[104.63764812336227,0.8078441659722589],[104.63944280144419,0.8078909756846953],[104.63868037959587,0.8066695470599997]]]}},{"type":"Feature","properties":{"code":"2101132003","desa":"Mantang Lama","kecamatan":"Mantang","kecCode":"210113"},"geometry":{"type":"Polygon","coordinates":[[[104.65409674606802,0.8140942509387136],[104.6544674223337,0.8147643357944684],[104.65484236228524,0.8148491850308139],[104.65409674606802,0.8140942509387136]]]}},{"type":"Feature","properties":{"code":"2101132003","desa":"Mantang Lama","kecamatan":"Mantang","kecCode":"210113"},"geometry":{"type":"Polygon","coordinates":[[[104.65626907915475,0.8184795340881301],[104.65080991824317,0.8098616708739208],[104.63756464199467,0.8098605008559328],[104.63317542610507,0.8032189598890247],[104.62080604006677,0.8078742509926463],[104.63199464683554,0.8162721328400211],[104.63633183604549,0.8390395127252789],[104.65626907915475,0.8184795340881301]]]}},{"type":"Feature","properties":{"code":"2101132003","desa":"Mantang Lama","kecamatan":"Mantang","kecCode":"210113"},"geometry":{"type":"Polygon","coordinates":[[[104.62558825609317,0.8362311709968466],[104.62324749617504,0.8191870613179301],[104.60925700300834,0.8145335328855623],[104.61783229502446,0.8365230360739869],[104.62558825609317,0.8362311709968466]]]}},{"type":"Feature","properties":{"code":"2101132003","desa":"Mantang Lama","kecamatan":"Mantang","kecCode":"210113"},"geometry":{"type":"Polygon","coordinates":[[[104.62840783395443,0.8238948674330416],[104.63011354570362,0.8293529761316997],[104.62992334628547,0.8360025804200514],[104.63181981233453,0.82884847714883],[104.62840783395443,0.8238948674330416]]]}},{"type":"Feature","properties":{"code":"2101132003","desa":"Mantang Lama","kecamatan":"Mantang","kecCode":"210113"},"geometry":{"type":"Polygon","coordinates":[[[104.62120688768776,0.8457448677858811],[104.61578986990662,0.8378691242239744],[104.61254134240907,0.8418339698206593],[104.62120688768776,0.8457448677858811]]]}},{"type":"Feature","properties":{"code":"2101132003","desa":"Mantang Lama","kecamatan":"Mantang","kecCode":"210113"},"geometry":{"type":"Polygon","coordinates":[[[104.62358298106976,0.8455754678881562],[104.62355486826259,0.8458581868601569],[104.62391440912272,0.8454454484035244],[104.62358298106976,0.8455754678881562]]]}},{"type":"Feature","properties":{"code":"2101132003","desa":"Mantang Lama","kecamatan":"Mantang","kecCode":"210113"},"geometry":{"type":"Polygon","coordinates":[[[104.62141123703901,0.8481414360301863],[104.62004830008901,0.8461645957734917],[104.61975759693559,0.8462960334889946],[104.62141123703901,0.8481414360301863]]]}},{"type":"Feature","properties":{"code":"2101132003","desa":"Mantang Lama","kecamatan":"Mantang","kecCode":"210113"},"geometry":{"type":"Polygon","coordinates":[[[104.62480796561515,0.8556136259115167],[104.6138666292416,0.8455872301212014],[104.62176572820584,0.8608549863061653],[104.62480796561515,0.8556136259115167]]]}},{"type":"Feature","properties":{"code":"2101132003","desa":"Mantang Lama","kecamatan":"Mantang","kecCode":"210113"},"geometry":{"type":"Polygon","coordinates":[[[104.61336988421282,0.8559050988843097],[104.61380758695067,0.8602859133024674],[104.6156484650047,0.8619442622542552],[104.61691958297246,0.8590786714830497],[104.61336988421282,0.8559050988843097]]]}},{"type":"Feature","properties":{"code":"2101132004","desa":"Dendun","kecamatan":"Mantang","kecCode":"210113"},"geometry":{"type":"Polygon","coordinates":[[[104.48388798534232,0.759218622492457],[104.48060365673341,0.7521471498300428],[104.48460739171782,0.7619946452845998],[104.48388798534232,0.759218622492457]]]}},{"type":"Feature","properties":{"code":"2101132004","desa":"Dendun","kecamatan":"Mantang","kecCode":"210113"},"geometry":{"type":"Polygon","coordinates":[[[104.44537203928826,0.7686787700496722],[104.44438623933353,0.768870886822247],[104.44533257613755,0.7697983153792061],[104.44537203928826,0.7686787700496722]]]}},{"type":"Feature","properties":{"code":"2101132004","desa":"Dendun","kecamatan":"Mantang","kecCode":"210113"},"geometry":{"type":"Polygon","coordinates":[[[104.44579592214414,0.7702083118029637],[104.44629291538581,0.771042386235007],[104.4464136817461,0.7710254394103773],[104.44579592214414,0.7702083118029637]]]}},{"type":"Feature","properties":{"code":"2101132004","desa":"Dendun","kecamatan":"Mantang","kecCode":"210113"},"geometry":{"type":"Polygon","coordinates":[[[104.4478544586164,0.7708164180813127],[104.4470735548008,0.7719500018279718],[104.44825877312394,0.7716448249858486],[104.4478544586164,0.7708164180813127]]]}},{"type":"Feature","properties":{"code":"2101132004","desa":"Dendun","kecamatan":"Mantang","kecCode":"210113"},"geometry":{"type":"Polygon","coordinates":[[[104.435732791735,0.7729408298911511],[104.43627768736543,0.7725564110857122],[104.43578902544321,0.7724602231970071],[104.435732791735,0.7729408298911511]]]}},{"type":"Feature","properties":{"code":"2101132004","desa":"Dendun","kecamatan":"Mantang","kecCode":"210113"},"geometry":{"type":"Polygon","coordinates":[[[104.434021621101,0.7743940308939014],[104.43279759343426,0.7755272702002357],[104.43426670524428,0.7752434990214194],[104.434021621101,0.7743940308939014]]]}},{"type":"Feature","properties":{"code":"2101132004","desa":"Dendun","kecamatan":"Mantang","kecCode":"210113"},"geometry":{"type":"Polygon","coordinates":[[[104.49592558809546,0.7865241262080456],[104.49513086439794,0.7858200640660471],[104.494142371873,0.7849576573922984],[104.49592558809546,0.7865241262080456]]]}},{"type":"Feature","properties":{"code":"2101132004","desa":"Dendun","kecamatan":"Mantang","kecCode":"210113"},"geometry":{"type":"Polygon","coordinates":[[[104.50250001536345,0.7958193381021736],[104.50671272581172,0.796422034958455],[104.50759484922298,0.794341340092632],[104.50250001536345,0.7958193381021736]]]}},{"type":"Feature","properties":{"code":"2101132004","desa":"Dendun","kecamatan":"Mantang","kecCode":"210113"},"geometry":{"type":"Polygon","coordinates":[[[104.4902307607411,0.797350066960542],[104.4904568269211,0.797473077129139],[104.49037397687762,0.7970956397607275],[104.4902307607411,0.797350066960542]]]}},{"type":"Feature","properties":{"code":"2101132004","desa":"Dendun","kecamatan":"Mantang","kecCode":"210113"},"geometry":{"type":"Polygon","coordinates":[[[104.48412654130694,0.797591025013989],[104.48420188560856,0.7977097750941214],[104.48418309067716,0.7973450685285766],[104.48412654130694,0.797591025013989]]]}},{"type":"Feature","properties":{"code":"2101132004","desa":"Dendun","kecamatan":"Mantang","kecCode":"210113"},"geometry":{"type":"Polygon","coordinates":[[[104.4843330841046,0.8009355875118196],[104.48449342513152,0.798888740429788],[104.4841958196814,0.7981112324550476],[104.48355527665473,0.7997226349974341],[104.4843330841046,0.8009355875118196]]]}},{"type":"Feature","properties":{"code":"2101132004","desa":"Dendun","kecamatan":"Mantang","kecCode":"210113"},"geometry":{"type":"Polygon","coordinates":[[[104.51233141026643,0.7823914284468606],[104.51638708919285,0.7808143350404806],[104.51103986689638,0.7791456780593813],[104.51233141026643,0.7823914284468606]]]}},{"type":"Feature","properties":{"code":"2101132004","desa":"Dendun","kecamatan":"Mantang","kecCode":"210113"},"geometry":{"type":"Polygon","coordinates":[[[104.50874219709476,0.7817859913562591],[104.50933758336281,0.7819556925268644],[104.50965213563762,0.7819557293990607],[104.50874219709476,0.7817859913562591]]]}},{"type":"Feature","properties":{"code":"2101132004","desa":"Dendun","kecamatan":"Mantang","kecCode":"210113"},"geometry":{"type":"Polygon","coordinates":[[[104.51651833535294,0.7873903684902954],[104.51801570476101,0.783655839269352],[104.51734446427565,0.783700996027834],[104.51651833535294,0.7873903684902954]]]}},{"type":"Feature","properties":{"code":"2101132004","desa":"Dendun","kecamatan":"Mantang","kecCode":"210113"},"geometry":{"type":"Polygon","coordinates":[[[104.51977340182111,0.7874755621669517],[104.52023963015489,0.7873625290770944],[104.51976780174272,0.7873285481935847],[104.51977340182111,0.7874755621669517]]]}},{"type":"Feature","properties":{"code":"2101132004","desa":"Dendun","kecamatan":"Mantang","kecCode":"210113"},"geometry":{"type":"Polygon","coordinates":[[[104.52436192456321,0.7905595011361186],[104.52451072099304,0.7910486208127048],[104.5247859648005,0.7909779727708129],[104.52436192456321,0.7905595011361186]]]}},{"type":"Feature","properties":{"code":"2101132004","desa":"Dendun","kecamatan":"Mantang","kecCode":"210113"},"geometry":{"type":"Polygon","coordinates":[[[104.52829644412566,0.7925785618649352],[104.52854922196906,0.7924909481126636],[104.52834981709043,0.7924796175542278],[104.52829644412566,0.7925785618649352]]]}},{"type":"Feature","properties":{"code":"2101132004","desa":"Dendun","kecamatan":"Mantang","kecCode":"210113"},"geometry":{"type":"Polygon","coordinates":[[[104.53299502500043,0.7933933269533544],[104.53345000101677,0.7934442681512974],[104.53312985226091,0.7932293661553848],[104.53299502500043,0.7933933269533544]]]}},{"type":"Feature","properties":{"code":"2101132004","desa":"Dendun","kecamatan":"Mantang","kecCode":"210113"},"geometry":{"type":"Polygon","coordinates":[[[104.53432627793546,0.793311490445926],[104.53364651997099,0.794142606108457],[104.53232642222667,0.7949227589893398],[104.53361278999829,0.79438574052128],[104.53432627793546,0.793311490445926]]]}},{"type":"Feature","properties":{"code":"2101132004","desa":"Dendun","kecamatan":"Mantang","kecCode":"210113"},"geometry":{"type":"Polygon","coordinates":[[[104.53431194184269,0.7959294627845495],[104.53453380189352,0.7960567114579773],[104.53457594232593,0.7959492829431017],[104.53431194184269,0.7959294627845495]]]}},{"type":"Feature","properties":{"code":"2101132004","desa":"Dendun","kecamatan":"Mantang","kecCode":"210113"},"geometry":{"type":"Polygon","coordinates":[[[104.52589865100201,0.8055754750274364],[104.52965366138744,0.8056268029338584],[104.52985042855447,0.8041397271675637],[104.52589865100201,0.8055754750274364]]]}},{"type":"Feature","properties":{"code":"2101142001","desa":"Kelong","kecamatan":"Bintan Pesisir","kecCode":"210114"},"geometry":{"type":"Polygon","coordinates":[[[104.66328038897882,0.8194512218801934],[104.66321295421453,0.8197989654333122],[104.66342362669906,0.8194597150776107],[104.66328038897882,0.8194512218801934]]]}},{"type":"Feature","properties":{"code":"2101142001","desa":"Kelong","kecamatan":"Bintan Pesisir","kecCode":"210114"},"geometry":{"type":"Polygon","coordinates":[[[104.6656892095894,0.8194714638207645],[104.66530415856009,0.8206171218651809],[104.6660469329197,0.8201809030092804],[104.6656892095894,0.8194714638207645]]]}},{"type":"Feature","properties":{"code":"2101142001","desa":"Kelong","kecamatan":"Bintan Pesisir","kecCode":"210114"},"geometry":{"type":"Polygon","coordinates":[[[104.6782586507162,0.8222441537253812],[104.6786393130539,0.8213651797409492],[104.67762571505476,0.8222298769879364],[104.6782586507162,0.8222441537253812]]]}},{"type":"Feature","properties":{"code":"2101142001","desa":"Kelong","kecamatan":"Bintan Pesisir","kecCode":"210114"},"geometry":{"type":"Polygon","coordinates":[[[104.67652552493307,0.8220392404994497],[104.67682884827279,0.8221156001356456],[104.67671932883398,0.8219035480913292],[104.67652552493307,0.8220392404994497]]]}},{"type":"Feature","properties":{"code":"2101142001","desa":"Kelong","kecamatan":"Bintan Pesisir","kecCode":"210114"},"geometry":{"type":"Polygon","coordinates":[[[104.67534430409643,0.8277898006332715],[104.67610308189175,0.8221664954681503],[104.67163714663705,0.8253552468243838],[104.67534430409643,0.8277898006332715]]]}},{"type":"Feature","properties":{"code":"2101142001","desa":"Kelong","kecamatan":"Bintan Pesisir","kecCode":"210114"},"geometry":{"type":"Polygon","coordinates":[[[104.67570660137864,0.8279509834254604],[104.67605208133853,0.8276880792160951],[104.67587093629474,0.8275565983331146],[104.67570660137864,0.8279509834254604]]]}},{"type":"Feature","properties":{"code":"2101142001","desa":"Kelong","kecamatan":"Bintan Pesisir","kecCode":"210114"},"geometry":{"type":"Polygon","coordinates":[[[104.67116475704796,0.8319624498769743],[104.66784531081247,0.8280563497948872],[104.66440737440087,0.8305327121863597],[104.66640401233536,0.8338449836267906],[104.67116475704796,0.8319624498769743]]]}},{"type":"Feature","properties":{"code":"2101142001","desa":"Kelong","kecamatan":"Bintan Pesisir","kecCode":"210114"},"geometry":{"type":"Polygon","coordinates":[[[104.66394593855425,0.8402300739194121],[104.664462948906,0.8375725224175917],[104.66377758097063,0.838375395770576],[104.66394593855425,0.8402300739194121]]]}},{"type":"Feature","properties":{"code":"2101142001","desa":"Kelong","kecamatan":"Bintan Pesisir","kecCode":"210114"},"geometry":{"type":"Polygon","coordinates":[[[104.65530515520878,0.8196145558507212],[104.63258166940858,0.8463566459961573],[104.64102292916493,0.8615565950975903],[104.65224573355378,0.8664176447898612],[104.66473427166936,0.8505580150893784],[104.66108681840198,0.8397265776805629],[104.66491370800127,0.8211435220378003],[104.65530515520878,0.8196145558507212]]]}},{"type":"Feature","properties":{"code":"2101142001","desa":"Kelong","kecamatan":"Bintan Pesisir","kecCode":"210114"},"geometry":{"type":"Polygon","coordinates":[[[104.63063429273848,0.8469694350444574],[104.62993060381437,0.8483773228067254],[104.63015386590824,0.8486105898580943],[104.63063429273848,0.8469694350444574]]]}},{"type":"Feature","properties":{"code":"2101142001","desa":"Kelong","kecamatan":"Bintan Pesisir","kecCode":"210114"},"geometry":{"type":"Polygon","coordinates":[[[104.63758543432037,0.858876061420902],[104.63554205412254,0.8600632978214343],[104.63673002886782,0.860792835058947],[104.63758543432037,0.858876061420902]]]}},{"type":"Feature","properties":{"code":"2101142001","desa":"Kelong","kecamatan":"Bintan Pesisir","kecCode":"210114"},"geometry":{"type":"Polygon","coordinates":[[[104.67711088555899,0.8948957583321537],[104.67721196935696,0.8952180708565216],[104.67721761260282,0.8949127303377828],[104.67711088555899,0.8948957583321537]]]}},{"type":"Feature","properties":{"code":"2101142001","desa":"Kelong","kecamatan":"Bintan Pesisir","kecCode":"210114"},"geometry":{"type":"Polygon","coordinates":[[[104.67851019289117,0.8958700397690157],[104.67908062387174,0.896232456660621],[104.67901526204473,0.8957333913815988],[104.67851019289117,0.8958700397690157]]]}},{"type":"Feature","properties":{"code":"2101142001","desa":"Kelong","kecamatan":"Bintan Pesisir","kecCode":"210114"},"geometry":{"type":"Polygon","coordinates":[[[104.70653992967408,0.8412018579389152],[104.70701735366798,0.8417673426476276],[104.70670283017154,0.8412018714287387],[104.70653992967408,0.8412018579389152]]]}},{"type":"Feature","properties":{"code":"2101142001","desa":"Kelong","kecamatan":"Bintan Pesisir","kecCode":"210114"},"geometry":{"type":"Polygon","coordinates":[[[104.70296271435785,0.8469521941415474],[104.70509898283183,0.8428599263022596],[104.70221312763378,0.8427960924234587],[104.70296271435785,0.8469521941415474]]]}},{"type":"Feature","properties":{"code":"2101142001","desa":"Kelong","kecamatan":"Bintan Pesisir","kecCode":"210114"},"geometry":{"type":"Polygon","coordinates":[[[104.69757023367941,0.8531058493017788],[104.69602349239032,0.8535461879519645],[104.69759066088034,0.8541315512751422],[104.69757023367941,0.8531058493017788]]]}},{"type":"Feature","properties":{"code":"2101142001","desa":"Kelong","kecamatan":"Bintan Pesisir","kecCode":"210114"},"geometry":{"type":"Polygon","coordinates":[[[104.67642560305922,0.8945705652793474],[104.70018748566402,0.8865743350463898],[104.69086060143565,0.8786940526061514],[104.69507477867813,0.8636478372123917],[104.68969107088628,0.858151249221325],[104.69585957835693,0.8485504440990602],[104.67673304529386,0.8463266769883212],[104.66065498823717,0.8638739060901423],[104.67642560305922,0.8945705652793474]]]}},{"type":"Feature","properties":{"code":"2101142001","desa":"Kelong","kecamatan":"Bintan Pesisir","kecCode":"210114"},"geometry":{"type":"Polygon","coordinates":[[[104.70618373519129,0.871553688277728],[104.70721169536353,0.8716089003560712],[104.7063607073808,0.871201709817099],[104.70618373519129,0.871553688277728]]]}},{"type":"Feature","properties":{"code":"2101142001","desa":"Kelong","kecamatan":"Bintan Pesisir","kecCode":"210114"},"geometry":{"type":"Polygon","coordinates":[[[104.70935586438168,0.8746115981689495],[104.70913669330383,0.8758753578822843],[104.7103458084124,0.8759772330835148],[104.70935586438168,0.8746115981689495]]]}},{"type":"Feature","properties":{"code":"2101142001","desa":"Kelong","kecamatan":"Bintan Pesisir","kecCode":"210114"},"geometry":{"type":"Polygon","coordinates":[[[104.69165910228583,0.8941065411844022],[104.69166385610214,0.8942700442274697],[104.69170188393484,0.8942396246592653],[104.69165910228583,0.8941065411844022]]]}},{"type":"Feature","properties":{"code":"2101142001","desa":"Kelong","kecamatan":"Bintan Pesisir","kecCode":"210114"},"geometry":{"type":"Polygon","coordinates":[[[104.69188157027833,0.8942130083240362],[104.69202893228946,0.8942196624077987],[104.69199565557511,0.8941284046026133],[104.69188157027833,0.8942130083240362]]]}},{"type":"Feature","properties":{"code":"2101142001","desa":"Kelong","kecamatan":"Bintan Pesisir","kecCode":"210114"},"geometry":{"type":"Polygon","coordinates":[[[104.68853329087874,0.8951608856656299],[104.68871300779915,0.8956019500687655],[104.68860069776404,0.8951608919609173],[104.68853329087874,0.8951608856656299]]]}},{"type":"Feature","properties":{"code":"2101142001","desa":"Kelong","kecamatan":"Bintan Pesisir","kecCode":"210114"},"geometry":{"type":"Polygon","coordinates":[[[104.77066626983252,0.9151530638398441],[104.77022245979872,0.9157382778755689],[104.77069150480918,0.9158429157941714],[104.77066626983252,0.9151530638398441]]]}},{"type":"Feature","properties":{"code":"2101142001","desa":"Kelong","kecamatan":"Bintan Pesisir","kecCode":"210114"},"geometry":{"type":"Polygon","coordinates":[[[104.71805626738289,0.9215756180900964],[104.71536395528238,0.9239418045378549],[104.71635815310633,0.9249045611626389],[104.71805626738289,0.9215756180900964]]]}},{"type":"Feature","properties":{"code":"2101142001","desa":"Kelong","kecamatan":"Bintan Pesisir","kecCode":"210114"},"geometry":{"type":"Polygon","coordinates":[[[104.79018324176324,0.9261212053940829],[104.7912617501297,0.9266980296544716],[104.79034055117558,0.9257480155236566],[104.79018324176324,0.9261212053940829]]]}},{"type":"Feature","properties":{"code":"2101142001","desa":"Kelong","kecamatan":"Bintan Pesisir","kecCode":"210114"},"geometry":{"type":"Polygon","coordinates":[[[104.73425523828864,0.9420517952011797],[104.74771486884617,0.9377610361946243],[104.75569851577393,0.9187398533345905],[104.73228434614572,0.9312685227830874],[104.73425523828864,0.9420517952011797]]]}},{"type":"Feature","properties":{"code":"2101142002","desa":"Mapur","kecamatan":"Bintan Pesisir","kecCode":"210114"},"geometry":{"type":"Polygon","coordinates":[[[104.82413541531724,0.9528658837884444],[104.82426178355449,0.9529973862551427],[104.82420839620058,0.9528102868002997],[104.82413541531724,0.9528658837884444]]]}},{"type":"Feature","properties":{"code":"2101142002","desa":"Mapur","kecamatan":"Bintan Pesisir","kecCode":"210114"},"geometry":{"type":"Polygon","coordinates":[[[104.82292480103881,0.954799616841579],[104.82303128076903,0.9548053203420152],[104.82301416756985,0.954742581837471],[104.82292480103881,0.954799616841579]]]}},{"type":"Feature","properties":{"code":"2101142002","desa":"Mapur","kecamatan":"Bintan Pesisir","kecCode":"210114"},"geometry":{"type":"Polygon","coordinates":[[[104.80863940938126,0.9742309436142265],[104.81242568110035,0.9727383639970607],[104.81740278830807,0.9725690027702141],[104.81863869332108,0.9715060185021147],[104.80929116605455,0.971957863078549],[104.80863940938126,0.9742309436142265]]]}},{"type":"Feature","properties":{"code":"2101142002","desa":"Mapur","kecamatan":"Bintan Pesisir","kecCode":"210114"},"geometry":{"type":"Polygon","coordinates":[[[104.80499302810578,0.980841179180788],[104.80594481210346,0.9817168211771158],[104.80616848159018,0.981764409702423],[104.80552126829195,0.9809601522927659],[104.80499302810578,0.980841179180788]]]}},{"type":"Feature","properties":{"code":"2101142002","desa":"Mapur","kecamatan":"Bintan Pesisir","kecCode":"210114"},"geometry":{"type":"Polygon","coordinates":[[[104.78753883744747,1.0281154589122736],[104.80403269605215,1.0174690597122256],[104.84934421716194,1.0132984636206983],[104.84315224008391,0.9971957966341658],[104.85419135524688,0.9824436235762833],[104.84646745500908,0.9783437384792575],[104.84059230369193,0.9620188265323265],[104.8249591241643,0.9567706528738816],[104.81354970055826,0.9631879334997004],[104.82970495991599,0.9753686417592423],[104.80464448415567,0.9895261929734092],[104.80418898293526,0.9977195671891328],[104.81370499369058,0.9992807722729803],[104.81101619434195,1.002513266653461],[104.79051768794102,1.0042818751859424],[104.78217459997785,1.020000869804327],[104.78753883744747,1.0281154589122736]]]}},{"type":"Feature","properties":{"code":"2101142002","desa":"Mapur","kecamatan":"Bintan Pesisir","kecCode":"210114"},"geometry":{"type":"Polygon","coordinates":[[[104.73019287739942,0.9946143988238302],[104.7304528570138,0.9948788219881065],[104.7305335405905,0.9946502529950899],[104.73019287739942,0.9946143988238302]]]}},{"type":"Feature","properties":{"code":"2101142002","desa":"Mapur","kecamatan":"Bintan Pesisir","kecCode":"210114"},"geometry":{"type":"Polygon","coordinates":[[[104.73095011465612,0.9953028298493193],[104.73092632039345,0.9945842319651159],[104.73061223216881,0.9952028917876999],[104.73095011465612,0.9953028298493193]]]}},{"type":"Feature","properties":{"code":"2101142002","desa":"Mapur","kecamatan":"Bintan Pesisir","kecCode":"210114"},"geometry":{"type":"Polygon","coordinates":[[[104.84679993167157,1.0031654199270184],[104.84570453943302,1.0025320606855679],[104.8455865465819,1.003035308711471],[104.84679993167157,1.0031654199270184]]]}},{"type":"Feature","properties":{"code":"2101142002","desa":"Mapur","kecamatan":"Bintan Pesisir","kecCode":"210114"},"geometry":{"type":"Polygon","coordinates":[[[104.82456273268399,1.0172384141845856],[104.82482671608018,1.0180300621998641],[104.82523121584802,1.0173967767028065],[104.82456273268399,1.0172384141845856]]]}},{"type":"Feature","properties":{"code":"2101142002","desa":"Mapur","kecamatan":"Bintan Pesisir","kecCode":"210114"},"geometry":{"type":"Polygon","coordinates":[[[104.81984897125307,1.0283775654229579],[104.8181917581432,1.028824178643178],[104.81939953056394,1.0289769194992509],[104.81984897125307,1.0283775654229579]]]}},{"type":"Feature","properties":{"code":"2101142002","desa":"Mapur","kecamatan":"Bintan Pesisir","kecCode":"210114"},"geometry":{"type":"Polygon","coordinates":[[[104.81748394133086,1.0288297931106536],[104.81746706195543,1.0292991169103995],[104.81771424061974,1.0292143135395344],[104.81748394133086,1.0288297931106536]]]}},{"type":"Feature","properties":{"code":"2101142002","desa":"Mapur","kecamatan":"Bintan Pesisir","kecCode":"210114"},"geometry":{"type":"Polygon","coordinates":[[[104.79319476822405,1.032024574421213],[104.79299251429313,1.0321435475332421],[104.79324235674943,1.0321792398265281],[104.79319476822405,1.032024574421213]]]}},{"type":"Feature","properties":{"code":"2101142002","desa":"Mapur","kecamatan":"Bintan Pesisir","kecCode":"210114"},"geometry":{"type":"Polygon","coordinates":[[[104.77529616498607,1.0330072923981717],[104.77530211310209,1.0333820578808024],[104.77553411121033,1.03324523862209],[104.77529616498607,1.0330072923981717]]]}},{"type":"Feature","properties":{"code":"2101142002","desa":"Mapur","kecamatan":"Bintan Pesisir","kecCode":"210114"},"geometry":{"type":"Polygon","coordinates":[[[104.79176600090028,1.037022633129092],[104.79180169319363,1.0366419186311056],[104.79143882484196,1.036909609032392],[104.79176600090028,1.037022633129092]]]}},{"type":"Feature","properties":{"code":"2101142002","desa":"Mapur","kecamatan":"Bintan Pesisir","kecCode":"210114"},"geometry":{"type":"Polygon","coordinates":[[[104.82903166537908,1.0474449113829527],[104.83076629213075,1.0471843606994045],[104.82919005217923,1.0464799604123294],[104.82903166537908,1.0474449113829527]]]}},{"type":"Feature","properties":{"code":"2101142002","desa":"Mapur","kecamatan":"Bintan Pesisir","kecCode":"210114"},"geometry":{"type":"Polygon","coordinates":[[[104.92672023395168,0.935863830904925],[104.92518113959795,0.9316681212453505],[104.92749562222525,0.9271106008372048],[104.91835024456822,0.9349476070013455],[104.92672023395168,0.935863830904925]]]}},{"type":"Feature","properties":{"code":"2101142002","desa":"Mapur","kecamatan":"Bintan Pesisir","kecCode":"210114"},"geometry":{"type":"Polygon","coordinates":[[[104.86248979636706,0.9485054381152224],[104.86307401665259,0.948392369951821],[104.86275944908935,0.9481322491441632],[104.86248979636706,0.9485054381152224]]]}},{"type":"Feature","properties":{"code":"2101142002","desa":"Mapur","kecamatan":"Bintan Pesisir","kecCode":"210114"},"geometry":{"type":"Polygon","coordinates":[[[104.86196169017988,0.9501339241792098],[104.8620291240449,0.9495119269724847],[104.86188307234595,0.9494666847784011],[104.86196169017988,0.9501339241792098]]]}},{"type":"Feature","properties":{"code":"2101142002","desa":"Mapur","kecamatan":"Bintan Pesisir","kecCode":"210114"},"geometry":{"type":"Polygon","coordinates":[[[104.85495328966266,0.9558762618115727],[104.85528495873392,0.9555240423326503],[104.85487024086899,0.9557470921862959],[104.85495328966266,0.9558762618115727]]]}},{"type":"Feature","properties":{"code":"2101142002","desa":"Mapur","kecamatan":"Bintan Pesisir","kecCode":"210114"},"geometry":{"type":"Polygon","coordinates":[[[104.85200705578107,0.9614086545111935],[104.8520969520128,0.9610354592448094],[104.85184977964366,0.9610919942259024],[104.85200705578107,0.9614086545111935]]]}},{"type":"Feature","properties":{"code":"2101142002","desa":"Mapur","kecamatan":"Bintan Pesisir","kecCode":"210114"},"geometry":{"type":"Polygon","coordinates":[[[104.84925447201636,0.9617930418403614],[104.85037799055185,0.9612841829441954],[104.85036676971072,0.9609675289541731],[104.84925447201636,0.9617930418403614]]]}},{"type":"Feature","properties":{"code":"2101142002","desa":"Mapur","kecamatan":"Bintan Pesisir","kecCode":"210114"},"geometry":{"type":"Polygon","coordinates":[[[104.84763663302425,0.9618947506670654],[104.84822086140372,0.9616572864796796],[104.84789505681145,0.9614310907975301],[104.84763663302425,0.9618947506670654]]]}},{"type":"Feature","properties":{"code":"2101142002","desa":"Mapur","kecamatan":"Bintan Pesisir","kecCode":"210114"},"geometry":{"type":"Polygon","coordinates":[[[104.86086154682299,0.9623553699287217],[104.86077263444957,0.9628235677772514],[104.86111040092429,0.9628827575569597],[104.86086154682299,0.9623553699287217]]]}},{"type":"Feature","properties":{"code":"2101142002","desa":"Mapur","kecamatan":"Bintan Pesisir","kecCode":"210114"},"geometry":{"type":"Polygon","coordinates":[[[104.85383981385637,0.9633100047761464],[104.85392161079373,0.9638354165939143],[104.85416338183465,0.9636289898089624],[104.85383981385637,0.9633100047761464]]]}},{"type":"Feature","properties":{"code":"2101142002","desa":"Mapur","kecamatan":"Bintan Pesisir","kecCode":"210114"},"geometry":{"type":"Polygon","coordinates":[[[104.85547164090354,0.9788575526398872],[104.85641136858987,0.9780924939801985],[104.85503367556372,0.9785093009697365],[104.85547164090354,0.9788575526398872]]]}},{"type":"Feature","properties":{"code":"2101142002","desa":"Mapur","kecamatan":"Bintan Pesisir","kecCode":"210114"},"geometry":{"type":"Polygon","coordinates":[[[104.85474394817469,0.9807328513438701],[104.85442364743345,0.9805742073378431],[104.85437026277748,0.9807239552501911],[104.85474394817469,0.9807328513438701]]]}},{"type":"Feature","properties":{"code":"2101142002","desa":"Mapur","kecamatan":"Bintan Pesisir","kecCode":"210114"},"geometry":{"type":"Polygon","coordinates":[[[104.85648175762708,0.9841408628105761],[104.85589007027055,0.9834981056537949],[104.85562294464323,0.9834635995662117],[104.85583167459218,0.9840374722516848],[104.85648175762708,0.9841408628105761]]]}},{"type":"Feature","properties":{"code":"2101142002","desa":"Mapur","kecamatan":"Bintan Pesisir","kecCode":"210114"},"geometry":{"type":"Polygon","coordinates":[[[104.85626194803051,0.9849105188045826],[104.85632431691374,0.9864902067550335],[104.85668751531666,0.9847412834827817],[104.85626194803051,0.9849105188045826]]]}},{"type":"Feature","properties":{"code":"2101142002","desa":"Mapur","kecamatan":"Bintan Pesisir","kecCode":"210114"},"geometry":{"type":"Polygon","coordinates":[[[104.85270635781222,1.0250262211376693],[104.85306914522495,1.0252802310519957],[104.85292524290571,1.0249847614920249],[104.85270635781222,1.0250262211376693]]]}},{"type":"Feature","properties":{"code":"2101142003","desa":"Numbing","kecamatan":"Bintan Pesisir","kecCode":"210114"},"geometry":{"type":"Polygon","coordinates":[[[104.7438881797957,0.7146901393392651],[104.74415247975321,0.7148707618767621],[104.74425705921595,0.7147357700404653],[104.7438881797957,0.7146901393392651]]]}},{"type":"Feature","properties":{"code":"2101142003","desa":"Numbing","kecamatan":"Bintan Pesisir","kecCode":"210114"},"geometry":{"type":"Polygon","coordinates":[[[104.7160174692309,0.7579860764487178],[104.74810330222567,0.7456216690710339],[104.7575402266002,0.7479399090631819],[104.76164156230833,0.7325598626283769],[104.74469661275856,0.7189717882134959],[104.73136301589052,0.719178821141494],[104.71398382419419,0.7400555517947368],[104.71658702607044,0.7452380623533637],[104.7160174692309,0.7579860764487178]]]}},{"type":"Feature","properties":{"code":"2101142003","desa":"Numbing","kecamatan":"Bintan Pesisir","kecCode":"210114"},"geometry":{"type":"Polygon","coordinates":[[[104.69263584157089,0.7625476339135004],[104.71502316528692,0.7590801538772004],[104.71267358122087,0.7408654722353248],[104.6970020869768,0.7373402665155896],[104.69263584157089,0.7625476339135004]]]}},{"type":"Feature","properties":{"code":"2101142003","desa":"Numbing","kecamatan":"Bintan Pesisir","kecCode":"210114"},"geometry":{"type":"Polygon","coordinates":[[[104.69308109411725,0.7693867550344416],[104.69331139340612,0.7694376620581507],[104.69337599980258,0.7693019588581234],[104.69308109411725,0.7693867550344416]]]}},{"type":"Feature","properties":{"code":"2101142003","desa":"Numbing","kecamatan":"Bintan Pesisir","kecCode":"210114"},"geometry":{"type":"Polygon","coordinates":[[[104.67844629875776,0.771685629925008],[104.67688759378744,0.7710324190487272],[104.67691278739528,0.7721520057470811],[104.67844629875776,0.771685629925008]]]}},{"type":"Feature","properties":{"code":"2101142003","desa":"Numbing","kecamatan":"Bintan Pesisir","kecCode":"210114"},"geometry":{"type":"Polygon","coordinates":[[[104.69978707781144,0.793421616027639],[104.74613266908744,0.7867807657400122],[104.75298551387043,0.7542493142110762],[104.73734749599019,0.7523640294351205],[104.72319598910366,0.7608576135372568],[104.70326051765879,0.764452532003964],[104.69472492891241,0.7694137364944559],[104.6928248961521,0.7699182615576751],[104.691801200565,0.7695153050269085],[104.68533783687172,0.7809948280755731],[104.69978707781144,0.793421616027639]]]}},{"type":"Feature","properties":{"code":"2101142003","desa":"Numbing","kecamatan":"Bintan Pesisir","kecCode":"210114"},"geometry":{"type":"Polygon","coordinates":[[[104.6772888461034,0.7759716297193028],[104.67703606016613,0.7761723440105935],[104.67737026622483,0.7763533127871102],[104.6772888461034,0.7759716297193028]]]}},{"type":"Feature","properties":{"code":"2101142003","desa":"Numbing","kecamatan":"Bintan Pesisir","kecCode":"210114"},"geometry":{"type":"Polygon","coordinates":[[[104.67707255555403,0.7763674258479427],[104.67694896442322,0.7765709783995867],[104.67704164585535,0.7765766387326061],[104.67707255555403,0.7763674258479427]]]}},{"type":"Feature","properties":{"code":"2101142003","desa":"Numbing","kecamatan":"Bintan Pesisir","kecCode":"210114"},"geometry":{"type":"Polygon","coordinates":[[[104.67670458265042,0.7770317982100954],[104.67698824501154,0.7770855380982146],[104.67693489542916,0.77690459000614],[104.67670458265042,0.7770317982100954]]]}},{"type":"Feature","properties":{"code":"2101142003","desa":"Numbing","kecamatan":"Bintan Pesisir","kecCode":"210114"},"geometry":{"type":"Polygon","coordinates":[[[104.74181375140357,0.7885714939975119],[104.7405553588428,0.7908558340452234],[104.74251020258383,0.7898607638800036],[104.74181375140357,0.7885714939975119]]]}},{"type":"Feature","properties":{"code":"2101142003","desa":"Numbing","kecamatan":"Bintan Pesisir","kecCode":"210114"},"geometry":{"type":"Polygon","coordinates":[[[104.64918838933276,0.7936044455014222],[104.64615120971062,0.790156381828092],[104.64145792494332,0.7920897992192143],[104.64918838933276,0.7936044455014222]]]}},{"type":"Feature","properties":{"code":"2101142003","desa":"Numbing","kecamatan":"Bintan Pesisir","kecCode":"210114"},"geometry":{"type":"Polygon","coordinates":[[[104.65150978235062,0.7923323904415774],[104.65084422018468,0.7914926466833189],[104.65059979794239,0.7924001660488436],[104.65150978235062,0.7923323904415774]]]}},{"type":"Feature","properties":{"code":"2101142003","desa":"Numbing","kecamatan":"Bintan Pesisir","kecCode":"210114"},"geometry":{"type":"Polygon","coordinates":[[[104.65129065264158,0.7930448333656663],[104.65209109962461,0.7930109738906892],[104.65127801986478,0.7929854601242751],[104.65129065264158,0.7930448333656663]]]}},{"type":"Feature","properties":{"code":"2101142003","desa":"Numbing","kecamatan":"Bintan Pesisir","kecCode":"210114"},"geometry":{"type":"Polygon","coordinates":[[[104.7000173672078,0.7936350899000963],[104.70014376062612,0.7935220091461961],[104.70003141731608,0.793524828520734],[104.7000173672078,0.7936350899000963]]]}},{"type":"Feature","properties":{"code":"2101142003","desa":"Numbing","kecamatan":"Bintan Pesisir","kecCode":"210114"},"geometry":{"type":"Polygon","coordinates":[[[104.74641106591802,0.8025625411309948],[104.7445447352514,0.7946799411378508],[104.73860872591204,0.7952648080352396],[104.74641106591802,0.8025625411309948]]]}},{"type":"Feature","properties":{"code":"2101142003","desa":"Numbing","kecamatan":"Bintan Pesisir","kecCode":"210114"},"geometry":{"type":"Polygon","coordinates":[[[104.70038062226797,0.7999568274511708],[104.69812251724044,0.7999227341524435],[104.6994874398935,0.800635299384356],[104.70038062226797,0.7999568274511708]]]}},{"type":"Feature","properties":{"code":"2101142003","desa":"Numbing","kecamatan":"Bintan Pesisir","kecCode":"210114"},"geometry":{"type":"Polygon","coordinates":[[[104.6759897933943,0.804429298973519],[104.67377420291716,0.7995521433227788],[104.6702522590346,0.7993016497576272],[104.6759897933943,0.804429298973519]]]}},{"type":"Feature","properties":{"code":"2101142003","desa":"Numbing","kecamatan":"Bintan Pesisir","kecCode":"210114"},"geometry":{"type":"Polygon","coordinates":[[[104.74242089181074,0.8034011724279024],[104.74277899015834,0.8033799897964294],[104.7426568307482,0.8031382520307242],[104.74242089181074,0.8034011724279024]]]}},{"type":"Feature","properties":{"code":"2101142003","desa":"Numbing","kecamatan":"Bintan Pesisir","kecCode":"210114"},"geometry":{"type":"Polygon","coordinates":[[[104.74060217125327,0.8057625169257049],[104.74070329642005,0.805519379814887],[104.74059096120396,0.8053780099866986],[104.74060217125327,0.8057625169257049]]]}},{"type":"Feature","properties":{"code":"2101142003","desa":"Numbing","kecamatan":"Bintan Pesisir","kecCode":"210114"},"geometry":{"type":"Polygon","coordinates":[[[104.7411881488141,0.8076468538162114],[104.74173610034079,0.8064948483568414],[104.7404595909374,0.8064523571888681],[104.7411881488141,0.8076468538162114]]]}},{"type":"Feature","properties":{"code":"2101142003","desa":"Numbing","kecamatan":"Bintan Pesisir","kecCode":"210114"},"geometry":{"type":"Polygon","coordinates":[[[104.75098838760408,0.7049538225725217],[104.75060291479275,0.7050751752906254],[104.75108832476643,0.7050894511287547],[104.75098838760408,0.7049538225725217]]]}},{"type":"Feature","properties":{"code":"2101142003","desa":"Numbing","kecamatan":"Bintan Pesisir","kecCode":"210114"},"geometry":{"type":"Polygon","coordinates":[[[104.75186164999518,0.705044242209579],[104.75163797960914,0.7053321565649924],[104.75195920755147,0.7052560145647417],[104.75186164999518,0.705044242209579]]]}},{"type":"Feature","properties":{"code":"2101142003","desa":"Numbing","kecamatan":"Bintan Pesisir","kecCode":"210114"},"geometry":{"type":"Polygon","coordinates":[[[104.78407535489377,0.7068748275207956],[104.78245913288275,0.7056247258113835],[104.78213588866036,0.7064470362117649],[104.78407535489377,0.7068748275207956]]]}},{"type":"Feature","properties":{"code":"2101142003","desa":"Numbing","kecamatan":"Bintan Pesisir","kecCode":"210114"},"geometry":{"type":"Polygon","coordinates":[[[104.7761517062363,0.710045469228977],[104.77621826685957,0.7099017278885711],[104.77607743122853,0.7099652577965112],[104.7761517062363,0.710045469228977]]]}},{"type":"Feature","properties":{"code":"2101142003","desa":"Numbing","kecamatan":"Bintan Pesisir","kecCode":"210114"},"geometry":{"type":"Polygon","coordinates":[[[104.78054081690522,0.7127927182122549],[104.78024101171337,0.7132363088110522],[104.78056109122146,0.7131714353159744],[104.78054081690522,0.7127927182122549]]]}},{"type":"Feature","properties":{"code":"2101142003","desa":"Numbing","kecamatan":"Bintan Pesisir","kecCode":"210114"},"geometry":{"type":"Polygon","coordinates":[[[104.75910909570825,0.7163425860404337],[104.75951352083239,0.7164500433336325],[104.75929446936429,0.7161729604129655],[104.75910909570825,0.7163425860404337]]]}},{"type":"Feature","properties":{"code":"2101142003","desa":"Numbing","kecamatan":"Bintan Pesisir","kecCode":"210114"},"geometry":{"type":"Polygon","coordinates":[[[104.77301786028607,0.71768858335891],[104.77384855057022,0.7172180139981001],[104.77333159687576,0.7168116139632261],[104.77301786028607,0.71768858335891]]]}},{"type":"Feature","properties":{"code":"2101142003","desa":"Numbing","kecamatan":"Bintan Pesisir","kecCode":"210114"},"geometry":{"type":"Polygon","coordinates":[[[104.78138406532241,0.7184592420969043],[104.78069411803914,0.7181576481538572],[104.78102398037248,0.718580449124865],[104.78138406532241,0.7184592420969043]]]}},{"type":"Feature","properties":{"code":"2101142003","desa":"Numbing","kecamatan":"Bintan Pesisir","kecCode":"210114"},"geometry":{"type":"Polygon","coordinates":[[[104.77965859366924,0.7239288414333741],[104.78114333569648,0.7225100880621883],[104.77823465930213,0.7217956441464989],[104.77965859366924,0.7239288414333741]]]}},{"type":"Feature","properties":{"code":"2101142003","desa":"Numbing","kecamatan":"Bintan Pesisir","kecCode":"210114"},"geometry":{"type":"Polygon","coordinates":[[[104.81142575459494,0.7425422123229466],[104.8106252500553,0.7428882453655549],[104.81155695488961,0.7426448807262324],[104.81142575459494,0.7425422123229466]]]}},{"type":"Feature","properties":{"code":"2101142003","desa":"Numbing","kecamatan":"Bintan Pesisir","kecCode":"210114"},"geometry":{"type":"Polygon","coordinates":[[[104.75058848696914,0.7526531911502499],[104.75066850324889,0.753149379498102],[104.75098026402804,0.7529755207617466],[104.75058848696914,0.7526531911502499]]]}},{"type":"Feature","properties":{"code":"2101142003","desa":"Numbing","kecamatan":"Bintan Pesisir","kecCode":"210114"},"geometry":{"type":"Polygon","coordinates":[[[104.79993464826548,0.7545776342067141],[104.79896892387676,0.7537721708061627],[104.79847461960804,0.7534014765544684],[104.79768281870719,0.7534243580052641],[104.79993464826548,0.7545776342067141]]]}},{"type":"Feature","properties":{"code":"2101142003","desa":"Numbing","kecamatan":"Bintan Pesisir","kecCode":"210114"},"geometry":{"type":"Polygon","coordinates":[[[104.77323894242329,0.7661178399097169],[104.77380065357738,0.7662026873473846],[104.77394109440603,0.7660047870348007],[104.77323894242329,0.7661178399097169]]]}},{"type":"Feature","properties":{"code":"2101142003","desa":"Numbing","kecamatan":"Bintan Pesisir","kecCode":"210114"},"geometry":{"type":"Polygon","coordinates":[[[104.77415450892352,0.7667229217681043],[104.77467128635084,0.7667681855459271],[104.77421631303247,0.7664288902241402],[104.77415450892352,0.7667229217681043]]]}},{"type":"Feature","properties":{"code":"2101142003","desa":"Numbing","kecamatan":"Bintan Pesisir","kecCode":"210114"},"geometry":{"type":"Polygon","coordinates":[[[104.8154888826059,0.7919701030523135],[104.81228041810687,0.7863195160536401],[104.80995688740052,0.787894282913901],[104.8154888826059,0.7919701030523135]]]}},{"type":"Feature","properties":{"code":"2101142003","desa":"Numbing","kecamatan":"Bintan Pesisir","kecCode":"210114"},"geometry":{"type":"Polygon","coordinates":[[[104.74648552168952,0.793946390226],[104.7466371932519,0.7938276545350502],[104.7464855279848,0.7938446094535646],[104.74648552168952,0.793946390226]]]}},{"type":"Feature","properties":{"code":"2101142003","desa":"Numbing","kecamatan":"Bintan Pesisir","kecCode":"210114"},"geometry":{"type":"Polygon","coordinates":[[[104.74688433414472,0.7940934311790171],[104.74651920309879,0.7943026251779353],[104.74700789379932,0.7943931284518846],[104.74688433414472,0.7940934311790171]]]}},{"type":"Feature","properties":{"code":"2101142003","desa":"Numbing","kecamatan":"Bintan Pesisir","kecCode":"210114"},"geometry":{"type":"Polygon","coordinates":[[[104.74718757294816,0.7955636212745631],[104.74768185923045,0.7960273207142381],[104.74728870261157,0.7952413213407421],[104.74718757294816,0.7955636212745631]]]}},{"type":"Feature","properties":{"code":"2101142003","desa":"Numbing","kecamatan":"Bintan Pesisir","kecCode":"210114"},"geometry":{"type":"Polygon","coordinates":[[[104.76653514318234,0.8112518015223561],[104.76587223671442,0.8125183734157638],[104.76775964119456,0.8122696838905954],[104.76653514318234,0.8112518015223561]]]}},{"type":"Feature","properties":{"code":"2101142004","desa":"Air Gelubi","kecamatan":"Bintan Pesisir","kecCode":"210114"},"geometry":{"type":"Polygon","coordinates":[[[104.65773473487019,0.8715184681284668],[104.65854969870968,0.8663842961297911],[104.6572485631707,0.8646817113252746],[104.65560250255349,0.8669546524660251],[104.65773473487019,0.8715184681284668]]]}},{"type":"Feature","properties":{"code":"2101142004","desa":"Air Gelubi","kecamatan":"Bintan Pesisir","kecCode":"210114"},"geometry":{"type":"Polygon","coordinates":[[[104.65488671415062,0.8722872122099042],[104.64940154844277,0.8713282723078153],[104.65387535816132,0.8750012573239863],[104.65488671415062,0.8722872122099042]]]}},{"type":"Feature","properties":{"code":"2101142004","desa":"Air Gelubi","kecamatan":"Bintan Pesisir","kecCode":"210114"},"geometry":{"type":"Polygon","coordinates":[[[104.65808262861047,0.8756773532483089],[104.6571277419518,0.8751457460009966],[104.6568692588093,0.8761182890483931],[104.65808262861047,0.8756773532483089]]]}},{"type":"Feature","properties":{"code":"2101142004","desa":"Air Gelubi","kecamatan":"Bintan Pesisir","kecCode":"210114"},"geometry":{"type":"Polygon","coordinates":[[[104.62731064127314,0.8961985962863206],[104.65765262676734,0.8940853972238171],[104.66158457516808,0.8803963199500111],[104.64408889968301,0.8727272486878968],[104.62780349943199,0.854049053765982],[104.6170883371571,0.8713590354169963],[104.62731064127314,0.8961985962863206]]]}},{"type":"Feature","properties":{"code":"2101142004","desa":"Air Gelubi","kecamatan":"Bintan Pesisir","kecCode":"210114"},"geometry":{"type":"Polygon","coordinates":[[[104.66265792322463,0.8909730837447545],[104.66749992618071,0.8921496550851533],[104.66557384096006,0.8849400420599577],[104.66265792322463,0.8909730837447545]]]}},{"type":"Feature","properties":{"code":"2101142004","desa":"Air Gelubi","kecamatan":"Bintan Pesisir","kecCode":"210114"},"geometry":{"type":"Polygon","coordinates":[[[104.62835096622416,0.8989340362718127],[104.63606923041073,0.8978109979755047],[104.63621686491643,0.8959832149518127],[104.62835096622416,0.8989340362718127]]]}},{"type":"Feature","properties":{"code":"2101151003","desa":"Teluk Lobam","kecamatan":"Seri Kuala Lobam","kecCode":"210115"},"geometry":{"type":"Polygon","coordinates":[[[104.2449751328961,1.044728289711279],[104.2554756593742,1.057688928719067],[104.2932520470444,1.055341700879424],[104.29028220775774,1.046668653465886],[104.29860568960095,1.0431393468376613],[104.2892526917584,1.0315573298540512],[104.29591240623262,1.0268531345169254],[104.29522594831894,1.001566016139299],[104.25963939634111,1.000020516815744],[104.24571734787735,1.0081889609250227],[104.24113314098172,1.0297965040545627],[104.24901391356131,1.0365922445779998],[104.2449751328961,1.044728289711279]]]}},{"type":"Feature","properties":{"code":"2101151005","desa":"Tanjung Permai","kecamatan":"Seri Kuala Lobam","kecCode":"210115"},"geometry":{"type":"Polygon","coordinates":[[[104.2182477969983,1.0468486329881364],[104.22476034281561,1.0415966471035427],[104.22402931000471,1.0371304222721196],[104.2182477969983,1.0468486329881364]]]}},{"type":"Feature","properties":{"code":"2101151005","desa":"Tanjung Permai","kecamatan":"Seri Kuala Lobam","kecCode":"210115"},"geometry":{"type":"Polygon","coordinates":[[[104.23365752377578,1.039663701856503],[104.24410416557485,1.0577073756129],[104.25009141378779,1.0546101257781175],[104.2464527765744,1.0403154810120416],[104.23365752377578,1.039663701856503]]]}},{"type":"Feature","properties":{"code":"2101152001","desa":"Busung","kecamatan":"Seri Kuala Lobam","kecCode":"210115"},"geometry":{"type":"Polygon","coordinates":[[[104.29522594831894,1.001566016139299],[104.29591240623262,1.0268531345169254],[104.28924634704134,1.031070332577486],[104.29604324140251,1.0410104950748924],[104.31716740525161,1.0371465192374065],[104.32508926965414,1.0214764468389632],[104.3389286389456,1.0255361835019172],[104.33158982301198,0.9950148741250279],[104.31849325865703,0.9929922295978706],[104.31278263561023,0.9994749323052269],[104.29522594831894,1.001566016139299]]]}},{"type":"Feature","properties":{"code":"2101152001","desa":"Busung","kecamatan":"Seri Kuala Lobam","kecCode":"210115"},"geometry":{"type":"Polygon","coordinates":[[[104.3297828314126,1.0296704496807665],[104.32728063059669,1.0283530660918137],[104.32626333818257,1.0310917238516386],[104.3297828314126,1.0296704496807665]]]}},{"type":"Feature","properties":{"code":"2101152001","desa":"Busung","kecamatan":"Seri Kuala Lobam","kecCode":"210115"},"geometry":{"type":"Polygon","coordinates":[[[104.32849102633985,1.031596549288433],[104.32697533414444,1.0327621884699894],[104.32809622755889,1.0338275982096858],[104.32849102633985,1.031596549288433]]]}},{"type":"Feature","properties":{"code":"2101152001","desa":"Busung","kecamatan":"Seri Kuala Lobam","kecCode":"210115"},"geometry":{"type":"Polygon","coordinates":[[[104.32682347912032,1.0355528837013213],[104.32434234312466,1.0332913468634297],[104.32248112330525,1.0343861581387255],[104.32682347912032,1.0355528837013213]]]}},{"type":"Feature","properties":{"code":"2101152002","desa":"Teluk Sasah","kecamatan":"Seri Kuala Lobam","kecCode":"210115"},"geometry":{"type":"Polygon","coordinates":[[[104.22637607559544,0.9838069463339252],[104.22812644677816,0.9808983517811721],[104.22569691568019,0.9816356375774278],[104.22637607559544,0.9838069463339252]]]}},{"type":"Feature","properties":{"code":"2101152002","desa":"Teluk Sasah","kecamatan":"Seri Kuala Lobam","kecCode":"210115"},"geometry":{"type":"Polygon","coordinates":[[[104.26052881595217,0.9835400662217688],[104.26069726256866,0.9838369432207511],[104.26082087528322,0.9836730022078247],[104.26052881595217,0.9835400662217688]]]}},{"type":"Feature","properties":{"code":"2101152002","desa":"Teluk Sasah","kecamatan":"Seri Kuala Lobam","kecCode":"210115"},"geometry":{"type":"Polygon","coordinates":[[[104.2609753248514,0.9837578478468667],[104.26097244702089,0.9840773023257385],[104.26120277418873,0.9839529638584622],[104.2609753248514,0.9837578478468667]]]}},{"type":"Feature","properties":{"code":"2101152002","desa":"Teluk Sasah","kecamatan":"Seri Kuala Lobam","kecCode":"210115"},"geometry":{"type":"Polygon","coordinates":[[[104.24194348140661,0.9970777857967893],[104.2625276922992,0.9871817413409225],[104.25998328180303,0.9831348119231984],[104.26216166372983,0.9785704908416937],[104.2586857246665,0.9739051048481665],[104.24187529570837,0.9757054369657946],[104.24259298797607,0.9814501218286579],[104.23209522061802,0.9793783329490361],[104.24194348140661,0.9970777857967893]]]}},{"type":"Feature","properties":{"code":"2101152002","desa":"Teluk Sasah","kecamatan":"Seri Kuala Lobam","kecCode":"210115"},"geometry":{"type":"Polygon","coordinates":[[[104.24508906710685,0.9969597776573564],[104.24385888088273,0.9971686937657018],[104.24532488643443,0.9973895411796289],[104.24508906710685,0.9969597776573564]]]}},{"type":"Feature","properties":{"code":"2101152002","desa":"Teluk Sasah","kecamatan":"Seri Kuala Lobam","kecCode":"210115"},"geometry":{"type":"Polygon","coordinates":[[[104.22558515782883,1.0225663037490529],[104.22573331933727,1.0227981219926687],[104.22580196189108,1.0226308130186803],[104.22558515782883,1.0225663037490529]]]}},{"type":"Feature","properties":{"code":"2101152002","desa":"Teluk Sasah","kecamatan":"Seri Kuala Lobam","kecCode":"210115"},"geometry":{"type":"Polygon","coordinates":[[[104.24704610069705,1.0397616865905954],[104.24113314098172,1.0297965040545627],[104.24433244678505,1.0106546546590442],[104.22569998776429,1.0216764830413827],[104.23634242366398,1.039088410940161],[104.24704610069705,1.0397616865905954]]]}},{"type":"Feature","properties":{"code":"2101152004","desa":"Kuala Sempang","kecamatan":"Seri Kuala Lobam","kecCode":"210115"},"geometry":{"type":"Polygon","coordinates":[[[104.29814820627475,1.040469306450552],[104.2866738354292,1.0716316471852623],[104.31001854591919,1.0747792851348668],[104.3129720274372,1.0910485407383943],[104.34875283837283,1.0960188751462983],[104.36069901874474,1.0859991343390434],[104.36312501190984,1.0583509997161553],[104.37564686361189,1.0486053048191164],[104.36248529625946,1.0189968217071383],[104.34337641598887,1.0197687116170406],[104.32211589693117,1.041908836858923],[104.30903846655205,1.0361806401664315],[104.30248706462639,1.043180528592739],[104.29814820627475,1.040469306450552]]]}},{"type":"Feature","properties":{"code":"2101091001","desa":"Teluk Sekuni","kecamatan":"Tambelan","kecCode":"210109"},"geometry":{"type":"Polygon","coordinates":[[[107.39435057441955,0.9702096421768265],[107.39889364992204,0.9712373037729416],[107.39883347808262,0.9675827170872043],[107.39435057441955,0.9702096421768265]]]}},{"type":"Feature","properties":{"code":"2101091001","desa":"Teluk Sekuni","kecamatan":"Tambelan","kecCode":"210109"},"geometry":{"type":"Polygon","coordinates":[[[107.3978289776253,0.9808520537829557],[107.39531861815976,0.9817650976837938],[107.39754579280418,0.9824027934561059],[107.3978289776253,0.9808520537829557]]]}},{"type":"Feature","properties":{"code":"2101091001","desa":"Teluk Sekuni","kecamatan":"Tambelan","kecCode":"210109"},"geometry":{"type":"Polygon","coordinates":[[[107.38745868197263,0.9944880494723989],[107.39465696984337,1.009432262860452],[107.39248410255937,0.9892913071424198],[107.38745868197263,0.9944880494723989]]]}},{"type":"Feature","properties":{"code":"2101091001","desa":"Teluk Sekuni","kecamatan":"Tambelan","kecCode":"210109"},"geometry":{"type":"Polygon","coordinates":[[[107.37712706166461,1.0051171016495655],[107.37713588761119,1.0054130505481296],[107.3772754003395,1.0052733768412878],[107.37712706166461,1.0051171016495655]]]}},{"type":"Feature","properties":{"code":"2101091001","desa":"Teluk Sekuni","kecamatan":"Tambelan","kecCode":"210109"},"geometry":{"type":"Polygon","coordinates":[[[107.37962040595703,1.0123922221918171],[107.38586649074601,1.0075381215609769],[107.37745756881179,1.0057663779918506],[107.37962040595703,1.0123922221918171]]]}},{"type":"Feature","properties":{"code":"2101091001","desa":"Teluk Sekuni","kecamatan":"Tambelan","kecCode":"210109"},"geometry":{"type":"Polygon","coordinates":[[[107.3673733007373,1.0226959401225604],[107.37331392809533,1.019238504614168],[107.36677768694072,1.0057929628508375],[107.3573726867002,1.0123242721160413],[107.3673733007373,1.0226959401225604]]]}},{"type":"Feature","properties":{"code":"2101091001","desa":"Teluk Sekuni","kecamatan":"Tambelan","kecCode":"210109"},"geometry":{"type":"Polygon","coordinates":[[[107.37749806798149,1.0328301142640741],[107.38298233166931,1.028770651894321],[107.38277025264512,1.027309015250741],[107.37749806798149,1.0328301142640741]]]}},{"type":"Feature","properties":{"code":"2101091001","desa":"Teluk Sekuni","kecamatan":"Tambelan","kecCode":"210109"},"geometry":{"type":"Polygon","coordinates":[[[107.41573636993756,0.9459549670906916],[107.41588912788102,0.9463894133828625],[107.41588990399596,0.9459622201230017],[107.41573636993756,0.9459549670906916]]]}},{"type":"Feature","properties":{"code":"2101091001","desa":"Teluk Sekuni","kecamatan":"Tambelan","kecCode":"210109"},"geometry":{"type":"Polygon","coordinates":[[[107.41739794386005,0.9673371590014418],[107.42221873180908,0.962487817582899],[107.42048475436798,0.9473125099055503],[107.41192518429989,0.9554160589360304],[107.41739794386005,0.9673371590014418]]]}},{"type":"Feature","properties":{"code":"2101091001","desa":"Teluk Sekuni","kecamatan":"Tambelan","kecCode":"210109"},"geometry":{"type":"Polygon","coordinates":[[[107.41512714490186,0.9908028084953958],[107.41478450320233,0.9801523407624059],[107.40428641028966,0.9788771461692981],[107.40056493292536,0.987738258909563],[107.41512714490186,0.9908028084953958]]]}},{"type":"Feature","properties":{"code":"2101091001","desa":"Teluk Sekuni","kecamatan":"Tambelan","kecCode":"210109"},"geometry":{"type":"Polygon","coordinates":[[[107.56929836212976,0.9998312985580932],[107.5745105710061,1.0065342398383303],[107.56573333442589,1.0002060640407437],[107.5676058803072,1.0070187810664104],[107.57888378975514,1.0134462330246035],[107.60062581842685,0.9993522395972431],[107.60279588612133,0.9906791040501534],[107.56929836212976,0.9998312985580932]]]}},{"type":"Feature","properties":{"code":"2101091001","desa":"Teluk Sekuni","kecamatan":"Tambelan","kecCode":"210109"},"geometry":{"type":"Polygon","coordinates":[[[107.42167110673626,1.0018053769968887],[107.42197123298608,1.0008910776424624],[107.42186991176709,1.0007476564606885],[107.42167110673626,1.0018053769968887]]]}},{"type":"Feature","properties":{"code":"2101091001","desa":"Teluk Sekuni","kecamatan":"Tambelan","kecCode":"210109"},"geometry":{"type":"Polygon","coordinates":[[[107.4068824967299,1.0039155930081642],[107.4089494589504,0.999494168803761],[107.40472591616816,0.9993395042977657],[107.4068824967299,1.0039155930081642]]]}},{"type":"Feature","properties":{"code":"2101092002","desa":"Batu Lepuk","kecamatan":"Tambelan","kecCode":"210109"},"geometry":{"type":"Polygon","coordinates":[[[107.42844603965305,0.9781033766762847],[107.43557966357064,0.9717216633380076],[107.43943415875945,0.9754787412605879],[107.44573996212961,0.9647308068029878],[107.46197129783717,0.9754761152401862],[107.4708908647217,0.9690043186113152],[107.47748435132183,0.9419807802358658],[107.46794747179841,0.9454250496694966],[107.4683008217256,0.9235030747747577],[107.45508053583814,0.9203086486964408],[107.4384730883624,0.9322939936307583],[107.44287033160059,0.9441044492056603],[107.4295965090717,0.9519959309033821],[107.42844603965305,0.9781033766762847]]]}},{"type":"Feature","properties":{"code":"2101092002","desa":"Batu Lepuk","kecamatan":"Tambelan","kecCode":"210109"},"geometry":{"type":"Polygon","coordinates":[[[107.46199441580971,0.9761037179212112],[107.46206141620144,0.9760627178291961],[107.46200641636307,0.9760667180136928],[107.46199441580971,0.9761037179212112]]]}},{"type":"Feature","properties":{"code":"2101092002","desa":"Batu Lepuk","kecamatan":"Tambelan","kecCode":"210109"},"geometry":{"type":"Polygon","coordinates":[[[107.51195817393062,1.0230963425787],[107.509364560626,1.0250356037645236],[107.51207044619416,1.0264853594645689],[107.51195817393062,1.0230963425787]]]}},{"type":"Feature","properties":{"code":"2101092002","desa":"Batu Lepuk","kecamatan":"Tambelan","kecCode":"210109"},"geometry":{"type":"Polygon","coordinates":[[[107.497776585621,1.0457311614952556],[107.51208529579979,1.0462481115918367],[107.5199585572417,1.0471141497280665],[107.50376108910301,1.0361171084598446],[107.497776585621,1.0457311614952556]]]}},{"type":"Feature","properties":{"code":"2101092002","desa":"Batu Lepuk","kecamatan":"Tambelan","kecCode":"210109"},"geometry":{"type":"Polygon","coordinates":[[[107.48460642794436,1.0513742130745767],[107.49425752226688,1.052730504932388],[107.49381494160632,1.0451352662115572],[107.48460642794436,1.0513742130745767]]]}},{"type":"Feature","properties":{"code":"2101092002","desa":"Batu Lepuk","kecamatan":"Tambelan","kecCode":"210109"},"geometry":{"type":"Polygon","coordinates":[[[107.44239673961788,1.0898612629690732],[107.44500243441489,1.0871270019947974],[107.44112796528343,1.08558086774978],[107.44239673961788,1.0898612629690732]]]}},{"type":"Feature","properties":{"code":"2101092002","desa":"Batu Lepuk","kecamatan":"Tambelan","kecCode":"210109"},"geometry":{"type":"Polygon","coordinates":[[[107.43480677091581,1.092721825630751],[107.43830116496684,1.087367843136393],[107.43479288718208,1.0844690269121968],[107.43040135463887,1.0860948320971733],[107.43480677091581,1.092721825630751]]]}},{"type":"Feature","properties":{"code":"2101092002","desa":"Batu Lepuk","kecamatan":"Tambelan","kecCode":"210109"},"geometry":{"type":"Polygon","coordinates":[[[107.56589901742575,1.0015199186899468],[107.56084766488787,1.0032174699889858],[107.54905571734751,1.0219632444660502],[107.57419030443906,1.0135027455225627],[107.56589901742575,1.0015199186899468]]]}},{"type":"Feature","properties":{"code":"2101092002","desa":"Batu Lepuk","kecamatan":"Tambelan","kecCode":"210109"},"geometry":{"type":"Polygon","coordinates":[[[107.56946199197738,1.0168736851359745],[107.56986352578116,1.0173822949199085],[107.56988732094317,1.0170759390666193],[107.56946199197738,1.0168736851359745]]]}},{"type":"Feature","properties":{"code":"2101092002","desa":"Batu Lepuk","kecamatan":"Tambelan","kecCode":"210109"},"geometry":{"type":"Polygon","coordinates":[[[107.5727260390755,1.0213726956519187],[107.57199850822462,1.0203236760564898],[107.57164943277519,1.0210174049882],[107.5727260390755,1.0213726956519187]]]}},{"type":"Feature","properties":{"code":"2101092002","desa":"Batu Lepuk","kecamatan":"Tambelan","kecCode":"210109"},"geometry":{"type":"Polygon","coordinates":[[[107.57165951957126,1.0216170711291443],[107.5711365593048,1.0219818379492611],[107.57172666475385,1.0219247309994501],[107.57165951957126,1.0216170711291443]]]}},{"type":"Feature","properties":{"code":"2101092002","desa":"Batu Lepuk","kecamatan":"Tambelan","kecCode":"210109"},"geometry":{"type":"Polygon","coordinates":[[[107.57209493263507,1.0223457126419226],[107.57226918167743,1.022200749122848],[107.57202335289549,1.022082495468521],[107.57209493263507,1.0223457126419226]]]}},{"type":"Feature","properties":{"code":"2101092002","desa":"Batu Lepuk","kecamatan":"Tambelan","kecCode":"210109"},"geometry":{"type":"Polygon","coordinates":[[[107.51433198483328,1.0222932821667572],[107.51410682696854,1.0229155042039753],[107.51425111869423,1.0230158811346979],[107.51433198483328,1.0222932821667572]]]}},{"type":"Feature","properties":{"code":"2101092002","desa":"Batu Lepuk","kecamatan":"Tambelan","kecCode":"210109"},"geometry":{"type":"Polygon","coordinates":[[[107.51603130060407,1.025448574246252],[107.51620182915116,1.0255457846640805],[107.51614191002119,1.0253993192772257],[107.51603130060407,1.025448574246252]]]}},{"type":"Feature","properties":{"code":"2101092003","desa":"Kampung Hilir","kecamatan":"Tambelan","kecCode":"210109"},"geometry":{"type":"Polygon","coordinates":[[[107.53355178658575,0.98973148391462],[107.5334851621106,0.9855483917433668],[107.53068215695605,0.9877089419101889],[107.53355178658575,0.98973148391462]]]}},{"type":"Feature","properties":{"code":"2101092003","desa":"Kampung Hilir","kecamatan":"Tambelan","kecCode":"210109"},"geometry":{"type":"Polygon","coordinates":[[[107.52163425231895,0.9933807169362425],[107.52717199958818,0.9912299990573293],[107.52161521636918,0.9910773984954705],[107.52163425231895,0.9933807169362425]]]}},{"type":"Feature","properties":{"code":"2101092003","desa":"Kampung Hilir","kecamatan":"Tambelan","kecCode":"210109"},"geometry":{"type":"Polygon","coordinates":[[[107.54905571734751,1.0219632444660502],[107.56336205241682,0.9933182868992214],[107.53631819472893,1.012838102464473],[107.53208990532492,1.0254666758004358],[107.54905571734751,1.0219632444660502]]]}},{"type":"Feature","properties":{"code":"2101092003","desa":"Kampung Hilir","kecamatan":"Tambelan","kecCode":"210109"},"geometry":{"type":"Polygon","coordinates":[[[107.41822789310282,1.0927684986462294],[107.41803480776024,1.0930972701014796],[107.4183152703335,1.09296894583889],[107.41822789310282,1.0927684986462294]]]}},{"type":"Feature","properties":{"code":"2101092003","desa":"Kampung Hilir","kecamatan":"Tambelan","kecCode":"210109"},"geometry":{"type":"Polygon","coordinates":[[[107.40407610562784,1.1122530140226086],[107.41743855274706,1.0979944014935374],[107.38866293174895,1.0889643627983046],[107.39306493509872,1.1012304841689966],[107.40407610562784,1.1122530140226086]]]}},{"type":"Feature","properties":{"code":"2101092003","desa":"Kampung Hilir","kecamatan":"Tambelan","kecCode":"210109"},"geometry":{"type":"Polygon","coordinates":[[[107.42084633219251,1.1001668649795586],[107.42126511679174,1.1008616677016934],[107.42097006361757,1.100062168605016],[107.42084633219251,1.1001668649795586]]]}},{"type":"Feature","properties":{"code":"2101092003","desa":"Kampung Hilir","kecamatan":"Tambelan","kecCode":"210109"},"geometry":{"type":"Polygon","coordinates":[[[107.22003529069616,1.1814670590376728],[107.22048262877036,1.1804676847171252],[107.2196640946223,1.180401059342715],[107.22003529069616,1.1814670590376728]]]}},{"type":"Feature","properties":{"code":"2101092003","desa":"Kampung Hilir","kecamatan":"Tambelan","kecCode":"210109"},"geometry":{"type":"Polygon","coordinates":[[[107.22381577437852,1.1829844635405373],[107.22337319371798,1.1834555976756223],[107.22380149674171,1.183587657721941],[107.22381577437852,1.1829844635405373]]]}},{"type":"Feature","properties":{"code":"2101092003","desa":"Kampung Hilir","kecamatan":"Tambelan","kecCode":"210109"},"geometry":{"type":"Polygon","coordinates":[[[107.22168187831606,1.1842653049768188],[107.2223744462238,1.18309981238472],[107.22132971729269,1.1837227880538033],[107.22168187831606,1.1842653049768188]]]}},{"type":"Feature","properties":{"code":"2101092004","desa":"Kampung Melayu","kecamatan":"Tambelan","kecCode":"210109"},"geometry":{"type":"Polygon","coordinates":[[[107.46940766683043,0.904134937066977],[107.46870102543203,0.9061347424114894],[107.46911936486684,0.9064214381855057],[107.46940766683043,0.904134937066977]]]}},{"type":"Feature","properties":{"code":"2101092004","desa":"Kampung Melayu","kecamatan":"Tambelan","kecCode":"210109"},"geometry":{"type":"Polygon","coordinates":[[[107.50063479116271,0.9240082320613366],[107.49782136826161,0.9256900578151435],[107.49961270895943,0.9282584541267656],[107.50063479116271,0.9240082320613366]]]}},{"type":"Feature","properties":{"code":"2101092004","desa":"Kampung Melayu","kecamatan":"Tambelan","kecCode":"210109"},"geometry":{"type":"Polygon","coordinates":[[[107.50770340668691,0.9482899695464547],[107.50905613093573,0.9398916632190865],[107.50297422817816,0.9420831455676277],[107.5022960817988,0.9294618900152098],[107.4956645241985,0.9420795770578061],[107.49898744091773,0.9507241591299532],[107.50770340668691,0.9482899695464547]]]}},{"type":"Feature","properties":{"code":"2101092004","desa":"Kampung Melayu","kecamatan":"Tambelan","kecCode":"210109"},"geometry":{"type":"Polygon","coordinates":[[[107.48135454507627,0.9660696500144977],[107.4866476560645,0.9536952628600855],[107.48124746909546,0.9439977698260062],[107.48338898421429,0.949762014044095],[107.47596348083003,0.9531270280245436],[107.48135454507627,0.9660696500144977]]]}},{"type":"Feature","properties":{"code":"2101092004","desa":"Kampung Melayu","kecamatan":"Tambelan","kecCode":"210109"},"geometry":{"type":"Polygon","coordinates":[[[107.48965423625407,0.9701176253437845],[107.49367120116506,0.9612105482538117],[107.48899491898037,0.9536975165611036],[107.48965423625407,0.9701176253437845]]]}},{"type":"Feature","properties":{"code":"2101092004","desa":"Kampung Melayu","kecamatan":"Tambelan","kecCode":"210109"},"geometry":{"type":"Polygon","coordinates":[[[107.49396212105513,0.9649856656773537],[107.493469572263,0.9656090847121842],[107.49390115331562,0.9656946579027085],[107.49396212105513,0.9649856656773537]]]}},{"type":"Feature","properties":{"code":"2101092004","desa":"Kampung Melayu","kecamatan":"Tambelan","kecCode":"210109"},"geometry":{"type":"Polygon","coordinates":[[[107.5220557501728,0.8800546027538432],[107.51795712771934,0.8760035706289838],[107.52096119790104,0.8841353790560971],[107.5220557501728,0.8800546027538432]]]}},{"type":"Feature","properties":{"code":"2101092004","desa":"Kampung Melayu","kecamatan":"Tambelan","kecCode":"210109"},"geometry":{"type":"Polygon","coordinates":[[[107.54764843932405,0.8868376538432113],[107.54645276008686,0.8710737236995754],[107.54341894662714,0.8675402253312252],[107.54158081420324,0.8951598181703883],[107.54764843932405,0.8868376538432113]]]}},{"type":"Feature","properties":{"code":"2101092004","desa":"Kampung Melayu","kecamatan":"Tambelan","kecCode":"210109"},"geometry":{"type":"Polygon","coordinates":[[[107.51907971095993,0.9474383313548962],[107.5196435463127,0.9439351293476296],[107.51871198716854,0.9441100187070719],[107.51907971095993,0.9474383313548962]]]}},{"type":"Feature","properties":{"code":"2101092004","desa":"Kampung Melayu","kecamatan":"Tambelan","kecCode":"210109"},"geometry":{"type":"Polygon","coordinates":[[[107.59684935291533,0.9897952080760734],[107.58702243933418,0.9851884983493926],[107.58541392361376,0.9743405349986279],[107.57893465091348,0.9785557509534039],[107.56966903030154,0.9691473620778651],[107.56166505060166,0.9509785845310632],[107.55298841038687,0.9471001997557983],[107.5542614214275,0.9527276256144844],[107.55217939286473,0.9544289396769844],[107.54759893074612,0.9497770938761477],[107.55680143333954,0.9652601099871886],[107.55360819616139,0.9712087619892245],[107.57817850993035,0.9907179628564247],[107.56954106666696,0.9886621090641],[107.5668332403618,0.9983036849513531],[107.59684935291533,0.9897952080760734]]]}},{"type":"Feature","properties":{"code":"2101092004","desa":"Kampung Melayu","kecamatan":"Tambelan","kecCode":"210109"},"geometry":{"type":"Polygon","coordinates":[[[107.60225521820382,0.9857425688627109],[107.60195697783233,0.9859736685479283],[107.60226640397143,0.9860564466456051],[107.60225521820382,0.9857425688627109]]]}},{"type":"Feature","properties":{"code":"2101092004","desa":"Kampung Melayu","kecamatan":"Tambelan","kecCode":"210109"},"geometry":{"type":"Polygon","coordinates":[[[107.56337911165672,1.0023704201384755],[107.56385873179511,0.9992397595903916],[107.56084766488787,1.0032174699889858],[107.56337911165672,1.0023704201384755]]]}},{"type":"Feature","properties":{"code":"2101092005","desa":"Pulau Mentebung","kecamatan":"Tambelan","kecCode":"210109"},"geometry":{"type":"Polygon","coordinates":[[[107.14887397505396,0.5155026495510294],[107.14998756327549,0.5142367755315596],[107.14839808260547,0.5136466691838852],[107.14887397505396,0.5155026495510294]]]}},{"type":"Feature","properties":{"code":"2101092005","desa":"Pulau Mentebung","kecamatan":"Tambelan","kecCode":"210109"},"geometry":{"type":"Polygon","coordinates":[[[107.15121536539685,0.5179011450425015],[107.15090127627292,0.5186054661892202],[107.1511011505977,0.5187006441392633],[107.15121536539685,0.5179011450425015]]]}},{"type":"Feature","properties":{"code":"2101092005","desa":"Pulau Mentebung","kecamatan":"Tambelan","kecCode":"210109"},"geometry":{"type":"Polygon","coordinates":[[[107.18082262906113,0.5689672866745545],[107.1842014629272,0.5663260839482075],[107.17893690631324,0.5657550144496003],[107.18082262906113,0.5689672866745545]]]}},{"type":"Feature","properties":{"code":"2101092005","desa":"Pulau Mentebung","kecamatan":"Tambelan","kecCode":"210109"},"geometry":{"type":"Polygon","coordinates":[[[107.18817497169766,0.5677478464509252],[107.19146933584125,0.5665771512808322],[107.18972043235215,0.5655385161570406],[107.18817497169766,0.5677478464509252]]]}},{"type":"Feature","properties":{"code":"2101092005","desa":"Pulau Mentebung","kecamatan":"Tambelan","kecCode":"210109"},"geometry":{"type":"Polygon","coordinates":[[[107.171652241258,0.5818174241840761],[107.1742886838757,0.5796759090675865],[107.1718336282194,0.5756604559214543],[107.171652241258,0.5818174241840761]]]}},{"type":"Feature","properties":{"code":"2101092005","desa":"Pulau Mentebung","kecamatan":"Tambelan","kecCode":"210109"},"geometry":{"type":"Polygon","coordinates":[[[107.10541146726545,0.5827069670011871],[107.10722461562358,0.5805975756682095],[107.10462624490532,0.5806618214364501],[107.10541146726545,0.5827069670011871]]]}},{"type":"Feature","properties":{"code":"2101092005","desa":"Pulau Mentebung","kecamatan":"Tambelan","kecCode":"210109"},"geometry":{"type":"Polygon","coordinates":[[[107.14178647106881,0.5832441707295644],[107.14234442035875,0.5839815446593954],[107.14253477715829,0.5835353954894351],[107.14178647106881,0.5832441707295644]]]}},{"type":"Feature","properties":{"code":"2101092005","desa":"Pulau Mentebung","kecamatan":"Tambelan","kecCode":"210109"},"geometry":{"type":"Polygon","coordinates":[[[107.13299679596543,0.5894485044856442],[107.13464576319147,0.579547567717853],[107.12361696055432,0.5805398023206949],[107.13299679596543,0.5894485044856442]]]}},{"type":"Feature","properties":{"code":"2101092005","desa":"Pulau Mentebung","kecamatan":"Tambelan","kecCode":"210109"},"geometry":{"type":"Polygon","coordinates":[[[107.09514210972065,0.606423253052429],[107.08792520498429,0.595411108569828],[107.07982313982609,0.5994621406947616],[107.08724110958956,0.5992301434861218],[107.09514210972065,0.606423253052429]]]}},{"type":"Feature","properties":{"code":"2101092005","desa":"Pulau Mentebung","kecamatan":"Tambelan","kecCode":"210109"},"geometry":{"type":"Polygon","coordinates":[[[107.32514703340894,0.7439318915117279],[107.3218978790839,0.7465159854895814],[107.32442962532703,0.7477116647254889],[107.32514703340894,0.7439318915117279]]]}},{"type":"Feature","properties":{"code":"2101092006","desa":"Pulau Pinang","kecamatan":"Tambelan","kecCode":"210109"},"geometry":{"type":"Polygon","coordinates":[[[106.97656969503544,0.553764150375846],[106.97864660735512,0.556383342195207],[106.97861900626218,0.5526398557266237],[106.97656969503544,0.553764150375846]]]}},{"type":"Feature","properties":{"code":"2101092006","desa":"Pulau Pinang","kecamatan":"Tambelan","kecCode":"210109"},"geometry":{"type":"Polygon","coordinates":[[[106.97654080071742,0.5947887597282804],[106.97733221401052,0.5942040304271317],[106.9765636443967,0.5938293602725928],[106.97654080071742,0.5947887597282804]]]}},{"type":"Feature","properties":{"code":"2101092006","desa":"Pulau Pinang","kecamatan":"Tambelan","kecCode":"210109"},"geometry":{"type":"Polygon","coordinates":[[[106.9745941444043,0.6095171861875438],[106.98668656533277,0.6011557601578594],[106.97378036856922,0.6036256411353115],[106.9745941444043,0.6095171861875438]]]}},{"type":"Feature","properties":{"code":"2101092006","desa":"Pulau Pinang","kecamatan":"Tambelan","kecCode":"210109"},"geometry":{"type":"Polygon","coordinates":[[[106.99196137421806,0.604846740608102],[106.99108811182695,0.6060245745966515],[106.99179243207516,0.6064671534580666],[106.99196137421806,0.604846740608102]]]}},{"type":"Feature","properties":{"code":"2101092006","desa":"Pulau Pinang","kecamatan":"Tambelan","kecCode":"210109"},"geometry":{"type":"Polygon","coordinates":[[[106.99143024900683,0.6090952386730816],[106.99132436282912,0.6086824021903743],[106.99126725587922,0.6090262345919422],[106.99143024900683,0.6090952386730816]]]}},{"type":"Feature","properties":{"code":"2101092006","desa":"Pulau Pinang","kecamatan":"Tambelan","kecCode":"210109"},"geometry":{"type":"Polygon","coordinates":[[[106.97758583092144,0.6179993003362405],[106.97872797171857,0.6171331776637956],[106.97808313802648,0.6167810166407968],[106.97758583092144,0.6179993003362405]]]}},{"type":"Feature","properties":{"code":"2101092006","desa":"Pulau Pinang","kecamatan":"Tambelan","kecCode":"210109"},"geometry":{"type":"Polygon","coordinates":[[[107.03319235914012,0.6198538103118502],[107.0351375684441,0.6195296092112021],[107.03205319240094,0.6170847122994404],[107.03319235914012,0.6198538103118502]]]}},{"type":"Feature","properties":{"code":"2101092006","desa":"Pulau Pinang","kecamatan":"Tambelan","kecCode":"210109"},"geometry":{"type":"Polygon","coordinates":[[[107.02103420496462,0.6363886851779336],[107.02047741220287,0.6225687754323573],[107.01478812017564,0.6226187444631461],[107.01376019327836,0.6480742186255067],[107.02103420496462,0.6363886851779336]]]}},{"type":"Feature","properties":{"code":"2101092006","desa":"Pulau Pinang","kecamatan":"Tambelan","kecCode":"210109"},"geometry":{"type":"Polygon","coordinates":[[[106.74384073116488,0.9205597762835653],[106.74413578433904,0.9209190752256806],[106.74415243978329,0.9206311599709167],[106.74384073116488,0.9205597762835653]]]}},{"type":"Feature","properties":{"code":"2101092006","desa":"Pulau Pinang","kecamatan":"Tambelan","kecCode":"210109"},"geometry":{"type":"Polygon","coordinates":[[[106.7348658011159,0.9259201466624557],[106.743813764094,0.9202653580311189],[106.74326410835197,0.9193480747261656],[106.7348658011159,0.9259201466624557]]]}},{"type":"Feature","properties":{"code":"2101092007","desa":"Kukup","kecamatan":"Tambelan","kecCode":"210109"},"geometry":{"type":"Polygon","coordinates":[[[107.53207205917823,1.0136597896346984],[107.56351508195553,0.9921771668338244],[107.54522452988822,0.9724023161270907],[107.54732678420379,0.9827065718524052],[107.54305416002154,0.9777476579352025],[107.54274751098887,0.983281210760248],[107.55486491598315,0.9931250414775145],[107.53832528278565,0.9851835898496348],[107.53558057438408,1.0017089471906262],[107.53544137641846,0.9962599809998246],[107.52940944179238,0.9927157735046451],[107.53207205917823,1.0136597896346984]]]}},{"type":"Feature","properties":{"code":"2101092007","desa":"Kukup","kecamatan":"Tambelan","kecCode":"210109"},"geometry":{"type":"Polygon","coordinates":[[[106.88933560675292,1.1936774404280504],[106.89348085815516,1.1871791111008019],[106.88696884743443,1.1892175333340087],[106.88933560675292,1.1936774404280504]]]}},{"type":"Feature","properties":{"code":"2101092007","desa":"Kukup","kecamatan":"Tambelan","kecCode":"210109"},"geometry":{"type":"Polygon","coordinates":[[[107.04503919140564,1.3200547724356442],[107.0439636750836,1.3135588433989847],[107.0410559726551,1.3141727449086427],[107.04503919140564,1.3200547724356442]]]}},{"type":"Feature","properties":{"code":"2101092007","desa":"Kukup","kecamatan":"Tambelan","kecCode":"210109"},"geometry":{"type":"Polygon","coordinates":[[[107.04723908511572,1.3194713165745093],[107.0470956027799,1.3196412093006644],[107.04722266709244,1.319658341385655],[107.04723908511572,1.3194713165745093]]]}},{"type":"Feature","properties":{"code":"2101092007","desa":"Kukup","kecamatan":"Tambelan","kecCode":"210109"},"geometry":{"type":"Polygon","coordinates":[[[106.44402843016796,1.5306162192549564],[106.44462876990188,1.5310858695085734],[106.44481377033928,1.5307698693256842],[106.44402843016796,1.5306162192549564]]]}},{"type":"Feature","properties":{"code":"2101092007","desa":"Kukup","kecamatan":"Tambelan","kecCode":"210109"},"geometry":{"type":"Polygon","coordinates":[[[106.3216112095897,1.5848421891473565],[106.32258700009002,1.5807939979807488],[106.31989799839396,1.5818726214592795],[106.3216112095897,1.5848421891473565]]]}},{"type":"Feature","properties":{"code":"2101092008","desa":"Pengikik","kecamatan":"Tambelan","kecCode":"210109"},"geometry":{"type":"Polygon","coordinates":[[[107.24162359735118,0.14584067204626458],[107.24988825813665,0.14146067960844344],[107.22841302773912,0.12225426518544052],[107.23187216926526,0.10011754477690728],[107.22090919880054,0.09983617298934451],[107.20544270321822,0.12720473356930917],[107.21075758589393,0.13265643549770972],[107.22079891134075,0.1279332060095578],[107.24162359735118,0.14584067204626458]]]}},{"type":"Feature","properties":{"code":"2101092008","desa":"Pengikik","kecamatan":"Tambelan","kecCode":"210109"},"geometry":{"type":"Polygon","coordinates":[[[108.03097741687434,0.24099162709234656],[108.02825293422558,0.24062281062505206],[108.02728925219729,0.2449772245452405],[108.03097741687434,0.24099162709234656]]]}},{"type":"Feature","properties":{"code":"2101092008","desa":"Pengikik","kecamatan":"Tambelan","kecCode":"210109"},"geometry":{"type":"Polygon","coordinates":[[[108.0397512827955,0.24895330357356063],[108.0413214028605,0.24032478788979997],[108.03579186010631,0.24369945339445354],[108.0397512827955,0.24895330357356063]]]}}]}