{"type":"FeatureCollection","features":[{"type":"Feature","properties":{"code":"1104012003","desa":"Delung Sekinel","kecamatan":"Linge","kecCode":"110401"},"geometry":{"type":"Polygon","coordinates":[[[97.34653180120169,4.438131455245036],[97.36420474655188,4.402561385179577],[97.34780080126602,4.408346512555221],[97.3353509393944,4.398457252584221],[97.31904921285093,4.401255748535116],[97.28855852625503,4.382598802793165],[97.25550816586922,4.395657309624141],[97.24845703406491,4.3912972380686535],[97.2456321699887,4.397159531772423],[97.23231975305426,4.3849736173368035],[97.22013469476042,4.405525850114556],[97.24073515370446,4.408397730744323],[97.27365963598344,4.4275395909330095],[97.29429601474938,4.425319079367974],[97.30440567158455,4.416506212556861],[97.31239814895547,4.4298762976042045],[97.34653180120169,4.438131455245036]]]}},{"type":"Feature","properties":{"code":"1104012005","desa":"Gelampang Gading","kecamatan":"Linge","kecCode":"110401"},"geometry":{"type":"Polygon","coordinates":[[[96.84526478873907,4.4594899410281865],[96.83071700998208,4.474688777669272],[96.86248870978619,4.484326100663257],[96.87266419069988,4.464697341224101],[96.84526478873907,4.4594899410281865]]]}},{"type":"Feature","properties":{"code":"1104012006","desa":"Gewat","kecamatan":"Linge","kecCode":"110401"},"geometry":{"type":"Polygon","coordinates":[[[96.99681444443115,4.460544169496968],[96.99774405834167,4.448912166394625],[96.98446659895444,4.441654252580567],[97.01048353338842,4.425308715580747],[97.00619622957241,4.397035394753204],[96.9941808400738,4.395528260507953],[96.99363072657682,4.3858497647521375],[96.97398700059966,4.390719325628545],[96.95629154971532,4.386107067084468],[96.95441542543158,4.397980289043716],[96.95954815132619,4.399110963483574],[96.94040228373846,4.431436999967132],[96.96047198259599,4.433633201058645],[96.97184324257165,4.450278936253789],[96.99681444443115,4.460544169496968]]]}},{"type":"Feature","properties":{"code":"1104012008","desa":"Jamat","kecamatan":"Linge","kecCode":"110401"},"geometry":{"type":"Polygon","coordinates":[[[97.18729371723133,4.431508699316543],[97.18742762268668,4.431445378051335],[97.18729817696936,4.43143728685088],[97.18729371723133,4.431508699316543]]]}},{"type":"Feature","properties":{"code":"1104012008","desa":"Jamat","kecamatan":"Linge","kecCode":"110401"},"geometry":{"type":"Polygon","coordinates":[[[97.25186824442397,4.417223867951581],[97.24073515370446,4.408397730744323],[97.22013469476042,4.405525850114556],[97.17828482788256,4.448105211918099],[97.18884229493602,4.462518483558199],[97.2076110713939,4.454049651496126],[97.20973396604971,4.445149823840516],[97.21834660960843,4.453483878104972],[97.22744155868104,4.451779962303685],[97.23172759805026,4.459552259549291],[97.24750557742051,4.443021305726084],[97.25186824442397,4.417223867951581]]]}},{"type":"Feature","properties":{"code":"1104012009","desa":"Kemerleng","kecamatan":"Linge","kecCode":"110401"},"geometry":{"type":"Polygon","coordinates":[[[96.97184324257165,4.450278936253789],[96.96047198259599,4.433633201058645],[96.94186749339018,4.432873043704054],[96.93873121567309,4.441041854737319],[96.94714770000637,4.473110451292271],[96.93394495809336,4.504211402507693],[96.9423419154471,4.510777928325381],[96.94239925981803,4.5194769634487],[96.92306523607186,4.54674986944007],[96.9327606238038,4.553450750373978],[96.96475805793806,4.550517544973936],[96.97601904124582,4.531341681418676],[96.97421144170471,4.514087713140623],[96.98295959960592,4.501258854489136],[96.96930400227797,4.478328741378841],[96.97184324257165,4.450278936253789]]]}},{"type":"Feature","properties":{"code":"1104012010","desa":"Kute Baru","kecamatan":"Linge","kecCode":"110401"},"geometry":{"type":"Polygon","coordinates":[[[96.876186121992,4.594377821059115],[96.8827987065951,4.579022889989864],[96.87731938468193,4.573459575000667],[96.88325789593523,4.565651715863385],[96.87839183881238,4.553114713295868],[96.88309644694351,4.538068745214601],[96.87834625397647,4.535637475729615],[96.88614959942451,4.531889351457026],[96.90818588626966,4.537570638612802],[96.90880187780448,4.493728721287886],[96.89035253963804,4.4876037131316835],[96.89326992236909,4.474129160137582],[96.88639598039025,4.459105639134565],[96.85868842662966,4.513456573425951],[96.87163669187987,4.542241725409089],[96.87021853295896,4.561092767331519],[96.86045322473662,4.569297148350307],[96.8617339456651,4.591254434227514],[96.876186121992,4.594377821059115]]]}},{"type":"Feature","properties":{"code":"1104012011","desa":"Kute Keramil","kecamatan":"Linge","kecCode":"110401"},"geometry":{"type":"Polygon","coordinates":[[[96.87875145341688,4.232416150943033],[96.87875088144807,4.232363851768831],[96.87874846856704,4.2323503502469455],[96.87875145341688,4.232416150943033]]]}},{"type":"Feature","properties":{"code":"1104012011","desa":"Kute Keramil","kecamatan":"Linge","kecCode":"110401"},"geometry":{"type":"Polygon","coordinates":[[[96.88639598039025,4.459105639134565],[96.88388252455894,4.43275606618766],[96.89336068824527,4.4300393240066045],[96.89082301457051,4.424692065742862],[96.90688479120023,4.432378740335154],[96.92679191331621,4.392280029790104],[96.91503310579326,4.38543520876558],[96.91960000703477,4.369212150435106],[96.91211275979605,4.358291704424779],[96.91280272506577,4.316540393394405],[96.8994935402947,4.298171422262581],[96.90025848743932,4.282915178298155],[96.894002362619,4.277268321686955],[96.90032755627175,4.269934152558058],[96.89934373482554,4.255735721760044],[96.88956868604606,4.238689769369182],[96.87960153308433,4.234795494472384],[96.85868361435739,4.249600044946436],[96.84849820312961,4.265935603968122],[96.8611571843566,4.272304838314099],[96.86209625643716,4.298984561376862],[96.86953526583989,4.306442045544533],[96.86473398508542,4.327895519520655],[96.87907394760462,4.341325066842337],[96.87900466023693,4.369233222449967],[96.88944802040986,4.392218414538807],[96.87651560840867,4.405098350185844],[96.85779129263408,4.412086919745365],[96.85076149994329,4.404740017115603],[96.81687149022713,4.417588913561537],[96.83373782643956,4.433905732510544],[96.8317059143965,4.4461151884993875],[96.88639598039025,4.459105639134565]]]}},{"type":"Feature","properties":{"code":"1104012012","desa":"Kute Rayang","kecamatan":"Linge","kecCode":"110401"},"geometry":{"type":"Polygon","coordinates":[[[96.94702367360374,4.1982809554960685],[96.94730476929969,4.198365386547619],[96.94595156841024,4.197885898610102],[96.94702367360374,4.1982809554960685]]]}},{"type":"Feature","properties":{"code":"1104012012","desa":"Kute Rayang","kecamatan":"Linge","kecCode":"110401"},"geometry":{"type":"Polygon","coordinates":[[[96.94040228373846,4.431436999967132],[96.95954815132619,4.399110963483574],[96.95441542543158,4.397980289043716],[96.95631989274892,4.383585980508268],[96.9500938934185,4.374411922581469],[96.96260579502149,4.356873448378592],[96.95757419429367,4.341436038686083],[96.96733963741438,4.334832446411028],[96.95427538839851,4.319934214458821],[96.95746987023836,4.307764908702755],[96.9706994829948,4.301525176731255],[96.97041628558314,4.28174174019569],[96.94625013343699,4.263818589082013],[96.94059530972582,4.245157512754027],[96.95162303857244,4.2362695543508035],[96.94552372404068,4.196609161679595],[96.88847648190415,4.2205669040103],[96.87960153308433,4.234795494472384],[96.88956868604606,4.238689769369182],[96.89934373482554,4.255735721760044],[96.90032755627175,4.269934152558058],[96.894002362619,4.277268321686955],[96.90025848743932,4.282915178298155],[96.8994935402947,4.298171422262581],[96.91280272506577,4.316540393394405],[96.91211275979605,4.358291704424779],[96.91960000703477,4.369212150435106],[96.91503310579326,4.38543520876558],[96.92679191331621,4.392280029790104],[96.90688479120023,4.432378740335154],[96.89082301457051,4.424692065742862],[96.89336068824527,4.4300393240066045],[96.88388252455894,4.43275606618766],[96.89326992236909,4.474129160137582],[96.89016428725209,4.487191624884895],[96.90880187780448,4.493728721287886],[96.90695539787338,4.534659841620132],[96.91803493576371,4.547374247152294],[96.94239925981803,4.5194769634487],[96.9423419154471,4.510777928325381],[96.93394495809336,4.504211402507693],[96.94724153257071,4.472116115873061],[96.94040228373846,4.431436999967132]]]}},{"type":"Feature","properties":{"code":"1104012013","desa":"Kute Riyem","kecamatan":"Linge","kecCode":"110401"},"geometry":{"type":"Polygon","coordinates":[[[96.88414148164411,4.457764360558798],[96.88541301329995,4.460096609290681],[96.88621671762746,4.459161322457626],[96.88414148164411,4.457764360558798]]]}},{"type":"Feature","properties":{"code":"1104012014","desa":"Kute Robel","kecamatan":"Linge","kecCode":"110401"},"geometry":{"type":"Polygon","coordinates":[[[96.8298686534157,4.450149717165705],[96.87271860058304,4.465390294040881],[96.86248870978619,4.484326100663257],[96.84141797555917,4.480796231958502],[96.84398980728383,4.489164620539978],[96.83269113159054,4.496514637522052],[96.82284518655615,4.524013517063041],[96.8546894526562,4.532087898382239],[96.88262208424186,4.459234481406699],[96.8317059143965,4.4461151884993875],[96.8298686534157,4.450149717165705]]]}},{"type":"Feature","properties":{"code":"1104012015","desa":"Linge","kecamatan":"Linge","kecCode":"110401"},"geometry":{"type":"Polygon","coordinates":[[[97.19069209696276,4.432532671893715],[97.2291040319256,4.396439167619671],[97.23366298585817,4.369944444994122],[97.22510198856598,4.348064013380372],[97.20640060370492,4.346022855409466],[97.20618541842236,4.3513200385224],[97.19130110526186,4.354609677624527],[97.18466356357267,4.347968181623269],[97.17749429592509,4.349756900795441],[97.15987113704341,4.377165188029401],[97.1423451049427,4.379609991411798],[97.12593939158971,4.4219828391961205],[97.13645049499438,4.438423450723941],[97.14606351741746,4.441469161311834],[97.17156725102787,4.421400294348133],[97.17816840524777,4.432390929746173],[97.19069209696276,4.432532671893715]]]}},{"type":"Feature","properties":{"code":"1104012016","desa":"Lumut","kecamatan":"Linge","kecCode":"110401"},"geometry":{"type":"Polygon","coordinates":[[[97.07181347840934,4.221126487367841],[97.07193818290085,4.221117462671117],[97.07205592843842,4.221104152704841],[97.07181347840934,4.221126487367841]]]}},{"type":"Feature","properties":{"code":"1104012016","desa":"Lumut","kecamatan":"Linge","kecCode":"110401"},"geometry":{"type":"Polygon","coordinates":[[[97.13248118695725,4.403785636776216],[97.1423451049427,4.379609991411798],[97.15550470098123,4.374382131639382],[97.14699701729857,4.366804523227393],[97.15115448059485,4.365324970289942],[97.14344371585486,4.341117080632934],[97.14699927189893,4.325049139167466],[97.13715310922866,4.316815364707024],[97.12952896359086,4.322246291397223],[97.13274662275846,4.280740807350006],[97.12644961475796,4.269660477168505],[97.13780687139005,4.261792569399046],[97.10954475878367,4.236469716458368],[97.06582717088729,4.22571467645663],[97.02926462696102,4.25779608835049],[97.03648540957403,4.258847838287723],[97.03471801962097,4.27518963860432],[97.04669685707438,4.2953615813641],[97.05976898864799,4.29990333665707],[97.05072807444115,4.332389678194443],[97.07548524394888,4.3518527366474045],[97.07897699039584,4.389243837626716],[97.09950227680865,4.386291068374961],[97.13248118695725,4.403785636776216]],[[97.13675377426732,4.262103902999908],[97.13691137775793,4.26213599890435],[97.13696472464237,4.262158431593492],[97.13675377426732,4.262103902999908]]]}},{"type":"Feature","properties":{"code":"1104012018","desa":"Mungkur","kecamatan":"Linge","kecCode":"110401"},"geometry":{"type":"Polygon","coordinates":[[[96.95629154971532,4.386107067084468],[96.97398700059966,4.390719325628545],[96.99363072657682,4.3858497647521375],[96.9941808400738,4.395528260507953],[97.00619622957241,4.397035394753204],[97.01167888437304,4.422149738978572],[97.03922153304738,4.393526152898884],[97.0493228019058,4.395160827197968],[97.06414768426826,4.385347779374333],[97.08114548067941,4.3866080524161655],[97.07469823373657,4.35028929944617],[97.05072807444115,4.332389678194443],[97.05976898864799,4.29990333665707],[97.04669685707438,4.2953615813641],[97.03471801962097,4.27518963860432],[97.03648540957403,4.258847838287723],[97.02926462696102,4.25779608835049],[97.06712788284558,4.225254449299345],[97.01358907587517,4.203473258772751],[97.00184487424161,4.175777181289933],[96.99311056679926,4.1777151726331665],[96.97302017544081,4.200180822779146],[96.94552372404068,4.196609161679595],[96.95162303857244,4.2362695543508035],[96.94059530972582,4.245157512754027],[96.94625013343699,4.263818589082013],[96.97041628558314,4.28174174019569],[96.9706994829948,4.301525176731255],[96.95746987023836,4.307764908702755],[96.95422962279889,4.3201508224686656],[96.96733963741438,4.334832446411028],[96.95757419429367,4.341436038686083],[96.96260579502149,4.356873448378592],[96.9500938934185,4.374411922581469],[96.95629154971532,4.386107067084468]],[[96.94702367360374,4.1982809554960685],[96.94730476929969,4.198365386547619],[96.94736007220962,4.198394636097829],[96.94702367360374,4.1982809554960685]]]}},{"type":"Feature","properties":{"code":"1104012019","desa":"Owaq","kecamatan":"Linge","kecCode":"110401"},"geometry":{"type":"Polygon","coordinates":[[[97.13104772607176,4.427347634239741],[97.12592195373526,4.421803336314522],[97.1304734432948,4.403060290379343],[97.09965634596364,4.38633558661483],[97.08919295698945,4.4083033414998],[97.10913243131671,4.408570511193616],[97.11050442264104,4.4187686855891775],[97.13104772607176,4.427347634239741]]]}},{"type":"Feature","properties":{"code":"1104012020","desa":"Pantan Nangka","kecamatan":"Linge","kecCode":"110401"},"geometry":{"type":"Polygon","coordinates":[[[97.03922153304738,4.393526152898884],[96.98509007464732,4.439437285243725],[96.99850082705159,4.449851716014162],[96.99449536267093,4.454287746108248],[97.0378296055519,4.442083298443877],[97.05110037038583,4.453099644559825],[97.05795718657497,4.451318475196206],[97.08823967022465,4.424294276716523],[97.09965634596364,4.38633558661483],[97.08535548596694,4.391813616196487],[97.06414768426826,4.385347779374333],[97.0493228019058,4.395160827197968],[97.03922153304738,4.393526152898884]]]}},{"type":"Feature","properties":{"code":"1104012021","desa":"Penarun","kecamatan":"Linge","kecCode":"110401"},"geometry":{"type":"Polygon","coordinates":[[[97.1471104793652,4.440993271561787],[97.13645049499438,4.438423450723941],[97.11655610278198,4.416999921473852],[97.11050442264104,4.4187686855891775],[97.10913243131671,4.408570511193616],[97.08919295698945,4.4083033414998],[97.08823967022465,4.424294276716523],[97.05537920438684,4.454976575533435],[97.06327148109403,4.463180903492266],[97.05437937680688,4.483079991044322],[97.06203543129014,4.509106740651969],[97.0712726288288,4.500555500113552],[97.09286533136996,4.495538887492214],[97.10841182884286,4.465404761434616],[97.1471104793652,4.440993271561787]]]}},{"type":"Feature","properties":{"code":"1104012022","desa":"Simpang Tige Uning","kecamatan":"Linge","kecCode":"110401"},"geometry":{"type":"Polygon","coordinates":[[[97.0378296055519,4.442083298443877],[96.99681444443115,4.460544169496968],[96.97184324257165,4.450278936253789],[96.96930400227797,4.478328741378841],[96.98295959960592,4.501258854489136],[96.97421144170471,4.514087713140623],[96.97601904124582,4.531341681418676],[96.96796397735574,4.548864974166186],[96.98502665625523,4.541550169239475],[96.98544970004365,4.531187440493343],[97.00360432677832,4.516815941462908],[97.00655104899175,4.500574789672135],[97.019632827593,4.4866229125092385],[97.05437937680688,4.483079991044322],[97.06330777773184,4.465742889436495],[97.05699089741204,4.451526601699862],[97.05110037038583,4.453099644559825],[97.0378296055519,4.442083298443877]]]}},{"type":"Feature","properties":{"code":"1104012023","desa":"Umang","kecamatan":"Linge","kecCode":"110401"},"geometry":{"type":"Polygon","coordinates":[[[97.06203543129014,4.509106740651969],[97.05497549062646,4.483145363663113],[97.02208224899664,4.485397637484135],[97.00655104899175,4.500574789672135],[97.00360432677832,4.516815941462908],[96.98544970004365,4.531187440493343],[96.98502665625523,4.541550169239475],[97.0152034974435,4.529986465149851],[97.02578597824038,4.5341165593740405],[97.04467165667165,4.527330383140011],[97.06203543129014,4.509106740651969]]]}},{"type":"Feature","properties":{"code":"1104012024","desa":"Despot Linge","kecamatan":"Linge","kecCode":"110401"},"geometry":{"type":"Polygon","coordinates":[[[96.84398980728383,4.489164620539978],[96.83110301699071,4.469930594230853],[96.84148764064219,4.468976967523323],[96.84616115741153,4.456882185887111],[96.83465575635813,4.451184893496952],[96.82315635738007,4.4777660319779375],[96.81161034114437,4.47878323086145],[96.81424469283836,4.507797684785092],[96.80566329532489,4.518137869326148],[96.82284518655615,4.524013517063041],[96.83269113159054,4.496514637522052],[96.84398980728383,4.489164620539978]]]}},{"type":"Feature","properties":{"code":"1104012025","desa":"Gemboyah","kecamatan":"Linge","kecCode":"110401"},"geometry":{"type":"Polygon","coordinates":[[[96.80542182915417,4.422052378373914],[96.83282236605942,4.409752990180578],[96.83695715834624,4.364209249776989],[96.83020436493955,4.355525818790571],[96.79990824576896,4.386954058479168],[96.80625078734403,4.394188701435936],[96.80427742026677,4.408754344310852],[96.81066246560037,4.41335757546025],[96.80542182915417,4.422052378373914]]]}},{"type":"Feature","properties":{"code":"1104012031","desa":"Arul Item","kecamatan":"Linge","kecCode":"110401"},"geometry":{"type":"Polygon","coordinates":[[[96.85379129343352,4.389082367950853],[96.85779129263408,4.412086919745365],[96.87651560840867,4.405098350185844],[96.88986243430395,4.38933650646827],[96.87900466023693,4.369233222449967],[96.87907394760462,4.341325066842337],[96.86473398508542,4.327895519520655],[96.86953526583989,4.306442045544533],[96.86209625643716,4.298984561376862],[96.8611571843566,4.272304838314099],[96.84849820312961,4.265935603968122],[96.8319507889978,4.282291338380498],[96.84979226729934,4.325464915534014],[96.84718818858408,4.381577290761155],[96.85379129343352,4.389082367950853]]]}},{"type":"Feature","properties":{"code":"1104012032","desa":"Ise-Ise","kecamatan":"Linge","kecCode":"110401"},"geometry":{"type":"Polygon","coordinates":[[[97.13675377426732,4.262103902999908],[97.13696472464237,4.262158431593492],[97.13691137775793,4.26213599890435],[97.13675377426732,4.262103902999908]]]}},{"type":"Feature","properties":{"code":"1104012032","desa":"Ise-Ise","kecamatan":"Linge","kecCode":"110401"},"geometry":{"type":"Polygon","coordinates":[[[97.15025580606067,4.377759115596494],[97.15444109528038,4.379683673766316],[97.16150607394621,4.375490204317617],[97.17749429592509,4.349756900795441],[97.18511335499738,4.348119770447899],[97.19130110526186,4.354609677624527],[97.22163480080548,4.344706595973037],[97.22072667079924,4.298292778578012],[97.24148510195594,4.271934856325412],[97.24105703995048,4.257109949696842],[97.22929014482439,4.242905573480801],[97.23765257990271,4.2221685812842],[97.23149164742163,4.20566249011844],[97.20287961220441,4.250426901419818],[97.19289777421294,4.259998283423424],[97.17747291814072,4.262645433366672],[97.16255528959499,4.278888667987167],[97.13780687139005,4.261792569399046],[97.12650123494409,4.269455465017146],[97.13274662275846,4.280740807350006],[97.12952896359086,4.322246291397223],[97.13715310922866,4.316815364707024],[97.14699927189893,4.325049139167466],[97.14344371585486,4.341117080632934],[97.15115448059485,4.365324970289942],[97.14699701729857,4.366804523227393],[97.15550470098123,4.374382131639382],[97.15025580606067,4.377759115596494]]]}},{"type":"Feature","properties":{"code":"1104012033","desa":"Kute Reje","kecamatan":"Linge","kecCode":"110401"},"geometry":{"type":"Polygon","coordinates":[[[97.36420474655188,4.402561385179577],[97.36854356982995,4.370300438028376],[97.35935276561769,4.349469218465068],[97.35585929786834,4.26548244188481],[97.34937214261038,4.249999981553848],[97.35888457136592,4.214264941651282],[97.25388352260654,4.1740072435594096],[97.23794023795169,4.175728921870417],[97.23129096460639,4.205587077468349],[97.23762864174847,4.222391357743936],[97.22929014482439,4.242905573480801],[97.24105703995048,4.257109949696842],[97.24146499131639,4.272122370367747],[97.22072667079924,4.298292778578012],[97.21895608555496,4.310673172305171],[97.22165254442945,4.344805795691219],[97.23366298585817,4.369944444994122],[97.23169460732032,4.384051680040205],[97.2456321699887,4.397159531772423],[97.24845703406491,4.3912972380686535],[97.25550816586922,4.395657309624141],[97.28855852625503,4.382598802793165],[97.31904921285093,4.401255748535116],[97.3353509393944,4.398457252584221],[97.34780080126602,4.408346512555221],[97.36420474655188,4.402561385179577]]]}},{"type":"Feature","properties":{"code":"1104012034","desa":"Reje Payung","kecamatan":"Linge","kecCode":"110401"},"geometry":{"type":"Polygon","coordinates":[[[97.34290703693028,4.499862002307574],[97.34527855905831,4.436967794571825],[97.31239814895547,4.4298762976042045],[97.30440567158455,4.416506212556861],[97.28269018730236,4.427554244486442],[97.24909381792543,4.418184645168661],[97.24900907031241,4.439421980581154],[97.23172759805026,4.459552259549291],[97.23231332739817,4.476400654269317],[97.22398521404641,4.482170847503155],[97.21839347957547,4.475091950936708],[97.21321815279555,4.515126380640035],[97.20649617555813,4.514591003434691],[97.17910432430516,4.542230875088649],[97.16776202879464,4.571004161416762],[97.17025314007041,4.578546183655414],[97.23224961133052,4.604173362679834],[97.31248656400379,4.604618850848166],[97.31714091981763,4.548568061194302],[97.29704079869396,4.526899767959737],[97.28140040030831,4.525526786483256],[97.27746223219633,4.519626096224784],[97.29002900323599,4.500627459366994],[97.3131860261143,4.508480133520385],[97.34290703693028,4.499862002307574]]]}},{"type":"Feature","properties":{"code":"1104012035","desa":"Pantan Reduk","kecamatan":"Linge","kecCode":"110401"},"geometry":{"type":"Polygon","coordinates":[[[96.79990824576896,4.386954058479168],[96.83020436493955,4.355525818790571],[96.8045741884481,4.298313791237604],[96.80428699175131,4.282580920978332],[96.79366468897427,4.280400217903663],[96.7534035338461,4.300086217392292],[96.77614535592352,4.321789576991848],[96.77977346927025,4.328990856000128],[96.77536563201835,4.33624781383485],[96.79173469530002,4.353479380000602],[96.79039735755207,4.375000003655915],[96.79990824576896,4.386954058479168]]]}},{"type":"Feature","properties":{"code":"1104012036","desa":"Antara","kecamatan":"Linge","kecCode":"110401"},"geometry":{"type":"Polygon","coordinates":[[[96.83282236605942,4.409752990180578],[96.85399645307392,4.406906568458618],[96.85348071706153,4.387884804635175],[96.84718818858408,4.381577290761155],[96.84971651740341,4.32504468932202],[96.8320680480021,4.281977299618962],[96.80428699175131,4.282580920978332],[96.80420275675186,4.297109845433427],[96.82358709127129,4.334681051840062],[96.82484550991238,4.351386585655831],[96.83694026368227,4.36411440547552],[96.83282236605942,4.409752990180578]]]}},{"type":"Feature","properties":{"code":"1104022001","desa":"Arul Gele","kecamatan":"Silih Nara","kecCode":"110402"},"geometry":{"type":"Polygon","coordinates":[[[96.7462151717928,4.6307790400622535],[96.73474667531889,4.6173286590460245],[96.72807460236106,4.616537822219168],[96.73099095536833,4.628079524394984],[96.73940429207447,4.634492224774127],[96.7462151717928,4.6307790400622535]]]}},{"type":"Feature","properties":{"code":"1104022002","desa":"Arul Kumer","kecamatan":"Silih Nara","kecCode":"110402"},"geometry":{"type":"Polygon","coordinates":[[[96.70886775444336,4.666183729300534],[96.724572880634,4.658988435280376],[96.73975629841448,4.646271088965092],[96.72786125259478,4.64226179887263],[96.70923583526564,4.660222655861922],[96.70886775444336,4.666183729300534]]]}},{"type":"Feature","properties":{"code":"1104022003","desa":"Burni Bius","kecamatan":"Silih Nara","kecCode":"110402"},"geometry":{"type":"Polygon","coordinates":[[[96.75082389420741,4.607978570519989],[96.74862299595456,4.598626288547501],[96.74997096638702,4.57945866008414],[96.74446845635424,4.607722428313047],[96.75082389420741,4.607978570519989]]]}},{"type":"Feature","properties":{"code":"1104022004","desa":"Genting Gerbang","kecamatan":"Silih Nara","kecCode":"110402"},"geometry":{"type":"Polygon","coordinates":[[[96.70894742088683,4.634751851853992],[96.72016242905289,4.622198162365898],[96.70866804379523,4.604183245329814],[96.69672699405561,4.624265708244207],[96.70894742088683,4.634751851853992]]]}},{"type":"Feature","properties":{"code":"1104022005","desa":"Gunung Singit","kecamatan":"Silih Nara","kecCode":"110402"},"geometry":{"type":"Polygon","coordinates":[[[96.75240100380336,4.634512955945959],[96.73940429207447,4.634492224774127],[96.73887260838421,4.639379823352867],[96.75240100380336,4.634512955945959]]]}},{"type":"Feature","properties":{"code":"1104022007","desa":"Pepayungan Angkup","kecamatan":"Silih Nara","kecCode":"110402"},"geometry":{"type":"Polygon","coordinates":[[[96.72977544338204,4.626431058992351],[96.72688389457612,4.614363598759775],[96.71658754477941,4.626200517786081],[96.72404098200576,4.6280239193129145],[96.72977544338204,4.626431058992351]]]}},{"type":"Feature","properties":{"code":"1104022008","desa":"Remesen","kecamatan":"Silih Nara","kecCode":"110402"},"geometry":{"type":"Polygon","coordinates":[[[96.7286351785707,4.60947618634073],[96.73992909774972,4.619955362003275],[96.74749774622403,4.618108602384893],[96.7394046194277,4.605221711381084],[96.7286351785707,4.60947618634073]]]}},{"type":"Feature","properties":{"code":"1104022009","desa":"Rutih","kecamatan":"Silih Nara","kecCode":"110402"},"geometry":{"type":"Polygon","coordinates":[[[96.70866804379523,4.604183245329814],[96.72016242905289,4.622198162365898],[96.73544043842553,4.606887333150436],[96.71130239189193,4.59970299916806],[96.70866804379523,4.604183245329814]]]}},{"type":"Feature","properties":{"code":"1104022010","desa":"Semelit Mutiara","kecamatan":"Silih Nara","kecCode":"110402"},"geometry":{"type":"Polygon","coordinates":[[[96.71658774083163,4.626380919989679],[96.69575794487332,4.640328050530824],[96.68816687180373,4.650230403731552],[96.72291023921622,4.636352246694686],[96.71658774083163,4.626380919989679]]]}},{"type":"Feature","properties":{"code":"1104022012","desa":"Wih Porak","kecamatan":"Silih Nara","kecCode":"110402"},"geometry":{"type":"Polygon","coordinates":[[[96.77283802085803,4.6238311918048955],[96.7707865440638,4.611753441529525],[96.75625767085488,4.604813567560738],[96.76374244675657,4.626794809578555],[96.77283802085803,4.6238311918048955]]]}},{"type":"Feature","properties":{"code":"1104022013","desa":"Wih Bakong","kecamatan":"Silih Nara","kecCode":"110402"},"geometry":{"type":"Polygon","coordinates":[[[96.76230481301678,4.606330195049561],[96.76947964297119,4.610891957560136],[96.76178636644772,4.581728214378296],[96.75858483032572,4.583715171108855],[96.76230481301678,4.606330195049561]]]}},{"type":"Feature","properties":{"code":"1104022014","desa":"Wihni Durin","kecamatan":"Silih Nara","kecCode":"110402"},"geometry":{"type":"Polygon","coordinates":[[[96.74919297997211,4.63276922985564],[96.724572880634,4.658988435280376],[96.71389121360868,4.6651429331058285],[96.74360077155842,4.659134708212417],[96.74291922843969,4.652636260174196],[96.7679400360039,4.651490425862569],[96.76468341101064,4.631664286818087],[96.75815850041454,4.636807461030882],[96.74919297997211,4.63276922985564]]]}},{"type":"Feature","properties":{"code":"1104022016","desa":"Arul Putih","kecamatan":"Silih Nara","kecCode":"110402"},"geometry":{"type":"Polygon","coordinates":[[[96.7260481707865,4.644590408947463],[96.72933517757644,4.638737025726518],[96.72131496691225,4.636905316262635],[96.70265972356741,4.642790943776155],[96.69561604264628,4.655495691488917],[96.70249633833537,4.660115086153477],[96.71657552444094,4.643779341871289],[96.7260481707865,4.644590408947463]]]}},{"type":"Feature","properties":{"code":"1104022017","desa":"Arul Relem","kecamatan":"Silih Nara","kecCode":"110402"},"geometry":{"type":"Polygon","coordinates":[[[96.74360077155842,4.659134708212417],[96.7338856014394,4.658230869771963],[96.72486869913119,4.666083632058923],[96.73875229438295,4.6697850041757185],[96.74360077155842,4.659134708212417]]]}},{"type":"Feature","properties":{"code":"1104022018","desa":"Burni Bius Baru","kecamatan":"Silih Nara","kecCode":"110402"},"geometry":{"type":"Polygon","coordinates":[[[96.74440061779433,4.6129023515225525],[96.74580491186725,4.585875926321286],[96.74173487526434,4.58546892374062],[96.74060886470738,4.608915584950649],[96.74440061779433,4.6129023515225525]]]}},{"type":"Feature","properties":{"code":"1104022019","desa":"Jerata","kecamatan":"Silih Nara","kecCode":"110402"},"geometry":{"type":"Polygon","coordinates":[[[96.68257015868589,4.637467279226216],[96.70027914796434,4.614982442044119],[96.68715477027649,4.616140360546082],[96.67078410440297,4.601030533404941],[96.65802574179462,4.599779124081219],[96.66546891865572,4.634720321623045],[96.67122777773983,4.629889192374872],[96.68257015868589,4.637467279226216]]]}},{"type":"Feature","properties":{"code":"1104022022","desa":"Paya Beke","kecamatan":"Silih Nara","kecCode":"110402"},"geometry":{"type":"Polygon","coordinates":[[[96.71134437224504,4.599717816398043],[96.74198034701544,4.604906043048007],[96.73902805709922,4.583542702724329],[96.72166252070882,4.58589744080259],[96.71134437224504,4.599717816398043]]]}},{"type":"Feature","properties":{"code":"1104022023","desa":"Paya Pelu","kecamatan":"Silih Nara","kecCode":"110402"},"geometry":{"type":"Polygon","coordinates":[[[96.73474667531889,4.6173286590460245],[96.7354937367466,4.622097964400242],[96.74449687493092,4.626295608501826],[96.7415126258071,4.619627031215741],[96.73474667531889,4.6173286590460245]]]}},{"type":"Feature","properties":{"code":"1104022026","desa":"Rebe Gedung","kecamatan":"Silih Nara","kecCode":"110402"},"geometry":{"type":"Polygon","coordinates":[[[96.75082389420741,4.607978570519989],[96.74440061779433,4.6129023515225525],[96.75000000369725,4.623368199232333],[96.75514945967988,4.6202068691043845],[96.75515866783832,4.626805256103477],[96.76731966027415,4.630768230211326],[96.75082389420741,4.607978570519989]]]}},{"type":"Feature","properties":{"code":"1104022027","desa":"Reremal","kecamatan":"Silih Nara","kecCode":"110402"},"geometry":{"type":"Polygon","coordinates":[[[96.757027701867,4.652640098480699],[96.74113177730976,4.654467620701168],[96.75574008133975,4.669297246972023],[96.76213464599715,4.662219555497025],[96.757027701867,4.652640098480699]]]}},{"type":"Feature","properties":{"code":"1104022029","desa":"Senehen","kecamatan":"Silih Nara","kecCode":"110402"},"geometry":{"type":"Polygon","coordinates":[[[96.77656659657123,4.595916990054939],[96.78080026841768,4.587290934915579],[96.7813999624384,4.579791979411063],[96.7670400673453,4.58294249519143],[96.76728270623197,4.596222668718749],[96.77656659657123,4.595916990054939]]]}},{"type":"Feature","properties":{"code":"1104022030","desa":"Simpang Kemili","kecamatan":"Silih Nara","kecCode":"110402"},"geometry":{"type":"Polygon","coordinates":[[[96.73777300641916,4.631558525646267],[96.72977544338204,4.626431058992351],[96.7170741742338,4.627126270906131],[96.72217332573842,4.6351663475859874],[96.73777300641916,4.631558525646267]]]}},{"type":"Feature","properties":{"code":"1104022031","desa":"Tenebuk Kampung Baru","kecamatan":"Silih Nara","kecCode":"110402"},"geometry":{"type":"Polygon","coordinates":[[[96.74354003584402,4.659439272616194],[96.73794306641948,4.66951113633128],[96.75611013707324,4.668884552582064],[96.75438740655363,4.665953057692557],[96.74354003584402,4.659439272616194]]]}},{"type":"Feature","properties":{"code":"1104022032","desa":"Terang Engon","kecamatan":"Silih Nara","kecCode":"110402"},"geometry":{"type":"Polygon","coordinates":[[[96.69152060739019,4.649841613321599],[96.67114776235938,4.62989179321424],[96.65632057233658,4.657960886998747],[96.6691465720567,4.665679807682354],[96.69152060739019,4.649841613321599]]]}},{"type":"Feature","properties":{"code":"1104022033","desa":"Wih Pesam","kecamatan":"Silih Nara","kecCode":"110402"},"geometry":{"type":"Polygon","coordinates":[[[96.7570804516016,4.604503452541274],[96.76360715005,4.603090365798225],[96.75858483032572,4.583715171108855],[96.75579261523706,4.585174538763039],[96.7570804516016,4.604503452541274]]]}},{"type":"Feature","properties":{"code":"1104022034","desa":"Bius Utama","kecamatan":"Silih Nara","kecCode":"110402"},"geometry":{"type":"Polygon","coordinates":[[[96.74997096638702,4.57945866008414],[96.74864012803954,4.5988033200920535],[96.7560923826574,4.608998685904882],[96.75579261523706,4.585174538763039],[96.74997096638702,4.57945866008414]]]}},{"type":"Feature","properties":{"code":"1104022035","desa":"Meker Indah","kecamatan":"Silih Nara","kecCode":"110402"},"geometry":{"type":"Polygon","coordinates":[[[96.75000000369725,4.623368199232333],[96.7415126258071,4.619627031215741],[96.74409952657197,4.626400915516023],[96.75190309685051,4.628191416245203],[96.75538776743156,4.620573415682837],[96.75000000369725,4.623368199232333]]]}},{"type":"Feature","properties":{"code":"1104022036","desa":"Mulie Jadi","kecamatan":"Silih Nara","kecCode":"110402"},"geometry":{"type":"Polygon","coordinates":[[[96.70852634031843,4.634573758210113],[96.7046551402226,4.626799834990166],[96.69116573041418,4.624466870397966],[96.68278184920302,4.642149743345792],[96.68834758427363,4.649185568681558],[96.70852634031843,4.634573758210113]]]}},{"type":"Feature","properties":{"code":"1104022037","desa":"Wih Bersih","kecamatan":"Silih Nara","kecCode":"110402"},"geometry":{"type":"Polygon","coordinates":[[[96.74409952657197,4.626400915516023],[96.75815850041454,4.636807461030882],[96.76358576327242,4.6323560363419825],[96.75485329944028,4.625787764940215],[96.74409952657197,4.626400915516023]]]}},{"type":"Feature","properties":{"code":"1104022038","desa":"Wih Sagi Indah","kecamatan":"Silih Nara","kecCode":"110402"},"geometry":{"type":"Polygon","coordinates":[[[96.76178636644772,4.581728214378296],[96.76528460959713,4.598009553273983],[96.77028685735263,4.601961963945135],[96.7671705877525,4.582596293076202],[96.76178636644772,4.581728214378296]]]}},{"type":"Feature","properties":{"code":"1104022039","desa":"Arul Kumer Barat","kecamatan":"Silih Nara","kecCode":"110402"},"geometry":{"type":"Polygon","coordinates":[[[96.70866739898132,4.665370843795128],[96.70923583526564,4.660222655861922],[96.72512685671909,4.6429786943402265],[96.7163869653862,4.643911621352228],[96.70375908361491,4.658365044124449],[96.70866739898132,4.665370843795128]]]}},{"type":"Feature","properties":{"code":"1104022040","desa":"Arul Kumer Timur","kecamatan":"Silih Nara","kecCode":"110402"},"geometry":{"type":"Polygon","coordinates":[[[96.73250574644311,4.641745924365146],[96.73975629841448,4.646271088965092],[96.75042605122132,4.636868623023807],[96.73814482932049,4.6375288827863645],[96.73250574644311,4.641745924365146]]]}},{"type":"Feature","properties":{"code":"1104022041","desa":"Arul Kumer Selatan","kecamatan":"Silih Nara","kecCode":"110402"},"geometry":{"type":"Polygon","coordinates":[[[96.73139011855919,4.642160213253079],[96.73777300641916,4.631558525646267],[96.7215719472876,4.637114708112323],[96.73139011855919,4.642160213253079]]]}},{"type":"Feature","properties":{"code":"1104032001","desa":"Blang Kolak I","kecamatan":"Bebesen","kecCode":"110403"},"geometry":{"type":"Polygon","coordinates":[[[96.85110869580971,4.624166122716894],[96.84690157824531,4.622058423907824],[96.84174216406966,4.624434942666673],[96.84533716168075,4.626588427759722],[96.85110869580971,4.624166122716894]]]}},{"type":"Feature","properties":{"code":"1104032002","desa":"Bebesan","kecamatan":"Bebesen","kecCode":"110403"},"geometry":{"type":"Polygon","coordinates":[[[96.83595946755541,4.634259318350886],[96.8417139568337,4.631740976505502],[96.83848740786765,4.630740652500782],[96.83595946755541,4.634259318350886]]]}},{"type":"Feature","properties":{"code":"1104032003","desa":"Mongal","kecamatan":"Bebesen","kecCode":"110403"},"geometry":{"type":"Polygon","coordinates":[[[96.8276639240509,4.646006875342871],[96.83890279123091,4.643934991134896],[96.84272721039251,4.638202359884922],[96.8276639240509,4.646006875342871]]]}},{"type":"Feature","properties":{"code":"1104032004","desa":"Daling","kecamatan":"Bebesen","kecCode":"110403"},"geometry":{"type":"Polygon","coordinates":[[[96.83214324841225,4.646768059723201],[96.81955003640513,4.6464380058346535],[96.80951118499324,4.653692239622999],[96.81154264197943,4.660631118042276],[96.83214324841225,4.646768059723201]]]}},{"type":"Feature","properties":{"code":"1104032005","desa":"Tensaran","kecamatan":"Bebesen","kecCode":"110403"},"geometry":{"type":"Polygon","coordinates":[[[96.81072609893039,4.6591405654968625],[96.80951118499324,4.653692239622999],[96.83328254555312,4.637641570536576],[96.79977389065259,4.645723392846424],[96.79784576127291,4.665801769241527],[96.81072609893039,4.6591405654968625]]]}},{"type":"Feature","properties":{"code":"1104032006","desa":"Lelabu","kecamatan":"Bebesen","kecCode":"110403"},"geometry":{"type":"Polygon","coordinates":[[[96.8217538160858,4.639725508357876],[96.82800480397854,4.635546867830356],[96.83440947072056,4.633567047220184],[96.82666579978688,4.630503963529033],[96.8217538160858,4.639725508357876]]]}},{"type":"Feature","properties":{"code":"1104032007","desa":"Blang Gele","kecamatan":"Bebesen","kecCode":"110403"},"geometry":{"type":"Polygon","coordinates":[[[96.80670807731599,4.63432656515679],[96.80569938781655,4.625999068748599],[96.79493141195515,4.627889628048566],[96.79316557423192,4.641346851106933],[96.80670807731599,4.63432656515679]]]}},{"type":"Feature","properties":{"code":"1104032008","desa":"Kemili","kecamatan":"Bebesen","kecCode":"110403"},"geometry":{"type":"Polygon","coordinates":[[[96.85110869580971,4.624166122716894],[96.84197077892838,4.625129982809977],[96.84108829398961,4.6343308459297194],[96.85202296368891,4.628916015305408],[96.85110869580971,4.624166122716894]]]}},{"type":"Feature","properties":{"code":"1104032009","desa":"Tan Saril","kecamatan":"Bebesen","kecCode":"110403"},"geometry":{"type":"Polygon","coordinates":[[[96.83352140458919,4.624616077817815],[96.82269417059956,4.619588199389201],[96.82140951693572,4.625257833129899],[96.83341086981585,4.630522829506873],[96.83352140458919,4.624616077817815]]]}},{"type":"Feature","properties":{"code":"1104032010","desa":"Blang Kolak Ii","kecamatan":"Bebesen","kecCode":"110403"},"geometry":{"type":"Polygon","coordinates":[[[96.84197077892838,4.625129982809977],[96.84276039357734,4.618604140522953],[96.83208172579106,4.621368152869406],[96.83465004026719,4.625314708054671],[96.84197077892838,4.625129982809977]]]}},{"type":"Feature","properties":{"code":"1104032011","desa":"Umang","kecamatan":"Bebesen","kecCode":"110403"},"geometry":{"type":"Polygon","coordinates":[[[96.82379410531377,4.629714473886632],[96.82140951693572,4.625257833129899],[96.81199661794959,4.628137631390984],[96.81210266960255,4.630742416071342],[96.82379410531377,4.629714473886632]]]}},{"type":"Feature","properties":{"code":"1104032012","desa":"Simpang Iv","kecamatan":"Bebesen","kecCode":"110403"},"geometry":{"type":"Polygon","coordinates":[[[96.8428668975893,4.631574626208807],[96.8429883897025,4.6394076258939085],[96.85036968241496,4.629092042307286],[96.8428668975893,4.631574626208807]]]}},{"type":"Feature","properties":{"code":"1104032013","desa":"Bahgie","kecamatan":"Bebesen","kecCode":"110403"},"geometry":{"type":"Polygon","coordinates":[[[96.82252971697288,4.647019205296829],[96.83220680260193,4.643618634820408],[96.833529178329,4.640754747364954],[96.82252971697288,4.647019205296829]]]}},{"type":"Feature","properties":{"code":"1104032014","desa":"Keramat Mupakat","kecamatan":"Bebesen","kecCode":"110403"},"geometry":{"type":"Polygon","coordinates":[[[96.85758781382663,4.623266215213099],[96.85173143855506,4.627520056150694],[96.86940956130228,4.625986094229454],[96.85758781382663,4.623266215213099]]]}},{"type":"Feature","properties":{"code":"1104032015","desa":"Atu Gajah Reje Guru","kecamatan":"Bebesen","kecCode":"110403"},"geometry":{"type":"Polygon","coordinates":[[[96.77283802085803,4.6238311918048955],[96.76468341101064,4.631664286818087],[96.7679400360039,4.651490425862569],[96.757027701867,4.652640098480699],[96.76199568275462,4.662452428645417],[96.79640825793483,4.641709495527074],[96.78921699466859,4.626394266828164],[96.78460121167666,4.630388254956038],[96.77283802085803,4.6238311918048955]]]}},{"type":"Feature","properties":{"code":"1104032016","desa":"Atu Tulu","kecamatan":"Bebesen","kecCode":"110403"},"geometry":{"type":"Polygon","coordinates":[[[96.80355076175827,4.625292884206598],[96.80747210985004,4.630460805963392],[96.81191884457905,4.6201534143013525],[96.80857931468368,4.618063026542305],[96.80355076175827,4.625292884206598]]]}},{"type":"Feature","properties":{"code":"1104032017","desa":"Burbiah","kecamatan":"Bebesen","kecCode":"110403"},"geometry":{"type":"Polygon","coordinates":[[[96.81451313507317,4.640364475771638],[96.8217538160858,4.639725508357876],[96.82657168483547,4.629798122527984],[96.81436562557319,4.63067036238905],[96.81451313507317,4.640364475771638]]]}},{"type":"Feature","properties":{"code":"1104032018","desa":"Empus Talu","kecamatan":"Bebesen","kecCode":"110403"},"geometry":{"type":"Polygon","coordinates":[[[96.84033113137666,4.636233277180005],[96.83105087969437,4.635554838521647],[96.83381936976814,4.643064835002978],[96.83919779044571,4.641500514667504],[96.84033113137666,4.636233277180005]]]}},{"type":"Feature","properties":{"code":"1104032019","desa":"Gele Lah","kecamatan":"Bebesen","kecCode":"110403"},"geometry":{"type":"Polygon","coordinates":[[[96.80989987557886,4.6268064351146645],[96.81035752438031,4.634172770295218],[96.81216440896036,4.62533327096102],[96.80989987557886,4.6268064351146645]]]}},{"type":"Feature","properties":{"code":"1104032020","desa":"Kebet","kecamatan":"Bebesen","kecCode":"110403"},"geometry":{"type":"Polygon","coordinates":[[[96.8358891180884,4.633551720074584],[96.83755683887703,4.625642770844151],[96.82666579978688,4.630503963529033],[96.82978605068575,4.633561936373029],[96.8358891180884,4.633551720074584]]]}},{"type":"Feature","properties":{"code":"1104032021","desa":"Lemah Burbana","kecamatan":"Bebesen","kecCode":"110403"},"geometry":{"type":"Polygon","coordinates":[[[96.8380490189471,4.6262307547918695],[96.8417139568337,4.631740976505502],[96.84367250128496,4.629501390319877],[96.8380490189471,4.6262307547918695]]]}},{"type":"Feature","properties":{"code":"1104032022","desa":"Mah Bengi","kecamatan":"Bebesen","kecCode":"110403"},"geometry":{"type":"Polygon","coordinates":[[[96.81532916640793,4.634955059066007],[96.81110089499036,4.631435633288823],[96.81114995120934,4.63783718836986],[96.81532916640793,4.634955059066007]]]}},{"type":"Feature","properties":{"code":"1104032023","desa":"Nunang Antara","kecamatan":"Bebesen","kecCode":"110403"},"geometry":{"type":"Polygon","coordinates":[[[96.85218240989036,4.629719960650374],[96.84905870289684,4.6339801579961915],[96.8627643591879,4.628484721136979],[96.85218240989036,4.629719960650374]]]}},{"type":"Feature","properties":{"code":"1104032024","desa":"Pendere Saril","kecamatan":"Bebesen","kecCode":"110403"},"geometry":{"type":"Polygon","coordinates":[[[96.81646256669414,4.61711651437147],[96.8323938876678,4.621222847607921],[96.83079877993981,4.610250049363291],[96.81996477855175,4.610573395208712],[96.81646256669414,4.61711651437147]]]}},{"type":"Feature","properties":{"code":"1104032025","desa":"Sadong Juru Mudi","kecamatan":"Bebesen","kecCode":"110403"},"geometry":{"type":"Polygon","coordinates":[[[96.82140951693572,4.625257833129899],[96.82269417059956,4.619588199389201],[96.81646256669414,4.61711651437147],[96.80936581228245,4.624106375357512],[96.82140951693572,4.625257833129899]]]}},{"type":"Feature","properties":{"code":"1104032026","desa":"Ulu Nuwih","kecamatan":"Bebesen","kecCode":"110403"},"geometry":{"type":"Polygon","coordinates":[[[96.79625947589415,4.656605301108573],[96.79977389065259,4.645723392846424],[96.8140848095664,4.644306699821898],[96.81035752438031,4.634172770295218],[96.78391140558693,4.647360316349911],[96.79625947589415,4.656605301108573]]]}},{"type":"Feature","properties":{"code":"1104032027","desa":"Colo Blang Gele","kecamatan":"Bebesen","kecCode":"110403"},"geometry":{"type":"Polygon","coordinates":[[[96.81097602772154,4.614908212901835],[96.81450462299,4.620439523717402],[96.81646256669414,4.61711651437147],[96.81097602772154,4.614908212901835]]]}},{"type":"Feature","properties":{"code":"1104032028","desa":"Kala Kemili","kecamatan":"Bebesen","kecCode":"110403"},"geometry":{"type":"Polygon","coordinates":[[[96.85938453696684,4.626306528969429],[96.85218240989036,4.629719960650374],[96.8675441740245,4.626707071719848],[96.85938453696684,4.626306528969429]]]}},{"type":"Feature","properties":{"code":"1104072001","desa":"Arul Badak","kecamatan":"Pegasing","kecCode":"110407"},"geometry":{"type":"Polygon","coordinates":[[[96.7399338057006,4.538076219480132],[96.74463207361133,4.521778284495392],[96.75923915456336,4.513624858164334],[96.75601954206826,4.4989442756368145],[96.72525825666327,4.505000947008806],[96.6617366377357,4.500415857883019],[96.63762681912249,4.509795819189379],[96.65550355444553,4.519131960129811],[96.66653092895928,4.514589854101144],[96.68621236890579,4.519290842456211],[96.70817315856448,4.535341910841539],[96.71531154259367,4.530678167009703],[96.7399338057006,4.538076219480132]]]}},{"type":"Feature","properties":{"code":"1104072004","desa":"Berawang Baro","kecamatan":"Pegasing","kecCode":"110407"},"geometry":{"type":"Polygon","coordinates":[[[96.72309840886453,4.449555928094207],[96.72116681709497,4.421448741726089],[96.68850248889879,4.422081475938718],[96.69005968300802,4.4173040173309115],[96.67683920736357,4.413249033584642],[96.67828506360483,4.407646139432252],[96.66710457231822,4.39774385008346],[96.62784400020053,4.406299996423582],[96.64512966420274,4.433331956951829],[96.67053907242028,4.449700113699729],[96.69815183224131,4.461026513681265],[96.70704759407124,4.4519773616939755],[96.72309840886453,4.449555928094207]]]}},{"type":"Feature","properties":{"code":"1104072008","desa":"Gelelungi","kecamatan":"Pegasing","kecCode":"110407"},"geometry":{"type":"Polygon","coordinates":[[[96.81627740078146,4.574272790557262],[96.81553323966733,4.5638895069064525],[96.81756443764873,4.553760072191394],[96.81061296241835,4.558577314108529],[96.81448896489387,4.568995619158428],[96.80087658898344,4.574630289956012],[96.81627740078146,4.574272790557262]]]}},{"type":"Feature","properties":{"code":"1104072009","desa":"Ie Reulop","kecamatan":"Pegasing","kecCode":"110407"},"geometry":{"type":"Polygon","coordinates":[[[96.81869485668233,4.5552910042966515],[96.8210279795577,4.561861268596068],[96.8518098756253,4.554094776474223],[96.85501125886259,4.5360099407464896],[96.83596728266399,4.552073825370303],[96.81869485668233,4.5552910042966515]]]}},{"type":"Feature","properties":{"code":"1104072010","desa":"Kayu Kul","kecamatan":"Pegasing","kecCode":"110407"},"geometry":{"type":"Polygon","coordinates":[[[96.81996477855175,4.610573395208712],[96.81806924959623,4.6019357550027316],[96.81360680371107,4.602114370253435],[96.81421003656402,4.609527307403046],[96.81996477855175,4.610573395208712]]]}},{"type":"Feature","properties":{"code":"1104072011","desa":"Kedelah","kecamatan":"Pegasing","kecCode":"110407"},"geometry":{"type":"Polygon","coordinates":[[[96.81950870176524,4.559662431591603],[96.82445824655088,4.575376309968016],[96.84590022901243,4.576272662451778],[96.81950870176524,4.559662431591603]]]}},{"type":"Feature","properties":{"code":"1104072012","desa":"Kung","kecamatan":"Pegasing","kecCode":"110407"},"geometry":{"type":"Polygon","coordinates":[[[96.81061101358743,4.5926993839506745],[96.84609769585205,4.582404586394507],[96.84662423272219,4.5797950443005195],[96.80674809534837,4.585294557786573],[96.81061101358743,4.5926993839506745]]]}},{"type":"Feature","properties":{"code":"1104072013","desa":"Kute Lintang","kecamatan":"Pegasing","kecCode":"110407"},"geometry":{"type":"Polygon","coordinates":[[[96.82157067364773,4.610411498354787],[96.83113353998094,4.610142706283977],[96.83858624156186,4.60083626905135],[96.84890685866462,4.601746140144096],[96.82539492823344,4.594388109303274],[96.81862585529903,4.596556388243962],[96.82157067364773,4.610411498354787]]]}},{"type":"Feature","properties":{"code":"1104072014","desa":"Lelumu","kecamatan":"Pegasing","kecCode":"110407"},"geometry":{"type":"Polygon","coordinates":[[[96.82496993921136,4.527281764890931],[96.8054893025893,4.517929953263944],[96.81226203306642,4.506020741335756],[96.79183905442885,4.50690919147668],[96.78702852144913,4.512268905350807],[96.78810646144409,4.532287921094874],[96.80305241143968,4.5450020262534645],[96.82036526644396,4.540741849592082],[96.82496993921136,4.527281764890931]]]}},{"type":"Feature","properties":{"code":"1104072016","desa":"Paya Jeget","kecamatan":"Pegasing","kecCode":"110407"},"geometry":{"type":"Polygon","coordinates":[[[96.81739799022512,4.563564816574637],[96.81619453544947,4.574857663750002],[96.82492436876463,4.575101691189692],[96.8244527885654,4.568060255883046],[96.81739799022512,4.563564816574637]]]}},{"type":"Feature","properties":{"code":"1104072017","desa":"Pedekok","kecamatan":"Pegasing","kecCode":"110407"},"geometry":{"type":"Polygon","coordinates":[[[96.8546894526562,4.532087898382239],[96.84462933857314,4.530491186265307],[96.81760480281947,4.5538347455987855],[96.83596728266399,4.552073825370303],[96.8546894526562,4.532087898382239]]]}},{"type":"Feature","properties":{"code":"1104072018","desa":"Pegasing","kecamatan":"Pegasing","kecCode":"110407"},"geometry":{"type":"Polygon","coordinates":[[[96.84609769585205,4.582404586394507],[96.81987478339458,4.59098116173426],[96.82029173067887,4.598531657385263],[96.83253331136329,4.593836074855022],[96.84890685866462,4.601746140144096],[96.84609769585205,4.582404586394507]]]}},{"type":"Feature","properties":{"code":"1104072019","desa":"Pepalang","kecamatan":"Pegasing","kecCode":"110407"},"geometry":{"type":"Polygon","coordinates":[[[96.8015595206554,4.576617329424216],[96.8022193532406,4.5637022401776814],[96.77346433121396,4.543871985835634],[96.76694679325992,4.5475254007049495],[96.78041648902978,4.576784129381855],[96.8015595206554,4.576617329424216]]]}},{"type":"Feature","properties":{"code":"1104072021","desa":"Simpang Kelaping","kecamatan":"Pegasing","kecCode":"110407"},"geometry":{"type":"Polygon","coordinates":[[[96.7813999624384,4.579791979411063],[96.78063659720125,4.5877703005452934],[96.78836631785133,4.59230231707996],[96.79909334578133,4.590060113867158],[96.80667588788195,4.5995807057590845],[96.82063561074489,4.596605909412356],[96.80028559680288,4.577562718341776],[96.7813999624384,4.579791979411063]]]}},{"type":"Feature","properties":{"code":"1104072024","desa":"Tebuk","kecamatan":"Pegasing","kecCode":"110407"},"geometry":{"type":"Polygon","coordinates":[[[96.82391762989477,4.563532481450467],[96.84590022901243,4.576272662451778],[96.84732956740567,4.576299374115126],[96.85033772860332,4.5613907990600335],[96.82391762989477,4.563532481450467]]]}},{"type":"Feature","properties":{"code":"1104072025","desa":"Terang Ulen","kecamatan":"Pegasing","kecCode":"110407"},"geometry":{"type":"Polygon","coordinates":[[[96.78460868144553,4.552404644581935],[96.79960789558798,4.563809316158352],[96.80792045606427,4.555818552903561],[96.80305241143968,4.5450020262534645],[96.78460868144553,4.552404644581935]]]}},{"type":"Feature","properties":{"code":"1104072026","desa":"Ujung Gele","kecamatan":"Pegasing","kecCode":"110407"},"geometry":{"type":"Polygon","coordinates":[[[96.80087658898344,4.574630289956012],[96.81448896489387,4.568995619158428],[96.81174518908925,4.556286278608065],[96.80574226389443,4.557699198077282],[96.80087658898344,4.574630289956012]]]}},{"type":"Feature","properties":{"code":"1104072029","desa":"Wih Ilang","kecamatan":"Pegasing","kecCode":"110407"},"geometry":{"type":"Polygon","coordinates":[[[96.81399306882513,4.507321719492011],[96.80950947268406,4.492212252079785],[96.79902994537576,4.494221279072689],[96.78256327597443,4.484608649663439],[96.75021068067844,4.49012803906596],[96.74273402205752,4.467694308557171],[96.70370726377926,4.482328035506781],[96.68820964356024,4.474542283504032],[96.66494891985685,4.489923789539672],[96.6617366377357,4.500415857883019],[96.73435731563767,4.504582161510617],[96.75301228828653,4.501802951521003],[96.76023291261889,4.494442405276511],[96.78859965684876,4.495961305352046],[96.79183905442885,4.50690919147668],[96.81399306882513,4.507321719492011]]]}},{"type":"Feature","properties":{"code":"1104072030","desa":"Wih Nareh","kecamatan":"Pegasing","kecCode":"110407"},"geometry":{"type":"Polygon","coordinates":[[[96.84732956740567,4.576299374115126],[96.8015595206554,4.576617329424216],[96.815302232612,4.581808469877569],[96.84732956740567,4.576299374115126]]]}},{"type":"Feature","properties":{"code":"1104072031","desa":"Wih Lah","kecamatan":"Pegasing","kecCode":"110407"},"geometry":{"type":"Polygon","coordinates":[[[96.8475106935637,4.532515838978733],[96.82440717225325,4.5273647084638915],[96.81488169343544,4.555488464840783],[96.8475106935637,4.532515838978733]]]}},{"type":"Feature","properties":{"code":"1104072032","desa":"Jejem","kecamatan":"Pegasing","kecCode":"110407"},"geometry":{"type":"Polygon","coordinates":[[[96.75998925569961,4.49445763439602],[96.75903250744432,4.514812840102929],[96.78716725356594,4.516354730447296],[96.79183905442885,4.506960126379338],[96.78859965684876,4.495961305352046],[96.75998925569961,4.49445763439602]]]}},{"type":"Feature","properties":{"code":"1104072033","desa":"Jurusen","kecamatan":"Pegasing","kecCode":"110407"},"geometry":{"type":"Polygon","coordinates":[[[96.81234129211697,4.610548835622938],[96.81346415684544,4.602319443558717],[96.80667588788195,4.5995807057590845],[96.81234129211697,4.610548835622938]]]}},{"type":"Feature","properties":{"code":"1104072034","desa":"Kala Pegasing","kecamatan":"Pegasing","kecCode":"110407"},"geometry":{"type":"Polygon","coordinates":[[[96.80674809534837,4.585294557786573],[96.81669597943595,4.585321665151665],[96.84688738874206,4.578490833081497],[96.815302232612,4.581808469877569],[96.79973226643101,4.577403011337106],[96.80674809534837,4.585294557786573]]]}},{"type":"Feature","properties":{"code":"1104072035","desa":"Linung Ayu","kecamatan":"Pegasing","kecCode":"110407"},"geometry":{"type":"Polygon","coordinates":[[[96.80305241143968,4.5450020262534645],[96.78604771722843,4.527811122034533],[96.77384464191675,4.532476258016932],[96.77338560636069,4.543811711473495],[96.78460868144553,4.552404644581935],[96.80305241143968,4.5450020262534645]]]}},{"type":"Feature","properties":{"code":"1104072036","desa":"Panangan Mata","kecamatan":"Pegasing","kecCode":"110407"},"geometry":{"type":"Polygon","coordinates":[[[96.75808531898234,4.514329700018591],[96.74463207361133,4.521778284495392],[96.7399338057006,4.538076219480132],[96.75786378988202,4.531702360820079],[96.77338560636069,4.543811711473495],[96.77384464191675,4.532476258016932],[96.79026287922856,4.524000930151644],[96.78759312482292,4.516221414047955],[96.75808531898234,4.514329700018591]]]}},{"type":"Feature","properties":{"code":"1104072037","desa":"Pantan Musara","kecamatan":"Pegasing","kecCode":"110407"},"geometry":{"type":"Polygon","coordinates":[[[96.73854472006286,4.450924955251653],[96.70704759407124,4.4519773616939755],[96.69815183224131,4.461026513681265],[96.64806146486477,4.434642949059073],[96.67028923805793,4.464291236166813],[96.68872688144045,4.4697824911784565],[96.70137399521377,4.4819639431781875],[96.74273402205752,4.467694308557171],[96.75021068067844,4.49012803906596],[96.77367282194325,4.478528998814571],[96.77081149755264,4.471087215910388],[96.74962425165795,4.465269084314924],[96.73854472006286,4.450924955251653]]]}},{"type":"Feature","properties":{"code":"1104072038","desa":"Wih Terjun","kecamatan":"Pegasing","kecCode":"110407"},"geometry":{"type":"Polygon","coordinates":[[[96.80953412040338,4.492247463235797],[96.81161034114437,4.47878323086145],[96.78994355784896,4.4695427175320726],[96.77081149755264,4.471087215910388],[96.77367282194325,4.478528998814571],[96.76299566591727,4.485383669214125],[96.80953412040338,4.492247463235797]]]}},{"type":"Feature","properties":{"code":"1104072039","desa":"Belang Bebangka","kecamatan":"Pegasing","kecCode":"110407"},"geometry":{"type":"Polygon","coordinates":[[[96.80981511357669,4.599152327192724],[96.81806924959623,4.6019357550027316],[96.81839288142639,4.5978033953863084],[96.80981511357669,4.599152327192724]]]}},{"type":"Feature","properties":{"code":"1104072040","desa":"Uning","kecamatan":"Pegasing","kecCode":"110407"},"geometry":{"type":"Polygon","coordinates":[[[96.81380868891989,4.614884316116463],[96.8207262084478,4.611096876182003],[96.81271171567316,4.6101436559680415],[96.81380868891989,4.614884316116463]]]}},{"type":"Feature","properties":{"code":"1104072041","desa":"Uring","kecamatan":"Pegasing","kecCode":"110407"},"geometry":{"type":"Polygon","coordinates":[[[96.8518098756253,4.554094776474223],[96.82918200034906,4.556332484875433],[96.8210279795577,4.561861268596068],[96.85033772860332,4.5613907990600335],[96.8518098756253,4.554094776474223]]]}},{"type":"Feature","properties":{"code":"1104072042","desa":"Suka Damai","kecamatan":"Pegasing","kecCode":"110407"},"geometry":{"type":"Polygon","coordinates":[[[96.80305241143968,4.5450020262534645],[96.81521082641854,4.556144508581504],[96.82036526644396,4.540741849592082],[96.80305241143968,4.5450020262534645]]]}},{"type":"Feature","properties":{"code":"1104082001","desa":"Atu Payung","kecamatan":"Bintang","kecCode":"110408"},"geometry":{"type":"Polygon","coordinates":[[[97.1471104793652,4.440993271561787],[97.10841182884286,4.465404761434616],[97.09892985742702,4.487918372425474],[97.11625840290303,4.584129972610344],[97.13852400607806,4.580609986555502],[97.12276433870333,4.491018612506247],[97.13828737736065,4.473943123681314],[97.1471104793652,4.440993271561787]]]}},{"type":"Feature","properties":{"code":"1104082002","desa":"Bale Nosar","kecamatan":"Bintang","kecCode":"110408"},"geometry":{"type":"Polygon","coordinates":[[[96.94278452578527,4.549939950893798],[96.9327606238038,4.553450750373978],[96.9392577480467,4.579469478928349],[96.95261003012881,4.588370439729772],[96.9420320819151,4.566907940157435],[96.94278452578527,4.549939950893798]]]}},{"type":"Feature","properties":{"code":"1104082003","desa":"Bamil Nosar","kecamatan":"Bintang","kecCode":"110408"},"geometry":{"type":"Polygon","coordinates":[[[96.95553398060878,4.61045264683499],[96.92970057442203,4.546884700297663],[96.91745219486295,4.547209660426144],[96.93630441941349,4.594284891414188],[96.93435478184777,4.613046640550125],[96.95553398060878,4.61045264683499]]]}},{"type":"Feature","properties":{"code":"1104082004","desa":"Bewang","kecamatan":"Bintang","kecCode":"110408"},"geometry":{"type":"Polygon","coordinates":[[[96.96796397735574,4.548864974166186],[96.97621968179294,4.5817058302525275],[96.96973991356623,4.5863170572743135],[96.96764183030625,4.6016941017732735],[96.987470626868,4.589044566138911],[96.98908268861526,4.579338454900908],[96.98181307191577,4.544913610305933],[96.96796397735574,4.548864974166186]]]}},{"type":"Feature","properties":{"code":"1104082005","desa":"Dedamar","kecamatan":"Bintang","kecCode":"110408"},"geometry":{"type":"Polygon","coordinates":[[[97.05400001309022,4.517711962996088],[97.04467165667165,4.527330383140011],[97.01812267342268,4.5317968543860685],[97.0151206833729,4.537845464235187],[97.02782031755366,4.559720220227543],[97.01112754959678,4.581529740298167],[97.04257081159375,4.608461731288726],[97.0795583481393,4.595069826889778],[97.08799614640509,4.582108837145423],[97.09867916241348,4.578727370067896],[97.0860195255807,4.545903087587427],[97.07375904024758,4.533326888967857],[97.07412739896034,4.524430083933583],[97.05400001309022,4.517711962996088]]]}},{"type":"Feature","properties":{"code":"1104082006","desa":"Genuren","kecamatan":"Bintang","kecCode":"110408"},"geometry":{"type":"Polygon","coordinates":[[[97.01946490887849,4.643858126079737],[97.0253391266994,4.622701639718934],[97.01199570743601,4.603469702534769],[97.00061308902292,4.590991412206906],[96.9926891327973,4.592012399934304],[96.98696708656183,4.597520823003814],[97.00594778376325,4.6142527159488775],[97.01946490887849,4.643858126079737]]]}},{"type":"Feature","properties":{"code":"1104082007","desa":"Kala Bintang","kecamatan":"Bintang","kecCode":"110408"},"geometry":{"type":"Polygon","coordinates":[[[96.98884652214933,4.578712669749735],[96.987470626868,4.589044566138911],[96.97809410096204,4.597723002290752],[96.98696708656183,4.597520823003814],[96.99996171725951,4.5842923524001735],[96.98884652214933,4.578712669749735]]]}},{"type":"Feature","properties":{"code":"1104082008","desa":"Kala Segi","kecamatan":"Bintang","kecCode":"110408"},"geometry":{"type":"Polygon","coordinates":[[[96.97809410096204,4.597723002290752],[96.96323585465103,4.6057529400138195],[97.00066069823272,4.641911634344524],[97.00190088941456,4.62277146038457],[96.97809410096204,4.597723002290752]]]}},{"type":"Feature","properties":{"code":"1104082009","desa":"Kejurun Syiah Utama","kecamatan":"Bintang","kecCode":"110408"},"geometry":{"type":"Polygon","coordinates":[[[96.95644821970961,4.552265564427626],[96.94278452578527,4.549939950893798],[96.9420320819151,4.566907940157435],[96.9520463170839,4.591291660764272],[96.96555137599529,4.595552439072086],[96.96592952562717,4.580484839597642],[96.95304296376185,4.563569395023156],[96.95644821970961,4.552265564427626]]]}},{"type":"Feature","properties":{"code":"1104082010","desa":"Kelitu Sintep","kecamatan":"Bintang","kecCode":"110408"},"geometry":{"type":"Polygon","coordinates":[[[96.95230674725866,4.6115207617354415],[96.94281578082371,4.612508768625447],[96.946713790609,4.652079881101092],[96.96793398406616,4.64994381677545],[96.95230674725866,4.6115207617354415]]]}},{"type":"Feature","properties":{"code":"1104082011","desa":"Kuala I","kecamatan":"Bintang","kecCode":"110408"},"geometry":{"type":"Polygon","coordinates":[[[96.9926891327973,4.592012399934304],[97.00061308902292,4.590991412206906],[97.01199570743601,4.603469702534769],[97.0253391266994,4.622701639718934],[97.0251091322807,4.632872902801692],[97.03332128794716,4.6193005728167496],[97.01738182900827,4.595307364821583],[97.00389237541751,4.584527126575304],[96.9926891327973,4.592012399934304]]]}},{"type":"Feature","properties":{"code":"1104082012","desa":"Kuala Ii","kecamatan":"Bintang","kecCode":"110408"},"geometry":{"type":"Polygon","coordinates":[[[97.00920888558163,4.584850246830835],[97.01074004341831,4.589308411039103],[97.01167020141871,4.583753791594796],[97.00920888558163,4.584850246830835]]]}},{"type":"Feature","properties":{"code":"1104082013","desa":"Linung Bulen I","kecamatan":"Bintang","kecCode":"110408"},"geometry":{"type":"Polygon","coordinates":[[[96.98841726584419,4.575981113036607],[96.99669627621222,4.583381935418943],[97.00595163196233,4.57718565958794],[97.00597965393791,4.575744166858731],[96.98841726584419,4.575981113036607]]]}},{"type":"Feature","properties":{"code":"1104082014","desa":"Linung Bulen Ii","kecamatan":"Bintang","kecCode":"110408"},"geometry":{"type":"Polygon","coordinates":[[[97.01812267342268,4.5317968543860685],[97.0052191107734,4.536063408140048],[97.01000661031684,4.555336785184657],[97.00583741806247,4.577718658086466],[96.99271202144267,4.591585153614388],[97.01477330944073,4.579669962093891],[97.01961282577133,4.564279665185221],[97.02782031755366,4.559720220227543],[97.01519757630716,4.538142181154821],[97.01812267342268,4.5317968543860685]]]}},{"type":"Feature","properties":{"code":"1104082015","desa":"Mengaya","kecamatan":"Bintang","kecCode":"110408"},"geometry":{"type":"Polygon","coordinates":[[[96.96516229960046,4.55029983259659],[96.95420820544439,4.554162450458115],[96.95304296376185,4.563569395023156],[96.96592952562717,4.580484839597642],[96.96602821363119,4.5961551620087775],[96.97621968179294,4.5817058302525275],[96.96516229960046,4.55029983259659]]]}},{"type":"Feature","properties":{"code":"1104082016","desa":"Mude Nosar","kecamatan":"Bintang","kecCode":"110408"},"geometry":{"type":"Polygon","coordinates":[[[96.9517723674009,4.588260487717204],[96.95065137236297,4.596822194565585],[96.95900154068863,4.6084766339542975],[96.96764183030625,4.6016941017732735],[96.96602821363119,4.5961551620087775],[96.9517723674009,4.588260487717204]]]}},{"type":"Feature","properties":{"code":"1104082017","desa":"Serule","kecamatan":"Bintang","kecCode":"110408"},"geometry":{"type":"Polygon","coordinates":[[[97.23136154340057,4.478125761695275],[97.22744155868104,4.451779962303685],[97.21834660960843,4.453483878104972],[97.20973396604971,4.445149823840516],[97.2076110713939,4.454049651496126],[97.18884229493602,4.462518483558199],[97.17758991274432,4.445228219541836],[97.18978003781855,4.43202426535651],[97.17816840524777,4.432390929746173],[97.172066301019,4.421460112754021],[97.14783675656109,4.439044331871997],[97.13828737736065,4.473943123681314],[97.12276433870333,4.491018612506247],[97.13852400607806,4.580609986555502],[97.17025314007041,4.578546183655414],[97.16776202879464,4.571004161416762],[97.17910432430516,4.542230875088649],[97.20649617555813,4.514591003434691],[97.21321815279555,4.515126380640035],[97.21880988636724,4.498291695185221],[97.21482428890988,4.483776984515072],[97.21839347957547,4.475091950936708],[97.22398521404641,4.482170847503155],[97.23136154340057,4.478125761695275]]]}},{"type":"Feature","properties":{"code":"1104082018","desa":"Wakil Jalil","kecamatan":"Bintang","kecCode":"110408"},"geometry":{"type":"Polygon","coordinates":[[[97.04257081159375,4.608461731288726],[97.01112754959678,4.581529740298167],[97.00389237541751,4.584527126575304],[97.01167020141871,4.583753791594796],[97.04257081159375,4.608461731288726]]]}},{"type":"Feature","properties":{"code":"1104082019","desa":"Wihlah Setie","kecamatan":"Bintang","kecCode":"110408"},"geometry":{"type":"Polygon","coordinates":[[[97.00554832829278,4.535454555424319],[96.9807535392445,4.543730153755831],[96.98841726584419,4.575981113036607],[97.00597965393791,4.575744166858731],[97.01000661031684,4.555336785184657],[97.00554832829278,4.535454555424319]]]}},{"type":"Feature","properties":{"code":"1104082020","desa":"Gegarang","kecamatan":"Bintang","kecCode":"110408"},"geometry":{"type":"Polygon","coordinates":[[[96.96323585465103,4.6057529400138195],[96.95230674725866,4.6115207617354415],[96.96793398406616,4.64994381677545],[96.99999675844371,4.644961820858262],[96.98281638616737,4.621372852726393],[96.96323585465103,4.6057529400138195]]]}},{"type":"Feature","properties":{"code":"1104082021","desa":"Jamur Konyel","kecamatan":"Bintang","kecCode":"110408"},"geometry":{"type":"Polygon","coordinates":[[[97.09892985742702,4.487918372425474],[97.09286533136996,4.495538887492214],[97.07085398542313,4.500822586170422],[97.05400001309022,4.517711962996088],[97.07412739896034,4.524430083933583],[97.07375904024758,4.533326888967857],[97.09826056577253,4.5732837980103485],[97.09772452486698,4.580396717728374],[97.08799614640509,4.582108837145423],[97.08195074443137,4.593712797587741],[97.11625840290303,4.584129972610344],[97.09892985742702,4.487918372425474]]]}},{"type":"Feature","properties":{"code":"1104082022","desa":"Merodot","kecamatan":"Bintang","kecCode":"110408"},"geometry":{"type":"Polygon","coordinates":[[[97.01946490887849,4.643858126079737],[97.00594778376325,4.6142527159488775],[96.98037910471197,4.597841257743758],[97.00438774329979,4.627784608817383],[96.99999675844371,4.644961820858262],[97.01946490887849,4.643858126079737]]]}},{"type":"Feature","properties":{"code":"1104082023","desa":"Sintep","kecamatan":"Bintang","kecCode":"110408"},"geometry":{"type":"Polygon","coordinates":[[[96.94281578082371,4.612508768625447],[96.92916679441208,4.615121836061793],[96.93594962787306,4.652918426962466],[96.946713790609,4.652079881101092],[96.94281578082371,4.612508768625447]]]}},{"type":"Feature","properties":{"code":"1104082024","desa":"Gele Pulo","kecamatan":"Bintang","kecCode":"110408"},"geometry":{"type":"Polygon","coordinates":[[[97.01074004341831,4.589308411039103],[97.02659175460586,4.614637870399863],[97.03332128794716,4.6193005728167496],[97.04017067034022,4.609655375358897],[97.01074004341831,4.589308411039103]]]}},{"type":"Feature","properties":{"code":"1104102001","desa":"Bah","kecamatan":"Ketol","kecCode":"110410"},"geometry":{"type":"Polygon","coordinates":[[[96.69754757955724,4.694401623111936],[96.70681090599857,4.681746369587979],[96.69882716464201,4.674646668105346],[96.67247439367839,4.68476004362669],[96.65775684180487,4.675172533181383],[96.64441131273196,4.684451304569915],[96.66551786156015,4.691119738863832],[96.67422301657899,4.687894462441788],[96.67985943656379,4.69745220802538],[96.69057049703088,4.690211259022285],[96.69754757955724,4.694401623111936]]]}},{"type":"Feature","properties":{"code":"1104102002","desa":"Blang Mancung","kecamatan":"Ketol","kecCode":"110410"},"geometry":{"type":"Polygon","coordinates":[[[96.72587281377939,4.7007630639332225],[96.74001745524139,4.6854706861081015],[96.75249671864873,4.686367267919011],[96.75352909898878,4.682353225808822],[96.73492910459458,4.676249465934527],[96.71770582026744,4.698768678802488],[96.72587281377939,4.7007630639332225]]]}},{"type":"Feature","properties":{"code":"1104102003","desa":"Bintang Pepara","kecamatan":"Ketol","kecCode":"110410"},"geometry":{"type":"Polygon","coordinates":[[[96.68600090231983,4.767862687712282],[96.68308179558845,4.756994350219804],[96.65583610485243,4.7446269939641015],[96.60880603057393,4.760041297375474],[96.60112433282177,4.779669106231516],[96.58219307674915,4.800020160668066],[96.63115412766092,4.783297062193125],[96.65310883340601,4.7854757139142485],[96.65800785158115,4.773211632204993],[96.66962068384754,4.7760425289305495],[96.68600090231983,4.767862687712282]]]}},{"type":"Feature","properties":{"code":"1104102004","desa":"Burlah","kecamatan":"Ketol","kecCode":"110410"},"geometry":{"type":"Polygon","coordinates":[[[96.67182922274048,4.726511404120255],[96.67212714295333,4.70973635630742],[96.66119978474232,4.713399294097956],[96.656583629431,4.703329416085994],[96.6293328530288,4.696564846064103],[96.61099896892733,4.72002355908896],[96.63576244268262,4.727568324259894],[96.65210663161581,4.721418547875226],[96.67182922274048,4.726511404120255]]]}},{"type":"Feature","properties":{"code":"1104102005","desa":"Buter","kecamatan":"Ketol","kecCode":"110410"},"geometry":{"type":"Polygon","coordinates":[[[96.71078745357816,4.752458659055274],[96.72871043833611,4.7293439079343225],[96.71225325228583,4.725722110530075],[96.71668204823798,4.710371842445573],[96.69269555905288,4.728840162583253],[96.68251516694146,4.749518399373061],[96.68695172224426,4.7550880914549305],[96.70253610995358,4.7445700506908395],[96.71078745357816,4.752458659055274]]]}},{"type":"Feature","properties":{"code":"1104102006","desa":"Cang Duri","kecamatan":"Ketol","kecCode":"110410"},"geometry":{"type":"Polygon","coordinates":[[[96.73709882155345,4.676286427171211],[96.72442066857906,4.6659379364916935],[96.711856984912,4.677836177590296],[96.7302631394324,4.68092114808206],[96.73709882155345,4.676286427171211]]]}},{"type":"Feature","properties":{"code":"1104102007","desa":"Geulumpang Payung","kecamatan":"Ketol","kecCode":"110410"},"geometry":{"type":"Polygon","coordinates":[[[96.74898059158106,4.677682950200895],[96.75620415309923,4.688777880875914],[96.76761244266014,4.675592557945282],[96.75724392136993,4.6748518942953075],[96.74898059158106,4.677682950200895]]]}},{"type":"Feature","properties":{"code":"1104102008","desa":"Jaluk","kecamatan":"Ketol","kecCode":"110410"},"geometry":{"type":"Polygon","coordinates":[[[96.76871526509746,4.660357408478526],[96.75482412723176,4.669723647029851],[96.7429638968664,4.669043087770198],[96.74388076468563,4.677473015160673],[96.76832547104372,4.675843821330114],[96.76440416971674,4.668491306930704],[96.76871526509746,4.660357408478526]]]}},{"type":"Feature","properties":{"code":"1104102009","desa":"Kala Ketol","kecamatan":"Ketol","kecCode":"110410"},"geometry":{"type":"Polygon","coordinates":[[[96.67210774097953,4.704575360229721],[96.67396981605424,4.732777979955533],[96.6837749480555,4.71497916640962],[96.70190583808403,4.709888279679871],[96.69819935241821,4.694810110473364],[96.67210774097953,4.704575360229721]]]}},{"type":"Feature","properties":{"code":"1104102010","desa":"Karang Ampar","kecamatan":"Ketol","kecCode":"110410"},"geometry":{"type":"Polygon","coordinates":[[[96.6881379675932,4.857492482598815],[96.6881421647292,4.857520774371045],[96.68816840424853,4.857436030355371],[96.6881379675932,4.857492482598815]]]}},{"type":"Feature","properties":{"code":"1104102010","desa":"Karang Ampar","kecamatan":"Ketol","kecCode":"110410"},"geometry":{"type":"Polygon","coordinates":[[[96.61645717296021,4.955615146627412],[96.67582999985468,4.949447994441452],[96.67162900037812,4.938247995072499],[96.68225359372842,4.924588858027026],[96.69055374895639,4.890479878716183],[96.68698778236033,4.867546575710325],[96.67674549081181,4.872690729284813],[96.67318058181841,4.86860757427545],[96.6739709599919,4.836690104293136],[96.66265195872097,4.830787137850491],[96.64178770343983,4.852839982091075],[96.62706169344243,4.849398329684369],[96.61539662495431,4.85845931585056],[96.59830749339612,4.857208037827805],[96.58178070971205,4.8633184922554165],[96.56870233594412,4.877054740770253],[96.55288367843904,4.877682918118151],[96.52590059063982,4.860722119833435],[96.50477097689912,4.8704017676209315],[96.48712489339918,4.869430947674556],[96.47935833382012,4.854411789282647],[96.48324885944736,4.84318231913026],[96.47572008421456,4.8381557366247065],[96.4772829926161,4.84472599372959],[96.467271538151,4.8470716819301565],[96.4566115519816,4.860111127630545],[96.46755707290066,4.872389147032964],[96.46989333261126,4.894140551114544],[96.49188154709577,4.889502616925984],[96.51114625739393,4.900810931541432],[96.53870957428751,4.935961833897466],[96.57314242108595,4.947682937331589],[96.59843275456802,4.938542514948393],[96.61645717296021,4.955615146627412]]]}},{"type":"Feature","properties":{"code":"1104102011","desa":"Kekuyang","kecamatan":"Ketol","kecCode":"110410"},"geometry":{"type":"Polygon","coordinates":[[[96.58219307674915,4.800020160668066],[96.60112433282177,4.779669106231516],[96.60866862585645,4.760149065834161],[96.64798229035046,4.75048061100883],[96.67058447559315,4.735599262029138],[96.67182922274048,4.726511404120255],[96.65210663161581,4.721418547875226],[96.63576244268262,4.727568324259894],[96.61099896892733,4.72002355908896],[96.58912144659752,4.729051485277427],[96.57697864205072,4.754701483699565],[96.54694505656913,4.762858133200877],[96.54359329859193,4.7802590138290615],[96.58219307674915,4.800020160668066]]]}},{"type":"Feature","properties":{"code":"1104102012","desa":"Kute Gelime","kecamatan":"Ketol","kecCode":"110410"},"geometry":{"type":"Polygon","coordinates":[[[96.70577653366018,4.679767833209665],[96.70058126531319,4.688827665545705],[96.72016237959019,4.694901363781995],[96.7302631394324,4.68092114808206],[96.70577653366018,4.679767833209665]]]}},{"type":"Feature","properties":{"code":"1104102013","desa":"Pantan Penyo","kecamatan":"Ketol","kecCode":"110410"},"geometry":{"type":"Polygon","coordinates":[[[96.70886775444336,4.666183729300534],[96.69152060739019,4.649841613321599],[96.6691465720567,4.665679807682354],[96.66120200067182,4.660959878705702],[96.65775684180487,4.675172533181383],[96.67247439367839,4.68476004362669],[96.68367730506361,4.683255615441425],[96.69593373985026,4.674608597105212],[96.70536740957834,4.677683662463955],[96.70886775444336,4.666183729300534]]]}},{"type":"Feature","properties":{"code":"1104102014","desa":"Pantan Reduk","kecamatan":"Ketol","kecCode":"110410"},"geometry":{"type":"Polygon","coordinates":[[[96.68600090231983,4.767862687712282],[96.66962068384754,4.7760425289305495],[96.65800785158115,4.773211632204993],[96.65310883340601,4.7854757139142485],[96.63115412766092,4.783297062193125],[96.58219307674915,4.800020160668066],[96.54359329859193,4.7802590138290615],[96.54694505656913,4.762858133200877],[96.50903259787616,4.769723388620978],[96.48578482980611,4.7992189015980635],[96.48355532771626,4.812940543324212],[96.47473522944733,4.8154985551643374],[96.47572008421456,4.8381557366247065],[96.48324885944736,4.84318231913026],[96.48101443896525,4.865090810491469],[96.50477097689912,4.8704017676209315],[96.54807301595696,4.8418893917049735],[96.58494929737223,4.82766631408673],[96.60239373937962,4.830656523014642],[96.6159173198285,4.821021311628688],[96.64205841826144,4.82231276686383],[96.66098064424142,4.817245742745182],[96.68577543598764,4.79892805095606],[96.69990790422644,4.800926943488852],[96.70151100063225,4.778988393187733],[96.68600090231983,4.767862687712282]]]}},{"type":"Feature","properties":{"code":"1104102015","desa":"Pondok Balik","kecamatan":"Ketol","kecCode":"110410"},"geometry":{"type":"Polygon","coordinates":[[[96.7153310596807,4.71390731482605],[96.71247216256029,4.725874395429933],[96.72871043833611,4.7293439079343225],[96.74009361702684,4.723397095944703],[96.72875404376418,4.722185129986521],[96.7352211108656,4.7157573632651335],[96.72991389041378,4.712533455611235],[96.7153310596807,4.71390731482605]]]}},{"type":"Feature","properties":{"code":"1104102016","desa":"Rejewali","kecamatan":"Ketol","kecCode":"110410"},"geometry":{"type":"Polygon","coordinates":[[[96.71640204971487,4.710687096191179],[96.71910005632259,4.69292792655966],[96.71707846759728,4.691783880999586],[96.70178020279417,4.710042468444506],[96.68337822022875,4.715410227653632],[96.67379193105283,4.733230025080917],[96.68039744698466,4.749518399373061],[96.68987053489734,4.73874548174816],[96.68941366400945,4.724003074427196],[96.71281335455274,4.7027776046696],[96.71399835793794,4.710764050279275],[96.71640204971487,4.710687096191179]]]}},{"type":"Feature","properties":{"code":"1104102017","desa":"Serempah","kecamatan":"Ketol","kecCode":"110410"},"geometry":{"type":"Polygon","coordinates":[[[96.69754757955724,4.694401623111936],[96.69057049703088,4.690211259022285],[96.67985943656379,4.69745220802538],[96.67422301657899,4.687894462441788],[96.66320174936129,4.690645868991149],[96.63237774433748,4.67541974691904],[96.60756158380013,4.671526282311389],[96.5593005049144,4.711088542760272],[96.52824853883907,4.7260791467778835],[96.50936946143155,4.75374970060224],[96.50903259787616,4.769723388620978],[96.57697864205072,4.754701483699565],[96.5872456757474,4.731032139559181],[96.60934972021344,4.721878533114895],[96.6293328530288,4.696564846064103],[96.656583629431,4.703329416085994],[96.66194217599069,4.713513508897104],[96.69754757955724,4.694401623111936]]]}},{"type":"Feature","properties":{"code":"1104102018","desa":"Bergang","kecamatan":"Ketol","kecCode":"110410"},"geometry":{"type":"Polygon","coordinates":[[[96.5263614230413,4.860787952905089],[96.55288367843904,4.877682918118151],[96.56870233594412,4.877054740770253],[96.58178070971205,4.8633184922554165],[96.59830749339612,4.857208037827805],[96.61539662495431,4.85845931585056],[96.62706169344243,4.849398329684369],[96.64178770343983,4.852839982091075],[96.66265195872097,4.830787137850491],[96.6739709599919,4.836690104293136],[96.6774022216353,4.872576515385088],[96.68698778236033,4.867546575710325],[96.69114028589553,4.837704624096335],[96.70675192935812,4.823931113971223],[96.70732299975667,4.8130950477509185],[96.69990790422644,4.800926943488852],[96.68608488371045,4.798825908656131],[96.65816320676662,4.818397097095491],[96.6159173198285,4.821021311628688],[96.6032675710416,4.830539469055868],[96.59191302766412,4.825975483421145],[96.55303012404107,4.839891496520351],[96.5263614230413,4.860787952905089]]]}},{"type":"Feature","properties":{"code":"1104102019","desa":"Blang Mancung Bawah","kecamatan":"Ketol","kecCode":"110410"},"geometry":{"type":"Polygon","coordinates":[[[96.75249671864873,4.686367267919011],[96.74018877699051,4.685399303320085],[96.73451923587406,4.693001369694464],[96.74937576537934,4.695131699942765],[96.75249671864873,4.686367267919011]]]}},{"type":"Feature","properties":{"code":"1104102020","desa":"Buge Ara","kecamatan":"Ketol","kecCode":"110410"},"geometry":{"type":"Polygon","coordinates":[[[96.65980339121359,4.743696208237905],[96.67044328832714,4.754415012755957],[96.68372168031135,4.75786905692126],[96.6708483960367,4.727613754412367],[96.67058447559315,4.735599262029138],[96.65980339121359,4.743696208237905]]]}},{"type":"Feature","properties":{"code":"1104102021","desa":"Genting Bulen","kecamatan":"Ketol","kecCode":"110410"},"geometry":{"type":"Polygon","coordinates":[[[96.70058126531319,4.688827665545705],[96.69754757955724,4.694401623111936],[96.70082891342368,4.7065424500370305],[96.717447281367,4.692953104878942],[96.70058126531319,4.688827665545705]]]}},{"type":"Feature","properties":{"code":"1104102022","desa":"Jalan Tengah","kecamatan":"Ketol","kecCode":"110410"},"geometry":{"type":"Polygon","coordinates":[[[96.69197886503264,4.731064483676543],[96.71403213557464,4.715010049128634],[96.71306033356761,4.7029481368137445],[96.68941366400945,4.724003074427196],[96.69197886503264,4.731064483676543]]]}},{"type":"Feature","properties":{"code":"1104102023","desa":"Jerata","kecamatan":"Ketol","kecCode":"110410"},"geometry":{"type":"Polygon","coordinates":[[[96.72511100796667,4.66546821069494],[96.70745530621745,4.667997830038781],[96.70801519444575,4.681128806038872],[96.72511100796667,4.66546821069494]]]}},{"type":"Feature","properties":{"code":"1104102024","desa":"Simpang Juli","kecamatan":"Ketol","kecCode":"110410"},"geometry":{"type":"Polygon","coordinates":[[[96.74405591844594,4.671070594931754],[96.73354080586358,4.672949856048866],[96.74218105770973,4.678722727463687],[96.74405591844594,4.671070594931754]]]}},{"type":"Feature","properties":{"code":"1104102025","desa":"Selon","kecamatan":"Ketol","kecCode":"110410"},"geometry":{"type":"Polygon","coordinates":[[[96.72587281377939,4.7007630639332225],[96.71456531843477,4.703176606881341],[96.71992949744839,4.716941932276523],[96.73346975762325,4.706738993272662],[96.72587281377939,4.7007630639332225]]]}},{"type":"Feature","properties":{"code":"1104112001","desa":"Bukit Sama","kecamatan":"Kebayakan","kecCode":"110411"},"geometry":{"type":"Polygon","coordinates":[[[96.81852416355933,4.6599760176903136],[96.80616554780187,4.666354780353482],[96.81137944020905,4.677973676736403],[96.8249046808064,4.668002558674084],[96.81852416355933,4.6599760176903136]]]}},{"type":"Feature","properties":{"code":"1104112002","desa":"Gunung Bukit","kecamatan":"Kebayakan","kecCode":"110411"},"geometry":{"type":"Polygon","coordinates":[[[96.8529791966327,4.63357854415321],[96.8464607953295,4.63648563414042],[96.85024513530482,4.638646189703362],[96.8529791966327,4.63357854415321]]]}},{"type":"Feature","properties":{"code":"1104112003","desa":"Jongok Meluem","kecamatan":"Kebayakan","kecCode":"110411"},"geometry":{"type":"Polygon","coordinates":[[[96.86061236157128,4.656698872869409],[96.85456600631619,4.644643915911214],[96.85214183068098,4.644379307486523],[96.8480874755566,4.649966018338759],[96.86061236157128,4.656698872869409]]]}},{"type":"Feature","properties":{"code":"1104112004","desa":"Kelupak Mata","kecamatan":"Kebayakan","kecCode":"110411"},"geometry":{"type":"Polygon","coordinates":[[[96.82103552217164,4.672494077837689],[96.81132185302117,4.679670933957304],[96.82197197542638,4.686859538820096],[96.82007263064749,4.676385419146054],[96.82103552217164,4.672494077837689]]]}},{"type":"Feature","properties":{"code":"1104112005","desa":"Lot Kala","kecamatan":"Kebayakan","kecCode":"110411"},"geometry":{"type":"Polygon","coordinates":[[[96.86940956130228,4.625986094229454],[96.85301780722607,4.632299417724011],[96.85351406032565,4.639293176371804],[96.86813163816464,4.635671610992608],[96.86940956130228,4.625986094229454]]]}},{"type":"Feature","properties":{"code":"1104112006","desa":"Mendale","kecamatan":"Kebayakan","kecCode":"110411"},"geometry":{"type":"Polygon","coordinates":[[[96.93594962787306,4.652918426962466],[96.92916679441208,4.615121836061793],[96.87643623424486,4.623945231236217],[96.86025749358849,4.641322706108677],[96.87705332475122,4.666373240737156],[96.87957724239588,4.661495164180175],[96.93594962787306,4.652918426962466]]]}},{"type":"Feature","properties":{"code":"1104112007","desa":"Paya Reje Tami Dalem","kecamatan":"Kebayakan","kecCode":"110411"},"geometry":{"type":"Polygon","coordinates":[[[96.86061236157128,4.656698872869409],[96.85161540442743,4.6584337433354985],[96.85738290779499,4.6692312673108125],[96.87255863996931,4.668858708764456],[96.86061236157128,4.656698872869409]]]}},{"type":"Feature","properties":{"code":"1104112008","desa":"Paya Tumpi","kecamatan":"Kebayakan","kecCode":"110411"},"geometry":{"type":"Polygon","coordinates":[[[96.83745198781907,4.650611863767528],[96.82397270167887,4.651151652147488],[96.83381989856952,4.6597381281236965],[96.83745198781907,4.650611863767528]]]}},{"type":"Feature","properties":{"code":"1104112009","desa":"Pinangan","kecamatan":"Kebayakan","kecCode":"110411"},"geometry":{"type":"Polygon","coordinates":[[[96.8472697184228,4.643164575213765],[96.83966840657177,4.64102837688907],[96.83743122786893,4.649192369354864],[96.8472697184228,4.643164575213765]]]}},{"type":"Feature","properties":{"code":"1104112009","desa":"Pinangan","kecamatan":"Kebayakan","kecCode":"110411"},"geometry":{"type":"Polygon","coordinates":[[[96.83110532734906,4.659030830220939],[96.82697347764393,4.6693730912966505],[96.83351923542443,4.659591145626573],[96.83110532734906,4.659030830220939]]]}},{"type":"Feature","properties":{"code":"1104112010","desa":"Bukit","kecamatan":"Kebayakan","kecCode":"110411"},"geometry":{"type":"Polygon","coordinates":[[[96.85348858792803,4.638378247491856],[96.85131976039867,4.635982530905278],[96.85304028038468,4.638634166666907],[96.85348858792803,4.638378247491856]]]}},{"type":"Feature","properties":{"code":"1104112011","desa":"Bukit Ewih Tami Delem","kecamatan":"Kebayakan","kecCode":"110411"},"geometry":{"type":"Polygon","coordinates":[[[96.84388162603624,4.670682065325245],[96.84607049136012,4.643001206169646],[96.83418527513038,4.670404845707538],[96.84388162603624,4.670682065325245]]]}},{"type":"Feature","properties":{"code":"1104112012","desa":"Gunung Bahgie","kecamatan":"Kebayakan","kecCode":"110411"},"geometry":{"type":"Polygon","coordinates":[[[96.85758134860043,4.668985870203688],[96.84730173608631,4.650581559312563],[96.84388162603624,4.670682065325245],[96.85758134860043,4.668985870203688]]]}},{"type":"Feature","properties":{"code":"1104112013","desa":"Gunung Balohen","kecamatan":"Kebayakan","kecCode":"110411"},"geometry":{"type":"Polygon","coordinates":[[[96.85158661443073,4.637353693952644],[96.84751682783939,4.643475436670507],[96.85058100421003,4.645828743028065],[96.85446515903992,4.643488493027918],[96.85158661443073,4.637353693952644]]]}},{"type":"Feature","properties":{"code":"1104112014","desa":"Jongkok Bathin","kecamatan":"Kebayakan","kecCode":"110411"},"geometry":{"type":"Polygon","coordinates":[[[96.8540024704377,4.644093492148733],[96.86061236157128,4.656698872869409],[96.87673592702144,4.668430092777121],[96.85903445067942,4.640004675007786],[96.8540024704377,4.644093492148733]]]}},{"type":"Feature","properties":{"code":"1104112015","desa":"Kala Lengkio","kecamatan":"Kebayakan","kecCode":"110411"},"geometry":{"type":"Polygon","coordinates":[[[96.86531257561495,4.637098307176181],[96.86098309809152,4.639305229085843],[96.86128355079528,4.641338669075016],[96.86158831125162,4.6404170555343125],[96.86531257561495,4.637098307176181]]]}},{"type":"Feature","properties":{"code":"1104112016","desa":"Kute Lot","kecamatan":"Kebayakan","kecCode":"110411"},"geometry":{"type":"Polygon","coordinates":[[[96.8464607953295,4.63648563414042],[96.84751682783939,4.643475436670507],[96.85035364030828,4.641659535489485],[96.8464607953295,4.63648563414042]]]}},{"type":"Feature","properties":{"code":"1104112017","desa":"Paya Tumpi Baru","kecamatan":"Kebayakan","kecCode":"110411"},"geometry":{"type":"Polygon","coordinates":[[[96.82462690360876,4.652001242582844],[96.81559727679297,4.660207940255317],[96.82627925678236,4.664463127478007],[96.8325644126176,4.658766501485414],[96.82462690360876,4.652001242582844]]]}},{"type":"Feature","properties":{"code":"1104112018","desa":"Paya Tumpi I","kecamatan":"Kebayakan","kecCode":"110411"},"geometry":{"type":"Polygon","coordinates":[[[96.83908030571159,4.6436701623763295],[96.83223412040836,4.64622494115367],[96.83326794236172,4.649649608964299],[96.8364383376592,4.650226391855951],[96.83908030571159,4.6436701623763295]]]}},{"type":"Feature","properties":{"code":"1104112019","desa":"Timangan Gading","kecamatan":"Kebayakan","kecCode":"110411"},"geometry":{"type":"Polygon","coordinates":[[[96.8364383376592,4.650226391855951],[96.83636116233782,4.658134370717834],[96.82710879323628,4.669506369924435],[96.83723854002665,4.669034164696834],[96.84607049136012,4.643001206169646],[96.8364383376592,4.650226391855951]]]}},{"type":"Feature","properties":{"code":"1104112020","desa":"Telege Atu","kecamatan":"Kebayakan","kecCode":"110411"},"geometry":{"type":"Polygon","coordinates":[[[96.80453207679398,4.676468629817578],[96.80662554023655,4.670266028155296],[96.80365180958341,4.669931406610071],[96.8002435525979,4.674906965180126],[96.80730490429794,4.682777374863564],[96.80453207679398,4.676468629817578]]]}},{"type":"Feature","properties":{"code":"1104122001","desa":"Atu Gogop","kecamatan":"Kute Panang","kecCode":"110412"},"geometry":{"type":"Polygon","coordinates":[[[96.76677451193422,4.681127868945345],[96.748816441026,4.696784657459069],[96.75109438419855,4.713941607774298],[96.75715711071217,4.71373479967676],[96.77560592007723,4.686272616971705],[96.76677451193422,4.681127868945345]]]}},{"type":"Feature","properties":{"code":"1104122002","desa":"Balik","kecamatan":"Kute Panang","kecCode":"110412"},"geometry":{"type":"Polygon","coordinates":[[[96.75027475467624,4.694693417142749],[96.74175042544186,4.695063811020921],[96.74091865237396,4.6970517722942775],[96.74593861767312,4.697287021451435],[96.74324317143527,4.712144383713481],[96.74939291994735,4.71300204556422],[96.75252885682136,4.705887657253222],[96.75027475467624,4.694693417142749]]]}},{"type":"Feature","properties":{"code":"1104122003","desa":"Buter Balik","kecamatan":"Kute Panang","kecCode":"110412"},"geometry":{"type":"Polygon","coordinates":[[[96.74175042544186,4.695063811020921],[96.73055076600507,4.692552562128487],[96.72587281377939,4.7007630639332225],[96.7377768968863,4.703985436444328],[96.74175042544186,4.695063811020921]]]}},{"type":"Feature","properties":{"code":"1104122004","desa":"Dedingin","kecamatan":"Kute Panang","kecCode":"110412"},"geometry":{"type":"Polygon","coordinates":[[[96.77455970456678,4.688096792814849],[96.76916768164322,4.694925068112425],[96.76822639633116,4.707112738024833],[96.78176810441452,4.689486937852538],[96.77455970456678,4.688096792814849]]]}},{"type":"Feature","properties":{"code":"1104122005","desa":"Kute Panang","kecamatan":"Kute Panang","kecCode":"110412"},"geometry":{"type":"Polygon","coordinates":[[[96.7790142436125,4.668918774483868],[96.76677451193422,4.681127868945345],[96.77671412495698,4.687426653999703],[96.7790142436125,4.668918774483868]]]}},{"type":"Feature","properties":{"code":"1104122006","desa":"Lukub Sabun","kecamatan":"Kute Panang","kecCode":"110412"},"geometry":{"type":"Polygon","coordinates":[[[96.79229117329908,4.694032256259556],[96.78523059141871,4.701797770818382],[96.78592665858848,4.711855487298318],[96.78892998862813,4.707577343981112],[96.79229117329908,4.694032256259556]]]}},{"type":"Feature","properties":{"code":"1104122007","desa":"Pantan Sile","kecamatan":"Kute Panang","kecCode":"110412"},"geometry":{"type":"Polygon","coordinates":[[[96.81267862601781,4.661333913938883],[96.8072620498038,4.658213333891369],[96.79784576127291,4.665801769241527],[96.79261036157897,4.652313390969487],[96.78361813486907,4.674500503091968],[96.79409917034047,4.672864971738963],[96.79115443832671,4.680413562625887],[96.79630677483783,4.684390947470193],[96.81267862601781,4.661333913938883]]]}},{"type":"Feature","properties":{"code":"1104122008","desa":"Ratawali","kecamatan":"Kute Panang","kecCode":"110412"},"geometry":{"type":"Polygon","coordinates":[[[96.80730490429794,4.682777374863564],[96.8029040673689,4.676880455462402],[96.79991169287041,4.674956496241067],[96.7981949797146,4.681863826443],[96.80730490429794,4.682777374863564]]]}},{"type":"Feature","properties":{"code":"1104122009","desa":"Segene Balik","kecamatan":"Kute Panang","kecCode":"110412"},"geometry":{"type":"Polygon","coordinates":[[[96.74809202182938,4.712717148434219],[96.72875404376418,4.722185129986521],[96.7395004188093,4.722949198492663],[96.74809202182938,4.712717148434219]]]}},{"type":"Feature","properties":{"code":"1104122010","desa":"Tapak Moge","kecamatan":"Kute Panang","kecCode":"110412"},"geometry":{"type":"Polygon","coordinates":[[[96.78391140558693,4.647360316349911],[96.76875540903495,4.660246434836129],[96.76746676328054,4.673167194308149],[96.77646390208746,4.664151793877106],[96.79134797422967,4.661308786880888],[96.79261036157897,4.652313390969487],[96.78391140558693,4.647360316349911]]]}},{"type":"Feature","properties":{"code":"1104122011","desa":"Tawar Miko","kecamatan":"Kute Panang","kecCode":"110412"},"geometry":{"type":"Polygon","coordinates":[[[96.79333488060028,4.686042296099336],[96.79364286242821,4.695124063799305],[96.79965112240143,4.6897500587985546],[96.79333488060028,4.686042296099336]]]}},{"type":"Feature","properties":{"code":"1104122012","desa":"Tawardi","kecamatan":"Kute Panang","kecCode":"110412"},"geometry":{"type":"Polygon","coordinates":[[[96.80458476087807,4.68434359366793],[96.79502450887406,4.6860030577791445],[96.80329777527214,4.694338633696607],[96.80458476087807,4.68434359366793]]]}},{"type":"Feature","properties":{"code":"1104122013","desa":"Timang Rasa","kecamatan":"Kute Panang","kecCode":"110412"},"geometry":{"type":"Polygon","coordinates":[[[96.79115443832671,4.680413562625887],[96.77849572959427,4.696077588883473],[96.79645617831005,4.684618189063918],[96.79115443832671,4.680413562625887]]]}},{"type":"Feature","properties":{"code":"1104122014","desa":"Wih Nongkal","kecamatan":"Kute Panang","kecCode":"110412"},"geometry":{"type":"Polygon","coordinates":[[[96.7778288822971,4.685611851790231],[96.78220423333873,4.689264397914536],[96.7954291228558,4.6742532794617615],[96.78505928226012,4.672625627968508],[96.7778288822971,4.685611851790231]]]}},{"type":"Feature","properties":{"code":"1104122015","desa":"Bukit Rata","kecamatan":"Kute Panang","kecCode":"110412"},"geometry":{"type":"Polygon","coordinates":[[[96.78427101839286,4.7023282997785385],[96.77048255342713,4.706124223917204],[96.76701576586497,4.71408178060483],[96.78427101839286,4.7023282997785385]]]}},{"type":"Feature","properties":{"code":"1104122016","desa":"Lukub Sabun Barat","kecamatan":"Kute Panang","kecCode":"110412"},"geometry":{"type":"Polygon","coordinates":[[[96.77803489089756,4.715812147266135],[96.7804376186013,4.7021234791827835],[96.76922303041856,4.714901641252043],[96.77803489089756,4.715812147266135]]]}},{"type":"Feature","properties":{"code":"1104122017","desa":"Lukub Sabun Tengah","kecamatan":"Kute Panang","kecCode":"110412"},"geometry":{"type":"Polygon","coordinates":[[[96.78592665858848,4.711855487298318],[96.78724479760938,4.702207713282782],[96.78523059141871,4.701797770818382],[96.77698648823588,4.715042331192807],[96.78592665858848,4.711855487298318]]]}},{"type":"Feature","properties":{"code":"1104122018","desa":"Lukub Sabun Timur","kecamatan":"Kute Panang","kecCode":"110412"},"geometry":{"type":"Polygon","coordinates":[[[96.79758768282534,4.692682812738969],[96.78869620536562,4.701612010453987],[96.78652897862952,4.7134554090956415],[96.79758768282534,4.692682812738969]]]}},{"type":"Feature","properties":{"code":"1104122019","desa":"Wih Nongkal Toa","kecamatan":"Kute Panang","kecCode":"110412"},"geometry":{"type":"Polygon","coordinates":[[[96.76916768164322,4.694925068112425],[96.76426014598898,4.700072739834726],[96.76077139968044,4.709508189311374],[96.77153519998954,4.702568317141187],[96.76916768164322,4.694925068112425]]]}},{"type":"Feature","properties":{"code":"1104122020","desa":"Tapak Moge Timur","kecamatan":"Kute Panang","kecCode":"110412"},"geometry":{"type":"Polygon","coordinates":[[[96.77660831522161,4.66408372059424],[96.76879535062498,4.675743876073942],[96.77800910283786,4.668509926494331],[96.78094017594844,4.678029501253026],[96.79056098739972,4.662314274792812],[96.77660831522161,4.66408372059424]]]}},{"type":"Feature","properties":{"code":"1104122021","desa":"Empu Balik","kecamatan":"Kute Panang","kecCode":"110412"},"geometry":{"type":"Polygon","coordinates":[[[96.72991389041378,4.712533455611235],[96.74324317143527,4.712144383713481],[96.74577328181158,4.696831451883009],[96.74072450762996,4.697239331302684],[96.73809348342758,4.710498957120037],[96.72991389041378,4.712533455611235]]]}},{"type":"Feature","properties":{"code":"1104122022","desa":"Blang Balik","kecamatan":"Kute Panang","kecCode":"110412"},"geometry":{"type":"Polygon","coordinates":[[[96.73856328656649,4.703745146587133],[96.73249754372671,4.708403722914481],[96.73809348342758,4.710498957120037],[96.73856328656649,4.703745146587133]]]}},{"type":"Feature","properties":{"code":"1104122023","desa":"Kala Nongkal","kecamatan":"Kute Panang","kecCode":"110412"},"geometry":{"type":"Polygon","coordinates":[[[96.7700635772723,4.7075654045816435],[96.75715711071217,4.71373479967676],[96.7640178902135,4.716073501943622],[96.7700635772723,4.7075654045816435]]]}},{"type":"Feature","properties":{"code":"1104122024","desa":"Pantan Jerik","kecamatan":"Kute Panang","kecCode":"110412"},"geometry":{"type":"Polygon","coordinates":[[[96.79132433734833,4.69377855391335],[96.77484479684995,4.7009630003109475],[96.78427101839286,4.7023282997785385],[96.79132433734833,4.69377855391335]]]}},{"type":"Feature","properties":{"code":"1104132001","desa":"Arul Gading","kecamatan":"Celala","kecCode":"110413"},"geometry":{"type":"Polygon","coordinates":[[[96.69667244297891,4.53057437445382],[96.6883538840246,4.520183140796164],[96.67863378562078,4.519076690494843],[96.6747374179975,4.534364728191702],[96.66435701756238,4.5285945340585165],[96.66664725086996,4.534483700404349],[96.65582070306306,4.53680367518898],[96.64454756002192,4.557872915620102],[96.68496018886167,4.556822470599143],[96.67921973979922,4.5403952670636425],[96.69667244297891,4.53057437445382]]]}},{"type":"Feature","properties":{"code":"1104132002","desa":"Belang Kekumur","kecamatan":"Celala","kecCode":"110413"},"geometry":{"type":"Polygon","coordinates":[[[96.70027914796434,4.614982442044119],[96.71065403915263,4.601749323744163],[96.69526858777516,4.602849646964369],[96.68259018568857,4.612031709756731],[96.70027914796434,4.614982442044119]]]}},{"type":"Feature","properties":{"code":"1104132003","desa":"Berawang Gading","kecamatan":"Celala","kecCode":"110413"},"geometry":{"type":"Polygon","coordinates":[[[96.68831652528746,4.591108938309791],[96.69776868058023,4.587314427905389],[96.69445076499085,4.578940275568857],[96.68491161108203,4.586180456550847],[96.68831652528746,4.591108938309791]]]}},{"type":"Feature","properties":{"code":"1104132004","desa":"Celala","kecamatan":"Celala","kecCode":"110413"},"geometry":{"type":"Polygon","coordinates":[[[96.67377735843843,4.608052645878169],[96.67936771694662,4.609091637133557],[96.69981609963332,4.594675494857398],[96.69370783774656,4.592001606271055],[96.67377735843843,4.608052645878169]]]}},{"type":"Feature","properties":{"code":"1104132005","desa":"Cibro","kecamatan":"Celala","kecCode":"110413"},"geometry":{"type":"Polygon","coordinates":[[[96.66307943976437,4.59973574977898],[96.67052804673204,4.601054267413074],[96.68845215564255,4.591287397977809],[96.68491161108203,4.586180456550847],[96.6704982485954,4.587931009394772],[96.66307943976437,4.59973574977898]]]}},{"type":"Feature","properties":{"code":"1104132006","desa":"Kuyun","kecamatan":"Celala","kecCode":"110413"},"geometry":{"type":"Polygon","coordinates":[[[96.74580491186725,4.585875926321286],[96.727256972931,4.542487902228473],[96.71531154259367,4.530678167009703],[96.70817315856448,4.535341910841539],[96.69667244297891,4.53057437445382],[96.7228733975893,4.5853787208401995],[96.74580491186725,4.585875926321286]]]}},{"type":"Feature","properties":{"code":"1104132007","desa":"Kuyun Toa","kecamatan":"Celala","kecCode":"110413"},"geometry":{"type":"Polygon","coordinates":[[[96.7186103026234,4.589765013029208],[96.72305313159681,4.585578971081309],[96.69667244297891,4.53057437445382],[96.68940176238145,4.536075598450336],[96.70743752032534,4.577987129099333],[96.7186103026234,4.589765013029208]]]}},{"type":"Feature","properties":{"code":"1104132008","desa":"Kuyun Uken","kecamatan":"Celala","kecCode":"110413"},"geometry":{"type":"Polygon","coordinates":[[[96.74776527744564,4.586071964138007],[96.74997096638702,4.57945866008414],[96.75340671744611,4.586250177391708],[96.78328514109643,4.578485483913998],[96.76694679325992,4.5475254007049495],[96.77346433121396,4.543871985835634],[96.75786378988202,4.531702360820079],[96.75000000459659,4.538489446268672],[96.7199752864304,4.534675662493542],[96.74776527744564,4.586071964138007]]]}},{"type":"Feature","properties":{"code":"1104132009","desa":"Makmur","kecamatan":"Celala","kecCode":"110413"},"geometry":{"type":"Polygon","coordinates":[[[96.67936771694662,4.609091637133557],[96.68263364992303,4.61186929039675],[96.70395186858394,4.602855962003717],[96.69981609963332,4.594675494857398],[96.67936771694662,4.609091637133557]]]}},{"type":"Feature","properties":{"code":"1104132010","desa":"Melala","kecamatan":"Celala","kecCode":"110413"},"geometry":{"type":"Polygon","coordinates":[[[96.67052804673204,4.601054267413074],[96.67377735843843,4.608052645878169],[96.69370783774656,4.592001606271055],[96.69957455702023,4.594375197736716],[96.69776868058023,4.587314427905389],[96.67052804673204,4.601054267413074]]]}},{"type":"Feature","properties":{"code":"1104132011","desa":"Paya Kolak","kecamatan":"Celala","kecCode":"110413"},"geometry":{"type":"Polygon","coordinates":[[[96.68496018886167,4.556822470599143],[96.6531943850129,4.55646555306182],[96.61952290605734,4.561106115069295],[96.64215553155259,4.57283084456978],[96.65331143627382,4.589683885187527],[96.66221144740041,4.580789116218388],[96.6932015473136,4.576055179401625],[96.68496018886167,4.556822470599143]]]}},{"type":"Feature","properties":{"code":"1104132012","desa":"Ramung Ara","kecamatan":"Celala","kecCode":"110413"},"geometry":{"type":"Polygon","coordinates":[[[96.68278289331595,4.538441909004669],[96.67921973979922,4.541144797129626],[96.6840965959812,4.560939383460117],[96.70636811129935,4.602401822357415],[96.68278289331595,4.538441909004669]]]}},{"type":"Feature","properties":{"code":"1104132013","desa":"Sepakat","kecamatan":"Celala","kecCode":"110413"},"geometry":{"type":"Polygon","coordinates":[[[96.7124419840104,4.598532800423598],[96.7186103026234,4.589765013029208],[96.68644675741199,4.536654397622036],[96.70167938339688,4.56431141035412],[96.7124419840104,4.598532800423598]]]}},{"type":"Feature","properties":{"code":"1104132014","desa":"Tanoh Depet","kecamatan":"Celala","kecCode":"110413"},"geometry":{"type":"Polygon","coordinates":[[[96.68153739343602,4.518123736480241],[96.66653092895928,4.514589854101144],[96.65550355444553,4.519131960129811],[96.64934703134047,4.512315470447656],[96.62892365790054,4.508720827173226],[96.62759459841203,4.521332497752176],[96.6400312474442,4.529343350062817],[96.6366314962466,4.53256915888348],[96.65565855889541,4.529737671303361],[96.65414785434005,4.538739366066368],[96.66664725086996,4.534483700404349],[96.66435701756238,4.5285945340585165],[96.6744102419392,4.534662160072351],[96.67313128188322,4.526274560173309],[96.68153739343602,4.518123736480241]]]}},{"type":"Feature","properties":{"code":"1104132015","desa":"Uning Berawang Ramung","kecamatan":"Celala","kecCode":"110413"},"geometry":{"type":"Polygon","coordinates":[[[96.70939593077763,4.602121117866745],[96.70848464055376,4.580729689916978],[96.68564181741601,4.537137965783609],[96.7085952877424,4.597833255576178],[96.70395186858394,4.602855962003717],[96.70939593077763,4.602121117866745]]]}},{"type":"Feature","properties":{"code":"1104132016","desa":"Blang Delem","kecamatan":"Celala","kecCode":"110413"},"geometry":{"type":"Polygon","coordinates":[[[96.65976570242525,4.598391989074397],[96.66745253980291,4.5891207414140895],[96.68284566959204,4.589041423907653],[96.69412358893253,4.576531070950224],[96.65964162925786,4.581931258813027],[96.65331143627382,4.589683885187527],[96.65976570242525,4.598391989074397]]]}},{"type":"Feature","properties":{"code":"1104132017","desa":"Depet Indah","kecamatan":"Celala","kecCode":"110413"},"geometry":{"type":"Polygon","coordinates":[[[96.62406730356327,4.533113237928926],[96.6400312474442,4.529343350062817],[96.62761363256318,4.521446711651891],[96.62892365790054,4.508720827173226],[96.62201624495377,4.514185516211737],[96.60798673020348,4.500886199715326],[96.61025421515996,4.521979178651154],[96.62406730356327,4.533113237928926]]]}},{"type":"Feature","properties":{"code":"1104172001","desa":"Takengon Timur","kecamatan":"Laut Tawar","kecCode":"110417"},"geometry":{"type":"Polygon","coordinates":[[[96.84759298243023,4.617575757670469],[96.85110869580971,4.624166122716894],[96.87209892272715,4.6252689307639505],[96.84759298243023,4.617575757670469]]]}},{"type":"Feature","properties":{"code":"1104172002","desa":"Asir Asir","kecamatan":"Laut Tawar","kecCode":"110417"},"geometry":{"type":"Polygon","coordinates":[[[96.8323938876678,4.621222847607921],[96.84629769967914,4.617921079349321],[96.84311328844755,4.601328943748004],[96.83079877993981,4.610250049363291],[96.8323938876678,4.621222847607921]]]}},{"type":"Feature","properties":{"code":"1104172003","desa":"Asir Asir Asia","kecamatan":"Laut Tawar","kecCode":"110417"},"geometry":{"type":"Polygon","coordinates":[[[96.84838002681686,4.617495187408404],[96.84311328844755,4.601328943748004],[96.84629769967914,4.617921079349321],[96.84838002681686,4.617495187408404]]]}},{"type":"Feature","properties":{"code":"1104172004","desa":"Bale Atu","kecamatan":"Laut Tawar","kecCode":"110417"},"geometry":{"type":"Polygon","coordinates":[[[96.848474618409,4.619681586788976],[96.84999054442814,4.623220219387091],[96.85014699498787,4.619431656199428],[96.848474618409,4.619681586788976]]]}},{"type":"Feature","properties":{"code":"1104172005","desa":"Bujang","kecamatan":"Laut Tawar","kecCode":"110417"},"geometry":{"type":"Polygon","coordinates":[[[96.84607292942222,4.609066130561681],[96.8472135665529,4.615173688272975],[96.84796424955056,4.616260793257781],[96.85276099772192,4.609571723120252],[96.84607292942222,4.609066130561681]]]}},{"type":"Feature","properties":{"code":"1104172006","desa":"Gunung Suku","kecamatan":"Laut Tawar","kecCode":"110417"},"geometry":{"type":"Polygon","coordinates":[[[96.90818588626966,4.537570638612802],[96.89809612243816,4.536799439382121],[96.89803886440211,4.542459482752527],[96.90885353126549,4.620008464272066],[96.92678260803096,4.615537637609347],[96.917208329301,4.575947660055171],[96.90916465172732,4.573205288095137],[96.91755618437048,4.548196723927279],[96.90818588626966,4.537570638612802]]]}},{"type":"Feature","properties":{"code":"1104172007","desa":"Hakim Bale Bujang","kecamatan":"Laut Tawar","kecCode":"110417"},"geometry":{"type":"Polygon","coordinates":[[[96.87209892272715,4.6252689307639505],[96.87385368260139,4.618265147373315],[96.8643540565945,4.612853257532093],[96.85290577058493,4.610508024388536],[96.84796424955056,4.616260793257781],[96.87209892272715,4.6252689307639505]]]}},{"type":"Feature","properties":{"code":"1104172008","desa":"Kenawat","kecamatan":"Laut Tawar","kecCode":"110417"},"geometry":{"type":"Polygon","coordinates":[[[96.8678878301593,4.596455585034592],[96.8617339456651,4.591254434227514],[96.86045322473662,4.569297148350307],[96.87021853295896,4.561092767331519],[96.87109417495627,4.53578862748375],[96.85868842662966,4.513456573425951],[96.84564431163574,4.5947524120733005],[96.86269776708832,4.600816637750432],[96.8678878301593,4.596455585034592]]]}},{"type":"Feature","properties":{"code":"1104172009","desa":"Kuteni Reje","kecamatan":"Laut Tawar","kecCode":"110417"},"geometry":{"type":"Polygon","coordinates":[[[96.84361576935231,4.619539258283447],[96.8468482016832,4.622158658745718],[96.84716384483562,4.621565935370816],[96.84361576935231,4.619539258283447]]]}},{"type":"Feature","properties":{"code":"1104172010","desa":"Pedemun One One","kecamatan":"Laut Tawar","kecCode":"110417"},"geometry":{"type":"Polygon","coordinates":[[[96.876186121992,4.594377821059115],[96.86269776708832,4.600816637750432],[96.87643623424486,4.623945231236217],[96.88212710638088,4.603979268298112],[96.876186121992,4.594377821059115]]]}},{"type":"Feature","properties":{"code":"1104172011","desa":"Rawe","kecamatan":"Laut Tawar","kecCode":"110417"},"geometry":{"type":"Polygon","coordinates":[[[96.93435478184777,4.613046640550125],[96.93630441941349,4.594284891414188],[96.91685453690741,4.5492589257853115],[96.90916465172732,4.573205288095137],[96.917208329301,4.575947660055171],[96.92678260803096,4.615537637609347],[96.93435478184777,4.613046640550125]]]}},{"type":"Feature","properties":{"code":"1104172012","desa":"Takengon Barat","kecamatan":"Laut Tawar","kecCode":"110417"},"geometry":{"type":"Polygon","coordinates":[[[96.84735418095072,4.617602230114161],[96.84279863275077,4.619846938838138],[96.84782979640806,4.618004505858175],[96.84735418095072,4.617602230114161]]]}},{"type":"Feature","properties":{"code":"1104172013","desa":"Toweren Antara","kecamatan":"Laut Tawar","kecCode":"110417"},"geometry":{"type":"Polygon","coordinates":[[[96.89809612243816,4.536799439382121],[96.88614959942451,4.531889351457026],[96.87834625397647,4.535637475729615],[96.88309644694351,4.538068745214601],[96.87839183881238,4.553114713295868],[96.88325789593523,4.565651715863385],[96.87717253258637,4.5713662644450155],[96.88279082583603,4.578664668435561],[96.88026189806823,4.590148080153705],[96.88867880328422,4.59106427258111],[96.89121622424943,4.599725930081557],[96.90251369395185,4.587736661404194],[96.89809612243816,4.536799439382121]]]}},{"type":"Feature","properties":{"code":"1104172014","desa":"Toweran Toa","kecamatan":"Laut Tawar","kecCode":"110417"},"geometry":{"type":"Polygon","coordinates":[[[96.90258598325659,4.621053690527135],[96.90885353126549,4.620008464272066],[96.9015419369109,4.5933256934066415],[96.89307781458949,4.6009223098893886],[96.90258598325659,4.621053690527135]]]}},{"type":"Feature","properties":{"code":"1104172015","desa":"Toweren Uken","kecamatan":"Laut Tawar","kecCode":"110417"},"geometry":{"type":"Polygon","coordinates":[[[96.88867880328422,4.59106427258111],[96.876186121992,4.594377821059115],[96.88001655761808,4.601478412870576],[96.89317739741904,4.601240297574053],[96.9015419369109,4.5933256934066415],[96.89121622424943,4.599725930081557],[96.88867880328422,4.59106427258111]]]}},{"type":"Feature","properties":{"code":"1104172016","desa":"Teluk One-One","kecamatan":"Laut Tawar","kecCode":"110417"},"geometry":{"type":"Polygon","coordinates":[[[96.84890685866462,4.601746140144096],[96.84607292942222,4.609066130561681],[96.87385368260139,4.618265147373315],[96.8625291397081,4.600635638397003],[96.84890685866462,4.601746140144096]]]}},{"type":"Feature","properties":{"code":"1104172017","desa":"Merah Mersa","kecamatan":"Laut Tawar","kecCode":"110417"},"geometry":{"type":"Polygon","coordinates":[[[96.84716384483562,4.621565935370816],[96.84691409231156,4.618618993725857],[96.84452710364296,4.619484531839078],[96.84716384483562,4.621565935370816]]]}},{"type":"Feature","properties":{"code":"1104172018","desa":"Waq Toweren","kecamatan":"Laut Tawar","kecCode":"110417"},"geometry":{"type":"Polygon","coordinates":[[[96.88029670722733,4.623468393600745],[96.90258598325659,4.621053690527135],[96.89322424130575,4.601229666688129],[96.88001655761808,4.601478412870576],[96.88029670722733,4.623468393600745]]]}},{"type":"Feature","properties":{"code":"1104182001","desa":"Atu Lintang","kecamatan":"Atu Lintang","kecCode":"110418"},"geometry":{"type":"Polygon","coordinates":[[[96.79045535662947,4.43551190729401],[96.77475048944359,4.443817721047598],[96.76116563368709,4.4390851961664275],[96.75736313639969,4.453459555940266],[96.79119556162595,4.452039456283872],[96.79546479896135,4.4455116795552225],[96.79045535662947,4.43551190729401]]]}},{"type":"Feature","properties":{"code":"1104182002","desa":"Merah Mege","kecamatan":"Atu Lintang","kecCode":"110418"},"geometry":{"type":"Polygon","coordinates":[[[96.77777843302833,4.471835638910935],[96.78994355784896,4.4695427175320726],[96.80279567118333,4.475593036093148],[96.80326839442091,4.454936579984134],[96.78137404307766,4.45483424253133],[96.78362485460342,4.465378693685847],[96.77777843302833,4.471835638910935]]]}},{"type":"Feature","properties":{"code":"1104182003","desa":"Merah Pupuk","kecamatan":"Atu Lintang","kecCode":"110418"},"geometry":{"type":"Polygon","coordinates":[[[96.7680890428751,4.470591872925217],[96.77719306880516,4.472242350111271],[96.78398296374286,4.461737325235264],[96.77002674643728,4.454793207365764],[96.7680890428751,4.470591872925217]]]}},{"type":"Feature","properties":{"code":"1104182004","desa":"Merah Muyang","kecamatan":"Atu Lintang","kecCode":"110418"},"geometry":{"type":"Polygon","coordinates":[[[96.79122662600803,4.430194948089197],[96.81034781709816,4.412393207250205],[96.79327285705676,4.398738915752143],[96.7823401856511,4.4078068590735615],[96.76239874990243,4.406213042773644],[96.75302925129898,4.413036695555889],[96.73972077969027,4.407976299440779],[96.73361730579408,4.4136295097622495],[96.7506355977547,4.424287124408287],[96.78725285643424,4.422113364999146],[96.79122662600803,4.430194948089197]]]}},{"type":"Feature","properties":{"code":"1104182005","desa":"Gayo Murni","kecamatan":"Atu Lintang","kecCode":"110418"},"geometry":{"type":"Polygon","coordinates":[[[96.78683043857393,4.435896003242861],[96.78725285643424,4.422113364999146],[96.76123814242641,4.423116835731657],[96.76279118526504,4.430362017843517],[96.78683043857393,4.435896003242861]]]}},{"type":"Feature","properties":{"code":"1104182006","desa":"Kepala Akal","kecamatan":"Atu Lintang","kecCode":"110418"},"geometry":{"type":"Polygon","coordinates":[[[96.72302043584449,4.4235704285902],[96.72309840886453,4.449555928094207],[96.74346459891217,4.4551323282191735],[96.76062698025099,4.450482226203397],[96.75332976695523,4.424738390720731],[96.7442651277335,4.418221969731509],[96.73395910662752,4.414504947612502],[96.72302043584449,4.4235704285902]]]}},{"type":"Feature","properties":{"code":"1104182007","desa":"Tanoh Abu","kecamatan":"Atu Lintang","kecCode":"110418"},"geometry":{"type":"Polygon","coordinates":[[[96.81095082691917,4.421211541040028],[96.80029960644174,4.426370417415652],[96.80553813487704,4.433849478117985],[96.80030532523062,4.441940859321734],[96.80544254683609,4.4647640808123965],[96.81572774144216,4.4457693164353485],[96.81095082691917,4.421211541040028]]]}},{"type":"Feature","properties":{"code":"1104182008","desa":"Bintang Kekelip","kecamatan":"Atu Lintang","kecCode":"110418"},"geometry":{"type":"Polygon","coordinates":[[[96.78707740230033,4.431957755095312],[96.79544884858558,4.448143089564016],[96.77462130363034,4.4563386095626925],[96.8025714719959,4.455006752284727],[96.80231909255212,4.4260076938552295],[96.78707740230033,4.431957755095312]]]}},{"type":"Feature","properties":{"code":"1104182009","desa":"Merah Jernang","kecamatan":"Atu Lintang","kecCode":"110418"},"geometry":{"type":"Polygon","coordinates":[[[96.83465575635813,4.451184893496952],[96.83373782643956,4.433905732510544],[96.81429396399528,4.418611822240768],[96.81514239340679,4.4494955521086945],[96.81004003671836,4.450173064465353],[96.80279567118333,4.475593036093148],[96.82315635738007,4.4777660319779375],[96.83465575635813,4.451184893496952]]]}},{"type":"Feature","properties":{"code":"1104182010","desa":"Damar Mulyo","kecamatan":"Atu Lintang","kecCode":"110418"},"geometry":{"type":"Polygon","coordinates":[[[96.76085630377548,4.4402273369623595],[96.77475048944359,4.443817721047598],[96.78683265720146,4.434811102496405],[96.75434756838563,4.423084816269524],[96.76085630377548,4.4402273369623595]]]}},{"type":"Feature","properties":{"code":"1104182011","desa":"Pantan Damar","kecamatan":"Atu Lintang","kecCode":"110418"},"geometry":{"type":"Polygon","coordinates":[[[96.74346459891217,4.4551323282191735],[96.75748634262065,4.470819467952443],[96.7680890428751,4.470591872925217],[96.77002674643728,4.454793207365764],[96.74346459891217,4.4551323282191735]]]}},{"type":"Feature","properties":{"code":"1104192001","desa":"Merah Said","kecamatan":"Jagong Jeget","kecCode":"110419"},"geometry":{"type":"Polygon","coordinates":[[[96.66710457231822,4.39774385008346],[96.67828506360483,4.407646139432252],[96.67683920736357,4.413249033584642],[96.69005968300802,4.4173040173309115],[96.68850248889879,4.422081475938718],[96.71315712040484,4.420375165242823],[96.71226213039306,4.414130555348565],[96.67853239335533,4.394987426216473],[96.66710457231822,4.39774385008346]]]}},{"type":"Feature","properties":{"code":"1104192002","desa":"Berawang Dewal","kecamatan":"Jagong Jeget","kecCode":"110419"},"geometry":{"type":"Polygon","coordinates":[[[96.7123923558226,4.42184283723676],[96.72422501207473,4.423355403387212],[96.73343783528792,4.405900451021246],[96.70933875457989,4.3930336940395245],[96.69718733182998,4.3966194646026295],[96.69010717080937,4.388871875330885],[96.67903346592176,4.3882423849728625],[96.68392900012333,4.394169995537435],[96.67957403041726,4.396442940275631],[96.71226213039306,4.414130555348565],[96.7123923558226,4.42184283723676]]]}},{"type":"Feature","properties":{"code":"1104192003","desa":"Gegarang","kecamatan":"Jagong Jeget","kecCode":"110419"},"geometry":{"type":"Polygon","coordinates":[[[96.6717972977072,4.381874655192633],[96.70746739490441,4.396535616311691],[96.71076857680843,4.375000006353885],[96.70544675136654,4.361185648122274],[96.67622955065332,4.3667993791053075],[96.6717972977072,4.381874655192633]]]}},{"type":"Feature","properties":{"code":"1104192004","desa":"Telege Sari","kecamatan":"Jagong Jeget","kecCode":"110419"},"geometry":{"type":"Polygon","coordinates":[[[96.70933875457989,4.3930336940395245],[96.73343783528792,4.405900451021246],[96.71631328483028,4.35540090925375],[96.70544675136654,4.361185648122274],[96.70933875457989,4.3930336940395245]]]}},{"type":"Feature","properties":{"code":"1104192005","desa":"Jeget Ayu","kecamatan":"Jagong Jeget","kecCode":"110419"},"geometry":{"type":"Polygon","coordinates":[[[96.77162854602062,4.391296813588679],[96.77421579032654,4.382538255936505],[96.76088398580737,4.369913469644883],[96.74524066462503,4.381217398266445],[96.75340168933656,4.391742795484714],[96.77162854602062,4.391296813588679]]]}},{"type":"Feature","properties":{"code":"1104192006","desa":"Paya Tungel","kecamatan":"Jagong Jeget","kecCode":"110419"},"geometry":{"type":"Polygon","coordinates":[[[96.75648852502547,4.375305067183419],[96.76044029088679,4.369754418245994],[96.76978285929157,4.377868210555131],[96.76420549328896,4.3638838273970135],[96.76888531520518,4.357815832661227],[96.74618078531505,4.311952766381861],[96.73743416165728,4.315683473484412],[96.73933931965392,4.32823018783061],[96.75222260079244,4.348778280129681],[96.74962270932063,4.364746010139673],[96.75648852502547,4.375305067183419]]]}},{"type":"Feature","properties":{"code":"1104192007","desa":"Jagong Jeget","kecamatan":"Jagong Jeget","kecCode":"110419"},"geometry":{"type":"Polygon","coordinates":[[[96.78019097143623,4.339747579532832],[96.77614535592352,4.321789576991848],[96.7534035338461,4.300086217392292],[96.74223490641583,4.313198329212983],[96.75304120868492,4.321403989967031],[96.76071450227255,4.350028560804275],[96.76878247233327,4.357264991613316],[96.76420549328896,4.3638838273970135],[96.77449404776218,4.393100765477651],[96.78174226509348,4.391200363097919],[96.77659097899055,4.378145874437921],[96.78481371787882,4.367106404953566],[96.77605628976602,4.345949168558401],[96.78019097143623,4.339747579532832]]]}},{"type":"Feature","properties":{"code":"1104192008","desa":"Bukit Sari","kecamatan":"Jagong Jeget","kecCode":"110419"},"geometry":{"type":"Polygon","coordinates":[[[96.72370338370428,4.421911235174869],[96.73954583007605,4.407998218617016],[96.75302925129898,4.413036695555889],[96.76239874990243,4.406213042773644],[96.77150469408645,4.408734777761106],[96.77207234796053,4.391843363071788],[96.75340168933656,4.391742795484714],[96.74799416659755,4.383235098321172],[96.72370338370428,4.421911235174869]]]}},{"type":"Feature","properties":{"code":"1104192009","desa":"Bukit Kemuning","kecamatan":"Jagong Jeget","kecCode":"110419"},"geometry":{"type":"Polygon","coordinates":[[[96.80187306389085,4.401405396622776],[96.8056816747695,4.3922120167618255],[96.79089355759169,4.376111896654203],[96.79173469530002,4.353479380000602],[96.78199195916166,4.339132303858992],[96.77599906860216,4.345502848517261],[96.78481371787882,4.367106404953566],[96.77659097899055,4.378145874437921],[96.78174226509348,4.391200363097919],[96.77162854602062,4.391296813588679],[96.77365827540915,4.405984201286064],[96.78252920066215,4.407714383586329],[96.78659874893316,4.3995334703763165],[96.80187306389085,4.401405396622776]]]}},{"type":"Feature","properties":{"code":"1104192010","desa":"Paya Dedep","kecamatan":"Jagong Jeget","kecCode":"110419"},"geometry":{"type":"Polygon","coordinates":[[[96.71477399982028,4.3310459966302215],[96.72498586820329,4.376061491452204],[96.72239697544012,4.38437622917846],[96.73191047438894,4.3914108206443],[96.73376021436245,4.403656257608854],[96.74685612401093,4.3786659784569855],[96.75648852502547,4.375305067183419],[96.74962270932063,4.364746010139673],[96.75349740957783,4.35256214435964],[96.73743416165728,4.315683473484412],[96.71477399982028,4.3310459966302215]]]}},{"type":"Feature","properties":{"code":"1104202001","desa":"Bies Penentanan","kecamatan":"Bies","kecCode":"110420"},"geometry":{"type":"Polygon","coordinates":[[[96.77536375873052,4.621436222554996],[96.77315330518091,4.627637858345406],[96.79191398594173,4.630769724884538],[96.80944517565439,4.616540182040247],[96.80065551763806,4.613559241525334],[96.79519670386485,4.62020694554672],[96.77536375873052,4.621436222554996]]]}},{"type":"Feature","properties":{"code":"1104202002","desa":"Bies Baru","kecamatan":"Bies","kecCode":"110420"},"geometry":{"type":"Polygon","coordinates":[[[96.80000657944015,4.60891169538284],[96.8070014316708,4.614199761168943],[96.80917335556596,4.6128544653215595],[96.80000657944015,4.60891169538284]]]}},{"type":"Feature","properties":{"code":"1104202003","desa":"Bies Mulie","kecamatan":"Bies","kecCode":"110420"},"geometry":{"type":"Polygon","coordinates":[[[96.7794712206204,4.618407282524552],[96.79519670386485,4.62020694554672],[96.80000657944015,4.60891169538284],[96.78171296787923,4.611943154414294],[96.7794712206204,4.618407282524552]]]}},{"type":"Feature","properties":{"code":"1104202004","desa":"Aru Latong","kecamatan":"Bies","kecCode":"110420"},"geometry":{"type":"Polygon","coordinates":[[[96.78268149995131,4.604551557277446],[96.78625686356344,4.614220271107453],[96.8011014824475,4.606850513107171],[96.79623615287619,4.6019785375510684],[96.78859917840941,4.607582018960778],[96.78268149995131,4.604551557277446]]]}},{"type":"Feature","properties":{"code":"1104202005","desa":"Simpang Lukup Badak","kecamatan":"Bies","kecCode":"110420"},"geometry":{"type":"Polygon","coordinates":[[[96.80667588788195,4.5995807057590845],[96.80273213677873,4.593491890818494],[96.79862637640622,4.590235598577809],[96.79797772599129,4.604095574020933],[96.80667588788195,4.5995807057590845]]]}},{"type":"Feature","properties":{"code":"1104202006","desa":"Atang Jungket","kecamatan":"Bies","kecCode":"110420"},"geometry":{"type":"Polygon","coordinates":[[[96.79842444443261,4.59057625907058],[96.79193729996649,4.600043678546569],[96.7970041433266,4.602936009759646],[96.79834322036338,4.595591766425109],[96.79842444443261,4.59057625907058]]]}},{"type":"Feature","properties":{"code":"1104202007","desa":"Tebes Lues","kecamatan":"Bies","kecCode":"110420"},"geometry":{"type":"Polygon","coordinates":[[[96.78000460582795,4.607079735008088],[96.78859917840941,4.607582018960778],[96.79623615287619,4.6019785375510684],[96.78237095055896,4.598359456998721],[96.78000460582795,4.607079735008088]]]}},{"type":"Feature","properties":{"code":"1104202008","desa":"Pucuk Deku","kecamatan":"Bies","kecCode":"110420"},"geometry":{"type":"Polygon","coordinates":[[[96.77070326234576,4.59760754642726],[96.77536375873052,4.621436222554996],[96.77905192340762,4.619175735225693],[96.78237095055896,4.598359456998721],[96.77070326234576,4.59760754642726]]]}},{"type":"Feature","properties":{"code":"1104202009","desa":"Lenga","kecamatan":"Bies","kecCode":"110420"},"geometry":{"type":"Polygon","coordinates":[[[96.78063659720125,4.5877703005452934],[96.77852751523271,4.598298571996938],[96.792205847422,4.597204022424291],[96.79314178806311,4.593540439819815],[96.78063659720125,4.5877703005452934]]]}},{"type":"Feature","properties":{"code":"1104202010","desa":"Uning Pegantungen","kecamatan":"Bies","kecCode":"110420"},"geometry":{"type":"Polygon","coordinates":[[[96.8081795714301,4.61402835038711],[96.81455346067372,4.615436352363365],[96.81107983376738,4.60825815265669],[96.8081795714301,4.61402835038711]]]}},{"type":"Feature","properties":{"code":"1104202011","desa":"Simpang Uning Niken","kecamatan":"Bies","kecCode":"110420"},"geometry":{"type":"Polygon","coordinates":[[[96.80917335556596,4.6128544653215595],[96.80761771728389,4.601333922394865],[96.80000657944015,4.60891169538284],[96.80917335556596,4.6128544653215595]]]}},{"type":"Feature","properties":{"code":"1104202012","desa":"Karang Bayur","kecamatan":"Bies","kecCode":"110420"},"geometry":{"type":"Polygon","coordinates":[[[96.79609544764683,4.596582276128324],[96.79006213166213,4.59450759412955],[96.79214719633607,4.599298643292122],[96.79609544764683,4.596582276128324]]]}},{"type":"Feature","properties":{"code":"1104212001","desa":"Pantan Tengah","kecamatan":"Rusip Antara","kecCode":"110421"},"geometry":{"type":"Polygon","coordinates":[[[96.6134433397384,4.642127213529947],[96.63848934270908,4.619769994642642],[96.62992205825645,4.613636798159165],[96.61463382359214,4.621215659326786],[96.6134433397384,4.642127213529947]]]}},{"type":"Feature","properties":{"code":"1104212002","desa":"Rusip","kecamatan":"Rusip Antara","kecCode":"110421"},"geometry":{"type":"Polygon","coordinates":[[[96.64579385939913,4.61284783372086],[96.63538149975648,4.627494269889693],[96.64770142937753,4.632330551353892],[96.6547353742382,4.62810081134778],[96.64579385939913,4.61284783372086]]]}},{"type":"Feature","properties":{"code":"1104212003","desa":"Pilar","kecamatan":"Rusip Antara","kecCode":"110421"},"geometry":{"type":"Polygon","coordinates":[[[96.61463382359214,4.621215659326786],[96.62992205825645,4.613636798159165],[96.63848934270908,4.619769994642642],[96.64184657575889,4.614940254847004],[96.63606119836565,4.605200365972371],[96.64142280262028,4.59437659708183],[96.61874630459835,4.5951625317041245],[96.6245789089895,4.6040041894112935],[96.62200933636183,4.609485863945273],[96.6127768206938,4.608235470855375],[96.61463382359214,4.621215659326786]]]}},{"type":"Feature","properties":{"code":"1104212004","desa":"Arul Pertik","kecamatan":"Rusip Antara","kecCode":"110421"},"geometry":{"type":"Polygon","coordinates":[[[96.51157114209455,4.74909296518707],[96.53395924462346,4.720725359436081],[96.5593005049144,4.711088542760272],[96.61195468476097,4.670775842131498],[96.6134433397384,4.642127213529947],[96.59511137568948,4.644118584133142],[96.59274463255876,4.654797679985602],[96.57503856607701,4.673151694492698],[96.53578576230312,4.67844122977109],[96.51356794100775,4.694717376880668],[96.50515321574835,4.691510814451056],[96.4842948600198,4.700676499689775],[96.48309837229209,4.7188095750520835],[96.502964999735,4.721204332961361],[96.50099143390759,4.736803293268963],[96.51157114209455,4.74909296518707]]]}},{"type":"Feature","properties":{"code":"1104212005","desa":"Pilar Jaya","kecamatan":"Rusip Antara","kecCode":"110421"},"geometry":{"type":"Polygon","coordinates":[[[96.59899592532173,4.60625613138251],[96.62200933636183,4.609485863945273],[96.62455814903939,4.604060549923874],[96.61874630459835,4.5951625317041245],[96.64110158187258,4.594081593370657],[96.63692930674216,4.586339569103723],[96.6110919354445,4.5811592618836805],[96.6069821326194,4.577368505249558],[96.61325839056234,4.567961080446515],[96.60770194998508,4.564376044629482],[96.57177199997788,4.5778739952853345],[96.5300865678409,4.612799238854136],[96.55706257797567,4.607753790370715],[96.57806382158815,4.590308508414665],[96.59899592532173,4.60625613138251]]]}},{"type":"Feature","properties":{"code":"1104212006","desa":"Tirmi Ara","kecamatan":"Rusip Antara","kecCode":"110421"},"geometry":{"type":"Polygon","coordinates":[[[96.65331143627382,4.589683885187527],[96.64215553155259,4.57283084456978],[96.61952290605734,4.561106115069295],[96.60770194998508,4.564376044629482],[96.61325839056234,4.567961080446515],[96.6069821326194,4.577368505249558],[96.6110919354445,4.5811592618836805],[96.63692930674216,4.586339569103723],[96.64239023572088,4.594967615342093],[96.65331143627382,4.589683885187527]]]}},{"type":"Feature","properties":{"code":"1104212007","desa":"Atu Singkih","kecamatan":"Rusip Antara","kecCode":"110421"},"geometry":{"type":"Polygon","coordinates":[[[96.66216740759984,4.6309667483581505],[96.65976570242525,4.598391989074397],[96.65679314808538,4.597033785257729],[96.64579255987876,4.613242323134551],[96.66216740759984,4.6309667483581505]]]}},{"type":"Feature","properties":{"code":"1104212008","desa":"Pantan Bener","kecamatan":"Rusip Antara","kecCode":"110421"},"geometry":{"type":"Polygon","coordinates":[[[96.66546891865572,4.634720321623045],[96.65464498427865,4.627400401352601],[96.64770142937753,4.632330551353892],[96.63538149975648,4.627494269889693],[96.62800516680504,4.671125704487381],[96.64441131273196,4.684451304569915],[96.65764314141789,4.6758537354563305],[96.66120200067182,4.660959878705702],[96.65634346008265,4.65445899530338],[96.66546891865572,4.634720321623045]]]}},{"type":"Feature","properties":{"code":"1104212009","desa":"Kerawang","kecamatan":"Rusip Antara","kecCode":"110421"},"geometry":{"type":"Polygon","coordinates":[[[96.6134433397384,4.642127213529947],[96.61309024342005,4.607822154134632],[96.59332361699137,4.602927954532077],[96.59511137568948,4.644118584133142],[96.6134433397384,4.642127213529947]]]}},{"type":"Feature","properties":{"code":"1104212010","desa":"Mekar Maju","kecamatan":"Rusip Antara","kecCode":"110421"},"geometry":{"type":"Polygon","coordinates":[[[96.61195468476097,4.670775842131498],[96.63087440972629,4.675096292255674],[96.63538149975648,4.627494269889693],[96.6134433397384,4.642127213529947],[96.61195468476097,4.670775842131498]]]}},{"type":"Feature","properties":{"code":"1104212011","desa":"Paya Tampu","kecamatan":"Rusip Antara","kecCode":"110421"},"geometry":{"type":"Polygon","coordinates":[[[96.45121382555766,4.764031771852183],[96.44548644904046,4.750308421414132],[96.39810299155987,4.737554469993624],[96.39211835497815,4.671607194315786],[96.38101700043427,4.675877994668502],[96.36124999988766,4.6700439945355905],[96.3173820003791,4.688510994468504],[96.27051300007497,4.697658994539113],[96.25708512637753,4.707308930524863],[96.26182599967017,4.734719994865623],[96.27359800024753,4.746676994968709],[96.28207800009966,4.779801994553482],[96.3069438445828,4.763332700048184],[96.32745899024023,4.769018106098985],[96.39883900031964,4.759988994603997],[96.45121382555766,4.764031771852183]]]}},{"type":"Feature","properties":{"code":"1104212012","desa":"Tanjung","kecamatan":"Rusip Antara","kecCode":"110421"},"geometry":{"type":"Polygon","coordinates":[[[96.47401141099787,4.823296158433092],[96.49860712881598,4.785482085611],[96.45594558242276,4.741612103142679],[96.46069974409794,4.7387377134043644],[96.45865424060075,4.728077767715418],[96.48213275042616,4.724798950155457],[96.48463094656097,4.70642506962432],[96.47864945490845,4.68123357345987],[96.46688620293598,4.6802738214699176],[96.46777393272087,4.674508576305961],[96.45082473657237,4.6654747820411275],[96.45777844931604,4.6431883155170635],[96.448981520281,4.6226715798795945],[96.40526788130774,4.675795185993893],[96.43439959876252,4.688867963267147],[96.42786104275295,4.698923767788498],[96.44971921976622,4.721689233018975],[96.4541271010849,4.740708055160137],[96.44513825042998,4.751249465706885],[96.45121382555766,4.764031771852183],[96.47199201212175,4.763610038376378],[96.47736701537552,4.800461955320717],[96.47401141099787,4.823296158433092]]]}},{"type":"Feature","properties":{"code":"1104212013","desa":"Merandeh Paya","kecamatan":"Rusip Antara","kecCode":"110421"},"geometry":{"type":"Polygon","coordinates":[[[96.39211835497815,4.671607194315786],[96.39948648881045,4.7396531432066435],[96.40450008241294,4.73647012322955],[96.42995148537278,4.749027707681525],[96.44688951643809,4.749855352860356],[96.45412421875773,4.740265191213609],[96.44870351105823,4.719771744419696],[96.42881242475362,4.701489911298588],[96.43331754077194,4.686942003054301],[96.40585438677061,4.676952921034156],[96.40963614569164,4.667457064095783],[96.39211835497815,4.671607194315786]]]}},{"type":"Feature","properties":{"code":"1104212014","desa":"Kuala Rawa","kecamatan":"Rusip Antara","kecCode":"110421"},"geometry":{"type":"Polygon","coordinates":[[[96.49860712881598,4.785482085611],[96.50683353424027,4.777561642145453],[96.51203226857437,4.750906780840259],[96.50099143390759,4.736803293268963],[96.5032462959798,4.721518744941547],[96.48033390578519,4.718915602423245],[96.48213275042616,4.724798950155457],[96.47528513879818,4.729000411879145],[96.45865424060075,4.728077767715418],[96.45607645176686,4.741919055246525],[96.49860712881598,4.785482085611]]]}},{"type":"Feature","properties":{"code":"1104212015","desa":"Pilar Wih Kiri","kecamatan":"Rusip Antara","kecCode":"110421"},"geometry":{"type":"Polygon","coordinates":[[[96.65679314808538,4.597033785257729],[96.65331143627382,4.589683885187527],[96.64142280262028,4.59437659708183],[96.63606119836565,4.605200365972371],[96.64184657575889,4.614940254847004],[96.65679314808538,4.597033785257729]]]}},{"type":"Feature","properties":{"code":"1104212016","desa":"Lut Jaya","kecamatan":"Rusip Antara","kecCode":"110421"},"geometry":{"type":"Polygon","coordinates":[[[96.4839540556352,4.7011015930327105],[96.50515321574835,4.691510814451056],[96.51356794100775,4.694717376880668],[96.53578576230312,4.67844122977109],[96.57695997931967,4.672134475824078],[96.59440978128646,4.652107830231674],[96.59791252104604,4.62579315187928],[96.59320645421455,4.602611199818],[96.57627779588363,4.590732549550831],[96.55723850875023,4.607670788341872],[96.5300865678409,4.612799238854136],[96.50284699968931,4.632218994950793],[96.49210300065299,4.624590994826616],[96.48437899969115,4.630866994657661],[96.44848396766105,4.623056279273528],[96.45777844931604,4.6431883155170635],[96.45082473657237,4.6654747820411275],[96.46777393272087,4.674508576305961],[96.46688620293598,4.6802738214699176],[96.47864945490845,4.68123357345987],[96.4839540556352,4.7011015930327105]]]}}]}