{"type":"FeatureCollection","features":[{"type":"Feature","properties":{"code":"1106012001","desa":"Meunasah Krueng Kala","kecamatan":"Lhoong","kecCode":"110601","kabCode":"1106","province":"Aceh"},"geometry":{"type":"Polygon","coordinates":[[[95.25122505958886,5.285921726674367],[95.25552272179624,5.28297076955637],[95.24418933137257,5.277243076483594],[95.23855023410606,5.283256607377253],[95.24389038773124,5.286190295713304],[95.24870307009068,5.28316205985198],[95.25122505958886,5.285921726674367]]]}},{"type":"Feature","properties":{"code":"1106012002","desa":"Jantang","kecamatan":"Lhoong","kecCode":"110601","kabCode":"1106","province":"Aceh"},"geometry":{"type":"Polygon","coordinates":[[[95.24418933137257,5.277243076483594],[95.25552272179624,5.28297076955637],[95.25927008344763,5.280750754417039],[95.26111404167972,5.27338149014441],[95.25941707403882,5.261695672509898],[95.25074995944311,5.261657823642324],[95.24740015479334,5.263997776866226],[95.24418933137257,5.277243076483594]]]}},{"type":"Feature","properties":{"code":"1106012003","desa":"Baroh Krueng Kala","kecamatan":"Lhoong","kecCode":"110601","kabCode":"1106","province":"Aceh"},"geometry":{"type":"Polygon","coordinates":[[[95.25122505958886,5.285921726674367],[95.24870307009068,5.28316205985198],[95.24618708086915,5.283838898616409],[95.24389038773124,5.286190295713304],[95.24569792431981,5.289383032865124],[95.24378561491426,5.292311687695733],[95.25144052725858,5.291385600027883],[95.25122505958886,5.285921726674367]]]}},{"type":"Feature","properties":{"code":"1106012004","desa":"Tunong Krueng Kala","kecamatan":"Lhoong","kecCode":"110601","kabCode":"1106","province":"Aceh"},"geometry":{"type":"Polygon","coordinates":[[[95.25958494059262,5.280267816680151],[95.25422112580434,5.285485331551262],[95.2509272445967,5.285413383089665],[95.2527795494367,5.2879483327153505],[95.25160155806549,5.297702694379856],[95.25386204539711,5.301414653315863],[95.25122045236202,5.308207064549765],[95.26767955306899,5.300313367821037],[95.27648045890611,5.306357632146261],[95.2813648064407,5.313910211526615],[95.29081916777044,5.316968911922216],[95.29986000103825,5.315473551601114],[95.30611610427484,5.308473581335823],[95.30286979720341,5.30456733106654],[95.30520601644457,5.297157944440193],[95.30078094368564,5.293728570477226],[95.29923300989553,5.288550020532344],[95.30176888942276,5.283205396382718],[95.29962921521614,5.278024808574133],[95.27747633756297,5.281587688693259],[95.26111404167972,5.27338149014441],[95.25958494059262,5.280267816680151]]]}},{"type":"Feature","properties":{"code":"1106012005","desa":"Sungko Mulat","kecamatan":"Lhoong","kecCode":"110601","kabCode":"1106","province":"Aceh"},"geometry":{"type":"Polygon","coordinates":[[[95.24569792431981,5.289383032865124],[95.24193667533734,5.283505486659336],[95.23369818392409,5.284182317329846],[95.23427975840417,5.288935442081914],[95.22842652986053,5.291716306824181],[95.23590159937936,5.306811716933951],[95.24564002236917,5.31388895335211],[95.25009672158649,5.310361674694679],[95.25386204539711,5.301414653315863],[95.25144052725858,5.291385600027883],[95.24378561491426,5.292311687695733],[95.24569792431981,5.289383032865124]]]}},{"type":"Feature","properties":{"code":"1106012006","desa":"Birek","kecamatan":"Lhoong","kecCode":"110601","kabCode":"1106","province":"Aceh"},"geometry":{"type":"MultiPolygon","coordinates":[[[[95.23778851282964,5.308839613502117],[95.22936308563794,5.292614791600582],[95.21941382468835,5.293342634515412],[95.21487348132614,5.304288726492855],[95.21238544393316,5.302739592109441],[95.21658066976215,5.311579085148634],[95.21952796124646,5.310418184494744],[95.22354698740361,5.313239467467711],[95.23778851282964,5.308839613502117]]],[[[95.20849692559271,5.304460155261151],[95.20926493942545,5.304032863975108],[95.20897409957507,5.3036063676897625],[95.20849692559271,5.304460155261151]]],[[[95.20758087435792,5.305487985929957],[95.20698192137864,5.305828779522325],[95.20713593657426,5.306141172524543],[95.20758087435792,5.305487985929957]]],[[[95.20752818128062,5.306343102699276],[95.20725009561549,5.3066242541529745],[95.20740125996024,5.306673953387146],[95.20752818128062,5.306343102699276]]],[[[95.20587824728334,5.309518056657035],[95.20722122557913,5.308723960687047],[95.2068171044259,5.307811732471222],[95.20587824728334,5.309518056657035]]],[[[95.21990835198892,5.3117690039781165],[95.21990220242475,5.312184241650767],[95.22016643673173,5.312141193802435],[95.21990835198892,5.3117690039781165]]],[[[95.20370855640482,5.313289940118874],[95.20319021055985,5.312634041168966],[95.20321642130084,5.313294685841324],[95.20370855640482,5.313289940118874]]]]}},{"type":"Feature","properties":{"code":"1106012007","desa":"Kareung","kecamatan":"Lhoong","kecCode":"110601","kabCode":"1106","province":"Aceh"},"geometry":{"type":"MultiPolygon","coordinates":[[[[95.20739323800757,5.278653119021572],[95.2062034700142,5.274298967703014],[95.2021083387289,5.275931730043452],[95.20323275029124,5.280306844558956],[95.20739323800757,5.278653119021572]]],[[[95.22933262919753,5.292523420480785],[95.2344272858906,5.28755820861077],[95.23309711933666,5.284565156925865],[95.22896430465896,5.288108812237652],[95.2286615559861,5.28279478841994],[95.22267844555387,5.278392326420409],[95.2213729536989,5.272308381308646],[95.21943631403472,5.270920399140387],[95.21634004175957,5.275171626648205],[95.21193445730945,5.275166275682006],[95.21863634818895,5.2837249742983525],[95.21941382468835,5.293342634515412],[95.22933262919753,5.292523420480785]]]]}},{"type":"Feature","properties":{"code":"1106012008","desa":"Paroy","kecamatan":"Lhoong","kecCode":"110601","kabCode":"1106","province":"Aceh"},"geometry":{"type":"MultiPolygon","coordinates":[[[[95.27765457689723,5.307603824502876],[95.26767955306899,5.300313367821037],[95.25334963058104,5.306711496485229],[95.24564002236917,5.31388895335211],[95.24285589668231,5.310411803804861],[95.23797915021765,5.309326639556991],[95.22954076559392,5.31039869618603],[95.22192215258531,5.314928852922761],[95.2224233078894,5.316940931315438],[95.22002502913186,5.317559477823524],[95.2220963089975,5.32024038561843],[95.21740923764627,5.321075979005502],[95.21854446085825,5.3243005701442545],[95.23092348493093,5.3154097105278035],[95.23539528556402,5.317855106563488],[95.23873975723403,5.324593420878418],[95.2368632687249,5.3304029621498135],[95.2305531288239,5.3326387495992105],[95.22739582855466,5.340100303199422],[95.22184334409512,5.343404637223877],[95.22708434566606,5.346559783613601],[95.23000494139752,5.361940948256567],[95.23198127741409,5.339643471882179],[95.23726275657098,5.337432664901293],[95.24616778141802,5.325289205660329],[95.25423067120856,5.324693352644748],[95.26081081456748,5.315460571686051],[95.27765457689723,5.307603824502876]]],[[[95.21796213364559,5.351661514368678],[95.21813991882226,5.351468412838428],[95.21793551371302,5.351497756817453],[95.21796213364559,5.351661514368678]]],[[[95.22992370411572,5.362069072520413],[95.2298959195611,5.36230356984435],[95.22999822165909,5.361966765022413],[95.22992370411572,5.362069072520413]]]]}},{"type":"Feature","properties":{"code":"1106012009","desa":"Teungoh Blang Mee","kecamatan":"Lhoong","kecCode":"110601","kabCode":"1106","province":"Aceh"},"geometry":{"type":"Polygon","coordinates":[[[95.25992449941616,5.246963001249144],[95.25012739386419,5.2456646095430575],[95.24878167623342,5.2483960034789146],[95.26007758471279,5.24901810770505],[95.25992449941616,5.246963001249144]]]}},{"type":"Feature","properties":{"code":"1106012010","desa":"Lamkuta Blang Mee","kecamatan":"Lhoong","kecCode":"110601","kabCode":"1106","province":"Aceh"},"geometry":{"type":"Polygon","coordinates":[[[95.25012739386419,5.2456646095430575],[95.25931353239366,5.246377140600748],[95.25897715896879,5.238109670341631],[95.25345061905091,5.236565599141271],[95.25012739386419,5.2456646095430575]]]}},{"type":"Feature","properties":{"code":"1106012011","desa":"Baroh Blang Mee","kecamatan":"Lhoong","kecCode":"110601","kabCode":"1106","province":"Aceh"},"geometry":{"type":"Polygon","coordinates":[[[95.2468923786804,5.26461880730177],[95.25074995944311,5.261657823642324],[95.25941707403882,5.261695672509898],[95.25681236939539,5.254828347749688],[95.25791967135581,5.248893367240752],[95.24878167623342,5.2483960034789146],[95.24416719186245,5.254663748433053],[95.23791725437785,5.257204450122478],[95.23532766733803,5.252012599204591],[95.23281710102843,5.257976143980309],[95.23471714368127,5.261153593556702],[95.23750286836277,5.2635277066291195],[95.23906859793749,5.261547444451791],[95.2468923786804,5.26461880730177]]]}},{"type":"Feature","properties":{"code":"1106012012","desa":"Umong Seuribee","kecamatan":"Lhoong","kecCode":"110601","kabCode":"1106","province":"Aceh"},"geometry":{"type":"Polygon","coordinates":[[[95.25931353239366,5.246377140600748],[95.26518492724267,5.251241966546756],[95.28519158542339,5.253707730428163],[95.29791094173663,5.2709932775009465],[95.3266171035965,5.27315999162128],[95.3324411473411,5.285488331689616],[95.34376125927474,5.287208482951831],[95.35183212425318,5.283569266578792],[95.32651514565747,5.263490255261876],[95.3002052156982,5.258725601201196],[95.2925257185871,5.246594783730314],[95.28151244634239,5.241149810528855],[95.27685152188029,5.23576907949846],[95.26637443443263,5.240452468121182],[95.25897715896879,5.238109670341631],[95.25931353239366,5.246377140600748]]]}},{"type":"Feature","properties":{"code":"1106012013","desa":"Teungoh Geunteut","kecamatan":"Lhoong","kecCode":"110601","kabCode":"1106","province":"Aceh"},"geometry":{"type":"Polygon","coordinates":[[[95.2648793663897,5.274360840160422],[95.27747633756297,5.281587688693259],[95.29962921521614,5.278024808574133],[95.30176888942276,5.283205396382718],[95.29923300989553,5.288550020532344],[95.30078094368564,5.293728570477226],[95.30520601644457,5.297157944440193],[95.31303745671329,5.29068314497438],[95.3324411473411,5.285488331689616],[95.3266171035965,5.27315999162128],[95.29791094173663,5.2709932775009465],[95.28519158542339,5.253707730428163],[95.26216119158579,5.250460809123097],[95.26554668043501,5.265097778129107],[95.2648793663897,5.274360840160422]]]}},{"type":"Feature","properties":{"code":"1106012014","desa":"Baroh Geunteut","kecamatan":"Lhoong","kecCode":"110601","kabCode":"1106","province":"Aceh"},"geometry":{"type":"Polygon","coordinates":[[[95.25683995340118,5.253422379140537],[95.26058764420446,5.272239905129437],[95.2648793663897,5.274360840160422],[95.26554668043501,5.265097778129107],[95.26137121181205,5.253075836182316],[95.2632914370502,5.248224115157123],[95.25992449941616,5.246963001249144],[95.25683995340118,5.253422379140537]]]}},{"type":"Feature","properties":{"code":"1106012015","desa":"Lam Juhang","kecamatan":"Lhoong","kecCode":"110601","kabCode":"1106","province":"Aceh"},"geometry":{"type":"Polygon","coordinates":[[[95.26859601259594,5.238438643245093],[95.27653293434751,5.236531192878463],[95.2789249448304,5.232503326389756],[95.27519816596264,5.229706870101143],[95.26997718240108,5.2312451271845255],[95.27003018844248,5.226970797891961],[95.26482310570185,5.223174119222063],[95.26195096066834,5.229962744310156],[95.26364285523363,5.236923175881708],[95.26859601259594,5.238438643245093]]]}},{"type":"Feature","properties":{"code":"1106012016","desa":"Utamong","kecamatan":"Lhoong","kecCode":"110601","kabCode":"1106","province":"Aceh"},"geometry":{"type":"Polygon","coordinates":[[[95.26432100341164,5.223722519509947],[95.2634608648271,5.220975927930827],[95.25932060286357,5.221796843482811],[95.25568962067949,5.219304474058013],[95.24664379077836,5.223270492371101],[95.2425113250377,5.221649821415519],[95.2413651166069,5.224178182607871],[95.24901533359082,5.227932242406099],[95.25150435933875,5.226859234294296],[95.2538568922818,5.232363689555098],[95.25644342882121,5.232549937352036],[95.26195096066834,5.229962744310156],[95.25821909343648,5.225166564515167],[95.26432100341164,5.223722519509947]]]}},{"type":"Feature","properties":{"code":"1106012017","desa":"Gapuy","kecamatan":"Lhoong","kecCode":"110601","kabCode":"1106","province":"Aceh"},"geometry":{"type":"Polygon","coordinates":[[[95.25568962067949,5.219304474058013],[95.26454113856278,5.222831908298136],[95.26740231456523,5.221001642246067],[95.26782804193066,5.20845395123569],[95.26391401791767,5.205601001334904],[95.26090661035185,5.213977415466539],[95.25568962067949,5.219304474058013]]]}},{"type":"Feature","properties":{"code":"1106012018","desa":"Lamsujen","kecamatan":"Lhoong","kecCode":"110601","kabCode":"1106","province":"Aceh"},"geometry":{"type":"Polygon","coordinates":[[[95.27685152188029,5.23576907949846],[95.28151244634239,5.241149810528855],[95.2925257185871,5.246594783730314],[95.3002052156982,5.258725601201196],[95.32651514565747,5.263490255261876],[95.35183212425318,5.283569266578792],[95.36715545585963,5.254845611135643],[95.347833525297,5.245217450434422],[95.3487622263957,5.233644071437925],[95.33443329855793,5.230579098271096],[95.32952888714846,5.226109407452081],[95.31487376081547,5.220554947187577],[95.30982926201091,5.220041744565912],[95.30090065334252,5.224363084119662],[95.29045165801767,5.225826261302042],[95.27757490325922,5.222602008308459],[95.27519816596264,5.229706870101143],[95.2789249448304,5.232503326389756],[95.27685152188029,5.23576907949846]]]}},{"type":"Feature","properties":{"code":"1106012019","desa":"Mon Mata","kecamatan":"Lhoong","kecCode":"110601","kabCode":"1106","province":"Aceh"},"geometry":{"type":"Polygon","coordinates":[[[95.26482310570185,5.223174119222063],[95.27089684980983,5.226885300244473],[95.27184605635046,5.2226367850919715],[95.27713834535842,5.218899101048896],[95.27419866843387,5.209676043560181],[95.27151535225174,5.20814250072302],[95.2677566573439,5.20894173991572],[95.26831602756265,5.218488933753903],[95.26482310570185,5.223174119222063]]]}},{"type":"Feature","properties":{"code":"1106012020","desa":"Lamgeuriheu","kecamatan":"Lhoong","kecCode":"110601","kabCode":"1106","province":"Aceh"},"geometry":{"type":"Polygon","coordinates":[[[95.25345061905091,5.236565599141271],[95.26520640485177,5.2401999573766105],[95.26883194343951,5.239899692631515],[95.26364285523363,5.236923175881708],[95.26195096066834,5.229962744310156],[95.25428137858279,5.231581899908038],[95.25345061905091,5.236565599141271]]]}},{"type":"Feature","properties":{"code":"1106012021","desa":"Keutapang","kecamatan":"Lhoong","kecCode":"110601","kabCode":"1106","province":"Aceh"},"geometry":{"type":"Polygon","coordinates":[[[95.27003018844248,5.226970797891961],[95.26997718240108,5.2312451271845255],[95.27525581430444,5.229680684541185],[95.27757490325922,5.222602008308459],[95.28470921785618,5.2171693765035005],[95.2773402737347,5.217255835526274],[95.27003018844248,5.226970797891961]]]}},{"type":"Feature","properties":{"code":"1106012022","desa":"Saney","kecamatan":"Lhoong","kecCode":"110601","kabCode":"1106","province":"Aceh"},"geometry":{"type":"Polygon","coordinates":[[[95.26195096066834,5.229962744310156],[95.2625887535682,5.227282194445384],[95.26432100341164,5.223722519509947],[95.25821909343648,5.225166564515167],[95.26195096066834,5.229962744310156]]]}},{"type":"Feature","properties":{"code":"1106012023","desa":"Cundien","kecamatan":"Lhoong","kecCode":"110601","kabCode":"1106","province":"Aceh"},"geometry":{"type":"Polygon","coordinates":[[[95.26395852176842,5.205575099061339],[95.27419866843387,5.209676043560181],[95.27520725181328,5.215439904667618],[95.27839540782185,5.217257343689311],[95.2787329009027,5.208169767268077],[95.27482920020748,5.2000596630784],[95.26939318874474,5.198905786129723],[95.26395852176842,5.205575099061339]]]}},{"type":"Feature","properties":{"code":"1106012024","desa":"Glee Bruek","kecamatan":"Lhoong","kecCode":"110601","kabCode":"1106","province":"Aceh"},"geometry":{"type":"Polygon","coordinates":[[[95.30705668991435,5.221842288024382],[95.31077675624236,5.219941608653481],[95.32483433703509,5.224243910458874],[95.32672079542839,5.218038595541826],[95.28872950935943,5.196660365142587],[95.27482920020748,5.2000596630784],[95.27713420308106,5.206715302717679],[95.28061103786916,5.208185190641157],[95.29170036308136,5.206563944119497],[95.30705668991435,5.221842288024382]]]}},{"type":"Feature","properties":{"code":"1106012025","desa":"Pasi","kecamatan":"Lhoong","kecCode":"110601","kabCode":"1106","province":"Aceh"},"geometry":{"type":"Polygon","coordinates":[[[95.2797978825663,5.198467384619146],[95.29967378741543,5.196018173659325],[95.30106649282442,5.19300500054291],[95.2919563317194,5.189170973028465],[95.2797978825663,5.198467384619146]]]}},{"type":"Feature","properties":{"code":"1106012026","desa":"Pudeng","kecamatan":"Lhoong","kecCode":"110601","kabCode":"1106","province":"Aceh"},"geometry":{"type":"Polygon","coordinates":[[[95.29153763525373,5.1979943259348715],[95.32672079542839,5.218038595541826],[95.33173084120538,5.20820649468109],[95.33161543660316,5.19486772492627],[95.32860406662445,5.186097941936156],[95.33209043512558,5.178952446075442],[95.32758467699131,5.17748452766728],[95.31545624091285,5.180330690384626],[95.29967378741543,5.196018173659325],[95.29153763525373,5.1979943259348715]]]}},{"type":"Feature","properties":{"code":"1106012027","desa":"Meunasah Cot","kecamatan":"Lhoong","kecCode":"110601","kabCode":"1106","province":"Aceh"},"geometry":{"type":"Polygon","coordinates":[[[95.27996341537936,5.222561865270341],[95.29045165801767,5.225826261302042],[95.30705668991435,5.221842288024382],[95.29128456063405,5.2064838352096885],[95.27848394967457,5.207612438510917],[95.27839540782185,5.217257343689311],[95.28470921785618,5.2171693765035005],[95.27996341537936,5.222561865270341]]]}},{"type":"Feature","properties":{"code":"1106012028","desa":"Meunasah Lhok","kecamatan":"Lhoong","kecCode":"110601","kabCode":"1106","province":"Aceh"},"geometry":{"type":"Polygon","coordinates":[[[95.2919563317194,5.189170973028465],[95.30106649282442,5.19300500054291],[95.31545624091285,5.180330690384626],[95.32758467699131,5.17748452766728],[95.30738312672997,5.167763261054027],[95.2919563317194,5.189170973028465]]]}},{"type":"Feature","properties":{"code":"1106022001","desa":"Mon Ikeun","kecamatan":"Lhoknga","kecCode":"110602","kabCode":"1106","province":"Aceh"},"geometry":{"type":"MultiPolygon","coordinates":[[[[95.3111521548481,5.43462018688943],[95.3111174850839,5.43095153120925],[95.31820431997346,5.422524214550427],[95.32637041326404,5.4047212524314],[95.32309384490507,5.4063505047179286],[95.31311749187881,5.404023635730449],[95.29730024541004,5.4076651993340885],[95.28814448058336,5.41682956256954],[95.2806896467099,5.412304692947103],[95.274859966914,5.425272754061068],[95.2642944464316,5.423835363139713],[95.25800974565327,5.43222477337431],[95.25172730397196,5.433026346307764],[95.25094638396848,5.436456221193129],[95.27648925787304,5.43731688947747],[95.27612304674123,5.44049071748397],[95.27409658009316,5.440488953014127],[95.28409720132481,5.447995899894632],[95.29644660442735,5.43928707205331],[95.2995874929685,5.4320773061426895],[95.3111521548481,5.43462018688943]]],[[[95.24614874097169,5.487969173901711],[95.23870978462888,5.480572703338514],[95.24255856282747,5.480025428102508],[95.24443637244069,5.474529274483443],[95.24465762634846,5.453368455188388],[95.24220626510707,5.448711561492446],[95.23876955627009,5.4501428433192185],[95.23826159129946,5.4519882962226545],[95.23936859378561,5.450460150217068],[95.24367032182793,5.452034073513366],[95.24349474898357,5.459787004758356],[95.23975854612006,5.469704194974489],[95.23484228884064,5.473329267709806],[95.2332758362109,5.481216702459077],[95.24045865933971,5.4879259641754095],[95.24614874097169,5.487969173901711]]]]}},{"type":"Feature","properties":{"code":"1106022002","desa":"Nusa","kecamatan":"Lhoknga","kecCode":"110602","kabCode":"1106","province":"Aceh"},"geometry":{"type":"Polygon","coordinates":[[[95.29092562231965,5.501689995446551],[95.29429806920058,5.492543311083788],[95.28658585205551,5.489647073215651],[95.27939457440016,5.487796625477555],[95.2655784256039,5.492253053095057],[95.2681679838654,5.5025211156057745],[95.27409869529862,5.500697528818501],[95.29092562231965,5.501689995446551]]]}},{"type":"Feature","properties":{"code":"1106022003","desa":"Weu Raya","kecamatan":"Lhoknga","kecCode":"110602","kabCode":"1106","province":"Aceh"},"geometry":{"type":"Polygon","coordinates":[[[95.24375465665211,5.4775618981370755],[95.24236225701259,5.4801860425231395],[95.23895367896915,5.481328182419855],[95.24322035143814,5.483130623447838],[95.24375465665211,5.4775618981370755]]]}},{"type":"Feature","properties":{"code":"1106022004","desa":"Lamkrut","kecamatan":"Lhoknga","kecCode":"110602","kabCode":"1106","province":"Aceh"},"geometry":{"type":"Polygon","coordinates":[[[95.24227464415958,5.4455413685456],[95.24508545542949,5.4583633401893],[95.24311288065495,5.468447498536353],[95.24482917832397,5.480943673682095],[95.24303688164684,5.484440593925246],[95.24495870138303,5.483917465486155],[95.24681718366615,5.488034239851677],[95.24871253995184,5.472497934411203],[95.25461051606254,5.47150891938115],[95.25373973759889,5.468837859162587],[95.26007321041038,5.466100504520165],[95.26528898959526,5.4571156603540425],[95.26384380244957,5.452348221092951],[95.27091022902393,5.442213810428671],[95.27728271442577,5.438385004377913],[95.25094638396848,5.436456221193129],[95.2413593249729,5.438174388550876],[95.23923838904051,5.4433231637415425],[95.24227464415958,5.4455413685456]]]}},{"type":"Feature","properties":{"code":"1106022005","desa":"Lamgaboh","kecamatan":"Lhoknga","kecCode":"110602","kabCode":"1106","province":"Aceh"},"geometry":{"type":"Polygon","coordinates":[[[95.25641431776658,5.49688362003753],[95.25476165792422,5.496809502411128],[95.25683964043714,5.492159520005057],[95.26183547872444,5.48985033348763],[95.2548726594457,5.484516553363191],[95.25310656541573,5.49790137290347],[95.25641431776658,5.49688362003753]]]}},{"type":"Feature","properties":{"code":"1106022006","desa":"Lambaro Kueh","kecamatan":"Lhoknga","kecCode":"110602","kabCode":"1106","province":"Aceh"},"geometry":{"type":"Polygon","coordinates":[[[95.2680525387937,5.491192850429928],[95.27973194157589,5.487795335849666],[95.29203025958883,5.492228282168684],[95.2960434608371,5.48401847733828],[95.29924107231766,5.482469983272114],[95.29741096544375,5.480199808445711],[95.30032157897772,5.470159525323248],[95.29658436167898,5.465863295740241],[95.30407080762171,5.465424342945243],[95.29903984091601,5.4618587432761885],[95.30053780387658,5.454023701230535],[95.28753479509474,5.458735459866511],[95.28383044981545,5.4633148131164235],[95.26993011458319,5.467224266770883],[95.26555482109818,5.475203194947853],[95.26124000522212,5.476064676219281],[95.26077032439098,5.485473867291124],[95.26844722965598,5.484510175371223],[95.2680525387937,5.491192850429928]]]}},{"type":"Feature","properties":{"code":"1106022007","desa":"Lam Ateuk","kecamatan":"Lhoknga","kecCode":"110602","kabCode":"1106","province":"Aceh"},"geometry":{"type":"Polygon","coordinates":[[[95.26891998616848,5.48874069419039],[95.26844722965598,5.484510175371223],[95.26077032439098,5.485473867291124],[95.26091632392928,5.487752862668164],[95.26891998616848,5.48874069419039]]]}},{"type":"Feature","properties":{"code":"1106022008","desa":"Kueh","kecamatan":"Lhoknga","kecCode":"110602","kabCode":"1106","province":"Aceh"},"geometry":{"type":"Polygon","coordinates":[[[95.2655784256039,5.492253053095057],[95.26891998616848,5.48874069419039],[95.26047944497049,5.48788187131486],[95.26201248059157,5.492077086347793],[95.2655784256039,5.492253053095057]]]}},{"type":"Feature","properties":{"code":"1106022009","desa":"Tanjong","kecamatan":"Lhoknga","kecCode":"110602","kabCode":"1106","province":"Aceh"},"geometry":{"type":"Polygon","coordinates":[[[95.2670467064404,5.500291672873442],[95.265405655047,5.493185036718237],[95.25644493068904,5.495733254941353],[95.25656064555737,5.4984490960018695],[95.26372307026355,5.497823485319096],[95.2670467064404,5.500291672873442]]]}},{"type":"Feature","properties":{"code":"1106022010","desa":"Aneuk Paya","kecamatan":"Lhoknga","kecCode":"110602","kabCode":"1106","province":"Aceh"},"geometry":{"type":"Polygon","coordinates":[[[95.2548726594457,5.484516553363191],[95.26091632392928,5.487752862668164],[95.26093902191836,5.479511372923524],[95.25748717659201,5.475445071209151],[95.25252514022309,5.478637883004789],[95.25602118902674,5.479260797520026],[95.2548726594457,5.484516553363191]]]}},{"type":"Feature","properties":{"code":"1106022011","desa":"Seubun Keutapang","kecamatan":"Lhoknga","kecCode":"110602","kabCode":"1106","province":"Aceh"},"geometry":{"type":"Polygon","coordinates":[[[95.2681679838654,5.5025211156057745],[95.26372307026355,5.497823485319096],[95.25656064555737,5.4984490960018695],[95.26509747356958,5.506454408488983],[95.2681679838654,5.5025211156057745]]]}},{"type":"Feature","properties":{"code":"1106022012","desa":"Seubun Ayon","kecamatan":"Lhoknga","kecCode":"110602","kabCode":"1106","province":"Aceh"},"geometry":{"type":"Polygon","coordinates":[[[95.25640517256073,5.49804437949782],[95.25436624130906,5.498708937120346],[95.25743812666825,5.507065604838],[95.26321143426036,5.512886183488927],[95.26509747356958,5.506454408488983],[95.25640517256073,5.49804437949782]]]}},{"type":"Feature","properties":{"code":"1106022013","desa":"Lambaro Seubun","kecamatan":"Lhoknga","kecCode":"110602","kabCode":"1106","province":"Aceh"},"geometry":{"type":"Polygon","coordinates":[[[95.26321143426036,5.512886183488927],[95.2589371868018,5.509897163464653],[95.25436624130906,5.498708937120346],[95.2553659618697,5.52214440446969],[95.2589268922623,5.52166223745178],[95.26321143426036,5.512886183488927]]]}},{"type":"Feature","properties":{"code":"1106022014","desa":"Naga Umbang","kecamatan":"Lhoknga","kecCode":"110602","kabCode":"1106","province":"Aceh"},"geometry":{"type":"Polygon","coordinates":[[[95.31522898043318,5.436045866839187],[95.2995874929685,5.4320773061426895],[95.29644660442735,5.43928707205331],[95.28409720132481,5.447995899894632],[95.27405111756508,5.4404434913854605],[95.27233790457068,5.441185883532358],[95.26384380244957,5.452348221092951],[95.26528898959526,5.4571156603540425],[95.26117728200602,5.46452054227632],[95.25594246777075,5.466785791515878],[95.25390154272208,5.470493963406802],[95.2602742133843,5.477381667703896],[95.26555482109818,5.475203194947853],[95.26993011458319,5.467224266770883],[95.2972049235684,5.456508285224398],[95.30360951296869,5.450204079056557],[95.30699571857758,5.441997083708311],[95.32008164305347,5.43352705284964],[95.31522898043318,5.436045866839187]]]}},{"type":"Feature","properties":{"code":"1106022015","desa":"Lampaya","kecamatan":"Lhoknga","kecCode":"110602","kabCode":"1106","province":"Aceh"},"geometry":{"type":"Polygon","coordinates":[[[95.25461051606254,5.47150891938115],[95.24871253995184,5.472497934411203],[95.24621650039124,5.4833947543324975],[95.24681718366615,5.488034239851677],[95.25375256193126,5.491713281802224],[95.2564490432888,5.4807549239712845],[95.25252514022309,5.478637883004789],[95.25748717659201,5.475445071209151],[95.25461051606254,5.47150891938115]]]}},{"type":"Feature","properties":{"code":"1106022016","desa":"Meunasah Mesjid Lamlhom","kecamatan":"Lhoknga","kecCode":"110602","kabCode":"1106","province":"Aceh"},"geometry":{"type":"Polygon","coordinates":[[[95.25339629820066,5.505537442644633],[95.2539058720584,5.502246480639652],[95.2491957106136,5.5018869766520515],[95.24878316641008,5.504817067699987],[95.25339629820066,5.505537442644633]]]}},{"type":"Feature","properties":{"code":"1106022017","desa":"Meunasah Mon Cut","kecamatan":"Lhoknga","kecCode":"110602","kabCode":"1106","province":"Aceh"},"geometry":{"type":"Polygon","coordinates":[[[95.24795750063824,5.4881452386750595],[95.23942314666097,5.490624377273927],[95.23908814829944,5.49716066608609],[95.24481144908917,5.499166306232187],[95.24901335598167,5.497461652986743],[95.24795750063824,5.4881452386750595]]]}},{"type":"Feature","properties":{"code":"1106022018","desa":"Meunasah Manyang","kecamatan":"Lhoknga","kecCode":"110602","kabCode":"1106","province":"Aceh"},"geometry":{"type":"Polygon","coordinates":[[[95.25394020997277,5.501176041890954],[95.25375256193126,5.491713281802224],[95.24785579630799,5.489167263320771],[95.24901335598167,5.497461652986743],[95.25113969683956,5.497119018482182],[95.2491957106136,5.5018869766520515],[95.25394020997277,5.501176041890954]]]}},{"type":"Feature","properties":{"code":"1106022019","desa":"Meunasah Lam Girek","kecamatan":"Lhoknga","kecCode":"110602","kabCode":"1106","province":"Aceh"},"geometry":{"type":"Polygon","coordinates":[[[95.22870063782426,5.5254802642284995],[95.24501991283876,5.520330423341222],[95.24073600756077,5.516122812053221],[95.24271623106927,5.505159929733093],[95.23477224604237,5.504049919915125],[95.22737312337104,5.511575693203292],[95.22870063782426,5.5254802642284995]]]}},{"type":"Feature","properties":{"code":"1106022020","desa":"Meunasah Lambaro","kecamatan":"Lhoknga","kecCode":"110602","kabCode":"1106","province":"Aceh"},"geometry":{"type":"Polygon","coordinates":[[[95.2433146984147,5.487693305965002],[95.23629874359222,5.4854026104081575],[95.2332758362109,5.481216702459077],[95.22574479288795,5.483787828213327],[95.22478115312776,5.484986646083321],[95.2244433290964,5.486190695309593],[95.23645348993664,5.48945614174952],[95.23570126280309,5.493949357933958],[95.23822572543696,5.493832531503639],[95.23725325523361,5.4966087017848935],[95.23908814829944,5.49716066608609],[95.23942314666097,5.490624377273927],[95.2433146984147,5.487693305965002]]]}},{"type":"Feature","properties":{"code":"1106022021","desa":"Meunasah Baro Lamlhom","kecamatan":"Lhoknga","kecCode":"110602","kabCode":"1106","province":"Aceh"},"geometry":{"type":"Polygon","coordinates":[[[95.24878316641008,5.504817067699987],[95.25113969683956,5.497119018482182],[95.24578387072908,5.498175101353006],[95.24275499634604,5.501821269485493],[95.23692083972503,5.498750972332124],[95.23755073477867,5.501905435237059],[95.24271623106927,5.505159929733093],[95.24209403960826,5.5185642177970555],[95.24534034667971,5.518861764790895],[95.24654608843126,5.504659098185469],[95.24878316641008,5.504817067699987]]]}},{"type":"Feature","properties":{"code":"1106022022","desa":"Meunasah Beutong","kecamatan":"Lhoknga","kecCode":"110602","kabCode":"1106","province":"Aceh"},"geometry":{"type":"Polygon","coordinates":[[[95.2553659618697,5.52214440446969],[95.25347309400814,5.505640824210335],[95.24654608843126,5.504659098185469],[95.24486346137967,5.521199631587651],[95.2553659618697,5.52214440446969]]]}},{"type":"Feature","properties":{"code":"1106022023","desa":"Mns. Mesjid Lampuuk","kecamatan":"Lhoknga","kecCode":"110602","kabCode":"1106","province":"Aceh"},"geometry":{"type":"Polygon","coordinates":[[[95.23725325523361,5.4966087017848935],[95.23645348993664,5.48945614174952],[95.2303658369139,5.486365222242299],[95.22721674565634,5.487327827781106],[95.22965923598503,5.4907543580878215],[95.22855070734931,5.496295342011492],[95.23725325523361,5.4966087017848935]]]}},{"type":"Feature","properties":{"code":"1106022024","desa":"Meunasah Balee","kecamatan":"Lhoknga","kecCode":"110602","kabCode":"1106","province":"Aceh"},"geometry":{"type":"MultiPolygon","coordinates":[[[[95.22870063782426,5.5254802642284995],[95.22737312337104,5.511575693203292],[95.23446083060291,5.505475991969241],[95.23440520933298,5.495155263360973],[95.22666211486477,5.496474161408306],[95.22569280128181,5.499376988609057],[95.21374815695195,5.5000462119143965],[95.20092986622039,5.519718718875233],[95.19563573899818,5.521453880721741],[95.19606301139889,5.525373205334921],[95.19352368656892,5.527450957619255],[95.20862118491982,5.541477268970348],[95.21338462759854,5.533620828455959],[95.2221355437204,5.53123664297656],[95.22521781894727,5.526491158864531],[95.22870063782426,5.5254802642284995]]],[[[95.20861804358786,5.541494032333277],[95.20862729131646,5.541501820462136],[95.20862077303032,5.54147946871205],[95.20861804358786,5.541494032333277]]]]}},{"type":"Feature","properties":{"code":"1106022025","desa":"Meunasah Karieng","kecamatan":"Lhoknga","kecCode":"110602","kabCode":"1106","province":"Aceh"},"geometry":{"type":"Polygon","coordinates":[[[95.25066746103452,5.502332209412886],[95.25394020997277,5.501176041890954],[95.24999999590312,5.5017596011741885],[95.25066746103452,5.502332209412886]]]}},{"type":"Feature","properties":{"code":"1106022026","desa":"Lamcok","kecamatan":"Lhoknga","kecCode":"110602","kabCode":"1106","province":"Aceh"},"geometry":{"type":"Polygon","coordinates":[[[95.265405655047,5.493185036718237],[95.25840056763212,5.4904415478001045],[95.25476165792422,5.496809502411128],[95.25914426379676,5.493531068861576],[95.265405655047,5.493185036718237]]]}},{"type":"Feature","properties":{"code":"1106022027","desa":"Meunasah Cut","kecamatan":"Lhoknga","kecCode":"110602","kabCode":"1106","province":"Aceh"},"geometry":{"type":"Polygon","coordinates":[[[95.24481144908917,5.499166306232187],[95.24344670000526,5.497512127436546],[95.23667048015858,5.496559901872781],[95.24275499634604,5.501821269485493],[95.24481144908917,5.499166306232187]]]}},{"type":"Feature","properties":{"code":"1106022028","desa":"Meunasah Blang","kecamatan":"Lhoknga","kecCode":"110602","kabCode":"1106","province":"Aceh"},"geometry":{"type":"Polygon","coordinates":[[[95.23477224604237,5.504049919915125],[95.23923434388989,5.504068362312288],[95.24271623106927,5.505159929733093],[95.23755073477867,5.501905435237059],[95.23667048015858,5.496559901872781],[95.23317151755157,5.499213616867058],[95.23477224604237,5.504049919915125]]]}},{"type":"Feature","properties":{"code":"1106032001","desa":"Reukih Dayah","kecamatan":"Indrapuri","kecCode":"110603","kabCode":"1106","province":"Aceh"},"geometry":{"type":"Polygon","coordinates":[[[95.44230930183288,5.419232668885394],[95.44720313271847,5.409004778191162],[95.43300065225831,5.398813308241092],[95.42844517420548,5.381388513740078],[95.42360535120605,5.3780049215644565],[95.4257385224149,5.373583827410789],[95.42270468557285,5.371470951204606],[95.42207732031216,5.364786991014792],[95.40927455008045,5.353904843532686],[95.40119257038087,5.336603406338693],[95.38127753872747,5.315683127811875],[95.38901428757934,5.334138036360329],[95.39787005565857,5.341788320785643],[95.39943874040563,5.347935459458936],[95.41050192142659,5.365284223475625],[95.41664525237654,5.368163525310983],[95.41399882458614,5.3732891573480455],[95.4161653678375,5.377730868459697],[95.42680791525316,5.385239245262264],[95.42493290073286,5.388151704202092],[95.4279357793128,5.394301501271379],[95.42775018442353,5.400170430173393],[95.43738105029529,5.408797970992991],[95.43599263555176,5.416441037459604],[95.44230930183288,5.419232668885394]]]}},{"type":"Feature","properties":{"code":"1106032002","desa":"Indrapuri","kecamatan":"Indrapuri","kecCode":"110603","kabCode":"1106","province":"Aceh"},"geometry":{"type":"Polygon","coordinates":[[[95.44595471184057,5.414076853801862],[95.44243303325794,5.419727599081827],[95.45137738276007,5.419794068873464],[95.453122739323,5.416830662440409],[95.44595471184057,5.414076853801862]]]}},{"type":"Feature","properties":{"code":"1106032003","desa":"Lam Leubok","kecamatan":"Indrapuri","kecCode":"110603","kabCode":"1106","province":"Aceh"},"geometry":{"type":"Polygon","coordinates":[[[95.453122739323,5.416830662440409],[95.4505205033186,5.420241594006236],[95.45512297544502,5.429473284087292],[95.46328357477724,5.429638894241926],[95.453122739323,5.416830662440409]]]}},{"type":"Feature","properties":{"code":"1106032004","desa":"Empee Ara","kecamatan":"Indrapuri","kecCode":"110603","kabCode":"1106","province":"Aceh"},"geometry":{"type":"Polygon","coordinates":[[[95.4505205033186,5.420241594006236],[95.44663040307067,5.421007748040204],[95.4446504205805,5.424809580724792],[95.45444340184156,5.428211218696586],[95.4505205033186,5.420241594006236]]]}},{"type":"Feature","properties":{"code":"1106032005","desa":"Limo Blang","kecamatan":"Indrapuri","kecCode":"110603","kabCode":"1106","province":"Aceh"},"geometry":{"type":"Polygon","coordinates":[[[95.46328357477724,5.429638894241926],[95.45899483474386,5.430529763559156],[95.44831866887154,5.425512051966144],[95.44407188580895,5.425733246518379],[95.44812028562274,5.430627101680761],[95.45909321697843,5.435123711007302],[95.45763841428145,5.439223997202378],[95.46053996085055,5.441052882795116],[95.46734617038952,5.438452607315392],[95.46328357477724,5.429638894241926]]]}},{"type":"Feature","properties":{"code":"1106032006","desa":"Limo Mesjid","kecamatan":"Indrapuri","kecCode":"110603","kabCode":"1106","province":"Aceh"},"geometry":{"type":"Polygon","coordinates":[[[95.45763841428145,5.439223997202378],[95.45909321697843,5.435123711007302],[95.447586196246,5.430267186703015],[95.44620747979143,5.4333197681114624],[95.45763841428145,5.439223997202378]]]}},{"type":"Feature","properties":{"code":"1106032007","desa":"Limo Lamleuweung","kecamatan":"Indrapuri","kecCode":"110603","kabCode":"1106","province":"Aceh"},"geometry":{"type":"Polygon","coordinates":[[[95.46053996085055,5.441052882795116],[95.44620747979143,5.4333197681114624],[95.44105258740706,5.438744219683128],[95.44110588842608,5.441767085692553],[95.43822611894028,5.442677175320559],[95.44964408880372,5.439962381070897],[95.4549191917673,5.444640143534957],[95.46053996085055,5.441052882795116]]]}},{"type":"Feature","properties":{"code":"1106032008","desa":"Lheue","kecamatan":"Indrapuri","kecCode":"110603","kabCode":"1106","province":"Aceh"},"geometry":{"type":"Polygon","coordinates":[[[95.453122739323,5.416830662440409],[95.46419728777465,5.43063997997242],[95.46734617038952,5.438452607315392],[95.47150343403632,5.437639220887611],[95.47077588969562,5.430368919811383],[95.45876844300933,5.420622554918441],[95.4569892917225,5.413916525365578],[95.45370753877194,5.413490127106337],[95.453122739323,5.416830662440409]]]}},{"type":"Feature","properties":{"code":"1106032009","desa":"Meusale","kecamatan":"Indrapuri","kecCode":"110603","kabCode":"1106","province":"Aceh"},"geometry":{"type":"Polygon","coordinates":[[[95.47236909535751,5.4376653794679415],[95.45547722559354,5.445553338522006],[95.46416478177927,5.448679416125245],[95.46934160503109,5.44592085816697],[95.47287006000533,5.448426208406197],[95.47533860729094,5.455027022675624],[95.4805125086454,5.456782113498685],[95.49765795125353,5.473136815490074],[95.50065036262419,5.474751041004501],[95.50325254107196,5.471564467805913],[95.5088890087208,5.473654586667727],[95.51609417460651,5.482415444786013],[95.52184295229046,5.4801768469552],[95.5256069424065,5.481707315909667],[95.53585499591138,5.475688233501044],[95.54371221344798,5.47872156941772],[95.5481913102808,5.477411915501603],[95.55487664464152,5.483076934821074],[95.56067110878467,5.480411936932424],[95.56502647329317,5.4813941800674435],[95.57162600333741,5.485897166486596],[95.57611842542508,5.481633173102325],[95.57179037422645,5.477219245645975],[95.56784998658763,5.477695139892625],[95.56475668657191,5.474430518131013],[95.55963608803512,5.473611984883157],[95.55152431559473,5.465957282987898],[95.54238990786803,5.461511829797263],[95.5362824643643,5.469047042369615],[95.53020627320102,5.472364963351565],[95.52025733420867,5.465507039204583],[95.51402689042867,5.464998723498939],[95.50990756738037,5.460532379956504],[95.51005604455086,5.456911792140331],[95.50496780631924,5.457437176978426],[95.49322887831016,5.449420297411182],[95.48983243661769,5.449528801515214],[95.48559509194,5.444172157926394],[95.48238567505892,5.444474826559361],[95.48172894333612,5.440802840689631],[95.47236909535751,5.4376653794679415]]]}},{"type":"Feature","properties":{"code":"1106032010","desa":"Cureh","kecamatan":"Indrapuri","kecCode":"110603","kabCode":"1106","province":"Aceh"},"geometry":{"type":"Polygon","coordinates":[[[95.47077588969562,5.430368919811383],[95.47158101944854,5.4377053534334845],[95.48172894333612,5.440802840689631],[95.48238567505892,5.444474826559361],[95.48559509194,5.444172157926394],[95.48963827208867,5.449391743036899],[95.49322887831016,5.449420297411182],[95.50148998677354,5.456078028873585],[95.51005604455086,5.456911792140331],[95.50990756738037,5.460532379956504],[95.51583527957456,5.466302668518645],[95.52025733420867,5.465507039204583],[95.53036046286513,5.47235354106225],[95.54221779291686,5.462486774034575],[95.53882642699806,5.4574610350929245],[95.53530101622897,5.458907747487359],[95.53516321940707,5.450536129440025],[95.52722760167255,5.44577312293732],[95.52439509066095,5.447859434069581],[95.5227466000756,5.443512316348621],[95.51456125409867,5.4438264063715565],[95.50761322866764,5.447938113956638],[95.5009031485615,5.442703301525313],[95.49509726392766,5.441741997305427],[95.493583925258,5.438924716315574],[95.48533195570523,5.438762911192493],[95.47693455138847,5.431657144681765],[95.47077588969562,5.430368919811383]]]}},{"type":"Feature","properties":{"code":"1106032011","desa":"Cot Kareung","kecamatan":"Indrapuri","kecCode":"110603","kabCode":"1106","province":"Aceh"},"geometry":{"type":"Polygon","coordinates":[[[95.57611842542508,5.481633173102325],[95.57162600333741,5.485897166486596],[95.56502647329317,5.4813941800674435],[95.56067110878467,5.480411936932424],[95.55487664464152,5.483076934821074],[95.5481913102808,5.477411915501603],[95.54371221344798,5.47872156941772],[95.53585499591138,5.475688233501044],[95.5256069424065,5.481707315909667],[95.52184295229046,5.4801768469552],[95.51609417460651,5.482415444786013],[95.5088890087208,5.473654586667727],[95.50325254107196,5.471564467805913],[95.50065036262419,5.474751041004501],[95.49765795125353,5.473136815490074],[95.4805125086454,5.456782113498685],[95.4750684914178,5.454762997011657],[95.47204010356796,5.447641937529542],[95.468089056265,5.445627707059226],[95.46465951142739,5.448557484243756],[95.46773339058358,5.46586760978812],[95.48521889923285,5.476410567169072],[95.48371332441046,5.479098477984763],[95.49265953281126,5.500658701488533],[95.51918638644264,5.510808541821191],[95.51811360585829,5.523654603604582],[95.5244314790296,5.534506269465301],[95.53855805221241,5.525859020902359],[95.54263789592221,5.517506772453298],[95.54531621637034,5.516370341452939],[95.54516202940418,5.51039694100688],[95.5502160025665,5.513794811718598],[95.55795400956993,5.514560048444134],[95.56199719061789,5.507313159418696],[95.56431573728149,5.507455929491351],[95.5712851782684,5.499676042866736],[95.57004500327436,5.497464094646133],[95.57564486761663,5.4913031864529716],[95.57762720363256,5.483673374194656],[95.57611842542508,5.481633173102325]]]}},{"type":"Feature","properties":{"code":"1106032012","desa":"Lamlung","kecamatan":"Indrapuri","kecCode":"110603","kabCode":"1106","province":"Aceh"},"geometry":{"type":"Polygon","coordinates":[[[95.5167886625668,5.435378542002662],[95.48803528180287,5.4308376590518606],[95.48573957791922,5.42691630646746],[95.48143532368128,5.426286130826035],[95.4720538685912,5.418831089216689],[95.46973462495305,5.419473417396943],[95.46652385459224,5.414022847714394],[95.46361365744438,5.417989852583748],[95.46904759057388,5.425630234574078],[95.48594319342368,5.43256469732228],[95.49093171842411,5.437101535122536],[95.50987222672194,5.440505117428605],[95.5167886625668,5.435378542002662]]]}},{"type":"Feature","properties":{"code":"1106032013","desa":"Meureu Ulee Titie","kecamatan":"Indrapuri","kecCode":"110603","kabCode":"1106","province":"Aceh"},"geometry":{"type":"Polygon","coordinates":[[[95.47368761569093,5.416338635255587],[95.47316174701704,5.42069849007464],[95.47628550257394,5.4219605554653585],[95.47719987567376,5.418699122699759],[95.47368761569093,5.416338635255587]]]}},{"type":"Feature","properties":{"code":"1106032014","desa":"Meureu Bueng-U","kecamatan":"Indrapuri","kecCode":"110603","kabCode":"1106","province":"Aceh"},"geometry":{"type":"Polygon","coordinates":[[[95.47628550257394,5.4219605554653585],[95.48612790607808,5.427205648946317],[95.48803528180287,5.4308376590518606],[95.49790570458464,5.433658558014313],[95.50017475885807,5.433117943157362],[95.49659515674112,5.432689295693697],[95.49250962122208,5.426513998347816],[95.48263609667855,5.422699833260043],[95.47811757536583,5.417881455499004],[95.47628269758847,5.418284064891508],[95.47628550257394,5.4219605554653585]]]}},{"type":"Feature","properties":{"code":"1106032015","desa":"Mureu Baro","kecamatan":"Indrapuri","kecCode":"110603","kabCode":"1106","province":"Aceh"},"geometry":{"type":"Polygon","coordinates":[[[95.49659515674112,5.432689295693697],[95.50751809298566,5.4341744253272],[95.50955084589486,5.42629901271499],[95.49245798844548,5.421988619709119],[95.48940632973836,5.417771025047116],[95.48954314809788,5.412436274554165],[95.48196183357179,5.414151390512264],[95.47804711258424,5.417855206087114],[95.48263609667855,5.422699833260043],[95.49250962122208,5.426513998347816],[95.49659515674112,5.432689295693697]]]}},{"type":"Feature","properties":{"code":"1106032016","desa":"Meureu Lamglumpang","kecamatan":"Indrapuri","kecCode":"110603","kabCode":"1106","province":"Aceh"},"geometry":{"type":"Polygon","coordinates":[[[95.47368761569093,5.416338635255587],[95.47758609132511,5.418149665708438],[95.48196183357179,5.414151390512264],[95.4742560852502,5.414251207165395],[95.47368761569093,5.416338635255587]]]}},{"type":"Feature","properties":{"code":"1106032017","desa":"Pasar Indrapuri","kecamatan":"Indrapuri","kecCode":"110603","kabCode":"1106","province":"Aceh"},"geometry":{"type":"Polygon","coordinates":[[[95.44629109156068,5.413387444313854],[95.45152692023122,5.417089854248407],[95.45383615531438,5.415639115589211],[95.44914359000471,5.411349674988375],[95.44629109156068,5.413387444313854]]]}},{"type":"Feature","properties":{"code":"1106032018","desa":"Manggra","kecamatan":"Indrapuri","kecCode":"110603","kabCode":"1106","province":"Aceh"},"geometry":{"type":"Polygon","coordinates":[[[95.47295373832439,5.414655890394533],[95.4886136124283,5.412339332134305],[95.48725837457435,5.405561265986342],[95.47136698260022,5.407361402051976],[95.47295373832439,5.414655890394533]]]}},{"type":"Feature","properties":{"code":"1106032019","desa":"Reukih Kupula","kecamatan":"Indrapuri","kecCode":"110603","kabCode":"1106","province":"Aceh"},"geometry":{"type":"Polygon","coordinates":[[[95.44698732240704,5.422230791847395],[95.43599263555176,5.416441037459604],[95.43738105029529,5.408797970992991],[95.42775018442353,5.400170430173393],[95.4279357793128,5.394301501271379],[95.42493290073286,5.388151704202092],[95.42680791525316,5.385239245262264],[95.4161653678375,5.377730868459697],[95.41399882458614,5.3732891573480455],[95.41664525237654,5.368163525310983],[95.41050192142659,5.365284223475625],[95.39943874040563,5.347935459458936],[95.39787005565857,5.341788320785643],[95.38901428757934,5.334138036360329],[95.38253675956382,5.322125337645449],[95.38245251557117,5.327392405161231],[95.39575433039805,5.344541293954073],[95.41181980324137,5.371341581030471],[95.41221470544433,5.3758721172811645],[95.42368747909391,5.389847091732488],[95.42612642699305,5.402398747853835],[95.44170384675515,5.426068275456516],[95.44698732240704,5.422230791847395]]]}},{"type":"Feature","properties":{"code":"1106032020","desa":"Lam Ilie Mesjid","kecamatan":"Indrapuri","kecCode":"110603","kabCode":"1106","province":"Aceh"},"geometry":{"type":"Polygon","coordinates":[[[95.43925362765286,5.423874061866606],[95.42612642699305,5.402398747853835],[95.42368747909391,5.389847091732488],[95.41221470544433,5.3758721172811645],[95.41181980324137,5.371341581030471],[95.38149097932528,5.323587109187491],[95.37956100903341,5.32875013953183],[95.39232810495815,5.342405962575799],[95.4031813230597,5.36570980515043],[95.41484693923489,5.38126046377065],[95.42475668127588,5.408092353023802],[95.43520616403326,5.423126316055581],[95.43749044742627,5.425398701415562],[95.43925362765286,5.423874061866606]]]}},{"type":"Feature","properties":{"code":"1106032021","desa":"Lam Ilie Tengoh","kecamatan":"Indrapuri","kecCode":"110603","kabCode":"1106","province":"Aceh"},"geometry":{"type":"Polygon","coordinates":[[[95.43520616403326,5.423126316055581],[95.42475668127588,5.408092353023802],[95.41743425458723,5.386038765043419],[95.4031813230597,5.36570980515043],[95.39232810495815,5.342405962575799],[95.3790601639954,5.326978791664199],[95.3754397137718,5.328701753307837],[95.37423605305143,5.330797526207324],[95.38470935974918,5.33944618220923],[95.39329640140784,5.35675702721115],[95.40721709009671,5.375561575083677],[95.40663591221761,5.381438500757311],[95.41304154842878,5.387395695420085],[95.41059535109461,5.3923155931501805],[95.41687549500813,5.397225698162545],[95.41564110895007,5.399328691718749],[95.41959101321476,5.403314288272762],[95.42306978604188,5.415844529737527],[95.43126106304766,5.428625101090932],[95.43502998414651,5.428453439398267],[95.43520616403326,5.423126316055581]]]}},{"type":"Feature","properties":{"code":"1106032022","desa":"Lam Ilie Ganto","kecamatan":"Indrapuri","kecCode":"110603","kabCode":"1106","province":"Aceh"},"geometry":{"type":"Polygon","coordinates":[[[95.43117274782412,5.427571811514329],[95.42306978604188,5.415844529737527],[95.41959101321476,5.403314288272762],[95.41564110895007,5.399328691718749],[95.41687549500813,5.397225698162545],[95.41059535109461,5.3923155931501805],[95.41304154842878,5.387395695420085],[95.40663591221761,5.381438500757311],[95.40721709009671,5.375561575083677],[95.39329640140784,5.35675702721115],[95.3917092967467,5.350621314424448],[95.37880904630047,5.332723525091109],[95.37125569529417,5.3316166494104085],[95.36758563307058,5.335105930812109],[95.36925273602503,5.342556383181035],[95.37537218457874,5.33968371204707],[95.37966569101889,5.3416928433614315],[95.3922993770147,5.359332378879694],[95.39566771759114,5.3610027112979175],[95.40253397036649,5.376525779617111],[95.39952324969828,5.380689314232363],[95.40002103344398,5.389563438364829],[95.4079634113824,5.400479177324014],[95.41552785102954,5.406272591053205],[95.41787039340396,5.419632176516181],[95.42196667132487,5.418389996934549],[95.42682090326213,5.4233267884292555],[95.42705633857922,5.427773399946686],[95.43117274782412,5.427571811514329]]]}},{"type":"Feature","properties":{"code":"1106032023","desa":"Meunara","kecamatan":"Indrapuri","kecCode":"110603","kabCode":"1106","province":"Aceh"},"geometry":{"type":"Polygon","coordinates":[[[95.43128013586966,5.428636544963901],[95.42705633857922,5.427773399946686],[95.42588027355582,5.423979002856734],[95.4208180967778,5.426736748727256],[95.42346352542141,5.431845768487573],[95.42884293355462,5.431670237012086],[95.43128013586966,5.428636544963901]]]}},{"type":"Feature","properties":{"code":"1106032024","desa":"Aneuk Glee","kecamatan":"Indrapuri","kecCode":"110603","kabCode":"1106","province":"Aceh"},"geometry":{"type":"Polygon","coordinates":[[[95.42588027355582,5.423979002856734],[95.42196667132487,5.418389996934549],[95.4177298059858,5.419449543094578],[95.41552785102954,5.406272591053205],[95.4079634113824,5.400479177324014],[95.40002103344398,5.389563438364829],[95.39952324969828,5.380689314232363],[95.40199145344286,5.374289084751792],[95.39566771759114,5.3610027112979175],[95.3922993770147,5.359332378879694],[95.38020978895064,5.342214935781509],[95.37578500397484,5.339689541452569],[95.37135728181316,5.340717501623776],[95.36839120169265,5.3442868892373125],[95.35299640635913,5.351833399992535],[95.34319239761112,5.364789058556205],[95.34308990277685,5.36929991044589],[95.36212723658275,5.374618370619317],[95.37951188896257,5.392145775067685],[95.38587125685306,5.392108114158445],[95.39372274031228,5.396539527133313],[95.39548759057989,5.403515036738321],[95.40442375355343,5.410092960563792],[95.40257886991894,5.413509895104247],[95.40864753735399,5.41598319440504],[95.41002101255974,5.423687644097871],[95.41602231897491,5.424271335581454],[95.41749996355252,5.428543656687836],[95.42588027355582,5.423979002856734]]]}},{"type":"Feature","properties":{"code":"1106032025","desa":"Krueng Lamkareung","kecamatan":"Indrapuri","kecCode":"110603","kabCode":"1106","province":"Aceh"},"geometry":{"type":"Polygon","coordinates":[[[95.38126950058704,5.31586072682867],[95.40119257038087,5.336603406338693],[95.40927455008045,5.353904843532686],[95.42207732031216,5.364786991014792],[95.42270468557285,5.371470951204606],[95.4257385224149,5.373583827410789],[95.42360535120605,5.3780049215644565],[95.42844517420548,5.381388513740078],[95.4295000420933,5.385344134991],[95.44657320079261,5.38855321552237],[95.4476314105612,5.387021698857757],[95.44097092266996,5.378415406320087],[95.44042364743342,5.372833507740023],[95.43415997190522,5.368894493370005],[95.43282771802483,5.3609720471141],[95.42529467640827,5.354252373946526],[95.42079035898792,5.343070914101409],[95.40452174368357,5.3291647791553265],[95.3925808810029,5.313237888258216],[95.38284807967517,5.308651878226493],[95.38126950058704,5.31586072682867]]]}},{"type":"Feature","properties":{"code":"1106032026","desa":"Sinyeu","kecamatan":"Indrapuri","kecCode":"110603","kabCode":"1106","province":"Aceh"},"geometry":{"type":"Polygon","coordinates":[[[95.4295000420933,5.385344134991],[95.43300065225831,5.398813308241092],[95.44720313271847,5.409004778191162],[95.44553399639688,5.412696469106238],[95.44861820426678,5.411235461088622],[95.45672135940328,5.413749018540752],[95.45838982842793,5.409805207186981],[95.45340157142545,5.409606499283113],[95.4515305418011,5.400781536590165],[95.4454361240779,5.389532304735018],[95.4295000420933,5.385344134991]]]}},{"type":"Feature","properties":{"code":"1106032027","desa":"Seureumo","kecamatan":"Indrapuri","kecCode":"110603","kabCode":"1106","province":"Aceh"},"geometry":{"type":"Polygon","coordinates":[[[95.43996017642102,5.4310556250379625],[95.44013306838644,5.423198959693055],[95.43749044742627,5.425398701415562],[95.43520616403326,5.423126316055581],[95.43433189440147,5.425466530982153],[95.43980432301116,5.433090873563806],[95.44317173458796,5.431696318250762],[95.43996017642102,5.4310556250379625]]]}},{"type":"Feature","properties":{"code":"1106032028","desa":"Ulee Kareung","kecamatan":"Indrapuri","kecCode":"110603","kabCode":"1106","province":"Aceh"},"geometry":{"type":"Polygon","coordinates":[[[95.4446504205805,5.424809580724792],[95.44156298144651,5.426030203557082],[95.43994114137064,5.4309528325282415],[95.44620747979143,5.4333197681114624],[95.44778765157889,5.429011193534764],[95.44425462894803,5.427160923862432],[95.4446504205805,5.424809580724792]]]}},{"type":"Feature","properties":{"code":"1106032029","desa":"Lambeutong","kecamatan":"Indrapuri","kecCode":"110603","kabCode":"1106","province":"Aceh"},"geometry":{"type":"Polygon","coordinates":[[[95.44272454400253,5.437595406816855],[95.44620747979143,5.4333197681114624],[95.44317173458796,5.431696318250762],[95.43980432301116,5.433090873563806],[95.44049807892326,5.436976438526722],[95.44272454400253,5.437595406816855]]]}},{"type":"Feature","properties":{"code":"1106032030","desa":"Lampupok Baro","kecamatan":"Indrapuri","kecCode":"110603","kabCode":"1106","province":"Aceh"},"geometry":{"type":"Polygon","coordinates":[[[95.43121578667926,5.42937782285086],[95.42884293355462,5.431670237012086],[95.43119063264162,5.436145045872907],[95.43822611894028,5.442677175320559],[95.43770168738301,5.435573602256276],[95.43121578667926,5.42937782285086]]]}},{"type":"Feature","properties":{"code":"1106032031","desa":"Lampupok Raya","kecamatan":"Indrapuri","kecCode":"110603","kabCode":"1106","province":"Aceh"},"geometry":{"type":"Polygon","coordinates":[[[95.43822611894028,5.442677175320559],[95.44110588842608,5.441767085692553],[95.44272454400253,5.437595406816855],[95.44049807892326,5.436976438526722],[95.43640428942649,5.427692533807707],[95.43128013586966,5.428636544963901],[95.43485490143262,5.434893236350849],[95.43770168738301,5.435573602256276],[95.43822611894028,5.442677175320559]]]}},{"type":"Feature","properties":{"code":"1106032032","desa":"Seulangai","kecamatan":"Indrapuri","kecCode":"110603","kabCode":"1106","province":"Aceh"},"geometry":{"type":"Polygon","coordinates":[[[95.42884293355462,5.431670237012086],[95.42346352542141,5.431845768487573],[95.42302570307379,5.429580521945959],[95.42120860669189,5.430946911391848],[95.42493062544803,5.432677027142382],[95.42667371841742,5.441888702811316],[95.43677379297623,5.442538765161202],[95.42884293355462,5.431670237012086]]]}},{"type":"Feature","properties":{"code":"1106032033","desa":"Riting","kecamatan":"Indrapuri","kecCode":"110603","kabCode":"1106","province":"Aceh"},"geometry":{"type":"Polygon","coordinates":[[[95.38284807967517,5.308651878226493],[95.3925808810029,5.313237888258216],[95.40452174368357,5.3291647791553265],[95.42079035898792,5.343070914101409],[95.42529467640827,5.354252373946526],[95.43282771802483,5.3609720471141],[95.43415997190522,5.368894493370005],[95.44042364743342,5.372833507740023],[95.44097092266996,5.378415406320087],[95.44875791844322,5.388154450731627],[95.44903393656698,5.393890538975707],[95.45715768258106,5.398529544256874],[95.45912804142603,5.3954926749039185],[95.45425943022859,5.387959475014298],[95.45905662266506,5.3845449479589345],[95.45601091297334,5.379714641590294],[95.4517822539479,5.377540885778327],[95.44976137658631,5.379032807091913],[95.44618754541891,5.375113120951245],[95.44860174667332,5.3715528524632745],[95.44741189774095,5.369583373157277],[95.45152241642643,5.368338915592853],[95.45001859708064,5.364122511633225],[95.4532165925717,5.3588972131298265],[95.4495998115821,5.358965741469628],[95.4491140050074,5.354291686910421],[95.4434556469606,5.351298326758003],[95.44071450796821,5.34661316737018],[95.42698055540836,5.339216017818877],[95.42421294577086,5.330412903255687],[95.41796162602826,5.324569899110294],[95.41819957135317,5.321310036560989],[95.40903864621662,5.316812856164981],[95.40811065558232,5.310840409000359],[95.39219206361291,5.307528199612774],[95.38693821342785,5.298467212547112],[95.38474910888431,5.299847300466423],[95.38284807967517,5.308651878226493]]]}},{"type":"Feature","properties":{"code":"1106032034","desa":"Sihom Lhok","kecamatan":"Indrapuri","kecCode":"110603","kabCode":"1106","province":"Aceh"},"geometry":{"type":"Polygon","coordinates":[[[95.4476314105612,5.387021698857757],[95.44337765235684,5.388447136889899],[95.45142159343185,5.402553008564268],[95.45626460902456,5.401299459753264],[95.45715768258106,5.398529544256874],[95.44903393656698,5.393890538975707],[95.4476314105612,5.387021698857757]]]}},{"type":"Feature","properties":{"code":"1106032035","desa":"Sihom Cot","kecamatan":"Indrapuri","kecCode":"110603","kabCode":"1106","province":"Aceh"},"geometry":{"type":"Polygon","coordinates":[[[95.45142159343185,5.402553008564268],[95.45340157142545,5.409606499283113],[95.45700970093702,5.408648352582939],[95.45626460902456,5.401299459753264],[95.45142159343185,5.402553008564268]]]}},{"type":"Feature","properties":{"code":"1106032036","desa":"Seuot Baroh","kecamatan":"Indrapuri","kecCode":"110603","kabCode":"1106","province":"Aceh"},"geometry":{"type":"Polygon","coordinates":[[[95.45672135940328,5.413749018540752],[95.45876844300933,5.420622554918441],[95.4643037558137,5.4256785263692455],[95.47693455138847,5.431657144681765],[95.48533195570523,5.438762911192493],[95.493583925258,5.438924716315574],[95.49509726392766,5.441741997305427],[95.5009031485615,5.442703301525313],[95.50807960269155,5.4480523278563675],[95.51456125409867,5.4438264063715565],[95.522584796751,5.443464727823294],[95.52439509066095,5.447859434069581],[95.52722760167255,5.44577312293732],[95.53540402097883,5.4505180458723546],[95.53496417605594,5.445909363032575],[95.52837973123968,5.438292233013771],[95.52110481303673,5.435323709438274],[95.51730429155987,5.437297141264675],[95.5167886625668,5.435378542002662],[95.50987222672194,5.440505117428605],[95.49093171842411,5.437101535122536],[95.48594319342368,5.43256469732228],[95.46888102983571,5.42550174303753],[95.45988232261118,5.415266450023497],[95.45838982842793,5.409805207186981],[95.45672135940328,5.413749018540752]]]}},{"type":"Feature","properties":{"code":"1106032037","desa":"Seuot Tunong","kecamatan":"Indrapuri","kecCode":"110603","kabCode":"1106","province":"Aceh"},"geometry":{"type":"Polygon","coordinates":[[[95.46361365744438,5.417989852583748],[95.46537654269338,5.41107101555604],[95.45715768258106,5.398529544256874],[95.4571227664026,5.409067573352968],[95.46361365744438,5.417989852583748]]]}},{"type":"Feature","properties":{"code":"1106032038","desa":"Lampanah Ranjo","kecamatan":"Indrapuri","kecCode":"110603","kabCode":"1106","province":"Aceh"},"geometry":{"type":"Polygon","coordinates":[[[95.46852836069536,5.417381588024611],[95.47084345396227,5.41974943372174],[95.47368589169058,5.41600538607585],[95.47170396396682,5.414551830740022],[95.46852836069536,5.417381588024611]]]}},{"type":"Feature","properties":{"code":"1106032039","desa":"Lampanah Teungoh","kecamatan":"Indrapuri","kecCode":"110603","kabCode":"1106","province":"Aceh"},"geometry":{"type":"Polygon","coordinates":[[[95.46610872843513,5.414264203268218],[95.47222982724479,5.412994901033017],[95.47178958572083,5.411370693943191],[95.46880014031427,5.412758305590721],[95.46547365328655,5.410859495910355],[95.46610872843513,5.414264203268218]]]}},{"type":"Feature","properties":{"code":"1106032040","desa":"Lampanah Dayah","kecamatan":"Indrapuri","kecCode":"110603","kabCode":"1106","province":"Aceh"},"geometry":{"type":"Polygon","coordinates":[[[95.46708085060082,5.414458137570697],[95.46852836069536,5.417381588024611],[95.47170396396682,5.414551830740022],[95.47368589169058,5.41600538607585],[95.47222982724479,5.412994901033017],[95.46708085060082,5.414458137570697]]]}},{"type":"Feature","properties":{"code":"1106032041","desa":"Lampanah Baro","kecamatan":"Indrapuri","kecCode":"110603","kabCode":"1106","province":"Aceh"},"geometry":{"type":"Polygon","coordinates":[[[95.47178958572083,5.411370693943191],[95.4631714266201,5.405831704715814],[95.46357871068896,5.402507597297541],[95.45912804142603,5.3954926749039185],[95.45696099005771,5.3997812953230735],[95.46350635393514,5.409011036573286],[95.46739149981791,5.4125869838417815],[95.47178958572083,5.411370693943191]]]}},{"type":"Feature","properties":{"code":"1106032042","desa":"Lampanah Tunong","kecamatan":"Indrapuri","kecCode":"110603","kabCode":"1106","province":"Aceh"},"geometry":{"type":"Polygon","coordinates":[[[95.47110098832002,5.409739304867521],[95.47215815307635,5.4066475624806],[95.4837423662173,5.406715860594037],[95.4849396930125,5.40480464386664],[95.47617902104503,5.4004928587102725],[95.47707131758727,5.394811896209646],[95.47500713607053,5.3933961168962865],[95.4625209146086,5.393425859274928],[95.4643364425728,5.387023919283875],[95.46199862343781,5.384297057931086],[95.45908041692773,5.384699613364297],[95.45428917440591,5.387810757724963],[95.45481265358113,5.391225286578893],[95.46121823133636,5.3981036559132285],[95.46333322994468,5.406026820727372],[95.47110098832002,5.409739304867521]]]}},{"type":"Feature","properties":{"code":"1106032043","desa":"Groet Blang","kecamatan":"Indrapuri","kecCode":"110603","kabCode":"1106","province":"Aceh"},"geometry":{"type":"Polygon","coordinates":[[[95.42993013386865,5.443524679328838],[95.42667371841742,5.441888702811316],[95.4254361316722,5.449533105670528],[95.42935783769411,5.449517092342225],[95.42993013386865,5.443524679328838]]]}},{"type":"Feature","properties":{"code":"1106032044","desa":"Groet Manyang","kecamatan":"Indrapuri","kecCode":"110603","kabCode":"1106","province":"Aceh"},"geometry":{"type":"Polygon","coordinates":[[[95.42664466042282,5.453796608924289],[95.42452640536936,5.4455338619044795],[95.4224466988561,5.445969421557393],[95.42243947370281,5.453510117296292],[95.42664466042282,5.453796608924289]]]}},{"type":"Feature","properties":{"code":"1106032045","desa":"Groet Baro","kecamatan":"Indrapuri","kecCode":"110603","kabCode":"1106","province":"Aceh"},"geometry":{"type":"Polygon","coordinates":[[[95.42667371841742,5.441888702811316],[95.42370817789015,5.432343902069034],[95.42410525285521,5.445377395157084],[95.42469719741779,5.448879525172802],[95.42727787757207,5.453889805667827],[95.42935783769411,5.449517092342225],[95.4254361316722,5.449533105670528],[95.42667371841742,5.441888702811316]]]}},{"type":"Feature","properties":{"code":"1106032046","desa":"Jruek Bak Kreh","kecamatan":"Indrapuri","kecCode":"110603","kabCode":"1106","province":"Aceh"},"geometry":{"type":"Polygon","coordinates":[[[95.41704507207248,5.447227588387086],[95.41224188205727,5.4494806500142525],[95.41191897238274,5.455491093535399],[95.41576970300945,5.455833836857949],[95.41704507207248,5.447227588387086]]]}},{"type":"Feature","properties":{"code":"1106032047","desa":"Jruek Balee","kecamatan":"Indrapuri","kecCode":"110603","kabCode":"1106","province":"Aceh"},"geometry":{"type":"Polygon","coordinates":[[[95.42341812674522,5.454873490416122],[95.4224466988561,5.445969421557393],[95.4171279284112,5.447153496841079],[95.41576970300945,5.455833836857949],[95.42341812674522,5.454873490416122]]]}},{"type":"Feature","properties":{"code":"1106032049","desa":"Mon Alue","kecamatan":"Indrapuri","kecCode":"110603","kabCode":"1106","province":"Aceh"},"geometry":{"type":"Polygon","coordinates":[[[95.4224466988561,5.445969421557393],[95.4242356230756,5.442078440877098],[95.41523374034489,5.444710129675894],[95.41613801495748,5.447491386522571],[95.4224466988561,5.445969421557393]]]}},{"type":"Feature","properties":{"code":"1106032050","desa":"Lambeunot","kecamatan":"Indrapuri","kecCode":"110603","kabCode":"1106","province":"Aceh"},"geometry":{"type":"Polygon","coordinates":[[[95.4242356230756,5.442078440877098],[95.42371971259472,5.434288739951024],[95.41419189374096,5.439651754337247],[95.4117313612134,5.444470717556937],[95.4242356230756,5.442078440877098]]]}},{"type":"Feature","properties":{"code":"1106032051","desa":"Ulee Ue","kecamatan":"Indrapuri","kecCode":"110603","kabCode":"1106","province":"Aceh"},"geometry":{"type":"Polygon","coordinates":[[[95.41191897238274,5.455491093535399],[95.41332855356995,5.44846904311515],[95.41059520540448,5.44514781352745],[95.4066788836236,5.448846689126348],[95.4086781646656,5.4545487856950645],[95.41191897238274,5.455491093535399]]]}},{"type":"Feature","properties":{"code":"1106032052","desa":"Lamsiot","kecamatan":"Indrapuri","kecCode":"110603","kabCode":"1106","province":"Aceh"},"geometry":{"type":"Polygon","coordinates":[[[95.4133000009943,5.448316757315955],[95.41613801495748,5.447491386522571],[95.41484169169077,5.443936794555355],[95.41059520540448,5.44514781352745],[95.4133000009943,5.448316757315955]]]}},{"type":"Feature","properties":{"code":"1106032053","desa":"Lingom","kecamatan":"Indrapuri","kecCode":"110603","kabCode":"1106","province":"Aceh"},"geometry":{"type":"Polygon","coordinates":[[[95.42371971259472,5.434288739951024],[95.4208180967778,5.426736748727256],[95.41749996355252,5.428543656687836],[95.41602231897491,5.424271335581454],[95.41008347407312,5.4235939527272095],[95.41160050356046,5.432611706684221],[95.40904258164989,5.434794957538401],[95.41177716098723,5.442633991674553],[95.42371971259472,5.434288739951024]]]}},{"type":"Feature","properties":{"code":"1106042001","desa":"Peukan Seulimeum","kecamatan":"Seulimeum","kecCode":"110604","kabCode":"1106","province":"Aceh"},"geometry":{"type":"Polygon","coordinates":[[[95.58179472944327,5.364878207451165],[95.58144312959685,5.355760406614573],[95.58659293541568,5.359413941093907],[95.59090731871783,5.353970667611163],[95.58982491089097,5.351558759630428],[95.5749856834426,5.355669022904293],[95.57915972034488,5.364149147753568],[95.58179472944327,5.364878207451165]]]}},{"type":"Feature","properties":{"code":"1106042002","desa":"Keunaloi","kecamatan":"Seulimeum","kecCode":"110604","kabCode":"1106","province":"Aceh"},"geometry":{"type":"Polygon","coordinates":[[[95.5749856834426,5.355669022904293],[95.58127507868198,5.354995669912133],[95.58434121287671,5.352902687608977],[95.57770639883131,5.3502222915283175],[95.5749856834426,5.355669022904293]]]}},{"type":"Feature","properties":{"code":"1106042003","desa":"Lhieb","kecamatan":"Seulimeum","kecCode":"110604","kabCode":"1106","province":"Aceh"},"geometry":{"type":"Polygon","coordinates":[[[95.58434121287671,5.353003812775686],[95.58820188730732,5.351820029771667],[95.58781284688541,5.349513144619394],[95.58372326621583,5.348297714472643],[95.58552213963507,5.345113996621557],[95.58362332995277,5.339360460630498],[95.59135419723846,5.339467533913207],[95.59267480040177,5.337661523475982],[95.58852025990211,5.328131782780699],[95.59184674692989,5.324434099682854],[95.59328869921414,5.328417317530017],[95.5956372265768,5.327353698340402],[95.60319086626555,5.318070909680085],[95.59467674433635,5.314594661253513],[95.5949396890155,5.30930755144661],[95.5773358295849,5.308696208508092],[95.57345292840995,5.3117360708048516],[95.58143478838484,5.316566853814134],[95.57583829739957,5.332899475650586],[95.57191456520508,5.33716648266303],[95.57655927399134,5.342572618641923],[95.57770639883131,5.3502222915283175],[95.58434121287671,5.353003812775686]]]}},{"type":"Feature","properties":{"code":"1106042004","desa":"Alue Gintong","kecamatan":"Seulimeum","kecCode":"110604","kabCode":"1106","province":"Aceh"},"geometry":{"type":"Polygon","coordinates":[[[95.58781284688541,5.349513144619394],[95.59090731871783,5.353970667611163],[95.59667033266976,5.345184555630599],[95.60313495541392,5.350720897253813],[95.60445717555825,5.345085193135106],[95.6091886374457,5.348256951801641],[95.6151713018142,5.344962174872564],[95.61446189859781,5.3498058262810035],[95.61991310140854,5.353666300158858],[95.62198066707418,5.3442974032113435],[95.63323783905508,5.340295786134423],[95.6344051356885,5.333017343495807],[95.64249229368448,5.328622812617349],[95.64009587382559,5.3185358924523545],[95.64137859844361,5.312216443675217],[95.62542005589093,5.311931970125941],[95.62145860163321,5.308617581680982],[95.60505705663792,5.314337456947246],[95.60101242858076,5.322556704658976],[95.5956372265768,5.327353698340402],[95.59328869921414,5.328417317530017],[95.59184674692989,5.324434099682854],[95.58852025990211,5.328131782780699],[95.59164687170585,5.331658143230251],[95.59238926385346,5.338789387534555],[95.58359477557849,5.339674547955475],[95.58552213963507,5.345113996621557],[95.58372326621583,5.348297714472643],[95.58781284688541,5.349513144619394]]]}},{"type":"Feature","properties":{"code":"1106042005","desa":"Gampong Seulimeum","kecamatan":"Seulimeum","kecCode":"110604","kabCode":"1106","province":"Aceh"},"geometry":{"type":"Polygon","coordinates":[[[95.57915972034488,5.364149147753568],[95.5756432794139,5.35904312363508],[95.5710778089937,5.366684866299587],[95.57525347276957,5.370043789172174],[95.57915972034488,5.364149147753568]]]}},{"type":"Feature","properties":{"code":"1106042006","desa":"Data Gaseu","kecamatan":"Seulimeum","kecCode":"110604","kabCode":"1106","province":"Aceh"},"geometry":{"type":"Polygon","coordinates":[[[95.57644999287294,5.343274969374089],[95.57200022742859,5.335348572396487],[95.57583829739957,5.332899475650586],[95.58142717562372,5.316445025354632],[95.5703072266972,5.309738456208569],[95.56987232894488,5.311763669199721],[95.56257703120508,5.312059395965764],[95.56057637959628,5.31853601655878],[95.53970079195805,5.332544543816299],[95.53751289340538,5.335819349500705],[95.54102825335126,5.343203565901713],[95.53871913877731,5.3510534233786755],[95.53412850622561,5.353551218413376],[95.53913318574797,5.357614571250722],[95.54989590057538,5.35276134925706],[95.55889722842443,5.3448045947644935],[95.56658457391899,5.348092967621264],[95.57644999287294,5.343274969374089]]]}},{"type":"Feature","properties":{"code":"1106042007","desa":"Rabo","kecamatan":"Seulimeum","kecCode":"110604","kabCode":"1106","province":"Aceh"},"geometry":{"type":"Polygon","coordinates":[[[95.5756432794139,5.35904312363508],[95.57681409959109,5.343500314297623],[95.56658457391899,5.348092967621264],[95.55859447975149,5.3450079053985355],[95.56537717741486,5.358423112131343],[95.56465163496506,5.361032720775257],[95.5693323094386,5.359220325151532],[95.57285302844456,5.361361096528816],[95.5756432794139,5.35904312363508]]]}},{"type":"Feature","properties":{"code":"1106042008","desa":"Gampong Raya","kecamatan":"Seulimeum","kecCode":"110604","kabCode":"1106","province":"Aceh"},"geometry":{"type":"Polygon","coordinates":[[[95.57691530659616,5.368607236418933],[95.5781960113369,5.370955763779201],[95.58249179306188,5.368892131750321],[95.58272022086157,5.3662937592360525],[95.57880804225736,5.365398935599745],[95.57691530659616,5.368607236418933]]]}},{"type":"Feature","properties":{"code":"1106042009","desa":"Lamjruen","kecamatan":"Seulimeum","kecCode":"110604","kabCode":"1106","province":"Aceh"},"geometry":{"type":"Polygon","coordinates":[[[95.58179472944327,5.364878207451165],[95.57692557055867,5.365331684297187],[95.57691530659616,5.368607236418933],[95.57880804225736,5.365398935599745],[95.58272022086157,5.3662937592360525],[95.58249179306188,5.368892131750321],[95.57805834042011,5.371300526979088],[95.57871857859959,5.381156280009714],[95.58642459401982,5.385836965270388],[95.59459864091461,5.386233940410242],[95.59414629181799,5.3663082194352],[95.58179472944327,5.364878207451165]]]}},{"type":"Feature","properties":{"code":"1106042010","desa":"Buga","kecamatan":"Seulimeum","kecCode":"110604","kabCode":"1106","province":"Aceh"},"geometry":{"type":"Polygon","coordinates":[[[95.58645136863584,5.359473916881119],[95.58327055559175,5.355236922943274],[95.58144312959685,5.355760406614573],[95.58179472944327,5.364878207451165],[95.58545884984606,5.364514170880551],[95.58645136863584,5.359473916881119]]]}},{"type":"Feature","properties":{"code":"1106042011","desa":"Jawie","kecamatan":"Seulimeum","kecCode":"110604","kabCode":"1106","province":"Aceh"},"geometry":{"type":"Polygon","coordinates":[[[95.59667033266976,5.345184555630599],[95.58560174132737,5.360797176640407],[95.58545884984606,5.364514170880551],[95.59367515858177,5.36594654088694],[95.59921839081612,5.37132557759465],[95.60318705403938,5.372096257916542],[95.60830281332426,5.367227092741617],[95.61129331273627,5.359738322958326],[95.60830090136557,5.348522496420578],[95.60320157629177,5.347047199974245],[95.60395897272849,5.3502693566481625],[95.60217405139143,5.350607018801267],[95.59667033266976,5.345184555630599]]]}},{"type":"Feature","properties":{"code":"1106042012","desa":"Alue Rindang","kecamatan":"Seulimeum","kecCode":"110604","kabCode":"1106","province":"Aceh"},"geometry":{"type":"Polygon","coordinates":[[[95.6105814759544,5.347569711478422],[95.60594809143134,5.344898101774128],[95.60318258261013,5.346636172028082],[95.60830090136557,5.348522496420578],[95.61073366282834,5.354895644616319],[95.61129331273627,5.359738322958326],[95.60715363892933,5.370647019326538],[95.61485729542788,5.376457414953919],[95.61806949571069,5.384698691559174],[95.61854139876658,5.396810554019372],[95.6231983374334,5.412499361096295],[95.64983867561442,5.439108978409425],[95.65448088878206,5.440453530517426],[95.65691421771703,5.446300135548329],[95.65733520655459,5.44073063322329],[95.64965806476795,5.435604487673278],[95.64605073835095,5.424644399546804],[95.64139988539648,5.422497654872413],[95.63965395236806,5.415211464574372],[95.64318535442061,5.399638497371455],[95.64111068770812,5.397038035732068],[95.63275065741696,5.395187791240793],[95.63275104142747,5.384520721122348],[95.63034751872304,5.380788736083047],[95.63199133643108,5.377849575372382],[95.62718582436632,5.377122209997497],[95.6264452614397,5.374710909958409],[95.62185844381217,5.3780182432219075],[95.61197359140816,5.3686633442220035],[95.6105814759544,5.347569711478422]]]}},{"type":"Feature","properties":{"code":"1106042013","desa":"Iboh Tunong","kecamatan":"Seulimeum","kecCode":"110604","kabCode":"1106","province":"Aceh"},"geometry":{"type":"Polygon","coordinates":[[[95.60686569939257,5.368403334930239],[95.60122255787478,5.3722404938840755],[95.61079526998577,5.390267162361805],[95.60938537763316,5.393597662161185],[95.6139099064171,5.394626361575088],[95.61646514924729,5.401005918339787],[95.61989626430119,5.401923763721063],[95.61806949571069,5.384698691559174],[95.61492991478377,5.376613268363615],[95.60847968658834,5.373213125964402],[95.60686569939257,5.368403334930239]]]}},{"type":"Feature","properties":{"code":"1106042014","desa":"Iboh Tanjong","kecamatan":"Seulimeum","kecCode":"110604","kabCode":"1106","province":"Aceh"},"geometry":{"type":"Polygon","coordinates":[[[95.59487440542954,5.368478288926091],[95.59417120483725,5.382847872401058],[95.60102687529013,5.3849237855718215],[95.60476144768273,5.38964906461543],[95.61055219942453,5.38981291929342],[95.60122255787478,5.3722404938840755],[95.59487440542954,5.368478288926091]]]}},{"type":"Feature","properties":{"code":"1106042015","desa":"Seuneubok","kecamatan":"Seulimeum","kecCode":"110604","kabCode":"1106","province":"Aceh"},"geometry":{"type":"Polygon","coordinates":[[[95.57223976365424,5.368612662028836],[95.57285302844456,5.361361096528816],[95.5693323094386,5.359220325151532],[95.55788773942771,5.366189798506931],[95.5584326944134,5.370346612488482],[95.56663484871933,5.371739016623227],[95.57223976365424,5.368612662028836]]]}},{"type":"Feature","properties":{"code":"1106042016","desa":"Meunasah Baro","kecamatan":"Seulimeum","kecCode":"110604","kabCode":"1106","province":"Aceh"},"geometry":{"type":"Polygon","coordinates":[[[95.6205096792783,5.346570748147994],[95.61991310140854,5.353666300158858],[95.61446189859781,5.3498058262810035],[95.6151713018142,5.344962174872564],[95.6105814759544,5.347569711478422],[95.61243338509269,5.35741854602454],[95.61106843366132,5.3639101304370085],[95.61197359140816,5.3686633442220035],[95.62185844381217,5.3780182432219075],[95.6264452614397,5.374710909958409],[95.62302421159812,5.349849701505615],[95.6205096792783,5.346570748147994]]]}},{"type":"Feature","properties":{"code":"1106042017","desa":"Meunasah Tunong","kecamatan":"Seulimeum","kecCode":"110604","kabCode":"1106","province":"Aceh"},"geometry":{"type":"Polygon","coordinates":[[[95.61463754338796,5.43358405188084],[95.61391010696592,5.4282341145365205],[95.59647853065974,5.412170510500655],[95.59780451536612,5.410319416150025],[95.59475835241608,5.404845116955976],[95.59061671898644,5.402835799482033],[95.59237693234961,5.3999096987260256],[95.58364292977745,5.395595930564512],[95.5776682567847,5.386193166048095],[95.57193130608499,5.386271511387373],[95.5762467946539,5.388953399443318],[95.57478162187442,5.398245629186538],[95.58888649081892,5.411129976008636],[95.58803369340028,5.415654760195532],[95.59187748305948,5.416138823883635],[95.59267595603063,5.421081945706208],[95.59026251560266,5.424000802423114],[95.59463897640767,5.429307279130288],[95.60253043742976,5.429629892927561],[95.60791295541861,5.435898291688851],[95.61463754338796,5.43358405188084]]]}},{"type":"Feature","properties":{"code":"1106042018","desa":"Batee Lhee","kecamatan":"Seulimeum","kecCode":"110604","kabCode":"1106","province":"Aceh"},"geometry":{"type":"Polygon","coordinates":[[[95.5781960113369,5.370955763779201],[95.57223976365424,5.368612662028836],[95.56725562464743,5.374897454531649],[95.57196803169938,5.376565139345758],[95.57110321304293,5.380177478580143],[95.57487509740787,5.385388944611195],[95.58527133760221,5.388544237590407],[95.59145726763886,5.38650919141204],[95.57871857859959,5.381156280009714],[95.5781960113369,5.370955763779201]]]}},{"type":"Feature","properties":{"code":"1106042019","desa":"Mangeu","kecamatan":"Seulimeum","kecCode":"110604","kabCode":"1106","province":"Aceh"},"geometry":{"type":"Polygon","coordinates":[[[95.59026251560266,5.424000802423114],[95.5924795719747,5.418374551078405],[95.59140183882384,5.415373528702156],[95.58788140670163,5.415350189496443],[95.58888649081892,5.411129976008636],[95.57476683701998,5.398218760141782],[95.5762467946539,5.388953399443318],[95.57180026407097,5.386835133600139],[95.57475793103373,5.3851440097555985],[95.57110321304293,5.380177478580143],[95.57196803169938,5.376565139345758],[95.56728824665531,5.375625761496668],[95.56345800258481,5.379427948514155],[95.56234670043995,5.3751553279335145],[95.55721340527447,5.372902276198855],[95.55497195389262,5.374858194627765],[95.557327620973,5.379912169583612],[95.56259625241518,5.381536833529049],[95.55494367830818,5.384017974018822],[95.55752627581704,5.393128520923778],[95.5673766248314,5.39449292826391],[95.57165617559205,5.401520955578405],[95.57230894040532,5.404451968431434],[95.56731111281766,5.411756503100572],[95.57078538004134,5.418483780935379],[95.57556894055419,5.419174859565044],[95.58219066136996,5.426540849406181],[95.59026251560266,5.424000802423114]]]}},{"type":"Feature","properties":{"code":"1106042020","desa":"Bayu","kecamatan":"Seulimeum","kecCode":"110604","kabCode":"1106","province":"Aceh"},"geometry":{"type":"Polygon","coordinates":[[[95.59459864091461,5.386233940410242],[95.58588648467361,5.388553938577334],[95.57836235084186,5.38688332557062],[95.58364292977745,5.395595930564512],[95.59237693234961,5.3999096987260256],[95.59061671898644,5.402835799482033],[95.59475835241608,5.404845116955976],[95.59780451536612,5.410319416150025],[95.59647853065974,5.412170510500655],[95.61391010696592,5.4282341145365205],[95.61463754338796,5.43358405188084],[95.62014386744555,5.421084980018804],[95.60079601032764,5.402911691470795],[95.59850379671292,5.3960421867538],[95.59403743068292,5.392710051986998],[95.59459864091461,5.386233940410242]]]}},{"type":"Feature","properties":{"code":"1106042021","desa":"Ayon","kecamatan":"Seulimeum","kecCode":"110604","kabCode":"1106","province":"Aceh"},"geometry":{"type":"Polygon","coordinates":[[[95.59417120483725,5.382847872401058],[95.59403743068292,5.392710051986998],[95.59788238136683,5.395134930889582],[95.60079601032764,5.402911691470795],[95.60408755329803,5.404271263156294],[95.61010533709168,5.41369469499264],[95.63326436635748,5.428465912995004],[95.65596639523301,5.447376000806261],[95.65448088878206,5.440453530517426],[95.64983867561442,5.439108978409425],[95.6231983374334,5.412499361096295],[95.61989626430119,5.401923763721063],[95.61646514924729,5.401005918339787],[95.6139099064171,5.394626361575088],[95.60938537763316,5.393597662161185],[95.61055219942453,5.38981291929342],[95.60476144768273,5.38964906461543],[95.60102687529013,5.3849237855718215],[95.59417120483725,5.382847872401058]]]}},{"type":"Feature","properties":{"code":"1106042022","desa":"Lamteuba Droe","kecamatan":"Seulimeum","kecCode":"110604","kabCode":"1106","province":"Aceh"},"geometry":{"type":"Polygon","coordinates":[[[95.59940027690129,5.429750974050442],[95.59500569835431,5.429614693485688],[95.59025128666758,5.423968915161378],[95.585971250273,5.426759270449242],[95.59001936140447,5.435373736924968],[95.5895006378442,5.442840485009417],[95.59277953544726,5.448456011938715],[95.59348861400838,5.456484313795232],[95.59604248986909,5.456854557486697],[95.59722032295956,5.461684863855356],[95.59851118104619,5.48091685679803],[95.60273591363159,5.489184296480316],[95.60641218027797,5.489526936380868],[95.60674054703865,5.492667824918902],[95.60961017666835,5.489369893168097],[95.61432107555726,5.4944019444511705],[95.61803859500519,5.4926533476325865],[95.61857619443587,5.487914969064105],[95.61497131057756,5.487849533492743],[95.6140458290518,5.481178288817281],[95.61658089289396,5.472097718114649],[95.61461451804566,5.464659298674686],[95.618138075312,5.4563579293702915],[95.61541783206735,5.455143528047964],[95.61279468592608,5.446307660175872],[95.60504851937372,5.442000238530025],[95.59940027690129,5.429750974050442]]]}},{"type":"Feature","properties":{"code":"1106042023","desa":"Pulo","kecamatan":"Seulimeum","kecCode":"110604","kabCode":"1106","province":"Aceh"},"geometry":{"type":"Polygon","coordinates":[[[95.61463754338796,5.43358405188084],[95.60791295541861,5.435898291688851],[95.60253043742976,5.429629892927561],[95.59940027690129,5.429750974050442],[95.60504851937372,5.442000238530025],[95.61279468592608,5.446307660175872],[95.61541783206735,5.455143528047964],[95.61801364781165,5.455908848410432],[95.61461451804566,5.464659298674686],[95.61658089289396,5.472097718114649],[95.61459654509451,5.487159489982774],[95.61600637539397,5.4886882924934035],[95.61830850493361,5.487064310234058],[95.61803859500519,5.4926533476325865],[95.62103471158274,5.492675467357668],[95.62674470420477,5.498569094340996],[95.63573192978481,5.488967968159644],[95.64062219755641,5.488983197279134],[95.64924953423865,5.484023558507837],[95.6500209897769,5.476847170934837],[95.65727788826398,5.468771419048557],[95.65596639523301,5.447376000806261],[95.65196938358025,5.442318750519466],[95.61964078309575,5.420000412021504],[95.61891083666585,5.427514610135642],[95.61463754338796,5.43358405188084]]]}},{"type":"Feature","properties":{"code":"1106042024","desa":"Lampantee","kecamatan":"Seulimeum","kecCode":"110604","kabCode":"1106","province":"Aceh"},"geometry":{"type":"Polygon","coordinates":[[[95.61501938024026,5.497106434268721],[95.61256666641856,5.498293208417885],[95.61400922484592,5.503410437189828],[95.61635709300549,5.499521756975323],[95.61501938024026,5.497106434268721]]]}},{"type":"Feature","properties":{"code":"1106042025","desa":"Lambada","kecamatan":"Seulimeum","kecCode":"110604","kabCode":"1106","province":"Aceh"},"geometry":{"type":"Polygon","coordinates":[[[95.55894911301122,5.4720241283903635],[95.56742168356391,5.477561888244473],[95.57179037422645,5.477219245645975],[95.57762720363256,5.483613887638649],[95.57553636441173,5.491525904456813],[95.57004500327436,5.497464094646133],[95.5710396165851,5.499116392959392],[95.57394716343089,5.494746955863922],[95.583760485558,5.491087008319068],[95.59138184959272,5.493862399787458],[95.59820257688743,5.491482938446761],[95.61400922484592,5.503410437189828],[95.61402883456309,5.4938813503015265],[95.60961017666835,5.489369893168097],[95.60674054703865,5.492667824918902],[95.60641218027797,5.489526936380868],[95.60273591363159,5.489184296480316],[95.59851118104619,5.48091685679803],[95.59722032295956,5.461684863855356],[95.59604248986909,5.456854557486697],[95.59348861400838,5.456484313795232],[95.59277953544726,5.448456011938715],[95.5895006378442,5.442840485009417],[95.59001936140447,5.435373736924968],[95.585971250273,5.426759270449242],[95.56920127641787,5.4266258901980615],[95.56844026200854,5.446012165434886],[95.56436246335703,5.450086020555112],[95.56543531498782,5.465005257972919],[95.55894911301122,5.4720241283903635]]]}},{"type":"Feature","properties":{"code":"1106042026","desa":"Blang Tingkeum","kecamatan":"Seulimeum","kecCode":"110604","kabCode":"1106","province":"Aceh"},"geometry":{"type":"Polygon","coordinates":[[[95.57394716343089,5.494746955863922],[95.56696286024787,5.50375640098464],[95.5707236640659,5.510560106804185],[95.58017632837493,5.51285687638211],[95.58399123990385,5.517261893355604],[95.60604351489631,5.507847034756219],[95.61018760527382,5.501560107262909],[95.60710024707879,5.496606556901836],[95.59820257688743,5.491482938446761],[95.59138184959272,5.493862399787458],[95.583760485558,5.491087008319068],[95.57394716343089,5.494746955863922]]]}},{"type":"Feature","properties":{"code":"1106042027","desa":"Ateuk","kecamatan":"Seulimeum","kecCode":"110604","kabCode":"1106","province":"Aceh"},"geometry":{"type":"Polygon","coordinates":[[[95.56696286024787,5.50375640098464],[95.56199719061789,5.507313159418696],[95.55595122656791,5.518231341835927],[95.56047225968712,5.523924491049644],[95.55917455596102,5.529701364447785],[95.56226154363536,5.5317464704425765],[95.57272410343465,5.554742890568127],[95.57695774740218,5.556373802103836],[95.58191464144761,5.554232286987171],[95.58371922466256,5.549155469251322],[95.59030366857951,5.543661768982784],[95.60312440276901,5.543597265109084],[95.60150546030881,5.540422710450353],[95.59589469168674,5.541636234933683],[95.59745085966948,5.536525153027919],[95.60073451558549,5.5356542693444455],[95.59893564306553,5.532399166906716],[95.60104860470936,5.529543813118008],[95.60274754006694,5.530571740913625],[95.60938623558638,5.526702737865469],[95.61052837638351,5.523747446914506],[95.60461065655659,5.5213632263616175],[95.60650247041275,5.506897172610783],[95.59648521981711,5.513350728291366],[95.58399123990385,5.517261893355604],[95.58017632837493,5.51285687638211],[95.5707236640659,5.510560106804185],[95.56696286024787,5.50375640098464]]]}},{"type":"Feature","properties":{"code":"1106042028","desa":"Lam Apeng","kecamatan":"Seulimeum","kecCode":"110604","kabCode":"1106","province":"Aceh"},"geometry":{"type":"Polygon","coordinates":[[[95.62453111741716,5.516333269599566],[95.61018760527382,5.501560107262909],[95.60568163400029,5.511075537945877],[95.60461065655659,5.5213632263616175],[95.61045699359545,5.523276312779456],[95.60952900386046,5.52644575659108],[95.60274754006694,5.530571740913625],[95.60104860470936,5.529543813118008],[95.59893564306553,5.532399166906716],[95.60073451558549,5.5356542693444455],[95.59745085966948,5.536525153027919],[95.59589469168674,5.541636234933683],[95.60104860470936,5.540322772388769],[95.60312440276901,5.543597265109084],[95.60626920156244,5.5425939301741725],[95.6132172287921,5.550498499706438],[95.62439593672315,5.5421894223128145],[95.62914707937428,5.542364952888931],[95.62180520574572,5.51780282477395],[95.62453111741716,5.516333269599566]]]}},{"type":"Feature","properties":{"code":"1106042029","desa":"Meurah","kecamatan":"Seulimeum","kecCode":"110604","kabCode":"1106","province":"Aceh"},"geometry":{"type":"Polygon","coordinates":[[[95.62103471158274,5.492675467357668],[95.61432107555726,5.4944019444511705],[95.61635709300549,5.499521756975323],[95.61327854456925,5.504068429761422],[95.62453111741716,5.516333269599566],[95.62180520574572,5.51780282477395],[95.62991628570806,5.550355731432471],[95.6374663955578,5.55615094830238],[95.64485985609753,5.545643247942884],[95.64470147829064,5.542586688833046],[95.64787777404013,5.541435409126394],[95.66514339125455,5.550979313244694],[95.67421510634216,5.546228985384155],[95.67994968373097,5.539995876019894],[95.68202758620417,5.530826688820907],[95.68637391432475,5.534761465585469],[95.70104528241392,5.538215082572838],[95.70190188756213,5.5408848369758],[95.7060921185565,5.541727165385656],[95.70972922062707,5.552437411955529],[95.70462136008774,5.553595016594109],[95.70589197173716,5.558388608140269],[95.70389439940708,5.561039751972851],[95.70664502804567,5.561540703130333],[95.70757964488479,5.56602708266854],[95.70975043203686,5.563714583948098],[95.71013198470335,5.567908505755887],[95.70754611276293,5.569719733160316],[95.71076247690684,5.570781538417361],[95.70840388073458,5.573564866402701],[95.71362253325339,5.575658997140179],[95.71452776384528,5.57907903883828],[95.72940214489311,5.57599362587997],[95.74466917624152,5.56938837795272],[95.74180106556678,5.559746364094586],[95.72868469364374,5.542194784970197],[95.72781997391276,5.528506500896897],[95.72527911933592,5.523335541230066],[95.73724444357627,5.516202771675564],[95.7369344670521,5.510905611944757],[95.72750978155123,5.5036378343662165],[95.72271764600258,5.504566758495829],[95.71970546933198,5.502576731479674],[95.71799901294416,5.499409090808803],[95.72314470256599,5.494292510448075],[95.72216669523685,5.49272101262328],[95.71018897474147,5.495072862978537],[95.69414572144797,5.489143899833379],[95.68942296679654,5.479195848481911],[95.67898645855826,5.469548179686781],[95.68307392132448,5.457834865280637],[95.67350107791246,5.4560807511213865],[95.66444012141454,5.452497969005348],[95.66119401579124,5.448257317524718],[95.65582791942302,5.447434193237788],[95.65727788826398,5.468771419048557],[95.6500209897769,5.476847170934837],[95.6486183774362,5.4848631610726155],[95.63573192978481,5.488967968159644],[95.62674470420477,5.498569094340996],[95.62103471158274,5.492675467357668]]]}},{"type":"Feature","properties":{"code":"1106042030","desa":"Lampanah","kecamatan":"Seulimeum","kecCode":"110604","kabCode":"1106","province":"Aceh"},"geometry":{"type":"Polygon","coordinates":[[[95.67421510634216,5.546228985384155],[95.66103725226742,5.551075391416075],[95.66460537543776,5.558819108207379],[95.66221639567016,5.560199195227406],[95.66167387784725,5.565053295858729],[95.66432935641473,5.566833133326499],[95.66251144884433,5.568346470195938],[95.66308727755585,5.574866194395318],[95.66994012593615,5.577264689887065],[95.66922877298953,5.581931393387984],[95.6749254997121,5.5899118000503405],[95.67800823629112,5.5888248326618495],[95.6733027926898,5.5833746892579255],[95.67228423403027,5.561860547015664],[95.6777129510919,5.554332868963327],[95.67421510634216,5.546228985384155]]]}},{"type":"Feature","properties":{"code":"1106042031","desa":"Ujong Mesjid Lampanah","kecamatan":"Seulimeum","kecCode":"110604","kabCode":"1106","province":"Aceh"},"geometry":{"type":"Polygon","coordinates":[[[95.67699193223194,5.543707036357962],[95.67421510634216,5.546228985384155],[95.67766029039011,5.55562060010593],[95.6729761859023,5.559692077418687],[95.67199708140026,5.5722997190353425],[95.6733027926898,5.5833746892579255],[95.67800823629112,5.5888248326618495],[95.68877908818445,5.583705618186796],[95.70204365938741,5.580970339179622],[95.70071265106805,5.57627050015801],[95.70259270269116,5.570437410138781],[95.69597334529374,5.561986597792192],[95.6926981439043,5.552729786048998],[95.68715908182622,5.552114146149754],[95.67699193223194,5.543707036357962]]]}},{"type":"Feature","properties":{"code":"1106042032","desa":"Ujong Keupula","kecamatan":"Seulimeum","kecCode":"110604","kabCode":"1106","province":"Aceh"},"geometry":{"type":"Polygon","coordinates":[[[95.66130976843111,5.5496226553626204],[95.64787777404013,5.541435409126394],[95.64470147829064,5.542586688833046],[95.64485985609753,5.545643247942884],[95.6379232520565,5.556029119842881],[95.6347760970393,5.553313258997333],[95.63336916975145,5.554751340598067],[95.63235647107433,5.5739102870071],[95.63522895605153,5.581568343373578],[95.63809002143739,5.582230784891325],[95.63386409635102,5.584178136378477],[95.63721057171055,5.588992262144973],[95.6338127009954,5.5892549550137005],[95.63233933898937,5.596461867375559],[95.63369277640055,5.598380665387752],[95.63564583768533,5.596696004970709],[95.63474925677285,5.600436518280996],[95.63744470930594,5.603634512869551],[95.63795121917349,5.610394055681416],[95.6749254997121,5.5899118000503405],[95.66922877298953,5.581931393387984],[95.66994012593615,5.577264689887065],[95.66308727755585,5.574866194395318],[95.66251144884433,5.568346470195938],[95.66432935641473,5.566833133326499],[95.66167387784725,5.565053295858729],[95.66221639567016,5.560199195227406],[95.66460537543776,5.558819108207379],[95.66130976843111,5.5496226553626204]]]}},{"type":"Feature","properties":{"code":"1106042033","desa":"Leungah","kecamatan":"Seulimeum","kecCode":"110604","kabCode":"1106","province":"Aceh"},"geometry":{"type":"Polygon","coordinates":[[[95.71452776384528,5.57907903883828],[95.71362253325339,5.575658997140179],[95.70840388073458,5.573564866402701],[95.71076247690684,5.570781538417361],[95.70754611276293,5.569719733160316],[95.71013198470335,5.567908505755887],[95.70975043203686,5.563714583948098],[95.70757964488479,5.56602708266854],[95.70664502804567,5.561540703130333],[95.70389439940708,5.561039751972851],[95.70589197173716,5.558388608140269],[95.70462136008774,5.553595016594109],[95.70972922062707,5.552437411955529],[95.7060921185565,5.541727165385656],[95.68078399288702,5.531029843872246],[95.67994968373097,5.539995876019894],[95.67699193223194,5.543707036357962],[95.68715908182622,5.552114146149754],[95.6926981439043,5.552729786048998],[95.69597334529374,5.561986597792192],[95.70259270269116,5.570437410138781],[95.70071265106805,5.57627050015801],[95.70222211365966,5.580307760964877],[95.71452776384528,5.57907903883828]]]}},{"type":"Feature","properties":{"code":"1106042034","desa":"Beureunut","kecamatan":"Seulimeum","kecCode":"110604","kabCode":"1106","province":"Aceh"},"geometry":{"type":"Polygon","coordinates":[[[95.60626920156244,5.5425939301741725],[95.59030366857951,5.543661768982784],[95.58371922466256,5.549155469251322],[95.58232581058773,5.553872511404361],[95.57695774740218,5.556373802103836],[95.57598647689446,5.559720183031227],[95.58529299597505,5.570921143775695],[95.58606632030448,5.581866664683755],[95.59058729676637,5.5844840713491095],[95.59100370265878,5.588172236022459],[95.59576262444563,5.589956832702478],[95.5954651916653,5.595072672921168],[95.60605379234869,5.602746435047865],[95.60623225291617,5.623923638192034],[95.61185156509771,5.627363822006084],[95.61529155915821,5.626287601515934],[95.61503146532993,5.622828635361072],[95.62039322426794,5.61844316785016],[95.63013384879815,5.616753274278076],[95.63794770642158,5.610615172891974],[95.63564583768533,5.596696004970709],[95.63347005659789,5.59835782080917],[95.63231649531008,5.5953939638157175],[95.63395546657159,5.589043658399839],[95.63721057171055,5.588992262144973],[95.63386409635102,5.584178136378477],[95.63809002143739,5.582230784891325],[95.63522895605153,5.581568343373578],[95.63235647107433,5.5739102870071],[95.6347513485959,5.552916032946591],[95.62991628570806,5.550355731432471],[95.62851716273696,5.543069824420811],[95.62439593672315,5.5421894223128145],[95.6132172287921,5.550498499706438],[95.60626920156244,5.5425939301741725]]]}},{"type":"Feature","properties":{"code":"1106042035","desa":"Meunasah Jeumpa","kecamatan":"Seulimeum","kecCode":"110604","kabCode":"1106","province":"Aceh"},"geometry":{"type":"Polygon","coordinates":[[[95.54869154467913,5.376535414953537],[95.54738344299159,5.373237490397253],[95.54275377806448,5.37269526035797],[95.54702678355926,5.376801174510386],[95.54869154467913,5.376535414953537]]]}},{"type":"Feature","properties":{"code":"1106042036","desa":"Pinto Khop","kecamatan":"Seulimeum","kecCode":"110604","kabCode":"1106","province":"Aceh"},"geometry":{"type":"Polygon","coordinates":[[[95.55494367830818,5.384017974018822],[95.56259625241518,5.381536833529049],[95.55739186584202,5.379969274734804],[95.55497195389262,5.374858194627765],[95.55218923744341,5.3759569791079596],[95.55494367830818,5.384017974018822]]]}},{"type":"Feature","properties":{"code":"1106042037","desa":"Bak Seutui","kecamatan":"Seulimeum","kecCode":"110604","kabCode":"1106","province":"Aceh"},"geometry":{"type":"Polygon","coordinates":[[[95.55388045391987,5.381950648474245],[95.55141716856753,5.37372929455021],[95.54798548873934,5.372932082429354],[95.551500738968,5.379575578523135],[95.55388045391987,5.381950648474245]]]}},{"type":"Feature","properties":{"code":"1106042038","desa":"Bak Aghu","kecamatan":"Seulimeum","kecCode":"110604","kabCode":"1106","province":"Aceh"},"geometry":{"type":"Polygon","coordinates":[[[95.5567610408894,5.389873418486072],[95.55533336444329,5.384391140506849],[95.54738344299159,5.373237490397253],[95.5526986710069,5.389326071304259],[95.5567610408894,5.389873418486072]]]}},{"type":"Feature","properties":{"code":"1106042039","desa":"Kayee Adang","kecamatan":"Seulimeum","kecCode":"110604","kabCode":"1106","province":"Aceh"},"geometry":{"type":"Polygon","coordinates":[[[95.56823376777425,5.371396751739973],[95.5513909344441,5.368926620750699],[95.54798548873934,5.372932082429354],[95.55218923744341,5.3759569791079596],[95.55916932370536,5.3726167405502006],[95.56361028928347,5.3794565019890905],[95.56697008899845,5.376639219200538],[95.56823376777425,5.371396751739973]]]}},{"type":"Feature","properties":{"code":"1106042040","desa":"Lamkuk","kecamatan":"Seulimeum","kecCode":"110604","kabCode":"1106","province":"Aceh"},"geometry":{"type":"Polygon","coordinates":[[[95.54702678355926,5.376801174510386],[95.5404758223014,5.371735979612721],[95.5372665439159,5.379185653168725],[95.54231869595111,5.38112602861474],[95.54702678355926,5.376801174510386]]]}},{"type":"Feature","properties":{"code":"1106042041","desa":"Ujong Mesjid Tanoh Abee","kecamatan":"Seulimeum","kecCode":"110604","kabCode":"1106","province":"Aceh"},"geometry":{"type":"Polygon","coordinates":[[[95.54869154467913,5.376535414953537],[95.54426338095033,5.377607896062526],[95.54642456604095,5.381653392860698],[95.54969862529138,5.379994925198234],[95.54869154467913,5.376535414953537]]]}},{"type":"Feature","properties":{"code":"1106042042","desa":"Lamcarak","kecamatan":"Seulimeum","kecCode":"110604","kabCode":"1106","province":"Aceh"},"geometry":{"type":"Polygon","coordinates":[[[95.58219066136996,5.426540849406181],[95.57556894055419,5.419174859565044],[95.57088282877957,5.418599517387292],[95.56762529457177,5.412791414131835],[95.57233213841748,5.4043850642671565],[95.56743981659434,5.394539447495354],[95.55796944643288,5.393516719579815],[95.5567610408894,5.389873418486072],[95.5526986710069,5.389326071304259],[95.54970920041933,5.379986194579789],[95.54784562527544,5.381781523769094],[95.5449017107454,5.37897412003321],[95.54225642059737,5.381137633466423],[95.5372665439159,5.379185653168725],[95.53568788388877,5.385302887585355],[95.53835422986388,5.384836892176495],[95.54337512056544,5.391013141005104],[95.54892581897143,5.389187844606603],[95.55563483697819,5.396374047380358],[95.56485333041694,5.400565641742736],[95.56374456436019,5.413989174399058],[95.56769506307677,5.426065705194102],[95.58219066136996,5.426540849406181]]]}},{"type":"Feature","properties":{"code":"1106042043","desa":"Capeung Dayah","kecamatan":"Seulimeum","kecCode":"110604","kabCode":"1106","province":"Aceh"},"geometry":{"type":"Polygon","coordinates":[[[95.53545778784665,5.379814828764118],[95.53904876728683,5.372087391500474],[95.53508576799383,5.374175222486994],[95.53265040659106,5.371718300739961],[95.53545778784665,5.379814828764118]]]}},{"type":"Feature","properties":{"code":"1106042044","desa":"Capeung Baroh","kecamatan":"Seulimeum","kecCode":"110604","kabCode":"1106","province":"Aceh"},"geometry":{"type":"Polygon","coordinates":[[[95.5331856686837,5.36974901658676],[95.53508576799383,5.374175222486994],[95.53904876728683,5.372087391500474],[95.5331856686837,5.36974901658676]]]}},{"type":"Feature","properties":{"code":"1106042045","desa":"Lampisang Dayah","kecamatan":"Seulimeum","kecCode":"110604","kabCode":"1106","province":"Aceh"},"geometry":{"type":"Polygon","coordinates":[[[95.54239052120566,5.356765745239026],[95.53849548997492,5.357576500250568],[95.53334349340753,5.354063888636399],[95.53324226841602,5.369759542251991],[95.54590279737624,5.373643810392556],[95.54787557989414,5.362316883407903],[95.54428037274107,5.36141992298247],[95.54239052120566,5.356765745239026]]]}},{"type":"Feature","properties":{"code":"1106042046","desa":"Lampisang Tunong","kecamatan":"Seulimeum","kecCode":"110604","kabCode":"1106","province":"Aceh"},"geometry":{"type":"Polygon","coordinates":[[[95.55866808206638,5.364614687206204],[95.56537717741486,5.358423112131343],[95.56170599373667,5.352971860762731],[95.5589247602695,5.353986755583227],[95.55379752383668,5.362510125232388],[95.55457029778107,5.364777945633642],[95.54991281322582,5.3673236916204505],[95.54902231442831,5.371132073168194],[95.5513909344441,5.368926620750699],[95.5584326944134,5.370346612488482],[95.55866808206638,5.364614687206204]]]}},{"type":"Feature","properties":{"code":"1106042047","desa":"Lampisang Teungoh","kecamatan":"Seulimeum","kecCode":"110604","kabCode":"1106","province":"Aceh"},"geometry":{"type":"Polygon","coordinates":[[[95.55852321927121,5.345164077168273],[95.54239052120566,5.356765745239026],[95.54428037274107,5.36141992298247],[95.5478565439444,5.362233127747216],[95.54605957259126,5.366386714061985],[95.54738344299159,5.373237490397253],[95.56158524086622,5.352184932389453],[95.55852321927121,5.345164077168273]]]}},{"type":"Feature","properties":{"code":"1106052001","desa":"Mata Ie","kecamatan":"Montasik","kecCode":"110605","kabCode":"1106","province":"Aceh"},"geometry":{"type":"Polygon","coordinates":[[[95.40216183809842,5.4721795564207785],[95.40130614935936,5.469677683859951],[95.39399682939022,5.46956054086826],[95.39723396337676,5.472665781179748],[95.39397416287737,5.476418580128485],[95.39835883898927,5.477195579087058],[95.40216183809842,5.4721795564207785]]]}},{"type":"Feature","properties":{"code":"1106052002","desa":"Gampong Baroh","kecamatan":"Montasik","kecCode":"110605","kabCode":"1106","province":"Aceh"},"geometry":{"type":"Polygon","coordinates":[[[95.39399682939022,5.46956054086826],[95.40130614935936,5.469677683859951],[95.39464143555386,5.460044755852453],[95.39140668387141,5.46399209794458],[95.39399682939022,5.46956054086826]]]}},{"type":"Feature","properties":{"code":"1106052003","desa":"Lampaseh Lhok","kecamatan":"Montasik","kecCode":"110605","kabCode":"1106","province":"Aceh"},"geometry":{"type":"Polygon","coordinates":[[[95.3976388165782,5.462337509058119],[95.40212473297008,5.472186847224571],[95.40550773159656,5.472157402521483],[95.40272190439241,5.463651423962014],[95.3976388165782,5.462337509058119]]]}},{"type":"Feature","properties":{"code":"1106052004","desa":"Lampaseh Krueng","kecamatan":"Montasik","kecCode":"110605","kabCode":"1106","province":"Aceh"},"geometry":{"type":"Polygon","coordinates":[[[95.40272190439241,5.463651423962014],[95.404454224383,5.470773745192983],[95.40737994742669,5.470467798531168],[95.40705360234193,5.465806454989735],[95.40272190439241,5.463651423962014]]]}},{"type":"Feature","properties":{"code":"1106052005","desa":"Lamnga","kecamatan":"Montasik","kecCode":"110605","kabCode":"1106","province":"Aceh"},"geometry":{"type":"Polygon","coordinates":[[[95.4080115017295,5.467631583214966],[95.40737994742669,5.470467798531168],[95.41174116382372,5.472245094514817],[95.41151554640537,5.469191341289779],[95.4080115017295,5.467631583214966]]]}},{"type":"Feature","properties":{"code":"1106052006","desa":"Dayah Daboh","kecamatan":"Montasik","kecCode":"110605","kabCode":"1106","province":"Aceh"},"geometry":{"type":"Polygon","coordinates":[[[95.41126331624912,5.468906673486863],[95.41186933789969,5.472318784963217],[95.41535916699199,5.469583939429224],[95.41345900742732,5.467148786671624],[95.41126331624912,5.468906673486863]]]}},{"type":"Feature","properties":{"code":"1106052007","desa":"Weulhok","kecamatan":"Montasik","kecCode":"110605","kabCode":"1106","province":"Aceh"},"geometry":{"type":"Polygon","coordinates":[[[95.41654900423322,5.469550508930908],[95.40960376040528,5.471527221484136],[95.40935472643952,5.474568335637156],[95.41431607392775,5.477093855871199],[95.41654900423322,5.469550508930908]]]}},{"type":"Feature","properties":{"code":"1106052008","desa":"Kp. Alue","kecamatan":"Montasik","kecCode":"110605","kabCode":"1106","province":"Aceh"},"geometry":{"type":"Polygon","coordinates":[[[95.40541389363635,5.4709862990590095],[95.40640134384698,5.478080937358771],[95.40934181217494,5.477319710710277],[95.41093816366538,5.475707849513494],[95.40960376040528,5.471527221484136],[95.40541389363635,5.4709862990590095]]]}},{"type":"Feature","properties":{"code":"1106052009","desa":"Weu Krueng","kecamatan":"Montasik","kecCode":"110605","kabCode":"1106","province":"Aceh"},"geometry":{"type":"Polygon","coordinates":[[[95.40216183809842,5.4721795564207785],[95.39835883898927,5.477195579087058],[95.39397416287737,5.476418580128485],[95.39767708273126,5.485257691855155],[95.40653030123248,5.478759162877806],[95.40555947139256,5.472044887441131],[95.40216183809842,5.4721795564207785]]]}},{"type":"Feature","properties":{"code":"1106052010","desa":"Seuban Cot","kecamatan":"Montasik","kecCode":"110605","kabCode":"1106","province":"Aceh"},"geometry":{"type":"Polygon","coordinates":[[[95.40886486302306,5.485004307868927],[95.41108673256673,5.484105319472271],[95.41151611207897,5.48242596145797],[95.40799589939132,5.482746391701366],[95.40886486302306,5.485004307868927]]]}},{"type":"Feature","properties":{"code":"1106052011","desa":"Bak Dilib","kecamatan":"Montasik","kecCode":"110605","kabCode":"1106","province":"Aceh"},"geometry":{"type":"Polygon","coordinates":[[[95.41891519068355,5.485852212075509],[95.4275015794344,5.4851420210537265],[95.42781076185724,5.479035404033127],[95.41708781235268,5.476897465520247],[95.41891519068355,5.485852212075509]]]}},{"type":"Feature","properties":{"code":"1106052012","desa":"Ulee Lhat","kecamatan":"Montasik","kecCode":"110605","kabCode":"1106","province":"Aceh"},"geometry":{"type":"Polygon","coordinates":[[[95.41463410478018,5.476736919448056],[95.41145790885548,5.481092536661624],[95.41471430542096,5.484119245474132],[95.41826031696012,5.482685967152434],[95.41708781235268,5.476897465520247],[95.41463410478018,5.476736919448056]]]}},{"type":"Feature","properties":{"code":"1106052015","desa":"Lamraya","kecamatan":"Montasik","kecCode":"110605","kabCode":"1106","province":"Aceh"},"geometry":{"type":"Polygon","coordinates":[[[95.40623494858407,5.4793083527704445],[95.39908154407806,5.483829338221003],[95.40179102783372,5.487644466482687],[95.40790262800391,5.485110547480112],[95.40623494858407,5.4793083527704445]]]}},{"type":"Feature","properties":{"code":"1106052016","desa":"Lamme Garot","kecamatan":"Montasik","kecCode":"110605","kabCode":"1106","province":"Aceh"},"geometry":{"type":"Polygon","coordinates":[[[95.42341812674522,5.454873490416122],[95.4183644188829,5.455615624457609],[95.41878409830751,5.461196795486196],[95.42517757928192,5.460538779532186],[95.42341812674522,5.454873490416122]]]}},{"type":"Feature","properties":{"code":"1106052017","desa":"Weu Bada","kecamatan":"Montasik","kecCode":"110605","kabCode":"1106","province":"Aceh"},"geometry":{"type":"Polygon","coordinates":[[[95.42664466042282,5.453796608924289],[95.42341812674522,5.454873490416122],[95.42517757928192,5.460538779532186],[95.42765915144872,5.45928465965175],[95.43421389165779,5.4651777029750415],[95.4355994087857,5.459179516314105],[95.43180539480318,5.459305347656051],[95.42664466042282,5.453796608924289]]]}},{"type":"Feature","properties":{"code":"1106052018","desa":"Meunasah Tutong","kecamatan":"Montasik","kecCode":"110605","kabCode":"1106","province":"Aceh"},"geometry":{"type":"Polygon","coordinates":[[[95.41467852409464,5.455685589014722],[95.40817340308011,5.4545588796857345],[95.40404337270353,5.457234729693496],[95.40849830025637,5.460842186508524],[95.41605105141497,5.4607517398917915],[95.41467852409464,5.455685589014722]]]}},{"type":"Feature","properties":{"code":"1106052019","desa":"Empee Tanong","kecamatan":"Montasik","kecCode":"110605","kabCode":"1106","province":"Aceh"},"geometry":{"type":"Polygon","coordinates":[[[95.41701577485814,5.463493817773624],[95.41301965623222,5.459949813524811],[95.40849830025637,5.460842186508524],[95.41237346995973,5.46566677948424],[95.41701577485814,5.463493817773624]]]}},{"type":"Feature","properties":{"code":"1106052020","desa":"Bak Cirih","kecamatan":"Montasik","kecCode":"110605","kabCode":"1106","province":"Aceh"},"geometry":{"type":"Polygon","coordinates":[[[95.4122122682816,5.467243770368081],[95.41535844843374,5.4695248530715554],[95.41793238187397,5.469932727994635],[95.41701577485814,5.463493817773624],[95.4122122682816,5.467243770368081]]]}},{"type":"Feature","properties":{"code":"1106052021","desa":"Warabo","kecamatan":"Montasik","kecCode":"110605","kabCode":"1106","province":"Aceh"},"geometry":{"type":"Polygon","coordinates":[[[95.41674804668507,5.470153803836395],[95.41658592230256,5.473157876713038],[95.41463410478018,5.476736919448056],[95.41917228707143,5.476362222313852],[95.42176628078931,5.473196024155502],[95.42132568403314,5.469299311196556],[95.41674804668507,5.470153803836395]]]}},{"type":"Feature","properties":{"code":"1106052022","desa":"Teubang Phui Mesjid","kecamatan":"Montasik","kecCode":"110605","kabCode":"1106","province":"Aceh"},"geometry":{"type":"Polygon","coordinates":[[[95.42765915144872,5.45928465965175],[95.41690717092928,5.463156769857512],[95.41693557421746,5.466003107043347],[95.43281726790262,5.463867766671906],[95.42765915144872,5.45928465965175]]]}},{"type":"Feature","properties":{"code":"1106052023","desa":"Teubang Phui Baro","kecamatan":"Montasik","kecCode":"110605","kabCode":"1106","province":"Aceh"},"geometry":{"type":"Polygon","coordinates":[[[95.43258148634658,5.464237885357532],[95.4281234327503,5.4633040455335955],[95.4253264557514,5.464243774118296],[95.4251691112655,5.463401800940628],[95.41762610156336,5.466735366528803],[95.4245284594209,5.467710443865786],[95.42550892639586,5.464408536212169],[95.43258148634658,5.464237885357532]]]}},{"type":"Feature","properties":{"code":"1106052024","desa":"Bira Cot","kecamatan":"Montasik","kecCode":"110605","kabCode":"1106","province":"Aceh"},"geometry":{"type":"Polygon","coordinates":[[[95.4192359392872,5.476096423186826],[95.42784609622045,5.479071014488166],[95.44163075255722,5.478132223896378],[95.4620216029147,5.495088540859744],[95.45382903088512,5.483241648351622],[95.4416853890695,5.475413838653859],[95.42386308071667,5.471833995522237],[95.4192359392872,5.476096423186826]]]}},{"type":"Feature","properties":{"code":"1106052025","desa":"Bira Lhok","kecamatan":"Montasik","kecCode":"110605","kabCode":"1106","province":"Aceh"},"geometry":{"type":"Polygon","coordinates":[[[95.41806886298768,5.467552359238041],[95.41793238187397,5.469932727994635],[95.42132568403314,5.469299311196556],[95.4218264256491,5.472645592299132],[95.4416853890695,5.475413838653859],[95.4480731395638,5.480388520384966],[95.44948124766147,5.477176228374582],[95.44800294028352,5.4778919097574885],[95.44496293679015,5.47336513986748],[95.42960997342158,5.4698364357846225],[95.42553501123182,5.466815280285765],[95.41806886298768,5.467552359238041]]]}},{"type":"Feature","properties":{"code":"1106052026","desa":"Bung Tujoh","kecamatan":"Montasik","kecCode":"110605","kabCode":"1106","province":"Aceh"},"geometry":{"type":"Polygon","coordinates":[[[95.44238687555395,5.468702731528734],[95.42550892639586,5.464408536212169],[95.42553501123182,5.466815280285765],[95.44423740783014,5.474419594965483],[95.44238687555395,5.468702731528734]]]}},{"type":"Feature","properties":{"code":"1106052027","desa":"Peurumping","kecamatan":"Montasik","kecCode":"110605","kabCode":"1106","province":"Aceh"},"geometry":{"type":"Polygon","coordinates":[[[95.42781076185724,5.479035404033127],[95.42711067201998,5.4838581030366615],[95.44613278929684,5.484604256148369],[95.44715595878051,5.487716590312105],[95.45660442955084,5.494275324403769],[95.45900177930872,5.498053815184703],[95.45706246056413,5.502508267891048],[95.46283149907447,5.508683204608739],[95.46334379697872,5.515662472480653],[95.46462085227057,5.514451018236666],[95.4759312110566,5.520301080261497],[95.47652428606699,5.524495436441873],[95.48420738676157,5.530516177200371],[95.48487363600958,5.534780172383365],[95.48856655899952,5.535865206229476],[95.49580899279083,5.54890414111531],[95.49766409991832,5.546899720449831],[95.49669456510212,5.542200082876343],[95.48888745599133,5.525341268610463],[95.46310143058662,5.501504749494407],[95.4603320375935,5.4947374860028075],[95.44163075255722,5.478132223896378],[95.42781076185724,5.479035404033127]]]}},{"type":"Feature","properties":{"code":"1106052028","desa":"Atong","kecamatan":"Montasik","kecCode":"110605","kabCode":"1106","province":"Aceh"},"geometry":{"type":"Polygon","coordinates":[[[95.4355994087857,5.459179516314105],[95.43421389165779,5.4651777029750415],[95.44238687555395,5.468702731528734],[95.44800294028352,5.4778919097574885],[95.44948124766147,5.477176228374582],[95.4480731395638,5.480388520384966],[95.45382903088512,5.483241648351622],[95.45879244861264,5.4897865005081945],[95.46310143058662,5.501504749494407],[95.48888745599133,5.525341268610463],[95.49766409991832,5.546899720449831],[95.50287437435293,5.541028970420685],[95.51917865407171,5.538466706585815],[95.51513883558884,5.531375047739966],[95.50901295238589,5.5282565208446055],[95.5059026380963,5.522282677932094],[95.49999999540351,5.52000734999039],[95.49528483372814,5.512491258803317],[95.49087192879654,5.513448105983103],[95.48793369078724,5.506537127231341],[95.47455070944771,5.49732643721932],[95.46734339957827,5.486855143214887],[95.45478871722558,5.47593829449229],[95.4460797778595,5.471749631919767],[95.44532606594527,5.468458129422296],[95.44863765930056,5.465464531848783],[95.44635407108358,5.461271313310852],[95.4402041966664,5.4606463465426875],[95.43837914757967,5.457952795179117],[95.4355994087857,5.459179516314105]]]}},{"type":"Feature","properties":{"code":"1106052029","desa":"Reudeup","kecamatan":"Montasik","kecCode":"110605","kabCode":"1106","province":"Aceh"},"geometry":{"type":"Polygon","coordinates":[[[95.41576970300945,5.455833836857949],[95.415303581695,5.459140702473996],[95.41779804924063,5.46314795290423],[95.41973615030315,5.46161196301174],[95.4183644188829,5.455615624457609],[95.41576970300945,5.455833836857949]]]}},{"type":"Feature","properties":{"code":"1106052042","desa":"Seubam Lhok","kecamatan":"Montasik","kecCode":"110605","kabCode":"1106","province":"Aceh"},"geometry":{"type":"Polygon","coordinates":[[[95.41336021690057,5.476989123523756],[95.41123008719882,5.475599283356149],[95.40674400263366,5.477708811386327],[95.40643119774164,5.4809627474034075],[95.41195869363882,5.482370370765095],[95.41336021690057,5.476989123523756]]]}},{"type":"Feature","properties":{"code":"1106052043","desa":"Seumet","kecamatan":"Montasik","kecCode":"110605","kabCode":"1106","province":"Aceh"},"geometry":{"type":"Polygon","coordinates":[[[95.41151611207897,5.48242596145797],[95.40886486302306,5.485004307868927],[95.40817147043707,5.491838915293247],[95.41096121059144,5.494681281972249],[95.41716194167032,5.487287514771123],[95.42117482725655,5.48724726741162],[95.41783934071304,5.483154120034898],[95.41151611207897,5.48242596145797]]]}},{"type":"Feature","properties":{"code":"1106052044","desa":"Cot Seunong","kecamatan":"Montasik","kecCode":"110605","kabCode":"1106","province":"Aceh"},"geometry":{"type":"Polygon","coordinates":[[[95.40886486302306,5.485004307868927],[95.40179102783372,5.487644466482687],[95.40565559542944,5.494145728499788],[95.40873925561219,5.493098497655811],[95.40886486302306,5.485004307868927]]]}},{"type":"Feature","properties":{"code":"1106052045","desa":"Mon Ara","kecamatan":"Montasik","kecCode":"110605","kabCode":"1106","province":"Aceh"},"geometry":{"type":"Polygon","coordinates":[[[95.45682807295724,5.446972711526224],[95.45389183234225,5.444010456225382],[95.45225765356791,5.448262902314624],[95.44283195273248,5.44775548952825],[95.44062532040225,5.4489524484995595],[95.44153361588371,5.451650928147933],[95.45848763059972,5.453762461666237],[95.45904728140697,5.45801122952828],[95.4664026718459,5.460889424298286],[95.46572743657202,5.4493701961800465],[95.45682807295724,5.446972711526224]]]}},{"type":"Feature","properties":{"code":"1106052046","desa":"Cot Lhok","kecamatan":"Montasik","kecCode":"110605","kabCode":"1106","province":"Aceh"},"geometry":{"type":"Polygon","coordinates":[[[95.52442243095048,5.534487167865108],[95.51811360585829,5.523654603604582],[95.51918638644264,5.510808541821191],[95.49288894177128,5.500854697936446],[95.48371332441046,5.479098477984763],[95.48521889923285,5.476410567169072],[95.48112132988551,5.475422116913266],[95.47671206990617,5.46984323286067],[95.4686099723724,5.467365421661137],[95.46649414998505,5.460723666654837],[95.45904728140697,5.45801122952828],[95.45848763059972,5.453762461666237],[95.44379648282147,5.452981047036476],[95.43986201541975,5.44872777626893],[95.44383362662063,5.454625568012606],[95.4577810764356,5.459666854433811],[95.46158859373865,5.463874882107877],[95.45979080130451,5.464319127413122],[95.47899781739538,5.47920614751797],[95.48595726421645,5.497845890129193],[95.49185656502851,5.504504312270957],[95.49951153043286,5.505860917992374],[95.50491764393415,5.510577455625711],[95.50470266189836,5.518330714223926],[95.52013030496964,5.530170584825574],[95.52114202338572,5.5390222753697484],[95.52442243095048,5.534487167865108]]]}},{"type":"Feature","properties":{"code":"1106052047","desa":"Cot Lampoh Soh","kecamatan":"Montasik","kecCode":"110605","kabCode":"1106","province":"Aceh"},"geometry":{"type":"Polygon","coordinates":[[[95.45389183234225,5.444010456225382],[95.44924354605286,5.439916604679496],[95.43902046941918,5.442967328088608],[95.44062765863958,5.448984008408079],[95.44494253477023,5.447208212493619],[95.45225765356791,5.448262902314624],[95.45389183234225,5.444010456225382]]]}},{"type":"Feature","properties":{"code":"1106052048","desa":"Bueng Raya","kecamatan":"Montasik","kecCode":"110605","kabCode":"1106","province":"Aceh"},"geometry":{"type":"Polygon","coordinates":[[[95.44172136105202,5.460717018866286],[95.44635407108358,5.461271313310852],[95.44863765930056,5.465464531848783],[95.44532606594527,5.468458129422296],[95.4460797778595,5.471749631919767],[95.45478871722558,5.47593829449229],[95.46734339957827,5.486855143214887],[95.47455070944771,5.49732643721932],[95.48813990982904,5.506742229314977],[95.49087192879654,5.513448105983103],[95.49528483372814,5.512491258803317],[95.49999999540351,5.52000734999039],[95.5059026380963,5.522282677932094],[95.50901295238589,5.5282565208446055],[95.51476116799357,5.531020223824373],[95.52114202338572,5.5390222753697484],[95.52013030496964,5.530170584825574],[95.50470266189836,5.518330714223926],[95.50491764393415,5.510577455625711],[95.49951153043286,5.505860917992374],[95.48691511504057,5.503802652218123],[95.47853339759824,5.495392192451698],[95.47673678507465,5.488133687782768],[95.47092035588975,5.487558400463693],[95.47261041943534,5.483600022790673],[95.47089276558869,5.48467792051643],[95.46415072627507,5.475726387238756],[95.45849147340282,5.472990306036335],[95.45792468737449,5.467498390922125],[95.4595235102019,5.467556525797085],[95.45693397532277,5.464056009165073],[95.44399616918793,5.45732471495802],[95.44216346687055,5.453268044982778],[95.43986506322216,5.452027537240767],[95.4413059579037,5.455405805429892],[95.43893093291625,5.456597652654679],[95.44172136105202,5.460717018866286]]]}},{"type":"Feature","properties":{"code":"1106052049","desa":"Piyeung Lhang","kecamatan":"Montasik","kecCode":"110605","kabCode":"1106","province":"Aceh"},"geometry":{"type":"Polygon","coordinates":[[[95.42932036744105,5.451100702236281],[95.42800658473618,5.454574977550301],[95.4309773413313,5.4585629555091],[95.43641679000291,5.458677168509532],[95.43385411067874,5.453230581924301],[95.42932036744105,5.451100702236281]]]}},{"type":"Feature","properties":{"code":"1106052050","desa":"Piyeung Manee","kecamatan":"Montasik","kecCode":"110605","kabCode":"1106","province":"Aceh"},"geometry":{"type":"Polygon","coordinates":[[[95.43003882503183,5.443471253304072],[95.42940413209509,5.446934073053934],[95.43501507158834,5.4496574261513855],[95.43849343342526,5.455876938665602],[95.4413059579037,5.455405805429892],[95.43647956807769,5.447587961119737],[95.43003882503183,5.443471253304072]]]}},{"type":"Feature","properties":{"code":"1106052051","desa":"Bueng Daroh","kecamatan":"Montasik","kecCode":"110605","kabCode":"1106","province":"Aceh"},"geometry":{"type":"Polygon","coordinates":[[[95.43906111877565,5.442953246504019],[95.43464379997145,5.442320528479116],[95.43063678785752,5.443177134525779],[95.43003882503183,5.443471253304072],[95.43814569436836,5.449826630896267],[95.44036959008457,5.447833548883117],[95.43906111877565,5.442953246504019]]]}},{"type":"Feature","properties":{"code":"1106052052","desa":"Kuweu","kecamatan":"Montasik","kecCode":"110605","kabCode":"1106","province":"Aceh"},"geometry":{"type":"Polygon","coordinates":[[[95.49185656502851,5.504504312270957],[95.48266789940408,5.491419444511724],[95.47899781739538,5.47920614751797],[95.45979080130451,5.464319127413122],[95.46158859373865,5.463874882107877],[95.4577810764356,5.459666854433811],[95.44383362662063,5.454625568012606],[95.43849152866117,5.4492224879300295],[95.44399616918793,5.45732471495802],[95.45693397532277,5.464056009165073],[95.4595235102019,5.467556525797085],[95.45792468737449,5.467498390922125],[95.45849147340282,5.472990306036335],[95.46415072627507,5.475726387238756],[95.47089276558869,5.48467792051643],[95.47261041943534,5.483600022790673],[95.47092035588975,5.487558400463693],[95.47673678507465,5.488133687782768],[95.47868373456673,5.495561439464611],[95.4874485883817,5.5042790833600055],[95.49185656502851,5.504504312270957]]]}},{"type":"Feature","properties":{"code":"1106052053","desa":"Piyeung Datu","kecamatan":"Montasik","kecCode":"110605","kabCode":"1106","province":"Aceh"},"geometry":{"type":"Polygon","coordinates":[[[95.42940413209509,5.446934073053934],[95.42932036744105,5.451100702236281],[95.43385411067874,5.453230581924301],[95.43576005738078,5.458191758536331],[95.43837914757967,5.457952795179117],[95.4402041966664,5.4606463465426875],[95.44172136105202,5.460717018866286],[95.43501507158834,5.4496574261513855],[95.42940413209509,5.446934073053934]]]}},{"type":"Feature","properties":{"code":"1106062001","desa":"Reuhat Tuha","kecamatan":"Sukamakmur","kecCode":"110606","kabCode":"1106","province":"Aceh"},"geometry":{"type":"Polygon","coordinates":[[[95.39162767967373,5.4665180867254115],[95.39144603730482,5.463566854414831],[95.38719607963543,5.463177316668274],[95.38562586604093,5.459621347839001],[95.38349501688157,5.460857601787728],[95.38253524060895,5.4582582876832255],[95.37808086793773,5.458545742485161],[95.38248843359439,5.46755220545398],[95.39162767967373,5.4665180867254115]]]}},{"type":"Feature","properties":{"code":"1106062002","desa":"Weusiteh","kecamatan":"Sukamakmur","kecCode":"110606","kabCode":"1106","province":"Aceh"},"geometry":{"type":"Polygon","coordinates":[[[95.39399682939022,5.46956054086826],[95.39162767967373,5.4665180867254115],[95.38593858639672,5.4683074902817035],[95.3867676758876,5.476232925884102],[95.38884615302759,5.471716206817346],[95.39399682939022,5.46956054086826]]]}},{"type":"Feature","properties":{"code":"1106062003","desa":"Dilib Lamteungoh","kecamatan":"Sukamakmur","kecCode":"110606","kabCode":"1106","province":"Aceh"},"geometry":{"type":"Polygon","coordinates":[[[95.39199999090692,5.4490355818293414],[95.3885556135508,5.450552021359889],[95.38881764901531,5.4524287239058],[95.39348331560257,5.452766270945628],[95.39199999090692,5.4490355818293414]]]}},{"type":"Feature","properties":{"code":"1106062004","desa":"Baet Lampuot","kecamatan":"Sukamakmur","kecCode":"110606","kabCode":"1106","province":"Aceh"},"geometry":{"type":"Polygon","coordinates":[[[95.3885556135508,5.450552021359889],[95.39199999090692,5.4490355818293414],[95.38737899544434,5.444965936435641],[95.38501365975263,5.4488044596610505],[95.3885556135508,5.450552021359889]]]}},{"type":"Feature","properties":{"code":"1106062005","desa":"Dilib Bukit","kecamatan":"Sukamakmur","kecCode":"110606","kabCode":"1106","province":"Aceh"},"geometry":{"type":"Polygon","coordinates":[[[95.3913302936582,5.455255391119854],[95.39721380687178,5.462037630122139],[95.39307518707028,5.452060220402531],[95.38898405057351,5.452530933654873],[95.38786401601158,5.450642936523413],[95.38085327995496,5.4544164504561055],[95.38349501688157,5.460857601787728],[95.3913302936582,5.455255391119854]]]}},{"type":"Feature","properties":{"code":"1106062006","desa":"Seumeureung","kecamatan":"Sukamakmur","kecCode":"110606","kabCode":"1106","province":"Aceh"},"geometry":{"type":"Polygon","coordinates":[[[95.38248843359439,5.46755220545398],[95.37795066768922,5.458295816392201],[95.37523825034505,5.458671249171832],[95.3802421924233,5.472909989383135],[95.38248843359439,5.46755220545398]]]}},{"type":"Feature","properties":{"code":"1106062007","desa":"Sibreh Keumudee","kecamatan":"Sukamakmur","kecCode":"110606","kabCode":"1106","province":"Aceh"},"geometry":{"type":"Polygon","coordinates":[[[95.39144603730482,5.463566854414831],[95.3937838627351,5.460115700670586],[95.3913302936582,5.455255391119854],[95.38562586604093,5.459621347839001],[95.38719607963543,5.463177316668274],[95.39144603730482,5.463566854414831]]]}},{"type":"Feature","properties":{"code":"1106062008","desa":"Baet Mesago","kecamatan":"Sukamakmur","kecCode":"110606","kabCode":"1106","province":"Aceh"},"geometry":{"type":"Polygon","coordinates":[[[95.38501365975263,5.4488044596610505],[95.38737899544434,5.444965936435641],[95.38472187471477,5.4421402198050295],[95.38119697565996,5.446832651110919],[95.38501365975263,5.4488044596610505]]]}},{"type":"Feature","properties":{"code":"1106062009","desa":"Baet Mesjid","kecamatan":"Sukamakmur","kecCode":"110606","kabCode":"1106","province":"Aceh"},"geometry":{"type":"Polygon","coordinates":[[[95.38679596765984,5.450969465968865],[95.38450886759023,5.447992869179361],[95.38031244026695,5.447377128556072],[95.38085327995496,5.4544164504561055],[95.38679596765984,5.450969465968865]]]}},{"type":"Feature","properties":{"code":"1106062010","desa":"Lambaro Sibreh","kecamatan":"Sukamakmur","kecCode":"110606","kabCode":"1106","province":"Aceh"},"geometry":{"type":"Polygon","coordinates":[[[95.38593858639672,5.4683074902817035],[95.38188881241882,5.467809188527026],[95.38105601592247,5.472672544980838],[95.38634882204059,5.472498862511551],[95.38593858639672,5.4683074902817035]]]}},{"type":"Feature","properties":{"code":"1106062011","desa":"Lamgeu Baro","kecamatan":"Sukamakmur","kecCode":"110606","kabCode":"1106","province":"Aceh"},"geometry":{"type":"Polygon","coordinates":[[[95.3649170369917,5.486920608463813],[95.36805628157218,5.473642079796041],[95.36718189143119,5.4721400249216465],[95.36023135239502,5.478943618325919],[95.36181592996128,5.486964383863704],[95.3649170369917,5.486920608463813]]]}},{"type":"Feature","properties":{"code":"1106062012","desa":"Lamgeu Tuha","kecamatan":"Sukamakmur","kecCode":"110606","kabCode":"1106","province":"Aceh"},"geometry":{"type":"Polygon","coordinates":[[[95.36805628157218,5.473642079796041],[95.36669843388567,5.474564251815747],[95.36510914656994,5.487103962242385],[95.36896288542886,5.486245062924513],[95.36805628157218,5.473642079796041]]]}},{"type":"Feature","properties":{"code":"1106062013","desa":"Lampanah Ineu","kecamatan":"Sukamakmur","kecCode":"110606","kabCode":"1106","province":"Aceh"},"geometry":{"type":"Polygon","coordinates":[[[95.3802421924233,5.472909989383135],[95.37713813831448,5.469316477455767],[95.37190595369684,5.474130628403187],[95.3717940924235,5.479121489837268],[95.3802421924233,5.472909989383135]]]}},{"type":"Feature","properties":{"code":"1106062014","desa":"Tampok Jeurat Raya","kecamatan":"Sukamakmur","kecCode":"110606","kabCode":"1106","province":"Aceh"},"geometry":{"type":"Polygon","coordinates":[[[95.37076217343558,5.470911515035069],[95.37588772723689,5.472286368000772],[95.37461098131178,5.468727252443614],[95.37076217343558,5.470911515035069]]]}},{"type":"Feature","properties":{"code":"1106062015","desa":"Tampok Blang","kecamatan":"Sukamakmur","kecCode":"110606","kabCode":"1106","province":"Aceh"},"geometry":{"type":"Polygon","coordinates":[[[95.37712272843123,5.470925858322355],[95.37705350761337,5.463005922074269],[95.36890657527829,5.465824930661802],[95.36959148006281,5.47094006850998],[95.37461098131178,5.468727252443614],[95.37712272843123,5.470925858322355]]]}},{"type":"Feature","properties":{"code":"1106062016","desa":"Lamteh Dayah","kecamatan":"Sukamakmur","kecCode":"110606","kabCode":"1106","province":"Aceh"},"geometry":{"type":"Polygon","coordinates":[[[95.36055495274894,5.477184798913674],[95.36959148006281,5.47094006850998],[95.36888963924554,5.465972227921636],[95.36076254955208,5.474594076932028],[95.36055495274894,5.477184798913674]]]}},{"type":"Feature","properties":{"code":"1106062017","desa":"Lam Lheu","kecamatan":"Sukamakmur","kecCode":"110606","kabCode":"1106","province":"Aceh"},"geometry":{"type":"Polygon","coordinates":[[[95.36763362988818,5.472372549133017],[95.36855446641555,5.481111911655761],[95.37142156895031,5.481241698216028],[95.37331371375694,5.472377656382896],[95.36763362988818,5.472372549133017]]]}},{"type":"Feature","properties":{"code":"1106062018","desa":"Lambarih Jurong Raya","kecamatan":"Sukamakmur","kecCode":"110606","kabCode":"1106","province":"Aceh"},"geometry":{"type":"Polygon","coordinates":[[[95.36914397741269,5.481402971839748],[95.36823454159087,5.488286073406732],[95.37758505100936,5.492138004624451],[95.37604811143125,5.488645273423391],[95.37848443330999,5.483229531785692],[95.37223985488544,5.485056250911667],[95.37197591735475,5.480588911819695],[95.36914397741269,5.481402971839748]]]}},{"type":"Feature","properties":{"code":"1106062019","desa":"Bukloh","kecamatan":"Sukamakmur","kecCode":"110606","kabCode":"1106","province":"Aceh"},"geometry":{"type":"Polygon","coordinates":[[[95.37677528615056,5.488962395060933],[95.37772479666211,5.493739784421154],[95.3811582787316,5.492884457210411],[95.37967782557126,5.487376056623792],[95.37677528615056,5.488962395060933]]]}},{"type":"Feature","properties":{"code":"1106062020","desa":"Niron","kecamatan":"Sukamakmur","kecCode":"110606","kabCode":"1106","province":"Aceh"},"geometry":{"type":"Polygon","coordinates":[[[95.37983785093614,5.488215882220382],[95.38266464855474,5.492741698829018],[95.38621083726036,5.486652646467242],[95.3818047590824,5.486223884789678],[95.37983785093614,5.488215882220382]]]}},{"type":"Feature","properties":{"code":"1106062021","desa":"Aneuk Galong Baro","kecamatan":"Sukamakmur","kecCode":"110606","kabCode":"1106","province":"Aceh"},"geometry":{"type":"Polygon","coordinates":[[[95.3950454047217,5.482673306496651],[95.39397416287737,5.476418580128485],[95.38877543483852,5.47758610878584],[95.38932410762152,5.484445399002957],[95.3950454047217,5.482673306496651]]]}},{"type":"Feature","properties":{"code":"1106062022","desa":"Aneuk Galong Titi","kecamatan":"Sukamakmur","kecCode":"110606","kabCode":"1106","province":"Aceh"},"geometry":{"type":"Polygon","coordinates":[[[95.39397416287737,5.476418580128485],[95.39723396337676,5.472665781179748],[95.39140148668935,5.469804593488952],[95.3882054409284,5.472658945432875],[95.38847179223949,5.477160642224239],[95.39397416287737,5.476418580128485]]]}},{"type":"Feature","properties":{"code":"1106062023","desa":"Blang Cut","kecamatan":"Sukamakmur","kecCode":"110606","kabCode":"1106","province":"Aceh"},"geometry":{"type":"Polygon","coordinates":[[[95.3834884985954,5.486075228654239],[95.38621083726036,5.486652646467242],[95.38719257857468,5.484691608197933],[95.38383420338585,5.482680788856097],[95.3834884985954,5.486075228654239]]]}},{"type":"Feature","properties":{"code":"1106062024","desa":"Klieng Mayang","kecamatan":"Sukamakmur","kecCode":"110606","kabCode":"1106","province":"Aceh"},"geometry":{"type":"Polygon","coordinates":[[[95.37740177367299,5.475052892153694],[95.37234489929773,5.479070516263738],[95.37210222084087,5.484997267076658],[95.38287631479017,5.479209811355996],[95.37740177367299,5.475052892153694]]]}},{"type":"Feature","properties":{"code":"1106062025","desa":"Aneuk Batee","kecamatan":"Sukamakmur","kecCode":"110606","kabCode":"1106","province":"Aceh"},"geometry":{"type":"Polygon","coordinates":[[[95.38282966605631,5.480783456761845],[95.37717558788313,5.484857712979662],[95.37628745969856,5.489206308286734],[95.3834884985954,5.486075228654239],[95.38282966605631,5.480783456761845]]]}},{"type":"Feature","properties":{"code":"1106062026","desa":"Meunasah Tuha","kecamatan":"Sukamakmur","kecCode":"110606","kabCode":"1106","province":"Aceh"},"geometry":{"type":"Polygon","coordinates":[[[95.38932410762152,5.484445399002957],[95.38763826189631,5.4795777518836575],[95.38316535869438,5.481370920002065],[95.38523036399015,5.484068662206368],[95.38932410762152,5.484445399002957]]]}},{"type":"Feature","properties":{"code":"1106062027","desa":"Lampisang","kecamatan":"Sukamakmur","kecCode":"110606","kabCode":"1106","province":"Aceh"},"geometry":{"type":"Polygon","coordinates":[[[95.38891466428038,5.47899125631393],[95.38569613366967,5.472592536795074],[95.37719137458231,5.474399484325885],[95.38287631479017,5.479209811355996],[95.38891466428038,5.47899125631393]]]}},{"type":"Feature","properties":{"code":"1106062028","desa":"Meunasah Bakthu","kecamatan":"Sukamakmur","kecCode":"110606","kabCode":"1106","province":"Aceh"},"geometry":{"type":"Polygon","coordinates":[[[95.38497333325277,5.478348098958781],[95.38042947444075,5.4810987464803675],[95.38763826189631,5.4795777518836575],[95.38497333325277,5.478348098958781]]]}},{"type":"Feature","properties":{"code":"1106062029","desa":"Lambarih Bak Mee","kecamatan":"Sukamakmur","kecCode":"110606","kabCode":"1106","province":"Aceh"},"geometry":{"type":"Polygon","coordinates":[[[95.37758505100936,5.492138004624451],[95.36823454159087,5.488286073406732],[95.36342015141888,5.492100853630788],[95.37154280655534,5.496837297757629],[95.37758505100936,5.492138004624451]]]}},{"type":"Feature","properties":{"code":"1106062030","desa":"Luthu Dayah Krueng","kecamatan":"Sukamakmur","kecCode":"110606","kabCode":"1106","province":"Aceh"},"geometry":{"type":"Polygon","coordinates":[[[95.37435088658417,5.4585628215101565],[95.37967429843017,5.458519198095654],[95.37161737744009,5.4415065152238276],[95.36676172187599,5.419045038830541],[95.35797535897571,5.408720683256426],[95.35495498858192,5.399846242562533],[95.34637120876431,5.390059655491081],[95.34107682433601,5.379395727603907],[95.33804047658678,5.384303596901681],[95.36351882773175,5.424015327373454],[95.37435088658417,5.4585628215101565]]]}},{"type":"Feature","properties":{"code":"1106062031","desa":"Luthu Lamweu","kecamatan":"Sukamakmur","kecCode":"110606","kabCode":"1106","province":"Aceh"},"geometry":{"type":"Polygon","coordinates":[[[95.34892920082198,5.370559235602335],[95.34308990277685,5.36929991044589],[95.34107682433601,5.379395727603907],[95.34637120876431,5.390059655491081],[95.35495498858192,5.399846242562533],[95.35797535897571,5.408720683256426],[95.36489744975755,5.41538046157578],[95.366693969651,5.424502151080947],[95.37062215259033,5.430447745388677],[95.37195104840218,5.442378849513767],[95.37935338794853,5.458172540024199],[95.38253524060895,5.4582582876832255],[95.38015677841264,5.44645883351373],[95.3763640792389,5.442983532972526],[95.36820462564303,5.418479990292913],[95.3666130315662,5.40158702517178],[95.36225120722747,5.396236589603054],[95.35574482626276,5.379214683284393],[95.34892920082198,5.370559235602335]]]}},{"type":"Feature","properties":{"code":"1106062032","desa":"Panterawa","kecamatan":"Sukamakmur","kecCode":"110606","kabCode":"1106","province":"Aceh"},"geometry":{"type":"Polygon","coordinates":[[[95.36631236122656,5.378386024569596],[95.36186400771783,5.3744960187543755],[95.34892920082198,5.370559235602335],[95.35574482626276,5.379214683284393],[95.36225120722747,5.396236589603054],[95.3666130315662,5.40158702517178],[95.36833211623421,5.4189060818834145],[95.3763640792389,5.442983532972526],[95.38130378724003,5.4474582608943685],[95.37866543895888,5.429362171049931],[95.37010334359451,5.416455518343146],[95.37240723400669,5.409673475393116],[95.37072033697403,5.404330978140091],[95.37366796300614,5.398131595151216],[95.36641890390933,5.384702103587038],[95.36631236122656,5.378386024569596]]]}},{"type":"Feature","properties":{"code":"1106062033","desa":"Lambirah","kecamatan":"Sukamakmur","kecCode":"110606","kabCode":"1106","province":"Aceh"},"geometry":{"type":"Polygon","coordinates":[[[95.37088152875958,5.4581375114305795],[95.36778447587288,5.4411163569450665],[95.36065373787977,5.423620869436],[95.33733693695011,5.38940748423104],[95.33399342935331,5.392729766924854],[95.34078273793307,5.399988596249051],[95.35130076521818,5.4191429084514064],[95.35783013555238,5.424760948086531],[95.36629971585927,5.442581143913914],[95.36663041726001,5.456327336232988],[95.37088152875958,5.4581375114305795]]]}},{"type":"Feature","properties":{"code":"1106062034","desa":"Kayee Adang","kecamatan":"Sukamakmur","kecCode":"110606","kabCode":"1106","province":"Aceh"},"geometry":{"type":"Polygon","coordinates":[[[95.32936171307269,5.395799782590449],[95.32630270600514,5.406715030519748],[95.33271021730273,5.40613830608409],[95.34875172231419,5.423800383109437],[95.35141146456749,5.43306280392416],[95.35620034457031,5.435619353466689],[95.36097515378037,5.442366335447502],[95.36337957940412,5.458132298060682],[95.36797904959354,5.458269112822716],[95.36599119803543,5.441801300399734],[95.35753711484601,5.424272082018758],[95.3510737790317,5.418815010237799],[95.34032601273536,5.39933077814591],[95.33399342935331,5.392729766924854],[95.32936171307269,5.395799782590449]]]}},{"type":"Feature","properties":{"code":"1106062035","desa":"Lam Tanjong","kecamatan":"Sukamakmur","kecCode":"110606","kabCode":"1106","province":"Aceh"},"geometry":{"type":"Polygon","coordinates":[[[95.37435088658417,5.4585628215101565],[95.36351882773175,5.424015327373454],[95.33804047658678,5.384303596901681],[95.33733693695011,5.38940748423104],[95.36065373787977,5.423620869436],[95.36778447587288,5.4411163569450665],[95.36903872076039,5.454350455506481],[95.37088152875958,5.4581375114305795],[95.37435088658417,5.4585628215101565]]]}},{"type":"Feature","properties":{"code":"1106072001","desa":"Lampeuneurut Ujong Blang","kecamatan":"Darul Imarah","kecCode":"110607","kabCode":"1106","province":"Aceh"},"geometry":{"type":"Polygon","coordinates":[[[95.32862225990942,5.511467430117585],[95.32439613337493,5.511537545760828],[95.32187777623845,5.516636870829457],[95.32545920757643,5.5224718206467305],[95.32862225990942,5.511467430117585]]]}},{"type":"Feature","properties":{"code":"1106072002","desa":"Lampeuneurut Gampong","kecamatan":"Darul Imarah","kecCode":"110607","kabCode":"1106","province":"Aceh"},"geometry":{"type":"Polygon","coordinates":[[[95.33024191283408,5.51077831830518],[95.32545920757643,5.5224718206467305],[95.32654306421107,5.5273091714049665],[95.32886687370733,5.527929398745928],[95.3339000617385,5.517618755134995],[95.33024191283408,5.51077831830518]]]}},{"type":"Feature","properties":{"code":"1106072003","desa":"Lamreung","kecamatan":"Darul Imarah","kecCode":"110607","kabCode":"1106","province":"Aceh"},"geometry":{"type":"Polygon","coordinates":[[[95.33214716166223,5.513239875158118],[95.33257995230302,5.520336149324659],[95.34334800640544,5.517986163264047],[95.34311596063314,5.5113609009246805],[95.33214716166223,5.513239875158118]]]}},{"type":"Feature","properties":{"code":"1106072004","desa":"Lamcot","kecamatan":"Darul Imarah","kecCode":"110607","kabCode":"1106","province":"Aceh"},"geometry":{"type":"Polygon","coordinates":[[[95.33178667201736,5.522562060419343],[95.32886687370733,5.527929398745928],[95.34346038029234,5.527979633076694],[95.3434506802048,5.525492337626964],[95.33486678437464,5.525632014931046],[95.33470468157583,5.522853795994204],[95.33178667201736,5.522562060419343]]]}},{"type":"Feature","properties":{"code":"1106072005","desa":"Lam Blang Trieng","kecamatan":"Darul Imarah","kecCode":"110607","kabCode":"1106","province":"Aceh"},"geometry":{"type":"Polygon","coordinates":[[[95.32916896407646,5.5106517594117514],[95.33210042659344,5.51326616324081],[95.33488556221896,5.511777549633683],[95.33345602777354,5.505257867702462],[95.32917382940876,5.505523997779996],[95.32916896407646,5.5106517594117514]]]}},{"type":"Feature","properties":{"code":"1106072006","desa":"Lam Blang Mayang","kecamatan":"Darul Imarah","kecCode":"110607","kabCode":"1106","province":"Aceh"},"geometry":{"type":"Polygon","coordinates":[[[95.33488556221896,5.511777549633683],[95.34348171940587,5.5112549302108675],[95.34387470155627,5.508148000972559],[95.33764151934069,5.508694091801454],[95.33345602777354,5.505257867702462],[95.33488556221896,5.511777549633683]]]}},{"type":"Feature","properties":{"code":"1106072007","desa":"Bayu","kecamatan":"Darul Imarah","kecCode":"110607","kabCode":"1106","province":"Aceh"},"geometry":{"type":"Polygon","coordinates":[[[95.33257995230302,5.520336149324659],[95.33178667201736,5.522562060419343],[95.33470468157583,5.522853795994204],[95.33486678437464,5.525632014931046],[95.34456041573065,5.525339896244965],[95.34576476982835,5.523527856752814],[95.34334800640544,5.517986163264047],[95.33257995230302,5.520336149324659]]]}},{"type":"Feature","properties":{"code":"1106072008","desa":"Lagang","kecamatan":"Darul Imarah","kecCode":"110607","kabCode":"1106","province":"Aceh"},"geometry":{"type":"Polygon","coordinates":[[[95.3340484157019,5.505410255125046],[95.33764151934069,5.508694091801454],[95.34296601486976,5.508127728455053],[95.33594722538419,5.503316251191997],[95.3340484157019,5.505410255125046]]]}},{"type":"Feature","properties":{"code":"1106072009","desa":"Lamsiteh","kecamatan":"Darul Imarah","kecCode":"110607","kabCode":"1106","province":"Aceh"},"geometry":{"type":"Polygon","coordinates":[[[95.34439963943184,5.503463389271825],[95.34460639986554,5.500474924129298],[95.34918284381324,5.497446988641521],[95.33772526420961,5.499224288222442],[95.33792275982755,5.502127229637096],[95.34439963943184,5.503463389271825]]]}},{"type":"Feature","properties":{"code":"1106072010","desa":"Lamkawe","kecamatan":"Darul Imarah","kecCode":"110607","kabCode":"1106","province":"Aceh"},"geometry":{"type":"Polygon","coordinates":[[[95.33000898122958,5.504772358803792],[95.3340484157019,5.505410255125046],[95.33594722538419,5.503316251191997],[95.34001107555075,5.50566868160998],[95.34035083941977,5.503595687638564],[95.33549142558888,5.498934112971326],[95.33006888057446,5.500794688874336],[95.33000898122958,5.504772358803792]]]}},{"type":"Feature","properties":{"code":"1106072011","desa":"Lheu Blang","kecamatan":"Darul Imarah","kecCode":"110607","kabCode":"1106","province":"Aceh"},"geometry":{"type":"Polygon","coordinates":[[[95.34296601486976,5.508127728455053],[95.34439963943184,5.503463389271825],[95.34102080556579,5.503225442148484],[95.34025826320834,5.507620926308313],[95.34296601486976,5.508127728455053]]]}},{"type":"Feature","properties":{"code":"1106072012","desa":"Payaroh","kecamatan":"Darul Imarah","kecCode":"110607","kabCode":"1106","province":"Aceh"},"geometry":{"type":"Polygon","coordinates":[[[95.32328685020802,5.512848481210817],[95.32862225990942,5.511467430117585],[95.32908487296856,5.505899352318652],[95.32198994507996,5.5056112428102555],[95.32328685020802,5.512848481210817]]]}},{"type":"Feature","properties":{"code":"1106072013","desa":"Lamsidaya","kecamatan":"Darul Imarah","kecCode":"110607","kabCode":"1106","province":"Aceh"},"geometry":{"type":"Polygon","coordinates":[[[95.32908487296856,5.505899352318652],[95.33050125842641,5.503531740445246],[95.31694501999675,5.499780304868732],[95.32213401827038,5.505842203100617],[95.32908487296856,5.505899352318652]]]}},{"type":"Feature","properties":{"code":"1106072014","desa":"Kuta Karang","kecamatan":"Darul Imarah","kecCode":"110607","kabCode":"1106","province":"Aceh"},"geometry":{"type":"Polygon","coordinates":[[[95.33050125842641,5.503531740445246],[95.32898549338586,5.496864150614522],[95.32673785466828,5.495798787639529],[95.32177530208854,5.498802244480522],[95.3228778844069,5.502313607835729],[95.33050125842641,5.503531740445246]]]}},{"type":"Feature","properties":{"code":"1106072015","desa":"Leu Geu","kecamatan":"Darul Imarah","kecCode":"110607","kabCode":"1106","province":"Aceh"},"geometry":{"type":"Polygon","coordinates":[[[95.31694501999675,5.499780304868732],[95.32169879406416,5.500872309360065],[95.32358180895339,5.496460303754875],[95.31553920696888,5.4952416990013315],[95.31694501999675,5.499780304868732]]]}},{"type":"Feature","properties":{"code":"1106072016","desa":"Lampeuneun","kecamatan":"Darul Imarah","kecCode":"110607","kabCode":"1106","province":"Aceh"},"geometry":{"type":"Polygon","coordinates":[[[95.33006888057446,5.500794688874336],[95.33300936419084,5.499776713875762],[95.33367024358692,5.494365034475745],[95.3259380992639,5.492163352016311],[95.32434723633594,5.495679143633298],[95.32898549338586,5.496864150614522],[95.33006888057446,5.500794688874336]]]}},{"type":"Feature","properties":{"code":"1106072017","desa":"Lamtheun","kecamatan":"Darul Imarah","kecCode":"110607","kabCode":"1106","province":"Aceh"},"geometry":{"type":"Polygon","coordinates":[[[95.3214651142237,5.507810212914432],[95.32144325799999,5.503374708024283],[95.3142011974274,5.497533977364949],[95.31556267927431,5.507673575318827],[95.3214651142237,5.507810212914432]]]}},{"type":"Feature","properties":{"code":"1106072018","desa":"Deunong","kecamatan":"Darul Imarah","kecCode":"110607","kabCode":"1106","province":"Aceh"},"geometry":{"type":"Polygon","coordinates":[[[95.31553920696888,5.4952416990013315],[95.32639330640602,5.496734381141405],[95.32434723633594,5.495679143633298],[95.32582776324072,5.49235709746111],[95.31818580563049,5.489419931446668],[95.30971119361674,5.482391881649105],[95.31061467592662,5.493358651738425],[95.31341743466692,5.497922890982037],[95.31553920696888,5.4952416990013315]]]}},{"type":"Feature","properties":{"code":"1106072019","desa":"Tingkuem","kecamatan":"Darul Imarah","kecCode":"110607","kabCode":"1106","province":"Aceh"},"geometry":{"type":"Polygon","coordinates":[[[95.32191275986604,5.518202227184052],[95.32328685020802,5.512848481210817],[95.3198530299934,5.507729946623254],[95.31683002458601,5.5103039178324735],[95.3162504591914,5.51520878429395],[95.32191275986604,5.518202227184052]]]}},{"type":"Feature","properties":{"code":"1106072020","desa":"Kandang","kecamatan":"Darul Imarah","kecCode":"110607","kabCode":"1106","province":"Aceh"},"geometry":{"type":"Polygon","coordinates":[[[95.31749772174253,5.509033580477572],[95.3152422814062,5.5063641606223985],[95.3118730136287,5.506977955112818],[95.3125829096736,5.512871352769077],[95.31632992328741,5.513116937834468],[95.31749772174253,5.509033580477572]]]}},{"type":"Feature","properties":{"code":"1106072021","desa":"Lam Bheu","kecamatan":"Darul Imarah","kecCode":"110607","kabCode":"1106","province":"Aceh"},"geometry":{"type":"Polygon","coordinates":[[[95.30373992995384,5.520369256067099],[95.31148052160887,5.516573191634107],[95.30941929706295,5.5137924914677185],[95.3003065162328,5.515588048185513],[95.30373992995384,5.520369256067099]]]}},{"type":"Feature","properties":{"code":"1106072022","desa":"Daroy Kameu","kecamatan":"Darul Imarah","kecCode":"110607","kabCode":"1106","province":"Aceh"},"geometry":{"type":"Polygon","coordinates":[[[95.31803511522844,5.517182312347847],[95.3164593060522,5.51313915288766],[95.31146243804112,5.513904387814565],[95.31103910736896,5.517503188654929],[95.31803511522844,5.517182312347847]]]}},{"type":"Feature","properties":{"code":"1106072023","desa":"Geundrieng","kecamatan":"Darul Imarah","kecCode":"110607","kabCode":"1106","province":"Aceh"},"geometry":{"type":"Polygon","coordinates":[[[95.29203025958883,5.492228282168684],[95.29429806920058,5.492543311083788],[95.29300498978853,5.498777383621892],[95.28288277122299,5.511436846872748],[95.29768562289325,5.513322824126901],[95.29549410007274,5.505236380200793],[95.29750758140983,5.489696590786712],[95.29456773001681,5.486180991624721],[95.29203025958883,5.492228282168684]]]}},{"type":"Feature","properties":{"code":"1106072024","desa":"Garot","kecamatan":"Darul Imarah","kecCode":"110607","kabCode":"1106","province":"Aceh"},"geometry":{"type":"Polygon","coordinates":[[[95.30373992995384,5.520369256067099],[95.29701423581838,5.513238901192355],[95.29672318732531,5.5187761583254655],[95.29203687680045,5.526722576010478],[95.29604813191582,5.52764123797625],[95.30373992995384,5.520369256067099]]]}},{"type":"Feature","properties":{"code":"1106072025","desa":"Pasheu Beutong","kecamatan":"Darul Imarah","kecCode":"110607","kabCode":"1106","province":"Aceh"},"geometry":{"type":"Polygon","coordinates":[[[95.2966061864264,5.513517401444648],[95.28288277122299,5.511436846872748],[95.27985688438777,5.516029373392027],[95.28860692187203,5.518985435061965],[95.29522021244293,5.517560207471263],[95.2966061864264,5.513517401444648]]]}},{"type":"Feature","properties":{"code":"1106072026","desa":"Lampasi Engking","kecamatan":"Darul Imarah","kecCode":"110607","kabCode":"1106","province":"Aceh"},"geometry":{"type":"Polygon","coordinates":[[[95.28362457881133,5.517226578777567],[95.27985688438777,5.516029373392027],[95.27985198757919,5.52303404081647],[95.28918740187713,5.525334765612722],[95.28362457881133,5.517226578777567]]]}},{"type":"Feature","properties":{"code":"1106072027","desa":"Jeumpet Ajun","kecamatan":"Darul Imarah","kecCode":"110607","kabCode":"1106","province":"Aceh"},"geometry":{"type":"Polygon","coordinates":[[[95.29257172340635,5.525600741006904],[95.29654184532995,5.5158909686286055],[95.28860692187203,5.518985435061965],[95.28362457881133,5.517226578777567],[95.28921463514735,5.5256844148293425],[95.29257172340635,5.525600741006904]]]}},{"type":"Feature","properties":{"code":"1106072028","desa":"Gue Gajah","kecamatan":"Darul Imarah","kecCode":"110607","kabCode":"1106","province":"Aceh"},"geometry":{"type":"Polygon","coordinates":[[[95.3003065162328,5.515588048185513],[95.30670655236554,5.5132956052459035],[95.31131682970799,5.5148732130647105],[95.3084276074482,5.506955806609486],[95.29708494771224,5.5078228798654525],[95.29683411240444,5.511227898388809],[95.3003065162328,5.515588048185513]]]}},{"type":"Feature","properties":{"code":"1106072029","desa":"Leu Ue","kecamatan":"Darul Imarah","kecCode":"110607","kabCode":"1106","province":"Aceh"},"geometry":{"type":"Polygon","coordinates":[[[95.29924107231766,5.482469983272114],[95.29456773001681,5.486180991624721],[95.29750758140983,5.489696590786712],[95.29627946722371,5.50953067174481],[95.29726603879668,5.5077065489616155],[95.30344977628619,5.507695923471665],[95.30106544511425,5.49493979838943],[95.30349207140205,5.489335437442555],[95.30767448908648,5.489144324313373],[95.30818575456897,5.484210569829209],[95.29924107231766,5.482469983272114]]]}},{"type":"Feature","properties":{"code":"1106072030","desa":"Ulee Lueng","kecamatan":"Darul Imarah","kecCode":"110607","kabCode":"1106","province":"Aceh"},"geometry":{"type":"Polygon","coordinates":[[[95.3125829096736,5.512871352769077],[95.31302544986464,5.510032219152799],[95.31090050925114,5.505824694199748],[95.3086757663736,5.50872611396156],[95.3125829096736,5.512871352769077]]]}},{"type":"Feature","properties":{"code":"1106072031","desa":"Punie","kecamatan":"Darul Imarah","kecCode":"110607","kabCode":"1106","province":"Aceh"},"geometry":{"type":"Polygon","coordinates":[[[95.30344508092581,5.507510419414069],[95.31090050925114,5.505824694199748],[95.30712433781798,5.498952717246496],[95.30953670355609,5.494411486258055],[95.30767448908648,5.489144324313373],[95.30349207140205,5.489335437442555],[95.30106544511425,5.49493979838943],[95.30344508092581,5.507510419414069]]]}},{"type":"Feature","properties":{"code":"1106072032","desa":"Ulee Tuy","kecamatan":"Darul Imarah","kecCode":"110607","kabCode":"1106","province":"Aceh"},"geometry":{"type":"Polygon","coordinates":[[[95.3152422814062,5.5063641606223985],[95.31453132595998,5.498202598124552],[95.31061467592662,5.493358651738425],[95.30988247039976,5.483599493089991],[95.30827394838404,5.483678111823145],[95.30821834869788,5.502829154090706],[95.31284428773374,5.508085668062283],[95.3152422814062,5.5063641606223985]]]}},{"type":"Feature","properties":{"code":"1106082001","desa":"Lambadeuk","kecamatan":"Peukan Bada","kecCode":"110608","kabCode":"1106","province":"Aceh"},"geometry":{"type":"Polygon","coordinates":[[[95.23984985158943,5.521446153746692],[95.22544670090457,5.526372904310842],[95.22267341564564,5.530942910906762],[95.21338462759854,5.533620828455959],[95.20797253090763,5.542523070791564],[95.21008542690099,5.548894566932803],[95.22016880644532,5.545550141131522],[95.2399444647653,5.547902028359005],[95.24489500330179,5.545902708648166],[95.23984985158943,5.521446153746692]]]}},{"type":"Feature","properties":{"code":"1106082002","desa":"Lamguron","kecamatan":"Peukan Bada","kecCode":"110608","kabCode":"1106","province":"Aceh"},"geometry":{"type":"Polygon","coordinates":[[[95.24486346137967,5.521199631587651],[95.23984985158943,5.521446153746692],[95.24489500330179,5.545902708648166],[95.2541258237478,5.5453421971902666],[95.25257330971056,5.550346623098813],[95.25623318531329,5.5479442587235805],[95.25473637438421,5.545051271005318],[95.24953460843551,5.545465273009482],[95.25140486374352,5.533244362355273],[95.24486346137967,5.521199631587651]]]}},{"type":"Feature","properties":{"code":"1106082003","desa":"Lambaro Nejid","kecamatan":"Peukan Bada","kecCode":"110608","kabCode":"1106","province":"Aceh"},"geometry":{"type":"Polygon","coordinates":[[[95.23930777443427,5.547842191067409],[95.22016880644532,5.545550141131522],[95.21225800999922,5.54870012990934],[95.21582766831233,5.558705442894091],[95.21350362229441,5.561348892127218],[95.21432667103907,5.564105836701828],[95.2213234316311,5.570307439217484],[95.23487645408517,5.5660575274178035],[95.23764169221039,5.5553966680173374],[95.23576828118125,5.551148458634267],[95.23930777443427,5.547842191067409]]]}},{"type":"Feature","properties":{"code":"1106082004","desa":"Lampageu","kecamatan":"Peukan Bada","kecCode":"110608","kabCode":"1106","province":"Aceh"},"geometry":{"type":"MultiPolygon","coordinates":[[[[95.24980965709004,5.564202100133486],[95.24922360668415,5.564731144313003],[95.25006384866776,5.564783760947907],[95.24980965709004,5.564202100133486]]],[[[95.2359329335581,5.564958215035525],[95.22424502139067,5.569583887867406],[95.22641310608002,5.57113275964884],[95.2244065297376,5.575327075359725],[95.23888976325202,5.570915512221046],[95.23931693402932,5.568234500104754],[95.2359329335581,5.564958215035525]]]]}},{"type":"Feature","properties":{"code":"1106082005","desa":"Gampong Baro","kecamatan":"Peukan Bada","kecCode":"110608","kabCode":"1106","province":"Aceh"},"geometry":{"type":"Polygon","coordinates":[[[95.27331248908017,5.5442470189915225],[95.27293225212178,5.54740605494906],[95.27794384383337,5.5477659177661325],[95.27828672565192,5.5464670656070725],[95.27331248908017,5.5442470189915225]]]}},{"type":"Feature","properties":{"code":"1106082006","desa":"Lam Manyang","kecamatan":"Peukan Bada","kecCode":"110608","kabCode":"1106","province":"Aceh"},"geometry":{"type":"Polygon","coordinates":[[[95.27316800220159,5.540745877330667],[95.26455029456048,5.5382775422875365],[95.26258225596638,5.543198079435615],[95.27331248908017,5.5442470189915225],[95.27316800220159,5.540745877330667]]]}},{"type":"Feature","properties":{"code":"1106082007","desa":"Lamteh","kecamatan":"Peukan Bada","kecCode":"110608","kabCode":"1106","province":"Aceh"},"geometry":{"type":"Polygon","coordinates":[[[95.27331248908017,5.5442470189915225],[95.27794384383337,5.5477659177661325],[95.28376267690606,5.545078616690777],[95.27906679579604,5.537187215931122],[95.27675871903972,5.541006250847806],[95.27316800220159,5.540745877330667],[95.27331248908017,5.5442470189915225]]]}},{"type":"Feature","properties":{"code":"1106082008","desa":"Lam Lumpu","kecamatan":"Peukan Bada","kecCode":"110608","kabCode":"1106","province":"Aceh"},"geometry":{"type":"Polygon","coordinates":[[[95.27031380943481,5.539032004235627],[95.27374647581928,5.541929793434313],[95.27675871903972,5.541006250847806],[95.28010651100675,5.536009363056691],[95.28266680083226,5.535760380352571],[95.2756572222031,5.531945004777303],[95.2718529604458,5.533682748577352],[95.27227482522306,5.537717476893384],[95.27031380943481,5.539032004235627]]]}},{"type":"Feature","properties":{"code":"1106082009","desa":"Lamteungoh","kecamatan":"Peukan Bada","kecCode":"110608","kabCode":"1106","province":"Aceh"},"geometry":{"type":"Polygon","coordinates":[[[95.25448240044248,5.545004676230807],[95.25629171678933,5.5483517055694165],[95.25772107766568,5.5481794386329515],[95.25798217963391,5.5447577934436465],[95.25448240044248,5.545004676230807]]]}},{"type":"Feature","properties":{"code":"1106082010","desa":"Lamtutui","kecamatan":"Peukan Bada","kecCode":"110608","kabCode":"1106","province":"Aceh"},"geometry":{"type":"Polygon","coordinates":[[[95.25149052506771,5.535428708583685],[95.24953460843551,5.545465273009482],[95.25798217963391,5.5447577934436465],[95.25569989003793,5.537194888946817],[95.25149052506771,5.535428708583685]]]}},{"type":"Feature","properties":{"code":"1106082011","desa":"Meunasah Tuha","kecamatan":"Peukan Bada","kecCode":"110608","kabCode":"1106","province":"Aceh"},"geometry":{"type":"Polygon","coordinates":[[[95.26208541111288,5.548170183709833],[95.26455029456048,5.5382775422875365],[95.25537469698473,5.539401046432777],[95.25772107766568,5.5481794386329515],[95.26208541111288,5.548170183709833]]]}},{"type":"Feature","properties":{"code":"1106082012","desa":"Lam Awe","kecamatan":"Peukan Bada","kecCode":"110608","kabCode":"1106","province":"Aceh"},"geometry":{"type":"Polygon","coordinates":[[[95.27299265328838,5.549389153588167],[95.27305429102277,5.544132814984263],[95.26258225596638,5.543198079435615],[95.26208541111288,5.548170183709833],[95.27299265328838,5.549389153588167]]]}},{"type":"Feature","properties":{"code":"1106082013","desa":"Pulo Bunta","kecamatan":"Peukan Bada","kecCode":"110608","kabCode":"1106","province":"Aceh"},"geometry":{"type":"MultiPolygon","coordinates":[[[[95.1506910477537,5.551972986762881],[95.14997655707253,5.5519863416953115],[95.15084031992488,5.552255105887126],[95.1506910477537,5.551972986762881]]],[[[95.16773532922213,5.562033705180221],[95.1773960157136,5.558958577768143],[95.16856848724592,5.550600102413178],[95.15299166643234,5.5530657511814],[95.16773532922213,5.562033705180221]]],[[[95.16716791996362,5.5633032907018976],[95.16766191486556,5.5629295531443255],[95.1670675277443,5.56323407528003],[95.16716791996362,5.5633032907018976]]],[[[95.18107613415634,5.573700242249495],[95.17902769976858,5.573625872813001],[95.18135274673192,5.57426833769019],[95.18107613415634,5.573700242249495]]],[[[95.20259220906324,5.582603571865502],[95.21475361608657,5.579693328855181],[95.20177519836676,5.579253252806923],[95.182741305367,5.574502038214828],[95.1925967418462,5.580234814255857],[95.20259220906324,5.582603571865502]]],[[[95.21678045775202,5.580372999584674],[95.22059664362024,5.576856860829417],[95.21735279079871,5.5778882393236975],[95.21678045775202,5.580372999584674]]],[[[95.2155275357672,5.578792906939143],[95.2150673877498,5.579231950565658],[95.2156188052637,5.579018106172472],[95.2155275357672,5.578792906939143]]],[[[95.21547617098855,5.58035199501901],[95.21598705335987,5.5803560491628055],[95.21629627085628,5.580057107320422],[95.21547617098855,5.58035199501901]]]]}},{"type":"Feature","properties":{"code":"1106082014","desa":"Beuradeun","kecamatan":"Peukan Bada","kecCode":"110608","kabCode":"1106","province":"Aceh"},"geometry":{"type":"Polygon","coordinates":[[[95.29092562231965,5.501689995446551],[95.26938745736533,5.501628818165108],[95.26353428457965,5.509890893391383],[95.28416197409585,5.5099780349995635],[95.29092562231965,5.501689995446551]]]}},{"type":"Feature","properties":{"code":"1106082015","desa":"Lampisang","kecamatan":"Peukan Bada","kecCode":"110608","kabCode":"1106","province":"Aceh"},"geometry":{"type":"Polygon","coordinates":[[[95.26316546901126,5.5132102415974025],[95.26287983443687,5.515242579917103],[95.26668459261991,5.5174197864277685],[95.27865881655123,5.5184747847162265],[95.28416197409585,5.5099780349995635],[95.27059018009275,5.509046740257056],[95.27193790680899,5.513586754462782],[95.26316546901126,5.5132102415974025]]]}},{"type":"Feature","properties":{"code":"1106082016","desa":"Keuneu Eu","kecamatan":"Peukan Bada","kecCode":"110608","kabCode":"1106","province":"Aceh"},"geometry":{"type":"Polygon","coordinates":[[[95.26353428457965,5.509890893391383],[95.26316546901126,5.5132102415974025],[95.27193790680899,5.513586754462782],[95.27059018009275,5.509046740257056],[95.26353428457965,5.509890893391383]]]}},{"type":"Feature","properties":{"code":"1106082017","desa":"Lam Isek","kecamatan":"Peukan Bada","kecCode":"110608","kabCode":"1106","province":"Aceh"},"geometry":{"type":"Polygon","coordinates":[[[95.25021001637917,5.5306726394511925],[95.25149052506771,5.535428708583685],[95.25644347198867,5.538717742442152],[95.26264672656525,5.537592258889118],[95.27182748085363,5.539736549313614],[95.27031380943481,5.539032004235627],[95.27227482522306,5.537717476893384],[95.2679367249999,5.536382007937972],[95.26743254077915,5.533635258977441],[95.26520980159113,5.536345419919894],[95.2608553885654,5.535274662811214],[95.2554778069553,5.529563956133199],[95.25021001637917,5.5306726394511925]]]}},{"type":"Feature","properties":{"code":"1106082018","desa":"Lamkeumok","kecamatan":"Peukan Bada","kecCode":"110608","kabCode":"1106","province":"Aceh"},"geometry":{"type":"Polygon","coordinates":[[[95.27227482522306,5.537717476893384],[95.2718529604458,5.533682748577352],[95.26743254077915,5.533635258977441],[95.2679367249999,5.536382007937972],[95.27227482522306,5.537717476893384]]]}},{"type":"Feature","properties":{"code":"1106082019","desa":"Lam Rukam","kecamatan":"Peukan Bada","kecCode":"110608","kabCode":"1106","province":"Aceh"},"geometry":{"type":"Polygon","coordinates":[[[95.2598956806412,5.520272985440837],[95.26100608796065,5.525915054061698],[95.26643125899544,5.529103530225745],[95.26676319336673,5.533706598598005],[95.27314094339987,5.53306929942664],[95.26915653574558,5.5257667333734055],[95.2598956806412,5.520272985440837]]]}},{"type":"Feature","properties":{"code":"1106082020","desa":"Gurah","kecamatan":"Peukan Bada","kecCode":"110608","kabCode":"1106","province":"Aceh"},"geometry":{"type":"Polygon","coordinates":[[[95.2589268922623,5.52166223745178],[95.24486346137967,5.521199631587651],[95.25021001637917,5.5306726394511925],[95.25502570966881,5.529397393596529],[95.2608553885654,5.535274662811214],[95.26647765861712,5.536133649363379],[95.26643125899544,5.529103530225745],[95.26300483570462,5.528318311463704],[95.2589268922623,5.52166223745178]]]}},{"type":"Feature","properties":{"code":"1106082021","desa":"Rima Jeuneu","kecamatan":"Peukan Bada","kecCode":"110608","kabCode":"1106","province":"Aceh"},"geometry":{"type":"Polygon","coordinates":[[[95.26287983443687,5.515242579917103],[95.26118273189762,5.518220585044896],[95.26912591922587,5.522987724831783],[95.2721183296972,5.520854775757591],[95.27598257443634,5.524100362468783],[95.27940081659447,5.5217803184362895],[95.27865881655123,5.5184747847162265],[95.26985403463605,5.518404883111639],[95.26287983443687,5.515242579917103]]]}},{"type":"Feature","properties":{"code":"1106082022","desa":"Lam Geu Eu","kecamatan":"Peukan Bada","kecCode":"110608","kabCode":"1106","province":"Aceh"},"geometry":{"type":"Polygon","coordinates":[[[95.26118273189762,5.518220585044896],[95.2598956806412,5.520272985440837],[95.26915653574558,5.5257667333734055],[95.27253537141029,5.532571992322122],[95.2756572222031,5.531945004777303],[95.27571195044622,5.525717203211737],[95.2721183296972,5.520854775757591],[95.26945428508726,5.523073386155952],[95.26118273189762,5.518220585044896]]]}},{"type":"Feature","properties":{"code":"1106082023","desa":"Lam Hasan","kecamatan":"Peukan Bada","kecCode":"110608","kabCode":"1106","province":"Aceh"},"geometry":{"type":"Polygon","coordinates":[[[95.27528351342345,5.5283642128608825],[95.28505133435162,5.529716639432741],[95.28368664282436,5.532240163171793],[95.28889235140092,5.531368532151787],[95.28127536796393,5.525142981589323],[95.27528351342345,5.5283642128608825]]]}},{"type":"Feature","properties":{"code":"1106082024","desa":"Paya Tieng","kecamatan":"Peukan Bada","kecCode":"110608","kabCode":"1106","province":"Aceh"},"geometry":{"type":"Polygon","coordinates":[[[95.27524795602841,5.529788023120109],[95.28229969757301,5.535107736948498],[95.28505133435162,5.529716639432741],[95.27524795602841,5.529788023120109]]]}},{"type":"Feature","properties":{"code":"1106082025","desa":"Ajuen","kecamatan":"Peukan Bada","kecCode":"110608","kabCode":"1106","province":"Aceh"},"geometry":{"type":"Polygon","coordinates":[[[95.29254098457879,5.526873541604904],[95.28768453401409,5.524364896249756],[95.28131796075535,5.524727350013601],[95.28902140321524,5.530507571587773],[95.29254098457879,5.526873541604904]]]}},{"type":"Feature","properties":{"code":"1106082026","desa":"Rima Keuneurom","kecamatan":"Peukan Bada","kecCode":"110608","kabCode":"1106","province":"Aceh"},"geometry":{"type":"Polygon","coordinates":[[[95.28160400092393,5.524180674625412],[95.27673448320989,5.521854150078294],[95.27412247067554,5.52420386814093],[95.27528351342345,5.5283642128608825],[95.28160400092393,5.524180674625412]]]}},{"type":"Feature","properties":{"code":"1106092001","desa":"Meunasah Kulam","kecamatan":"Mesjid Raya","kecCode":"110609","kabCode":"1106","province":"Aceh"},"geometry":{"type":"Polygon","coordinates":[[[95.50287437435293,5.541028970420685],[95.49323538040852,5.553241616305251],[95.49008192743906,5.552178345153262],[95.4887867607005,5.554854704177315],[95.49964753040926,5.567567871343496],[95.5105192862361,5.589304246854946],[95.5143552760752,5.591029455005044],[95.51372273521609,5.5866738521806045],[95.516425802309,5.58582676455851],[95.51511947858113,5.583393527356753],[95.51921691033219,5.579517386389552],[95.51837743636963,5.5767058151953135],[95.52063792460056,5.577134118218666],[95.52139935269803,5.57277970429799],[95.52615827358551,5.569043949300619],[95.52891844942695,5.557574947419234],[95.5340461876815,5.555766558275219],[95.53579739163636,5.551669461076076],[95.5281236304013,5.543246167984028],[95.51887159944484,5.538378976821],[95.50287437435293,5.541028970420685]]]}},{"type":"Feature","properties":{"code":"1106092002","desa":"Beurandeh","kecamatan":"Mesjid Raya","kecCode":"110609","kabCode":"1106","province":"Aceh"},"geometry":{"type":"Polygon","coordinates":[[[95.51381822073436,5.5968190717966495],[95.49964753040926,5.567567871343496],[95.4887867607005,5.554854704177315],[95.4870928714389,5.557434615408673],[95.50969271035034,5.598214501250762],[95.51381822073436,5.5968190717966495]]]}},{"type":"Feature","properties":{"code":"1106092003","desa":"Ie Seum","kecamatan":"Mesjid Raya","kecCode":"110609","kabCode":"1106","province":"Aceh"},"geometry":{"type":"Polygon","coordinates":[[[95.5575665816325,5.514715528635267],[95.54980483342638,5.513657755038916],[95.54516202940418,5.51039694100688],[95.54531621637034,5.516370341452939],[95.54263789592221,5.517506772453298],[95.53855805221241,5.525859020902359],[95.52781240741672,5.531124769112799],[95.52147116356343,5.538885727706346],[95.51923202343919,5.538037792922818],[95.51917865407171,5.538466706585815],[95.5281236304013,5.543246167984028],[95.5356546215636,5.551312541740084],[95.53434544338756,5.557356908588071],[95.54398226097258,5.563317457722079],[95.55497469682483,5.5629301224152075],[95.56609867741206,5.566082907185203],[95.57888827977034,5.563108581183881],[95.57598647689446,5.559720183031227],[95.57695774740218,5.556373802103836],[95.57272410343465,5.554742890568127],[95.56226154363536,5.5317464704425765],[95.55917455596102,5.529701364447785],[95.56047225968712,5.523924491049644],[95.55595122656791,5.518231341835927],[95.5575665816325,5.514715528635267]]]}},{"type":"Feature","properties":{"code":"1106092004","desa":"Meunasah Keudee","kecamatan":"Mesjid Raya","kecCode":"110609","kabCode":"1106","province":"Aceh"},"geometry":{"type":"Polygon","coordinates":[[[95.5201863354311,5.590583313029642],[95.51247193203409,5.59114961792012],[95.51390666366166,5.59613439723923],[95.52003918565993,5.5946423482218695],[95.5201863354311,5.590583313029642]]]}},{"type":"Feature","properties":{"code":"1106092005","desa":"Lamreh","kecamatan":"Mesjid Raya","kecCode":"110609","kabCode":"1106","province":"Aceh"},"geometry":{"type":"MultiPolygon","coordinates":[[[[95.61185156509771,5.627363822006084],[95.60623225291617,5.623923638192034],[95.60605379234869,5.602746435047865],[95.5954651916653,5.595072672921168],[95.59576262444563,5.589956832702478],[95.59100370265878,5.588172236022459],[95.59058729676637,5.5844840713491095],[95.58606632030448,5.581866664683755],[95.58529299597505,5.570921143775695],[95.57888827977034,5.563108581183881],[95.5698463286452,5.566023422427885],[95.55497469682483,5.5629301224152075],[95.54819323303131,5.5644172854158285],[95.5486691245805,5.572388479423248],[95.54331533723308,5.577206887761268],[95.53599849443503,5.580419159087304],[95.52999035676959,5.578931996985945],[95.52564783997586,5.586724731325335],[95.52071045942021,5.588628300218025],[95.52003918565993,5.5946423482218695],[95.53079735801172,5.600059135771182],[95.52898514944512,5.612073926309237],[95.53153610520712,5.614590855319813],[95.53487665223575,5.6108850693302825],[95.53910214564758,5.6102716327700115],[95.54347257829691,5.616756361650653],[95.54836702341947,5.61347567979597],[95.57662658374988,5.6181142857781845],[95.58229883991959,5.61707046516341],[95.59779713013351,5.625641911669898],[95.61185156509771,5.627363822006084]]],[[[95.53221109226813,5.617449712867166],[95.53227993896807,5.6171226213454],[95.5321685804157,5.617195432256841],[95.53221109226813,5.617449712867166]]]]}},{"type":"Feature","properties":{"code":"1106092006","desa":"Meunasah Mon","kecamatan":"Mesjid Raya","kecCode":"110609","kabCode":"1106","province":"Aceh"},"geometry":{"type":"Polygon","coordinates":[[[95.5340461876815,5.555766558275219],[95.52891844942695,5.557574947419234],[95.52632483702166,5.568734619389257],[95.51526938567365,5.582950949394652],[95.51647339263303,5.58556978328408],[95.51372273521609,5.5866738521806045],[95.51428943670821,5.590766240529559],[95.5201863354311,5.590583313029642],[95.52457708286612,5.587557543109375],[95.52999035676959,5.578931996985945],[95.53927025321968,5.579526860747276],[95.5486691245805,5.572388479423248],[95.54819323303131,5.5644172854158285],[95.54009184056603,5.561639937922033],[95.5340461876815,5.555766558275219]]]}},{"type":"Feature","properties":{"code":"1106092007","desa":"Paya Kameng","kecamatan":"Mesjid Raya","kecCode":"110609","kabCode":"1106","province":"Aceh"},"geometry":{"type":"Polygon","coordinates":[[[95.50969271035034,5.598214501250762],[95.49720081956224,5.573348450847845],[95.4870928714389,5.557434615408673],[95.4842015438662,5.559541419392343],[95.48400926521548,5.570612130425763],[95.47997647943104,5.577997004231178],[95.49306351367028,5.5901025138806055],[95.50023534168774,5.601591658777108],[95.50969271035034,5.598214501250762]]]}},{"type":"Feature","properties":{"code":"1106092008","desa":"Ruyung","kecamatan":"Mesjid Raya","kecCode":"110609","kabCode":"1106","province":"Aceh"},"geometry":{"type":"Polygon","coordinates":[[[95.50023534168774,5.601591658777108],[95.48726357625311,5.584034887866554],[95.47997647943104,5.577997004231178],[95.47544387563441,5.58053054102192],[95.472449052282,5.586901662145902],[95.4936196885978,5.607143044259624],[95.50023534168774,5.601591658777108]]]}},{"type":"Feature","properties":{"code":"1106092009","desa":"Ladong","kecamatan":"Mesjid Raya","kecCode":"110609","kabCode":"1106","province":"Aceh"},"geometry":{"type":"Polygon","coordinates":[[[95.4936196885978,5.607143044259624],[95.472449052282,5.586901662145902],[95.47004981214916,5.596262725998485],[95.46819215724229,5.598834807732074],[95.4657612043162,5.597740083690876],[95.46323282693345,5.608292276209953],[95.45404292564056,5.621125753780023],[95.45311950176362,5.631645127339707],[95.4554174674422,5.6381848758437405],[95.4519315557967,5.641694581748437],[95.456155098579,5.645287566673161],[95.45525090400604,5.650569970327832],[95.46455359827002,5.644735535822126],[95.4936196885978,5.607143044259624]]]}},{"type":"Feature","properties":{"code":"1106092010","desa":"Gampong Baro","kecamatan":"Mesjid Raya","kecCode":"110609","kabCode":"1106","province":"Aceh"},"geometry":{"type":"Polygon","coordinates":[[[95.39886317159812,5.628992305372208],[95.39910111962102,5.622877090832795],[95.3902937413631,5.616926946854834],[95.38757213564558,5.621499018294232],[95.41393771115649,5.647669046991822],[95.41926943093954,5.647285602152067],[95.41939792157687,5.645434380997012],[95.41506730281382,5.6439591160270215],[95.41368721579242,5.645600945332338],[95.40935659702939,5.6424600549956505],[95.40357450665823,5.636273455869611],[95.4029320516729,5.631681097523567],[95.39886317159812,5.628992305372208]]]}},{"type":"Feature","properties":{"code":"1106092011","desa":"Durung","kecamatan":"Mesjid Raya","kecCode":"110609","kabCode":"1106","province":"Aceh"},"geometry":{"type":"MultiPolygon","coordinates":[[[[95.45605992062889,5.65068894433917],[95.456155098579,5.645287566673161],[95.4519315557967,5.641694581748437],[95.4554174674422,5.6381848758437405],[95.45312865686206,5.625697285626195],[95.44846835023424,5.636803832844417],[95.4440702904116,5.633280164065658],[95.44076389064111,5.636333236503914],[95.43669107603239,5.63510022730913],[95.4331214635847,5.638906806615536],[95.43420649743193,5.642085766153691],[95.4269586596145,5.6478654769129175],[95.42299447771302,5.645790587170646],[95.42042390863651,5.650358309488592],[95.43268150444794,5.656627568001805],[95.45605992062889,5.65068894433917]]],[[[95.3874145123699,5.686757581460979],[95.38774002198448,5.686346410522619],[95.38719607693746,5.686410657190173],[95.3874145123699,5.686757581460979]]]]}},{"type":"Feature","properties":{"code":"1106092012","desa":"Neuheun","kecamatan":"Mesjid Raya","kecCode":"110609","kabCode":"1106","province":"Aceh"},"geometry":{"type":"Polygon","coordinates":[[[95.40985262979505,5.620310109154535],[95.39879178970938,5.629634760356888],[95.4029320516729,5.631681097523567],[95.40357450665823,5.636273455869611],[95.4113553438741,5.64410188250233],[95.41939792157687,5.645434380997012],[95.4154945976976,5.6487062198180675],[95.41723218681601,5.649894796208533],[95.42042390863651,5.650358309488592],[95.42299447771302,5.645790587170646],[95.4270062490392,5.647829784619576],[95.43420649743193,5.642085766153691],[95.4331214635847,5.638906806615536],[95.43669107603239,5.63510022730913],[95.42400772407728,5.630242570758399],[95.4251193481794,5.6263331611707414],[95.41164131839217,5.622888355740787],[95.40985262979505,5.620310109154535]]]}},{"type":"Feature","properties":{"code":"1106092013","desa":"Lamnga","kecamatan":"Mesjid Raya","kecCode":"110609","kabCode":"1106","province":"Aceh"},"geometry":{"type":"Polygon","coordinates":[[[95.3902937413631,5.616926946854834],[95.39910111962102,5.622877090832795],[95.4001004939427,5.629825117156192],[95.40832581388526,5.620777692766167],[95.40514692359169,5.622362922339272],[95.39900871428078,5.620965995513944],[95.39981682708498,5.617806925382137],[95.39745022424853,5.616719339260045],[95.39584837700107,5.610765670838924],[95.39193430802197,5.612781960756746],[95.3902937413631,5.616926946854834]]]}},{"type":"Feature","properties":{"code":"1106102001","desa":"Lambaro","kecamatan":"Ingin Jaya","kecCode":"110610","kabCode":"1106","province":"Aceh"},"geometry":{"type":"Polygon","coordinates":[[[95.35956283865416,5.515043056328144],[95.35802732180348,5.5077278143307185],[95.351946768029,5.509379144074122],[95.35389887783099,5.511992743009922],[95.352468194052,5.515731654627641],[95.35956283865416,5.515043056328144]]]}},{"type":"Feature","properties":{"code":"1106102002","desa":"Meunasah Manyang Lam Garot","kecamatan":"Ingin Jaya","kecCode":"110610","kabCode":"1106","province":"Aceh"},"geometry":{"type":"Polygon","coordinates":[[[95.37473141042629,5.518814696973083],[95.37316494340746,5.518478186851503],[95.36531374323471,5.521484428892981],[95.36725780140648,5.524629381467286],[95.37473141042629,5.518814696973083]]]}},{"type":"Feature","properties":{"code":"1106102003","desa":"Bakoy","kecamatan":"Ingin Jaya","kecCode":"110610","kabCode":"1106","province":"Aceh"},"geometry":{"type":"Polygon","coordinates":[[[95.3792705370057,5.517956464052812],[95.36725780140648,5.524629381467286],[95.37091143841224,5.531385278427576],[95.37488181844121,5.530739958202885],[95.37828476762796,5.524755053629183],[95.3792705370057,5.517956464052812]]]}},{"type":"Feature","properties":{"code":"1106102004","desa":"Meunasah Baro","kecamatan":"Ingin Jaya","kecCode":"110610","kabCode":"1106","province":"Aceh"},"geometry":{"type":"Polygon","coordinates":[[[95.35925750802761,5.514682992962312],[95.36116368405679,5.516900716629047],[95.37261166699489,5.515942258763461],[95.3783509262543,5.51091207807026],[95.3793217462017,5.505829549639438],[95.3737512564154,5.512815499474131],[95.35925750802761,5.514682992962312]]]}},{"type":"Feature","properties":{"code":"1106102005","desa":"Meunasah Deyah","kecamatan":"Ingin Jaya","kecCode":"110610","kabCode":"1106","province":"Aceh"},"geometry":{"type":"Polygon","coordinates":[[[95.3726074158996,5.518109411752992],[95.37025409694905,5.515053292411679],[95.36116368405679,5.516900716629047],[95.3637361354144,5.51977868297125],[95.3726074158996,5.518109411752992]]]}},{"type":"Feature","properties":{"code":"1106102006","desa":"Meunasah Tutong","kecamatan":"Ingin Jaya","kecCode":"110610","kabCode":"1106","province":"Aceh"},"geometry":{"type":"Polygon","coordinates":[[[95.36531374323471,5.521484428892981],[95.37128720574002,5.520261798773899],[95.37316494340746,5.518478186851503],[95.36531293924081,5.5188708407490195],[95.3637361354144,5.51977868297125],[95.36531374323471,5.521484428892981]]]}},{"type":"Feature","properties":{"code":"1106102007","desa":"Siron","kecamatan":"Ingin Jaya","kecCode":"110610","kabCode":"1106","province":"Aceh"},"geometry":{"type":"Polygon","coordinates":[[[95.35959888977696,5.509108019161895],[95.35925750802761,5.514682992962312],[95.37049643726083,5.512180497171241],[95.36139174673177,5.5107544628885865],[95.35959888977696,5.509108019161895]]]}},{"type":"Feature","properties":{"code":"1106102008","desa":"Pasie Lamgarot","kecamatan":"Ingin Jaya","kecCode":"110610","kabCode":"1106","province":"Aceh"},"geometry":{"type":"Polygon","coordinates":[[[95.36706818834625,5.511673887479473],[95.3698413719818,5.512052697213392],[95.3728310835877,5.505036202804736],[95.36783075498538,5.500452821491411],[95.36504428296735,5.503779902967643],[95.369301074585,5.509463843123631],[95.36706818834625,5.511673887479473]]]}},{"type":"Feature","properties":{"code":"1106102009","desa":"Dham Ceukok","kecamatan":"Ingin Jaya","kecCode":"110610","kabCode":"1106","province":"Aceh"},"geometry":{"type":"Polygon","coordinates":[[[95.37049643726083,5.512180497171241],[95.3737512564154,5.512815499474131],[95.37861254083617,5.506601541172848],[95.37696370041448,5.5040380371729265],[95.3728310835877,5.505036202804736],[95.37049643726083,5.512180497171241]]]}},{"type":"Feature","properties":{"code":"1106102010","desa":"Dham Pulo","kecamatan":"Ingin Jaya","kecCode":"110610","kabCode":"1106","province":"Aceh"},"geometry":{"type":"Polygon","coordinates":[[[95.37861254083617,5.506601541172848],[95.38187265609827,5.50201413539333],[95.38262648132712,5.500131098922255],[95.37691991871935,5.501410478061005],[95.37861254083617,5.506601541172848]]]}},{"type":"Feature","properties":{"code":"1106102011","desa":"Leubok Sukon","kecamatan":"Ingin Jaya","kecCode":"110610","kabCode":"1106","province":"Aceh"},"geometry":{"type":"Polygon","coordinates":[[[95.3758997826489,5.493834098122657],[95.37241162089963,5.495438940110915],[95.3720353616427,5.498201061183168],[95.37877018659492,5.501079257751805],[95.3758997826489,5.493834098122657]]]}},{"type":"Feature","properties":{"code":"1106102012","desa":"Lubok Gapuy","kecamatan":"Ingin Jaya","kecCode":"110610","kabCode":"1106","province":"Aceh"},"geometry":{"type":"Polygon","coordinates":[[[95.38362305156265,5.492344193988426],[95.3758997826489,5.493834098122657],[95.37632544526315,5.495580251483216],[95.37866420239105,5.500603819461403],[95.38433969342219,5.5003595258223905],[95.38362305156265,5.492344193988426]]]}},{"type":"Feature","properties":{"code":"1106102013","desa":"Pasie Lubuk","kecamatan":"Ingin Jaya","kecCode":"110610","kabCode":"1106","province":"Aceh"},"geometry":{"type":"Polygon","coordinates":[[[95.36783075498538,5.500452821491411],[95.3728310835877,5.505036202804736],[95.37718641841855,5.50349552114918],[95.37154280655534,5.496837297757629],[95.36783075498538,5.500452821491411]]]}},{"type":"Feature","properties":{"code":"1106102014","desa":"Bueng Ceukok","kecamatan":"Ingin Jaya","kecCode":"110610","kabCode":"1106","province":"Aceh"},"geometry":{"type":"Polygon","coordinates":[[[95.38711236804141,5.514296028176076],[95.38712074342759,5.511696405604162],[95.38446212442756,5.511035693482666],[95.3837311545692,5.513708301434458],[95.38711236804141,5.514296028176076]]]}},{"type":"Feature","properties":{"code":"1106102015","desa":"Teubang Phuy","kecamatan":"Ingin Jaya","kecCode":"110610","kabCode":"1106","province":"Aceh"},"geometry":{"type":"Polygon","coordinates":[[[95.38711236804141,5.514296028176076],[95.38483945837436,5.514296012887606],[95.3845481499772,5.517841266294739],[95.38708390809592,5.517421492441679],[95.38711236804141,5.514296028176076]]]}},{"type":"Feature","properties":{"code":"1106102016","desa":"Ateuk Anggok","kecamatan":"Ingin Jaya","kecCode":"110610","kabCode":"1106","province":"Aceh"},"geometry":{"type":"Polygon","coordinates":[[[95.37928946143955,5.5230334085930295],[95.37488181844121,5.530739958202885],[95.38569116401607,5.52357592731477],[95.37928946143955,5.5230334085930295]]]}},{"type":"Feature","properties":{"code":"1106102017","desa":"Ajee Rayeuk","kecamatan":"Ingin Jaya","kecCode":"110610","kabCode":"1106","province":"Aceh"},"geometry":{"type":"Polygon","coordinates":[[[95.3793217462017,5.505829549639438],[95.38273601605437,5.509785823798171],[95.38203433441709,5.5053100661526],[95.38973376140405,5.506520962816913],[95.38993654593492,5.499775127471701],[95.38482457909112,5.497835393242332],[95.3793217462017,5.505829549639438]]]}},{"type":"Feature","properties":{"code":"1106102018","desa":"Ajee Cut","kecamatan":"Ingin Jaya","kecCode":"110610","kabCode":"1106","province":"Aceh"},"geometry":{"type":"Polygon","coordinates":[[[95.38490384803423,5.510820050445377],[95.38964401535907,5.511105243452346],[95.38973376140405,5.506520962816913],[95.38203433441709,5.5053100661526],[95.38490384803423,5.510820050445377]]]}},{"type":"Feature","properties":{"code":"1106102019","desa":"Gani","kecamatan":"Ingin Jaya","kecCode":"110610","kabCode":"1106","province":"Aceh"},"geometry":{"type":"Polygon","coordinates":[[[95.37316494340746,5.518478186851503],[95.38418272755091,5.516665955803739],[95.38490384803423,5.510820050445377],[95.38186227792187,5.507929844330187],[95.3786317035903,5.508570687729727],[95.37259998929812,5.5159378574814],[95.37316494340746,5.518478186851503]]]}},{"type":"Feature","properties":{"code":"1106102020","desa":"Ateuk Lueng Ie","kecamatan":"Ingin Jaya","kecCode":"110610","kabCode":"1106","province":"Aceh"},"geometry":{"type":"Polygon","coordinates":[[[95.3792705370057,5.517956464052812],[95.3780331067425,5.5238671718597585],[95.38569116401607,5.52357592731477],[95.38442543298743,5.516394696892541],[95.3792705370057,5.517956464052812]]]}},{"type":"Feature","properties":{"code":"1106102021","desa":"Cot Alue","kecamatan":"Ingin Jaya","kecCode":"110610","kabCode":"1106","province":"Aceh"},"geometry":{"type":"Polygon","coordinates":[[[95.39483342282426,5.505513607912463],[95.40010982530828,5.498703644610106],[95.39669551858337,5.494957804615411],[95.39251198843755,5.4996824109661],[95.39483342282426,5.505513607912463]]]}},{"type":"Feature","properties":{"code":"1106102022","desa":"Cot Suruy","kecamatan":"Ingin Jaya","kecCode":"110610","kabCode":"1106","province":"Aceh"},"geometry":{"type":"Polygon","coordinates":[[[95.3898972986215,5.506379186495174],[95.38964401535907,5.511105243452346],[95.39399562070139,5.513299002884612],[95.39483342282426,5.505513607912463],[95.3898972986215,5.506379186495174]]]}},{"type":"Feature","properties":{"code":"1106102023","desa":"Cot Bada","kecamatan":"Ingin Jaya","kecCode":"110610","kabCode":"1106","province":"Aceh"},"geometry":{"type":"Polygon","coordinates":[[[95.38993654593492,5.499775127471701],[95.38962359265474,5.506073147203167],[95.39483342282426,5.505513607912463],[95.39243483829722,5.49949745819296],[95.38993654593492,5.499775127471701]]]}},{"type":"Feature","properties":{"code":"1106102024","desa":"Ajee Pagar Air","kecamatan":"Ingin Jaya","kecCode":"110610","kabCode":"1106","province":"Aceh"},"geometry":{"type":"Polygon","coordinates":[[[95.34369237840059,5.512584094019359],[95.34334800640544,5.517986163264047],[95.34737655458439,5.518199239636168],[95.35259513156012,5.516942132207892],[95.35389887783099,5.511992743009922],[95.351946768029,5.509379144074122],[95.34369237840059,5.512584094019359]]]}},{"type":"Feature","properties":{"code":"1106102025","desa":"Meunasah Krueng","kecamatan":"Ingin Jaya","kecCode":"110610","kabCode":"1106","province":"Aceh"},"geometry":{"type":"Polygon","coordinates":[[[95.3624163092653,5.532751237997537],[95.36108367856895,5.526719646019266],[95.35673274502022,5.5279564404604775],[95.3602065850659,5.532933930774421],[95.3624163092653,5.532751237997537]]]}},{"type":"Feature","properties":{"code":"1106102026","desa":"Jurong Peujera","kecamatan":"Ingin Jaya","kecCode":"110610","kabCode":"1106","province":"Aceh"},"geometry":{"type":"Polygon","coordinates":[[[95.3637361354144,5.51977868297125],[95.35125632521931,5.518595808282508],[95.34889592140968,5.522653531363865],[95.36417189291859,5.5224335041316275],[95.3637361354144,5.51977868297125]]]}},{"type":"Feature","properties":{"code":"1106102027","desa":"Lubok Batee","kecamatan":"Ingin Jaya","kecCode":"110610","kabCode":"1106","province":"Aceh"},"geometry":{"type":"Polygon","coordinates":[[[95.35956283865416,5.515043056328144],[95.352468194052,5.515731654627641],[95.3523337795803,5.519612879462421],[95.3623830055713,5.518315648781046],[95.35956283865416,5.515043056328144]]]}},{"type":"Feature","properties":{"code":"1106102028","desa":"Bineh Blang","kecamatan":"Ingin Jaya","kecCode":"110610","kabCode":"1106","province":"Aceh"},"geometry":{"type":"Polygon","coordinates":[[[95.36700130486639,5.523827768963715],[95.36323969165852,5.521135892137712],[95.3560988974462,5.52393610579383],[95.3492940440849,5.522830736477613],[95.34979391335848,5.528979279891944],[95.36700130486639,5.523827768963715]]]}},{"type":"Feature","properties":{"code":"1106102029","desa":"Pantee","kecamatan":"Ingin Jaya","kecCode":"110610","kabCode":"1106","province":"Aceh"},"geometry":{"type":"Polygon","coordinates":[[[95.36725780140648,5.524629381467286],[95.36312811097359,5.524149353936543],[95.36122644594377,5.527597192779742],[95.36623633344009,5.528695265896213],[95.36725780140648,5.524629381467286]]]}},{"type":"Feature","properties":{"code":"1106102030","desa":"Kalut","kecamatan":"Ingin Jaya","kecCode":"110610","kabCode":"1106","province":"Aceh"},"geometry":{"type":"Polygon","coordinates":[[[95.34933101971086,5.498129640623601],[95.34460639986554,5.500474924129298],[95.34411455164529,5.507702566763644],[95.35219017044004,5.505946872495523],[95.35281138883458,5.499051684939581],[95.34933101971086,5.498129640623601]]]}},{"type":"Feature","properties":{"code":"1106102031","desa":"Meunasah Manyang Pagar Air","kecamatan":"Ingin Jaya","kecCode":"110610","kabCode":"1106","province":"Aceh"},"geometry":{"type":"Polygon","coordinates":[[[95.35390926859793,5.528619165264767],[95.34917339463654,5.529040574085308],[95.34849002859198,5.535390349800496],[95.35252914020772,5.533592561864711],[95.35390926859793,5.528619165264767]]]}},{"type":"Feature","properties":{"code":"1106102032","desa":"Meunasah Manyet","kecamatan":"Ingin Jaya","kecCode":"110610","kabCode":"1106","province":"Aceh"},"geometry":{"type":"Polygon","coordinates":[[[95.34311596063314,5.5113609009246805],[95.351946768029,5.509379144074122],[95.35219017044004,5.505946872495523],[95.34411455164529,5.507702566763644],[95.34311596063314,5.5113609009246805]]]}},{"type":"Feature","properties":{"code":"1106102033","desa":"Santan","kecamatan":"Ingin Jaya","kecCode":"110610","kabCode":"1106","province":"Aceh"},"geometry":{"type":"Polygon","coordinates":[[[95.3602065850659,5.532933930774421],[95.358537900204,5.529128175247101],[95.35415334639985,5.527626734609594],[95.35252914020772,5.533592561864711],[95.3602065850659,5.532933930774421]]]}},{"type":"Feature","properties":{"code":"1106102034","desa":"Tanjong","kecamatan":"Ingin Jaya","kecCode":"110610","kabCode":"1106","province":"Aceh"},"geometry":{"type":"Polygon","coordinates":[[[95.3434506802048,5.525492337626964],[95.34434773416064,5.534822332600797],[95.34849002859198,5.535390349800496],[95.34929043780352,5.522698281628871],[95.3434506802048,5.525492337626964]]]}},{"type":"Feature","properties":{"code":"1106102035","desa":"Reuloh","kecamatan":"Ingin Jaya","kecCode":"110610","kabCode":"1106","province":"Aceh"},"geometry":{"type":"Polygon","coordinates":[[[95.34334800640544,5.517986163264047],[95.34518241923331,5.523015969839266],[95.34828923785813,5.523570447745503],[95.35259513156012,5.516942132207892],[95.34334800640544,5.517986163264047]]]}},{"type":"Feature","properties":{"code":"1106102041","desa":"Paleuh Blang","kecamatan":"Ingin Jaya","kecCode":"110610","kabCode":"1106","province":"Aceh"},"geometry":{"type":"Polygon","coordinates":[[[95.39304018455692,5.483756681992965],[95.38662584740501,5.485797608838234],[95.39090732181552,5.492949488086862],[95.39403747874672,5.492032765059426],[95.39304018455692,5.483756681992965]]]}},{"type":"Feature","properties":{"code":"1106102042","desa":"Cot Mentiwan","kecamatan":"Ingin Jaya","kecCode":"110610","kabCode":"1106","province":"Aceh"},"geometry":{"type":"Polygon","coordinates":[[[95.39251198843755,5.4996824109661],[95.39613065440625,5.497208518112777],[95.39501657155755,5.494403866302378],[95.39088565444943,5.494265755617253],[95.39251198843755,5.4996824109661]]]}},{"type":"Feature","properties":{"code":"1106102043","desa":"Lampreh Lam Jampok","kecamatan":"Ingin Jaya","kecCode":"110610","kabCode":"1106","province":"Aceh"},"geometry":{"type":"Polygon","coordinates":[[[95.39091661630884,5.492888910653209],[95.40010982530828,5.498703644610106],[95.40594728244122,5.494789858022093],[95.3987598296025,5.493764415952613],[95.3970840625795,5.491519312426174],[95.39091661630884,5.492888910653209]]]}},{"type":"Feature","properties":{"code":"1106102044","desa":"Paleuh Pulo","kecamatan":"Ingin Jaya","kecCode":"110610","kabCode":"1106","province":"Aceh"},"geometry":{"type":"Polygon","coordinates":[[[95.3975300435767,5.485174317507026],[95.3950454047217,5.482673306496651],[95.39304018455692,5.483756681992965],[95.39327044157767,5.488469646619824],[95.39693916740873,5.4883299351414845],[95.3975300435767,5.485174317507026]]]}},{"type":"Feature","properties":{"code":"1106102045","desa":"Lamcot","kecamatan":"Ingin Jaya","kecCode":"110610","kabCode":"1106","province":"Aceh"},"geometry":{"type":"Polygon","coordinates":[[[95.40179102783372,5.487644466482687],[95.39693916740873,5.4883299351414845],[95.39872404557832,5.491214559164778],[95.39723263597745,5.4918084462623575],[95.40585692395791,5.494663466402542],[95.40179102783372,5.487644466482687]]]}},{"type":"Feature","properties":{"code":"1106102046","desa":"Lamsinyeu","kecamatan":"Ingin Jaya","kecCode":"110610","kabCode":"1106","province":"Aceh"},"geometry":{"type":"Polygon","coordinates":[[[95.39359261470747,5.488452340965705],[95.39403747874672,5.492032765059426],[95.39872404557832,5.491214559164778],[95.39829951700914,5.488799284122272],[95.39359261470747,5.488452340965705]]]}},{"type":"Feature","properties":{"code":"1106102047","desa":"Lam Ue","kecamatan":"Ingin Jaya","kecCode":"110610","kabCode":"1106","province":"Aceh"},"geometry":{"type":"Polygon","coordinates":[[[95.38809495741639,5.486185206747144],[95.38475598240272,5.490920366642106],[95.38858672559694,5.49456872012714],[95.39090732181552,5.492949488086862],[95.38809495741639,5.486185206747144]]]}},{"type":"Feature","properties":{"code":"1106102048","desa":"Cot Gud","kecamatan":"Ingin Jaya","kecCode":"110610","kabCode":"1106","province":"Aceh"},"geometry":{"type":"Polygon","coordinates":[[[95.38482457909112,5.497835393242332],[95.39243483829722,5.49949745819296],[95.39090732181552,5.492949488086862],[95.38858672559694,5.49456872012714],[95.38482457909112,5.497835393242332]]]}},{"type":"Feature","properties":{"code":"1106102049","desa":"Lamdaya","kecamatan":"Ingin Jaya","kecCode":"110610","kabCode":"1106","province":"Aceh"},"geometry":{"type":"Polygon","coordinates":[[[95.38475598240272,5.490920366642106],[95.38362305156265,5.492344193988426],[95.38482457909112,5.497835393242332],[95.38858672559694,5.49456872012714],[95.38475598240272,5.490920366642106]]]}},{"type":"Feature","properties":{"code":"1106102050","desa":"Lambada","kecamatan":"Ingin Jaya","kecCode":"110610","kabCode":"1106","province":"Aceh"},"geometry":{"type":"Polygon","coordinates":[[[95.40156249571264,5.487496652112736],[95.3975300435767,5.485174317507026],[95.39693916740873,5.4883299351414845],[95.40156249571264,5.487496652112736]]]}},{"type":"Feature","properties":{"code":"1106102051","desa":"Ujong Xii","kecamatan":"Ingin Jaya","kecCode":"110610","kabCode":"1106","province":"Aceh"},"geometry":{"type":"Polygon","coordinates":[[[95.36576820573815,5.502241044237873],[95.36956144360578,5.4994947899044435],[95.36820610232978,5.498116605849881],[95.35767803501334,5.49639530435478],[95.3567120956867,5.502106733188409],[95.36576820573815,5.502241044237873]]]}},{"type":"Feature","properties":{"code":"1106102052","desa":"Bada","kecamatan":"Ingin Jaya","kecCode":"110610","kabCode":"1106","province":"Aceh"},"geometry":{"type":"Polygon","coordinates":[[[95.35959888977696,5.509108019161895],[95.36706818834625,5.511673887479473],[95.36936960382423,5.509766509957944],[95.36504428296735,5.503779902967643],[95.35959888977696,5.509108019161895]]]}},{"type":"Feature","properties":{"code":"1106102053","desa":"Lamteungoh","kecamatan":"Ingin Jaya","kecCode":"110610","kabCode":"1106","province":"Aceh"},"geometry":{"type":"Polygon","coordinates":[[[95.37154280655534,5.496837297757629],[95.36342015141888,5.492100853630788],[95.35852036342406,5.495495867196346],[95.36956144360578,5.4994947899044435],[95.37154280655534,5.496837297757629]]]}},{"type":"Feature","properties":{"code":"1106102054","desa":"Kayee Lee","kecamatan":"Ingin Jaya","kecCode":"110610","kabCode":"1106","province":"Aceh"},"geometry":{"type":"Polygon","coordinates":[[[95.36896288542886,5.486245062924513],[95.36192356172306,5.487102894747147],[95.3606778532004,5.482892407427235],[95.35880536037916,5.487580956359908],[95.35408861409832,5.488256035151069],[95.351946768029,5.509379144074122],[95.36293759589341,5.5016177448127594],[95.3567120956867,5.502106733188409],[95.35922563605429,5.493574215635319],[95.36896288542886,5.486245062924513]]]}},{"type":"Feature","properties":{"code":"1106102056","desa":"Lampreh Lamteungoh","kecamatan":"Ingin Jaya","kecCode":"110610","kabCode":"1106","province":"Aceh"},"geometry":{"type":"Polygon","coordinates":[[[95.35731038856363,5.5072964176395285],[95.35959888977696,5.509108019161895],[95.36576820573815,5.502241044237873],[95.36293759589341,5.5016177448127594],[95.35731038856363,5.5072964176395285]]]}},{"type":"Feature","properties":{"code":"1106112001","desa":"Krueng Anoi","kecamatan":"Kuta Baro","kecCode":"110611","kabCode":"1106","province":"Aceh"},"geometry":{"type":"Polygon","coordinates":[[[95.39691966740877,5.529227354280868],[95.40554927487919,5.525575427789281],[95.40057182323113,5.5225315032549265],[95.39607743162821,5.5247727495890935],[95.39691966740877,5.529227354280868]]]}},{"type":"Feature","properties":{"code":"1106112002","desa":"Lam Puuk","kecamatan":"Kuta Baro","kecCode":"110611","kabCode":"1106","province":"Aceh"},"geometry":{"type":"Polygon","coordinates":[[[95.40075979143133,5.528024650440343],[95.39685542074113,5.5291631076133045],[95.39781965675184,5.534365641577805],[95.40048109782447,5.53265060925666],[95.40075979143133,5.528024650440343]]]}},{"type":"Feature","properties":{"code":"1106112003","desa":"Cot Beut","kecamatan":"Kuta Baro","kecCode":"110611","kabCode":"1106","province":"Aceh"},"geometry":{"type":"Polygon","coordinates":[[[95.40381065333906,5.536553421417762],[95.41451136890457,5.534499086580172],[95.44933142780322,5.532533486050101],[95.44777683273469,5.528644135840651],[95.44461166699487,5.527727275216949],[95.43829562574257,5.530719683886659],[95.4144266185936,5.530425267432818],[95.41102874787845,5.53421374878235],[95.40396380698415,5.533095672045648],[95.40381065333906,5.536553421417762]]]}},{"type":"Feature","properties":{"code":"1106112004","desa":"Bueng Bakjok","kecamatan":"Kuta Baro","kecCode":"110611","kabCode":"1106","province":"Aceh"},"geometry":{"type":"Polygon","coordinates":[[[95.4294693203529,5.524802723093531],[95.41503428240627,5.52163128728362],[95.41319924185159,5.52565069205129],[95.40881806590107,5.526115158612708],[95.40900017681678,5.530296728232203],[95.41299113783083,5.530406977021073],[95.4159560065645,5.5275845060436435],[95.42831629236304,5.527772241319212],[95.4294693203529,5.524802723093531]]]}},{"type":"Feature","properties":{"code":"1106112005","desa":"Lam Neuheun","kecamatan":"Kuta Baro","kecCode":"110611","kabCode":"1106","province":"Aceh"},"geometry":{"type":"Polygon","coordinates":[[[95.40495483559725,5.526901575271703],[95.40075979143133,5.528024650440343],[95.40048109782447,5.53265060925666],[95.39621802174435,5.536555156209983],[95.4040477802809,5.53676163515564],[95.40495483559725,5.526901575271703]]]}},{"type":"Feature","properties":{"code":"1106112006","desa":"Seupeu","kecamatan":"Kuta Baro","kecCode":"110611","kabCode":"1106","province":"Aceh"},"geometry":{"type":"Polygon","coordinates":[[[95.40554927487919,5.525575427789281],[95.40396380698415,5.533095672045648],[95.405505998603,5.534785800340726],[95.41102874787845,5.53421374878235],[95.4144266185936,5.530425267432818],[95.43829562574257,5.530719683886659],[95.44361800336821,5.527772960776863],[95.44852157571023,5.528037967601198],[95.44763576238056,5.525668589459334],[95.43656932491443,5.522430244988562],[95.43521162741472,5.520019076250498],[95.42831629236304,5.527772241319212],[95.4159560065645,5.5275845060436435],[95.41130647831136,5.5306925117703845],[95.40900017681678,5.530296728232203],[95.40881806590107,5.526115158612708],[95.40554927487919,5.525575427789281]]]}},{"type":"Feature","properties":{"code":"1106112007","desa":"Cot Mancang","kecamatan":"Kuta Baro","kecCode":"110611","kabCode":"1106","province":"Aceh"},"geometry":{"type":"Polygon","coordinates":[[[95.40881806590107,5.526115158612708],[95.41319924185159,5.52565069205129],[95.41503428240627,5.52163128728362],[95.40902177673364,5.521303193017801],[95.40881806590107,5.526115158612708]]]}},{"type":"Feature","properties":{"code":"1106112008","desa":"Lam Baed","kecamatan":"Kuta Baro","kecCode":"110611","kabCode":"1106","province":"Aceh"},"geometry":{"type":"Polygon","coordinates":[[[95.38500439943357,5.519880268590822],[95.38606787743065,5.528147028385613],[95.39661271530463,5.527171499589021],[95.39204671158654,5.518493408776459],[95.38500439943357,5.519880268590822]]]}},{"type":"Feature","properties":{"code":"1106112009","desa":"Cot Masam","kecamatan":"Kuta Baro","kecCode":"110611","kabCode":"1106","province":"Aceh"},"geometry":{"type":"Polygon","coordinates":[[[95.40104514991378,5.522820179336146],[95.40785232982121,5.526360748174726],[95.40903409025111,5.520918645609263],[95.40105838343771,5.519952962590362],[95.40104514991378,5.522820179336146]]]}},{"type":"Feature","properties":{"code":"1106112016","desa":"Gue","kecamatan":"Kuta Baro","kecCode":"110611","kabCode":"1106","province":"Aceh"},"geometry":{"type":"Polygon","coordinates":[[[95.39607743162821,5.5247727495890935],[95.40104514991378,5.522820179336146],[95.40105838343771,5.519952962590362],[95.39207839380286,5.51844228501619],[95.39607743162821,5.5247727495890935]]]}},{"type":"Feature","properties":{"code":"1106112018","desa":"Lam Sabang","kecamatan":"Kuta Baro","kecCode":"110611","kabCode":"1106","province":"Aceh"},"geometry":{"type":"Polygon","coordinates":[[[95.39081759465631,5.562831363364799],[95.39967051458261,5.558282496232821],[95.39669129356838,5.554697175330613],[95.39286155131958,5.5553003704114285],[95.39123994866475,5.559366867278622],[95.39081759465631,5.562831363364799]]]}},{"type":"Feature","properties":{"code":"1106112019","desa":"Lam Alue Raya","kecamatan":"Kuta Baro","kecCode":"110611","kabCode":"1106","province":"Aceh"},"geometry":{"type":"Polygon","coordinates":[[[95.39903067842312,5.559459377839485],[95.39477903722285,5.56204379917084],[95.39822402791663,5.56546839143851],[95.40264113268215,5.560724285087862],[95.39903067842312,5.559459377839485]]]}},{"type":"Feature","properties":{"code":"1106112020","desa":"Lam Alue Cut","kecamatan":"Kuta Baro","kecCode":"110611","kabCode":"1106","province":"Aceh"},"geometry":{"type":"Polygon","coordinates":[[[95.39713069062896,5.555392585095278],[95.39903067842312,5.559459377839485],[95.40264113268215,5.560724285087862],[95.40344684789373,5.555533691422081],[95.39713069062896,5.555392585095278]]]}},{"type":"Feature","properties":{"code":"1106112021","desa":"Leupung Mesjid","kecamatan":"Kuta Baro","kecCode":"110611","kabCode":"1106","province":"Aceh"},"geometry":{"type":"Polygon","coordinates":[[[95.40479035139367,5.560018927922087],[95.40111525926186,5.564282810689759],[95.40534015732247,5.570018712774211],[95.41472225542782,5.572001904043464],[95.4149809634008,5.576440479219124],[95.41972258762735,5.572957707110375],[95.41983712258518,5.570971111007835],[95.41008936643118,5.565216980564889],[95.4046230316277,5.564191811889296],[95.40479035139367,5.560018927922087]]]}},{"type":"Feature","properties":{"code":"1106112022","desa":"Cot Lamee","kecamatan":"Kuta Baro","kecCode":"110611","kabCode":"1106","province":"Aceh"},"geometry":{"type":"Polygon","coordinates":[[[95.41008936643118,5.565216980564889],[95.41983712258518,5.570971111007835],[95.41718582676458,5.575055007058707],[95.4213454987958,5.578065340116116],[95.42700623644873,5.577444299787956],[95.4435119292322,5.586937953387694],[95.45061643759857,5.586492201718016],[95.45528851005673,5.590089945854965],[95.45986925905912,5.590392431026239],[95.42337597192362,5.567507750765443],[95.41378079564726,5.564818960412736],[95.41366274434021,5.563117388244661],[95.41008936643118,5.565216980564889]]]}},{"type":"Feature","properties":{"code":"1106112023","desa":"Leupung Ule Alue","kecamatan":"Kuta Baro","kecCode":"110611","kabCode":"1106","province":"Aceh"},"geometry":{"type":"Polygon","coordinates":[[[95.40095438044034,5.563270404293327],[95.39793834657752,5.566350647948562],[95.40534015732247,5.570018712774211],[95.40538049101689,5.568152411787088],[95.40095438044034,5.563270404293327]]]}},{"type":"Feature","properties":{"code":"1106112024","desa":"Lampoh Tarom","kecamatan":"Kuta Baro","kecCode":"110611","kabCode":"1106","province":"Aceh"},"geometry":{"type":"Polygon","coordinates":[[[95.40709862690017,5.551515595168034],[95.40374519528461,5.55719130832592],[95.4085201699699,5.556706936170368],[95.40661526917937,5.555431918743539],[95.40709862690017,5.551515595168034]]]}},{"type":"Feature","properties":{"code":"1106112025","desa":"Lamteube Geupula","kecamatan":"Kuta Baro","kecCode":"110611","kabCode":"1106","province":"Aceh"},"geometry":{"type":"Polygon","coordinates":[[[95.40327691020133,5.557012514110158],[95.40353920556991,5.559555828330173],[95.4063774749406,5.560664725686786],[95.40687418759374,5.55724484496729],[95.40327691020133,5.557012514110158]]]}},{"type":"Feature","properties":{"code":"1106112026","desa":"Lamteube Mon Ara","kecamatan":"Kuta Baro","kecCode":"110611","kabCode":"1106","province":"Aceh"},"geometry":{"type":"Polygon","coordinates":[[[95.40479035139367,5.560018927922087],[95.4056758877321,5.564985269340627],[95.4134748426899,5.563556275389141],[95.40748322557045,5.559162588974017],[95.40479035139367,5.560018927922087]]]}},{"type":"Feature","properties":{"code":"1106112027","desa":"Aron","kecamatan":"Kuta Baro","kecCode":"110611","kabCode":"1106","province":"Aceh"},"geometry":{"type":"Polygon","coordinates":[[[95.40737101895739,5.5543741307581325],[95.40818325785112,5.556586100562411],[95.41346764541554,5.557284273943748],[95.41499882843321,5.55508247906901],[95.40737101895739,5.5543741307581325]]]}},{"type":"Feature","properties":{"code":"1106112028","desa":"Bak Buloh","kecamatan":"Kuta Baro","kecCode":"110611","kabCode":"1106","province":"Aceh"},"geometry":{"type":"Polygon","coordinates":[[[95.40895989078638,5.551079092126298],[95.40737101895739,5.5543741307581325],[95.4096549246351,5.553197488371144],[95.40895989078638,5.551079092126298]]]}},{"type":"Feature","properties":{"code":"1106112029","desa":"Lam Seunong","kecamatan":"Kuta Baro","kecCode":"110611","kabCode":"1106","province":"Aceh"},"geometry":{"type":"Polygon","coordinates":[[[95.40944130507222,5.553377573114066],[95.41622264386001,5.555111555949375],[95.41598719235509,5.544802410608987],[95.41129929722483,5.5447252164019005],[95.40753620643085,5.549113082404729],[95.40944130507222,5.553377573114066]]]}},{"type":"Feature","properties":{"code":"1106112030","desa":"Lam Raya","kecamatan":"Kuta Baro","kecCode":"110611","kabCode":"1106","province":"Aceh"},"geometry":{"type":"Polygon","coordinates":[[[95.47997647943104,5.577997004231178],[95.48317550374657,5.571582947674139],[95.48111482239118,5.566798460864361],[95.4713580046682,5.561246471936776],[95.4650209417631,5.562098395213563],[95.42911150259386,5.551225447795906],[95.41945009844335,5.55445461468519],[95.42052153184329,5.556800864962086],[95.41346764541554,5.557284273943748],[95.41489982656583,5.559376347931671],[95.42075241928875,5.557863142363195],[95.44232857970024,5.56303053981546],[95.4489613262043,5.567753769304156],[95.4567644720028,5.569126916255887],[95.46270638269344,5.576874441676113],[95.46984476582332,5.577017209950096],[95.47544387563441,5.58053054102192],[95.47997647943104,5.577997004231178]]]}},{"type":"Feature","properties":{"code":"1106112031","desa":"Lam Roh","kecamatan":"Kuta Baro","kecCode":"110611","kabCode":"1106","province":"Aceh"},"geometry":{"type":"Polygon","coordinates":[[[95.41346764541554,5.557284273943748],[95.40687418759374,5.55724484496729],[95.40828690741488,5.56032207679303],[95.41299842413804,5.561202854817581],[95.41346764541554,5.557284273943748]]]}},{"type":"Feature","properties":{"code":"1106112032","desa":"Lambunot Tanoh","kecamatan":"Kuta Baro","kecCode":"110611","kabCode":"1106","province":"Aceh"},"geometry":{"type":"Polygon","coordinates":[[[95.47068968338226,5.5889142441588975],[95.47521544693541,5.580000576835927],[95.46984476582332,5.577017209950096],[95.46245653843856,5.57679115905875],[95.4567644720028,5.569126916255887],[95.43215479760589,5.560032021151708],[95.42075241928875,5.557863142363195],[95.41267088655223,5.559998972865246],[95.44241523657398,5.568128579752938],[95.4444828031389,5.573347085676956],[95.44898732110806,5.576269756418655],[95.45396995464972,5.575185770282717],[95.46539691683432,5.579065781032749],[95.46535587087679,5.584427896096887],[95.47068968338226,5.5889142441588975]]]}},{"type":"Feature","properties":{"code":"1106112033","desa":"Tumpok Lampoh","kecamatan":"Kuta Baro","kecCode":"110611","kabCode":"1106","province":"Aceh"},"geometry":{"type":"Polygon","coordinates":[[[95.4186839129323,5.554278536421975],[95.41378229841439,5.556664792140744],[95.42088710175841,5.5562698827435515],[95.4186839129323,5.554278536421975]]]}},{"type":"Feature","properties":{"code":"1106112034","desa":"Puuk","kecamatan":"Kuta Baro","kecCode":"110611","kabCode":"1106","province":"Aceh"},"geometry":{"type":"Polygon","coordinates":[[[95.41471322983176,5.544483800593413],[95.41716105943539,5.55488767602145],[95.43271638735145,5.551682305193542],[95.46818701042224,5.5623383127514945],[95.46546520685388,5.55433342024776],[95.4599245934453,5.556369865771271],[95.44631471944881,5.5541254358369905],[95.42882962358834,5.544390607447189],[95.41471322983176,5.544483800593413]]]}},{"type":"Feature","properties":{"code":"1106112035","desa":"Lambunot Paya","kecamatan":"Kuta Baro","kecCode":"110611","kabCode":"1106","province":"Aceh"},"geometry":{"type":"Polygon","coordinates":[[[95.4657612043162,5.597740083690876],[95.46871757535585,5.598432534686016],[95.47167121155724,5.589092704726223],[95.46535587087679,5.584427896096887],[95.46565865642191,5.579244240700747],[95.45396995464972,5.575185770282717],[95.44898732110806,5.576269756418655],[95.4444828031389,5.573347085676956],[95.44365882899183,5.569063181302606],[95.43616294916087,5.565671915211937],[95.41296504220297,5.56091734884657],[95.41378079564726,5.564818960412736],[95.43763251243057,5.574916202996317],[95.44395049082253,5.581746116858853],[95.46233182675246,5.590431149538222],[95.4657612043162,5.597740083690876]]]}},{"type":"Feature","properties":{"code":"1106112036","desa":"Lampoh Keude","kecamatan":"Kuta Baro","kecCode":"110611","kabCode":"1106","province":"Aceh"},"geometry":{"type":"MultiPolygon","coordinates":[[[[95.38424301540287,5.536003306122724],[95.39185302100019,5.534920750808123],[95.39204916943366,5.533037884308931],[95.38556529580181,5.53109529293341],[95.38424301540287,5.536003306122724]]],[[[95.38552529935316,5.542771312454325],[95.38420765406005,5.539839059436284],[95.3830080034167,5.540944026755553],[95.38552529935316,5.542771312454325]]]]}},{"type":"Feature","properties":{"code":"1106112037","desa":"Lam Asan","kecamatan":"Kuta Baro","kecCode":"110611","kabCode":"1106","province":"Aceh"},"geometry":{"type":"Polygon","coordinates":[[[95.39621802174435,5.536555156209983],[95.39450165842486,5.533574907273654],[95.38881920843976,5.535099211375463],[95.38900303166461,5.541210629876497],[95.39621802174435,5.536555156209983]]]}},{"type":"Feature","properties":{"code":"1106112038","desa":"Lambro Deyah","kecamatan":"Kuta Baro","kecCode":"110611","kabCode":"1106","province":"Aceh"},"geometry":{"type":"Polygon","coordinates":[[[95.38508680970858,5.525054551252591],[95.37954508833519,5.528495328619151],[95.37989303963212,5.531229227166978],[95.38414593358799,5.5332864650161655],[95.38822751568733,5.5309822679374125],[95.39333952300062,5.533389953601192],[95.3934915767749,5.530807592616603],[95.39561643644942,5.530931325840172],[95.39473127602763,5.5286089723487235],[95.38606787743065,5.528147028385613],[95.38508680970858,5.525054551252591]]]}},{"type":"Feature","properties":{"code":"1106112039","desa":"Lambro Bileu","kecamatan":"Kuta Baro","kecCode":"110611","kabCode":"1106","province":"Aceh"},"geometry":{"type":"Polygon","coordinates":[[[95.39781965675184,5.534365641577805],[95.39515957905137,5.527720956580325],[95.39561643644942,5.530931325840172],[95.39278963523356,5.532485113315917],[95.3960368065534,5.536008301856669],[95.39781965675184,5.534365641577805]]]}},{"type":"Feature","properties":{"code":"1106112040","desa":"Cot Peutano","kecamatan":"Kuta Baro","kecCode":"110611","kabCode":"1106","province":"Aceh"},"geometry":{"type":"Polygon","coordinates":[[[95.38380622907425,5.538755411445338],[95.38171888371953,5.5319444489962875],[95.37627059920885,5.533714625946597],[95.37673887799689,5.536806020295823],[95.38125967909099,5.539054513367089],[95.38380622907425,5.538755411445338]]]}},{"type":"Feature","properties":{"code":"1106112041","desa":"Cot Cut","kecamatan":"Kuta Baro","kecCode":"110611","kabCode":"1106","province":"Aceh"},"geometry":{"type":"Polygon","coordinates":[[[95.38552529935316,5.542771312454325],[95.37673887799689,5.536806020295823],[95.37627592409467,5.533728038435568],[95.371765392359,5.535646693455571],[95.37150305202431,5.556253461122993],[95.3801277366058,5.5576215062208645],[95.38207700005357,5.547586922102149],[95.38552529935316,5.542771312454325]]]}},{"type":"Feature","properties":{"code":"1106112042","desa":"Meunasah Baktrieng","kecamatan":"Kuta Baro","kecCode":"110611","kabCode":"1106","province":"Aceh"},"geometry":{"type":"Polygon","coordinates":[[[95.38752716144938,5.535548929954645],[95.38590272772875,5.543141083102375],[95.38900303166461,5.541210629876497],[95.38950458806634,5.535750707244691],[95.38752716144938,5.535548929954645]]]}},{"type":"Feature","properties":{"code":"1106112043","desa":"Babah Jurong","kecamatan":"Kuta Baro","kecCode":"110611","kabCode":"1106","province":"Aceh"},"geometry":{"type":"Polygon","coordinates":[[[95.37884835656642,5.528126707304652],[95.37091143841224,5.531385278427576],[95.371765392359,5.535646693455571],[95.38142443578914,5.532095161881191],[95.37884835656642,5.528126707304652]]]}},{"type":"Feature","properties":{"code":"1106112044","desa":"Lam Glumpang","kecamatan":"Kuta Baro","kecCode":"110611","kabCode":"1106","province":"Aceh"},"geometry":{"type":"Polygon","coordinates":[[[95.38125967909099,5.539054513367089],[95.38599938866093,5.540474375602509],[95.38752716144938,5.535548929954645],[95.38125967909099,5.539054513367089]]]}},{"type":"Feature","properties":{"code":"1106112045","desa":"Rabeu","kecamatan":"Kuta Baro","kecCode":"110611","kabCode":"1106","province":"Aceh"},"geometry":{"type":"Polygon","coordinates":[[[95.39030157625677,5.540491891697975],[95.3836606935862,5.54534425843645],[95.38163307760453,5.549934385564468],[95.39220170704321,5.546761089956577],[95.39030157625677,5.540491891697975]]]}},{"type":"Feature","properties":{"code":"1106112046","desa":"Cucum","kecamatan":"Kuta Baro","kecCode":"110611","kabCode":"1106","province":"Aceh"},"geometry":{"type":"Polygon","coordinates":[[[95.39920155141056,5.549370891954695],[95.3948613233914,5.548252951015613],[95.38829261401297,5.5543670414024096],[95.3845145054401,5.553770270179026],[95.38422385444738,5.556089495828402],[95.389209389202,5.557874513391106],[95.39142079063701,5.553801002711262],[95.39582223460847,5.552751823036421],[95.39610130143399,5.549624399148061],[95.39920155141056,5.549370891954695]]]}},{"type":"Feature","properties":{"code":"1106112047","desa":"Deyah","kecamatan":"Kuta Baro","kecCode":"110611","kabCode":"1106","province":"Aceh"},"geometry":{"type":"Polygon","coordinates":[[[95.38163307760453,5.549934385564468],[95.38093606794524,5.553306357599993],[95.38787660741957,5.554447350861047],[95.3948613233914,5.548252951015613],[95.38575049678802,5.547221800949163],[95.38507663298032,5.550334136012215],[95.38163307760453,5.549934385564468]]]}},{"type":"Feature","properties":{"code":"1106112048","desa":"Lam Trieng","kecamatan":"Kuta Baro","kecCode":"110611","kabCode":"1106","province":"Aceh"},"geometry":{"type":"Polygon","coordinates":[[[95.40709862690017,5.551515595168034],[95.41129929722483,5.5447252164019005],[95.40204633007414,5.5436773659250616],[95.39872678940986,5.548798278320044],[95.40709862690017,5.551515595168034]]]}},{"type":"Feature","properties":{"code":"1106112049","desa":"Beurangong","kecamatan":"Kuta Baro","kecCode":"110611","kabCode":"1106","province":"Aceh"},"geometry":{"type":"Polygon","coordinates":[[[95.39266788141765,5.543623562185025],[95.39157987171374,5.547305883063727],[95.39558793423583,5.5484011520940815],[95.39862351306476,5.548301419077914],[95.40204633007414,5.5436773659250616],[95.39794349699484,5.545370095958795],[95.39266788141765,5.543623562185025]]]}},{"type":"Feature","properties":{"code":"1106112050","desa":"Cot Preh","kecamatan":"Kuta Baro","kecCode":"110611","kabCode":"1106","province":"Aceh"},"geometry":{"type":"Polygon","coordinates":[[[95.4075663184309,5.536641831070093],[95.40144157376966,5.5373172695900506],[95.40204633007414,5.5436773659250616],[95.42882962358834,5.544390607447189],[95.44631471944881,5.5541254358369905],[95.4599245934453,5.556369865771271],[95.46577239907703,5.553700734598457],[95.4657840731765,5.55016135556289],[95.4607168592957,5.543320927726305],[95.44630308042285,5.5414416693071855],[95.44149422827608,5.544721716240492],[95.43487694741327,5.543027540096887],[95.42799895668655,5.537410901605461],[95.40818716720406,5.541718321452654],[95.4075663184309,5.536641831070093]]]}},{"type":"Feature","properties":{"code":"1106112051","desa":"Cot Raya","kecamatan":"Kuta Baro","kecCode":"110611","kabCode":"1106","province":"Aceh"},"geometry":{"type":"Polygon","coordinates":[[[95.39684838084816,5.5547692802742255],[95.40344684789373,5.555533691422081],[95.40709862690017,5.551515595168034],[95.401136708992,5.549003864238924],[95.39684838084816,5.5547692802742255]]]}},{"type":"Feature","properties":{"code":"1106112052","desa":"Cot Yang","kecamatan":"Kuta Baro","kecCode":"110611","kabCode":"1106","province":"Aceh"},"geometry":{"type":"Polygon","coordinates":[[[95.39140571440224,5.558974133341515],[95.39286155131958,5.5553003704114285],[95.39684838084816,5.5547692802742255],[95.40021538143476,5.550035597965409],[95.39610130143399,5.549624399148061],[95.39582223460847,5.552751823036421],[95.39023556332062,5.55483160509063],[95.389209389202,5.557874513391106],[95.39140571440224,5.558974133341515]]]}},{"type":"Feature","properties":{"code":"1106112053","desa":"Ujong Blang","kecamatan":"Kuta Baro","kecCode":"110611","kabCode":"1106","province":"Aceh"},"geometry":{"type":"Polygon","coordinates":[[[95.44933142780322,5.532533486050101],[95.41065551394087,5.535034092365512],[95.4075663184309,5.536641831070093],[95.40814909620387,5.541685011463449],[95.42799895668655,5.537410901605461],[95.43487694741327,5.543027540096887],[95.44149422827608,5.544721716240492],[95.44630308042285,5.5414416693071855],[95.4607168592957,5.543320927726305],[95.4657840731765,5.55016135556289],[95.46577239907703,5.553700734598457],[95.46737536687976,5.550801237587192],[95.46540670505544,5.545971637186291],[95.45763081231217,5.534613753738189],[95.44933142780322,5.532533486050101]]]}},{"type":"Feature","properties":{"code":"1106112054","desa":"Lamceu","kecamatan":"Kuta Baro","kecCode":"110611","kabCode":"1106","province":"Aceh"},"geometry":{"type":"Polygon","coordinates":[[[95.40137576408027,5.537683995133611],[95.39621802174435,5.536555156209983],[95.39030157625677,5.540491891697975],[95.39794349699484,5.545370095958795],[95.40203024300136,5.543649214447022],[95.40137576408027,5.537683995133611]]]}},{"type":"Feature","properties":{"code":"1106122001","desa":"Angan","kecamatan":"Darussalam","kecCode":"110612","kabCode":"1106","province":"Aceh"},"geometry":{"type":"Polygon","coordinates":[[[95.4383791044122,5.6352490462218645],[95.44104342241604,5.636211505171206],[95.44489055755326,5.630998720733964],[95.44798910960981,5.626276812349336],[95.44748812697554,5.622272901101859],[95.44286773585735,5.6190525853401105],[95.43353981381142,5.601385383977644],[95.42194448864728,5.60605549590901],[95.41317367682376,5.598794438064814],[95.39945359360854,5.593277817674629],[95.39717415036681,5.5951702367725655],[95.4016035389722,5.599192137158966],[95.39937945080105,5.6018374551832615],[95.40925402125612,5.610517611738509],[95.40821311444374,5.611635329645766],[95.41838863582694,5.612015623261091],[95.42196655081574,5.6098773843746],[95.42383204781083,5.612199736067455],[95.42947879740865,5.608706107342962],[95.43387361607462,5.610759279357163],[95.44129153457668,5.623166412627297],[95.43854657256634,5.627442751005358],[95.4383791044122,5.6352490462218645]]]}},{"type":"Feature","properties":{"code":"1106122002","desa":"Lam Peudaya","kecamatan":"Darussalam","kecCode":"110612","kabCode":"1106","province":"Aceh"},"geometry":{"type":"Polygon","coordinates":[[[95.39552138080711,5.589510296823973],[95.38982824687616,5.584344180905655],[95.38740093080838,5.583333343826261],[95.38763201430606,5.592435599881348],[95.39209833896723,5.597766482390224],[95.39552138080711,5.589510296823973]]]}},{"type":"Feature","properties":{"code":"1106122003","desa":"Lambada Peukan","kecamatan":"Darussalam","kecCode":"110612","kabCode":"1106","province":"Aceh"},"geometry":{"type":"Polygon","coordinates":[[[95.38982824687616,5.584344180905655],[95.3960127218097,5.589719292072714],[95.40127357141823,5.587350259270499],[95.3953522686923,5.5811800044232704],[95.39236227559859,5.580754415553895],[95.38982824687616,5.584344180905655]]]}},{"type":"Feature","properties":{"code":"1106122004","desa":"Lambiheu La","kecamatan":"Darussalam","kecCode":"110612","kabCode":"1106","province":"Aceh"},"geometry":{"type":"Polygon","coordinates":[[[95.39607627959667,5.581695855548427],[95.40035186974308,5.585731501172864],[95.40397950644909,5.581527343281505],[95.39898752895135,5.579227182360148],[95.39607627959667,5.581695855548427]]]}},{"type":"Feature","properties":{"code":"1106122005","desa":"Lambaro Sukon","kecamatan":"Darussalam","kecCode":"110612","kabCode":"1106","province":"Aceh"},"geometry":{"type":"Polygon","coordinates":[[[95.40035186974308,5.585731501172864],[95.40580558525959,5.5889854003177755],[95.40888288903415,5.5836933972995535],[95.40397950644909,5.581527343281505],[95.40035186974308,5.585731501172864]]]}},{"type":"Feature","properties":{"code":"1106122006","desa":"Miruek Taman","kecamatan":"Darussalam","kecCode":"110612","kabCode":"1106","province":"Aceh"},"geometry":{"type":"Polygon","coordinates":[[[95.394315335984,5.598938368262868],[95.39938973994458,5.593276822125113],[95.39844048034392,5.58912201003439],[95.39550437642589,5.589522130103446],[95.39209833896723,5.597766482390224],[95.394315335984,5.598938368262868]]]}},{"type":"Feature","properties":{"code":"1106122007","desa":"Suleue","kecamatan":"Darussalam","kecCode":"110612","kabCode":"1106","province":"Aceh"},"geometry":{"type":"Polygon","coordinates":[[[95.38763201430606,5.592435599881348],[95.3880668230255,5.585383622721424],[95.38426945187376,5.581591402890147],[95.38128605170998,5.589030000395951],[95.38763201430606,5.592435599881348]]]}},{"type":"Feature","properties":{"code":"1106122008","desa":"Gampong Cot","kecamatan":"Darussalam","kecCode":"110612","kabCode":"1106","province":"Aceh"},"geometry":{"type":"Polygon","coordinates":[[[95.4482166407854,5.636869569688584],[95.45697352570772,5.616137477896804],[95.45176711925723,5.614503940340755],[95.44816982837493,5.607523510544708],[95.44788362542903,5.599126597266219],[95.43166835341185,5.5932258863231015],[95.42455695533926,5.59356152500157],[95.42299392373063,5.596989186655402],[95.41380625725304,5.5956109639299525],[95.39844048034392,5.58912201003439],[95.39743142841775,5.59133728304859],[95.40071829491342,5.5945299680398],[95.4134095492114,5.598911847255765],[95.4216087807207,5.605956745851883],[95.43353981381142,5.601385383977644],[95.44286773585735,5.6190525853401105],[95.44743362536154,5.622091338772835],[95.44795853535817,5.626356836722907],[95.44286490389224,5.633478675017941],[95.4482166407854,5.636869569688584]]]}},{"type":"Feature","properties":{"code":"1106122009","desa":"Gampong Blang","kecamatan":"Darussalam","kecCode":"110612","kabCode":"1106","province":"Aceh"},"geometry":{"type":"Polygon","coordinates":[[[95.45697352570772,5.616137477896804],[95.46496901041154,5.604422899943142],[95.46633882987315,5.597180154094374],[95.46234321576684,5.5909442838114485],[95.45696518179778,5.595297423392849],[95.44442852905343,5.588600717111587],[95.41539297700433,5.589311570034412],[95.40888288903415,5.5836933972995535],[95.40592002668795,5.588934044532337],[95.40259541564596,5.586682865186198],[95.3998693735728,5.589453965089756],[95.42146815373233,5.5969716049094025],[95.42409087989023,5.59655427271573],[95.42478138924974,5.5935150777158835],[95.4404059712586,5.595556664663513],[95.4482067275585,5.599411253377934],[95.44833857356639,5.608027539182255],[95.45192594042987,5.614734066060234],[95.45697352570772,5.616137477896804]]]}},{"type":"Feature","properties":{"code":"1106122010","desa":"Lampuja","kecamatan":"Darussalam","kecCode":"110612","kabCode":"1106","province":"Aceh"},"geometry":{"type":"Polygon","coordinates":[[[95.38093606794524,5.553306357599993],[95.38016147737032,5.5571583238912945],[95.38707289679678,5.562521705200898],[95.38905682641149,5.557814613146982],[95.38093606794524,5.553306357599993]]]}},{"type":"Feature","properties":{"code":"1106122011","desa":"Tanjung Deah","kecamatan":"Darussalam","kecCode":"110612","kabCode":"1106","province":"Aceh"},"geometry":{"type":"Polygon","coordinates":[[[95.38149267005076,5.587215072281281],[95.38455446501659,5.580981017729596],[95.37981238393444,5.574414550367643],[95.37667712424995,5.58312933711688],[95.38149267005076,5.587215072281281]]]}},{"type":"Feature","properties":{"code":"1106122012","desa":"Limpok","kecamatan":"Darussalam","kecCode":"110612","kabCode":"1106","province":"Aceh"},"geometry":{"type":"Polygon","coordinates":[[[95.37307992869579,5.556477727759389],[95.36809456661102,5.5622322152332275],[95.3746535992842,5.565597976550683],[95.37632933842825,5.562665141671151],[95.3729506313666,5.559633205099607],[95.37307992869579,5.556477727759389]]]}},{"type":"Feature","properties":{"code":"1106122013","desa":"Lampuuk","kecamatan":"Darussalam","kecCode":"110612","kabCode":"1106","province":"Aceh"},"geometry":{"type":"Polygon","coordinates":[[[95.38241045158112,5.566206414678955],[95.39203839555557,5.566049690725472],[95.39012992625516,5.563957381115157],[95.3839518760783,5.563959270590837],[95.38241045158112,5.566206414678955]]]}},{"type":"Feature","properties":{"code":"1106122014","desa":"Lam Ujong","kecamatan":"Darussalam","kecCode":"110612","kabCode":"1106","province":"Aceh"},"geometry":{"type":"Polygon","coordinates":[[[95.39159407021022,5.563531174411571],[95.39140571440224,5.558974133341515],[95.38905682641149,5.557814613146982],[95.38540308958095,5.56438594224394],[95.39159407021022,5.563531174411571]]]}},{"type":"Feature","properties":{"code":"1106122015","desa":"Lam Gawe","kecamatan":"Darussalam","kecCode":"110612","kabCode":"1106","province":"Aceh"},"geometry":{"type":"Polygon","coordinates":[[[95.39375627063542,5.562583354626424],[95.3910629539922,5.564171814564308],[95.39203839555557,5.566049690725472],[95.39349892963196,5.564071717322759],[95.39375627063542,5.562583354626424]]]}},{"type":"Feature","properties":{"code":"1106122016","desa":"Berabung","kecamatan":"Darussalam","kecCode":"110612","kabCode":"1106","province":"Aceh"},"geometry":{"type":"Polygon","coordinates":[[[95.3801277366058,5.5576215062208645],[95.37307992869579,5.556477727759389],[95.37240178141711,5.558512166895405],[95.37632933842825,5.562665141671151],[95.3746535992842,5.565597976550683],[95.37762597555836,5.569083577926565],[95.37477604377942,5.570713657589364],[95.3775719460885,5.5717195681826475],[95.3801277366058,5.5576215062208645]]]}},{"type":"Feature","properties":{"code":"1106122017","desa":"Lamtimpeung","kecamatan":"Darussalam","kecCode":"110612","kabCode":"1106","province":"Aceh"},"geometry":{"type":"Polygon","coordinates":[[[95.38016147737032,5.5571583238912945],[95.37914927421969,5.5631239047321746],[95.38256013923909,5.565926762395118],[95.38707289679678,5.562521705200898],[95.38016147737032,5.5571583238912945]]]}},{"type":"Feature","properties":{"code":"1106122018","desa":"Tungkop","kecamatan":"Darussalam","kecCode":"110612","kabCode":"1106","province":"Aceh"},"geometry":{"type":"Polygon","coordinates":[[[95.38626380283227,5.5675427379902676],[95.37999916143224,5.5636234223702905],[95.37787055967863,5.572351449838015],[95.37981238393444,5.574414550367643],[95.38567543037685,5.571439736933758],[95.38626380283227,5.5675427379902676]]]}},{"type":"Feature","properties":{"code":"1106122019","desa":"Tanjong Seulamat","kecamatan":"Darussalam","kecCode":"110612","kabCode":"1106","province":"Aceh"},"geometry":{"type":"Polygon","coordinates":[[[95.37667831225433,5.58310581624809],[95.37981238393444,5.574414550367643],[95.37366239440405,5.570819449338141],[95.36996107984002,5.576710815425926],[95.37667831225433,5.58310581624809]]]}},{"type":"Feature","properties":{"code":"1106122020","desa":"Lamkeunung","kecamatan":"Darussalam","kecCode":"110612","kabCode":"1106","province":"Aceh"},"geometry":{"type":"Polygon","coordinates":[[[95.39105796815079,5.568075174412565],[95.38626380283227,5.5675427379902676],[95.38797332141172,5.57329925883126],[95.39105796815079,5.568075174412565]]]}},{"type":"Feature","properties":{"code":"1106122021","desa":"Lam Duroy","kecamatan":"Darussalam","kecCode":"110612","kabCode":"1106","province":"Aceh"},"geometry":{"type":"Polygon","coordinates":[[[95.37981238393444,5.574414550367643],[95.38274387972632,5.578324709989898],[95.38797332141172,5.57329925883126],[95.3831691736185,5.57105445298042],[95.37981238393444,5.574414550367643]]]}},{"type":"Feature","properties":{"code":"1106122022","desa":"Lam Klat","kecamatan":"Darussalam","kecCode":"110612","kabCode":"1106","province":"Aceh"},"geometry":{"type":"Polygon","coordinates":[[[95.39111673794713,5.567525129264649],[95.38823841187325,5.572952699685201],[95.39024040167327,5.57500768653132],[95.3941114237033,5.574181846291814],[95.3958190447132,5.571027979637387],[95.39111673794713,5.567525129264649]]]}},{"type":"Feature","properties":{"code":"1106122023","desa":"Lambiheu Siem","kecamatan":"Darussalam","kecCode":"110612","kabCode":"1106","province":"Aceh"},"geometry":{"type":"Polygon","coordinates":[[[95.40487140728965,5.5702447762560485],[95.39946556088698,5.567296975758419],[95.40124757291721,5.570324275425499],[95.39778758333033,5.572557274077208],[95.39528465316425,5.571252817343244],[95.39392280619262,5.573720925757261],[95.39807976676786,5.576622851837307],[95.39758109988793,5.5742893161755305],[95.40487140728965,5.5702447762560485]]]}},{"type":"Feature","properties":{"code":"1106122024","desa":"Lambitra","kecamatan":"Darussalam","kecCode":"110612","kabCode":"1106","province":"Aceh"},"geometry":{"type":"Polygon","coordinates":[[[95.38286677927852,5.578078281360313],[95.38663732455296,5.582939092732804],[95.38938896043224,5.578373196038643],[95.38900184635814,5.573102944922697],[95.38286677927852,5.578078281360313]]]}},{"type":"Feature","properties":{"code":"1106122025","desa":"Lie Eue","kecamatan":"Darussalam","kecCode":"110612","kabCode":"1106","province":"Aceh"},"geometry":{"type":"Polygon","coordinates":[[[95.38740093080838,5.583333343826261],[95.38982824687616,5.584344180905655],[95.39247889158764,5.5806946547046445],[95.39638584692938,5.581576627028911],[95.39978509630521,5.577760103019396],[95.3941114237033,5.574181846291814],[95.39024040167327,5.57500768653132],[95.38740093080838,5.583333343826261]]]}},{"type":"Feature","properties":{"code":"1106122026","desa":"Krueng Kalee","kecamatan":"Darussalam","kecCode":"110612","kabCode":"1106","province":"Aceh"},"geometry":{"type":"Polygon","coordinates":[[[95.41718582676458,5.575055007058707],[95.40953102863413,5.580235000415497],[95.40215050394265,5.576897910384178],[95.4009449465521,5.580464429160447],[95.41553374158893,5.589336953399138],[95.44442852905343,5.588600717111587],[95.4572302425817,5.595312046369277],[95.46233182675246,5.590431149538222],[95.45528851005673,5.590089945854965],[95.45061643759857,5.586492201718016],[95.4435119292322,5.586937953387694],[95.42700623644873,5.577444299787956],[95.4213454987958,5.578065340116116],[95.41718582676458,5.575055007058707]]]}},{"type":"Feature","properties":{"code":"1106122027","desa":"Lam Asan","kecamatan":"Darussalam","kecCode":"110612","kabCode":"1106","province":"Aceh"},"geometry":{"type":"Polygon","coordinates":[[[95.39822402791663,5.56546839143851],[95.3946709477061,5.561375538140078],[95.3901497949771,5.567214941400099],[95.39444800037494,5.56982105258054],[95.39822402791663,5.56546839143851]]]}},{"type":"Feature","properties":{"code":"1106122028","desa":"Lam Reh","kecamatan":"Darussalam","kecCode":"110612","kabCode":"1106","province":"Aceh"},"geometry":{"type":"Polygon","coordinates":[[[95.40166286994554,5.56970180337669],[95.39660274092381,5.566801011341664],[95.39444800037494,5.56982105258054],[95.39903180257568,5.572309390344662],[95.40166286994554,5.56970180337669]]]}},{"type":"Feature","properties":{"code":"1106122029","desa":"Siem","kecamatan":"Darussalam","kecCode":"110612","kabCode":"1106","province":"Aceh"},"geometry":{"type":"Polygon","coordinates":[[[95.4149809634008,5.576440479219124],[95.41472225542782,5.572001904043464],[95.4052293779335,5.570001806419107],[95.39714924544137,5.575440630955777],[95.4009449465521,5.580464429160447],[95.40215050394265,5.576897910384178],[95.40940526204326,5.5802465270261425],[95.4149809634008,5.576440479219124]]]}},{"type":"Feature","properties":{"code":"1106132001","desa":"Rinon","kecamatan":"Pulo Aceh","kecCode":"110613","kabCode":"1106","province":"Aceh"},"geometry":{"type":"Polygon","coordinates":[[[95.07280416657908,5.7294367904965755],[95.07143964682227,5.72618022306317],[95.07339845117764,5.72255812708386],[95.08319041530545,5.72031118894046],[95.08858445900562,5.725117363800692],[95.09571808382258,5.717746827886585],[95.09622178870467,5.714422563986231],[95.10416139133518,5.711588597874424],[95.09741266466278,5.707123454027581],[95.08156835759371,5.706497964753309],[95.06011707973948,5.713252329268858],[95.05924630757107,5.720387384900003],[95.04713939406781,5.723218317598554],[95.0560199366708,5.72531062541026],[95.05988932643135,5.728805471816817],[95.07280416657908,5.7294367904965755]]]}},{"type":"Feature","properties":{"code":"1106132002","desa":"Alue Raya","kecamatan":"Pulo Aceh","kecCode":"110613","kabCode":"1106","province":"Aceh"},"geometry":{"type":"Polygon","coordinates":[[[95.05598235490179,5.712923252943347],[95.07728272471805,5.707467255852207],[95.07685199982001,5.702059726823372],[95.06571192226743,5.696952509304435],[95.05771031857643,5.697080883029744],[95.05359030394942,5.691968330732436],[95.04916625911562,5.6973746052070116],[95.04035526198582,5.693297341656235],[95.04365335471861,5.701224854692544],[95.03964907384574,5.703924018725105],[95.03931285060764,5.707922714804032],[95.04691285484442,5.710697782516474],[95.05428685855172,5.710060252219314],[95.05598235490179,5.712923252943347]]]}},{"type":"Feature","properties":{"code":"1106132003","desa":"Melingge","kecamatan":"Pulo Aceh","kecCode":"110613","kabCode":"1106","province":"Aceh"},"geometry":{"type":"MultiPolygon","coordinates":[[[[95.01247149236553,5.755486779486403],[95.01168484188202,5.754533091624926],[95.01073401026643,5.754827194215402],[95.01247149236553,5.755486779486403]]],[[[95.0134579353355,5.755248239709831],[95.01374307528278,5.755597012087408],[95.0138367450698,5.755568991910475],[95.0134579353355,5.755248239709831]]],[[[95.01178313778165,5.755897474683374],[95.01240179760491,5.755623837065385],[95.01121206738304,5.755484043748724],[95.01178313778165,5.755897474683374]]],[[[95.01345507998803,5.756041908501849],[95.01366376676947,5.756197141379351],[95.0137742170066,5.756041104507897],[95.01345507998803,5.756041908501849]]],[[[94.9723088921417,5.792233536007328],[94.97213661890987,5.791993685918571],[94.97191104555839,5.792066972571353],[94.9723088921417,5.792233536007328]]],[[[94.97353061664472,5.7935101955962445],[94.97485218118327,5.7931338913735235],[94.97355279572503,5.792782679135257],[94.97353061664472,5.7935101955962445]]],[[[95.01507389024789,5.713611633606937],[95.0145550174002,5.71410622206092],[95.01559252837257,5.715072863757062],[95.01507389024789,5.713611633606937]]],[[[95.01766590455793,5.715927626193589],[95.01616937061999,5.715473606157048],[95.01776548289081,5.717085037477892],[95.01766590455793,5.715927626193589]]],[[[95.0682564110046,5.7301816620743935],[95.04715643891859,5.723485348796823],[95.04961726642375,5.7283137647906],[95.04833637912064,5.734933731921772],[95.04523615612379,5.737044313058121],[95.03804102937005,5.730302817841033],[95.03351651677389,5.729517073874885],[95.03033636563084,5.725019339496437],[95.02728232192169,5.725795608205466],[95.0173298728754,5.719137314666701],[95.01106049744406,5.72395404846711],[95.01655298812994,5.733254862239358],[95.0305685750797,5.742567197226343],[95.03046633655225,5.746571254164039],[95.02574185790046,5.748591379690404],[95.0305150339417,5.751044213119431],[95.03713465124319,5.750566729770743],[95.0405367172957,5.747235626526294],[95.04506402768276,5.7500539831053405],[95.05596580377886,5.750309030837341],[95.05619175574496,5.753707744213866],[95.06018659193772,5.747236108562871],[95.06732247585164,5.747260548538782],[95.0716254296699,5.744485793790416],[95.06615920818098,5.743551184146812],[95.06351107527597,5.739323323723633],[95.06442751771584,5.734179009170307],[95.07280416657908,5.7294367904965755],[95.0682564110046,5.7301816620743935]]],[[[95.05643107703264,5.75382247702247],[95.05643182436927,5.754030345420613],[95.0565660499833,5.753964474577443],[95.05643107703264,5.75382247702247]]],[[[95.03566345570395,5.764442768005511],[95.03524972079803,5.764150026089255],[95.03519225411928,5.764510472566313],[95.03566345570395,5.764442768005511]]]]}},{"type":"Feature","properties":{"code":"1106132004","desa":"Lapeng","kecamatan":"Pulo Aceh","kecCode":"110613","kabCode":"1106","province":"Aceh"},"geometry":{"type":"Polygon","coordinates":[[[95.07728272471805,5.707467255852207],[95.09528011938202,5.7066729206626245],[95.10163109929584,5.70895611227633],[95.10446603487969,5.71301437854823],[95.11206476477713,5.702711022143788],[95.10618807292126,5.696141572629843],[95.1137521393498,5.694969327927686],[95.11664801479412,5.691838117893533],[95.0986854778526,5.6833451723089965],[95.08181712895735,5.684218306995574],[95.07728272471805,5.707467255852207]]]}},{"type":"Feature","properties":{"code":"1106132005","desa":"Ulee Paya","kecamatan":"Pulo Aceh","kecCode":"110613","kabCode":"1106","province":"Aceh"},"geometry":{"type":"Polygon","coordinates":[[[95.08181712895735,5.684218306995574],[95.0897607470609,5.683219501945728],[95.08923157427779,5.668885117935474],[95.08403604602675,5.663272707156968],[95.08038526256983,5.677026534720309],[95.08181712895735,5.684218306995574]]]}},{"type":"Feature","properties":{"code":"1106132006","desa":"Gugop","kecamatan":"Pulo Aceh","kecCode":"110613","kabCode":"1106","province":"Aceh"},"geometry":{"type":"MultiPolygon","coordinates":[[[[95.03840099021357,5.671600004815287],[95.03759762133318,5.6701779536300245],[95.03464198593893,5.671019382717862],[95.03511518491793,5.6714441001441935],[95.03840099021357,5.671600004815287]]],[[[95.03373828599314,5.671538670152492],[95.03346603423017,5.671677137868479],[95.03357381707804,5.671812550587473],[95.03373828599314,5.671538670152492]]],[[[95.03806944524875,5.671915094884322],[95.03801715506772,5.671723516805686],[95.03778185195095,5.67185833057616],[95.03806944524875,5.671915094884322]]],[[[95.03914851029555,5.671917461000639],[95.03860184659798,5.672338458831004],[95.03896311955236,5.672414143076373],[95.03914851029555,5.671917461000639]]],[[[95.05720467655463,5.6965786836133185],[95.06571192226743,5.696952509304435],[95.07775487868474,5.70127340998909],[95.08208149186741,5.686478861774088],[95.08029950861548,5.679848451715329],[95.08207574969616,5.667352732525802],[95.07587401407454,5.669276420151906],[95.06975289637909,5.66610195902263],[95.06465282756604,5.671922557458674],[95.04387767531453,5.671291440226997],[95.05890413621698,5.679395456006591],[95.05827354418874,5.68821623055691],[95.05359030394942,5.691968330732436],[95.05720467655463,5.6965786836133185]]]]}},{"type":"Feature","properties":{"code":"1106132007","desa":"Seurapong","kecamatan":"Pulo Aceh","kecCode":"110613","kabCode":"1106","province":"Aceh"},"geometry":{"type":"Polygon","coordinates":[[[95.06975289637909,5.66610195902263],[95.07790840464924,5.666286106003243],[95.07793477277157,5.657045096247674],[95.05522252669829,5.648170494575063],[95.05323504476156,5.65166807671925],[95.05718677285137,5.651660066457824],[95.05918241973295,5.655563933523726],[95.06504759127336,5.65814439064349],[95.06975289637909,5.66610195902263]]]}},{"type":"Feature","properties":{"code":"1106132008","desa":"Blang Situngkoh","kecamatan":"Pulo Aceh","kecCode":"110613","kabCode":"1106","province":"Aceh"},"geometry":{"type":"Polygon","coordinates":[[[95.0897607470609,5.683219501945728],[95.0986854778526,5.6833451723089965],[95.10081680275329,5.668384841269581],[95.0986288457447,5.666719498290054],[95.09789818435375,5.668872616459772],[95.08923157427779,5.668885117935474],[95.0897607470609,5.683219501945728]]]}},{"type":"Feature","properties":{"code":"1106132009","desa":"Paloh","kecamatan":"Pulo Aceh","kecCode":"110613","kabCode":"1106","province":"Aceh"},"geometry":{"type":"MultiPolygon","coordinates":[[[[95.10936530396565,5.66381064563149],[95.10880156573972,5.663911366103312],[95.10916662483992,5.6641671710644435],[95.10936530396565,5.66381064563149]]],[[[95.0986854778526,5.6833451723089965],[95.10917794370722,5.686788222262358],[95.11026352524158,5.667156615568778],[95.10057381762765,5.668716246839157],[95.0986854778526,5.6833451723089965]]]]}},{"type":"Feature","properties":{"code":"1106132010","desa":"Lampuyang","kecamatan":"Pulo Aceh","kecCode":"110613","kabCode":"1106","province":"Aceh"},"geometry":{"type":"Polygon","coordinates":[[[95.10917794370722,5.686788222262358],[95.11664801479412,5.691838117893533],[95.12120197479135,5.689036301645479],[95.12536446529788,5.692102954746007],[95.12822003402744,5.6904061247030056],[95.12837367510508,5.686408679581001],[95.1325953553914,5.6860988892168285],[95.13807404957775,5.6760434264374435],[95.12980270233288,5.6732756207505615],[95.12989288814634,5.669218635113247],[95.11738641934782,5.672270906255579],[95.1104967284413,5.667363281573382],[95.10917794370722,5.686788222262358]]]}},{"type":"Feature","properties":{"code":"1106132011","desa":"Lhok","kecamatan":"Pulo Aceh","kecCode":"110613","kabCode":"1106","province":"Aceh"},"geometry":{"type":"Polygon","coordinates":[[[95.12989288814634,5.669218635113247],[95.13775327039718,5.6742204026258],[95.14290915113644,5.6664980861018535],[95.13887040284686,5.663104571706056],[95.13587444904664,5.66745384060535],[95.12989288814634,5.669218635113247]]]}},{"type":"Feature","properties":{"code":"1106132012","desa":"Teunom","kecamatan":"Pulo Aceh","kecCode":"110613","kabCode":"1106","province":"Aceh"},"geometry":{"type":"MultiPolygon","coordinates":[[[[95.05837164313687,5.60801189907256],[95.05769782969116,5.6079049939630625],[95.05843511818621,5.608383638336544],[95.05837164313687,5.60801189907256]]],[[[95.05839161977747,5.609067261586485],[95.05801133155774,5.608406837248038],[95.05778886356524,5.608586609026872],[95.05839161977747,5.609067261586485]]],[[[95.06012603878571,5.6095486713752205],[95.05890286277696,5.610655764691811],[95.05939064066557,5.610983816689446],[95.06012603878571,5.6095486713752205]]],[[[95.06075823340579,5.610103752726545],[95.06048268562749,5.610110226945973],[95.06049582562189,5.610348319759468],[95.06075823340579,5.610103752726545]]],[[[95.06044602296566,5.6116740148828725],[95.062848964708,5.610242942598171],[95.06130880016104,5.6099638236122695],[95.06044602296566,5.6116740148828725]]],[[[95.06220834613832,5.613825416246845],[95.06121966565513,5.613899423256562],[95.06181731191947,5.6147171210342535],[95.06220834613832,5.613825416246845]]],[[[95.05068923671894,5.623855759162751],[95.05072489034148,5.623554175112184],[95.05046106522603,5.62369254929867],[95.05068923671894,5.623855759162751]]],[[[95.05140793622733,5.625237892140363],[95.05106849791291,5.624763988093458],[95.05100575041511,5.625124467845395],[95.05140793622733,5.625237892140363]]],[[[95.07585879844487,5.6439202473282455],[95.0864711969882,5.640465160848625],[95.08040561063046,5.633250983763261],[95.07563775497846,5.6337618922143795],[95.06137697236943,5.625128422164437],[95.06077326467448,5.6222521465477024],[95.05556332478767,5.6210032337418765],[95.0511805111717,5.622786718859796],[95.05241169204601,5.630100370855943],[95.05922849829658,5.639036821603614],[95.0614494640216,5.636859857909842],[95.06500574581854,5.637480749849852],[95.07585879844487,5.6439202473282455]]]]}},{"type":"Feature","properties":{"code":"1106132013","desa":"Lamteng","kecamatan":"Pulo Aceh","kecCode":"110613","kabCode":"1106","province":"Aceh"},"geometry":{"type":"MultiPolygon","coordinates":[[[[95.16338944536665,5.637455336807516],[95.15936689656507,5.633754113978038],[95.15038895468655,5.639845935352396],[95.14729825281215,5.656126121317844],[95.1439737757692,5.660326789839663],[95.1472455300572,5.662034866804128],[95.15674590519944,5.6597428591364025],[95.15902769207439,5.653089770873697],[95.16590466386918,5.6516895561269775],[95.16609827081861,5.649468469895076],[95.15906046876567,5.648403990054282],[95.15749141259869,5.6459973790803595],[95.15770499169209,5.642862171559686],[95.15964748864076,5.642652929896727],[95.15834828394622,5.640668890566748],[95.16338944536665,5.637455336807516]]],[[[95.15869639082581,5.657951776545834],[95.15811557357495,5.658049314316954],[95.15858298271854,5.658311658248656],[95.15869639082581,5.657951776545834]]]]}},{"type":"Feature","properties":{"code":"1106132014","desa":"Pasi Janeng","kecamatan":"Pulo Aceh","kecCode":"110613","kabCode":"1106","province":"Aceh"},"geometry":{"type":"Polygon","coordinates":[[[95.1439737757692,5.660326789839663],[95.14729825281215,5.656126121317844],[95.15060275501321,5.641382046653297],[95.14775721732178,5.6332384058451055],[95.14307466056722,5.625551119713497],[95.12887750769089,5.615366184237326],[95.12501707068132,5.605817678288096],[95.11903995602921,5.601392136087514],[95.12154508233976,5.607409123975142],[95.11895878412065,5.615170524135913],[95.12843716904018,5.6252389425485285],[95.14488680078527,5.634704713567562],[95.14365170875942,5.648966357712826],[95.14009393318854,5.655178735005979],[95.13696233104679,5.656005837893643],[95.14029122466036,5.660359962232642],[95.1439737757692,5.660326789839663]]]}},{"type":"Feature","properties":{"code":"1106132015","desa":"Rabo","kecamatan":"Pulo Aceh","kecCode":"110613","kabCode":"1106","province":"Aceh"},"geometry":{"type":"MultiPolygon","coordinates":[[[[95.1510021574237,5.639631828357171],[95.159804482391,5.633711750513746],[95.16704367862292,5.640968023964753],[95.16635051536404,5.634875883331055],[95.17085723127627,5.631151310504004],[95.17036740473202,5.626649426653662],[95.1737848491915,5.622437614632375],[95.16890495869693,5.617225659370094],[95.1621931024298,5.614574218761298],[95.15249358141368,5.617113879035808],[95.14363829806905,5.626363090608376],[95.1472596323262,5.635986669263979],[95.1510021574237,5.639631828357171]]],[[[95.16935984478107,5.641878287161935],[95.16831367963265,5.642573209494027],[95.16930564264135,5.642737582181527],[95.16935984478107,5.641878287161935]]]]}},{"type":"Feature","properties":{"code":"1106132016","desa":"Alue Reuyeueng","kecamatan":"Pulo Aceh","kecCode":"110613","kabCode":"1106","province":"Aceh"},"geometry":{"type":"Polygon","coordinates":[[[95.11903995602921,5.601392136087514],[95.12501707068132,5.605817678288096],[95.12908430139946,5.615583352524787],[95.14363829806905,5.626363090608376],[95.15219485900559,5.617281095379612],[95.1621931024298,5.614574218761298],[95.15709818133604,5.604316311395044],[95.1483972000708,5.600462145361996],[95.14524341435214,5.593873786702729],[95.14565960260865,5.603056625610409],[95.13986058969454,5.6068161721725],[95.13543479028338,5.605008061818271],[95.12948879667067,5.5939257729128995],[95.12620312627331,5.595748376741167],[95.12495483309914,5.602342561208599],[95.11903995602921,5.601392136087514]]]}},{"type":"Feature","properties":{"code":"1106132017","desa":"Deudap","kecamatan":"Pulo Aceh","kecCode":"110613","kabCode":"1106","province":"Aceh"},"geometry":{"type":"Polygon","coordinates":[[[95.1621931024298,5.614574218761298],[95.16890495869693,5.617225659370094],[95.1737848491915,5.622437614632375],[95.17904253228708,5.621211507734296],[95.19450632720532,5.605041388894612],[95.18601333304895,5.608677152770388],[95.1710671609208,5.6073791216924445],[95.16706560499374,5.6063440119109575],[95.16723038867156,5.600995764392728],[95.16232031513049,5.597829426839468],[95.15905368697815,5.598254968044763],[95.15546282894644,5.594104422337869],[95.15352675495586,5.5960914681014176],[95.15033887593842,5.595275381009497],[95.14895439123222,5.591327984957991],[95.14539475136671,5.593320550760204],[95.1483972000708,5.600462145361996],[95.15709818133604,5.604316311395044],[95.1621931024298,5.614574218761298]]]}},{"type":"Feature","properties":{"code":"1106142001","desa":"Lamtamot","kecamatan":"Lembah Seulawah","kecCode":"110614","kabCode":"1106","province":"Aceh"},"geometry":{"type":"Polygon","coordinates":[[[95.66756818292538,5.435151856189999],[95.65603926280181,5.447440322117554],[95.67020182235625,5.45361652148338],[95.68579577165757,5.431713037546912],[95.70549644630402,5.4247473881087656],[95.70790189355762,5.421040388933821],[95.70575087260477,5.405763539702063],[95.70793443462651,5.401998576523382],[95.7337103498528,5.409654747910829],[95.7424442400097,5.406239968146006],[95.742447857083,5.404412060116326],[95.75153564755215,5.404822358712317],[95.75698539705849,5.4013606271422],[95.76755302015579,5.403455021380961],[95.76382211429922,5.394168272106282],[95.75772123134982,5.389228847396612],[95.75625054122956,5.377371781757576],[95.76097777810202,5.368563882801144],[95.75848861205985,5.362132793084613],[95.7327995803364,5.354465206602469],[95.7243300108214,5.361048595607967],[95.72191212234662,5.35497032252027],[95.71500665373412,5.352908301177192],[95.70801798434258,5.354641474622579],[95.7001626886572,5.348726341251892],[95.69421109586544,5.349663209992422],[95.67330244375285,5.363019770136034],[95.66898231738007,5.362134462226344],[95.66871463777038,5.366577369436192],[95.67354788043042,5.369252274256511],[95.66963090394312,5.369981831279183],[95.66523950270096,5.377660429060475],[95.6671407666331,5.381819009310552],[95.66610847172863,5.3954303815638],[95.66868273342146,5.401546640216018],[95.66562681372653,5.406786628245707],[95.67020260836374,5.419109043580493],[95.66639016997046,5.429838176812549],[95.66756818292538,5.435151856189999]]]}},{"type":"Feature","properties":{"code":"1106142002","desa":"Lambaro Tunong","kecamatan":"Lembah Seulawah","kecCode":"110614","kabCode":"1106","province":"Aceh"},"geometry":{"type":"Polygon","coordinates":[[[95.64255812225957,5.326286363152119],[95.64249229368448,5.328622812617349],[95.6344051356885,5.333017343495807],[95.63323783905508,5.340295786134423],[95.62297248799,5.343568795872735],[95.6205096792783,5.346570748147994],[95.62302421159812,5.349849701505615],[95.6264452614397,5.374710909958409],[95.62904988694277,5.377787032920055],[95.63156183730898,5.377432173930847],[95.63360046099257,5.370191781607933],[95.63391494671747,5.354378783552546],[95.63565169227182,5.354755462792498],[95.63720948982615,5.3487443600684035],[95.64100312339548,5.346705602387973],[95.64082105025129,5.337507216000869],[95.64513251435407,5.328621858436663],[95.64255812225957,5.326286363152119]]]}},{"type":"Feature","properties":{"code":"1106142003","desa":"Lonbaroh","kecamatan":"Lembah Seulawah","kecCode":"110614","kabCode":"1106","province":"Aceh"},"geometry":{"type":"Polygon","coordinates":[[[95.65236935795956,5.4367017720843185],[95.65733520655459,5.44073063322329],[95.65777033543269,5.444004464042616],[95.66756818292538,5.435151856189999],[95.66639016997046,5.429838176812549],[95.67021452258223,5.418984065695207],[95.66562681372653,5.406786628245707],[95.66868273342146,5.401546640216018],[95.66610847172863,5.3954303815638],[95.6671407666331,5.381819009310552],[95.66523950270096,5.377660429060475],[95.66963090394312,5.369981831279183],[95.67354788043042,5.369252274256511],[95.66871463777038,5.366577369436192],[95.66898231738007,5.362134462226344],[95.66603708534323,5.359401336196112],[95.66735816244932,5.354472044147939],[95.66295569235137,5.35543864447529],[95.66044862080723,5.3526808446455005],[95.65930648001012,5.35640708031896],[95.65367198277585,5.349573581758758],[95.64912606361702,5.352139976179731],[95.65181418667544,5.356726379215203],[95.64680143303974,5.364391252442687],[95.6515376604347,5.371350790987556],[95.65033180806654,5.375360387748963],[95.65513373543358,5.3773112331022235],[95.65201556556593,5.3952370785854376],[95.65179149857886,5.406908444114718],[95.6545977745677,5.413773248075323],[95.65236935795956,5.4367017720843185]]]}},{"type":"Feature","properties":{"code":"1106142004","desa":"Lon Asan","kecamatan":"Lembah Seulawah","kecCode":"110614","kabCode":"1106","province":"Aceh"},"geometry":{"type":"Polygon","coordinates":[[[95.66603708534323,5.359401336196112],[95.67330244375285,5.363019770136034],[95.6882055653346,5.354273216634319],[95.6895002797142,5.349633392070705],[95.6878924555724,5.345290907656991],[95.68543200308453,5.344777994617042],[95.68559148885616,5.33857894078003],[95.68261357995283,5.339396823818057],[95.68190478557746,5.336995188793084],[95.68027227774347,5.340042742991282],[95.67844529241636,5.339170139804048],[95.66772726939803,5.351546640366562],[95.66789281390231,5.3579630207716695],[95.66603708534323,5.359401336196112]]]}},{"type":"Feature","properties":{"code":"1106142005","desa":"Paya Keureuleh","kecamatan":"Lembah Seulawah","kecCode":"110614","kabCode":"1106","province":"Aceh"},"geometry":{"type":"Polygon","coordinates":[[[95.64137859844361,5.312216443675217],[95.64056436755156,5.322063080278244],[95.64514087085455,5.328027377786508],[95.64452201857635,5.332920427156291],[95.64082105025129,5.337507216000869],[95.64100312339548,5.346705602387973],[95.63720948982615,5.3487443600684035],[95.63336594388328,5.35598058942955],[95.63481399357102,5.359397784773357],[95.63173640740932,5.376438180253974],[95.64061546792952,5.37579531697714],[95.64068221291387,5.367296762321151],[95.64879838393828,5.366025460893028],[95.64680143303974,5.364391252442687],[95.65181418667544,5.356726379215203],[95.64912606361702,5.352139976179731],[95.65545653089423,5.3467011444485735],[95.65716645057131,5.336563983657515],[95.66094291698208,5.330924327018371],[95.65876462408816,5.3247028791631505],[95.65567608328466,5.32327520181917],[95.65916597982618,5.318477335795323],[95.65423298256616,5.311646956983389],[95.64137859844361,5.312216443675217]]]}},{"type":"Feature","properties":{"code":"1106142006","desa":"Panca","kecamatan":"Lembah Seulawah","kecCode":"110614","kabCode":"1106","province":"Aceh"},"geometry":{"type":"Polygon","coordinates":[[[95.76758231557146,5.264572599235784],[95.77853996115033,5.248628602334026],[95.77634724942608,5.246023334717692],[95.76352284240534,5.245632352659946],[95.75158524336432,5.230864231922776],[95.73967809536788,5.235287098640208],[95.72640784134886,5.236086488919062],[95.72173828069714,5.240708804581636],[95.7176601214175,5.240299997061628],[95.70187863289266,5.247493717268358],[95.69685378787204,5.253645313880918],[95.69736934042277,5.257791978113875],[95.70081857141997,5.262091438061621],[95.708201599824,5.263624189495458],[95.70990721894304,5.270176278496485],[95.71583273859004,5.275647559565671],[95.71350299087037,5.285659637250765],[95.69799444838513,5.296251327094601],[95.70224691156578,5.299365583109518],[95.70353190337471,5.303756793690958],[95.70104151155658,5.306649652806162],[95.70162635777022,5.3150513549745035],[95.69871176203827,5.3187100263812965],[95.70328720324187,5.321592825680107],[95.70369589295115,5.326395965328411],[95.70850256334268,5.324025346122118],[95.70823369033258,5.321021663551283],[95.71149650176221,5.318641267815028],[95.71051386742111,5.310485922330498],[95.72519347959546,5.302957315278584],[95.72565853970991,5.297500036653629],[95.7337505387564,5.293170057312932],[95.74696083677328,5.277974123682949],[95.75831115783369,5.27182139572316],[95.76087142337752,5.266490985358433],[95.76758231557146,5.264572599235784]]]}},{"type":"Feature","properties":{"code":"1106142007","desa":"Lam Kubu","kecamatan":"Lembah Seulawah","kecCode":"110614","kabCode":"1106","province":"Aceh"},"geometry":{"type":"Polygon","coordinates":[[[95.65367198277585,5.349573581758758],[95.65949207759733,5.35643087278299],[95.66044862080723,5.3526808446455005],[95.66295569235137,5.35543864447529],[95.66703972780124,5.354303637101763],[95.67433037244876,5.342541638796106],[95.68039703259706,5.339960181630245],[95.68190478557746,5.336995188793084],[95.68261357995283,5.339396823818057],[95.68595436530175,5.338970125185244],[95.68598991190498,5.345682543521899],[95.69106098207874,5.34401657461428],[95.68841502103646,5.3406282214277425],[95.69053749930622,5.3381535821370925],[95.69273307537115,5.342877097610155],[95.69509350166385,5.342077598513328],[95.69931942495158,5.336831363792753],[95.69741109684468,5.331149210589695],[95.69911288844911,5.328549887492037],[95.70199108232264,5.33124248557423],[95.70410661243028,5.324763014130342],[95.69871176203827,5.3187100263812965],[95.70162635777022,5.3150513549745035],[95.70104151155658,5.306649652806162],[95.70353991363618,5.303956504338867],[95.70201076758292,5.2991331641187855],[95.68936216183435,5.294476521333725],[95.67637641284124,5.296466098688775],[95.65262217357451,5.310684515121115],[95.65916597982618,5.318477335795323],[95.65560469959729,5.3230658126674335],[95.66105049298591,5.329265733450833],[95.65367198277585,5.349573581758758]]]}},{"type":"Feature","properties":{"code":"1106142008","desa":"Panca Kubu","kecamatan":"Lembah Seulawah","kecCode":"110614","kabCode":"1106","province":"Aceh"},"geometry":{"type":"Polygon","coordinates":[[[95.6882055653346,5.354273216634319],[95.69421109586544,5.349663209992422],[95.7001626886572,5.348726341251892],[95.70801798434258,5.354641474622579],[95.71500665373412,5.352908301177192],[95.72191212234662,5.35497032252027],[95.7243300108214,5.361048595607967],[95.73211190743864,5.354463577030916],[95.74490043600639,5.359195596493222],[95.74927688691884,5.35829126702291],[95.75169281756955,5.346066016240596],[95.74714941291512,5.3335664164766206],[95.74899076760988,5.316932154831587],[95.75272249724549,5.31456807819315],[95.76177639406541,5.314584628416753],[95.76699763303439,5.310682958394677],[95.76754744166116,5.306288931136592],[95.75824972964136,5.302623334949952],[95.76003723473063,5.295736018260668],[95.76485070399684,5.289783054908102],[95.7910604746612,5.28069752624317],[95.7914012187913,5.2741372938810205],[95.78592159740383,5.259652683519235],[95.77594887314206,5.257644013557146],[95.77455466766382,5.255269395065745],[95.76758231557146,5.264572599235784],[95.76087142337752,5.266490985358433],[95.75831115783369,5.27182139572316],[95.74696083677328,5.277974123682949],[95.7337505387564,5.293170057312932],[95.72565853970991,5.297500036653629],[95.72519347959546,5.302957315278584],[95.71051386742111,5.310485922330498],[95.7117397324028,5.317047072001183],[95.7081402489734,5.321244482279159],[95.70931447758113,5.323103753265878],[95.70369589295115,5.326395965328411],[95.70199108232264,5.33124248557423],[95.69911288844911,5.328549887492037],[95.69710176693303,5.331834495786725],[95.69915191093202,5.337486191650053],[95.6935706463683,5.34311314176803],[95.69129892740362,5.3382106881875995],[95.6885197174111,5.340171364929487],[95.69108953555366,5.343835735340147],[95.6878924555724,5.345290907656991],[95.6882055653346,5.354273216634319]]]}},{"type":"Feature","properties":{"code":"1106142009","desa":"Suka Damai","kecamatan":"Lembah Seulawah","kecCode":"110614","kabCode":"1106","province":"Aceh"},"geometry":{"type":"Polygon","coordinates":[[[95.67020182235625,5.45361652148338],[95.68307392132448,5.457834865280637],[95.68174705798039,5.462221237509515],[95.68922295307686,5.4607470930948105],[95.69852339543843,5.457244332654295],[95.70613679327846,5.447199824516882],[95.72001774092604,5.4434327425354505],[95.72175853342964,5.439926753528802],[95.7191852259175,5.436145857061426],[95.723177981079,5.432330604693295],[95.73235858338198,5.4354393505620635],[95.73586849703354,5.4275023137053235],[95.73255550343379,5.413296107368327],[95.73447295876007,5.40956245318729],[95.70748002698173,5.402206782167337],[95.70575087260477,5.405763539702063],[95.707292688307,5.423053599572942],[95.69466251866038,5.429811185459983],[95.68579577165757,5.431713037546912],[95.67020182235625,5.45361652148338]]]}},{"type":"Feature","properties":{"code":"1106142010","desa":"Suka Mulya","kecamatan":"Lembah Seulawah","kecCode":"110614","kabCode":"1106","province":"Aceh"},"geometry":{"type":"Polygon","coordinates":[[[95.76684962081337,5.40376558606149],[95.7645408245994,5.401620514126104],[95.75698539705849,5.4013606271422],[95.75153564755215,5.404822358712317],[95.74556013459261,5.403757410324732],[95.73447382840453,5.408389001594982],[95.73255550343379,5.413296107368327],[95.7352554184029,5.419317427290255],[95.73457300743841,5.433598485999627],[95.73079216762447,5.436166731225423],[95.72435819377567,5.431864231569108],[95.7191852259175,5.436145857061426],[95.72175853342964,5.439926753528802],[95.72058716286732,5.444418729548141],[95.74169400667311,5.449156245666834],[95.7474340285576,5.457548105654708],[95.75296749685252,5.460386721261433],[95.75607998840081,5.4691258922285995],[95.75500145934994,5.477785309518148],[95.76418888930583,5.467561105144909],[95.75957774861429,5.4608804319771425],[95.7593974021684,5.457184356867113],[95.76190104459761,5.455277528831353],[95.76103492372283,5.444327523903612],[95.76457576685821,5.4475567915169485],[95.76550192287549,5.453137047935017],[95.77171273985111,5.453562694361],[95.77485337298481,5.456279580433736],[95.78029567160803,5.442649849420223],[95.7732651459698,5.4323151327568295],[95.7588222218681,5.431238883488431],[95.75371830395665,5.419998586397715],[95.75512851017264,5.409924941125408],[95.76684962081337,5.40376558606149]]]}},{"type":"Feature","properties":{"code":"1106142011","desa":"Saree Aceh","kecamatan":"Lembah Seulawah","kecCode":"110614","kabCode":"1106","province":"Aceh"},"geometry":{"type":"Polygon","coordinates":[[[95.68174705798039,5.462221237509515],[95.6792167920214,5.470071662458762],[95.68942296679654,5.479195848481911],[95.69414572144797,5.489143899833379],[95.71018897474147,5.495072862978537],[95.72216669523685,5.49272101262328],[95.72314470256599,5.494292510448075],[95.71800010382178,5.49964942383355],[95.72271764600258,5.504566758495829],[95.72750978155123,5.5036378343662165],[95.72600844343498,5.500474154309582],[95.72890931191527,5.491976376667891],[95.73302856661513,5.4880354503391535],[95.74400903878613,5.480349373795719],[95.75409977478482,5.478525815786754],[95.75657285555292,5.474972626761858],[95.75307028756377,5.46051235745053],[95.7474340285576,5.457548105654708],[95.74367364742096,5.450475276813842],[95.71731165930566,5.442758632314126],[95.70613679327846,5.447199824516882],[95.6961604753257,5.4586578591658705],[95.68174705798039,5.462221237509515]]]}},{"type":"Feature","properties":{"code":"1106142012","desa":"Teuladan","kecamatan":"Lembah Seulawah","kecCode":"110614","kabCode":"1106","province":"Aceh"},"geometry":{"type":"Polygon","coordinates":[[[95.63156183730898,5.377432173930847],[95.63275065741696,5.395187791240793],[95.64111068770812,5.397038035732068],[95.64318535442061,5.399638497371455],[95.63965395236806,5.415211464574372],[95.64139988539648,5.422497654872413],[95.64597875661438,5.4245437627120054],[95.6474981207417,5.4324552435341555],[95.65236935795956,5.4367017720843185],[95.6545977745677,5.413773248075323],[95.65179149857886,5.406908444114718],[95.65201556556593,5.3952370785854376],[95.65513373543358,5.3773112331022235],[95.65033180806654,5.375360387748963],[95.6515376604347,5.371350790987556],[95.64879838393828,5.366025460893028],[95.64068221291387,5.367296762321151],[95.64061546792952,5.37579531697714],[95.63156183730898,5.377432173930847]]]}},{"type":"Feature","properties":{"code":"1106152001","desa":"Teureubeh","kecamatan":"Kota Jantho","kecCode":"110615","kabCode":"1106","province":"Aceh"},"geometry":{"type":"Polygon","coordinates":[[[95.57345292840995,5.3117360708048516],[95.58220979444648,5.306079683178383],[95.58684189743569,5.299850469677277],[95.58556320357904,5.296456223233451],[95.59038972380677,5.298946859664656],[95.59182687371127,5.295552611422094],[95.58928772155114,5.293131308223949],[95.59667974857159,5.287662309634133],[95.59221462900199,5.287849135695086],[95.5837775043284,5.277703425049428],[95.58039520177721,5.278505353214999],[95.57672302434815,5.270244615280712],[95.57707786804922,5.259155041866903],[95.56766614807434,5.252403552484052],[95.56183774891302,5.25103366467535],[95.56228124598276,5.247588733340377],[95.55744264426266,5.244591482720808],[95.55490333741913,5.235340450920517],[95.55009911588157,5.2311815487131845],[95.54830967635051,5.215576176239099],[95.55018231576133,5.210613650644116],[95.54879906042832,5.208624626372102],[95.55128472001387,5.207940709943152],[95.5454391977608,5.2058069047144],[95.53365851243046,5.217019556645332],[95.52317455416237,5.21421701014786],[95.51950196484385,5.216555071198148],[95.52298284658116,5.2239069218980525],[95.52096562766165,5.233168870568605],[95.52331890434401,5.240765847679683],[95.54071044822865,5.269470209966977],[95.55712474381191,5.276950163696186],[95.56455907404211,5.276360597841037],[95.56816467106279,5.278671585700467],[95.56766997468962,5.281671457843839],[95.57047896932902,5.284913435575602],[95.56922014959031,5.290237381613509],[95.5647102204004,5.295899638215623],[95.56567407509857,5.286605300461556],[95.56233902202831,5.282070997850211],[95.55753193974725,5.281436729394122],[95.55492405060447,5.284672797680766],[95.55446719320645,5.297236350034026],[95.55957543865566,5.297376277349658],[95.56257703120508,5.312059395965764],[95.56987232894488,5.311763669199721],[95.57049186740579,5.309722295391458],[95.57345292840995,5.3117360708048516]]]}},{"type":"Feature","properties":{"code":"1106152002","desa":"Barueh","kecamatan":"Kota Jantho","kecCode":"110615","kabCode":"1106","province":"Aceh"},"geometry":{"type":"Polygon","coordinates":[[[95.59505370596382,5.309353159664827],[95.59467674433635,5.314594661253513],[95.6030867697387,5.317916904377135],[95.60575857190064,5.31390325706924],[95.62077065803946,5.309547516648574],[95.62263132387652,5.296650267253165],[95.61587179544703,5.290982397982163],[95.61017784133433,5.296434345426016],[95.60092427343652,5.300393523495595],[95.59505370596382,5.309353159664827]]]}},{"type":"Feature","properties":{"code":"1106152003","desa":"Jantho","kecamatan":"Kota Jantho","kecCode":"110615","kabCode":"1106","province":"Aceh"},"geometry":{"type":"Polygon","coordinates":[[[95.64569167233286,5.311929635485882],[95.6581381005929,5.308110324477326],[95.64989717831217,5.302158056300749],[95.64781009376088,5.296707673677257],[95.63931361832886,5.292553211422862],[95.62904243336168,5.2825140848286125],[95.6257867166837,5.272358546391577],[95.61961127004413,5.270829714203308],[95.61712427766331,5.266202222042981],[95.61519959358644,5.268576269464896],[95.61144618489357,5.263348812588589],[95.61499768859248,5.256456636862273],[95.61836257757096,5.254848151720431],[95.62298746709797,5.244311417648134],[95.61808120758171,5.239597202064326],[95.61818272755092,5.234854440200197],[95.61252525083972,5.228143264726663],[95.60975843170633,5.21861108237203],[95.6119082718493,5.203620024196563],[95.61753478130514,5.1896543199569285],[95.59770922859809,5.1918515921410435],[95.58776872614584,5.208595895730706],[95.57974441996907,5.209511879515374],[95.58341765859812,5.2216603236983925],[95.59208054907815,5.237293377305012],[95.59166868656068,5.244751446032297],[95.59922422291957,5.252258358738497],[95.60820858056161,5.2565880260144136],[95.60572887268937,5.266526566135866],[95.60899880764889,5.268707475155375],[95.60597308988628,5.271283358323243],[95.6087882952437,5.272423464852732],[95.6069837300152,5.275018629485233],[95.6122800030198,5.274722765122943],[95.6095896073745,5.279673745221505],[95.6259744096913,5.283400735426215],[95.63360943172994,5.301182428578748],[95.63820316244606,5.306634419190043],[95.64451110530331,5.307204276402588],[95.64569167233286,5.311929635485882]]]}},{"type":"Feature","properties":{"code":"1106152004","desa":"Awek","kecamatan":"Kota Jantho","kecCode":"110615","kabCode":"1106","province":"Aceh"},"geometry":{"type":"Polygon","coordinates":[[[95.61625153508032,5.188440990626448],[95.61751953779651,5.190111946274854],[95.6119082718493,5.203620024196563],[95.6098248664245,5.219234151570731],[95.61252525083972,5.228143264726663],[95.61818272755092,5.234854440200197],[95.61808120758171,5.239597202064326],[95.62298746709797,5.244311417648134],[95.6117339265795,5.264481994338373],[95.61519959358644,5.268576269464896],[95.61712427766331,5.266202222042981],[95.61961127004413,5.270829714203308],[95.6257867166837,5.272358546391577],[95.62904243336168,5.2825140848286125],[95.63931361832886,5.292553211422862],[95.64781009376088,5.296707673677257],[95.64967924020482,5.301308422697911],[95.65070952692321,5.296936953134685],[95.64131885378214,5.28984241735768],[95.64236157272846,5.2856451446759625],[95.64602055440513,5.283567172057753],[95.63786748059982,5.283298559851334],[95.63840966837154,5.273519305851913],[95.63396785383344,5.270254392709992],[95.63203935842971,5.261356847533469],[95.63334144365274,5.254880860063204],[95.64818832702974,5.249972139107492],[95.65226346458729,5.242011095748112],[95.65365089367383,5.243691681336998],[95.65494146577606,5.236311677360501],[95.65919447844249,5.230871842885257],[95.66087194428484,5.222370759335727],[95.6589210737486,5.218024467192496],[95.66121519842272,5.216855657900577],[95.66089716757027,5.212741885472086],[95.66423694927585,5.210965974444477],[95.66322004986544,5.2040576657799695],[95.66001877094958,5.196771594192468],[95.65198657232251,5.193382431616138],[95.6499004464485,5.190218672419202],[95.64966196242965,5.178734234574427],[95.6423559240867,5.171218709960354],[95.63990042506462,5.15581792515769],[95.63384705599691,5.15699274551813],[95.62217654391242,5.164761353744913],[95.62144312699877,5.174462040272462],[95.61625153508032,5.188440990626448]]]}},{"type":"Feature","properties":{"code":"1106152005","desa":"Data Cut","kecamatan":"Kota Jantho","kecCode":"110615","kabCode":"1106","province":"Aceh"},"geometry":{"type":"Polygon","coordinates":[[[95.6581381005929,5.308110324477326],[95.66249488243295,5.303417221377859],[95.67838615929388,5.296347365695776],[95.67813909664203,5.289490160107188],[95.67286428865606,5.288351301836626],[95.6672971740254,5.2812911498394035],[95.66049106790854,5.284616337343451],[95.65524469378765,5.280287839186174],[95.63840966837154,5.273519305851913],[95.63786748059982,5.283298559851334],[95.64602055440513,5.283567172057753],[95.64236157272846,5.2856451446759625],[95.64141612355529,5.29012999266875],[95.65064894499288,5.296859811987622],[95.64982347077658,5.302065166226093],[95.6581381005929,5.308110324477326]]]}},{"type":"Feature","properties":{"code":"1106152006","desa":"Bueng","kecamatan":"Kota Jantho","kecCode":"110615","kabCode":"1106","province":"Aceh"},"geometry":{"type":"Polygon","coordinates":[[[95.63384705599691,5.15699274551813],[95.63990042506462,5.15581792515769],[95.64157492044625,5.158369181290669],[95.6423559240867,5.171218709960354],[95.64966196242965,5.178734234574427],[95.6499004464485,5.190218672419202],[95.65198657232251,5.193382431616138],[95.66014344306552,5.196913882228459],[95.66427366140037,5.210450846374277],[95.6589210737486,5.218024467192496],[95.66087194428484,5.222370759335727],[95.65919447844249,5.230871842885257],[95.65494146577606,5.236311677360501],[95.65365089367383,5.243691681336998],[95.65226346458729,5.242011095748112],[95.64818832702974,5.249972139107492],[95.64049696965947,5.25119838270255],[95.63298632565845,5.2555798617201175],[95.63189711356102,5.263620571522855],[95.63402392926099,5.270344128862299],[95.64794095141383,5.277704504235863],[95.64999107203039,5.273441551367208],[95.65837121206187,5.268794810117817],[95.65791426293293,5.2647949503162055],[95.6643040998544,5.264624645700476],[95.67039809759422,5.256428303721235],[95.67365184295822,5.256153019444573],[95.67593589702409,5.251769707608629],[95.67355082930737,5.246174662738894],[95.67686513142074,5.231764831904575],[95.67468342380101,5.228880287921024],[95.68254316123794,5.220618066105314],[95.6822326064497,5.208840024793723],[95.68819333095752,5.205931966236653],[95.68776610442222,5.198635569532758],[95.69565670389382,5.19592515678018],[95.69581965385402,5.189139859183682],[95.69862338656009,5.186867232805399],[95.70213263471338,5.187905974948567],[95.7072678508307,5.178111195952713],[95.71581602558915,5.174561811959467],[95.7173702105668,5.171230308516726],[95.71571627008984,5.168466449954337],[95.71917662660006,5.16234697172926],[95.72153241958556,5.160666143323448],[95.7253522504061,5.162088586613094],[95.72637354480332,5.159878892093596],[95.72362549362167,5.15789193716163],[95.73500644199379,5.1521037125206535],[95.73448077566735,5.14882758843016],[95.73861260738596,5.148595401464504],[95.74200814256182,5.142609700990934],[95.75916543823445,5.132602325860933],[95.75997722656778,5.126231864839432],[95.76332218926767,5.126482916883669],[95.7616679664036,5.121866888381464],[95.76507284283747,5.120727527389873],[95.76565265194841,5.116715940428785],[95.77224094766166,5.10906791330187],[95.78554815842085,5.10629324129124],[95.8006026412989,5.098631708145804],[95.8166882409696,5.097495743893642],[95.82638569714224,5.099492126418611],[95.82453055584051,5.093549994500841],[95.82073311723961,5.085472512319037],[95.79901911863749,5.079348013179036],[95.79249148759213,5.081045826180941],[95.77389517502235,5.071807836349054],[95.77013109407477,5.072155620371652],[95.76357583855417,5.065049583165123],[95.746557321763,5.064798428598245],[95.73355331023714,5.05295884488057],[95.71951781589455,5.054873403488617],[95.70546211918152,5.05198023860391],[95.69590239687818,5.058514515632472],[95.67471777430593,5.060373613949307],[95.65144535671787,5.06595188826146],[95.63902994877316,5.07367829490193],[95.63010413429838,5.091680841763559],[95.64012613241516,5.105144816032733],[95.64064703323406,5.108940608870434],[95.63179435972198,5.1267819936243395],[95.63543516969736,5.135516011476011],[95.64359448839497,5.144535334749969],[95.63384705599691,5.15699274551813]]]}},{"type":"Feature","properties":{"code":"1106152007","desa":"Weu","kecamatan":"Kota Jantho","kecCode":"110615","kabCode":"1106","province":"Aceh"},"geometry":{"type":"Polygon","coordinates":[[[95.62145860163321,5.308617581680982],[95.62336301768919,5.3114173420788],[95.6353326820577,5.313191846566795],[95.64615796991443,5.310498488557454],[95.6442426495787,5.306996387320039],[95.63820316244606,5.306634419190043],[95.63360943172994,5.301182428578748],[95.62661249577012,5.2840559392001305],[95.61791816229338,5.286313533410451],[95.61603548105268,5.289416118023871],[95.61746769907512,5.294233471457079],[95.62190099793274,5.2957685575308755],[95.62346898840315,5.299185519050989],[95.62145860163321,5.308617581680982]]]}},{"type":"Feature","properties":{"code":"1106152008","desa":"Jalin","kecamatan":"Kota Jantho","kecCode":"110615","kabCode":"1106","province":"Aceh"},"geometry":{"type":"Polygon","coordinates":[[[95.64794095141383,5.277704504235863],[95.66123000755886,5.28453170754167],[95.66875898244113,5.278421718962801],[95.66793001256008,5.27398190542076],[95.6723866524221,5.272362971056035],[95.66768775678463,5.2689495249858345],[95.66806270842733,5.266390451046317],[95.67719342533638,5.269299634655339],[95.67689040776615,5.264481624717015],[95.68018431955078,5.261491365427011],[95.68338861569214,5.264338080328074],[95.6856022393519,5.263443225215515],[95.68802918939565,5.254636951334083],[95.6833638285779,5.25337101346262],[95.68363246056964,5.256422601120158],[95.6825097370348,5.254852754450675],[95.68487922039974,5.246285725414171],[95.68271827093149,5.239491940915586],[95.68460818362081,5.237458657408449],[95.68724404077993,5.239215662888068],[95.68898700604558,5.230111767368962],[95.69245506255118,5.229338547361616],[95.69193519055665,5.2212319415346915],[95.68878509835366,5.2244589950171205],[95.68649700543251,5.220119701398037],[95.6816813652029,5.220869094767074],[95.67495122571853,5.228023505607249],[95.67686513142074,5.231764831904575],[95.67355082930737,5.246174662738894],[95.67593910580513,5.2516187393162825],[95.67471155459464,5.2542368015873775],[95.67039809759422,5.256428303721235],[95.66439271275357,5.26456953164826],[95.65791426293293,5.2647949503162055],[95.65837121206187,5.268794810117817],[95.64999107203039,5.273441551367208],[95.64794095141383,5.277704504235863]]]}},{"type":"Feature","properties":{"code":"1106152009","desa":"Suka Tani","kecamatan":"Kota Jantho","kecCode":"110615","kabCode":"1106","province":"Aceh"},"geometry":{"type":"Polygon","coordinates":[[[95.69799444838513,5.296251327094601],[95.71350299087037,5.285659637250765],[95.71583273859004,5.275647559565671],[95.70990721894304,5.270176278496485],[95.708201599824,5.263624189495458],[95.70081857141997,5.262091438061621],[95.69736934042277,5.257791978113875],[95.69685378787204,5.253645313880918],[95.70187863289266,5.247493717268358],[95.7176601214175,5.240299997061628],[95.72173828069714,5.240708804581636],[95.72640784134886,5.236086488919062],[95.73967809536788,5.235287098640208],[95.75078227288365,5.230874462610346],[95.76352284240534,5.245632352659946],[95.76963472496264,5.247243709337076],[95.77578142837028,5.2457877393215595],[95.77853996115033,5.248628602334026],[95.78200714081697,5.244591162562107],[95.7892132932589,5.217051839608781],[95.82827180569933,5.17154810104848],[95.83260833300822,5.164677772552664],[95.83991963508316,5.141485588004697],[95.8400097516488,5.133638235139652],[95.831191848625,5.116397297138411],[95.82638569714224,5.099492126418611],[95.8166882409696,5.097495743893642],[95.8006026412989,5.098631708145804],[95.78554815842085,5.10629324129124],[95.77224094766166,5.10906791330187],[95.76565265194841,5.116715940428785],[95.76507284283747,5.120727527389873],[95.7616679664036,5.121866888381464],[95.76332218926767,5.126482916883669],[95.75997722656778,5.126231864839432],[95.75916543823445,5.132602325860933],[95.74200814256182,5.142609700990934],[95.73861260738596,5.148595401464504],[95.73448077566735,5.14882758843016],[95.73500644199379,5.1521037125206535],[95.72362549362167,5.15789193716163],[95.72628559560381,5.160943799112379],[95.71894903966647,5.162614677419029],[95.71571627008984,5.168466449954337],[95.7173702105668,5.171230308516726],[95.71581602558915,5.174561811959467],[95.7072678508307,5.178111195952713],[95.70213263471338,5.187905974948567],[95.69862338656009,5.186867232805399],[95.69581965385402,5.189139859183682],[95.69521592997127,5.196430390509206],[95.68741817291038,5.199077580922043],[95.68819333095752,5.205931966236653],[95.68171156173922,5.21015899928349],[95.68202024593766,5.218821672118724],[95.68347380127494,5.221838879593797],[95.68710558655363,5.2205389482483975],[95.68839502461076,5.22437047834548],[95.69116685296797,5.220995467500877],[95.69277023805608,5.223451363121478],[95.69245506255118,5.229338547361616],[95.68908802059569,5.229979393459141],[95.68704922064505,5.234437949771929],[95.6872918874107,5.239146387211577],[95.68460818362081,5.237458657408449],[95.68271827093149,5.239491940915586],[95.68487922039974,5.246285725414171],[95.68220675543743,5.253835875725726],[95.68363246056964,5.256422601120158],[95.6833638285779,5.25337101346262],[95.68788631859877,5.254153071107654],[95.68572409838849,5.257570197203664],[95.68668258143606,5.261400691281852],[95.68404499667929,5.264472447135542],[95.68009787221911,5.2615543701308525],[95.67689040776615,5.264481624717015],[95.67719342533638,5.269299634655339],[95.66788760592834,5.266543258452315],[95.66781161141675,5.269120096700217],[95.67249102324217,5.271912724574809],[95.66773558542899,5.274234888309331],[95.66882776169189,5.278228397098651],[95.6663508498119,5.281422204443763],[95.67286428865606,5.288351301836626],[95.6780752016093,5.289400213513541],[95.67838615929388,5.296347365695776],[95.68912199608332,5.294463902946061],[95.69799444838513,5.296251327094601]]]}},{"type":"Feature","properties":{"code":"1106152010","desa":"Cucum","kecamatan":"Kota Jantho","kecCode":"110615","kabCode":"1106","province":"Aceh"},"geometry":{"type":"Polygon","coordinates":[[[95.53751289340538,5.335819349500705],[95.54392921356242,5.328991968129127],[95.55650084004179,5.322116628610759],[95.56244949294978,5.314207301664918],[95.55957543865566,5.297376277349658],[95.55446719320645,5.297236350034026],[95.555552227953,5.283207049336662],[95.55998621029546,5.281191551721538],[95.56470325335253,5.285131937557714],[95.56569691787853,5.286788042701117],[95.56409791968332,5.291550772212653],[95.56437203394226,5.295468314369509],[95.5647102204004,5.295899638215623],[95.57047758527237,5.2851515850464175],[95.56816467106279,5.278671585700467],[95.56474079465204,5.276420602406565],[95.557341296064,5.277014475114993],[95.54079647827488,5.2695351572063815],[95.545303679821,5.27972452454149],[95.54378485798486,5.295001878292827],[95.54750399891049,5.303945217847208],[95.55263446570807,5.307979321134371],[95.54051877302298,5.313102286681556],[95.53165388491891,5.3210658076731665],[95.53408917257728,5.332244828556942],[95.53751289340538,5.335819349500705]]]}},{"type":"Feature","properties":{"code":"1106152011","desa":"Jantho Baru","kecamatan":"Kota Jantho","kecCode":"110615","kabCode":"1106","province":"Aceh"},"geometry":{"type":"Polygon","coordinates":[[[95.56401609486693,5.210281517523025],[95.54879906042832,5.208624626372102],[95.55018231576133,5.210613650644116],[95.54830967635051,5.215576176239099],[95.55014253604922,5.231356546890639],[95.55490333741913,5.235340450920517],[95.55762164981934,5.244886547585819],[95.56234123076325,5.247684940114763],[95.56175656531332,5.250965881873508],[95.56766614807434,5.252403552484052],[95.57707786804922,5.259155041866903],[95.57672302434815,5.270244615280712],[95.57934456879688,5.277217979103316],[95.58548719557767,5.2788993956657],[95.58501657135774,5.281282041505731],[95.58796575591496,5.281826307610167],[95.59247911242117,5.28794970418143],[95.59859995492404,5.286762153018102],[95.59898583962483,5.28157022116123],[95.60224468324559,5.283924191218444],[95.60262000990558,5.279671049054026],[95.60710092157035,5.2795081620465805],[95.60765718283277,5.277378356102938],[95.6095896073745,5.279673745221505],[95.6122800030198,5.274722765122943],[95.6069837300152,5.275018629485233],[95.6087882952437,5.272423464852732],[95.60597308988628,5.271283358323243],[95.60899880764889,5.268707475155375],[95.60572887268937,5.266526566135866],[95.60820858056161,5.2565880260144136],[95.59288776256028,5.246886526499723],[95.59208054907815,5.237293377305012],[95.58341765859812,5.2216603236983925],[95.58004822984203,5.209238462231294],[95.56401609486693,5.210281517523025]]]}},{"type":"Feature","properties":{"code":"1106152012","desa":"Jantho Makmur","kecamatan":"Kota Jantho","kecCode":"110615","kabCode":"1106","province":"Aceh"},"geometry":{"type":"Polygon","coordinates":[[[95.57753241958555,5.308686974269366],[95.59505370596382,5.309353159664827],[95.60092427343652,5.300393523495595],[95.61136352370774,5.29528443448757],[95.60442067027776,5.293356509255933],[95.60098905160349,5.295448441150956],[95.59162061509937,5.294539910947375],[95.58966950624279,5.299278935229137],[95.58595066569073,5.296220834681303],[95.58672956132027,5.300079452358504],[95.57753241958555,5.308686974269366]]]}},{"type":"Feature","properties":{"code":"1106152013","desa":"Bukit Meusara","kecamatan":"Kota Jantho","kecCode":"110615","kabCode":"1106","province":"Aceh"},"geometry":{"type":"Polygon","coordinates":[[[95.59872811640953,5.2865373683722465],[95.58928130039175,5.2939087703333785],[95.61136352370774,5.29528443448757],[95.61764131229677,5.286481289347475],[95.62661249577012,5.2840559392001305],[95.60921900934989,5.27967516884835],[95.60761104401449,5.277379642133478],[95.60710092157035,5.2795081620465805],[95.60216327031871,5.280021753175346],[95.60212478832837,5.28399659383769],[95.59869280722732,5.281766983831479],[95.59872811640953,5.2865373683722465]]]}},{"type":"Feature","properties":{"code":"1106162001","desa":"Lampakuk","kecamatan":"Kota Cot Glie","kecCode":"110616","kabCode":"1106","province":"Aceh"},"geometry":{"type":"Polygon","coordinates":[[[95.52219850825462,5.385690840726502],[95.519447295956,5.380657962067221],[95.5140219828283,5.3756176109410045],[95.51262413329714,5.381389944561417],[95.5177101906728,5.385390508532251],[95.51821881304784,5.388489330382233],[95.52219850825462,5.385690840726502]]]}},{"type":"Feature","properties":{"code":"1106162002","desa":"Lampoh Raja","kecamatan":"Kota Cot Glie","kecCode":"110616","kabCode":"1106","province":"Aceh"},"geometry":{"type":"Polygon","coordinates":[[[95.53641946438682,5.381872819345772],[95.53407079493132,5.3743825737749855],[95.52977626955924,5.377828072582216],[95.52528503727473,5.378076726134509],[95.52219850825462,5.385690840726502],[95.52535971697739,5.392548190206662],[95.52879508042867,5.389867250935439],[95.52687648835933,5.385945154611704],[95.53641946438682,5.381872819345772]]]}},{"type":"Feature","properties":{"code":"1106162003","desa":"Lam Aling","kecamatan":"Kota Cot Glie","kecCode":"110616","kabCode":"1106","province":"Aceh"},"geometry":{"type":"Polygon","coordinates":[[[95.55561159130194,5.438171558384441],[95.54511365307268,5.4253017059357],[95.54225908169133,5.416630767431484],[95.53529323259664,5.409423441381507],[95.52535971697739,5.392548190206662],[95.52334757922745,5.394849540931055],[95.51654163408921,5.394496718007034],[95.52025033658384,5.407433376593888],[95.52521128657168,5.410040772006167],[95.52508028772513,5.416647857248274],[95.52772228455586,5.420499789365394],[95.53777691007637,5.421058290838422],[95.53670819172969,5.424710615729677],[95.53906543622092,5.428482820249487],[95.5469480344243,5.432121151689638],[95.5514012946341,5.439328329351456],[95.55561159130194,5.438171558384441]]]}},{"type":"Feature","properties":{"code":"1106162004","desa":"Lamleupung","kecamatan":"Kota Cot Glie","kecCode":"110616","kabCode":"1106","province":"Aceh"},"geometry":{"type":"Polygon","coordinates":[[[95.50184831175022,5.402820783501821],[95.50040301039068,5.398496926745631],[95.50515638695776,5.396903929728027],[95.5010442575865,5.3924617653581315],[95.50119157643017,5.384824375412299],[95.49818018486769,5.381644386150414],[95.49525597987963,5.387120188111517],[95.49458893383229,5.401087798914005],[95.49160134732436,5.403698225041605],[95.49738358158707,5.4047097402098645],[95.4993156499973,5.401207886286045],[95.50184831175022,5.402820783501821]]]}},{"type":"Feature","properties":{"code":"1106162005","desa":"Lamkleng","kecamatan":"Kota Cot Glie","kecCode":"110616","kabCode":"1106","province":"Aceh"},"geometry":{"type":"Polygon","coordinates":[[[95.56412498657892,5.4083921447255365],[95.56427437206467,5.399961518561616],[95.55563483697819,5.396374047380358],[95.54869667800932,5.389071291570214],[95.54301262543235,5.39085011010612],[95.53835422986388,5.384836892176495],[95.53542844386764,5.385058620026709],[95.53643906601012,5.381879794487554],[95.5318660592713,5.383146434729547],[95.53510049079505,5.388496174222974],[95.53262555382632,5.39732238157768],[95.536143931897,5.3945493643195235],[95.53763418676834,5.397941343572518],[95.5466064674146,5.398330808474017],[95.54787585328808,5.4017397129679505],[95.5527070886613,5.400553350708341],[95.5553294362046,5.405499653433001],[95.56412498657892,5.4083921447255365]]]}},{"type":"Feature","properties":{"code":"1106162006","desa":"Ie Alang Lamkreumeuh","kecamatan":"Kota Cot Glie","kecCode":"110616","kabCode":"1106","province":"Aceh"},"geometry":{"type":"Polygon","coordinates":[[[95.48859457467994,5.407066791344517],[95.49245798844548,5.421988619709119],[95.5058053629272,5.424891203193587],[95.49327288843311,5.4067827530670485],[95.48740302243156,5.402009306334669],[95.4849396930125,5.40480464386664],[95.48859457467994,5.407066791344517]]]}},{"type":"Feature","properties":{"code":"1106162007","desa":"Ie Alang Lamghui","kecamatan":"Kota Cot Glie","kecCode":"110616","kabCode":"1106","province":"Aceh"},"geometry":{"type":"Polygon","coordinates":[[[95.50624740579319,5.410592542953091],[95.4990978072181,5.40129713860308],[95.49764241456586,5.407230528211351],[95.50624740579319,5.410592542953091]]]}},{"type":"Feature","properties":{"code":"1106162008","desa":"Ie Alang Mesjid","kecamatan":"Kota Cot Glie","kecCode":"110616","kabCode":"1106","province":"Aceh"},"geometry":{"type":"Polygon","coordinates":[[[95.53886449799825,5.45986714514443],[95.55939648166236,5.471877700774973],[95.56543531498782,5.465005257972919],[95.56437192422499,5.450164928869955],[95.55832486659938,5.4508733554218995],[95.54922321757749,5.445475427555268],[95.54195053059253,5.4466082351871],[95.53791861355324,5.433615646862939],[95.51357715656057,5.4249890890022625],[95.50845110543423,5.417324186996434],[95.50782060064027,5.41039459407706],[95.49752162302457,5.410006586077279],[95.49395838766952,5.404364171217444],[95.4897585860899,5.4028728533489225],[95.50033964955526,5.419532650344066],[95.50987445344332,5.426784422688154],[95.50862013121412,5.4349832351051734],[95.51548281458031,5.434510516364671],[95.51783729185757,5.437318556820504],[95.52110481303673,5.435323709438274],[95.52837973123968,5.438292233013771],[95.53496417605594,5.445909363032575],[95.53530101622897,5.458907747487359],[95.53882642699806,5.4574610350929245],[95.53886449799825,5.45986714514443]]]}},{"type":"Feature","properties":{"code":"1106162009","desa":"Ie Alang Dayah","kecamatan":"Kota Cot Glie","kecCode":"110616","kabCode":"1106","province":"Aceh"},"geometry":{"type":"Polygon","coordinates":[[[95.4973540370592,5.404710411104129],[95.49395838766952,5.404364171217444],[95.49690236155482,5.409626154865756],[95.50428308229846,5.4109326521614225],[95.49789526255636,5.407561428361919],[95.4973540370592,5.404710411104129]]]}},{"type":"Feature","properties":{"code":"1106162010","desa":"Lamtui","kecamatan":"Kota Cot Glie","kecCode":"110616","kabCode":"1106","province":"Aceh"},"geometry":{"type":"Polygon","coordinates":[[[95.50119157643017,5.384824375412299],[95.5009402779715,5.392232806059368],[95.50518070192788,5.397079181514306],[95.507465295587,5.396435693208601],[95.50850418342138,5.402479237176839],[95.51349518875202,5.400736467965201],[95.51346888358215,5.3958487156022485],[95.5057068970557,5.383374632302605],[95.50119157643017,5.384824375412299]]]}},{"type":"Feature","properties":{"code":"1106162011","desa":"Barih Lhok","kecamatan":"Kota Cot Glie","kecCode":"110616","kabCode":"1106","province":"Aceh"},"geometry":{"type":"Polygon","coordinates":[[[95.53117229706392,5.384168067270829],[95.52668698321776,5.386620310744608],[95.5281716497019,5.391763118933441],[95.53099235980959,5.391995737573667],[95.53227395577852,5.395369447998607],[95.53510049079505,5.388496174222974],[95.53117229706392,5.384168067270829]]]}},{"type":"Feature","properties":{"code":"1106162012","desa":"Bueng Simek","kecamatan":"Kota Cot Glie","kecCode":"110616","kabCode":"1106","province":"Aceh"},"geometry":{"type":"Polygon","coordinates":[[[95.5363325098375,5.334442823796041],[95.53230398144363,5.323488613638483],[95.53056991137235,5.326740922781887],[95.52862379555177,5.325348348675327],[95.52752526377998,5.326906420521253],[95.53073445133388,5.330827321645993],[95.51979083427966,5.33394434217688],[95.51788449457382,5.344961895183354],[95.50892943234749,5.345377079796032],[95.50850039277896,5.351691200090062],[95.5029441536498,5.349182184214216],[95.5015337064155,5.356235305311731],[95.49462393994293,5.358609578463542],[95.49704493197811,5.365347479090299],[95.49569560806594,5.371537442580049],[95.50055982607518,5.372151683134152],[95.50221746096712,5.38205078708466],[95.5113467155785,5.366524915578598],[95.52660665757122,5.361871601184334],[95.52378373243333,5.356433162456935],[95.53298143624437,5.345106908165217],[95.53499015387257,5.340176443401071],[95.53375129908322,5.336313233785539],[95.5363325098375,5.334442823796041]]]}},{"type":"Feature","properties":{"code":"1106162013","desa":"Banda Safa","kecamatan":"Kota Cot Glie","kecCode":"110616","kabCode":"1106","province":"Aceh"},"geometry":{"type":"Polygon","coordinates":[[[95.52219850825462,5.385690840726502],[95.51827657470419,5.388552434910871],[95.51064111109844,5.378093706234039],[95.50462887342381,5.3830867782017044],[95.51346888358215,5.3958487156022485],[95.51838621555144,5.393549165320553],[95.52419625505318,5.39438885871687],[95.52535971697739,5.392548190206662],[95.52219850825462,5.385690840726502]]]}},{"type":"Feature","properties":{"code":"1106162014","desa":"Bithak","kecamatan":"Kota Cot Glie","kecCode":"110616","kabCode":"1106","province":"Aceh"},"geometry":{"type":"Polygon","coordinates":[[[95.53412850622561,5.353551218413376],[95.53881504158096,5.350908576771442],[95.54111457567716,5.34277962189231],[95.5363325098375,5.334442823796041],[95.53375129908322,5.336313233785539],[95.53499015387257,5.340176443401071],[95.53298143624437,5.345106908165217],[95.52378373243333,5.356433162456935],[95.52664394256395,5.361812396116204],[95.521570500878,5.363693604265529],[95.52840862106109,5.374268975011556],[95.52795190125931,5.377746133552106],[95.53407079493132,5.3743825737749855],[95.53219250328146,5.373053239095295],[95.53217909079245,5.363290611761814],[95.53412850622561,5.353551218413376]]]}},{"type":"Feature","properties":{"code":"1106162015","desa":"Lambeugak","kecamatan":"Kota Cot Glie","kecCode":"110616","kabCode":"1106","province":"Aceh"},"geometry":{"type":"Polygon","coordinates":[[[95.5075652642256,5.396573453158132],[95.50040301039068,5.398496926745631],[95.50184831175022,5.402820783501821],[95.50453391490827,5.406704721591132],[95.51060815993866,5.407591889298884],[95.5075652642256,5.396573453158132]]]}},{"type":"Feature","properties":{"code":"1106162016","desa":"Pakuk","kecamatan":"Kota Cot Glie","kecCode":"110616","kabCode":"1106","province":"Aceh"},"geometry":{"type":"Polygon","coordinates":[[[95.5140219828283,5.3756176109410045],[95.52101120890022,5.380760758174275],[95.52287771043802,5.3734171254791985],[95.52587610499829,5.372001245441778],[95.52231404505721,5.365139377767701],[95.51887396286314,5.365002877768363],[95.51919035784879,5.3723355207480195],[95.5140219828283,5.3756176109410045]]]}},{"type":"Feature","properties":{"code":"1106162017","desa":"Lamsie","kecamatan":"Kota Cot Glie","kecCode":"110616","kabCode":"1106","province":"Aceh"},"geometry":{"type":"Polygon","coordinates":[[[95.55764005534434,5.446148280524375],[95.56844026200854,5.446012165434886],[95.56954098093159,5.427973871421038],[95.5652846452702,5.419888784571955],[95.56412498657892,5.4083921447255365],[95.5553294362046,5.405499653433001],[95.5527070886613,5.400553350708341],[95.54787585328808,5.4017397129679505],[95.5466064674146,5.398330808474017],[95.53763418676834,5.397941343572518],[95.536143931897,5.3945493643195235],[95.53275495277892,5.397408033009273],[95.53099235980959,5.391995737573667],[95.52694788643588,5.391314144992882],[95.52535971697739,5.392548190206662],[95.52746368090419,5.3975774239137735],[95.53151859990349,5.400259625833117],[95.53515855732161,5.409230928907194],[95.54225908169133,5.416630767431484],[95.54526911257955,5.425523954493407],[95.55264036166339,5.4325213140268565],[95.55764005534434,5.446148280524375]]]}},{"type":"Feature","properties":{"code":"1106162018","desa":"Sigapang","kecamatan":"Kota Cot Glie","kecCode":"110616","kabCode":"1106","province":"Aceh"},"geometry":{"type":"Polygon","coordinates":[[[95.51222846487184,5.379154493458556],[95.51919035784879,5.3723355207480195],[95.51886000538501,5.3649877125007],[95.50997043089073,5.3679643983231],[95.50110449957305,5.384677240929752],[95.51035348542506,5.378126754520606],[95.51222846487184,5.379154493458556]]]}},{"type":"Feature","properties":{"code":"1106162019","desa":"Tutui","kecamatan":"Kota Cot Glie","kecCode":"110616","kabCode":"1106","province":"Aceh"},"geometry":{"type":"Polygon","coordinates":[[[95.52539986631088,5.380679033182724],[95.52528503727473,5.378076726134509],[95.528719415069,5.375963788774473],[95.52587610499829,5.372001245441778],[95.52237942756858,5.375526088735118],[95.52539986631088,5.380679033182724]]]}},{"type":"Feature","properties":{"code":"1106162020","desa":"Pasar Lampaku","kecamatan":"Kota Cot Glie","kecCode":"110616","kabCode":"1106","province":"Aceh"},"geometry":{"type":"Polygon","coordinates":[[[95.52010526244794,5.381649520379971],[95.52219850825462,5.385690840726502],[95.52504680596536,5.379009649549249],[95.52265863828558,5.377684828566912],[95.52010526244794,5.381649520379971]]]}},{"type":"Feature","properties":{"code":"1106162021","desa":"Maheng","kecamatan":"Kota Cot Glie","kecCode":"110616","kabCode":"1106","province":"Aceh"},"geometry":{"type":"Polygon","coordinates":[[[95.50476552091213,5.406806150728709],[95.51288365155932,5.424413270183893],[95.52117754570725,5.428466262831292],[95.52340912972763,5.427597894551601],[95.5212489977431,5.426237093492881],[95.51800627357072,5.40760185648516],[95.50476552091213,5.406806150728709]]]}},{"type":"Feature","properties":{"code":"1106162022","desa":"Leupung Bruek","kecamatan":"Kota Cot Glie","kecCode":"110616","kabCode":"1106","province":"Aceh"},"geometry":{"type":"Polygon","coordinates":[[[95.56437192422499,5.450164928869955],[95.56631941690762,5.446829503483787],[95.55781043370462,5.446343223866114],[95.55561159130194,5.438171558384441],[95.5514012946341,5.439328329351456],[95.5469480344243,5.432121151689638],[95.53906543622092,5.428482820249487],[95.53670819172969,5.424710615729677],[95.53787853256829,5.421126921701022],[95.52772228455586,5.420499789365394],[95.52508028772513,5.416647857248274],[95.52521128657168,5.410040772006167],[95.52025033658384,5.407433376593888],[95.51654163408921,5.394496718007034],[95.51346888358215,5.3958487156022485],[95.51380305276871,5.4003738460281],[95.50923213335629,5.404366761264929],[95.51119663941341,5.406746464523252],[95.51807621924218,5.407702854847398],[95.52155119603094,5.426718425939912],[95.53791861355324,5.433615646862939],[95.54209939267287,5.446701894182209],[95.54922321757749,5.445475427555268],[95.55832486659938,5.4508733554218995],[95.56437192422499,5.450164928869955]]]}},{"type":"Feature","properties":{"code":"1106162023","desa":"Keumireu","kecamatan":"Kota Cot Glie","kecCode":"110616","kabCode":"1106","province":"Aceh"},"geometry":{"type":"Polygon","coordinates":[[[95.4943475557951,5.3999622883812854],[95.496079320904,5.392292572304505],[95.49510132256802,5.388183231735029],[95.48864383864229,5.392008159009749],[95.4943475557951,5.3999622883812854]]]}},{"type":"Feature","properties":{"code":"1106162024","desa":"Lamleuot","kecamatan":"Kota Cot Glie","kecCode":"110616","kabCode":"1106","province":"Aceh"},"geometry":{"type":"Polygon","coordinates":[[[95.48192253139979,5.38595705354173],[95.48690760839946,5.383648978586317],[95.48553095229168,5.382098125598448],[95.48066127539761,5.383284640742815],[95.48192253139979,5.38595705354173]]]}},{"type":"Feature","properties":{"code":"1106162025","desa":"Leupung Balue","kecamatan":"Kota Cot Glie","kecCode":"110616","kabCode":"1106","province":"Aceh"},"geometry":{"type":"Polygon","coordinates":[[[95.47690665261996,5.394621348754],[95.47617902104503,5.4004928587102725],[95.4813626764464,5.403739634325224],[95.4849396930125,5.40480464386664],[95.48758494808692,5.401995425298908],[95.49160134732436,5.403698225041605],[95.49458893383229,5.401087798914005],[95.48901093740488,5.3929582792606405],[95.48659048406364,5.395330040605945],[95.4830628402779,5.393115625544958],[95.48089683482111,5.395353058753695],[95.47690665261996,5.394621348754]]]}},{"type":"Feature","properties":{"code":"1106162026","desa":"Bak Sukon","kecamatan":"Kota Cot Glie","kecCode":"110616","kabCode":"1106","province":"Aceh"},"geometry":{"type":"Polygon","coordinates":[[[95.38753098176943,5.298752795859824],[95.39219206361291,5.307528199612774],[95.40851516524275,5.311149739811044],[95.40849137098007,5.316051428967672],[95.41677189580639,5.319287496354994],[95.41796162602826,5.324569899110294],[95.42453655242001,5.330964938603311],[95.42698055540836,5.339216017818877],[95.44071450796821,5.34661316737018],[95.4434556469606,5.351298326758003],[95.4491140050074,5.354291686910421],[95.4495998115821,5.358965741469628],[95.4532165925717,5.3588972131298265],[95.45001859708064,5.364122511633225],[95.45152241642643,5.368338915592853],[95.44741189774095,5.369583373157277],[95.44860174667332,5.3715528524632745],[95.44618754541891,5.375113120951245],[95.44976137658631,5.379032807091913],[95.4517822539479,5.377540885778327],[95.45601091297334,5.379714641590294],[95.45920270943752,5.384779612556816],[95.46254470887128,5.384857420101523],[95.4643364425728,5.387023919283875],[95.4625209146086,5.393425859274928],[95.48216628994236,5.394522604092769],[95.48169250280682,5.390808430126563],[95.48486833540538,5.38896644860624],[95.48511546370776,5.385088780590161],[95.48192253139979,5.38595705354173],[95.48061470040818,5.383442699290235],[95.48553095229168,5.382098125598448],[95.4809929462675,5.376994631272819],[95.47893877960104,5.369869541928641],[95.48079852723032,5.342165598974145],[95.47603128041929,5.335916221773488],[95.47605555941658,5.325852040966364],[95.47116900134841,5.313428947428039],[95.47356245794111,5.3065337994423665],[95.4724678490121,5.292974238031477],[95.46550522128898,5.276076448047662],[95.47180334804612,5.2573916287177065],[95.46325783258294,5.248011308581606],[95.45681096965058,5.246365245268077],[95.4538123916286,5.240928546728827],[95.45531459759063,5.227171548156183],[95.45175921961238,5.219253267560101],[95.43720209420133,5.224148458215652],[95.42861116207551,5.222652711186052],[95.42092372844733,5.2250291975693655],[95.40148065740648,5.2125276984371816],[95.39936591330631,5.218407527122351],[95.39411302539588,5.220631908470195],[95.390095278974,5.2333828228803965],[95.37950692560418,5.2393510423321334],[95.37710624565675,5.247224494422239],[95.38102216903792,5.257973334498221],[95.37966877299556,5.264711538196462],[95.38043564558863,5.272561692449741],[95.38271253655437,5.274516284378652],[95.38175039236677,5.280101894460824],[95.38830604628707,5.286992877686068],[95.38639417485138,5.289954147329956],[95.38753098176943,5.298752795859824]]]}},{"type":"Feature","properties":{"code":"1106162027","desa":"Cot Bayu","kecamatan":"Kota Cot Glie","kecCode":"110616","kabCode":"1106","province":"Aceh"},"geometry":{"type":"Polygon","coordinates":[[[95.49510132256802,5.388183231735029],[95.49635275977211,5.3838264067320045],[95.48662158621727,5.382898931410198],[95.48486833540538,5.38896644860624],[95.48166472904404,5.391293278922826],[95.48675107780008,5.395307957753091],[95.49045377102476,5.389875857447417],[95.49510132256802,5.388183231735029]]]}},{"type":"Feature","properties":{"code":"1106162028","desa":"Glee Jai","kecamatan":"Kota Cot Glie","kecCode":"110616","kabCode":"1106","province":"Aceh"},"geometry":{"type":"Polygon","coordinates":[[[95.49635275977211,5.3838264067320045],[95.49818018486769,5.381644386150414],[95.49603604282919,5.375510005259617],[95.48075587688226,5.375025602527139],[95.48657238071087,5.382921779586073],[95.49635275977211,5.3838264067320045]]]}},{"type":"Feature","properties":{"code":"1106162029","desa":"Keuruweung Blang","kecamatan":"Kota Cot Glie","kecCode":"110616","kabCode":"1106","province":"Aceh"},"geometry":{"type":"Polygon","coordinates":[[[95.49603604282919,5.375510005259617],[95.49995344559511,5.384696896512378],[95.5022081466887,5.383677005957871],[95.49938110355515,5.371498064865003],[95.48075587688226,5.375025602527139],[95.49603604282919,5.375510005259617]]]}},{"type":"Feature","properties":{"code":"1106162030","desa":"Keuruweung Krueng","kecamatan":"Kota Cot Glie","kecCode":"110616","kabCode":"1106","province":"Aceh"},"geometry":{"type":"Polygon","coordinates":[[[95.49569560806594,5.371537442580049],[95.49704493197811,5.365347479090299],[95.49507117909172,5.3604696372562834],[95.48450583127912,5.360758843038229],[95.4805336067406,5.3568728455014],[95.4786666942126,5.3659218769798525],[95.48136927926889,5.373714955759505],[95.49569560806594,5.371537442580049]]]}},{"type":"Feature","properties":{"code":"1106162031","desa":"Siron Blang","kecamatan":"Kota Cot Glie","kecCode":"110616","kabCode":"1106","province":"Aceh"},"geometry":{"type":"Polygon","coordinates":[[[95.545303679821,5.27972452454149],[95.52331890434401,5.240765847679683],[95.52096562766165,5.233168870568605],[95.52298284658116,5.2239069218980525],[95.51950196484385,5.216555071198148],[95.49866385555252,5.220197024208213],[95.49138615394793,5.216718737917842],[95.49389068130994,5.230089469578186],[95.48765817178723,5.2408912158706915],[95.49540359460025,5.248387818749035],[95.49844504240485,5.260016683217677],[95.49581917041841,5.264597297317099],[95.49671542577637,5.27462736234238],[95.48911050224797,5.27615220333946],[95.48555721069674,5.284365445378612],[95.48881865965346,5.29483155569072],[95.48806259421342,5.301393917647444],[95.49246973898732,5.305597053009618],[95.49470649860609,5.314409785822012],[95.49131468842215,5.33347067734965],[95.49632652744735,5.3429608523715455],[95.49248529725871,5.347615473480678],[95.49093844355438,5.360716897758745],[95.5015337064155,5.356235305311731],[95.5029441536498,5.349182184214216],[95.50850039277896,5.351691200090062],[95.50892943234749,5.345377079796032],[95.51788449457382,5.344961895183354],[95.51979083427966,5.33394434217688],[95.53073445133388,5.330827321645993],[95.52748406223975,5.32648927178927],[95.53064149830657,5.326683097273703],[95.53185688798504,5.320811590914779],[95.5409604435697,5.312835009069108],[95.55248634826641,5.308559590697599],[95.54750399891049,5.303945217847208],[95.54378485798486,5.295001878292827],[95.545303679821,5.27972452454149]]]}},{"type":"Feature","properties":{"code":"1106162032","desa":"Siron Krueng","kecamatan":"Kota Cot Glie","kecCode":"110616","kabCode":"1106","province":"Aceh"},"geometry":{"type":"Polygon","coordinates":[[[95.45175921961238,5.219253267560101],[95.45531459759063,5.227171548156183],[95.4538123916286,5.240928546728827],[95.45681096965058,5.246365245268077],[95.46325783258294,5.248011308581606],[95.47176078763033,5.257199773647814],[95.46543024840729,5.2739417075239645],[95.47254096839104,5.293468816592967],[95.47356245794111,5.3065337994423665],[95.47122316841455,5.3138686736399965],[95.47605555941658,5.325852040966364],[95.47616426137164,5.336374959653465],[95.48074194008854,5.341798353622413],[95.4804875830356,5.356784789282677],[95.48435253733976,5.360710553940999],[95.49084618300498,5.360774302384217],[95.49248529725871,5.347615473480678],[95.49632652744735,5.3429608523715455],[95.49131468842215,5.33347067734965],[95.49470649860609,5.314409785822012],[95.49246973898732,5.305597053009618],[95.48806259421342,5.301393917647444],[95.48881865965346,5.29483155569072],[95.48555721069674,5.284365445378612],[95.48911050224797,5.27615220333946],[95.49671542577637,5.27462736234238],[95.49581917041841,5.264597297317099],[95.49844504240485,5.260016683217677],[95.49540359460025,5.248387818749035],[95.48765817178723,5.2408912158706915],[95.49389068130994,5.230089469578186],[95.49138615394793,5.216718737917842],[95.48447096186543,5.2113729950116054],[95.476857037922,5.2106269426239535],[95.46912446642102,5.213997925405138],[95.46307766060562,5.210323326105548],[95.45175921961238,5.219253267560101]]]}},{"type":"Feature","properties":{"code":"1106172001","desa":"Lambaro Samahani","kecamatan":"Kuta Malaka","kecCode":"110617","kabCode":"1106","province":"Aceh"},"geometry":{"type":"Polygon","coordinates":[[[95.4066788836236,5.448846689126348],[95.4083478247923,5.445836009829973],[95.40655912900064,5.439019315102181],[95.40359215405469,5.437235704978453],[95.40090123230607,5.442277281880632],[95.40317860081183,5.441971216508304],[95.4066788836236,5.448846689126348]]]}},{"type":"Feature","properties":{"code":"1106172002","desa":"Lam Ara Cut","kecamatan":"Kuta Malaka","kecCode":"110617","kabCode":"1106","province":"Aceh"},"geometry":{"type":"Polygon","coordinates":[[[95.40090123230607,5.442277281880632],[95.40538356579894,5.435424860685273],[95.40359344458189,5.430770485090982],[95.39970245940104,5.434900805944487],[95.40090123230607,5.442277281880632]]]}},{"type":"Feature","properties":{"code":"1106172003","desa":"Lam Ara Engkit","kecamatan":"Kuta Malaka","kecCode":"110617","kabCode":"1106","province":"Aceh"},"geometry":{"type":"Polygon","coordinates":[[[95.39970245940104,5.434900805944487],[95.40359344458189,5.430770485090982],[95.40039094438663,5.419478309708803],[95.39679906292645,5.423704518077352],[95.39970245940104,5.434900805944487]]]}},{"type":"Feature","properties":{"code":"1106172004","desa":"Lam Ara Tunong","kecamatan":"Kuta Malaka","kecCode":"110617","kabCode":"1106","province":"Aceh"},"geometry":{"type":"Polygon","coordinates":[[[95.40743446432913,5.4144916472094],[95.40257886991894,5.413509895104247],[95.40437021781139,5.41000372983046],[95.39548759057989,5.403515036738321],[95.39481512701656,5.397458920247871],[95.38722048543711,5.39296282353493],[95.3880615197234,5.41182887334415],[95.39035891073517,5.415336881328843],[95.38894064479494,5.418152501270865],[95.38556847220728,5.415489408146339],[95.38554943625752,5.418542257552719],[95.38978027793752,5.419300276319537],[95.39698385202318,5.428726593180992],[95.39716975987658,5.421178997843383],[95.40586280822208,5.418352121087306],[95.40743446432913,5.4144916472094]]]}},{"type":"Feature","properties":{"code":"1106172005","desa":"Leupung Riwat","kecamatan":"Kuta Malaka","kecCode":"110617","kabCode":"1106","province":"Aceh"},"geometry":{"type":"Polygon","coordinates":[[[95.39003146937688,5.447976979957469],[95.39348331560257,5.452766270945628],[95.39931848935686,5.4452669638059135],[95.39293800808262,5.441883395911966],[95.39277282960244,5.445781096326565],[95.39003146937688,5.447976979957469]]]}},{"type":"Feature","properties":{"code":"1106172006","desa":"Tumbo Baro","kecamatan":"Kuta Malaka","kecCode":"110617","kabCode":"1106","province":"Aceh"},"geometry":{"type":"Polygon","coordinates":[[[95.41160050356046,5.432611706684221],[95.40743446432913,5.4144916472094],[95.40586280822208,5.418352121087306],[95.40039094438663,5.419478309708803],[95.405247639567,5.434072495267331],[95.40359215405469,5.437235704978453],[95.40578781555529,5.4371226664926855],[95.4083478247923,5.445836009829973],[95.41184234744644,5.4439329211752865],[95.40904258164989,5.434794957538401],[95.41160050356046,5.432611706684221]]]}},{"type":"Feature","properties":{"code":"1106172007","desa":"Leupung Cut","kecamatan":"Kuta Malaka","kecCode":"110617","kabCode":"1106","province":"Aceh"},"geometry":{"type":"Polygon","coordinates":[[[95.39931848935686,5.4452669638059135],[95.39970245940104,5.434900805944487],[95.39236086726027,5.434490146720331],[95.39381997141459,5.441700988220181],[95.39931848935686,5.4452669638059135]]]}},{"type":"Feature","properties":{"code":"1106172008","desa":"Lamsiteh Cot","kecamatan":"Kuta Malaka","kecCode":"110617","kabCode":"1106","province":"Aceh"},"geometry":{"type":"Polygon","coordinates":[[[95.4086781646656,5.4545487856950645],[95.40144837084567,5.451810094660076],[95.3950440782217,5.456936834661944],[95.39721380687178,5.462037630122139],[95.4054224920544,5.464338341428625],[95.4106919805505,5.469120231895661],[95.41157976969066,5.463351543227435],[95.40404337270353,5.457234729693496],[95.4086781646656,5.4545487856950645]]]}},{"type":"Feature","properties":{"code":"1106172009","desa":"Reuleung Karieng","kecamatan":"Kuta Malaka","kecCode":"110617","kabCode":"1106","province":"Aceh"},"geometry":{"type":"Polygon","coordinates":[[[95.39348331560257,5.452766270945628],[95.3950440782217,5.456936834661944],[95.39744136142974,5.455785862523478],[95.39812635075054,5.447514925377788],[95.39348331560257,5.452766270945628]]]}},{"type":"Feature","properties":{"code":"1106172010","desa":"Leubok Buni","kecamatan":"Kuta Malaka","kecCode":"110617","kabCode":"1106","province":"Aceh"},"geometry":{"type":"Polygon","coordinates":[[[95.38722048543711,5.39296282353493],[95.37951188896257,5.392145775067685],[95.36631236122656,5.378386024569596],[95.36641890390933,5.384702103587038],[95.37366796300614,5.398131595151216],[95.37072033697403,5.404330978140091],[95.37240723400669,5.409673475393116],[95.37024753639473,5.416931259705068],[95.37866543895888,5.429362171049931],[95.37807588209637,5.433883822898149],[95.38692528297547,5.44050101652007],[95.3828005882766,5.421446469709418],[95.38585515898846,5.420688217118883],[95.38479943044939,5.416037637563007],[95.38894064479494,5.418152501270865],[95.39035891073517,5.415336881328843],[95.3880615197234,5.41182887334415],[95.38722048543711,5.39296282353493]]]}},{"type":"Feature","properties":{"code":"1106172011","desa":"Leubok Batee","kecamatan":"Kuta Malaka","kecCode":"110617","kabCode":"1106","province":"Aceh"},"geometry":{"type":"Polygon","coordinates":[[[95.38170592808615,5.445897455109368],[95.3869729794195,5.440128892346241],[95.37807588209637,5.433883822898149],[95.38198807508968,5.441833684986581],[95.38170592808615,5.445897455109368]]]}},{"type":"Feature","properties":{"code":"1106172012","desa":"Bunghu","kecamatan":"Kuta Malaka","kecCode":"110617","kabCode":"1106","province":"Aceh"},"geometry":{"type":"Polygon","coordinates":[[[95.38737899544434,5.444965936435641],[95.39018180274803,5.4433345545545695],[95.38756934055264,5.440148133341417],[95.38522939272235,5.442296799866956],[95.38737899544434,5.444965936435641]]]}},{"type":"Feature","properties":{"code":"1106172013","desa":"Teu Dayah","kecamatan":"Kuta Malaka","kecCode":"110617","kabCode":"1106","province":"Aceh"},"geometry":{"type":"Polygon","coordinates":[[[95.39939417360226,5.434975469459314],[95.39491049832088,5.4250933141320985],[95.38978027793752,5.419300276319537],[95.38554943625752,5.418542257552719],[95.38558104562883,5.421221217416108],[95.3828005882766,5.421446469709418],[95.38351711592223,5.425557512695522],[95.39018180274803,5.4433345545545695],[95.39399974858958,5.441280243998659],[95.39236086726027,5.434490146720331],[95.39939417360226,5.434975469459314]]]}},{"type":"Feature","properties":{"code":"1106172014","desa":"Leupung Rayeuk","kecamatan":"Kuta Malaka","kecCode":"110617","kabCode":"1106","province":"Aceh"},"geometry":{"type":"Polygon","coordinates":[[[95.38799622624492,5.4452522005352035],[95.39033639440913,5.44803422450362],[95.39339637814037,5.442396157865846],[95.39114518440277,5.442563250103181],[95.38799622624492,5.4452522005352035]]]}},{"type":"Feature","properties":{"code":"1106172015","desa":"Reuleung Glumpang","kecamatan":"Kuta Malaka","kecCode":"110617","kabCode":"1106","province":"Aceh"},"geometry":{"type":"Polygon","coordinates":[[[95.40779642526485,5.452647038828867],[95.40317860081183,5.441971216508304],[95.40090123230607,5.442277281880632],[95.3975854274256,5.452945777424502],[95.40779642526485,5.452647038828867]]]}},{"type":"Feature","properties":{"code":"1106182001","desa":"Ateuk Lam Phang","kecamatan":"Simpang Tiga","kecCode":"110618","kabCode":"1106","province":"Aceh"},"geometry":{"type":"Polygon","coordinates":[[[95.34949841591926,5.482017933650153],[95.34896428787164,5.475495212909789],[95.34759072183441,5.471269015333078],[95.34476819779417,5.472410716360636],[95.34711891680462,5.477700561905264],[95.34510052876645,5.479280051105668],[95.34654446855244,5.483045657299689],[95.34949841591926,5.482017933650153]]]}},{"type":"Feature","properties":{"code":"1106182002","desa":"Ateuk Lampuot","kecamatan":"Simpang Tiga","kecCode":"110618","kabCode":"1106","province":"Aceh"},"geometry":{"type":"Polygon","coordinates":[[[95.36023135239502,5.478943618325919],[95.35587100564243,5.476222447882955],[95.35214952737886,5.475856963403815],[95.35628696097449,5.478258352913898],[95.35626034643792,5.480934773991175],[95.36023135239502,5.478943618325919]]]}},{"type":"Feature","properties":{"code":"1106182003","desa":"Ateuk Mon Panah","kecamatan":"Simpang Tiga","kecCode":"110618","kabCode":"1106","province":"Aceh"},"geometry":{"type":"Polygon","coordinates":[[[95.35408861409832,5.488256035151069],[95.35880536037916,5.487580956359908],[95.3590163035596,5.483507699288844],[95.35328634868608,5.481273972186244],[95.34790331358708,5.483587171478653],[95.35471660258918,5.485226935940596],[95.35408861409832,5.488256035151069]]]}},{"type":"Feature","properties":{"code":"1106182004","desa":"Ateuk Lam Ura","kecamatan":"Simpang Tiga","kecCode":"110618","kabCode":"1106","province":"Aceh"},"geometry":{"type":"Polygon","coordinates":[[[95.3606778532004,5.482892407427235],[95.36023135239502,5.478943618325919],[95.35626034643792,5.480934773991175],[95.35628696097449,5.478258352913898],[95.3489042599237,5.4769513834741295],[95.34949841591926,5.482017933650153],[95.3606778532004,5.482892407427235]]]}},{"type":"Feature","properties":{"code":"1106182005","desa":"Ateuk Cut","kecamatan":"Simpang Tiga","kecCode":"110618","kabCode":"1106","province":"Aceh"},"geometry":{"type":"Polygon","coordinates":[[[95.34914034365197,5.493827106793111],[95.34529315455552,5.479864234518431],[95.34299819890781,5.4811966448795655],[95.3462536997485,5.488174901913393],[95.34565460557565,5.492643498257582],[95.34914034365197,5.493827106793111]]]}},{"type":"Feature","properties":{"code":"1106182006","desa":"Ateuk Blang Asan","kecamatan":"Simpang Tiga","kecCode":"110618","kabCode":"1106","province":"Aceh"},"geometry":{"type":"Polygon","coordinates":[[[95.34767230023651,5.483537190756665],[95.35281138883458,5.499051684939581],[95.35471660258918,5.485226935940596],[95.34767230023651,5.483537190756665]]]}},{"type":"Feature","properties":{"code":"1106182007","desa":"Lamjamee Dayah","kecamatan":"Simpang Tiga","kecCode":"110618","kabCode":"1106","province":"Aceh"},"geometry":{"type":"Polygon","coordinates":[[[95.3551568108382,5.476258516092871],[95.3584577067578,5.477885489497389],[95.35825626941134,5.472153963513991],[95.35505201284019,5.469474388514337],[95.3528471126042,5.470282691074638],[95.3551568108382,5.476258516092871]]]}},{"type":"Feature","properties":{"code":"1106182008","desa":"Lam Batee","kecamatan":"Simpang Tiga","kecCode":"110618","kabCode":"1106","province":"Aceh"},"geometry":{"type":"Polygon","coordinates":[[[95.32025275166319,5.416922913097176],[95.31820431997346,5.422524214550427],[95.32265255027505,5.422779585139053],[95.33136212096518,5.42991344557114],[95.32882261806941,5.435570491501307],[95.33464993624563,5.4389462631724586],[95.34067532200855,5.449402386513268],[95.34719065842222,5.4547420293181785],[95.35135151306196,5.4603644693361275],[95.3528471126042,5.470282691074638],[95.35505201284019,5.469474388514337],[95.34430405229024,5.439267891312735],[95.33225919290749,5.427611530971805],[95.3323071654434,5.423781067470573],[95.32025275166319,5.416922913097176]]]}},{"type":"Feature","properties":{"code":"1106182009","desa":"Nya","kecamatan":"Simpang Tiga","kecCode":"110618","kabCode":"1106","province":"Aceh"},"geometry":{"type":"Polygon","coordinates":[[[95.31820431997346,5.422524214550427],[95.3111174850839,5.43095153120925],[95.3112290360912,5.435054483894183],[95.31522898043318,5.436045866839187],[95.31974719507706,5.433055538301311],[95.32178052085442,5.436383409382392],[95.32068883472198,5.44078585069753],[95.32824477037991,5.444881968534988],[95.33403537823017,5.4436106949857885],[95.33955895757987,5.456673916962717],[95.34638286757534,5.459877195967609],[95.3474080470438,5.468240731807687],[95.35197633324121,5.4679176170880455],[95.35135151306196,5.4603644693361275],[95.34067532200855,5.449402386513268],[95.33464993624563,5.4389462631724586],[95.32882261806941,5.435570491501307],[95.33136212096518,5.42991344557114],[95.32265255027505,5.422779585139053],[95.31820431997346,5.422524214550427]]]}},{"type":"Feature","properties":{"code":"1106182010","desa":"Batee Linteung","kecamatan":"Simpang Tiga","kecCode":"110618","kabCode":"1106","province":"Aceh"},"geometry":{"type":"Polygon","coordinates":[[[95.34476819779417,5.472410716360636],[95.3484797817166,5.471112888529415],[95.3469523956366,5.461232872689324],[95.33963673184972,5.456772320780891],[95.33479084741975,5.447489887352748],[95.3352804176572,5.457453349486765],[95.34425280082615,5.465906140341822],[95.34476819779417,5.472410716360636]]]}},{"type":"Feature","properties":{"code":"1106182011","desa":"Krueng Mak","kecamatan":"Simpang Tiga","kecCode":"110618","kabCode":"1106","province":"Aceh"},"geometry":{"type":"Polygon","coordinates":[[[95.3469967735823,5.468542926497905],[95.3489042599237,5.4769513834741295],[95.3551568108382,5.476258516092871],[95.35197633324121,5.4679176170880455],[95.3469967735823,5.468542926497905]]]}},{"type":"Feature","properties":{"code":"1106182012","desa":"Lambunot","kecamatan":"Simpang Tiga","kecCode":"110618","kabCode":"1106","province":"Aceh"},"geometry":{"type":"Polygon","coordinates":[[[95.32341095575104,5.412142373411821],[95.32025275166319,5.416922913097176],[95.3323071654434,5.423781067470573],[95.33225919290749,5.427611530971805],[95.34430405229024,5.439267891312735],[95.35535272994456,5.4706890542373126],[95.35912413587022,5.472081132817462],[95.36064414571081,5.467391802373961],[95.35511889272276,5.4637182750662445],[95.354145131093,5.454093702659916],[95.34727253809722,5.438667356426596],[95.33135884923153,5.416911689558025],[95.32341095575104,5.412142373411821]]]}},{"type":"Feature","properties":{"code":"1106182013","desa":"Lamjamee Lamkrak","kecamatan":"Simpang Tiga","kecCode":"110618","kabCode":"1106","province":"Aceh"},"geometry":{"type":"Polygon","coordinates":[[[95.36023135239502,5.478943618325919],[95.3617173633657,5.474198968784716],[95.36139447167763,5.46908196214534],[95.35825626941134,5.472153963513991],[95.36023135239502,5.478943618325919]]]}},{"type":"Feature","properties":{"code":"1106182014","desa":"Blang Miro","kecamatan":"Simpang Tiga","kecCode":"110618","kabCode":"1106","province":"Aceh"},"geometry":{"type":"Polygon","coordinates":[[[95.3660795015678,5.465258263344529],[95.36097515378037,5.442366335447502],[95.35620034457031,5.435619353466689],[95.35141146456749,5.43306280392416],[95.34899071984592,5.424124938543004],[95.33237838725283,5.405858122300901],[95.32630270600514,5.406715030519748],[95.33554188744817,5.416901918424012],[95.33801498080679,5.424831181541021],[95.34799245079103,5.43165737940486],[95.35507695193985,5.4484873677011585],[95.35804766266955,5.450774115234226],[95.35836958488846,5.457017123436148],[95.36239093939042,5.458820404430979],[95.36281205323371,5.466944573118213],[95.3660795015678,5.465258263344529]]]}},{"type":"Feature","properties":{"code":"1106182015","desa":"Blang Preh","kecamatan":"Simpang Tiga","kecCode":"110618","kabCode":"1106","province":"Aceh"},"geometry":{"type":"Polygon","coordinates":[[[95.36526998941855,5.47023833291406],[95.36692392809687,5.46848382215377],[95.36604866021753,5.465081530374923],[95.36281205323371,5.466944573118213],[95.36526998941855,5.47023833291406]]]}},{"type":"Feature","properties":{"code":"1106182016","desa":"Bha Ulee Tutu","kecamatan":"Simpang Tiga","kecCode":"110618","kabCode":"1106","province":"Aceh"},"geometry":{"type":"Polygon","coordinates":[[[95.32630270600514,5.406715030519748],[95.32341095575104,5.412142373411821],[95.33135884923153,5.416911689558025],[95.34349430541789,5.432638979524602],[95.3519181489035,5.447828588222722],[95.35511889272276,5.4637182750662445],[95.36064414571081,5.467391802373961],[95.36239093939042,5.458820404430979],[95.35836958488846,5.457017123436148],[95.35804766266955,5.450774115234226],[95.35507695193985,5.4484873677011585],[95.34799245079103,5.43165737940486],[95.33801498080679,5.424831181541021],[95.33554188744817,5.416901918424012],[95.32630270600514,5.406715030519748]]]}},{"type":"Feature","properties":{"code":"1106182017","desa":"Lam Urit","kecamatan":"Simpang Tiga","kecCode":"110618","kabCode":"1106","province":"Aceh"},"geometry":{"type":"Polygon","coordinates":[[[95.36167680843799,5.47374515649162],[95.36526998941855,5.47023833291406],[95.36151520566226,5.466188210902604],[95.35922847431469,5.469197597873233],[95.36139447167763,5.46908196214534],[95.36167680843799,5.47374515649162]]]}},{"type":"Feature","properties":{"code":"1106182018","desa":"Tantuha","kecamatan":"Simpang Tiga","kecCode":"110618","kabCode":"1106","province":"Aceh"},"geometry":{"type":"Polygon","coordinates":[[[95.37705350761337,5.463005922074269],[95.37523825034505,5.458671249171832],[95.36337957940412,5.458132298060682],[95.36692392809687,5.46848382215377],[95.37024130409297,5.464149097989959],[95.37705350761337,5.463005922074269]]]}},{"type":"Feature","properties":{"code":"1106192001","desa":"Lhang","kecamatan":"Darul Kamal","kecCode":"110619","kabCode":"1106","province":"Aceh"},"geometry":{"type":"Polygon","coordinates":[[[95.2994899749824,5.468511575232087],[95.3001766199551,5.475336068880675],[95.29741096544375,5.480199808445711],[95.29924107231766,5.482469983272114],[95.30818575456897,5.484210569829209],[95.31125068726946,5.482545847381863],[95.31818580563049,5.489419931446668],[95.32702905964344,5.492214940726093],[95.32514498625216,5.486487743179751],[95.32723870959882,5.4853100045192456],[95.32645868801808,5.482698452440411],[95.32019771944924,5.475061259446017],[95.31463168490437,5.470580259652265],[95.30846620455173,5.471454519390711],[95.30470085106349,5.467763895071554],[95.2994899749824,5.468511575232087]]]}},{"type":"Feature","properties":{"code":"1106192002","desa":"Biluy","kecamatan":"Darul Kamal","kecCode":"110619","kabCode":"1106","province":"Aceh"},"geometry":{"type":"Polygon","coordinates":[[[95.3061043986991,5.443537436212022],[95.30379642266682,5.449776475705773],[95.31236073306144,5.454039101221252],[95.31266857459507,5.458261080078219],[95.31898182165378,5.461705867521727],[95.31952794126153,5.46488916089276],[95.33115269763896,5.469228277345481],[95.33515061940562,5.481253909210737],[95.34094518427287,5.480882209516924],[95.33055878805766,5.463368606064607],[95.32635016682678,5.459363381806907],[95.32008861279928,5.458122409115446],[95.31476714798555,5.453559734692159],[95.31324417937543,5.448803729411549],[95.3061043986991,5.443537436212022]]]}},{"type":"Feature","properties":{"code":"1106192003","desa":"Lambatee","kecamatan":"Darul Kamal","kecCode":"110619","kabCode":"1106","province":"Aceh"},"geometry":{"type":"Polygon","coordinates":[[[95.32702905964344,5.492214940726093],[95.33267100955946,5.492873374864883],[95.33336311971225,5.487638846619283],[95.32605163057832,5.488571685497727],[95.32702905964344,5.492214940726093]]]}},{"type":"Feature","properties":{"code":"1106192004","desa":"Lamkunyet","kecamatan":"Darul Kamal","kecCode":"110619","kabCode":"1106","province":"Aceh"},"geometry":{"type":"Polygon","coordinates":[[[95.3324489858321,5.483860829781049],[95.32514498625216,5.486487743179751],[95.32605163057832,5.488571685497727],[95.33401541957602,5.48777873706269],[95.3324489858321,5.483860829781049]]]}},{"type":"Feature","properties":{"code":"1106192005","desa":"Lamtadok","kecamatan":"Darul Kamal","kecCode":"110619","kabCode":"1106","province":"Aceh"},"geometry":{"type":"Polygon","coordinates":[[[95.30320319297304,5.450681633451678],[95.29903984091601,5.4618587432761885],[95.30399131834473,5.46362113389624],[95.30407080762171,5.465424342945243],[95.29670143092636,5.466562265021584],[95.30487632768046,5.467832559209002],[95.30846620455173,5.471454519390711],[95.31463168490437,5.470580259652265],[95.32689601124194,5.485095997348748],[95.3324489858321,5.483860829781049],[95.329068931586,5.471782716179179],[95.30647971996319,5.459873117542158],[95.30320319297304,5.450681633451678]]]}},{"type":"Feature","properties":{"code":"1106192006","desa":"Neusok","kecamatan":"Darul Kamal","kecCode":"110619","kabCode":"1106","province":"Aceh"},"geometry":{"type":"Polygon","coordinates":[[[95.33336311971225,5.487638846619283],[95.3336299926301,5.495766945343845],[95.34360224744579,5.4947812560067355],[95.33747054472992,5.487746223872824],[95.33336311971225,5.487638846619283]]]}},{"type":"Feature","properties":{"code":"1106192007","desa":"Turam","kecamatan":"Darul Kamal","kecCode":"110619","kabCode":"1106","province":"Aceh"},"geometry":{"type":"Polygon","coordinates":[[[95.33877894229443,5.481275602657135],[95.33204363800353,5.482785558075685],[95.3341741777961,5.48830637380319],[95.33747054472992,5.487746223872824],[95.33877894229443,5.481275602657135]]]}},{"type":"Feature","properties":{"code":"1106192008","desa":"Tubaluy","kecamatan":"Darul Kamal","kecCode":"110619","kabCode":"1106","province":"Aceh"},"geometry":{"type":"Polygon","coordinates":[[[95.34487250835961,5.48620298274666],[95.34299819890781,5.4811966448795655],[95.33877894229443,5.481275602657135],[95.33714752443876,5.4870267536461865],[95.33970518104933,5.490599957982468],[95.34487250835961,5.48620298274666]]]}},{"type":"Feature","properties":{"code":"1106192009","desa":"Blang Kiree","kecamatan":"Darul Kamal","kecCode":"110619","kabCode":"1106","province":"Aceh"},"geometry":{"type":"Polygon","coordinates":[[[95.34723643391436,5.498198600638069],[95.3508285923657,5.498025144797901],[95.35045644930574,5.493417721008949],[95.34565460557565,5.492643498257582],[95.34518249387708,5.486003478942822],[95.34008212558967,5.490953119051651],[95.34723643391436,5.498198600638069]]]}},{"type":"Feature","properties":{"code":"1106192010","desa":"Manee Dayah","kecamatan":"Darul Kamal","kecCode":"110619","kabCode":"1106","province":"Aceh"},"geometry":{"type":"Polygon","coordinates":[[[95.30379642266682,5.449776475705773],[95.30388613183959,5.456431433658994],[95.30647971996319,5.459873117542158],[95.31798137444093,5.466742578192299],[95.3242369362856,5.467555421429638],[95.33230616359862,5.478381968326304],[95.3314616804123,5.482920102049653],[95.33515061940562,5.481253909210737],[95.33115269763896,5.469228277345481],[95.31952794126153,5.46488916089276],[95.31898182165378,5.461705867521727],[95.31266857459507,5.458261080078219],[95.31236073306144,5.454039101221252],[95.30379642266682,5.449776475705773]]]}},{"type":"Feature","properties":{"code":"1106192011","desa":"Lamsod","kecamatan":"Darul Kamal","kecCode":"110619","kabCode":"1106","province":"Aceh"},"geometry":{"type":"Polygon","coordinates":[[[95.3200895148193,5.4351970848942575],[95.3061043986991,5.443537436212022],[95.31324417937543,5.448803729411549],[95.31476714798555,5.453559734692159],[95.32008861279928,5.458122409115446],[95.32635016682678,5.459363381806907],[95.33055878805766,5.463368606064607],[95.34210777295544,5.4816646520718395],[95.34510052876645,5.479280051105668],[95.33796183087384,5.473028742161268],[95.33029649268906,5.4573063094330285],[95.32887584894131,5.444652113511432],[95.32017298359636,5.44028638252212],[95.32182009192377,5.436837844006364],[95.3200895148193,5.4351970848942575]]]}},{"type":"Feature","properties":{"code":"1106192012","desa":"Lambleut","kecamatan":"Darul Kamal","kecCode":"110619","kabCode":"1106","province":"Aceh"},"geometry":{"type":"Polygon","coordinates":[[[95.33300936419084,5.499776713875762],[95.34075504241133,5.498687925360101],[95.34723643391436,5.498198600638069],[95.34360224744579,5.4947812560067355],[95.33327314703813,5.495780576368123],[95.33300936419084,5.499776713875762]]]}},{"type":"Feature","properties":{"code":"1106192013","desa":"Empee Trieng","kecamatan":"Darul Kamal","kecCode":"110619","kabCode":"1106","province":"Aceh"},"geometry":{"type":"Polygon","coordinates":[[[95.34510052876645,5.479280051105668],[95.34711510997442,5.4776491656503525],[95.3445147994185,5.4720394933074985],[95.33973705032469,5.474547633243657],[95.34510052876645,5.479280051105668]]]}},{"type":"Feature","properties":{"code":"1106192014","desa":"Lambaro Biluy","kecamatan":"Darul Kamal","kecCode":"110619","kabCode":"1106","province":"Aceh"},"geometry":{"type":"Polygon","coordinates":[[[95.33548443425929,5.4578881671989485],[95.33403537823017,5.4436106949857885],[95.32887584894131,5.444652113511432],[95.33029649268906,5.4573063094330285],[95.33973705032469,5.474547633243657],[95.3445147994185,5.4720394933074985],[95.34433117134652,5.466126740442195],[95.33548443425929,5.4578881671989485]]]}},{"type":"Feature","properties":{"code":"1106202001","desa":"Cadek","kecamatan":"Baitussalam","kecCode":"110620","kabCode":"1106","province":"Aceh"},"geometry":{"type":"Polygon","coordinates":[[[95.37403914559013,5.591756177364668],[95.36855081696665,5.590488161159967],[95.36686293787432,5.5928491639156785],[95.36333772135879,5.590720935382894],[95.3633925296416,5.594517479154541],[95.35821892686202,5.598641070381197],[95.36693272796309,5.603745690658066],[95.37403914559013,5.591756177364668]]]}},{"type":"Feature","properties":{"code":"1106202002","desa":"Kajhu","kecamatan":"Baitussalam","kecCode":"110620","kabCode":"1106","province":"Aceh"},"geometry":{"type":"Polygon","coordinates":[[[95.38771363767432,5.5925098622985345],[95.38268932325371,5.589158391208374],[95.37649726883392,5.589529030601505],[95.36945493959382,5.597988271394343],[95.36780639594849,5.605863182184964],[95.37663860898465,5.611324444806617],[95.38147131025283,5.608106754165937],[95.38771363767432,5.5925098622985345]]]}},{"type":"Feature","properties":{"code":"1106202003","desa":"Baet","kecamatan":"Baitussalam","kecCode":"110620","kabCode":"1106","province":"Aceh"},"geometry":{"type":"Polygon","coordinates":[[[95.35821892686202,5.598641070381197],[95.3633925296416,5.594517479154541],[95.36333772135879,5.590720935382894],[95.36686293787432,5.5928491639156785],[95.36855081696665,5.590488161159967],[95.36511263414081,5.584917145275926],[95.35475925923248,5.583601384963185],[95.35032425615958,5.59466924514564],[95.35821892686202,5.598641070381197]]]}},{"type":"Feature","properties":{"code":"1106202004","desa":"Blang Krueng","kecamatan":"Baitussalam","kecCode":"110620","kabCode":"1106","province":"Aceh"},"geometry":{"type":"Polygon","coordinates":[[[95.38178772502357,5.589240979549096],[95.38011660659618,5.585454113381937],[95.3715140255519,5.579143906937432],[95.36758693259092,5.589950271248786],[95.37381978385599,5.591803595018866],[95.38178772502357,5.589240979549096]]]}},{"type":"Feature","properties":{"code":"1106202005","desa":"Klieng Muria","kecamatan":"Baitussalam","kecCode":"110620","kabCode":"1106","province":"Aceh"},"geometry":{"type":"Polygon","coordinates":[[[95.39193430802197,5.612781960756746],[95.40077719241354,5.604896136693193],[95.40006227455439,5.602174351113927],[95.3954659897637,5.600652099265048],[95.39224575583698,5.6053987273147055],[95.39404319483765,5.609289290709596],[95.39193430802197,5.612781960756746]]]}},{"type":"Feature","properties":{"code":"1106202006","desa":"Lam Bada Lhok","kecamatan":"Baitussalam","kecCode":"110620","kabCode":"1106","province":"Aceh"},"geometry":{"type":"Polygon","coordinates":[[[95.38757213564558,5.621499018294232],[95.39378621356296,5.611126235127192],[95.39295090975673,5.605661261902769],[95.38667892179483,5.607280907631188],[95.37992735416411,5.61440727581141],[95.38757213564558,5.621499018294232]]]}},{"type":"Feature","properties":{"code":"1106202007","desa":"Lampineung","kecamatan":"Baitussalam","kecCode":"110620","kabCode":"1106","province":"Aceh"},"geometry":{"type":"Polygon","coordinates":[[[95.3952997689692,5.610970767526627],[95.39760917942016,5.614020773276716],[95.40347692841755,5.612450139700427],[95.39796609695787,5.606767987396645],[95.3952997689692,5.610970767526627]]]}},{"type":"Feature","properties":{"code":"1106202008","desa":"Lam Asan","kecamatan":"Baitussalam","kecCode":"110620","kabCode":"1106","province":"Aceh"},"geometry":{"type":"Polygon","coordinates":[[[95.40347692841755,5.612450139700427],[95.40925402125612,5.610517611738509],[95.4015505176423,5.6037658912298305],[95.39796609695787,5.606767987396645],[95.40347692841755,5.612450139700427]]]}},{"type":"Feature","properties":{"code":"1106202009","desa":"Labuy","kecamatan":"Baitussalam","kecCode":"110620","kabCode":"1106","province":"Aceh"},"geometry":{"type":"Polygon","coordinates":[[[95.43273977422126,5.63454092364077],[95.43924364607744,5.6334821176227505],[95.43854657256634,5.627442751005358],[95.44129153457668,5.623166412627297],[95.43992564065587,5.618100217683455],[95.43297663856106,5.609953860922685],[95.42947879740865,5.608706107342962],[95.42383204781083,5.612199736067455],[95.42196655081574,5.6098773843746],[95.41838863582694,5.612015623261091],[95.40748857293937,5.611108182136445],[95.3967144304267,5.614226665864346],[95.39838011874751,5.61686166596688],[95.41592474343224,5.6136867578745555],[95.42354494644218,5.620662989635252],[95.43001085521682,5.619506586490899],[95.43538093558176,5.624436648358848],[95.43273977422126,5.63454092364077]]]}},{"type":"Feature","properties":{"code":"1106202010","desa":"Lam Ujong","kecamatan":"Baitussalam","kecCode":"110620","kabCode":"1106","province":"Aceh"},"geometry":{"type":"Polygon","coordinates":[[[95.40832581388526,5.620777692766167],[95.4251193481794,5.6263331611707414],[95.42400772407728,5.630242570758399],[95.43313897338498,5.634190757314001],[95.43533179392723,5.624182432499684],[95.43001085521682,5.619506586490899],[95.42354494644218,5.620662989635252],[95.41592474343224,5.6136867578745555],[95.39838011874751,5.61686166596688],[95.39908837083169,5.621010091971803],[95.40514692359169,5.622362922339272],[95.40832581388526,5.620777692766167]]]}},{"type":"Feature","properties":{"code":"1106202011","desa":"Klieng Cot Aron","kecamatan":"Baitussalam","kecCode":"110620","kabCode":"1106","province":"Aceh"},"geometry":{"type":"Polygon","coordinates":[[[95.39543144860254,5.60080615582933],[95.38771363767432,5.5925098622985345],[95.38606587823773,5.598252850141378],[95.38980561903416,5.605790940544371],[95.39226955099905,5.605658882296632],[95.39415884225683,5.603661720958694],[95.39543144860254,5.60080615582933]]]}},{"type":"Feature","properties":{"code":"1106202012","desa":"Cot Paya","kecamatan":"Baitussalam","kecCode":"110620","kabCode":"1106","province":"Aceh"},"geometry":{"type":"Polygon","coordinates":[[[95.38606587823773,5.598252850141378],[95.38390972935058,5.605428565021534],[95.37715594129372,5.609938218115005],[95.37992735416411,5.61440727581141],[95.38980561903416,5.605790940544371],[95.38606587823773,5.598252850141378]]]}},{"type":"Feature","properties":{"code":"1106202013","desa":"Miruk Lam Reudep","kecamatan":"Baitussalam","kecCode":"110620","kabCode":"1106","province":"Aceh"},"geometry":{"type":"Polygon","coordinates":[[[95.39937945080105,5.6018374551832615],[95.4016035389722,5.599192137158966],[95.39717415036681,5.5951702367725655],[95.39361683884606,5.5996008430555655],[95.39937945080105,5.6018374551832615]]]}},{"type":"Feature","properties":{"code":"1106212001","desa":"Meunasah Papeun","kecamatan":"Krueng Barona Jaya","kecCode":"110621","kabCode":"1106","province":"Aceh"},"geometry":{"type":"Polygon","coordinates":[[[95.35950656717438,5.572226009701229],[95.36660451138913,5.563847296902275],[95.36426005795539,5.563090646903626],[95.36421889958261,5.5597742475746434],[95.35365798542774,5.557758225654724],[95.35335047484459,5.563119812816892],[95.35727597060963,5.565263696747802],[95.35950656717438,5.572226009701229]]]}},{"type":"Feature","properties":{"code":"1106212002","desa":"Meunasah Baktrieng","kecamatan":"Krueng Barona Jaya","kecCode":"110621","kabCode":"1106","province":"Aceh"},"geometry":{"type":"Polygon","coordinates":[[[95.36809456661102,5.5622322152332275],[95.3709497926988,5.557646651265228],[95.3666342438753,5.556654999422939],[95.3641420174402,5.562664501353851],[95.36809456661102,5.5622322152332275]]]}},{"type":"Feature","properties":{"code":"1106212003","desa":"Leung Ie","kecamatan":"Krueng Barona Jaya","kecCode":"110621","kabCode":"1106","province":"Aceh"},"geometry":{"type":"Polygon","coordinates":[[[95.35733216924427,5.558506160323417],[95.36317896134005,5.560371258916983],[95.36722454177925,5.555692453239364],[95.35843148612423,5.555608350440334],[95.35733216924427,5.558506160323417]]]}},{"type":"Feature","properties":{"code":"1106212004","desa":"Lampermai","kecamatan":"Krueng Barona Jaya","kecCode":"110621","kabCode":"1106","province":"Aceh"},"geometry":{"type":"Polygon","coordinates":[[[95.37063775492852,5.530747719352152],[95.36750774728476,5.526177656098889],[95.36623633344009,5.528695265896213],[95.36192955120788,5.529337072469685],[95.36220087936714,5.532982722592678],[95.35784846643365,5.5330488587358815],[95.36216545507176,5.537371956464332],[95.37063775492852,5.530747719352152]]]}},{"type":"Feature","properties":{"code":"1106212005","desa":"Gle Deyah","kecamatan":"Krueng Barona Jaya","kecCode":"110621","kabCode":"1106","province":"Aceh"},"geometry":{"type":"Polygon","coordinates":[[[95.37091143841224,5.531385278427576],[95.36331976459552,5.535162789846761],[95.35975348503536,5.541094376314357],[95.36594880309485,5.541654677330854],[95.36427633838234,5.537522774569886],[95.3718639958268,5.5377846724379625],[95.37091143841224,5.531385278427576]]]}},{"type":"Feature","properties":{"code":"1106212006","desa":"Miruk","kecamatan":"Krueng Barona Jaya","kecCode":"110621","kabCode":"1106","province":"Aceh"},"geometry":{"type":"Polygon","coordinates":[[[95.35784846643365,5.5330488587358815],[95.35274371934726,5.533524627077437],[95.35514024442682,5.542278671032608],[95.3586927175949,5.542053628281275],[95.36216545507176,5.537371956464332],[95.35784846643365,5.5330488587358815]]]}},{"type":"Feature","properties":{"code":"1106212007","desa":"Lam Gapang","kecamatan":"Krueng Barona Jaya","kecCode":"110621","kabCode":"1106","province":"Aceh"},"geometry":{"type":"Polygon","coordinates":[[[95.35839932187127,5.555642782783477],[95.36722454177925,5.555692453239364],[95.36899898331649,5.552793841160989],[95.36764167072657,5.550152808406192],[95.36035799042894,5.549974975565662],[95.35839932187127,5.555642782783477]]]}},{"type":"Feature","properties":{"code":"1106212008","desa":"Meunasah Manyang","kecamatan":"Krueng Barona Jaya","kecCode":"110621","kabCode":"1106","province":"Aceh"},"geometry":{"type":"Polygon","coordinates":[[[95.36034363095388,5.550009235239002],[95.36531610125712,5.5502633971388065],[95.36528829332012,5.547386188025774],[95.36073252838354,5.54775981496673],[95.36034363095388,5.550009235239002]]]}},{"type":"Feature","properties":{"code":"1106212009","desa":"Meunasah Baet","kecamatan":"Krueng Barona Jaya","kecCode":"110621","kabCode":"1106","province":"Aceh"},"geometry":{"type":"Polygon","coordinates":[[[95.37200691069044,5.54544134744581],[95.3700777066209,5.543644223209681],[95.36073252838354,5.54775981496673],[95.36702039927206,5.547332081214213],[95.37200691069044,5.54544134744581]]]}},{"type":"Feature","properties":{"code":"1106212010","desa":"Meunasah Intan","kecamatan":"Krueng Barona Jaya","kecCode":"110621","kabCode":"1106","province":"Aceh"},"geometry":{"type":"Polygon","coordinates":[[[95.3718965485869,5.54341576303461],[95.3718657468068,5.538578018373347],[95.363510149274,5.542304463588844],[95.36142876282719,5.542143259212898],[95.36064515924676,5.541501118091688],[95.35975348503536,5.541094376314357],[95.35955212413126,5.541276679684754],[95.36057086805118,5.546247326157903],[95.3718965485869,5.54341576303461]]]}},{"type":"Feature","properties":{"code":"1106212011","desa":"Rumpet","kecamatan":"Krueng Barona Jaya","kecCode":"110621","kabCode":"1106","province":"Aceh"},"geometry":{"type":"Polygon","coordinates":[[[95.37150305202431,5.556253461122993],[95.3721851374342,5.551422411914303],[95.37194050295192,5.545421922988953],[95.36528829332012,5.547386188025774],[95.36531610125712,5.5502633971388065],[95.36899898331649,5.552793841160989],[95.3666342438753,5.556654999422939],[95.37150305202431,5.556253461122993]]]}},{"type":"Feature","properties":{"code":"1106212012","desa":"Gla Meunasah Baro","kecamatan":"Krueng Barona Jaya","kecCode":"110621","kabCode":"1106","province":"Aceh"},"geometry":{"type":"Polygon","coordinates":[[[95.36594880309485,5.541654677330854],[95.3718639958268,5.5377846724379625],[95.36427633838234,5.537522774569886],[95.36594880309485,5.541654677330854]]]}},{"type":"Feature","properties":{"code":"1106222001","desa":"Layeun","kecamatan":"Leupung","kecCode":"110622","kabCode":"1106","province":"Aceh"},"geometry":{"type":"Polygon","coordinates":[[[95.25835866192278,5.319585077523098],[95.25399745092172,5.324815453598798],[95.24616778141802,5.325289205660329],[95.23726275657098,5.337432664901293],[95.23079109213523,5.341279978100319],[95.22991332414068,5.362292935361188],[95.23402665860344,5.351183081335898],[95.23386738956843,5.3448888864211],[95.24060719496612,5.338660294351596],[95.24329752406152,5.340551661242716],[95.24006038108178,5.349570061812302],[95.24173231609359,5.355775015201901],[95.24402310068558,5.356021003163619],[95.24477024035433,5.365719244434639],[95.2473186492363,5.3650101919545055],[95.25627725659017,5.350358754655436],[95.25983169387762,5.324606210137192],[95.25835866192278,5.319585077523098]]]}},{"type":"Feature","properties":{"code":"1106222002","desa":"Pulot","kecamatan":"Leupung","kecCode":"110622","kabCode":"1106","province":"Aceh"},"geometry":{"type":"Polygon","coordinates":[[[95.29986000103825,5.315473551601114],[95.28878974864801,5.316709512370832],[95.2796039581562,5.312585824916785],[95.27765457689723,5.307603824502876],[95.2600185154422,5.316493092319292],[95.25627725659017,5.350358754655436],[95.24725997926468,5.365090946577584],[95.24477024035433,5.365719244434639],[95.2461282526168,5.367658994851791],[95.24919406395496,5.366142287323302],[95.25124969741567,5.3691811864461405],[95.25306822192096,5.382299980230149],[95.25177704637366,5.392061683060547],[95.25662033536024,5.3800390684207855],[95.26808598008398,5.369529125152204],[95.26899275571115,5.36364406690929],[95.27550951125498,5.360675068491755],[95.29442193192666,5.325263640632565],[95.30059564197535,5.321218688823557],[95.29986000103825,5.315473551601114]]]}},{"type":"Feature","properties":{"code":"1106222003","desa":"Lamseunia","kecamatan":"Leupung","kecCode":"110622","kabCode":"1106","province":"Aceh"},"geometry":{"type":"Polygon","coordinates":[[[95.30520601644457,5.297157944440193],[95.30286979720341,5.30456733106654],[95.30611610427484,5.308473581335823],[95.29986000103825,5.315473551601114],[95.30059564197535,5.321218688823557],[95.29456758342728,5.325057419792359],[95.27801478595363,5.3569112825256475],[95.27516933279854,5.36103839639668],[95.26899275571115,5.36364406690929],[95.26808598008398,5.369529125152204],[95.25681365902317,5.379775136286294],[95.25374205335318,5.38723915133102],[95.26369832631677,5.382370993396803],[95.27156947255314,5.3733808315394125],[95.28073231684299,5.367880671440671],[95.28685419356623,5.367802096774282],[95.29253914276728,5.362733065368713],[95.2964365149333,5.354870004944808],[95.30418459794087,5.351831120211171],[95.30681066867747,5.347172368515812],[95.31611384497802,5.346372703044451],[95.32976966983442,5.336295504550753],[95.33408679606885,5.329745898577857],[95.3409184492271,5.328760564473005],[95.34535807931194,5.3248499408006165],[95.3657178248178,5.318934212078677],[95.3695639005536,5.315767971652281],[95.37918556995817,5.317710624181646],[95.38474910888431,5.299847300466423],[95.38753098176943,5.298752795859824],[95.38639417485138,5.289954147329956],[95.38833883287089,5.287361627603554],[95.38172069585353,5.279985825259698],[95.38271253655437,5.274516284378652],[95.38043564558863,5.272561692449741],[95.37966877299556,5.264711538196462],[95.38102216903792,5.257973334498221],[95.3783776217299,5.24741635758599],[95.37185437038293,5.253291674372478],[95.36723171387256,5.2542733311495065],[95.35168339257456,5.283693521409177],[95.34401745544125,5.287174985004255],[95.3324411473411,5.285488331689616],[95.31362921331758,5.290485442512531],[95.30520601644457,5.297157944440193]]]}},{"type":"Feature","properties":{"code":"1106222004","desa":"Mns. Mesjid","kecamatan":"Leupung","kecCode":"110622","kabCode":"1106","province":"Aceh"},"geometry":{"type":"Polygon","coordinates":[[[95.29296601227173,5.411143441557612],[95.2970565138471,5.407748454971699],[95.31299613376461,5.404043333581171],[95.32575052226882,5.405269407204374],[95.32976449603471,5.395229877713855],[95.33691101083456,5.391186640912005],[95.3428239714492,5.367786628435096],[95.33907685441335,5.368702775896423],[95.33205969899598,5.36306672823667],[95.32751520796052,5.3661095879737335],[95.32177624008146,5.363960228070857],[95.3160023740104,5.371548164297478],[95.30994015921101,5.368322997592634],[95.29813051930807,5.374856426560633],[95.29408398199023,5.381661388732956],[95.28202423433099,5.387889714603239],[95.26967539420411,5.3883251015862905],[95.26192868625992,5.383115782236975],[95.25374205335318,5.38723915133102],[95.25176410423005,5.401932717371393],[95.2569233502325,5.401244655067859],[95.26397070758213,5.393249886232402],[95.27565907300787,5.398344745267807],[95.28131232020746,5.393734533580515],[95.28503076325914,5.396221721111697],[95.29296601227173,5.411143441557612]]]}},{"type":"Feature","properties":{"code":"1106222005","desa":"Meunasah Bak U","kecamatan":"Leupung","kecCode":"110622","kabCode":"1106","province":"Aceh"},"geometry":{"type":"Polygon","coordinates":[[[95.38253675956382,5.322125337645449],[95.38096008523978,5.315032500687777],[95.37805285765329,5.318306467304708],[95.36967751370632,5.315740521645469],[95.3657178248178,5.318934212078677],[95.34535807931194,5.3248499408006165],[95.3409184492271,5.328760564473005],[95.33535948874948,5.329087405983186],[95.32694921693286,5.33883592295377],[95.31585833679287,5.346514384038116],[95.30658178941809,5.347293626805143],[95.30418459794087,5.351831120211171],[95.29620201940769,5.355080124346081],[95.29253914276728,5.362733065368713],[95.28695483130046,5.3677268909682105],[95.28138597828035,5.3675571151539225],[95.27171503771888,5.373278093888268],[95.26177976482433,5.384038835592279],[95.26967539420411,5.3883251015862905],[95.28152823933681,5.388058179206013],[95.29408398199023,5.381661388732956],[95.29813051930807,5.374856426560633],[95.30994015921101,5.368322997592634],[95.3160023740104,5.371548164297478],[95.32177624008146,5.363960228070857],[95.32751520796052,5.3661095879737335],[95.33230724638234,5.363119698305107],[95.34156309496092,5.368668267110861],[95.35299640635913,5.351833399992535],[95.36886983527472,5.343883597259358],[95.36775796206034,5.334707164222746],[95.38253675956382,5.322125337645449]]]}},{"type":"Feature","properties":{"code":"1106222006","desa":"Dayah Mamplam","kecamatan":"Leupung","kecCode":"110622","kabCode":"1106","province":"Aceh"},"geometry":{"type":"MultiPolygon","coordinates":[[[[95.25094638396848,5.4355044353977835],[95.25206425835886,5.432803517687306],[95.25800974565327,5.43222477337431],[95.2642944464316,5.423835363139713],[95.274859966914,5.425272754061068],[95.2806896467099,5.412304692947103],[95.28890590958014,5.4166392048708785],[95.29296601227173,5.411143441557612],[95.28496135538226,5.3961413334120705],[95.28091545928105,5.393701445723849],[95.27787108598187,5.397780893727813],[95.27426361657268,5.398248583459434],[95.26414902965404,5.393207872604431],[95.25413771997982,5.402383082563116],[95.25169682504848,5.401882299578914],[95.25089773514242,5.3972562220520786],[95.24235228263177,5.4250247848929325],[95.23705933621943,5.42903864534013],[95.2344989195895,5.428253066849301],[95.23435761990828,5.425578200699835],[95.22960275856052,5.432797378015725],[95.23761278440251,5.437027126115878],[95.23923838904051,5.4433231637415425],[95.2413593249729,5.438174388550876],[95.25094638396848,5.4355044353977835]]],[[[95.23106762916778,5.434388089856039],[95.23116745481421,5.43427664496886],[95.23104980280624,5.434285872013026],[95.23106762916778,5.434388089856039]]]]}},{"type":"Feature","properties":{"code":"1106232001","desa":"Cot Puklat","kecamatan":"Blang Bintang","kecCode":"110623","kabCode":"1106","province":"Aceh"},"geometry":{"type":"Polygon","coordinates":[[[95.3877416137845,5.515305237482629],[95.38504896623687,5.520032781918472],[95.39152187443499,5.5194586403357055],[95.39240300859204,5.517558534732236],[95.3877416137845,5.515305237482629]]]}},{"type":"Feature","properties":{"code":"1106232002","desa":"Lamme","kecamatan":"Blang Bintang","kecCode":"110623","kabCode":"1106","province":"Aceh"},"geometry":{"type":"Polygon","coordinates":[[[95.39608955269074,5.518410832126988],[95.40097643271626,5.519934913196937],[95.40278931397575,5.514020478599381],[95.39698161720791,5.513742973896583],[95.39608955269074,5.518410832126988]]]}},{"type":"Feature","properties":{"code":"1106232003","desa":"Meulayo","kecamatan":"Blang Bintang","kecCode":"110623","kabCode":"1106","province":"Aceh"},"geometry":{"type":"Polygon","coordinates":[[[95.39696490870365,5.513472340014231],[95.391945137658,5.512730956906661],[95.39207839380286,5.51844228501619],[95.39716887674233,5.517938745609833],[95.39696490870365,5.513472340014231]]]}},{"type":"Feature","properties":{"code":"1106232004","desa":"Lam Siem","kecamatan":"Blang Bintang","kecCode":"110623","kabCode":"1106","province":"Aceh"},"geometry":{"type":"Polygon","coordinates":[[[95.38712074342759,5.511696405604162],[95.38725042476733,5.514819988488076],[95.391844056558,5.517078517093966],[95.391945137658,5.512730956906661],[95.38712074342759,5.511696405604162]]]}},{"type":"Feature","properties":{"code":"1106232005","desa":"Cot Geundreut","kecamatan":"Blang Bintang","kecCode":"110623","kabCode":"1106","province":"Aceh"},"geometry":{"type":"Polygon","coordinates":[[[95.39638709338969,5.501873043455628],[95.39399562070139,5.513299002884612],[95.39957224296472,5.513569167320846],[95.40168865440789,5.502861989237811],[95.39948717789098,5.500848996234625],[95.39638709338969,5.501873043455628]]]}},{"type":"Feature","properties":{"code":"1106232006","desa":"Paya Ue","kecamatan":"Blang Bintang","kecCode":"110623","kabCode":"1106","province":"Aceh"},"geometry":{"type":"Polygon","coordinates":[[[95.40084202184187,5.513099488288878],[95.40295596644478,5.51553963318319],[95.40699412298044,5.515236226206871],[95.40673685032543,5.508643084053703],[95.4015739144047,5.509498191829862],[95.40084202184187,5.513099488288878]]]}},{"type":"Feature","properties":{"code":"1106232007","desa":"Cot Monraya","kecamatan":"Blang Bintang","kecCode":"110623","kabCode":"1106","province":"Aceh"},"geometry":{"type":"Polygon","coordinates":[[[95.39948717789098,5.500848996234625],[95.40168865440789,5.502861989237811],[95.4015739144047,5.509498191829862],[95.40673685032543,5.508643084053703],[95.40495321142163,5.501224521644434],[95.39948717789098,5.500848996234625]]]}},{"type":"Feature","properties":{"code":"1106232008","desa":"Cot Meulangeun","kecamatan":"Blang Bintang","kecCode":"110623","kabCode":"1106","province":"Aceh"},"geometry":{"type":"Polygon","coordinates":[[[95.4058076869752,5.495380944630847],[95.39638709338969,5.501873043455628],[95.4043597479041,5.500760618058625],[95.4058076869752,5.495380944630847]]]}},{"type":"Feature","properties":{"code":"1106232009","desa":"Cot Madhi","kecamatan":"Blang Bintang","kecCode":"110623","kabCode":"1106","province":"Aceh"},"geometry":{"type":"Polygon","coordinates":[[[95.40101832403649,5.518605869897561],[95.4294693203529,5.524802723093531],[95.43545201260035,5.519916317914976],[95.43191423165656,5.519813207944542],[95.428865475961,5.515621740386575],[95.41886031944824,5.515666711884771],[95.41569955858779,5.5178058042278755],[95.40295596644478,5.51553963318319],[95.40101832403649,5.518605869897561]]]}},{"type":"Feature","properties":{"code":"1106232010","desa":"Bueng Sidom","kecamatan":"Blang Bintang","kecCode":"110623","kabCode":"1106","province":"Aceh"},"geometry":{"type":"Polygon","coordinates":[[[95.40713479943149,5.513086138752437],[95.40728978859293,5.5164371080208845],[95.41237554559501,5.516723382012948],[95.41122904938118,5.512035462605704],[95.40713479943149,5.513086138752437]]]}},{"type":"Feature","properties":{"code":"1106232011","desa":"Cot Karieng","kecamatan":"Blang Bintang","kecCode":"110623","kabCode":"1106","province":"Aceh"},"geometry":{"type":"Polygon","coordinates":[[[95.40673685032543,5.508643084053703],[95.40859674004759,5.512943370478414],[95.41122904938118,5.512035462605704],[95.4129236140336,5.507213526227309],[95.40986800640341,5.5037591834870225],[95.40673685032543,5.508643084053703]]]}},{"type":"Feature","properties":{"code":"1106232012","desa":"Gampong Blang","kecamatan":"Blang Bintang","kecCode":"110623","kabCode":"1106","province":"Aceh"},"geometry":{"type":"MultiPolygon","coordinates":[[[[95.44800962584361,5.525924331467919],[95.44933142780322,5.532533486050101],[95.45569891567249,5.532714041138457],[95.44829362185322,5.520692244881688],[95.44456172494368,5.520652544310002],[95.4395798045644,5.516274685063559],[95.43056966156068,5.5127875134714],[95.41480639240115,5.511701002039114],[95.41240489856726,5.514676320892035],[95.41532119671591,5.517803147630525],[95.41886031944824,5.515666711884771],[95.42902537542079,5.51563696860676],[95.43656932491443,5.522430244988562],[95.44800962584361,5.525924331467919]]],[[[95.46887384695054,5.561351168311321],[95.47452043826767,5.562762497779195],[95.46737536687976,5.550801237587192],[95.46546520685388,5.55433342024776],[95.46887384695054,5.561351168311321]]]]}},{"type":"Feature","properties":{"code":"1106232013","desa":"Cot Malem","kecamatan":"Blang Bintang","kecCode":"110623","kabCode":"1106","province":"Aceh"},"geometry":{"type":"Polygon","coordinates":[[[95.48317550374657,5.571582947674139],[95.48268146567716,5.563346170376996],[95.47334437324429,5.553223155921661],[95.46928608358594,5.552283685442387],[95.4690567645581,5.545769787950596],[95.46468950201898,5.541566819862316],[95.46591381926743,5.539135394794531],[95.46214347903839,5.5376288118336205],[95.46404704703365,5.535737140072302],[95.46013746567155,5.53514478631871],[95.45464552357214,5.523282052252758],[95.45016479806702,5.520654923916126],[95.45233713744896,5.516587863173964],[95.43711094071739,5.50862704644366],[95.41686887689718,5.510279472460682],[95.41278681096257,5.508565949201921],[95.41122904938118,5.512035462605704],[95.41270667057643,5.514897978595162],[95.41480639240115,5.511701002039114],[95.43056966156068,5.5127875134714],[95.44829362185322,5.520692244881688],[95.46397902860933,5.543135321146074],[95.47057584539901,5.558524912087421],[95.48111482239118,5.566798460864361],[95.48317550374657,5.571582947674139]]]}},{"type":"Feature","properties":{"code":"1106232014","desa":"Cot Rumpun","kecamatan":"Blang Bintang","kecCode":"110623","kabCode":"1106","province":"Aceh"},"geometry":{"type":"Polygon","coordinates":[[[95.4043597479041,5.500760618058625],[95.4070616575695,5.506392371455631],[95.40986800640341,5.5037591834870225],[95.40674064456516,5.498761353206471],[95.4043597479041,5.500760618058625]]]}},{"type":"Feature","properties":{"code":"1106232015","desa":"Cot Hoho","kecamatan":"Blang Bintang","kecCode":"110623","kabCode":"1106","province":"Aceh"},"geometry":{"type":"Polygon","coordinates":[[[95.41681818121413,5.5013420360560685],[95.41390295505737,5.497039407796712],[95.4100003938032,5.4992170019152145],[95.41268051469403,5.501950623471833],[95.41681818121413,5.5013420360560685]]]}},{"type":"Feature","properties":{"code":"1106232016","desa":"Cot Jambo","kecamatan":"Blang Bintang","kecCode":"110623","kabCode":"1106","province":"Aceh"},"geometry":{"type":"Polygon","coordinates":[[[95.40732108410084,5.4932864091985625],[95.40534623224288,5.4985891528199184],[95.40983945202915,5.5027312574901],[95.41268051469403,5.501950623471833],[95.40732108410084,5.4932864091985625]]]}},{"type":"Feature","properties":{"code":"1106232017","desa":"Cot Nambak","kecamatan":"Blang Bintang","kecCode":"110623","kabCode":"1106","province":"Aceh"},"geometry":{"type":"Polygon","coordinates":[[[95.41216822038712,5.494177661626975],[95.40732108410084,5.4932864091985625],[95.4100003938032,5.4992170019152145],[95.41390295505737,5.497039407796712],[95.41216822038712,5.494177661626975]]]}},{"type":"Feature","properties":{"code":"1106232018","desa":"Bueng Pageu","kecamatan":"Blang Bintang","kecCode":"110623","kabCode":"1106","province":"Aceh"},"geometry":{"type":"Polygon","coordinates":[[[95.48316848633662,5.565092372300965],[95.4842015438662,5.559541419392343],[95.47825574990297,5.5566534319046434],[95.47922237001643,5.553531709718024],[95.4701091440218,5.54276722503565],[95.46150876901453,5.522654131211703],[95.45553095558921,5.5219904864009814],[95.45386837982193,5.515456677019731],[95.448412035587,5.5084967059010035],[95.43874931303043,5.506090157879652],[95.43365669330183,5.508153908619089],[95.41686793440773,5.506457675725955],[95.41383740527209,5.5016179777371725],[95.40983945202915,5.5027312574901],[95.41278681096257,5.508565949201921],[95.41686887689718,5.510279472460682],[95.43711094071739,5.50862704644366],[95.45233713744896,5.516587863173964],[95.4500289725591,5.52039533640641],[95.45464552357214,5.523282052252758],[95.46013746567155,5.53514478631871],[95.46404704703365,5.535737140072302],[95.46214347903839,5.5376288118336205],[95.46591381926743,5.539135394794531],[95.46468950201898,5.541566819862316],[95.4690567645581,5.545769787950596],[95.46902296263964,5.551933859958744],[95.47334437324429,5.553223155921661],[95.48316848633662,5.565092372300965]]]}},{"type":"Feature","properties":{"code":"1106232019","desa":"Cot Sayun","kecamatan":"Blang Bintang","kecCode":"110623","kabCode":"1106","province":"Aceh"},"geometry":{"type":"Polygon","coordinates":[[[95.41681818121413,5.5013420360560685],[95.41416727300128,5.502366728090961],[95.41660466777125,5.506364229870215],[95.42627570276152,5.506193664451143],[95.42347847035518,5.502131488826319],[95.41981044239803,5.503824878063134],[95.41681818121413,5.5013420360560685]]]}},{"type":"Feature","properties":{"code":"1106232020","desa":"Teupin Batee","kecamatan":"Blang Bintang","kecCode":"110623","kabCode":"1106","province":"Aceh"},"geometry":{"type":"Polygon","coordinates":[[[95.4842015438662,5.559541419392343],[95.4870928714389,5.557434615408673],[95.48585483143539,5.553085679258567],[95.48044849490219,5.55230189941181],[95.47805689271148,5.543840758351488],[95.47423348438787,5.542682312846819],[95.4716776102336,5.538191123734216],[95.47237182569926,5.533026668863709],[95.45627850085219,5.515440844455176],[95.45667539505348,5.511460005314803],[95.45374485074433,5.510492991299233],[95.45437397957555,5.508162516030394],[95.44993438726222,5.5037532902296675],[95.44199242570994,5.500968996372461],[95.42777086343466,5.502377635968034],[95.42673722584236,5.498283060467884],[95.42316980144521,5.49726410161105],[95.41641577057139,5.500512710044321],[95.41981044239803,5.503824878063134],[95.42347847035518,5.502131488826319],[95.42798805240676,5.507139199958223],[95.43365669330183,5.508153908619089],[95.43874931303043,5.506090157879652],[95.448412035587,5.5084967059010035],[95.45386837982193,5.515456677019731],[95.45553095558921,5.5219904864009814],[95.46150876901453,5.522654131211703],[95.4701091440218,5.54276722503565],[95.47922237001643,5.553531709718024],[95.47825574990297,5.5566534319046434],[95.4842015438662,5.559541419392343]]]}},{"type":"Feature","properties":{"code":"1106232021","desa":"Cot Leuot","kecamatan":"Blang Bintang","kecCode":"110623","kabCode":"1106","province":"Aceh"},"geometry":{"type":"Polygon","coordinates":[[[95.41456341177212,5.498448725481196],[95.4177044163258,5.500617474767343],[95.42272142825134,5.496788977184108],[95.41920649458409,5.4951077090098375],[95.41456341177212,5.498448725481196]]]}},{"type":"Feature","properties":{"code":"1106232022","desa":"Cot Bagie","kecamatan":"Blang Bintang","kecCode":"110623","kabCode":"1106","province":"Aceh"},"geometry":{"type":"Polygon","coordinates":[[[95.41958440679502,5.495104784414492],[95.42673722584236,5.498283060467884],[95.42777086343466,5.502377635968034],[95.43376900873282,5.502680305500304],[95.43907597377722,5.497584223386959],[95.42874787341566,5.495624936097643],[95.42452297805306,5.490878320638539],[95.41942960559184,5.491054486136003],[95.41958440679502,5.495104784414492]]]}},{"type":"Feature","properties":{"code":"1106232023","desa":"Kayee Kunyet","kecamatan":"Blang Bintang","kecCode":"110623","kabCode":"1106","province":"Aceh"},"geometry":{"type":"Polygon","coordinates":[[[95.43032377072551,5.483598663015734],[95.42260229236193,5.4868873542325485],[95.42572472231814,5.493392770218196],[95.43899928408972,5.497272533654569],[95.43535694077025,5.502054003238901],[95.44260347187281,5.501043233608607],[95.45410557691086,5.507791319956913],[95.45627850085219,5.515440844455176],[95.47237182569926,5.533026668863709],[95.4716776102336,5.538191123734216],[95.47423348438787,5.542682312846819],[95.47805689271148,5.543840758351488],[95.48044849490219,5.55230189941181],[95.48585483143539,5.553085679258567],[95.4870928714389,5.557434615408673],[95.49007776267864,5.5513621924108145],[95.47753324356438,5.538657138028846],[95.47492916125184,5.524890529300774],[95.46922607002716,5.523839758725214],[95.46206470831969,5.51728950703901],[95.4606941397228,5.510065464390857],[95.45643553956852,5.508169826619295],[95.45001004272932,5.4976948678775],[95.43049509157525,5.490634730269359],[95.43032377072551,5.483598663015734]]]}},{"type":"Feature","properties":{"code":"1106232024","desa":"Cot Mancang","kecamatan":"Blang Bintang","kecCode":"110623","kabCode":"1106","province":"Aceh"},"geometry":{"type":"Polygon","coordinates":[[[95.41642930087157,5.488592925685768],[95.41216822038712,5.494177661626975],[95.41456341177212,5.498448725481196],[95.42012482829824,5.493890230207455],[95.41642930087157,5.488592925685768]]]}},{"type":"Feature","properties":{"code":"1106232025","desa":"Empee Bata","kecamatan":"Blang Bintang","kecCode":"110623","kabCode":"1106","province":"Aceh"},"geometry":{"type":"Polygon","coordinates":[[[95.42301359100445,5.48593918640982],[95.41881370488862,5.486497873143272],[95.41642930087157,5.488592925685768],[95.42394370493808,5.491235265155511],[95.42301359100445,5.48593918640982]]]}},{"type":"Feature","properties":{"code":"1106232026","desa":"Data Makmur","kecamatan":"Blang Bintang","kecCode":"110623","kabCode":"1106","province":"Aceh"},"geometry":{"type":"Polygon","coordinates":[[[95.49559232182827,5.548591426155762],[95.48856655899952,5.535865206229476],[95.48487363600958,5.534780172383365],[95.48420738676157,5.530516177200371],[95.47652428606699,5.524495436441873],[95.4759312110566,5.520301080261497],[95.46462085227057,5.514451018236666],[95.46334379697872,5.515662472480653],[95.46283149907447,5.508683204608739],[95.45706246056413,5.502508267891048],[95.45900177930872,5.498053815184703],[95.45660442955084,5.494275324403769],[95.44715595878051,5.487716590312105],[95.44613278929684,5.484604256148369],[95.4299881958986,5.483455839883105],[95.4301833820575,5.490432473640711],[95.45001004272932,5.4976948678775],[95.45643553956852,5.508169826619295],[95.4606941397228,5.510065464390857],[95.46206470831969,5.51728950703901],[95.46922607002716,5.523839758725214],[95.47492916125184,5.524890529300774],[95.47753324356438,5.538657138028846],[95.48499999255569,5.5443665775621485],[95.4901866229144,5.5523306309524765],[95.49311735787984,5.553336795154614],[95.49559232182827,5.548591426155762]]]}}]}