{"type":"FeatureCollection","features":[{"type":"Feature","properties":{"code":"1207012001","desa":"Kuta Bayu","kecamatan":"Gunung Meriah","kecCode":"120701","kabCode":"1207","province":"Sumatera Utara"},"geometry":{"type":"Polygon","coordinates":[[[98.70892174394338,3.0632771064615465],[98.70504561106615,3.050432413447286],[98.6952901036554,3.0410303953688143],[98.69161859622129,3.0493894417926115],[98.69555477323428,3.068903326329607],[98.69394474035754,3.0732952986365487],[98.70016881603811,3.0721475658561572],[98.70458319136127,3.0636035558672874],[98.70892174394338,3.0632771064615465]]]}},{"type":"Feature","properties":{"code":"1207012002","desa":"Gunung Paribuan","kecamatan":"Gunung Meriah","kecCode":"120701","kabCode":"1207","province":"Sumatera Utara"},"geometry":{"type":"Polygon","coordinates":[[[98.70892174394338,3.0632771064615465],[98.70458319136127,3.0636035558672874],[98.70245904664772,3.070243996963628],[98.69770012486096,3.0736049855786898],[98.68571079861454,3.071985657311084],[98.68871676636576,3.074681309490729],[98.68944134564161,3.081525259971247],[98.68187968400024,3.085364440600778],[98.68688368993041,3.0882769004397748],[98.68978901185345,3.0873274951499745],[98.69266280534423,3.0910638445989127],[98.71030611263706,3.08826202835108],[98.71472505381824,3.0797146423073545],[98.71450936131805,3.066710246784991],[98.70892174394338,3.0632771064615465]]]}},{"type":"Feature","properties":{"code":"1207012003","desa":"Simempar","kecamatan":"Gunung Meriah","kecCode":"120701","kabCode":"1207","province":"Sumatera Utara"},"geometry":{"type":"Polygon","coordinates":[[[98.68187968400024,3.085364440600778],[98.68944134564161,3.081525259971247],[98.68871676636576,3.074681309490729],[98.68571079861454,3.071985657311084],[98.67712161567009,3.071941331526096],[98.67204228072671,3.0691434363224346],[98.6623889956557,3.070945556292372],[98.65453407139033,3.0695503795478567],[98.64434241616964,3.0639255176561013],[98.63484453304879,3.0620139834682316],[98.63011854983125,3.0691817132673513],[98.62996572983462,3.0768567937995863],[98.6340391110162,3.0788534686040747],[98.63552082232815,3.0862638130079234],[98.65731668441752,3.0881673819004716],[98.68187968400024,3.085364440600778]]]}},{"type":"Feature","properties":{"code":"1207012004","desa":"Gunung Seribu","kecamatan":"Gunung Meriah","kecCode":"120701","kabCode":"1207","province":"Sumatera Utara"},"geometry":{"type":"Polygon","coordinates":[[[98.70076517357398,3.1031681761354557],[98.68978901185345,3.0873274951499745],[98.68688368993041,3.0882769004397748],[98.68305037827243,3.08537157851986],[98.64627598644766,3.087929434777129],[98.63552082232815,3.0862638130079234],[98.6337892172986,3.0822309148126124],[98.63309327693325,3.0901137989917946],[98.624537250194,3.102037947759358],[98.63030077406152,3.1051016348954845],[98.63424116080095,3.110698126774018],[98.64190412297692,3.112698632690436],[98.65991278344825,3.110340160627139],[98.66936954057188,3.1138720114376186],[98.68661322422099,3.111726219145462],[98.69231202388085,3.1158649315726525],[98.70279055384106,3.115200853288754],[98.70076517357398,3.1031681761354557]]]}},{"type":"Feature","properties":{"code":"1207012005","desa":"Gunung Sinembah","kecamatan":"Gunung Meriah","kecCode":"120701","kabCode":"1207","province":"Sumatera Utara"},"geometry":{"type":"Polygon","coordinates":[[[98.7131593773035,3.084433913879374],[98.70977311323865,3.0885475648990877],[98.69266280534423,3.0910638445989127],[98.70076517357398,3.1031681761354557],[98.70207768463753,3.1135323159174466],[98.72018654757119,3.1126344237944195],[98.71372444382807,3.107519940653082],[98.7131593773035,3.084433913879374]]]}},{"type":"Feature","properties":{"code":"1207012006","desa":"Bintang Meriah","kecamatan":"Gunung Meriah","kecCode":"120701","kabCode":"1207","province":"Sumatera Utara"},"geometry":{"type":"Polygon","coordinates":[[[98.70236321938711,3.11363225397906],[98.70634693186547,3.1233349325043274],[98.70382196920853,3.129823469113985],[98.70654776936414,3.1381916589450367],[98.7119022294044,3.139921749514352],[98.72910582487395,3.1360514037786644],[98.72636009574188,3.1207816304138967],[98.7223302903107,3.119377687977404],[98.72328201405378,3.1165071194585705],[98.7206761079161,3.1125774391523513],[98.70236321938711,3.11363225397906]]]}},{"type":"Feature","properties":{"code":"1207012007","desa":"Kuta Tengah","kecamatan":"Gunung Meriah","kecCode":"120701","kabCode":"1207","province":"Sumatera Utara"},"geometry":{"type":"Polygon","coordinates":[[[98.62327777844676,3.10491666323657],[98.62939158285529,3.1153255352971296],[98.62962317716796,3.1202097937935354],[98.63408945056773,3.122457270630655],[98.65422457240618,3.1190108994813355],[98.66716883927057,3.12348428651367],[98.69685261455656,3.1188205426819837],[98.69971431756177,3.114840147807004],[98.69231202388085,3.1158649315726525],[98.68661322422099,3.111726219145462],[98.66936954057188,3.1138720114376186],[98.65991278344825,3.110340160627139],[98.64190412297692,3.112698632690436],[98.63424116080095,3.110698126774018],[98.63030077406152,3.1051016348954845],[98.624537250194,3.102037947759358],[98.62327777844676,3.10491666323657]]]}},{"type":"Feature","properties":{"code":"1207012008","desa":"Pekan Gunung Mariah","kecamatan":"Gunung Meriah","kecCode":"120701","kabCode":"1207","province":"Sumatera Utara"},"geometry":{"type":"Polygon","coordinates":[[[98.70279055384106,3.115200853288754],[98.69991419278585,3.11465454932061],[98.69842673840333,3.118206758983494],[98.70605343631712,3.1228434215304386],[98.70279055384106,3.115200853288754]]]}},{"type":"Feature","properties":{"code":"1207012009","desa":"Gunung Meriah","kecamatan":"Gunung Meriah","kecCode":"120701","kabCode":"1207","province":"Sumatera Utara"},"geometry":{"type":"Polygon","coordinates":[[[98.62962317716796,3.1202097937935354],[98.62794432906757,3.1316652734677675],[98.64118602961162,3.1330929508116876],[98.68632916256085,3.1273608285782024],[98.70359453156242,3.130958573614271],[98.70634691208039,3.12340479274014],[98.69842673840333,3.118206758983494],[98.66716883927057,3.12348428651367],[98.65422457240618,3.1190108994813355],[98.6375711389969,3.122401759977457],[98.62962317716796,3.1202097937935354]]]}},{"type":"Feature","properties":{"code":"1207012010","desa":"Ujung Meriah","kecamatan":"Gunung Meriah","kecCode":"120701","kabCode":"1207","province":"Sumatera Utara"},"geometry":{"type":"Polygon","coordinates":[[[98.72910582487395,3.1360514037786644],[98.7122102795808,3.1398479727311117],[98.71560124440195,3.1403215548207344],[98.72065682465279,3.146909679655648],[98.71957362272457,3.154536745383946],[98.72338076141307,3.164114075503277],[98.73202020656733,3.1645853337447325],[98.73572313991103,3.1675137817310506],[98.73487868190567,3.1607297899505853],[98.73156955539069,3.158437274166076],[98.73259766844767,3.154288152086239],[98.73017609634984,3.148900398250319],[98.73267716042267,3.145320066787068],[98.72912222041418,3.141101318295184],[98.72910582487395,3.1360514037786644]]]}},{"type":"Feature","properties":{"code":"1207012011","desa":"Marjandi Pematang","kecamatan":"Gunung Meriah","kecCode":"120701","kabCode":"1207","province":"Sumatera Utara"},"geometry":{"type":"Polygon","coordinates":[[[98.7119022294044,3.139921749514352],[98.70644979002584,3.138084153088473],[98.70395700061515,3.1308973864402407],[98.6886134459538,3.127322757578072],[98.68845192681505,3.1324292115721706],[98.67592299744842,3.142337244890583],[98.67756482585611,3.144978445818404],[98.71133467985163,3.146296489509746],[98.7119022294044,3.139921749514352]]]}},{"type":"Feature","properties":{"code":"1207012012","desa":"Marjandi Tongah","kecamatan":"Gunung Meriah","kecCode":"120701","kabCode":"1207","province":"Sumatera Utara"},"geometry":{"type":"Polygon","coordinates":[[[98.62758826678514,3.1271830874685533],[98.62291566192829,3.1327386907709904],[98.61627844939096,3.1313639780996465],[98.61343638667995,3.1457451304523874],[98.60845286370875,3.1515064743570425],[98.62294284303782,3.1481378199208465],[98.67322754041872,3.1434026915024913],[98.68161514032653,3.139369504624795],[98.68956551503656,3.1298689118569523],[98.6867669849085,3.1273608285782024],[98.67988558305323,3.127732024651666],[98.65767569377829,3.1323791112403887],[98.64118602961162,3.1330929508116876],[98.62794432906757,3.1316652734677675],[98.62758826678514,3.1271830874685533]]]}},{"type":"Feature","properties":{"code":"1207021026","desa":"Pekan Tg Morawa","kecamatan":"Tanjung Morawa","kecCode":"120702","kabCode":"1207","province":"Sumatera Utara"},"geometry":{"type":"Polygon","coordinates":[[[98.7936007341866,3.5273869751365305],[98.7937346009711,3.5251664959471847],[98.79948551904153,3.522724493053712],[98.8014044708397,3.52540279011661],[98.8188020635644,3.5259898414672737],[98.81329810202583,3.5240841528726485],[98.805820644807,3.5148392040872336],[98.79970279344921,3.5179691532716983],[98.79724718920647,3.5142571943359164],[98.79446322000165,3.514385684073771],[98.78758553684308,3.520974895289821],[98.7936007341866,3.5273869751365305]]]}},{"type":"Feature","properties":{"code":"1207022001","desa":"Medan Sinembah","kecamatan":"Tanjung Morawa","kecCode":"120702","kabCode":"1207","province":"Sumatera Utara"},"geometry":{"type":"Polygon","coordinates":[[[98.76331521082834,3.5207158653597914],[98.7607778851913,3.5157072153360396],[98.76068270634185,3.504666515579369],[98.76714083957812,3.502862006110796],[98.76719154875103,3.489674220836833],[98.76129313287186,3.4921251674881058],[98.75813993441051,3.487992945468083],[98.73774082827667,3.484934951040466],[98.7347742966965,3.4953012725778705],[98.73080324757187,3.49620256233959],[98.72935001239323,3.501647529245423],[98.73769662929605,3.5007077925669527],[98.73796228003526,3.5032213509183108],[98.74374378224978,3.500313076524068],[98.74693268289707,3.501520439752004],[98.7495468286233,3.511835830883334],[98.75199767365378,3.5129779734778857],[98.75272663622536,3.5239053460663774],[98.76331521082834,3.5207158653597914]]]}},{"type":"Feature","properties":{"code":"1207022002","desa":"Ujung Serdang","kecamatan":"Tanjung Morawa","kecCode":"120702","kabCode":"1207","province":"Sumatera Utara"},"geometry":{"type":"Polygon","coordinates":[[[98.75272663622536,3.5239053460663774],[98.75199767365378,3.5129779734778857],[98.7495468286233,3.511835830883334],[98.74693268289707,3.501520439752004],[98.74374378224978,3.500313076524068],[98.73796228003526,3.5032213509183108],[98.73769662929605,3.5007077925669527],[98.73280298996605,3.5017825633498645],[98.7373439187869,3.512442300395658],[98.73605029258697,3.5167552159996167],[98.73860997357149,3.5173061182013496],[98.74154224457897,3.5268242828227674],[98.74504376665656,3.5288103618149944],[98.74543622989812,3.531412971934558],[98.74474305314942,3.5327171696636808],[98.74477786230858,3.5339292453391398],[98.74777558507526,3.530931830143818],[98.74570545364382,3.52514974067815],[98.75272663622536,3.5239053460663774]]]}},{"type":"Feature","properties":{"code":"1207022003","desa":"Limau Manis","kecamatan":"Tanjung Morawa","kecCode":"120702","kabCode":"1207","province":"Sumatera Utara"},"geometry":{"type":"Polygon","coordinates":[[[98.76843672937162,3.4966825251191462],[98.76714083957812,3.502862006110796],[98.76068270634185,3.504666515579369],[98.76227694532479,3.519895065820434],[98.7698688799449,3.518744231278254],[98.77515346356152,3.525428205856869],[98.78477130275348,3.521936767881153],[98.78489873758672,3.5173540619589536],[98.77545554134018,3.5127776548883096],[98.77311291173156,3.5033836119976423],[98.76843672937162,3.4966825251191462]]]}},{"type":"Feature","properties":{"code":"1207022004","desa":"Bandar Labuhan","kecamatan":"Tanjung Morawa","kecCode":"120702","kabCode":"1207","province":"Sumatera Utara"},"geometry":{"type":"Polygon","coordinates":[[[98.76719154875103,3.489674220836833],[98.77167809556772,3.5030338314800455],[98.77587546538047,3.500842348232045],[98.77903063065914,3.5021558098775905],[98.78648191221055,3.4964177404273697],[98.77883313594054,3.4881455442313976],[98.76719154875103,3.489674220836833]]]}},{"type":"Feature","properties":{"code":"1207022005","desa":"Bangun Rejo","kecamatan":"Tanjung Morawa","kecCode":"120702","kabCode":"1207","province":"Sumatera Utara"},"geometry":{"type":"Polygon","coordinates":[[[98.76865391924304,3.488963036064268],[98.77883313594054,3.4881455442313976],[98.78137439970884,3.4898730321627083],[98.79133482843962,3.5060674551795454],[98.7916203640886,3.5027837983677665],[98.79391868320073,3.5031010108367964],[98.79129199642853,3.4985978571440377],[98.7923741416534,3.4906650830742874],[98.79384609442177,3.4884828394610072],[98.80005413608954,3.4901282894367553],[98.79826093919104,3.487101224492907],[98.79858496492426,3.4704455841652546],[98.7769688827078,3.469206250038673],[98.77430959641083,3.4743083099452896],[98.7690081963712,3.4734666452351615],[98.76881727839474,3.4790393005828966],[98.7727544752389,3.4856622228858067],[98.76865391924304,3.488963036064268]]]}},{"type":"Feature","properties":{"code":"1207022006","desa":"Aek Pancur","kecamatan":"Tanjung Morawa","kecCode":"120702","kabCode":"1207","province":"Sumatera Utara"},"geometry":{"type":"MultiPolygon","coordinates":[[[[98.7769688827078,3.469206250038673],[98.79858496492426,3.4704455841652546],[98.79650013677195,3.463044874198442],[98.80468360586377,3.460960098209017],[98.80312533256813,3.456846148614394],[98.81179909405301,3.455775700872564],[98.80985764301583,3.448410220048197],[98.80109326134499,3.448915594071419],[98.80079787362301,3.4447809654656942],[98.77469913056045,3.4450447698964335],[98.77786860765018,3.45028707457936],[98.7723365072241,3.451211020062076],[98.77254302663943,3.4584696776152652],[98.77831752133659,3.464772786609808],[98.7769688827078,3.469206250038673]]],[[[98.7997811279967,3.4898927003358886],[98.79384609442177,3.4884828394610072],[98.7923741416534,3.4906650830742874],[98.79129199642853,3.4985978571440377],[98.79352714266354,3.5016765854414267],[98.79495948479246,3.4994040265124187],[98.79652992861337,3.5022950716949106],[98.79785052997805,3.4969555601913958],[98.80042599856104,3.4967556858668276],[98.7997811279967,3.4898927003358886]]]]}},{"type":"Feature","properties":{"code":"1207022007","desa":"Sei Merah","kecamatan":"Tanjung Morawa","kecCode":"120702","kabCode":"1207","province":"Sumatera Utara"},"geometry":{"type":"Polygon","coordinates":[[[98.80240016963218,3.513173581418665],[98.81329810202583,3.5240841528726485],[98.82440222108566,3.529084874473307],[98.8247163093103,3.5336753298536605],[98.8307506855957,3.532423376440032],[98.82979652289127,3.5362709639320844],[98.83344536291321,3.537415843163649],[98.83625344743871,3.5327613110876204],[98.84214357786391,3.5321460012396084],[98.83831615586597,3.5247344850190903],[98.8316489059723,3.5234210224742144],[98.83410213060891,3.51644602908052],[98.83024740339499,3.509421859857945],[98.82928234900128,3.511999446341622],[98.82296843644421,3.5121198331878825],[98.82204044760861,3.5015371797325963],[98.80907257533914,3.500479156124781],[98.8071987497226,3.4928053948979167],[98.8004073718028,3.4904199854414117],[98.80042599856104,3.4967556858668276],[98.79785052997805,3.4969555601913958],[98.79652992861337,3.5022950716949106],[98.79495948479246,3.4994040265124187],[98.79324865769945,3.501476443118967],[98.79579716640615,3.505291616346509],[98.80171607423749,3.507819794077017],[98.80240016963218,3.513173581418665]]]}},{"type":"Feature","properties":{"code":"1207022008","desa":"Naga Timbul","kecamatan":"Tanjung Morawa","kecCode":"120702","kabCode":"1207","province":"Sumatera Utara"},"geometry":{"type":"MultiPolygon","coordinates":[[[[98.82066752998257,3.442501527622301],[98.81705095223968,3.4436297316245237],[98.81897216403422,3.4496101665671803],[98.8216788014356,3.445981488450066],[98.82066752998257,3.442501527622301]]],[[[98.79880821532691,3.4709208902552455],[98.79866544705283,3.4880530093888527],[98.80241206766283,3.4926646105283843],[98.8071987497226,3.4928053948979167],[98.80907257533914,3.500479156124781],[98.82204044760861,3.5015371797325963],[98.82296843644421,3.5121198331878825],[98.82928234900128,3.511999446341622],[98.83249462033052,3.5051465979687877],[98.83717773826208,3.5040960989885117],[98.83607787369498,3.5016052494181826],[98.84027583076505,3.501404652938034],[98.83179246564981,3.4876206630136224],[98.81683236392252,3.492409105041463],[98.81144257491495,3.4814611523673644],[98.80873616684066,3.4805728775942373],[98.80468360586377,3.460960098209017],[98.79650013677195,3.463044874198442],[98.79880821532691,3.4709208902552455]]]]}},{"type":"Feature","properties":{"code":"1207022009","desa":"Langau Seprang","kecamatan":"Tanjung Morawa","kecCode":"120702","kabCode":"1207","province":"Sumatera Utara"},"geometry":{"type":"Polygon","coordinates":[[[98.82965022837539,3.5095162562971467],[98.83410213060891,3.51644602908052],[98.8316489059723,3.5234210224742144],[98.83831615586597,3.5247344850190903],[98.8399722610111,3.530626030071513],[98.84366101924068,3.5314221585092263],[98.84741124972948,3.525969171449388],[98.84582957067816,3.5073503209897994],[98.84080964764716,3.5047123459301277],[98.84027583076505,3.501404652938034],[98.83607787369498,3.5016052494181826],[98.83717773826208,3.5040960989885117],[98.83324415129657,3.504504143883468],[98.82965022837539,3.5095162562971467]]]}},{"type":"Feature","properties":{"code":"1207022010","desa":"Tanjung Mulia","kecamatan":"Tanjung Morawa","kecCode":"120702","kabCode":"1207","province":"Sumatera Utara"},"geometry":{"type":"Polygon","coordinates":[[[98.84797563636658,3.5271419953148713],[98.83622585803698,3.5362077406929786],[98.84013769130148,3.542018385432257],[98.84029473631307,3.549185322029348],[98.84826136267179,3.55051085527475],[98.8446848416322,3.5366398514458273],[98.84797563636658,3.5271419953148713]]]}},{"type":"Feature","properties":{"code":"1207022011","desa":"Punden Rejo","kecamatan":"Tanjung Morawa","kecCode":"120702","kabCode":"1207","province":"Sumatera Utara"},"geometry":{"type":"Polygon","coordinates":[[[98.84112992770406,3.5328170087998467],[98.83625344743871,3.5327613110876204],[98.83344536291321,3.537415843163649],[98.82935870144297,3.534645793668432],[98.82706872803941,3.5357713293821478],[98.82695395026468,3.5394308137758617],[98.83524302224771,3.546189727961209],[98.83786102336757,3.552070379525716],[98.83761355961813,3.5475779556442517],[98.84028045957558,3.547500663411063],[98.84079442392355,3.5442312842360844],[98.83622585803698,3.5362077406929786],[98.84112992770406,3.5328170087998467]]]}},{"type":"Feature","properties":{"code":"1207022012","desa":"Tanjung Morawa B","kecamatan":"Tanjung Morawa","kecCode":"120702","kabCode":"1207","province":"Sumatera Utara"},"geometry":{"type":"Polygon","coordinates":[[[98.82238807065299,3.5275050300407327],[98.8014044708397,3.52540279011661],[98.79948551904153,3.522724493053712],[98.7937346009711,3.5251664959471847],[98.79595582660015,3.538304689905565],[98.79853040485436,3.540165427686427],[98.8050530446623,3.5379706052556363],[98.80588531865259,3.542498013663999],[98.80815770401487,3.538678980546194],[98.8269917109987,3.538226881461546],[98.8307506855957,3.532423376440032],[98.8247163093103,3.5336753298536605],[98.82440222108566,3.529084874473307],[98.82242452287352,3.5297681281018662],[98.82238807065299,3.5275050300407327]]]}},{"type":"Feature","properties":{"code":"1207022013","desa":"Dagang Kerawan","kecamatan":"Tanjung Morawa","kecCode":"120702","kabCode":"1207","province":"Sumatera Utara"},"geometry":{"type":"Polygon","coordinates":[[[98.78933684242139,3.5183266229927845],[98.79446322000165,3.514385684073771],[98.79724718920647,3.5142571943359164],[98.79970279344921,3.5179691532716983],[98.80478143501529,3.5146014467208397],[98.80240016963218,3.513173581418665],[98.80171607423749,3.507819794077017],[98.7916203640886,3.5027837983677665],[98.79165605458331,3.505758125268224],[98.78629690997445,3.509660074979243],[98.78933684242139,3.5183266229927845]]]}},{"type":"Feature","properties":{"code":"1207022014","desa":"Tanjung Morawa A","kecamatan":"Tanjung Morawa","kecCode":"120702","kabCode":"1207","province":"Sumatera Utara"},"geometry":{"type":"Polygon","coordinates":[[[98.7936007341866,3.5273869751365305],[98.78758553684308,3.520974895289821],[98.78929200042552,3.5170820062484403],[98.78629690997445,3.509660074979243],[98.7895501193426,3.505235036399346],[98.78628945459472,3.496530849060307],[98.77903063065914,3.5021558098775905],[98.77454772699605,3.501042222556544],[98.77258829131665,3.5050800993987985],[98.77433719570507,3.5107908051771086],[98.77727582941604,3.514467072718895],[98.78489873758672,3.5173540619589536],[98.78369949073895,3.519809666198997],[98.78875548737591,3.536172585294963],[98.79473794040369,3.5338326635474364],[98.7936007341866,3.5273869751365305]]]}},{"type":"Feature","properties":{"code":"1207022015","desa":"Buntu Badimbar","kecamatan":"Tanjung Morawa","kecCode":"120702","kabCode":"1207","province":"Sumatera Utara"},"geometry":{"type":"Polygon","coordinates":[[[98.78477130275348,3.521936767881153],[98.77539159324749,3.525381413231572],[98.77859654499461,3.532952061790017],[98.7791963712156,3.548446238488289],[98.78999386642384,3.5447497272073156],[98.78477130275348,3.521936767881153]]]}},{"type":"Feature","properties":{"code":"1207022016","desa":"Bangun Sari","kecamatan":"Tanjung Morawa","kecCode":"120702","kabCode":"1207","province":"Sumatera Utara"},"geometry":{"type":"Polygon","coordinates":[[[98.7698688799449,3.518744231278254],[98.74570545364382,3.52514974067815],[98.74777558507526,3.530931830143818],[98.74476883041721,3.5339716339844047],[98.75161068098822,3.5399411835330725],[98.75492906692295,3.554096734655715],[98.75914267759252,3.5585919905022534],[98.7693961899822,3.562358224422758],[98.77025279602974,3.5675930377531744],[98.77473611697825,3.5697601223940345],[98.77311681478922,3.5597941466555874],[98.76534073588628,3.544261024816119],[98.7698688799449,3.518744231278254]]]}},{"type":"Feature","properties":{"code":"1207022017","desa":"Dagang Kelambir","kecamatan":"Tanjung Morawa","kecCode":"120702","kabCode":"1207","province":"Sumatera Utara"},"geometry":{"type":"Polygon","coordinates":[[[98.80588531865259,3.542498013663999],[98.8050530446623,3.5379706052556363],[98.79676484502164,3.5393278584888206],[98.79473794040369,3.5338326635474364],[98.78875548737591,3.536172585294963],[98.78939578308899,3.547378578644868],[98.79864790487699,3.547212867766126],[98.79828588008934,3.5455190360630224],[98.80588531865259,3.542498013663999]]]}},{"type":"Feature","properties":{"code":"1207022018","desa":"Dalu Sepuluh-A","kecamatan":"Tanjung Morawa","kecCode":"120702","kabCode":"1207","province":"Sumatera Utara"},"geometry":{"type":"Polygon","coordinates":[[[98.80549742306765,3.5435035933067187],[98.79828588008934,3.5455190360630224],[98.79864790487699,3.547212867766126],[98.78939578308899,3.547378578644868],[98.78854398032047,3.549430919685311],[98.79609876844346,3.5560577189656044],[98.79560080033671,3.560334326240593],[98.79153192295996,3.562004707222157],[98.79689437887252,3.569364848771558],[98.80661313728649,3.5668271184422617],[98.80444415507378,3.5554029432689758],[98.80780398086908,3.5568930713343088],[98.80808702269798,3.548326971297986],[98.80549742306765,3.5435035933067187]]]}},{"type":"Feature","properties":{"code":"1207022019","desa":"Dalu Sepuluh-B","kecamatan":"Tanjung Morawa","kecCode":"120702","kabCode":"1207","province":"Sumatera Utara"},"geometry":{"type":"Polygon","coordinates":[[[98.80806888157365,3.548876010104497],[98.80780398086908,3.5568930713343088],[98.80444415507378,3.5554029432689758],[98.80661313728649,3.5668271184422617],[98.80151138134522,3.5674869852009574],[98.80088923934697,3.5700366279500684],[98.8039301907258,3.576161360913537],[98.825302509903,3.5908730923590304],[98.82142238583451,3.577118886182126],[98.81698945030297,3.573235605497407],[98.82405644974538,3.573021454435416],[98.82177553521285,3.5649714339519587],[98.81672576458242,3.5649517459937665],[98.80806888157365,3.548876010104497]]]}},{"type":"Feature","properties":{"code":"1207022020","desa":"Wonosari","kecamatan":"Tanjung Morawa","kecCode":"120702","kabCode":"1207","province":"Sumatera Utara"},"geometry":{"type":"Polygon","coordinates":[[[98.80547873425621,3.543930707426222],[98.81672576458242,3.5649517459937665],[98.82177553521285,3.5649714339519587],[98.82405644974538,3.573021454435416],[98.81698945030297,3.573235605497407],[98.82142238583451,3.577118886182126],[98.8239176636693,3.588103399894703],[98.83016068087079,3.5934008150326355],[98.83529237704164,3.5940813994733145],[98.83836021455232,3.5877194334482034],[98.83596875805182,3.5507701900748896],[98.8216789048576,3.553248994125823],[98.81151943907093,3.5437547964369402],[98.80547873425621,3.543930707426222]]]}},{"type":"Feature","properties":{"code":"1207022021","desa":"Perdamean","kecamatan":"Tanjung Morawa","kecCode":"120702","kabCode":"1207","province":"Sumatera Utara"},"geometry":{"type":"Polygon","coordinates":[[[98.84826136267179,3.55051085527475],[98.84215071578295,3.5504702301999824],[98.84028045957558,3.547500663411063],[98.83761355961813,3.5475779556442517],[98.83786102336757,3.552070379525716],[98.83596875805182,3.5507701900748896],[98.83806516227747,3.577157957228348],[98.84073015837015,3.578319133973973],[98.8535577750713,3.5773769520388776],[98.8532194060508,3.5675357068720914],[98.84665591094159,3.5604931492117617],[98.8500907815644,3.552603041677767],[98.84826136267179,3.55051085527475]]]}},{"type":"Feature","properties":{"code":"1207022022","desa":"Penara Kebun","kecamatan":"Tanjung Morawa","kecCode":"120702","kabCode":"1207","province":"Sumatera Utara"},"geometry":{"type":"Polygon","coordinates":[[[98.83806516227747,3.577157957228348],[98.83828883176427,3.5886712174448143],[98.83516364808393,3.5937449406131665],[98.83743749844187,3.610441355303106],[98.84258044063488,3.607465275623934],[98.84983771503856,3.59271530860235],[98.85600695905396,3.587408375039911],[98.8535577750713,3.5773769520388776],[98.83806516227747,3.577157957228348]]]}},{"type":"Feature","properties":{"code":"1207022023","desa":"Bangun Sari Baru","kecamatan":"Tanjung Morawa","kecCode":"120702","kabCode":"1207","province":"Sumatera Utara"},"geometry":{"type":"Polygon","coordinates":[[[98.77859654499461,3.532952061790017],[98.77267882426838,3.520704976368486],[98.76825084669927,3.5228369038127],[98.76534073588628,3.544261024816119],[98.77311681478922,3.5597941466555874],[98.77473611697825,3.5697601223940345],[98.78139141937856,3.579089812497191],[98.79399066583663,3.574628320797464],[98.79040039596157,3.5651372104811947],[98.78570012795858,3.5668647550698203],[98.78428090693835,3.563042559036437],[98.77837763382081,3.560032846511431],[98.78411095036012,3.556141541176145],[98.77823962565827,3.5463246334625027],[98.77859654499461,3.532952061790017]]]}},{"type":"Feature","properties":{"code":"1207022024","desa":"Telaga Sari","kecamatan":"Tanjung Morawa","kecCode":"120702","kabCode":"1207","province":"Sumatera Utara"},"geometry":{"type":"Polygon","coordinates":[[[98.78999386642384,3.5447497272073156],[98.7791963712156,3.548446238488289],[98.78415972509129,3.557629590908237],[98.77837763382081,3.560032846511431],[98.78428090693835,3.563042559036437],[98.78570012795858,3.5668647550698203],[98.79040039596157,3.5651372104811947],[98.7924704230716,3.5706094601199188],[98.79650217103841,3.568880889404791],[98.79153192295996,3.562004707222157],[98.79560080033671,3.560334326240593],[98.7962415367176,3.556521714282196],[98.78859156974522,3.5499306072952685],[98.78999386642384,3.5447497272073156]]]}},{"type":"Feature","properties":{"code":"1207022025","desa":"Tanjung Baru","kecamatan":"Tanjung Morawa","kecCode":"120702","kabCode":"1207","province":"Sumatera Utara"},"geometry":{"type":"Polygon","coordinates":[[[98.83596875805182,3.5507701900748896],[98.83524302224771,3.546189727961209],[98.83079343037258,3.544167185956654],[98.8269917109987,3.538226881461546],[98.80815770401487,3.538678980546194],[98.80549742306765,3.5435035933067187],[98.81151943907093,3.5437547964369402],[98.8216789048576,3.553248994125823],[98.83596875805182,3.5507701900748896]]]}},{"type":"Feature","properties":{"code":"1207032001","desa":"Bandar Baru","kecamatan":"Sibolangit","kecCode":"120703","kabCode":"1207","province":"Sumatera Utara"},"geometry":{"type":"Polygon","coordinates":[[[98.54511774528777,3.25043833576638],[98.52306384162306,3.240809987107385],[98.51501598130254,3.24400936305441],[98.50631207813994,3.2408174128095335],[98.50553937164477,3.249481406748363],[98.5169607832136,3.2663850971830866],[98.52621212888668,3.2742658724521223],[98.54029990981304,3.277795474957504],[98.55961143342095,3.275193862186071],[98.55452874490571,3.2670635034657907],[98.55447163795576,3.2629517949816615],[98.55010294729323,3.261138645726172],[98.54511774528777,3.25043833576638]]]}},{"type":"Feature","properties":{"code":"1207032002","desa":"Batu Layang","kecamatan":"Sibolangit","kecCode":"120703","kabCode":"1207","province":"Sumatera Utara"},"geometry":{"type":"Polygon","coordinates":[[[98.57234557908525,3.3099758806239654],[98.57121932930863,3.307393444096552],[98.57504788265372,3.302636901920935],[98.5813410019857,3.302000649560501],[98.58234839376343,3.3060919335416408],[98.5843495103217,3.3052157906229125],[98.58362684840039,3.3030910010978096],[98.58746820989006,3.3012092047919803],[98.58817076926567,3.2913994934534747],[98.57519403777468,3.2885536149220798],[98.56930335156846,3.297805345495016],[98.56455011979227,3.299658026249603],[98.57234557908525,3.3099758806239654]]]}},{"type":"Feature","properties":{"code":"1207032003","desa":"Batu Mbelin","kecamatan":"Sibolangit","kecCode":"120703","kabCode":"1207","province":"Sumatera Utara"},"geometry":{"type":"Polygon","coordinates":[[[98.60305403381663,3.3550469121782465],[98.60332934507328,3.3494253840732724],[98.59850999963687,3.347107016377243],[98.59996529786025,3.3420758545240634],[98.59272573470496,3.3403119404525685],[98.58976507839571,3.3446749464957515],[98.59249194065056,3.3450104502759017],[98.59451210395048,3.3511922901891924],[98.59285031778802,3.354595477692656],[98.5963939227414,3.3574715833372584],[98.60305403381663,3.3550469121782465]]]}},{"type":"Feature","properties":{"code":"1207032004","desa":"Betimus Mbaru","kecamatan":"Sibolangit","kecCode":"120703","kabCode":"1207","province":"Sumatera Utara"},"geometry":{"type":"Polygon","coordinates":[[[98.57115490277657,3.310272145184594],[98.56042645121981,3.2932357903590543],[98.55026205355095,3.291888420675137],[98.5522411052429,3.3038005976677014],[98.55640516236842,3.3111769261145403],[98.56078693996534,3.314526612050158],[98.57115490277657,3.310272145184594]]]}},{"type":"Feature","properties":{"code":"1207032005","desa":"Bengkurung","kecamatan":"Sibolangit","kecCode":"120703","kabCode":"1207","province":"Sumatera Utara"},"geometry":{"type":"Polygon","coordinates":[[[98.60916527156007,3.3425090696443505],[98.60333243964044,3.325595517244043],[98.59892434158513,3.326753254082915],[98.60678267158306,3.3403532903808797],[98.60390207921762,3.341558966480701],[98.60172696003121,3.339768955882101],[98.59996529786025,3.3420758545240634],[98.60916527156007,3.3425090696443505]]]}},{"type":"Feature","properties":{"code":"1207032006","desa":"Bingkawan","kecamatan":"Sibolangit","kecCode":"120703","kabCode":"1207","province":"Sumatera Utara"},"geometry":{"type":"Polygon","coordinates":[[[98.5967378315857,3.362069382581351],[98.59083788056381,3.3586910577352307],[98.5920152244231,3.3565334051838907],[98.58872164898496,3.3528235767420846],[98.57966475292606,3.354132211726169],[98.58111213171956,3.3660295849785777],[98.58734909288636,3.3663653324749028],[98.5967378315857,3.362069382581351]]]}},{"type":"Feature","properties":{"code":"1207032007","desa":"Buah Nabar","kecamatan":"Sibolangit","kecCode":"120703","kabCode":"1207","province":"Sumatera Utara"},"geometry":{"type":"Polygon","coordinates":[[[98.57963147441308,3.3644553487182467],[98.57885640270086,3.357977488859863],[98.5806695519583,3.355593269206453],[98.57569438908484,3.34096753273364],[98.58410503771738,3.3397955596268107],[98.57925093798048,3.3386772130935656],[98.5713681194432,3.330060629614258],[98.56979529691544,3.3251256277707775],[98.56151194012398,3.325811180066428],[98.55368567635291,3.3343976614381634],[98.5679431197792,3.3566020162613746],[98.56436104902326,3.35890481849145],[98.56594892620205,3.365590136657121],[98.56984989925347,3.3707643212924414],[98.57963147441308,3.3644553487182467]]]}},{"type":"Feature","properties":{"code":"1207032008","desa":"Bukum","kecamatan":"Sibolangit","kecCode":"120703","kabCode":"1207","province":"Sumatera Utara"},"geometry":{"type":"Polygon","coordinates":[[[98.58220931630693,3.215537114889436],[98.57476898580012,3.2100913646741143],[98.56683113055232,3.2080076220058173],[98.56140704320053,3.200461928734786],[98.5565339201044,3.200936496481416],[98.55435832607593,3.218198387786017],[98.56131810204884,3.228556281776385],[98.5672547678933,3.247093718409798],[98.57287029572763,3.2506153205461774],[98.57553529271962,3.2601331641095537],[98.57979431915254,3.264695489595586],[98.58766871284087,3.2629824546687978],[98.58921964497068,3.264716130835148],[98.59100189711988,3.260414046665949],[98.58602669287762,3.2568383440132407],[98.58220931630693,3.215537114889436]]]}},{"type":"Feature","properties":{"code":"1207032009","desa":"Buluh Awar","kecamatan":"Sibolangit","kecCode":"120703","kabCode":"1207","province":"Sumatera Utara"},"geometry":{"type":"Polygon","coordinates":[[[98.58817076926567,3.2913994934534747],[98.58718267424108,3.3008165931626956],[98.59313608456273,3.29981305677969],[98.59780181230383,3.3054795446916763],[98.60045729087138,3.3026812987523493],[98.60997513444492,3.3025448751954207],[98.60869263375808,3.299561830267069],[98.61593023459271,3.2949476085030858],[98.61505221388863,3.2905940867102026],[98.61044795660796,3.286620386388496],[98.61081280796475,3.2819522017045415],[98.60531149403027,3.27877324126731],[98.58936014155734,3.2786170551083904],[98.59092803939757,3.2873900360872415],[98.59026888040454,3.2911139667980813],[98.58817076926567,3.2913994934534747]]]}},{"type":"Feature","properties":{"code":"1207032010","desa":"Cinta Rakyat","kecamatan":"Sibolangit","kecCode":"120703","kabCode":"1207","province":"Sumatera Utara"},"geometry":{"type":"Polygon","coordinates":[[[98.58616371628256,3.2524119429604754],[98.58602669287762,3.2568383440132407],[98.59100189711988,3.260414046665949],[98.58921964497068,3.264716130835148],[98.59307154561537,3.2681108764025355],[98.59834800026003,3.2671471952746347],[98.60092852663024,3.2762177007642683],[98.60359828193519,3.2751041125439353],[98.60538287771772,3.2799296596999894],[98.6101895840821,3.281505332177615],[98.61235239784492,3.2667516023927607],[98.61869925076985,3.2574196397028827],[98.61807464193122,3.253880190520465],[98.60716110090412,3.2525802303968314],[98.60164363604501,3.254696508738092],[98.58616371628256,3.2524119429604754]]]}},{"type":"Feature","properties":{"code":"1207032011","desa":"Durin Serugun","kecamatan":"Sibolangit","kecCode":"120703","kabCode":"1207","province":"Sumatera Utara"},"geometry":{"type":"Polygon","coordinates":[[[98.54878678857948,3.2875340067547727],[98.53739321642388,3.2761432665765557],[98.5331651968164,3.2832028564970672],[98.53688905288755,3.2893299681672867],[98.53494979259892,3.2939104311803447],[98.53690095091821,3.2955879527789005],[98.536213285215,3.3034339854386876],[98.55115630162209,3.2982943500583706],[98.54878678857948,3.2875340067547727]]]}},{"type":"Feature","properties":{"code":"1207032012","desa":"Ketangkuhen","kecamatan":"Sibolangit","kecCode":"120703","kabCode":"1207","province":"Sumatera Utara"},"geometry":{"type":"Polygon","coordinates":[[[98.56429002776262,3.300462704541984],[98.56930335156846,3.297805345495016],[98.57519403777468,3.2885536149220798],[98.59026888040454,3.2911139667980813],[98.58792383971348,3.274287026305307],[98.57913408007379,3.2767540159624557],[98.56346964820573,3.289551789547031],[98.55880590526839,3.2894375756473098],[98.55528430402745,3.2921501611618313],[98.56042645121981,3.2932357903590543],[98.56429002776262,3.300462704541984]]]}},{"type":"Feature","properties":{"code":"1207032013","desa":"Kuala","kecamatan":"Sibolangit","kecCode":"120703","kabCode":"1207","province":"Sumatera Utara"},"geometry":{"type":"Polygon","coordinates":[[[98.59996529786025,3.3420758545240634],[98.59850999963687,3.347107016377243],[98.60332934507328,3.3494253840732724],[98.60305403381663,3.3550469121782465],[98.61624179122572,3.3555047264544915],[98.60916527156007,3.3425090696443505],[98.59996529786025,3.3420758545240634]]]}},{"type":"Feature","properties":{"code":"1207032014","desa":"Martelu","kecamatan":"Sibolangit","kecCode":"120703","kabCode":"1207","province":"Sumatera Utara"},"geometry":{"type":"Polygon","coordinates":[[[98.55435832607593,3.218198387786017],[98.54406023609107,3.2337460678505665],[98.5681516356895,3.2636013869860068],[98.5725488789277,3.265257492129344],[98.57704703329402,3.2746065392401147],[98.58146863556912,3.2762271832158847],[98.58150091133803,3.2644898425228357],[98.57570661356942,3.2604377357078964],[98.57287029572763,3.2506153205461774],[98.56763548059303,3.2478075561824182],[98.56131810204884,3.228556281776385],[98.55435832607593,3.218198387786017]]]}},{"type":"Feature","properties":{"code":"1207032015","desa":"Negeri Gugung","kecamatan":"Sibolangit","kecCode":"120703","kabCode":"1207","province":"Sumatera Utara"},"geometry":{"type":"Polygon","coordinates":[[[98.61002565835753,3.2268626695078138],[98.5993835192341,3.222928364887646],[98.5946346455725,3.2184556388570065],[98.58833704941536,3.2192345668612683],[98.58191507971719,3.215738966823148],[98.58616371628256,3.2524119429604754],[98.60164363604501,3.254696508738092],[98.61361073824501,3.2490010302806978],[98.61002565835753,3.2268626695078138]]]}},{"type":"Feature","properties":{"code":"1207032016","desa":"Puangaja","kecamatan":"Sibolangit","kecCode":"120703","kabCode":"1207","province":"Sumatera Utara"},"geometry":{"type":"Polygon","coordinates":[[[98.56902873908513,3.3246751897339237],[98.57925093798048,3.3386772130935656],[98.58529402959584,3.3404453503813207],[98.58020793265,3.3347049013250514],[98.57393309563594,3.312118858937441],[98.56252604264279,3.317820682111919],[98.56183600003145,3.32207991718293],[98.56902873908513,3.3246751897339237]]]}},{"type":"Feature","properties":{"code":"1207032017","desa":"Rumah Kinangkung Sp","kecamatan":"Sibolangit","kecCode":"120703","kabCode":"1207","province":"Sumatera Utara"},"geometry":{"type":"Polygon","coordinates":[[[98.59313608456273,3.29981305677969],[98.58376961577522,3.3041617582064453],[98.58963576308007,3.3146347393382922],[98.58463595968186,3.318695996755027],[98.58959869032738,3.3213462925266786],[98.59310099931174,3.3270209966448645],[98.60282665822376,3.3264391667579316],[98.60626260083842,3.32385982929426],[98.60504431624223,3.320871226555687],[98.60785208060912,3.3167785531220018],[98.60382603344476,3.31374236275732],[98.60103701364731,3.3144434913108376],[98.59679710500245,3.309326081775524],[98.59380850136131,3.3106585793707763],[98.59780181230383,3.3054795446916763],[98.59313608456273,3.29981305677969]]]}},{"type":"Feature","properties":{"code":"1207032018","desa":"Rambung Baru","kecamatan":"Sibolangit","kecCode":"120703","kabCode":"1207","province":"Sumatera Utara"},"geometry":{"type":"Polygon","coordinates":[[[98.5967378315857,3.362069382581351],[98.58734909288636,3.3663653324749028],[98.57826609580371,3.366455155861457],[98.58079308283459,3.3761490803860097],[98.58571856805753,3.377476820567654],[98.5867732632755,3.3853385589877125],[98.60281083105508,3.38048445835667],[98.60159730567118,3.3688250996768083],[98.5967378315857,3.362069382581351]]]}},{"type":"Feature","properties":{"code":"1207032019","desa":"Rumah Pil Pil","kecamatan":"Sibolangit","kecCode":"120703","kabCode":"1207","province":"Sumatera Utara"},"geometry":{"type":"Polygon","coordinates":[[[98.57234557908525,3.3099758806239654],[98.56078693996534,3.314526612050158],[98.5522411052429,3.3038005976677014],[98.5512607156096,3.2970577624612782],[98.5443833768914,3.300607817348544],[98.55032687938206,3.3196750167197795],[98.55559585256663,3.326501479883178],[98.56902873908513,3.3246751897339237],[98.56183600003145,3.32207991718293],[98.56252604264279,3.317820682111919],[98.57305394268535,3.3120950646747875],[98.57234557908525,3.3099758806239654]]]}},{"type":"Feature","properties":{"code":"1207032020","desa":"Rumah Sumbul","kecamatan":"Sibolangit","kecCode":"120703","kabCode":"1207","province":"Sumatera Utara"},"geometry":{"type":"Polygon","coordinates":[[[98.5843495103217,3.3052157906229125],[98.58234839376343,3.3060919335416408],[98.5813410019857,3.302000649560501],[98.57904537634312,3.3018159881676996],[98.57504788265372,3.302636901920935],[98.57121932930863,3.307393444096552],[98.57435789759892,3.313712385655622],[98.58329999969526,3.3200170163030145],[98.58903983991671,3.3165790160432342],[98.58983724089602,3.3133702736571258],[98.5843495103217,3.3052157906229125]]]}},{"type":"Feature","properties":{"code":"1207032021","desa":"Sala Bulan","kecamatan":"Sibolangit","kecCode":"120703","kabCode":"1207","province":"Sumatera Utara"},"geometry":{"type":"Polygon","coordinates":[[[98.59962390531905,3.3407260153017715],[98.60678267158306,3.3403532903808797],[98.59943013739098,3.3278611199170154],[98.59310099931174,3.3270209966448645],[98.59962390531905,3.3407260153017715]]]}},{"type":"Feature","properties":{"code":"1207032022","desa":"Sayum Sabah","kecamatan":"Sibolangit","kecCode":"120703","kabCode":"1207","province":"Sumatera Utara"},"geometry":{"type":"Polygon","coordinates":[[[98.60305403381663,3.3550469121782465],[98.5963939227414,3.3574715833372584],[98.58948783359669,3.3535707272019017],[98.5920152244231,3.3565334051838907],[98.59083788056381,3.3586910577352307],[98.59591085460232,3.3610999763692697],[98.60159730567118,3.3688250996768083],[98.60113160973607,3.37767794584911],[98.60893927282922,3.375453723681451],[98.61758968341722,3.3685166825773254],[98.6248633605557,3.369318146692753],[98.61624179122572,3.3555047264544915],[98.60305403381663,3.3550469121782465]]]}},{"type":"Feature","properties":{"code":"1207032023","desa":"Sembahe","kecamatan":"Sibolangit","kecCode":"120703","kabCode":"1207","province":"Sumatera Utara"},"geometry":{"type":"Polygon","coordinates":[[[98.59228090394059,3.3537189282803306],[98.59451210395048,3.3511922901891924],[98.59249194065056,3.3450104502759017],[98.58976507839571,3.3446749464957515],[98.59295308062025,3.3413246652088913],[98.59177286792357,3.3383170274199254],[98.58689501889006,3.3423005627275217],[98.58529402959584,3.3404453503813207],[98.57569438908484,3.34096753273364],[98.57966475292606,3.354132211726169],[98.59228090394059,3.3537189282803306]]]}},{"type":"Feature","properties":{"code":"1207032024","desa":"Sibolangit","kecamatan":"Sibolangit","kecCode":"120703","kabCode":"1207","province":"Sumatera Utara"},"geometry":{"type":"Polygon","coordinates":[[[98.59040229842735,3.337936314720584],[98.59996529786025,3.3420758545240634],[98.58959869032738,3.3213462925266786],[98.58463595968186,3.318695996755027],[98.58329999969526,3.3200170163030145],[98.57435789759892,3.313712385655622],[98.58053510870836,3.3351807928737442],[98.58460993599981,3.3375602542141896],[98.58622652763222,3.3421573492891303],[98.59040229842735,3.337936314720584]]]}},{"type":"Feature","properties":{"code":"1207032025","desa":"Sikeben","kecamatan":"Sibolangit","kecCode":"120703","kabCode":"1207","province":"Sumatera Utara"},"geometry":{"type":"Polygon","coordinates":[[[98.54406023609107,3.2337460678505665],[98.5402445070784,3.239633840246997],[98.53930035382831,3.2465998790910806],[98.54511774528777,3.25043833576638],[98.55010294729323,3.261138645726172],[98.55447163795576,3.2629517949816615],[98.55989719569908,3.2763735721604146],[98.5693958018748,3.2836974476490064],[98.58093935576669,3.2763466239753507],[98.57704703329402,3.2746065392401147],[98.5725488789277,3.265257492129344],[98.5681516356895,3.2636013869860068],[98.54406023609107,3.2337460678505665]]]}},{"type":"Feature","properties":{"code":"1207032026","desa":"Suka Maju","kecamatan":"Sibolangit","kecCode":"120703","kabCode":"1207","province":"Sumatera Utara"},"geometry":{"type":"Polygon","coordinates":[[[98.59307154561537,3.2681108764025355],[98.58766871284087,3.2629824546687978],[98.58150091133803,3.2644898425228357],[98.58146863556912,3.2762271832158847],[98.58792383971348,3.274287026305307],[98.58936014155734,3.2786170551083904],[98.60531149403027,3.27877324126731],[98.60359828193519,3.2751041125439353],[98.60044311665655,3.275446755142453],[98.59834800026003,3.2671471952746347],[98.59307154561537,3.2681108764025355]]]}},{"type":"Feature","properties":{"code":"1207032027","desa":"Suka Makmur","kecamatan":"Sibolangit","kecCode":"120703","kabCode":"1207","province":"Sumatera Utara"},"geometry":{"type":"Polygon","coordinates":[[[98.55958763825895,3.2749797102247458],[98.55450225357616,3.2767550483841954],[98.54022548731642,3.2778496006547346],[98.55026205355095,3.291888420675137],[98.55644548077434,3.2933208554326403],[98.55528430402745,3.2921501611618313],[98.55880590526839,3.2894375756473098],[98.5626701509068,3.2899896100955623],[98.5693958018748,3.2836974476490064],[98.55958763825895,3.2749797102247458]]]}},{"type":"Feature","properties":{"code":"1207032028","desa":"Tambunen","kecamatan":"Sibolangit","kecCode":"120703","kabCode":"1207","province":"Sumatera Utara"},"geometry":{"type":"Polygon","coordinates":[[[98.56984989925347,3.3707643212924414],[98.564901963355,3.3630203185172984],[98.56436104902326,3.35890481849145],[98.5679431197792,3.3566020162613746],[98.56422216042442,3.3494499877257824],[98.55323315998243,3.3338269777486738],[98.54911188000932,3.3338050163043453],[98.54644499983692,3.339563036314793],[98.54969903927929,3.3693149666900086],[98.55706058287966,3.3697740822851916],[98.55855372907136,3.372868755562398],[98.56984989925347,3.3707643212924414]]]}},{"type":"Feature","properties":{"code":"1207032029","desa":"Tanjung Beringin","kecamatan":"Sibolangit","kecCode":"120703","kabCode":"1207","province":"Sumatera Utara"},"geometry":{"type":"Polygon","coordinates":[[[98.55368567635291,3.3343976614381634],[98.56018345440293,3.3267489436323214],[98.55481539031808,3.326044623384941],[98.55032687938206,3.3196750167197795],[98.5443833768914,3.300607817348544],[98.53821678767467,3.3027368210967953],[98.53848814371293,3.345956061326012],[98.54225684897442,3.35853895539771],[98.5461532165977,3.354881525055557],[98.54764700220743,3.3560092227394085],[98.54733095975602,3.3359910262783465],[98.55124703961921,3.3327099864937506],[98.55368567635291,3.3343976614381634]]]}},{"type":"Feature","properties":{"code":"1207032030","desa":"Ujung Deleng","kecamatan":"Sibolangit","kecCode":"120703","kabCode":"1207","province":"Sumatera Utara"},"geometry":{"type":"Polygon","coordinates":[[[98.53821678767467,3.3027368210967953],[98.53619900937683,3.3034282756430717],[98.53690095091821,3.2955879527789005],[98.53492599743691,3.2945647823970003],[98.53632333435445,3.290538142583741],[98.53445255833896,3.2866101323185104],[98.53089665155926,3.286386661582212],[98.52186659756545,3.292323416453104],[98.51869001673094,3.2893847827452998],[98.51788904184586,3.3088964891244044],[98.52362830200457,3.3217741323991374],[98.52120908792915,3.326917300316509],[98.5239692619719,3.326917300316509],[98.52883859082834,3.3373602782662704],[98.53094719885422,3.3499476572570774],[98.52947407876574,3.3514164480075657],[98.53323048130176,3.3558157974532796],[98.53743407802033,3.356370274460173],[98.54085296679102,3.3561316258656833],[98.54147162661432,3.3528520429827386],[98.53848814371293,3.345956061326012],[98.53821678767467,3.3027368210967953]]]}},{"type":"Feature","properties":{"code":"1207042001","desa":"Suka Makmur","kecamatan":"Kutalimbaru","kecCode":"120704","kabCode":"1207","province":"Sumatera Utara"},"geometry":{"type":"Polygon","coordinates":[[[98.4713922223732,3.241666663301112],[98.46815494989107,3.253885946181539],[98.46994468080241,3.257234640165017],[98.47324142904876,3.256444435561569],[98.47484706334136,3.2706446452181996],[98.47000737344159,3.276485602506221],[98.4792739662206,3.2860943567365],[98.49642057704806,3.2967693660692126],[98.50922729710213,3.3084993826835034],[98.50475950204945,3.3164783333430026],[98.50698845735148,3.3296145272090403],[98.50200723934266,3.3392840935960533],[98.50450932414606,3.348819652005055],[98.50375180989816,3.365635132437005],[98.49905924908512,3.375636998319655],[98.49597226410879,3.3918970718457273],[98.49855216275216,3.394730895864439],[98.49995495855455,3.392385026000932],[98.50759703937194,3.390972026492167],[98.51704415936052,3.3920289862019586],[98.51407884006647,3.37590701616637],[98.5174768798542,3.3706449866530264],[98.52417287927499,3.369704037688412],[98.53584031477872,3.375031673644348],[98.54159059972648,3.3733629968781136],[98.53973462115589,3.371078714386865],[98.54228064413651,3.356611591343175],[98.53323048130176,3.3558157974532796],[98.52947407876574,3.3514164480075657],[98.53094719885422,3.3499476572570774],[98.52883859082834,3.3373602782662704],[98.5239692619719,3.326917300316509],[98.52120908792915,3.326917300316509],[98.52362830200457,3.3217741323991374],[98.51788904184586,3.3088964891244044],[98.5174212810673,3.301644518030621],[98.51869001673094,3.2893847827452998],[98.52205695436498,3.292287724159807],[98.53107511122744,3.286362866420215],[98.53445255833896,3.2866101323185104],[98.53684146256353,3.2900557057692814],[98.5331651968164,3.2832028564970672],[98.53654850660836,3.2768808995111502],[98.52267149079671,3.2724384464591703],[98.5169607832136,3.2663850971830866],[98.50684807497873,3.25281265118614],[98.50631207813994,3.2408174128095335],[98.50051007767804,3.241695540532031],[98.48716990586648,3.2363800301352215],[98.4713922223732,3.241666663301112]]]}},{"type":"Feature","properties":{"code":"1207042002","desa":"Namo Mirik","kecamatan":"Kutalimbaru","kecCode":"120704","kabCode":"1207","province":"Sumatera Utara"},"geometry":{"type":"Polygon","coordinates":[[[98.50245724480607,3.395838485606739],[98.50817924157876,3.4083122829212433],[98.53696191056378,3.4029570611609112],[98.54280110788488,3.4051414064898284],[98.54680625660352,3.4038037755642834],[98.54701577076128,3.3967977132919045],[98.54442215925529,3.3948019405073713],[98.54439836409328,3.384022982136722],[98.54097193990316,3.3740768355500412],[98.53584031477872,3.375031673644348],[98.52417287927499,3.369704037688412],[98.5174768798542,3.3706449866530264],[98.51407884006647,3.37590701616637],[98.51704415936052,3.3920289862019586],[98.49995495855455,3.392385026000932],[98.4987382117991,3.3952243871454915],[98.50245724480607,3.395838485606739]]]}},{"type":"Feature","properties":{"code":"1207042003","desa":"Suka Dame","kecamatan":"Kutalimbaru","kecCode":"120704","kabCode":"1207","province":"Sumatera Utara"},"geometry":{"type":"Polygon","coordinates":[[[98.58202033187284,3.366376835703222],[98.57963147441308,3.3644553487182467],[98.56789549258298,3.371579088179545],[98.55855372907136,3.372868755562398],[98.55706058287966,3.3697740822851916],[98.54969903927929,3.3693149666900086],[98.5461532165977,3.354881525055557],[98.54059122720342,3.359728685618307],[98.54223305471174,3.3654631865585944],[98.53973462115589,3.371078714386865],[98.54439836409328,3.384022982136722],[98.54442215925529,3.3948019405073713],[98.54701577076128,3.3967977132919045],[98.54609241793082,3.404684177672241],[98.5485789543553,3.4055645761828974],[98.54613434072729,3.412786287787797],[98.56310404231778,3.4132113991171673],[98.56042001027531,3.4165807163537476],[98.56736835496564,3.4221992281325964],[98.5667376496229,3.4253845728570407],[98.57694068396545,3.426215968208765],[98.58259428279995,3.4302277395306726],[98.58554957375388,3.428957107198196],[98.5858493861403,3.4319552283613577],[98.59158959688244,3.4321974931298085],[98.59715753619138,3.431074387384286],[98.59863327600492,3.428523469396519],[98.59677630458286,3.4273934775420796],[98.59646715183766,3.4179878630746727],[98.58481900409384,3.4067487836667802],[98.58746103869605,3.396148284964143],[98.58505632978586,3.394949756676003],[98.58571856805753,3.377476820567654],[98.58079308283459,3.3761490803860097],[98.57826609580371,3.366455155861457],[98.58202033187284,3.366376835703222]]]}},{"type":"Feature","properties":{"code":"1207042004","desa":"Pasar X","kecamatan":"Kutalimbaru","kecCode":"120704","kabCode":"1207","province":"Sumatera Utara"},"geometry":{"type":"Polygon","coordinates":[[[98.5485789543553,3.4055645761828974],[98.53696191056378,3.4029570611609112],[98.52131397226209,3.406858905651226],[98.51741205582174,3.4281209706206655],[98.5219963355625,3.4278598866391126],[98.52323365700772,3.432782831271985],[98.52760471378656,3.434965166616127],[98.555534892921,3.432277821474141],[98.5668857355883,3.4343652810405416],[98.567623369423,3.4225869492486543],[98.56042001027531,3.4165807163537476],[98.56310404231778,3.4132113991171673],[98.54613434072729,3.412786287787797],[98.5485789543553,3.4055645761828974]]]}},{"type":"Feature","properties":{"code":"1207042005","desa":"Perpanden","kecamatan":"Kutalimbaru","kecCode":"120704","kabCode":"1207","province":"Sumatera Utara"},"geometry":{"type":"Polygon","coordinates":[[[98.50460721175345,3.4018496773633347],[98.50134623404152,3.4068509223694248],[98.50093460534781,3.413172291198722],[98.50581403808745,3.44468356529086],[98.51177458632816,3.440912119799135],[98.51517721625561,3.4349039812408013],[98.52131397226209,3.406858905651226],[98.50817924157876,3.4083122829212433],[98.50460721175345,3.4018496773633347]]]}},{"type":"Feature","properties":{"code":"1207042006","desa":"Kutalimbaru","kecamatan":"Kutalimbaru","kecCode":"120704","kabCode":"1207","province":"Sumatera Utara"},"geometry":{"type":"Polygon","coordinates":[[[98.56550564766758,3.4351505033998233],[98.55654616437403,3.4323135128682085],[98.53686278099262,3.4330209060990837],[98.52760471378656,3.434965166616127],[98.52755802997916,3.4402510686332324],[98.53144368937483,3.4449064820448583],[98.53227650026035,3.4507718541278383],[98.54728718975207,3.4507672091294266],[98.54738289920151,3.4486488461596267],[98.55670851358707,3.4468949037709793],[98.55839764633436,3.4531432620393723],[98.56064245938205,3.4546923127858125],[98.56260270624995,3.4426933943833222],[98.56493457816832,3.4413133073634534],[98.56426832892032,3.439171792246913],[98.56640984403911,3.440670853278138],[98.56550564766758,3.4351505033998233]]]}},{"type":"Feature","properties":{"code":"1207042007","desa":"Sampe Cita","kecamatan":"Kutalimbaru","kecCode":"120704","kabCode":"1207","province":"Sumatera Utara"},"geometry":{"type":"Polygon","coordinates":[[[98.50544313339395,3.4581249692740044],[98.51761045525836,3.462506761255448],[98.52667934377678,3.461236723374835],[98.52633670207717,3.4577389164003782],[98.53729053722854,3.458786236277188],[98.53888311156639,3.456524796565948],[98.53647324774228,3.45081245042422],[98.53063467275199,3.448582750485929],[98.53144368937483,3.4449064820448583],[98.52755802997916,3.4402510686332324],[98.52761186429613,3.4347577856505205],[98.52323365700772,3.432782831271985],[98.52098268630196,3.427231707492609],[98.51741205582174,3.4281209706206655],[98.51177458632816,3.440912119799135],[98.50439649340353,3.4441437238509254],[98.50674244240986,3.448552970335762],[98.5043915210519,3.453745690897778],[98.50544313339395,3.4581249692740044]]]}},{"type":"Feature","properties":{"code":"1207042008","desa":"Suka Rende","kecamatan":"Kutalimbaru","kecCode":"120704","kabCode":"1207","province":"Sumatera Utara"},"geometry":{"type":"Polygon","coordinates":[[[98.54728718975207,3.4507672091294266],[98.53647324774228,3.45081245042422],[98.53894021941568,3.4562535367554146],[98.53729053722854,3.458786236277188],[98.54033862742578,3.460050919594294],[98.5414409129678,3.4737304415719894],[98.54749352390706,3.4773506174984763],[98.54494381910199,3.4822006001338424],[98.5495901592585,3.4863995464536526],[98.54916185623473,3.488517266408181],[98.55248929834251,3.488517266408181],[98.55474719832462,3.485390664500411],[98.5609535258846,3.485409526880943],[98.55959012488444,3.4809196013161596],[98.57019525600634,3.480181185971366],[98.56420884236421,3.474325949247891],[98.56435755785509,3.4698644602461335],[98.55977709573641,3.4648378480631847],[98.56251347641586,3.4553497477777677],[98.55839764633436,3.4531432620393723],[98.55657808760873,3.45582197009243],[98.549793769367,3.4563816191004473],[98.54728718975207,3.4507672091294266]]]}},{"type":"Feature","properties":{"code":"1207042009","desa":"Kwala Lau Bicik","kecamatan":"Kutalimbaru","kecCode":"120704","kabCode":"1207","province":"Sumatera Utara"},"geometry":{"type":"Polygon","coordinates":[[[98.55839764633436,3.4531432620393723],[98.55670851358707,3.4468949037709793],[98.54738289920151,3.4486488461596267],[98.549793769367,3.4563816191004473],[98.55657808760873,3.45582197009243],[98.55839764633436,3.4531432620393723]]]}},{"type":"Feature","properties":{"code":"1207042010","desa":"Lau Bakeni","kecamatan":"Kutalimbaru","kecCode":"120704","kabCode":"1207","province":"Sumatera Utara"},"geometry":{"type":"Polygon","coordinates":[[[98.50771473814471,3.475910221942242],[98.51047423409868,3.4808623333876416],[98.5122210565566,3.49474427207331],[98.52361642106104,3.506351992580711],[98.52562120235665,3.498379688810449],[98.52977098184539,3.494772426249241],[98.5287836638351,3.487326617080502],[98.53129639661147,3.485018674325635],[98.53596606698044,3.4894479064442208],[98.55248929834251,3.488517266408181],[98.54916185623473,3.488517266408181],[98.5495901592585,3.4863995464536526],[98.54494381910199,3.4822006001338424],[98.54749352390706,3.4773506174984763],[98.5414409129678,3.4737304415719894],[98.54033862742578,3.460050919594294],[98.53729053722854,3.458786236277188],[98.52633670207717,3.4577389164003782],[98.52667934377678,3.461236723374835],[98.51761045525836,3.462506761255448],[98.50655610468056,3.4586512750178575],[98.50976359521384,3.468056278845643],[98.50771473814471,3.475910221942242]]]}},{"type":"Feature","properties":{"code":"1207042011","desa":"Silebo Lebo","kecamatan":"Kutalimbaru","kecCode":"120704","kabCode":"1207","province":"Sumatera Utara"},"geometry":{"type":"Polygon","coordinates":[[[98.51123139491301,3.544217921209823],[98.51029194331858,3.5531514959249324],[98.51607287985956,3.552396025836896],[98.51844820342188,3.548690864876487],[98.51799525088019,3.5280609711439372],[98.53057456656306,3.5281937191716928],[98.5276211390044,3.5100152532277376],[98.5233845083884,3.510067600965369],[98.5243553283358,3.507174177076089],[98.5122210565566,3.49474427207331],[98.51003026578424,3.495653530727715],[98.51390836997534,3.4991067969792544],[98.51927336737208,3.5109925231117995],[98.52069655620119,3.5208078165423293],[98.5245698013553,3.522159840217831],[98.51064797682272,3.531858021233679],[98.51247494056611,3.538776040777216],[98.50850165842485,3.541986269742636],[98.51123139491301,3.544217921209823]]]}},{"type":"Feature","properties":{"code":"1207042012","desa":"Sawit Rejo","kecamatan":"Kutalimbaru","kecCode":"120704","kabCode":"1207","province":"Sumatera Utara"},"geometry":{"type":"Polygon","coordinates":[[[98.52964117280192,3.5208380193738686],[98.53057456656306,3.5281937191716928],[98.53893450782135,3.528308434893154],[98.54273888379254,3.541359552893838],[98.55028180626039,3.5460841007883617],[98.55017711078511,3.5409539829331647],[98.5462272056211,3.540849285659308],[98.54613202677164,3.5383460928938386],[98.55011048541064,3.5371563626733193],[98.54965362981125,3.522089617555239],[98.53407291942978,3.5239610635636716],[98.53404317525239,3.520540587493239],[98.52964117280192,3.5208380193738686]]]}},{"type":"Feature","properties":{"code":"1207042013","desa":"Namo Rube Julu","kecamatan":"Kutalimbaru","kecCode":"120704","kabCode":"1207","province":"Sumatera Utara"},"geometry":{"type":"Polygon","coordinates":[[[98.51029194331858,3.5531514959249324],[98.50186473816717,3.5602570160209654],[98.50083492898887,3.565484370374358],[98.49658305936076,3.565467859720883],[98.49995774465422,3.5712753784166953],[98.49986365038723,3.580598807439751],[98.50396971383128,3.5732386919706776],[98.51527604185587,3.5697655120311036],[98.53564073543163,3.5702774061392057],[98.53693566115192,3.563501202487565],[98.51540334179083,3.5629939479819015],[98.5154195637619,3.5592021670200515],[98.51826063991666,3.559166476525388],[98.51844820342188,3.548690864876487],[98.51607287985956,3.552396025836896],[98.51029194331858,3.5531514959249324]]]}},{"type":"Feature","properties":{"code":"1207042014","desa":"Sei Mencirim","kecamatan":"Kutalimbaru","kecCode":"120704","kabCode":"1207","province":"Sumatera Utara"},"geometry":{"type":"Polygon","coordinates":[[[98.53893450782135,3.528308434893154],[98.51799525088019,3.5280609711439372],[98.51826063991666,3.559166476525388],[98.5154195637619,3.5592021670200515],[98.51540334179083,3.5629939479819015],[98.53693566115192,3.563501202487565],[98.5396339699318,3.5581188607716117],[98.53791483040514,3.5491667914986387],[98.540979574248,3.541333605654187],[98.54273888379254,3.541359552893838],[98.54070482686632,3.5315445022802447],[98.53886729429024,3.5314761726905814],[98.53893450782135,3.528308434893154]]]}},{"type":"Feature","properties":{"code":"1207052001","desa":"Bintang Meriah","kecamatan":"Pancur Batu","kecCode":"120705","kabCode":"1207","province":"Sumatera Utara"},"geometry":{"type":"Polygon","coordinates":[[[98.6014359708934,3.3791685451592697],[98.6014664354277,3.379473188703398],[98.60281083105508,3.38048445835667],[98.58605643255838,3.384553797081277],[98.58505632978586,3.394949756676003],[98.58746103869605,3.396148284964143],[98.58477617388138,3.406506078230539],[98.58761034504147,3.409679067169449],[98.60333833919304,3.393462352657077],[98.6099167405652,3.3928702084456543],[98.60991674686045,3.387934359440734],[98.60690023995414,3.387640019429257],[98.60437384827452,3.3819313721991273],[98.6014359708934,3.3791685451592697]]]}},{"type":"Feature","properties":{"code":"1207052002","desa":"Sugau","kecamatan":"Pancur Batu","kecCode":"120705","kabCode":"1207","province":"Sumatera Utara"},"geometry":{"type":"Polygon","coordinates":[[[98.58865730788851,3.409793281069169],[98.59646715183766,3.4179878630746727],[98.59685326136893,3.421381597804092],[98.59792101564244,3.4182524283319062],[98.61144975909916,3.417316230485642],[98.61324124368849,3.4204666023743884],[98.61750047876416,3.4178967842345696],[98.62092690295428,3.4200858878764446],[98.62683447662982,3.4196273586391865],[98.62506527903946,3.4171095653803722],[98.6265697333066,3.413238574830754],[98.6250116866401,3.4142801579322364],[98.6248687160185,3.410365263379629],[98.62137263124202,3.407827022235476],[98.62099584857957,3.4004528395709914],[98.61673410799271,3.3993143392306946],[98.61274529905636,3.3922833864220574],[98.60333833919304,3.393462352657077],[98.58865730788851,3.409793281069169]]]}},{"type":"Feature","properties":{"code":"1207052003","desa":"Tiang Layar","kecamatan":"Pancur Batu","kecCode":"120705","kabCode":"1207","province":"Sumatera Utara"},"geometry":{"type":"Polygon","coordinates":[[[98.59792101564244,3.4182524283319062],[98.59789219686746,3.4304417224194497],[98.61385990441113,3.4299892051500733],[98.61582058025562,3.427246876357583],[98.62151701020188,3.426347440098561],[98.62826594102039,3.4272808833213637],[98.62763702263054,3.421140403228878],[98.6182143183362,3.417872989072536],[98.61324124368849,3.4204666023743884],[98.61144975909916,3.417316230485642],[98.59792101564244,3.4182524283319062]]]}},{"type":"Feature","properties":{"code":"1207052004","desa":"Durin Simbelang","kecamatan":"Pancur Batu","kecCode":"120705","kabCode":"1207","province":"Sumatera Utara"},"geometry":{"type":"Polygon","coordinates":[[[98.59792962035573,3.4304764965049386],[98.58720187116948,3.4321023142804545],[98.5906691974256,3.448022113123],[98.60298290823471,3.4479626274663255],[98.60354803141654,3.453762563078636],[98.59849167595011,3.4591163504202807],[98.6097346296495,3.458789175261683],[98.61017524169408,3.463448998948556],[98.61240564940123,3.464729793620129],[98.61913754885886,3.46072589226543],[98.63073504228844,3.459322010083509],[98.63299971326619,3.4552610440471154],[98.63018528672166,3.4500528803269632],[98.62762974621586,3.4518089226325714],[98.62147645977086,3.446169599642275],[98.61914934706476,3.4467692235151866],[98.61823563406733,3.4437425488771165],[98.61341335863966,3.444154493232416],[98.61038035187181,3.4406395110055774],[98.59491488241592,3.442206977169526],[98.59743936663352,3.432274650464681],[98.59923602861987,3.4320535989046435],[98.59792962035573,3.4304764965049386]]]}},{"type":"Feature","properties":{"code":"1207052005","desa":"Namo Riam","kecamatan":"Pancur Batu","kecCode":"120705","kabCode":"1207","province":"Sumatera Utara"},"geometry":{"type":"Polygon","coordinates":[[[98.59789219686746,3.4304417224194497],[98.59923602861987,3.4320535989046435],[98.59743936663352,3.432274650464681],[98.59500717534092,3.442273130399784],[98.61038035187181,3.4406395110055774],[98.61341335863966,3.444154493232416],[98.61823563406733,3.4437425488771165],[98.61914934706476,3.4467692235151866],[98.62147645977086,3.446169599642275],[98.62762974621586,3.4518089226325714],[98.63018528672166,3.4500528803269632],[98.63403297494186,3.456652254781425],[98.63856222426728,3.455232515753247],[98.63726484969311,3.45097572414017],[98.64086523334389,3.451121283909781],[98.639852621901,3.4374080841201597],[98.62879322972384,3.4274079152582164],[98.62151701020188,3.426347440098561],[98.61582058025562,3.427246876357583],[98.61385990441113,3.4299892051500733],[98.59789219686746,3.4304417224194497]]]}},{"type":"Feature","properties":{"code":"1207052006","desa":"Durin Tonggal","kecamatan":"Pancur Batu","kecCode":"120705","kabCode":"1207","province":"Sumatera Utara"},"geometry":{"type":"Polygon","coordinates":[[[98.63286227977044,3.4556528822595087],[98.63073504228844,3.459322010083509],[98.61913754885886,3.46072589226543],[98.61240564940123,3.464729793620129],[98.61137495978664,3.4706089765916763],[98.61719831285193,3.470133306276314],[98.61998228295607,3.484838375543986],[98.63355970671516,3.498395877506637],[98.63384776766041,3.496602730072763],[98.63673838656734,3.4972128058664733],[98.64186866001069,3.482014301075614],[98.64888639459149,3.477733535335448],[98.6461190295696,3.474857305584329],[98.64899640056348,3.473159283040451],[98.64955788958495,3.468763302455166],[98.64815552275923,3.4646309383422653],[98.64238704542589,3.4640349297439745],[98.63851245758389,3.4552978595937214],[98.63286227977044,3.4556528822595087]]]}},{"type":"Feature","properties":{"code":"1207052007","desa":"Hulu","kecamatan":"Pancur Batu","kecCode":"120705","kabCode":"1207","province":"Sumatera Utara"},"geometry":{"type":"Polygon","coordinates":[[[98.59654461764006,3.4719348362909432],[98.59620223494522,3.4619011029316247],[98.5881845603692,3.461427061288452],[98.59055098873722,3.4651771910490554],[98.58890264294267,3.4682871177275105],[98.59219399885403,3.47201557472624],[98.59654461764006,3.4719348362909432]]]}},{"type":"Feature","properties":{"code":"1207052008","desa":"Pertampilen","kecamatan":"Pancur Batu","kecCode":"120705","kabCode":"1207","province":"Sumatera Utara"},"geometry":{"type":"Polygon","coordinates":[[[98.61017524169408,3.463448998948556],[98.6097346296495,3.458789175261683],[98.59849167595011,3.4591163504202807],[98.60354803141654,3.453762563078636],[98.60298290823471,3.4479626274663255],[98.5906691974256,3.448022113123],[98.59075247824433,3.452628353403816],[98.58813507157635,3.4530090670024713],[98.5881845603692,3.461427061288452],[98.61017524169408,3.463448998948556]]]}},{"type":"Feature","properties":{"code":"1207052009","desa":"Salam Tani","kecamatan":"Pancur Batu","kecCode":"120705","kabCode":"1207","province":"Sumatera Utara"},"geometry":{"type":"Polygon","coordinates":[[[98.59143951622075,3.4454115790769246],[98.58554957375388,3.428957107198196],[98.58259428279995,3.4302277395306726],[98.57694068396545,3.426215968208765],[98.5667376496229,3.4253845728570407],[98.56640984403911,3.440670853278138],[98.56426832892032,3.439171792246913],[98.56015186121947,3.4524253899080852],[98.56269193608402,3.455795896947735],[98.55977709573641,3.464391698893201],[98.56236476002572,3.468823446415576],[98.5695397545561,3.4646159160668444],[98.59050094686125,3.465540804039052],[98.58775387684,3.4621431779431084],[98.58813507157635,3.4530090670024713],[98.59075247824433,3.452628353403816],[98.59143951622075,3.4454115790769246]]]}},{"type":"Feature","properties":{"code":"1207052010","desa":"Tengah","kecamatan":"Pancur Batu","kecCode":"120705","kabCode":"1207","province":"Sumatera Utara"},"geometry":{"type":"Polygon","coordinates":[[[98.59654461764006,3.4719348362909432],[98.59021175906547,3.471723589139877],[98.58959788543409,3.475308501749581],[98.58761371839847,3.4745718355861914],[98.58468407700859,3.4785236293222423],[98.59196915934928,3.480137996030207],[98.59170486029114,3.475240565163686],[98.59670082898015,3.4750794750016705],[98.59654461764006,3.4719348362909432]]]}},{"type":"Feature","properties":{"code":"1207052011","desa":"Namo Simpur","kecamatan":"Pancur Batu","kecCode":"120705","kabCode":"1207","province":"Sumatera Utara"},"geometry":{"type":"Polygon","coordinates":[[[98.61240564940123,3.464729793620129],[98.60703806375568,3.4621701791881807],[98.59622662186115,3.4626157743757884],[98.59681045543823,3.477960550299965],[98.60318960031987,3.477662582423371],[98.61137495978664,3.4706089765916763],[98.61240564940123,3.464729793620129]]]}},{"type":"Feature","properties":{"code":"1207052012","desa":"Simalingkar A","kecamatan":"Pancur Batu","kecCode":"120705","kabCode":"1207","province":"Sumatera Utara"},"geometry":{"type":"Polygon","coordinates":[[[98.63768101816453,3.4945978705382212],[98.63673838656734,3.4972128058664733],[98.6327888393335,3.4982340265181766],[98.62405462002475,3.4908400947415803],[98.62445566999321,3.499947953572367],[98.61723843340701,3.498319882995152],[98.61575454213845,3.503332061059351],[98.6188464823793,3.503652832145732],[98.62549775671619,3.510097818186071],[98.6296129159034,3.509946536929654],[98.63145728422636,3.5049897391169407],[98.6347608538304,3.5051144517022466],[98.635203671912,3.508820303342008],[98.64087034958703,3.5078787914018226],[98.64124783192197,3.4968419317502812],[98.63768101816453,3.4945978705382212]]]}},{"type":"Feature","properties":{"code":"1207052013","desa":"Namo Bintang","kecamatan":"Pancur Batu","kecCode":"120705","kabCode":"1207","province":"Sumatera Utara"},"geometry":{"type":"Polygon","coordinates":[[[98.62405462002475,3.4908400947415803],[98.61998228295607,3.484838375543986],[98.61719831285193,3.470133306276314],[98.60609452744056,3.4735357041749806],[98.60318960031987,3.477662582423371],[98.60792039940695,3.4955572115379856],[98.62445566999321,3.499947953572367],[98.62405462002475,3.4908400947415803]]]}},{"type":"Feature","properties":{"code":"1207052014","desa":"Lama","kecamatan":"Pancur Batu","kecCode":"120705","kabCode":"1207","province":"Sumatera Utara"},"geometry":{"type":"Polygon","coordinates":[[[98.59670082898015,3.4750794750016705],[98.59170486029114,3.475240565163686],[98.59401683920584,3.4848710065450965],[98.5970351249711,3.483865004221072],[98.59670082898015,3.4750794750016705]]]}},{"type":"Feature","properties":{"code":"1207052015","desa":"Namorih","kecamatan":"Pancur Batu","kecCode":"120705","kabCode":"1207","province":"Sumatera Utara"},"geometry":{"type":"Polygon","coordinates":[[[98.56236476002572,3.468823446415576],[98.56456576080124,3.470399838350779],[98.56420884236421,3.474325949247891],[98.57226850358863,3.480054297026776],[98.576158409583,3.4861533192723],[98.58287548641464,3.488429724601699],[98.58701234624283,3.485650422881264],[98.59487464944556,3.4897652619054322],[98.5958049594314,3.485186007581261],[98.59196915934928,3.480137996030207],[98.58468407700859,3.4785236293222423],[98.58761371839847,3.4745718355861914],[98.58959788543409,3.475308501749581],[98.59021175906547,3.471723589139877],[98.59219399885403,3.47201557472624],[98.58890264294267,3.4682871177275105],[98.5900559389305,3.4659653847684155],[98.5695397545561,3.4646159160668444],[98.56236476002572,3.468823446415576]]]}},{"type":"Feature","properties":{"code":"1207052016","desa":"Tuntungan I","kecamatan":"Pancur Batu","kecCode":"120705","kabCode":"1207","province":"Sumatera Utara"},"geometry":{"type":"Polygon","coordinates":[[[98.57226850358863,3.480054297026776],[98.55959012488444,3.4809196013161596],[98.56130399977985,3.490070035851286],[98.56813533008147,3.49309861075687],[98.57707080327502,3.4928666585142745],[98.57687253244148,3.4864559384424996],[98.57226850358863,3.480054297026776]]]}},{"type":"Feature","properties":{"code":"1207052017","desa":"Gunung Tinggi","kecamatan":"Pancur Batu","kecCode":"120705","kabCode":"1207","province":"Sumatera Utara"},"geometry":{"type":"Polygon","coordinates":[[[98.54915160576206,3.501840373569565],[98.53129639661147,3.485018674325635],[98.52898353905913,3.4866794028836066],[98.52977098184539,3.494772426249241],[98.52551650508268,3.4985795640343484],[98.52291813436449,3.5091538879689166],[98.5276211390044,3.5100152532277376],[98.52964117280192,3.5208380193738686],[98.53404317525239,3.520540587493239],[98.53407291942978,3.5239610635636716],[98.55117261442466,3.5219895365014766],[98.55281279707299,3.524170135254794],[98.55398087971388,3.5225360059448687],[98.54781577707648,3.514097213937293],[98.54777770427768,3.5074918302129316],[98.55036655837006,3.5070349728153336],[98.54808227587637,3.504446120524416],[98.54915160576206,3.501840373569565]]]}},{"type":"Feature","properties":{"code":"1207052018","desa":"Tuntungan Ii","kecamatan":"Pancur Batu","kecCode":"120705","kabCode":"1207","province":"Sumatera Utara"},"geometry":{"type":"Polygon","coordinates":[[[98.5609535258846,3.485409526880943],[98.55339566477817,3.486075948798089],[98.55094329629617,3.4953778165751057],[98.55490752136505,3.49679948554841],[98.5568805979613,3.507178928194447],[98.57287568266666,3.507662623160456],[98.57191272998858,3.50248650588203],[98.58670345969698,3.5020296493837617],[98.5928807220677,3.4952164575158142],[98.59308249935792,3.489465964830861],[98.58701234624283,3.485650422881264],[98.58287548641464,3.488429724601699],[98.57687253244148,3.4864559384424996],[98.57707080327502,3.4928666585142745],[98.56813533008147,3.49309861075687],[98.56130399977985,3.490070035851286],[98.5609535258846,3.485409526880943]]]}},{"type":"Feature","properties":{"code":"1207052019","desa":"Durin Jangak","kecamatan":"Pancur Batu","kecCode":"120705","kabCode":"1207","province":"Sumatera Utara"},"geometry":{"type":"Polygon","coordinates":[[[98.57273280197728,3.5069734483956103],[98.5565399185824,3.508009824422431],[98.56810712374481,3.5125165097528304],[98.56780255304544,3.515352826692282],[98.5725060810908,3.5204021440589868],[98.58070211640961,3.5175697409690785],[98.5981439072156,3.518920491204571],[98.59534735919333,3.5088079259726914],[98.57663461859282,3.5091967136846742],[98.57273280197728,3.5069734483956103]]]}},{"type":"Feature","properties":{"code":"1207052020","desa":"Sembahe Baru","kecamatan":"Pancur Batu","kecCode":"120705","kabCode":"1207","province":"Sumatera Utara"},"geometry":{"type":"Polygon","coordinates":[[[98.5928807220677,3.4952164575158142],[98.58670345969698,3.5020296493837617],[98.57191272998858,3.50248650588203],[98.57273280197728,3.5069734483956103],[98.57663461859282,3.5091967136846742],[98.59534735919333,3.5088079259726914],[98.5956902958705,3.5152646292799874],[98.59842298033635,3.5182058161631278],[98.60113624304324,3.517756256763924],[98.60179267798975,3.512548719871213],[98.59671802221901,3.505718820398275],[98.59645764330564,3.50071109307885],[98.59276358537124,3.4984803652154866],[98.5928807220677,3.4952164575158142]]]}},{"type":"Feature","properties":{"code":"1207052021","desa":"Tanjung Anom","kecamatan":"Pancur Batu","kecCode":"120705","kabCode":"1207","province":"Sumatera Utara"},"geometry":{"type":"Polygon","coordinates":[[[98.60113624304324,3.517756256763924],[98.57333717966718,3.5187554575153746],[98.57129000073303,3.521754446524317],[98.57288101834439,3.5244178876863557],[98.57007334660771,3.5229546934168754],[98.56461725238432,3.5264787318167983],[98.5645464874305,3.5331795048318546],[98.57748176467175,3.531931406811866],[98.58409547702473,3.526742992203774],[98.59825446267337,3.5265665784934623],[98.60113624304324,3.517756256763924]]]}},{"type":"Feature","properties":{"code":"1207052022","desa":"Sei Glugur","kecamatan":"Pancur Batu","kecCode":"120705","kabCode":"1207","province":"Sumatera Utara"},"geometry":{"type":"Polygon","coordinates":[[[98.55248929834251,3.488517266408181],[98.53596606698044,3.4894479064442208],[98.54915160576206,3.501840373569565],[98.54808227587637,3.504446120524416],[98.55036655837006,3.5070349728153336],[98.54777770427768,3.5074918302129316],[98.54781577707648,3.514097213937293],[98.54947188132233,3.5140210710376905],[98.54947229860778,3.5176134255373905],[98.55355789707937,3.52358327186235],[98.5601861253894,3.523445526302001],[98.56336270532466,3.52649123599047],[98.57007334660771,3.5229546934168754],[98.57288101834439,3.5244178876863557],[98.56810712374481,3.5125165097528304],[98.5565399185824,3.508009824422431],[98.55490752136505,3.49679948554841],[98.55094329629617,3.4953778165751057],[98.55248929834251,3.488517266408181]]]}},{"type":"Feature","properties":{"code":"1207052023","desa":"Suka Raya","kecamatan":"Pancur Batu","kecCode":"120705","kabCode":"1207","province":"Sumatera Utara"},"geometry":{"type":"Polygon","coordinates":[[[98.54998146687124,3.5345402600251057],[98.55011048541064,3.5371563626733193],[98.54613202677164,3.5383460928938386],[98.5462272056211,3.540849285659308],[98.55017711078511,3.5409539829331647],[98.55028180626039,3.5460841007883617],[98.54769295396669,3.546055547313402],[98.54413832602295,3.5413801941334127],[98.540979574248,3.541333605654187],[98.53971370202578,3.5441223331689997],[98.53791483040514,3.5491667914986387],[98.53989095120646,3.5572194254119642],[98.5360029122047,3.5664100929173834],[98.54632008040743,3.567039027494368],[98.54918099920381,3.5647270162065685],[98.55057827676615,3.5575879846731264],[98.55680855956744,3.55912648817064],[98.56280028640413,3.555038987637287],[98.56575699558891,3.5493524268572383],[98.56635312379767,3.5419032029626645],[98.55646807084486,3.541858400537011],[98.55529200042554,3.5348049862609154],[98.54998146687124,3.5345402600251057]]]}},{"type":"Feature","properties":{"code":"1207052024","desa":"Baru","kecamatan":"Pancur Batu","kecCode":"120705","kabCode":"1207","province":"Sumatera Utara"},"geometry":{"type":"Polygon","coordinates":[[[98.60318960031987,3.477662582423371],[98.59681045543823,3.477960550299965],[98.5970351249711,3.483865004221072],[98.5928807220677,3.4952164575158142],[98.60012395085971,3.490768704758953],[98.60792039940695,3.4955572115379856],[98.60318960031987,3.477662582423371]]]}},{"type":"Feature","properties":{"code":"1207052025","desa":"Perumnas Simalingkar","kecamatan":"Pancur Batu","kecCode":"120705","kabCode":"1207","province":"Sumatera Utara"},"geometry":{"type":"Polygon","coordinates":[[[98.6296129159034,3.509946536929654],[98.62441526795033,3.5095475958717905],[98.62329740884837,3.5139406338753627],[98.62570657030204,3.5186379520969786],[98.62850713919318,3.5177753871424886],[98.62763733739325,3.5119510061583363],[98.6296129159034,3.509946536929654]]]}},{"type":"Feature","properties":{"code":"1207062001","desa":"Deli Tua","kecamatan":"Namorambe","kecCode":"120706","kabCode":"1207","province":"Sumatera Utara"},"geometry":{"type":"Polygon","coordinates":[[[98.66687643639847,3.5146879776894053],[98.66684604920583,3.5124954916973183],[98.66428204787825,3.5122372999354443],[98.66444710764794,3.5049487003540953],[98.67086211659345,3.504773628432198],[98.67295309700789,3.5154305613919297],[98.67716605836694,3.514420536400279],[98.67712994878814,3.5053665928254083],[98.67321816498638,3.50229470926809],[98.67678782959472,3.4969130609294794],[98.67544628032164,3.491096478866136],[98.67926843229236,3.489384097746475],[98.67683664209743,3.4876290455944057],[98.67439937593052,3.488927154014027],[98.67361377855308,3.4861226371020466],[98.64648597364885,3.4867426845786302],[98.64453770305259,3.490319679557091],[98.64752066614591,3.4982161749755702],[98.6482896656356,3.495737225234502],[98.65501852268676,3.496216035083174],[98.65910861956718,3.504574409713504],[98.65960707240849,3.5083227938900783],[98.6554752793607,3.5107753089589253],[98.6543066661198,3.517324927521971],[98.65772040087586,3.5223575885450384],[98.66223225641356,3.522202110152583],[98.66170032181246,3.5193524122004334],[98.6570898259348,3.5195198821530345],[98.66169155522118,3.517421714359106],[98.65594345382738,3.516952344693924],[98.66687643639847,3.5146879776894053]]]}},{"type":"Feature","properties":{"code":"1207062002","desa":"Jati Kesuma","kecamatan":"Namorambe","kecCode":"120706","kabCode":"1207","province":"Sumatera Utara"},"geometry":{"type":"Polygon","coordinates":[[[98.64025251264343,3.4474357173780747],[98.64080970830145,3.451228920168067],[98.63722462841393,3.4510833675930117],[98.64238704542589,3.4640349297439745],[98.65811324543,3.462031589164431],[98.6543419276379,3.4488321279924006],[98.65624549743181,3.448165879644479],[98.64025251264343,3.4474357173780747]]]}},{"type":"Feature","properties":{"code":"1207062003","desa":"Namo Rambe","kecamatan":"Namorambe","kecCode":"120706","kabCode":"1207","province":"Sumatera Utara"},"geometry":{"type":"Polygon","coordinates":[[[98.63389763057125,3.432411187336154],[98.639852621901,3.4374080841201597],[98.64025251264343,3.4474357173780747],[98.64617654031514,3.447011551236182],[98.64591064496032,3.438788136066554],[98.65893491641332,3.435633140763123],[98.65733364473196,3.4297936970340506],[98.65078340293178,3.428586291538012],[98.6428529383125,3.430388076060803],[98.64257097207275,3.432668789142759],[98.63389763057125,3.432411187336154]]]}},{"type":"Feature","properties":{"code":"1207062004","desa":"Gunung Kelawas","kecamatan":"Namorambe","kecCode":"120706","kabCode":"1207","province":"Sumatera Utara"},"geometry":{"type":"Polygon","coordinates":[[[98.68228826129427,3.4383253719217888],[98.68306550307057,3.4252686196685214],[98.67874678143885,3.4204145181381356],[98.67945482577966,3.415744180477256],[98.67286562175109,3.412904825627945],[98.66699787185433,3.4151605546442187],[98.67012555385128,3.41783057164901],[98.67032908571878,3.4252175102973745],[98.67839616005477,3.4204750164314572],[98.68000211990199,3.4234769660085127],[98.67687083971752,3.4327259959173753],[98.66758710855827,3.435785836653186],[98.6754988169169,3.434988717162541],[98.67593738839979,3.4388889995305236],[98.68228826129427,3.4383253719217888]]]}},{"type":"Feature","properties":{"code":"1207062005","desa":"Ujung Labuhan","kecamatan":"Namorambe","kecCode":"120706","kabCode":"1207","province":"Sumatera Utara"},"geometry":{"type":"Polygon","coordinates":[[[98.64810080440866,3.4756524753447775],[98.64880757620874,3.4778451798721224],[98.64516222825425,3.4792319254724324],[98.64808148427312,3.483133517253309],[98.64634423599772,3.48277706106814],[98.64647788874363,3.4867510302872122],[98.67361377855308,3.4861226371020466],[98.67119029899317,3.4806022377610386],[98.66359995257578,3.4792789950889746],[98.66293688063256,3.473872724212057],[98.64810080440866,3.4756524753447775]]]}},{"type":"Feature","properties":{"code":"1207062006","desa":"Lubang Ido","kecamatan":"Namorambe","kecCode":"120706","kabCode":"1207","province":"Sumatera Utara"},"geometry":{"type":"Polygon","coordinates":[[[98.66699787185433,3.4151605546442187],[98.67286562175109,3.412904825627945],[98.66983656840294,3.408324363514241],[98.66523763690746,3.4081851466629987],[98.66321207857465,3.4121670263187824],[98.66699787185433,3.4151605546442187]]]}},{"type":"Feature","properties":{"code":"1207062007","desa":"Siluelue","kecamatan":"Namorambe","kecCode":"120706","kabCode":"1207","province":"Sumatera Utara"},"geometry":{"type":"Polygon","coordinates":[[[98.65718278076075,3.4039613709608685],[98.65628096579398,3.4014772141451495],[98.66175372535416,3.3997735204764483],[98.65644276821922,3.3946529201464974],[98.65554809207083,3.3894942488164457],[98.64828927173255,3.3916241590812897],[98.64984115534509,3.399079888671505],[98.65421142791511,3.400748238983879],[98.65280471556524,3.405805997387217],[98.65718278076075,3.4039613709608685]]]}},{"type":"Feature","properties":{"code":"1207062008","desa":"Timbang Lawan","kecamatan":"Namorambe","kecCode":"120706","kabCode":"1207","province":"Sumatera Utara"},"geometry":{"type":"Polygon","coordinates":[[[98.67733831091435,3.4514779451403417],[98.67685431827222,3.4470243701726306],[98.66559556258522,3.44779851738088],[98.66447574655852,3.443988890272392],[98.66304567341916,3.4458012616142883],[98.66396482821432,3.454435119271448],[98.67733831091435,3.4514779451403417]]]}},{"type":"Feature","properties":{"code":"1207062009","desa":"Batu Mbelin","kecamatan":"Namorambe","kecCode":"120706","kabCode":"1207","province":"Sumatera Utara"},"geometry":{"type":"Polygon","coordinates":[[[98.67622839642341,3.441392113155597],[98.6754988169169,3.434988717162541],[98.66467811560261,3.4367849519690012],[98.66677348380927,3.441522476181319],[98.67622839642341,3.441392113155597]]]}},{"type":"Feature","properties":{"code":"1207062010","desa":"Namo Batang","kecamatan":"Namorambe","kecCode":"120706","kabCode":"1207","province":"Sumatera Utara"},"geometry":{"type":"Polygon","coordinates":[[[98.62622397635549,3.3777676846994567],[98.62168176240345,3.379336715683776],[98.61839937363224,3.3774884317146037],[98.61474320593423,3.382971984032782],[98.61544804958788,3.3896809174960563],[98.61992013800403,3.3974800136390457],[98.6277947879991,3.384035603222324],[98.62622397635549,3.3777676846994567]]]}},{"type":"Feature","properties":{"code":"1207062011","desa":"Tanjung Selamat","kecamatan":"Namorambe","kecCode":"120706","kabCode":"1207","province":"Sumatera Utara"},"geometry":{"type":"Polygon","coordinates":[[[98.64416035201866,3.3699353172380855],[98.61758968341722,3.3685166825773254],[98.61295211434867,3.3708818662810596],[98.61226193324171,3.3746142038543736],[98.62168176240345,3.379336715683776],[98.62947776758494,3.3761309572481824],[98.64726007589184,3.380221727716467],[98.65005832183412,3.3767191606304254],[98.64416035201866,3.3699353172380855]]]}},{"type":"Feature","properties":{"code":"1207062012","desa":"Bekukul","kecamatan":"Namorambe","kecCode":"120706","kabCode":"1207","province":"Sumatera Utara"},"geometry":{"type":"Polygon","coordinates":[[[98.62622397635549,3.3777676846994567],[98.6277947879991,3.384035603222324],[98.61992013800403,3.3974800136390457],[98.62475292560707,3.4010935076027584],[98.63458298861411,3.3861820789992545],[98.62622397635549,3.3777676846994567]]]}},{"type":"Feature","properties":{"code":"1207062013","desa":"Namo Pakam","kecamatan":"Namorambe","kecCode":"120706","kabCode":"1207","province":"Sumatera Utara"},"geometry":{"type":"Polygon","coordinates":[[[98.63440771704256,3.3776673014734206],[98.62947776758494,3.3761309572481824],[98.62715579180637,3.3773702733883724],[98.6292645518177,3.382129333665643],[98.63202869996455,3.3823756579738036],[98.63440771704256,3.3776673014734206]]]}},{"type":"Feature","properties":{"code":"1207062014","desa":"Sukamulia Hilir","kecamatan":"Namorambe","kecCode":"120706","kabCode":"1207","province":"Sumatera Utara"},"geometry":{"type":"Polygon","coordinates":[[[98.65210862141578,3.411477550280987],[98.65421142791511,3.400748238983879],[98.64984115534509,3.399079888671505],[98.65079786043299,3.3973708026678833],[98.6474926010028,3.3936532958143992],[98.64371401668859,3.395014348683212],[98.63758755162428,3.404146730227602],[98.62835354577958,3.397044400926166],[98.62475292560707,3.4010935076027584],[98.63263498421719,3.4093341232057925],[98.64033717302219,3.407371250319622],[98.64564337094487,3.409369998061484],[98.64704398139469,3.4138138000965625],[98.65210862141578,3.411477550280987]]]}},{"type":"Feature","properties":{"code":"1207062015","desa":"Sukamulia Hulu","kecamatan":"Namorambe","kecCode":"120706","kabCode":"1207","province":"Sumatera Utara"},"geometry":{"type":"Polygon","coordinates":[[[98.6483997534459,3.394225134233407],[98.64888330721891,3.392181026486227],[98.64389613427478,3.38837673200796],[98.6354297677696,3.401255282148806],[98.63758755162428,3.404146730227602],[98.64371401668859,3.395014348683212],[98.6483997534459,3.394225134233407]]]}},{"type":"Feature","properties":{"code":"1207062016","desa":"Rumah Mbacang","kecamatan":"Namorambe","kecCode":"120706","kabCode":"1207","province":"Sumatera Utara"},"geometry":{"type":"Polygon","coordinates":[[[98.65718278076075,3.4039613709608685],[98.65280471556524,3.405805997387217],[98.6517445956366,3.4116096463002767],[98.66054533240121,3.4110008079736924],[98.65718278076075,3.4039613709608685]]]}},{"type":"Feature","properties":{"code":"1207062017","desa":"Cinta Rakyat","kecamatan":"Namorambe","kecCode":"120706","kabCode":"1207","province":"Sumatera Utara"},"geometry":{"type":"Polygon","coordinates":[[[98.6517445956366,3.4116096463002767],[98.6472606406661,3.4160228812783213],[98.64924581674109,3.422597926373515],[98.65899026608797,3.423537075794703],[98.65647917997023,3.4181615266582104],[98.65685513435704,3.4110612145361587],[98.6517445956366,3.4116096463002767]]]}},{"type":"Feature","properties":{"code":"1207062018","desa":"Batu Penjemuran","kecamatan":"Namorambe","kecCode":"120706","kabCode":"1207","province":"Sumatera Utara"},"geometry":{"type":"Polygon","coordinates":[[[98.64385087641688,3.46323382625669],[98.64574116142552,3.4658513543303813],[98.64815552275923,3.4646309383422653],[98.64953964234071,3.4686615189847263],[98.64651244159597,3.4761225941452056],[98.65919995741217,3.4740566283757235],[98.65866549931341,3.4613205186057407],[98.64385087641688,3.46323382625669]]]}},{"type":"Feature","properties":{"code":"1207062019","desa":"Kuta Tengah","kecamatan":"Namorambe","kecCode":"120706","kabCode":"1207","province":"Sumatera Utara"},"geometry":{"type":"Polygon","coordinates":[[[98.64617654031514,3.447011551236182],[98.6630053019532,3.44593560863665],[98.66448004801589,3.443818268196029],[98.65202542333468,3.4434422634476114],[98.64859467700279,3.4378173161202286],[98.64591064496032,3.438788136066554],[98.64617654031514,3.447011551236182]]]}},{"type":"Feature","properties":{"code":"1207062020","desa":"Namo Landur","kecamatan":"Namorambe","kecCode":"120706","kabCode":"1207","province":"Sumatera Utara"},"geometry":{"type":"Polygon","coordinates":[[[98.65893491641332,3.435633140763123],[98.65092149293264,3.436847983652499],[98.64859467700279,3.4378173161202286],[98.65202542333468,3.4434422634476114],[98.6640178306584,3.442503239032131],[98.65893491641332,3.435633140763123]]]}},{"type":"Feature","properties":{"code":"1207062021","desa":"Gunung Berita","kecamatan":"Namorambe","kecCode":"120706","kabCode":"1207","province":"Sumatera Utara"},"geometry":{"type":"Polygon","coordinates":[[[98.65078340293178,3.428586291538012],[98.65880443827426,3.4315705523497737],[98.66095829658815,3.4246072087737987],[98.65950206666713,3.417297504801992],[98.6563827933313,3.416351129328182],[98.65899026608797,3.423537075794703],[98.65086155131962,3.4237726154328985],[98.65078340293178,3.428586291538012]]]}},{"type":"Feature","properties":{"code":"1207062022","desa":"Tangkahan","kecamatan":"Namorambe","kecCode":"120706","kabCode":"1207","province":"Sumatera Utara"},"geometry":{"type":"Polygon","coordinates":[[[98.62754926858395,3.4210852469085267],[98.62816792480994,3.427165100104675],[98.63389763057125,3.432411187336154],[98.64257097207275,3.432668789142759],[98.6428529383125,3.430388076060803],[98.65078340293178,3.428586291538012],[98.64726376491086,3.416170038243937],[98.64979218636033,3.413770393418707],[98.64219886228773,3.415820003218161],[98.63971819663755,3.4277453966475186],[98.63479271231385,3.4251398853150414],[98.63258355378804,3.4161492135425946],[98.62754926858395,3.4210852469085267]]]}},{"type":"Feature","properties":{"code":"1207062023","desa":"Uruk Gedang","kecamatan":"Namorambe","kecCode":"120706","kabCode":"1207","province":"Sumatera Utara"},"geometry":{"type":"Polygon","coordinates":[[[98.61350947188468,3.3927933829606176],[98.61673410799271,3.3993143392306946],[98.62099584857957,3.4004528395709914],[98.62146369659239,3.408038238809678],[98.6248687160185,3.410365263379629],[98.6250116866401,3.4142801579322364],[98.6265697333066,3.413238574830754],[98.62509967091312,3.4172194976078667],[98.62650721063932,3.4204166711151256],[98.62904452998112,3.420607420018865],[98.63280407744627,3.415848498237188],[98.63129311928208,3.4059261468124413],[98.6184321332364,3.396301226369118],[98.61544804958788,3.3896809174960563],[98.61350947188468,3.3927933829606176]]]}},{"type":"Feature","properties":{"code":"1207062024","desa":"Rumah Keben","kecamatan":"Namorambe","kecCode":"120706","kabCode":"1207","province":"Sumatera Utara"},"geometry":{"type":"Polygon","coordinates":[[[98.64704398139469,3.4138138000965625],[98.64564337094487,3.409369998061484],[98.64033717302219,3.407371250319622],[98.63263498421719,3.4093341232057925],[98.63611331367854,3.4272814004315637],[98.63971819663755,3.4277453966475186],[98.641698422844,3.416571765401462],[98.64704398139469,3.4138138000965625]]]}},{"type":"Feature","properties":{"code":"1207062025","desa":"Namo Pinang","kecamatan":"Namorambe","kecCode":"120706","kabCode":"1207","province":"Sumatera Utara"},"geometry":{"type":"Polygon","coordinates":[[[98.63302285731906,3.382668230817473],[98.63458298861411,3.3861820789992545],[98.62835354577958,3.397044400926166],[98.63189393385802,3.4010688230112027],[98.6354297677696,3.401255282148806],[98.64389613427478,3.38837673200796],[98.64259589858193,3.386832885987659],[98.63993391162079,3.388621302088274],[98.64060557298887,3.3858457361516408],[98.63720180991565,3.3849113648284908],[98.6365173889664,3.38204784519582],[98.63302285731906,3.382668230817473]]]}},{"type":"Feature","properties":{"code":"1207062026","desa":"Sudirejo","kecamatan":"Namorambe","kecCode":"120706","kabCode":"1207","province":"Sumatera Utara"},"geometry":{"type":"Polygon","coordinates":[[[98.65919995741217,3.4740566283757235],[98.66293688063256,3.473872724212057],[98.66359995257578,3.4792789950889746],[98.67119029899317,3.4806022377610386],[98.6718847042158,3.4835908899623984],[98.67447361496538,3.4837503991162118],[98.67220360920923,3.478594107392308],[98.66810061065473,3.476303633968113],[98.66814815781127,3.470211895331865],[98.6590238755515,3.46276132695079],[98.65919995741217,3.4740566283757235]]]}},{"type":"Feature","properties":{"code":"1207062027","desa":"Jaba","kecamatan":"Namorambe","kecCode":"120706","kabCode":"1207","province":"Sumatera Utara"},"geometry":{"type":"Polygon","coordinates":[[[98.65405699003809,3.446578613107029],[98.65647154562537,3.448368134474434],[98.6543419276379,3.4488321279924006],[98.6590238755515,3.46276132695079],[98.66288003088879,3.4659431427356115],[98.66776922666854,3.465803871925011],[98.66773115476906,3.463538625383572],[98.67291727341346,3.4604132753320886],[98.66745155644425,3.4586582105894865],[98.66700169577172,3.45533729396603],[98.6637038269701,3.454258006787876],[98.6630053019532,3.44593560863665],[98.65405699003809,3.446578613107029]]]}},{"type":"Feature","properties":{"code":"1207062028","desa":"Kuta Tualah","kecamatan":"Namorambe","kecCode":"120706","kabCode":"1207","province":"Sumatera Utara"},"geometry":{"type":"Polygon","coordinates":[[[98.67418807931648,3.481823035061717],[98.67439937593052,3.488927154014027],[98.67683664209743,3.4876290455944057],[98.6758887539629,3.48087298585731],[98.67806876366255,3.477580456334235],[98.67625765586621,3.4738670099197884],[98.67833669957905,3.470458448967144],[98.66848461397382,3.473047737429218],[98.66810061065473,3.476303633968113],[98.67418807931648,3.481823035061717]]]}},{"type":"Feature","properties":{"code":"1207062029","desa":"Kwala Simeme","kecamatan":"Namorambe","kecCode":"120706","kabCode":"1207","province":"Sumatera Utara"},"geometry":{"type":"Polygon","coordinates":[[[98.68008983797569,3.464945601233291],[98.67686068727095,3.4762506054437163],[98.6817126304336,3.477045160067917],[98.6830879573434,3.473211848413973],[98.68008983797569,3.464945601233291]]]}},{"type":"Feature","properties":{"code":"1207062030","desa":"Batu Gemuk","kecamatan":"Namorambe","kecCode":"120706","kabCode":"1207","province":"Sumatera Utara"},"geometry":{"type":"Polygon","coordinates":[[[98.67733831091435,3.4514779451403417],[98.667207818586,3.454447759242755],[98.66695294622156,3.4581728248980586],[98.67291727341346,3.4604132753320886],[98.67814236507814,3.4582283265579963],[98.67733831091435,3.4514779451403417]]]}},{"type":"Feature","properties":{"code":"1207062031","desa":"Lau Mulgab","kecamatan":"Namorambe","kecCode":"120706","kabCode":"1207","province":"Sumatera Utara"},"geometry":{"type":"Polygon","coordinates":[[[98.67838460556514,3.466890310512102],[98.68194544692489,3.456909370954126],[98.6777123857181,3.4551033605170804],[98.67814236507814,3.4582283265579963],[98.67291727341346,3.4604132753320886],[98.67838460556514,3.466890310512102]]]}},{"type":"Feature","properties":{"code":"1207062032","desa":"Batu Rejo","kecamatan":"Namorambe","kecCode":"120706","kabCode":"1207","province":"Sumatera Utara"},"geometry":{"type":"Polygon","coordinates":[[[98.68228826129427,3.4383253719217888],[98.67593738839979,3.4388889995305236],[98.6777123857181,3.4551033605170804],[98.68179554073168,3.456945063247505],[98.68012555455078,3.45109753821047],[98.68446569263766,3.4437426244201514],[98.68228826129427,3.4383253719217888]]]}},{"type":"Feature","properties":{"code":"1207062033","desa":"Salang Tungir","kecamatan":"Namorambe","kecCode":"120706","kabCode":"1207","province":"Sumatera Utara"},"geometry":{"type":"Polygon","coordinates":[[[98.66404942384189,3.4401582496050085],[98.66559556258522,3.44779851738088],[98.67685431827222,3.4470243701726306],[98.67622839642341,3.441392113155597],[98.66677348380927,3.441522476181319],[98.66489195909666,3.43385684662438],[98.65893491641332,3.435633140763123],[98.66171555632792,3.441014806188864],[98.66404942384189,3.4401582496050085]]]}},{"type":"Feature","properties":{"code":"1207062034","desa":"Namo Mbaru","kecamatan":"Namorambe","kecCode":"120706","kabCode":"1207","province":"Sumatera Utara"},"geometry":{"type":"Polygon","coordinates":[[[98.6630632335814,3.412637017415465],[98.65893491641332,3.435633140763123],[98.66489195909666,3.43385684662438],[98.66776556822646,3.4354289173172066],[98.67035918063175,3.428659351561641],[98.66980432680826,3.4170453492897],[98.6630632335814,3.412637017415465]]]}},{"type":"Feature","properties":{"code":"1207062035","desa":"Rimo Mungkur","kecamatan":"Namorambe","kecCode":"120706","kabCode":"1207","province":"Sumatera Utara"},"geometry":{"type":"Polygon","coordinates":[[[98.60113160973607,3.37767794584911],[98.60599320442293,3.386695165608355],[98.60991674686045,3.387934359440734],[98.60966940362016,3.391885895970684],[98.61350947188468,3.3927933829606176],[98.61544804958788,3.3896809174960563],[98.61474320593423,3.382971984032782],[98.61839937363224,3.3774884317146037],[98.61235209657207,3.374707015688041],[98.61273946335557,3.3718663055604576],[98.60893927282922,3.375453723681451],[98.60113160973607,3.37767794584911]]]}},{"type":"Feature","properties":{"code":"1207062036","desa":"Namo Mbelin","kecamatan":"Namorambe","kecCode":"120706","kabCode":"1207","province":"Sumatera Utara"},"geometry":{"type":"Polygon","coordinates":[[[98.66288003088879,3.4659431427356115],[98.6688608057816,3.4721428278962505],[98.67833669957905,3.470458448967144],[98.67913778328216,3.4677500803736825],[98.67291727341346,3.4604132753320886],[98.66773115476906,3.463538625383572],[98.66776922666854,3.465803871925011],[98.66288003088879,3.4659431427356115]]]}},{"type":"Feature","properties":{"code":"1207072001","desa":"Aji Baho","kecamatan":"Sibiru-Biru","kecCode":"120707","kabCode":"1207","province":"Sumatera Utara"},"geometry":{"type":"Polygon","coordinates":[[[98.67871018982345,3.420194971143918],[98.67988892133673,3.4220563465440668],[98.68131659868214,3.423519715281953],[98.68192336137406,3.4248403166451777],[98.68306550307057,3.4252686196685214],[98.68228826129427,3.4383253719217888],[98.6836554547355,3.440486152315156],[98.69162675037427,3.440234605643842],[98.69162675037427,3.4370699084542875],[98.69397977974306,3.4370699084542875],[98.69514084587341,3.4439122068802304],[98.69295894579875,3.448985233074033],[98.68736586684132,3.449311253503175],[98.68673509944533,3.4520592786014714],[98.69516816367985,3.452635455350034],[98.6949209769216,3.4588644197385],[98.6929557208299,3.4589189195537586],[98.70183503675759,3.474210613893558],[98.7034108450345,3.471008780998752],[98.70702703337093,3.4709538719919526],[98.70926089537409,3.46129141474568],[98.70751960644473,3.4566589916029042],[98.70298475344366,3.4558861520088233],[98.69785934443325,3.4500873108714694],[98.70241843955938,3.4484372221925885],[98.70178256401421,3.4409713986117225],[98.70492503985878,3.434867751152879],[98.70116114956743,3.4332982309373894],[98.70205559908669,3.4309285056573935],[98.69847561565716,3.428248772377219],[98.70035814221455,3.4232489734809426],[98.69909318730082,3.421293259198274],[98.68095102966635,3.423054879998531],[98.67871018982345,3.420194971143918]]]}},{"type":"Feature","properties":{"code":"1207072002","desa":"Biru-Biru","kecamatan":"Sibiru-Biru","kecCode":"120707","kabCode":"1207","province":"Sumatera Utara"},"geometry":{"type":"Polygon","coordinates":[[[98.65793108325293,3.3795459294677093],[98.67399389859956,3.3698289697082515],[98.6680649165627,3.3631734658670314],[98.65941242044691,3.3621211448603514],[98.6571736904135,3.37495538685322],[98.65793108325293,3.3795459294677093]]]}},{"type":"Feature","properties":{"code":"1207072003","desa":"Candi Rejo","kecamatan":"Sibiru-Biru","kecCode":"120707","kabCode":"1207","province":"Sumatera Utara"},"geometry":{"type":"Polygon","coordinates":[[[98.68194544692489,3.456909370954126],[98.67929155566082,3.4628572342510147],[98.68636498165864,3.4624313063372103],[98.68761755470642,3.459066955156993],[98.6949209769216,3.4588644197385],[98.69516816367985,3.452635455350034],[98.6869878368193,3.452430722887791],[98.6814357156858,3.4494028764330866],[98.68194544692489,3.456909370954126]]]}},{"type":"Feature","properties":{"code":"1207072004","desa":"Kuta Mulyo","kecamatan":"Sibiru-Biru","kecCode":"120707","kabCode":"1207","province":"Sumatera Utara"},"geometry":{"type":"Polygon","coordinates":[[[98.66032133376261,3.421041532662626],[98.66548403855757,3.408893006641967],[98.66162807927246,3.3947139562343547],[98.6662891916929,3.3892275620585393],[98.67962226065883,3.382706015833205],[98.67933041986305,3.3761209774714307],[98.66202094720897,3.382223978317723],[98.65899921074502,3.3781786703774164],[98.65110491955647,3.382931966000422],[98.65659505491789,3.391055175110504],[98.65644276821922,3.3946529201464974],[98.66175372535416,3.3997735204764483],[98.65628096579398,3.4014772141451495],[98.66054533240121,3.4110008079736924],[98.65685513435704,3.4110612145361587],[98.6563827933313,3.416351129328182],[98.65950206666713,3.417297504801992],[98.66032133376261,3.421041532662626]]]}},{"type":"Feature","properties":{"code":"1207072005","desa":"Kuala Dekah","kecamatan":"Sibiru-Biru","kecCode":"120707","kabCode":"1207","province":"Sumatera Utara"},"geometry":{"type":"Polygon","coordinates":[[[98.60691220273604,3.3378009586589004],[98.6248633605557,3.369318146692753],[98.63959046322934,3.3698821124465588],[98.63643203970689,3.3664300162130094],[98.63574911972614,3.3606260066718896],[98.62621200008378,3.3493979664421154],[98.6388908392409,3.3335240366211782],[98.65000348027644,3.3321959313148013],[98.63658693174159,3.317769559250921],[98.63393241365002,3.3194713157799147],[98.63068412087551,3.3160349900577883],[98.61445583926564,3.3264739759170685],[98.6100638399743,3.330186026583645],[98.60691220273604,3.3378009586589004]]]}},{"type":"Feature","properties":{"code":"1207072006","desa":"Mbaruai","kecamatan":"Sibiru-Biru","kecCode":"120707","kabCode":"1207","province":"Sumatera Utara"},"geometry":{"type":"Polygon","coordinates":[[[98.6806087144207,3.381161215282759],[98.6662891916929,3.3892275620585393],[98.66162807927246,3.3947139562343547],[98.66515264288023,3.407940976231159],[98.68871271761788,3.395686248370913],[98.6988466156788,3.3954967225451966],[98.71065678887976,3.3785429272819822],[98.6806087144207,3.381161215282759]]]}},{"type":"Feature","properties":{"code":"1207072007","desa":"Mardinding Julu","kecamatan":"Sibiru-Biru","kecCode":"120707","kabCode":"1207","province":"Sumatera Utara"},"geometry":{"type":"Polygon","coordinates":[[[98.60333243964044,3.325595517244043],[98.60530607921226,3.332680016586596],[98.60665499932882,3.3372600263413177],[98.60691220273604,3.3378009586589004],[98.6100638399743,3.330186026583645],[98.63068412087551,3.3160349900577883],[98.62148645213811,3.2985136992018385],[98.61559066227932,3.2962440621701297],[98.60869263375808,3.299561830267069],[98.60967056374557,3.30269716279326],[98.5999433274227,3.302900208127328],[98.59382753731107,3.3099161872239087],[98.59679710500245,3.309326081775524],[98.60103701364731,3.3144434913108376],[98.60382603344476,3.31374236275732],[98.60785208060912,3.3167785531220018],[98.60504431624223,3.320871226555687],[98.60626260083842,3.32385982929426],[98.60333243964044,3.325595517244043]]]}},{"type":"Feature","properties":{"code":"1207072008","desa":"Namo Suro Baru","kecamatan":"Sibiru-Biru","kecCode":"120707","kabCode":"1207","province":"Sumatera Utara"},"geometry":{"type":"Polygon","coordinates":[[[98.69947090975471,3.4179083468181455],[98.70042278728185,3.423691412947492],[98.69842049980626,3.428052257919863],[98.70205559908669,3.4309285056573935],[98.70194790257369,3.433908453320623],[98.70979189827754,3.4342719143251466],[98.71033879669817,3.437630989182932],[98.71950210773615,3.4352790102248285],[98.71840650955282,3.4335918209143133],[98.72128675388063,3.4288802214586185],[98.71830290855246,3.422474712058749],[98.7136280976586,3.4205404394122767],[98.71332752804307,3.4140824626649735],[98.70930885891674,3.4131740745543575],[98.70893587588999,3.408690606121836],[98.70349776361097,3.40807914357355],[98.69864909757784,3.395314767212384],[98.69057236632169,3.3956519985901554],[98.69850386695991,3.406930810945341],[98.69747194257614,3.41169580494945],[98.70319052642172,3.4149922105505666],[98.69947090975471,3.4179083468181455]]]}},{"type":"Feature","properties":{"code":"1207072009","desa":"Peria-Ria","kecamatan":"Sibiru-Biru","kecCode":"120707","kabCode":"1207","province":"Sumatera Utara"},"geometry":{"type":"Polygon","coordinates":[[[98.63658693174159,3.317769559250921],[98.65000348027644,3.3321959313148013],[98.65557333064476,3.3342432091722065],[98.66394727074997,3.3445481753623167],[98.68036867367539,3.3457853304316547],[98.68204441012148,3.34149337802459],[98.68622036437834,3.339066327259415],[98.6841059746111,3.3341946197013868],[98.67272191368545,3.327006171320955],[98.66243542855226,3.311299854444859],[98.65921064855262,3.310606662408429],[98.65766941740974,3.3129476795301684],[98.65031062033893,3.3070481844708697],[98.64748736784783,3.311812164939064],[98.63658693174159,3.317769559250921]]]}},{"type":"Feature","properties":{"code":"1207072010","desa":"Penen","kecamatan":"Sibiru-Biru","kecCode":"120707","kabCode":"1207","province":"Sumatera Utara"},"geometry":{"type":"Polygon","coordinates":[[[98.61067836741277,3.27446255598206],[98.61044795660796,3.286620386388496],[98.61505221388863,3.2905940867102026],[98.61559066227932,3.2962440621701297],[98.62197461583594,3.2989208582644722],[98.62241682957305,3.302845492474786],[98.63393241365002,3.3194713157799147],[98.64861634706682,3.3106775002072575],[98.65038111909342,3.306951013623196],[98.64677632696595,3.3030790787855038],[98.6463727292181,3.298706192790276],[98.64097961721563,3.2961950832929214],[98.64022854930816,3.292860307217471],[98.62743808809734,3.291198181112951],[98.6267033302945,3.286968830513508],[98.62192537255793,3.2821718377317057],[98.61582443474991,3.2832663891029576],[98.61067836741277,3.27446255598206]]]}},{"type":"Feature","properties":{"code":"1207072011","desa":"Rumah Gerat","kecamatan":"Sibiru-Biru","kecCode":"120707","kabCode":"1207","province":"Sumatera Utara"},"geometry":{"type":"Polygon","coordinates":[[[98.64828927173255,3.3916241590812897],[98.6553181210345,3.389346485707834],[98.65110491955647,3.382931966000422],[98.65793108325293,3.3795459294677093],[98.65734957262475,3.372010225865973],[98.66027044742326,3.3611041402303843],[98.65634203335821,3.3580147936376172],[98.65195715399948,3.3601342906524954],[98.64421174827362,3.3702693955927496],[98.65005832183412,3.3767191606304254],[98.64863064538802,3.3793270506697195],[98.63440771704256,3.3776673014734206],[98.63179884044422,3.3815050162080773],[98.6365173889664,3.38204784519582],[98.63720180991565,3.3849113648284908],[98.64060557298887,3.3858457361516408],[98.64006333305643,3.388727994957761],[98.64273914259739,3.386852135976058],[98.64828927173255,3.3916241590812897]]]}},{"type":"Feature","properties":{"code":"1207072012","desa":"Sidodadi","kecamatan":"Sibiru-Biru","kecCode":"120707","kabCode":"1207","province":"Sumatera Utara"},"geometry":{"type":"Polygon","coordinates":[[[98.6836554547355,3.440486152315156],[98.68441810321298,3.4439424996440127],[98.6814357156858,3.4494028764330866],[98.68680500644592,3.450956000209071],[98.69295894579875,3.448985233074033],[98.69514084587341,3.4439122068802304],[98.69397977974306,3.4370699084542875],[98.69162675037427,3.4370699084542875],[98.69162675037427,3.440234605643842],[98.6836554547355,3.440486152315156]]]}},{"type":"Feature","properties":{"code":"1207072013","desa":"Sidomulyo","kecamatan":"Sibiru-Biru","kecCode":"120707","kabCode":"1207","province":"Sumatera Utara"},"geometry":{"type":"Polygon","coordinates":[[[98.67929155566082,3.4628572342510147],[98.6830879573434,3.473211848413973],[98.68172260121713,3.4752424474447596],[98.70091021443488,3.474127794427091],[98.69832503856975,3.465741956300168],[98.6929557208299,3.4589189195537586],[98.68761755470642,3.459066955156993],[98.68636498165864,3.4624313063372103],[98.67929155566082,3.4628572342510147]]]}},{"type":"Feature","properties":{"code":"1207072014","desa":"Selamat","kecamatan":"Sibiru-Biru","kecCode":"120707","kabCode":"1207","province":"Sumatera Utara"},"geometry":{"type":"Polygon","coordinates":[[[98.66789555443637,3.435194943398699],[98.67599099968493,3.4334510365447435],[98.6788639720947,3.4303716067761987],[98.67839616005477,3.4204750164314572],[98.67032908571878,3.4252175102973745],[98.66789555443637,3.435194943398699]]]}},{"type":"Feature","properties":{"code":"1207072015","desa":"Sarilaba Jahe","kecamatan":"Sibiru-Biru","kecCode":"120707","kabCode":"1207","province":"Sumatera Utara"},"geometry":{"type":"Polygon","coordinates":[[[98.63959046322934,3.3698821124465588],[98.6467733583039,3.368482576688115],[98.65195715399948,3.3601342906524954],[98.65634203335821,3.3580147936376172],[98.66068574265296,3.362205177512199],[98.6680649165627,3.3631734658670314],[98.67351548355276,3.369665173486256],[98.68054809471884,3.3711884343743694],[98.68166677310312,3.3641848020701044],[98.67699352792901,3.3489546537338692],[98.67321573681687,3.34846051943754],[98.67419015944836,3.344957816553871],[98.66394727074997,3.3445481753623167],[98.6522458147926,3.3317947770254137],[98.6388908392409,3.3335240366211782],[98.62621200008378,3.3493979664421154],[98.63574911972614,3.3606260066718896],[98.63643203970689,3.3664300162130094],[98.63959046322934,3.3698821124465588]]]}},{"type":"Feature","properties":{"code":"1207072016","desa":"Tanjung Sena","kecamatan":"Sibiru-Biru","kecCode":"120707","kabCode":"1207","province":"Sumatera Utara"},"geometry":{"type":"Polygon","coordinates":[[[98.67399389859956,3.3698289697082515],[98.66761355132438,3.3732356645677015],[98.66843117086187,3.374535070708949],[98.66002452421247,3.3765975444109277],[98.66143625567871,3.3818513586174315],[98.67933041986305,3.3761209774714307],[98.6806087144207,3.381161215282759],[98.683081748424,3.380900696974787],[98.68487622955439,3.3742245500952763],[98.67399389859956,3.3698289697082515]]]}},{"type":"Feature","properties":{"code":"1207072017","desa":"Namo Tualang","kecamatan":"Sibiru-Biru","kecCode":"120707","kabCode":"1207","province":"Sumatera Utara"},"geometry":{"type":"Polygon","coordinates":[[[98.67286562175109,3.412904825627945],[98.67945482577966,3.415744180477256],[98.67871018982345,3.420194971143918],[98.68095102966635,3.423054879998531],[98.69628137238747,3.4223980466530484],[98.70325869143551,3.4156697238064484],[98.69747194257614,3.41169580494945],[98.69850386695991,3.406930810945341],[98.69057236632169,3.3956519985901554],[98.66530853496094,3.4071533769636653],[98.67198998065315,3.409823423646149],[98.67286562175109,3.412904825627945]]]}},{"type":"Feature","properties":{"code":"1207082001","desa":"Talun Kenas","kecamatan":"Stm Hilir","kecCode":"120708","kabCode":"1207","province":"Sumatera Utara"},"geometry":{"type":"Polygon","coordinates":[[[98.71065678887976,3.3785429272819822],[98.708563391987,3.383911234178065],[98.71628149159761,3.387635991365837],[98.72388570556092,3.404583077686596],[98.72950100856472,3.408605121064814],[98.73349272770729,3.4068043986413623],[98.73662149338723,3.40852782703302],[98.73308548500718,3.3958329511788286],[98.73030872656652,3.4006660409489005],[98.73040913227567,3.39195977167938],[98.72812010585824,3.3869967352697268],[98.72551373656971,3.388356361813797],[98.72550710496898,3.382434199342358],[98.72003242355753,3.3824167875682334],[98.7197047519728,3.378468175633577],[98.71065678887976,3.3785429272819822]]]}},{"type":"Feature","properties":{"code":"1207082002","desa":"Gunung Rintih","kecamatan":"Stm Hilir","kecCode":"120708","kabCode":"1207","province":"Sumatera Utara"},"geometry":{"type":"Polygon","coordinates":[[[98.68417551109103,3.379534919967202],[98.74028209923954,3.3763733982837354],[98.75818854726371,3.3784174286892537],[98.7563293976836,3.375390257625394],[98.754425828789,3.3766989600586665],[98.75353353134744,3.3734272021768503],[98.75162996335216,3.3749738508341283],[98.74675206755393,3.3633739796095194],[98.7555841196115,3.3568820066902987],[98.74978128727662,3.346966087216852],[98.75069935479144,3.3437768709109945],[98.76065795969713,3.336756026482165],[98.7634608380473,3.3403635111758962],[98.76826316201539,3.339751460470989],[98.75945867058124,3.3309698495978046],[98.75705676395853,3.3209640716642865],[98.75072576698062,3.324155703549161],[98.74272461564857,3.322709233971839],[98.73927104182519,3.326901601750839],[98.73156158919602,3.325645245256561],[98.73099051789812,3.3282150633963385],[98.72575570366286,3.3238368552133095],[98.72232928037204,3.325416817457103],[98.72064415140652,3.3274394997558874],[98.72239366733396,3.32973247959054],[98.71670770459694,3.3370622879066163],[98.72316990636614,3.3419558489903274],[98.72250323443677,3.3468749112499947],[98.71673315271288,3.3532759123484057],[98.71654153866115,3.359268010598694],[98.71157197406738,3.363716315539179],[98.71246884456163,3.365476481236353],[98.69941562483125,3.3620455271647907],[98.6967353069889,3.364269553280326],[98.69293680359067,3.362228829682027],[98.68084043373908,3.3622902371898866],[98.68054809471884,3.3711884343743694],[98.68487622955439,3.3742245500952763],[98.68417551109103,3.379534919967202]]]}},{"type":"Feature","properties":{"code":"1207082003","desa":"Sumbul","kecamatan":"Stm Hilir","kecCode":"120708","kabCode":"1207","province":"Sumatera Utara"},"geometry":{"type":"Polygon","coordinates":[[[98.7096111165598,3.382093227684204],[98.7056751104181,3.383627800244986],[98.69928030744029,3.3938892266576843],[98.7011399804258,3.4049644981523315],[98.70399213802682,3.4084613086779476],[98.70893587588999,3.408690606121836],[98.70930885891674,3.4131740745543575],[98.71332752804307,3.4140824626649735],[98.71357661506879,3.4190817642361067],[98.73830157535745,3.420881082817912],[98.73902576342829,3.417616183166011],[98.73281937471444,3.4152367667916024],[98.73099433731886,3.4079437353512025],[98.72388570556092,3.404583077686596],[98.71628149159761,3.387635991365837],[98.71039141333311,3.385778834685404],[98.7096111165598,3.382093227684204]]]}},{"type":"Feature","properties":{"code":"1207082004","desa":"Tandukan Raga","kecamatan":"Stm Hilir","kecCode":"120708","kabCode":"1207","province":"Sumatera Utara"},"geometry":{"type":"Polygon","coordinates":[[[98.73774082827667,3.484934951040466],[98.75813993441051,3.487992945468083],[98.76129313287186,3.4921251674881058],[98.7727544752389,3.4856622228858067],[98.76881727839474,3.4790393005828966],[98.7690081963712,3.4734666452351615],[98.77452064031534,3.4741853402461533],[98.77842002606343,3.465022395242088],[98.77254302663943,3.4584696776152652],[98.77228031398532,3.451130305009189],[98.76451981943414,3.4470071796317385],[98.76794137469476,3.4450572812647287],[98.76843506832381,3.439476587776486],[98.76545182284343,3.438089128114435],[98.76685696767498,3.4361904236548035],[98.7336156308567,3.460795716528342],[98.73365435296608,3.4661436888536823],[98.73960534141344,3.467678461963299],[98.7395130269047,3.471484688735175],[98.73549821856801,3.475890230912479],[98.73774082827667,3.484934951040466]]]}},{"type":"Feature","properties":{"code":"1207082005","desa":"Limau Mungkur","kecamatan":"Stm Hilir","kecCode":"120708","kabCode":"1207","province":"Sumatera Utara"},"geometry":{"type":"Polygon","coordinates":[[[98.71357661506879,3.4190817642361067],[98.71500137591282,3.4222792075400563],[98.71830290855246,3.422474712058749],[98.72128675388063,3.4288802214586185],[98.71840650955282,3.4335918209143133],[98.72038789678406,3.438780174368478],[98.72599588829968,3.4397166312194787],[98.73052596590065,3.4482951392019845],[98.72947746791088,3.4574701576045483],[98.73489218342756,3.4597303886269155],[98.77031783859739,3.433904996326667],[98.77022603940024,3.4300459766527873],[98.77531211925896,3.427391965781756],[98.77774283926065,3.421396976211105],[98.77774283926065,3.417852922499776],[98.77127481707919,3.4169108484833064],[98.768033989577,3.419009533387394],[98.7586053767368,3.4173903094411227],[98.75248064376677,3.420409845260821],[98.71357661506879,3.4190817642361067]]]}},{"type":"Feature","properties":{"code":"1207082006","desa":"Negara Beringin","kecamatan":"Stm Hilir","kecCode":"120708","kabCode":"1207","province":"Sumatera Utara"},"geometry":{"type":"Polygon","coordinates":[[[98.7197047519728,3.378468175633577],[98.72003242355753,3.3824167875682334],[98.72550710496898,3.382434199342358],[98.72551373656971,3.388356361813797],[98.7286364875839,3.387567731023951],[98.73040502057528,3.4008162915823332],[98.73239283076457,3.3960113532902474],[98.7338939917144,3.397195202843974],[98.73679265056046,3.4082240882068477],[98.73099433731886,3.4079437353512025],[98.7326782234213,3.415108206007268],[98.73924824940725,3.4179267064776377],[98.73830157535745,3.420881082817912],[98.75248064376677,3.420409845260821],[98.76193662207747,3.4170036468271268],[98.77705690655108,3.4189809790132015],[98.77995264260043,3.4163321230561023],[98.77973939535683,3.4076456145898595],[98.77098627589595,3.400021532812098],[98.77189123759058,3.3962696925409124],[98.77720657532325,3.394328811676078],[98.76899743508362,3.38941760409516],[98.76384529192671,3.3792671594187924],[98.74028209923954,3.3763733982837354],[98.7197047519728,3.378468175633577]]]}},{"type":"Feature","properties":{"code":"1207082007","desa":"Lau Barus Baru","kecamatan":"Stm Hilir","kecCode":"120708","kabCode":"1207","province":"Sumatera Utara"},"geometry":{"type":"Polygon","coordinates":[[[98.7723365072241,3.451211020062076],[98.77786860765018,3.45028707457936],[98.77469913056045,3.4450447698964335],[98.80079787362301,3.4447809654656942],[98.80109326134499,3.448915594071419],[98.80846558242075,3.4490497756185228],[98.8103952118696,3.4473286153170664],[98.80701637620484,3.440856481442173],[98.81257563255944,3.4396954647758218],[98.81466849255696,3.4429414112155667],[98.82099470604089,3.4428584460589544],[98.8217654637052,3.436707935827735],[98.81843483440014,3.434169609247948],[98.8160365115758,3.4264170503228253],[98.81129337558887,3.4256329934848972],[98.80387943658678,3.4179862856638374],[98.80152537479624,3.4044070821609727],[98.7956211600885,3.396168986458291],[98.76774884962974,3.386319820062974],[98.76899743508362,3.38941760409516],[98.77720657532325,3.394328811676078],[98.77189123759058,3.3962696925409124],[98.77098627589595,3.400021532812098],[98.77973939535683,3.4076456145898595],[98.78080716941537,3.4132719162962393],[98.77774283926065,3.417852922499776],[98.77696884043968,3.425261036585038],[98.77209515976385,3.4278949763866606],[98.77031783859739,3.433904996326667],[98.76545188579593,3.437834685626182],[98.76848005241254,3.4396038157655062],[98.76795547876242,3.444921580762652],[98.76451981943414,3.4470071796317385],[98.7723365072241,3.451211020062076]]]}},{"type":"Feature","properties":{"code":"1207082008","desa":"Juma Tombak","kecamatan":"Stm Hilir","kecCode":"120708","kabCode":"1207","province":"Sumatera Utara"},"geometry":{"type":"Polygon","coordinates":[[[98.7555841196115,3.3568820066902987],[98.74675206755393,3.3633739796095194],[98.75162996335216,3.3749738508341283],[98.75353353134744,3.3734272021768503],[98.754425828789,3.3766989600586665],[98.7563293976836,3.375390257625394],[98.75818854726371,3.3784174286892537],[98.76384529192671,3.3792671594187924],[98.76674915964605,3.3858340161867493],[98.7856600946377,3.3939620996223328],[98.78832640643856,3.3878717324521395],[98.78265494706824,3.3792830648285146],[98.78431242188083,3.375954287231049],[98.77762653083977,3.3661740790515373],[98.77688525744873,3.367896861729939],[98.77281825156115,3.3672262552673544],[98.7699824499302,3.363050077083787],[98.75834752042181,3.360396505981235],[98.7555841196115,3.3568820066902987]]]}},{"type":"Feature","properties":{"code":"1207082009","desa":"Siguci","kecamatan":"Stm Hilir","kecCode":"120708","kabCode":"1207","province":"Sumatera Utara"},"geometry":{"type":"Polygon","coordinates":[[[98.68085219777076,3.3325061308705033],[98.68622036437834,3.339066327259415],[98.68204441012148,3.34149337802459],[98.68036867367539,3.3457853304316547],[98.67419015944836,3.344957816553871],[98.67307296944205,3.348210675182865],[98.67699352792901,3.3489546537338692],[98.68084043373908,3.3622902371898866],[98.69293680359067,3.362228829682027],[98.6967353069889,3.364269553280326],[98.69941562483125,3.3620455271647907],[98.71246884456163,3.365476481236353],[98.71157197406738,3.363716315539179],[98.7164838318634,3.359405108647175],[98.71661633257776,3.3535317334973405],[98.72237935732154,3.347228274666584],[98.72320354640658,3.342378520459047],[98.71635521622032,3.3347526220507206],[98.71292062978328,3.334799407481479],[98.69988939128244,3.322527251659405],[98.69526253943467,3.3227116063833835],[98.6979417717954,3.326654983364395],[98.69748912862046,3.3317621190446327],[98.68085219777076,3.3325061308705033]]]}},{"type":"Feature","properties":{"code":"1207082010","desa":"Kuta Jurung","kecamatan":"Stm Hilir","kecCode":"120708","kabCode":"1207","province":"Sumatera Utara"},"geometry":{"type":"Polygon","coordinates":[[[98.7178049737206,3.304545905416664],[98.71088495497672,3.2967783934639234],[98.70508715344941,3.2945754861279957],[98.70724262424777,3.2935155127900213],[98.70519654158714,3.287156097242278],[98.69968097070027,3.295657047691601],[98.69346519935952,3.292110250148749],[98.68787943728624,3.295201072528986],[98.6893954874119,3.299608868407319],[98.70002640479481,3.3101352584767763],[98.70940802266215,3.3096109195502623],[98.71673083965658,3.317323268887434],[98.7178049737206,3.304545905416664]]]}},{"type":"Feature","properties":{"code":"1207082011","desa":"Tala Peta","kecamatan":"Stm Hilir","kecCode":"120708","kabCode":"1207","province":"Sumatera Utara"},"geometry":{"type":"Polygon","coordinates":[[[98.71744444180763,3.336107030728328],[98.72243782944234,3.329544090507871],[98.72035340598494,3.325006026032698],[98.72194551357467,3.321219446749491],[98.71897408878323,3.317164006147819],[98.71525347386876,3.3164489120222873],[98.70940802266215,3.3096109195502623],[98.70159564532281,3.3110898456602165],[98.6929840755547,3.3027369335120604],[98.68545660703683,3.308704152917241],[98.68805161159264,3.3182492027711614],[98.69672287655958,3.323308438760662],[98.7021571298477,3.3230821171734353],[98.70296723375087,3.326633373554951],[98.71744444180763,3.336107030728328]]]}},{"type":"Feature","properties":{"code":"1207082012","desa":"Lau Rakit","kecamatan":"Stm Hilir","kecCode":"120708","kabCode":"1207","province":"Sumatera Utara"},"geometry":{"type":"Polygon","coordinates":[[[98.66243542855226,3.311299854444859],[98.67272191368545,3.327006171320955],[98.67931004662141,3.3320476546933016],[98.69206395758562,3.332999438689878],[98.6979650210689,3.3310958706966827],[98.6951942080463,3.321423091931375],[98.68805161159264,3.3182492027711614],[98.68435826142468,3.3060892886355373],[98.67729098858831,3.300672012754801],[98.67069622135358,3.2990042245187228],[98.66239164955505,3.3027011944540137],[98.66243542855226,3.311299854444859]]]}},{"type":"Feature","properties":{"code":"1207082013","desa":"Penungkiren","kecamatan":"Stm Hilir","kecCode":"120708","kabCode":"1207","province":"Sumatera Utara"},"geometry":{"type":"Polygon","coordinates":[[[98.61308395675927,3.2707522500002084],[98.61061906611707,3.2742648885938324],[98.61582443474991,3.2832663891029576],[98.62108780156086,3.2817911232337202],[98.6267033302945,3.286968830513508],[98.62743808809734,3.291198181112951],[98.64022854930816,3.292860307217471],[98.64097961721563,3.2961950832929214],[98.6463727292181,3.298706192790276],[98.64725372757755,3.303779985206405],[98.65766941740974,3.3129476795301684],[98.65921064855262,3.310606662408429],[98.66243542855226,3.311299854444859],[98.66239164955505,3.3027011944540137],[98.6770681365853,3.296384749412909],[98.67312775074514,3.290788257534339],[98.65910082784097,3.2872047892357394],[98.65021354122199,3.2763544462785363],[98.63872074506638,3.2699299027276174],[98.6289411592072,3.2698942104342943],[98.62444397880664,3.271286195484867],[98.62292722541116,3.2752396745503787],[98.61892972992314,3.275763155523668],[98.61308395675927,3.2707522500002084]]]}},{"type":"Feature","properties":{"code":"1207082014","desa":"Rambai","kecamatan":"Stm Hilir","kecCode":"120708","kabCode":"1207","province":"Sumatera Utara"},"geometry":{"type":"Polygon","coordinates":[[[98.60716110090412,3.2525802303968314],[98.61807464193122,3.253880190520465],[98.61869925076985,3.2574196397028827],[98.61235239784492,3.2667516023927607],[98.61697857160384,3.2755727996236876],[98.62292722541116,3.2752396745503787],[98.62444397880664,3.271286195484867],[98.6289411592072,3.2698942104342943],[98.63872074506638,3.2699299027276174],[98.65021354122199,3.2763544462785363],[98.65910082784097,3.2872047892357394],[98.67495517674007,3.2918732913804245],[98.6770681365853,3.296384749412909],[98.67069622135358,3.2990042245187228],[98.67729098858831,3.300672012754801],[98.68545660703683,3.308704152917241],[98.6929840755547,3.3027369335120604],[98.68712351663703,3.2960328357034028],[98.68877583923364,3.289860216539026],[98.68082629369854,3.282970924938907],[98.67866166600315,3.2719958622018464],[98.67287857558586,3.271837873801535],[98.66830998541758,3.2644361368089116],[98.66128839274518,3.262138126166734],[98.65558553084763,3.255537404527929],[98.64942413701436,3.2552781569619462],[98.64459133142486,3.2451899966325204],[98.64506722297402,3.2390033984062825],[98.63979380264192,3.232462947532198],[98.63942314166474,3.245094818682536],[98.63164230444885,3.2398837987155713],[98.63249890959706,3.2439526769872398],[98.62814449657132,3.2485926265562743],[98.62236240620012,3.2434529902766003],[98.6125480345642,3.240220150556347],[98.61361073824501,3.2490010302806978],[98.60716110090412,3.2525802303968314]]]}},{"type":"Feature","properties":{"code":"1207082015","desa":"Lau Rempak","kecamatan":"Stm Hilir","kecCode":"120708","kabCode":"1207","province":"Sumatera Utara"},"geometry":{"type":"Polygon","coordinates":[[[98.7634608380473,3.3403635111758962],[98.76065795969713,3.336756026482165],[98.75069935479144,3.3437768709109945],[98.74978128727662,3.346966087216852],[98.75745928431859,3.3597041215359624],[98.76940125226604,3.363912835392482],[98.77199206598112,3.3623849133181793],[98.76976180666212,3.35275994071417],[98.76703867839235,3.35162737589938],[98.76895543584476,3.348772016714972],[98.76091851038103,3.3478447797135917],[98.7578250466886,3.343982110590885],[98.75796934740754,3.340911557130892],[98.7634608380473,3.3403635111758962]]]}},{"type":"Feature","properties":{"code":"1207092001","desa":"Bah Perak","kecamatan":"Bangun Purba","kecCode":"120709","kabCode":"1207","province":"Sumatera Utara"},"geometry":{"type":"Polygon","coordinates":[[[98.84539403980317,3.386719976104928],[98.8443883153685,3.3728975626462008],[98.84744427283499,3.3704646662877247],[98.85109912572413,3.371492593183906],[98.85278137056383,3.365814761223674],[98.85749074959845,3.3649107663012203],[98.8561066866743,3.360596636612525],[98.85492717275086,3.3637516310165685],[98.84918156787512,3.3640157511093824],[98.84510793128605,3.362036039317256],[98.83617324230134,3.3626988189800495],[98.83409597295088,3.360314599326648],[98.8308424182431,3.3862950536331975],[98.83532784540382,3.3942509645611274],[98.84075217737114,3.3958820685516824],[98.84086685532117,3.387418355430942],[98.84539403980317,3.386719976104928]]]}},{"type":"Feature","properties":{"code":"1207092002","desa":"Bandar Kuala","kecamatan":"Bangun Purba","kecCode":"120709","kabCode":"1207","province":"Sumatera Utara"},"geometry":{"type":"Polygon","coordinates":[[[98.8561066866743,3.360596636612525],[98.8576983616901,3.3644759045222097],[98.86178464544507,3.3578038558533154],[98.86697734892556,3.3605186734850756],[98.8652470937784,3.3539889803013194],[98.87016221791208,3.35071374114393],[98.87036397721585,3.347866837385381],[98.86082470189855,3.344620050978812],[98.85760739706376,3.3463034424522937],[98.8561066866743,3.360596636612525]]]}},{"type":"Feature","properties":{"code":"1207092003","desa":"Bah Balua","kecamatan":"Bangun Purba","kecCode":"120709","kabCode":"1207","province":"Sumatera Utara"},"geometry":{"type":"Polygon","coordinates":[[[98.81560835604085,3.341371241996986],[98.8128533845761,3.3224916124260497],[98.80890484008637,3.317481099906303],[98.79732687543502,3.3161863045891815],[98.7805183638315,3.319929197505296],[98.77378151540466,3.33876233302581],[98.77854705889972,3.3410808212309786],[98.78614542906837,3.339400886751399],[98.78663993388591,3.3435709747260676],[98.79077590428459,3.3427332130735885],[98.79698780224533,3.346086611410647],[98.79977177234946,3.3460009509858235],[98.80082111480264,3.342488866374577],[98.80299832131556,3.3433311965831303],[98.80521835894017,3.3403116598641005],[98.81560835604085,3.341371241996986]]]}},{"type":"Feature","properties":{"code":"1207092005","desa":"Bandar Gugung","kecamatan":"Bangun Purba","kecCode":"120709","kabCode":"1207","province":"Sumatera Utara"},"geometry":{"type":"Polygon","coordinates":[[[98.76279810065188,3.3238831613054125],[98.77878604563956,3.322309761414629],[98.77854817136107,3.319683718559864],[98.77645067625774,3.314722541948175],[98.7735953215669,3.316435754041391],[98.7678624951581,3.3142315831580227],[98.760046831696,3.314866690681517],[98.757475741912,3.316951897446159],[98.76279810065188,3.3238831613054125]]]}},{"type":"Feature","properties":{"code":"1207092006","desa":"Bandar Meriah","kecamatan":"Bangun Purba","kecCode":"120709","kabCode":"1207","province":"Sumatera Utara"},"geometry":{"type":"Polygon","coordinates":[[[98.75705676395853,3.3209640716642865],[98.75956693456646,3.3311140666796435],[98.76999527606118,3.341323526667214],[98.77439251929938,3.3403241523466223],[98.7778189425902,3.3232301042132173],[98.76272602268783,3.322657844012179],[98.75989446405832,3.324359160772715],[98.75705676395853,3.3209640716642865]]]}},{"type":"Feature","properties":{"code":"1207092007","desa":"Batu Gingging","kecamatan":"Bangun Purba","kecCode":"120709","kabCode":"1207","province":"Sumatera Utara"},"geometry":{"type":"Polygon","coordinates":[[[98.83567202944066,3.3971788756522474],[98.8308424182431,3.3862950536331975],[98.83333941738027,3.3723960314260153],[98.82797980962054,3.372028519875012],[98.82670895965083,3.3743739562652397],[98.81710617600925,3.373419447322827],[98.81275565435003,3.3760815592868734],[98.81444717929394,3.379519305937882],[98.81194391997597,3.3839669660645137],[98.81652282087157,3.391206261214054],[98.8117963115506,3.3992952349325476],[98.83226940041254,3.3980830702242235],[98.83143658772838,3.396774365992279],[98.83567202944066,3.3971788756522474]]]}},{"type":"Feature","properties":{"code":"1207092008","desa":"Bangun Purba","kecamatan":"Bangun Purba","kecCode":"120709","kabCode":"1207","province":"Sumatera Utara"},"geometry":{"type":"Polygon","coordinates":[[[98.81275565435003,3.3760815592868734],[98.81710617600925,3.373419447322827],[98.82646253281968,3.3742765479966073],[98.82389543242834,3.366357141449736],[98.81206745804677,3.366196075569433],[98.80939597784214,3.370059682685035],[98.81275565435003,3.3760815592868734]]]}},{"type":"Feature","properties":{"code":"1207092009","desa":"Bangun Purba Tengah","kecamatan":"Bangun Purba","kecCode":"120709","kabCode":"1207","province":"Sumatera Utara"},"geometry":{"type":"Polygon","coordinates":[[[98.81560835604085,3.341371241996986],[98.80521835894017,3.3403116598641005],[98.80299832131556,3.3433311965831303],[98.80082111480264,3.342488866374577],[98.79977177234946,3.3460009509858235],[98.79728761463178,3.3451586225760175],[98.795847138135,3.3536121238949796],[98.80351376055165,3.3587160678812618],[98.80472728593554,3.3665207002507453],[98.81204113668917,3.3665353313211215],[98.81186566906541,3.3581925860086472],[98.81822076877353,3.346008392875805],[98.81560835604085,3.341371241996986]]]}},{"type":"Feature","properties":{"code":"1207092010","desa":"Begerpang","kecamatan":"Bangun Purba","kecCode":"120709","kabCode":"1207","province":"Sumatera Utara"},"geometry":{"type":"Polygon","coordinates":[[[98.79669965586446,3.3993277535183246],[98.80152537479624,3.4044070821609727],[98.80163245077705,3.4102962485065937],[98.81402459865636,3.4161619605333273],[98.81480084937976,3.418822744198669],[98.82811585186509,3.4187433349613845],[98.83323169298829,3.4142699479290353],[98.82440865123833,3.4084545466755394],[98.82101498665234,3.4013495212066043],[98.81645012057669,3.401537674666906],[98.81692532414444,3.39916868683094],[98.79669965586446,3.3993277535183246]]]}},{"type":"Feature","properties":{"code":"1207092011","desa":"Batu Rata","kecamatan":"Bangun Purba","kecCode":"120709","kabCode":"1207","province":"Sumatera Utara"},"geometry":{"type":"Polygon","coordinates":[[[98.80163245077705,3.4102962485065937],[98.8045611182011,3.4137315418070466],[98.80516892500594,3.419902727452115],[98.81731630440395,3.427907211663049],[98.81843483440014,3.434169609247948],[98.8217654637052,3.436707935827735],[98.82098137808816,3.4395124365518366],[98.84497227934725,3.441037013148159],[98.84642681044897,3.4316072644742994],[98.82643227602875,3.4319272576470956],[98.82877377069302,3.427537307915431],[98.82635802440335,3.4258061705351928],[98.82737844555884,3.4229313149481846],[98.84146284323566,3.425377867511925],[98.84490602359413,3.422597300445369],[98.84338316919796,3.4195515898575435],[98.83030495640867,3.416863561230813],[98.81626959696437,3.4194059311625207],[98.81402459865636,3.4161619605333273],[98.80163245077705,3.4102962485065937]]]}},{"type":"Feature","properties":{"code":"1207092012","desa":"Cimahi","kecamatan":"Bangun Purba","kecCode":"120709","kabCode":"1207","province":"Sumatera Utara"},"geometry":{"type":"Polygon","coordinates":[[[98.7856600946377,3.3939620996223328],[98.7956211600885,3.396168986458291],[98.79669965586446,3.3993277535183246],[98.8117963115506,3.3992952349325476],[98.81652282087157,3.391206261214054],[98.81194391997597,3.3839669660645137],[98.81444717929394,3.379519305937882],[98.80939597784214,3.370059682685035],[98.78402413520575,3.3739960476520814],[98.78265494706824,3.3792830648285146],[98.78832640643856,3.3878717324521395],[98.7856600946377,3.3939620996223328]]]}},{"type":"Feature","properties":{"code":"1207092014","desa":"Damak Maliho","kecamatan":"Bangun Purba","kecCode":"120709","kabCode":"1207","province":"Sumatera Utara"},"geometry":{"type":"Polygon","coordinates":[[[98.83333941738027,3.3723960314260153],[98.83453141389366,3.3613996331727183],[98.82825531333206,3.364767834350644],[98.82542613700666,3.3636512711729516],[98.8204018873373,3.351624122152224],[98.81620209205295,3.3515758942089167],[98.81172290169064,3.3586922736186],[98.81206745804677,3.366196075569433],[98.82389543242834,3.366357141449736],[98.82670895965083,3.3743739562652397],[98.82797980962054,3.372028519875012],[98.83333941738027,3.3723960314260153]]]}},{"type":"Feature","properties":{"code":"1207092015","desa":"Greahan","kecamatan":"Bangun Purba","kecCode":"120709","kabCode":"1207","province":"Sumatera Utara"},"geometry":{"type":"Polygon","coordinates":[[[98.7699824499302,3.363050077083787],[98.77281825156115,3.3672262552673544],[98.77688525744873,3.367896861729939],[98.77756184530296,3.366114698615537],[98.78431242188083,3.375954287231049],[98.78535208043421,3.3728811284351448],[98.80919219956041,3.3707521435726573],[98.8120114212901,3.367764077729323],[98.80472728593554,3.3665207002507453],[98.80487005420967,3.3617617784690745],[98.80061319784085,3.355544246262447],[98.79706066261957,3.3533860757016556],[98.7907058668823,3.3549697350582828],[98.78080602277981,3.348033452082707],[98.77646263993893,3.347794985151241],[98.77445485670631,3.3444075771523982],[98.76917293508295,3.345036675406033],[98.76697653523898,3.350952587589288],[98.77098634784177,3.356504634972389],[98.77199346262823,3.36245558833975],[98.7699824499302,3.363050077083787]]]}},{"type":"Feature","properties":{"code":"1207092017","desa":"Marombun Ujung Jawi","kecamatan":"Bangun Purba","kecCode":"120709","kabCode":"1207","province":"Sumatera Utara"},"geometry":{"type":"Polygon","coordinates":[[[98.8510501207665,3.3706399135773375],[98.8443883153685,3.3728975626462008],[98.84539403980317,3.386719976104928],[98.85573397794082,3.3859500053482265],[98.85567790161393,3.3889838979450406],[98.86066307933771,3.388230986428147],[98.85941783936185,3.374988026847493],[98.86679003363321,3.3722631377081123],[98.85904595980327,3.3689189664152317],[98.85725316040508,3.3718609761780223],[98.8510501207665,3.3706399135773375]]]}},{"type":"Feature","properties":{"code":"1207092018","desa":"Marombun Barat","kecamatan":"Bangun Purba","kecCode":"120709","kabCode":"1207","province":"Sumatera Utara"},"geometry":{"type":"Polygon","coordinates":[[[98.8576983616901,3.3644759045222097],[98.85307961183467,3.3655264340794124],[98.8510501207665,3.3706399135773375],[98.85725316040508,3.3718609761780223],[98.86065983997968,3.3691409964376646],[98.86705653423172,3.3732149226040176],[98.85941783936185,3.374988026847493],[98.86096067219735,3.389690206593514],[98.87788594997664,3.388931695897547],[98.86946492316775,3.382608116534676],[98.86755116855164,3.3609937178723865],[98.86178464544507,3.3578038558533154],[98.8576983616901,3.3644759045222097]]]}},{"type":"Feature","properties":{"code":"1207092019","desa":"Mabar","kecamatan":"Bangun Purba","kecCode":"120709","kabCode":"1207","province":"Sumatera Utara"},"geometry":{"type":"Polygon","coordinates":[[[98.77878604563956,3.322309761414629],[98.78607678471586,3.317359379365469],[98.79393614443757,3.31603758819914],[98.81410361488996,3.319811817092662],[98.81389154485896,3.308720561947305],[98.80236240530081,3.3060248674994845],[98.7961431239061,3.2984186282711083],[98.78541899539037,3.29838098624758],[98.78337893459025,3.3006300009254432],[98.78417843368783,3.3059409571553933],[98.7767600061694,3.3135804011522607],[98.77878604563956,3.322309761414629]]]}},{"type":"Feature","properties":{"code":"1207092020","desa":"Perguroan","kecamatan":"Bangun Purba","kecCode":"120709","kabCode":"1207","province":"Sumatera Utara"},"geometry":{"type":"Polygon","coordinates":[[[98.76826316201539,3.339751460470989],[98.75796934740754,3.340911557130892],[98.7578250466886,3.343982110590885],[98.76091851038103,3.3478447797135917],[98.76895543584476,3.348772016714972],[98.76917293508295,3.345036675406033],[98.77445485670631,3.3444075771523982],[98.77646263993893,3.347794985151241],[98.78080602277981,3.348033452082707],[98.7907058668823,3.3549697350582828],[98.79662462722483,3.3541204962578783],[98.79683789695144,3.3459010147228976],[98.79077590428459,3.3427332130735885],[98.78663993388591,3.3435709747260676],[98.78614542906837,3.339400886751399],[98.76999527606118,3.341323526667214],[98.76826316201539,3.339751460470989]]]}},{"type":"Feature","properties":{"code":"1207092023","desa":"Rumah Deleng","kecamatan":"Bangun Purba","kecCode":"120709","kabCode":"1207","province":"Sumatera Utara"},"geometry":{"type":"Polygon","coordinates":[[[98.76083884123959,3.311552761790371],[98.76921838142324,3.3063740032031275],[98.77596415382271,3.289194294644977],[98.77530980260535,3.283156412808703],[98.76891500142625,3.2778621111237087],[98.76275814557204,3.279051842243626],[98.75535207293989,3.2841676833613396],[98.74247561855502,3.3060301717009004],[98.7435796892513,3.3099134514862434],[98.74982339533346,3.313891910120879],[98.76083884123959,3.311552761790371]]]}},{"type":"Feature","properties":{"code":"1207092024","desa":"Sibaganding","kecamatan":"Bangun Purba","kecCode":"120709","kabCode":"1207","province":"Sumatera Utara"},"geometry":{"type":"Polygon","coordinates":[[[98.81021357129934,3.3199883549094165],[98.81313177870867,3.323031658911427],[98.81207120642108,3.3265726522298142],[98.81505517405708,3.335510505019872],[98.81742849033265,3.336152814314276],[98.81792817794314,3.3326764219963807],[98.82197564066337,3.330035220169249],[98.8239958039632,3.3332689097488575],[98.82181263674386,3.3384178675015157],[98.83447307757051,3.3412300223555356],[98.83580557606655,3.346122193986672],[98.84375927197289,3.3413482022654986],[98.84144662755989,3.3328732557130767],[98.83692548742134,3.332845781424585],[98.83124675883089,3.319016389226802],[98.81963010174786,3.315533519991525],[98.81389154485896,3.308720561947305],[98.81410361488996,3.319811817092662],[98.81021357129934,3.3199883549094165]]]}},{"type":"Feature","properties":{"code":"1207092025","desa":"Sialang","kecamatan":"Bangun Purba","kecCode":"120709","kabCode":"1207","province":"Sumatera Utara"},"geometry":{"type":"Polygon","coordinates":[[[98.84075217737114,3.3958820685516824],[98.83548167174183,3.394156959327118],[98.83567202944066,3.3971788756522474],[98.81692532414444,3.39916868683094],[98.81645012057669,3.401537674666906],[98.82101498665234,3.4013495212066043],[98.82440865123833,3.4084545466755394],[98.83105372834693,3.411769475612752],[98.83323169298829,3.4142699479290353],[98.83030495640867,3.416863561230813],[98.84338316919796,3.4195515898575435],[98.84334509729848,3.422102372047648],[98.84663973933255,3.422912752041845],[98.84059751286497,3.4094330989928023],[98.84075217737114,3.3958820685516824]]]}},{"type":"Feature","properties":{"code":"1207092027","desa":"Sukaluwei","kecamatan":"Bangun Purba","kecCode":"120709","kabCode":"1207","province":"Sumatera Utara"},"geometry":{"type":"Polygon","coordinates":[[[98.81505517405708,3.335510505019872],[98.81523961691482,3.3420413124636186],[98.8182098635944,3.344111361155176],[98.81620209205295,3.3515758942089167],[98.83727525085219,3.3510688582385173],[98.83795713391464,3.3456447313224222],[98.83512029176812,3.34555112448805],[98.83447307757051,3.3412300223555356],[98.82181263674386,3.3384178675015157],[98.8229678752673,3.330656260497289],[98.81792817794314,3.3326764219963807],[98.81742849033265,3.336152814314276],[98.81505517405708,3.335510505019872]]]}},{"type":"Feature","properties":{"code":"1207092030","desa":"Tanjung Purba","kecamatan":"Bangun Purba","kecCode":"120709","kabCode":"1207","province":"Sumatera Utara"},"geometry":{"type":"Polygon","coordinates":[[[98.85573397794082,3.3859500053482265],[98.84086685532117,3.387418355430942],[98.84059751286497,3.4094330989928023],[98.84663973933255,3.422912752041845],[98.85125867444832,3.4229829486240417],[98.84870277871032,3.418992118016027],[98.85285235405296,3.413757092445687],[98.85019687458617,3.409345572474766],[98.8496890166349,3.391430929847349],[98.85567790161393,3.3889838979450406],[98.85573397794082,3.3859500053482265]]]}},{"type":"Feature","properties":{"code":"1207092032","desa":"Urung Ganjang","kecamatan":"Bangun Purba","kecCode":"120709","kabCode":"1207","province":"Sumatera Utara"},"geometry":{"type":"Polygon","coordinates":[[[98.82825531333206,3.364767834350644],[98.83621607341313,3.3604787822571502],[98.83617324230134,3.3626988189800495],[98.85492717275086,3.3637516310165685],[98.85760739706376,3.3463034424522937],[98.85242902967603,3.3417399901158187],[98.84416112683459,3.3392252599478462],[98.83795713391464,3.3456447313224222],[98.83665659102887,3.3516161343737987],[98.8202405804385,3.351799836190027],[98.82542613700666,3.3636512711729516],[98.82825531333206,3.364767834350644]]]}},{"type":"Feature","properties":{"code":"1207092033","desa":"Ujung Rambe","kecamatan":"Bangun Purba","kecCode":"120709","kabCode":"1207","province":"Sumatera Utara"},"geometry":{"type":"Polygon","coordinates":[[[98.84346865155707,3.4242295726552023],[98.82737844555884,3.4229313149481846],[98.82635802440335,3.4258061705351928],[98.82877377069302,3.427537307915431],[98.82643227602875,3.4319272576470956],[98.84642681044897,3.4316072644742994],[98.84346865155707,3.4242295726552023]]]}},{"type":"Feature","properties":{"code":"1207191038","desa":"Galang Kota","kecamatan":"Galang","kecCode":"120719","kabCode":"1207","province":"Sumatera Utara"},"geometry":{"type":"Polygon","coordinates":[[[98.90766950864098,3.4165536125859672],[98.90355840359751,3.4161605396044505],[98.90094055895969,3.4220429295584482],[98.89479879193077,3.4261413955255007],[98.8932481466847,3.435891864923631],[98.89852924542838,3.437043904557317],[98.90766950864098,3.4165536125859672]]]}},{"type":"Feature","properties":{"code":"1207192001","desa":"Tanjung Gusti","kecamatan":"Galang","kecCode":"120719","kabCode":"1207","province":"Sumatera Utara"},"geometry":{"type":"Polygon","coordinates":[[[98.87370803969434,3.45935402594836],[98.87576536208184,3.452547227360751],[98.87386179228793,3.4452898711265494],[98.87133956357006,3.443774155550397],[98.87183846787104,3.439060902241464],[98.86560171085034,3.4354901593498295],[98.86355999979422,3.430277996344496],[98.86202429858258,3.437352545587983],[98.86869262406543,3.445208406039108],[98.86942126467966,3.449554440975985],[98.86605055978555,3.450393302499312],[98.86920164304144,3.4549188061435783],[98.86608025539954,3.4581388781887594],[98.87370803969434,3.45935402594836]]]}},{"type":"Feature","properties":{"code":"1207192002","desa":"Baru Titi Besi","kecamatan":"Galang","kecCode":"120719","kabCode":"1207","province":"Sumatera Utara"},"geometry":{"type":"Polygon","coordinates":[[[98.91723335523523,3.3683690165955076],[98.91313096642101,3.3703977198553376],[98.91484893772838,3.3731158586834837],[98.9124218869606,3.3740152931438305],[98.91446346491705,3.374629194653506],[98.91493459725393,3.3802685176438523],[98.92034057136033,3.3845860125956198],[98.91626015658102,3.3774682976926305],[98.91857428937202,3.372585361199589],[98.91723335523523,3.3683690165955076]]]}},{"type":"Feature","properties":{"code":"1207192003","desa":"Bandar Kuala","kecamatan":"Galang","kecCode":"120719","kabCode":"1207","province":"Sumatera Utara"},"geometry":{"type":"Polygon","coordinates":[[[98.91878966081424,3.384040443373561],[98.91247899480982,3.37430082969182],[98.91484893772838,3.3731158586834837],[98.91313096642101,3.3703977198553376],[98.91723335523523,3.3683690165955076],[98.91431536456246,3.3618244585176846],[98.89169667676025,3.360569448308451],[98.88775251736485,3.3642630035179018],[98.88910405181059,3.3721818506864247],[98.88691726482,3.3746728252625386],[98.88912687840273,3.377877608832988],[98.90448627642058,3.3804645554604718],[98.90906299106422,3.3852727232180637],[98.91878966081424,3.384040443373561]]]}},{"type":"Feature","properties":{"code":"1207192004","desa":"Batu Lokong","kecamatan":"Galang","kecCode":"120719","kabCode":"1207","province":"Sumatera Utara"},"geometry":{"type":"Polygon","coordinates":[[[98.80701637620484,3.440856481442173],[98.81179909405301,3.455775700872564],[98.80312533256813,3.456846148614394],[98.80456093204144,3.4668913609202976],[98.80549131757031,3.471163404135942],[98.8077000830924,3.4701941355201185],[98.80883740262408,3.4808188565627076],[98.81144257491495,3.4814611523673644],[98.81683236392252,3.492409105041463],[98.84598956906342,3.484617147716894],[98.84871657520982,3.4892455733732124],[98.85283849100362,3.4892790299519576],[98.85174634801557,3.4798055976091073],[98.8471723682103,3.4742637809135517],[98.84730762534666,3.4677427625902357],[98.84129361600763,3.460285727184361],[98.83593771705203,3.459008179964708],[98.83416090040527,3.455552552093503],[98.83049811099909,3.4589622659770116],[98.8281461230452,3.4534057687484307],[98.81827381258641,3.449330824549468],[98.81779058886463,3.444311549935048],[98.81257563255944,3.4396954647758218],[98.80701637620484,3.440856481442173]]]}},{"type":"Feature","properties":{"code":"1207192005","desa":"Galang Suka","kecamatan":"Galang","kecCode":"120719","kabCode":"1207","province":"Sumatera Utara"},"geometry":{"type":"Polygon","coordinates":[[[98.8932481466847,3.435891864923631],[98.89454208584863,3.4306710486416105],[98.89263514539573,3.4297918696116736],[98.88925155231732,3.4320618744660707],[98.88839494626983,3.435959430988918],[98.87704967670128,3.437011153047067],[98.88021189536272,3.449404786593126],[98.88263177223853,3.444458271628718],[98.8880759792231,3.443106737184412],[98.88913245959536,3.4373769954564195],[98.8932481466847,3.435891864923631]]]}},{"type":"Feature","properties":{"code":"1207192006","desa":"Galang Barat","kecamatan":"Galang","kecCode":"120719","kabCode":"1207","province":"Sumatera Utara"},"geometry":{"type":"Polygon","coordinates":[[[98.86888188009478,3.3746910266414485],[98.86946492316775,3.382608116534676],[98.87677950057355,3.3871114078237063],[98.88227010717975,3.3950350142045416],[98.88896234113916,3.3964924339271034],[98.89197116963385,3.404476714868253],[98.89645225936431,3.40855037753335],[98.89669202042046,3.415117665076523],[98.90766950864098,3.4165536125859672],[98.90906299106422,3.3852727232180637],[98.90732865029702,3.382301568226414],[98.88982734055939,3.3781519308350547],[98.88691726482,3.3746728252625386],[98.88094594899638,3.375692809346451],[98.87394038763881,3.3723732722830158],[98.86888188009478,3.3746910266414485]]]}},{"type":"Feature","properties":{"code":"1207192007","desa":"Jaharum A","kecamatan":"Galang","kecCode":"120719","kabCode":"1207","province":"Sumatera Utara"},"geometry":{"type":"Polygon","coordinates":[[[98.89306362378727,3.4361274153536874],[98.88913245959536,3.4373769954564195],[98.88659119672637,3.444934164076684],[98.88263177223853,3.444458271628718],[98.87781455459809,3.450327807572772],[98.87697222438867,3.456377586540364],[98.88933203984179,3.464728016559755],[98.89463132557528,3.4633475833008767],[98.89209280383989,3.4506183317607695],[98.8942343189587,3.445978383990408],[98.89306362378727,3.4361274153536874]]]}},{"type":"Feature","properties":{"code":"1207192008","desa":"Jaharum B","kecamatan":"Galang","kecCode":"120719","kabCode":"1207","province":"Sumatera Utara"},"geometry":{"type":"Polygon","coordinates":[[[98.89422900756271,3.464187152590653],[98.88813504039983,3.464453966152955],[98.88109168593262,3.4592255353111625],[98.87944715955882,3.4662269660750558],[98.88358499964805,3.468648956355106],[98.88414804000011,3.4837350261051636],[98.88101222003797,3.49084595472402],[98.88409740637023,3.491063689584333],[98.88569663029529,3.488381664831568],[98.89207973039531,3.4930661002649357],[98.89538070635454,3.4882930330467476],[98.89795834680034,3.475518951202085],[98.89735419843754,3.468510310573367],[98.89422900756271,3.464187152590653]]]}},{"type":"Feature","properties":{"code":"1207192009","desa":"Juhar Baru","kecamatan":"Galang","kecCode":"120719","kabCode":"1207","province":"Sumatera Utara"},"geometry":{"type":"Polygon","coordinates":[[[98.88101222003797,3.49084595472402],[98.88392195943095,3.486515036491376],[98.88358499964805,3.468648956355106],[98.8767381596384,3.465509036387088],[98.87348670035102,3.4686437223007305],[98.87125445622826,3.476436236305681],[98.87331730135242,3.481123782493983],[98.8827114144003,3.484602554418023],[98.87447168282198,3.4859921688557183],[98.8743566496397,3.490376244215769],[98.88101222003797,3.49084595472402]]]}},{"type":"Feature","properties":{"code":"1207192012","desa":"Keramat Gajah","kecamatan":"Galang","kecCode":"120719","kabCode":"1207","province":"Sumatera Utara"},"geometry":{"type":"Polygon","coordinates":[[[98.92616638137342,3.4773629732840656],[98.92006083633856,3.4679134494177744],[98.91846011414297,3.4543553476073643],[98.91418533968175,3.4502785310199258],[98.90858891884356,3.4512822400728056],[98.91151189355912,3.4754091889465126],[98.92162460269331,3.4796803220481745],[98.92616638137342,3.4773629732840656]]]}},{"type":"Feature","properties":{"code":"1207192013","desa":"Kotasan","kecamatan":"Galang","kecCode":"120719","kabCode":"1207","province":"Sumatera Utara"},"geometry":{"type":"Polygon","coordinates":[[[98.86963389588765,3.489185396137855],[98.8827114144003,3.484602554418023],[98.87331730135242,3.481123782493983],[98.87125445622826,3.476436236305681],[98.85553893837137,3.4762363754710375],[98.8614433644198,3.4893179211337726],[98.86963389588765,3.489185396137855]]]}},{"type":"Feature","properties":{"code":"1207192015","desa":"Kotangan","kecamatan":"Galang","kecCode":"120719","kabCode":"1207","province":"Sumatera Utara"},"geometry":{"type":"Polygon","coordinates":[[[98.87788594997664,3.388931695897547],[98.87449980462235,3.388762215960177],[98.87441890340972,3.4069063988484207],[98.87159638656401,3.407009192257486],[98.87093027491233,3.4155874763088416],[98.87910605659931,3.4158940569926437],[98.88477064874648,3.4207375015567507],[98.88601378700672,3.425963012299912],[98.89065224370614,3.4278967381585583],[98.89086022541913,3.4304865895962475],[98.89454208584863,3.4306710486416105],[98.89479879193077,3.4261413955255007],[98.90094055895969,3.4220429295584482],[98.90355840359751,3.4161605396044505],[98.89669202042046,3.415117665076523],[98.89645225936431,3.40855037753335],[98.89197116963385,3.404476714868253],[98.88896234113916,3.3964924339271034],[98.88227010717975,3.3950350142045416],[98.87788594997664,3.388931695897547]]]}},{"type":"Feature","properties":{"code":"1207192016","desa":"Kelapa Satu","kecamatan":"Galang","kecCode":"120719","kabCode":"1207","province":"Sumatera Utara"},"geometry":{"type":"Polygon","coordinates":[[[98.85371822941282,3.4244976920331203],[98.84232682192533,3.4233143362071865],[98.84502223398896,3.427421664093628],[98.85153721157309,3.4302253374414677],[98.85471036329265,3.435923999498945],[98.85608617223915,3.430437951562116],[98.85371822941282,3.4244976920331203]]]}},{"type":"Feature","properties":{"code":"1207192019","desa":"Nogorejo","kecamatan":"Galang","kecCode":"120719","kabCode":"1207","province":"Sumatera Utara"},"geometry":{"type":"Polygon","coordinates":[[[98.83179246564981,3.4876206630136224],[98.83956043086924,3.498377031313847],[98.84080964764716,3.5047123459301277],[98.84559724161949,3.507413682724505],[98.85140312625333,3.5047486857353163],[98.84659011833934,3.494858612777441],[98.84672717501917,3.4916948823590337],[98.84884013576374,3.4912151830807785],[98.84598956906342,3.484617147716894],[98.83179246564981,3.4876206630136224]]]}},{"type":"Feature","properties":{"code":"1207192022","desa":"Paku","kecamatan":"Galang","kecCode":"120719","kabCode":"1207","province":"Sumatera Utara"},"geometry":{"type":"Polygon","coordinates":[[[98.87036397721585,3.347866837385381],[98.87016221791208,3.35071374114393],[98.86521140238438,3.354167439069997],[98.86888188009478,3.3746910266414485],[98.87394038763881,3.3723732722830158],[98.88094594899638,3.375692809346451],[98.88691726482,3.3746728252625386],[98.88910405181059,3.3721818506864247],[98.88775251736485,3.3642630035179018],[98.89169667676025,3.360569448308451],[98.88404426543059,3.357213879007977],[98.88005286015141,3.351787563142038],[98.87036397721585,3.347866837385381]]]}},{"type":"Feature","properties":{"code":"1207192023","desa":"Petumbukan","kecamatan":"Galang","kecCode":"120719","kabCode":"1207","province":"Sumatera Utara"},"geometry":{"type":"Polygon","coordinates":[[[98.86231160409733,3.436552382791498],[98.86340548277683,3.4323524849890075],[98.85607283889044,3.4308562864998198],[98.85687105555485,3.4360984976533646],[98.86231160409733,3.436552382791498]]]}},{"type":"Feature","properties":{"code":"1207192024","desa":"Petangguhan","kecamatan":"Galang","kecCode":"120719","kabCode":"1207","province":"Sumatera Utara"},"geometry":{"type":"Polygon","coordinates":[[[98.86860527831101,3.45581256318385],[98.86599920759744,3.450636087975267],[98.86933173986796,3.4499513639551993],[98.86869262406543,3.445208406039108],[98.86231160409733,3.436552382791498],[98.85565223856003,3.434938748131719],[98.85372186267386,3.437601651499211],[98.85560883188212,3.4522481137478787],[98.86860527831101,3.45581256318385]]]}},{"type":"Feature","properties":{"code":"1207192025","desa":"Pisang Pala","kecamatan":"Galang","kecCode":"120719","kabCode":"1207","province":"Sumatera Utara"},"geometry":{"type":"Polygon","coordinates":[[[98.84502223398896,3.427421664093628],[98.8475233304374,3.4343163120558784],[98.8455243146954,3.4413796566459505],[98.8534538674021,3.4345363248989673],[98.85153721157309,3.4302253374414677],[98.84502223398896,3.427421664093628]]]}},{"type":"Feature","properties":{"code":"1207192026","desa":"Paya Itik","kecamatan":"Galang","kecCode":"120719","kabCode":"1207","province":"Sumatera Utara"},"geometry":{"type":"Polygon","coordinates":[[[98.84200023762094,3.461364694203964],[98.84730762534666,3.4677427625902357],[98.8471723682103,3.4742637809135517],[98.85174634801557,3.4798055976091073],[98.85267109479526,3.489813890946418],[98.86020840279559,3.4881472880168216],[98.85385437328073,3.4724574431232518],[98.85485374670309,3.462392323424534],[98.8522839285605,3.459608353323411],[98.85039225769657,3.4609289555859335],[98.85007103065362,3.4538262629583882],[98.84578800041595,3.4538262629583882],[98.84571661672857,3.459072975218784],[98.84200023762094,3.461364694203964]]]}},{"type":"Feature","properties":{"code":"1207192027","desa":"Pulau Tagor Batu","kecamatan":"Galang","kecCode":"120719","kabCode":"1207","province":"Sumatera Utara"},"geometry":{"type":"Polygon","coordinates":[[[98.92034057136033,3.3845860125956198],[98.90906299106422,3.3852727232180637],[98.90757870229531,3.4162391772233955],[98.91211013157738,3.4185767931091444],[98.91795695425007,3.417919055945018],[98.92118768596299,3.4028236476348206],[98.91723041355283,3.389688589612394],[98.92034057136033,3.3845860125956198]]]}},{"type":"Feature","properties":{"code":"1207192028","desa":"Paya Kuda","kecamatan":"Galang","kecCode":"120719","kabCode":"1207","province":"Sumatera Utara"},"geometry":{"type":"Polygon","coordinates":[[[98.86066307933771,3.388230986428147],[98.8496890166349,3.391430929847349],[98.85019687458617,3.409345572474766],[98.85285235405296,3.413757092445687],[98.84870277871032,3.418992118016027],[98.85607283889044,3.4308562864998198],[98.8624231407154,3.4322121925486253],[98.86281406971358,3.416822105182536],[98.85829631192529,3.41388118359943],[98.8558783236258,3.404090316655028],[98.8583546527451,3.3996887656689685],[98.86097804170333,3.399573376355299],[98.86549901816522,3.402042067529806],[98.86424980138729,3.4073066250374717],[98.87441890340972,3.4069063988484207],[98.87449980462235,3.388762215960177],[98.86066307933771,3.388230986428147]]]}},{"type":"Feature","properties":{"code":"1207192029","desa":"Paya Sampir","kecamatan":"Galang","kecCode":"120719","kabCode":"1207","province":"Sumatera Utara"},"geometry":{"type":"Polygon","coordinates":[[[98.87370803969434,3.45935402594836],[98.86885302444755,3.4599134600183845],[98.86604956243741,3.4578860113127585],[98.86860527831101,3.45581256318385],[98.86582865207072,3.455101689576674],[98.8540324363479,3.454790837113114],[98.85460390334752,3.475419871993076],[98.87125445622826,3.476436236305681],[98.87683103982069,3.4650700161429624],[98.87370803969434,3.45935402594836]]]}},{"type":"Feature","properties":{"code":"1207192030","desa":"Sei Putih","kecamatan":"Galang","kecCode":"120719","kabCode":"1207","province":"Sumatera Utara"},"geometry":{"type":"Polygon","coordinates":[[[98.86340548277683,3.4323524849890075],[98.86355999979422,3.430277996344496],[98.86560171085034,3.4354901593498295],[98.87380106466748,3.440518014395896],[98.87740963574616,3.4331454693968717],[98.87591913356123,3.429927852500829],[98.88556062941957,3.428608758401345],[98.88583664844265,3.4235357474960555],[98.87910605659931,3.4158940569926437],[98.87093027491233,3.4155874763088416],[98.87159638656401,3.407009192257486],[98.86424980138729,3.4073066250374717],[98.86549901816522,3.402042067529806],[98.8583546527451,3.3996887656689685],[98.85590352802545,3.4048932385714594],[98.85829631192529,3.41388118359943],[98.86276627434415,3.416627029640448],[98.86130479508029,3.4288476345243035],[98.86340548277683,3.4323524849890075]]]}},{"type":"Feature","properties":{"code":"1207192031","desa":"Sei Karang","kecamatan":"Galang","kecCode":"120719","kabCode":"1207","province":"Sumatera Utara"},"geometry":{"type":"Polygon","coordinates":[[[98.87725721235051,3.4424693759598806],[98.87704967670128,3.437011153047067],[98.88839494626983,3.435959430988918],[98.89065224370614,3.4278967381585583],[98.88601378700672,3.425963012299912],[98.88556062941957,3.428608758401345],[98.87591913356123,3.429927852500829],[98.87740963574616,3.4331454693968717],[98.87380106466748,3.440518014395896],[98.87725721235051,3.4424693759598806]]]}},{"type":"Feature","properties":{"code":"1207192034","desa":"Tanah Abang","kecamatan":"Galang","kecCode":"120719","kabCode":"1207","province":"Sumatera Utara"},"geometry":{"type":"Polygon","coordinates":[[[98.89256393707608,3.455172620905005],[98.89796957483605,3.4757649121841383],[98.8963450385927,3.486228118584749],[98.89207973039531,3.4930661002649357],[98.89988838723933,3.4954239661851387],[98.90519348439189,3.486028737988038],[98.90424170039421,3.4780337497185094],[98.9112496089823,3.4738817623986438],[98.9091681254087,3.463226349293193],[98.91135722905295,3.462143694153963],[98.90858891884356,3.4512822400728056],[98.89256393707608,3.455172620905005]]]}},{"type":"Feature","properties":{"code":"1207192035","desa":"Timbang Deli","kecamatan":"Galang","kecCode":"120719","kabCode":"1207","province":"Sumatera Utara"},"geometry":{"type":"Polygon","coordinates":[[[98.90766950864098,3.4165536125859672],[98.89852924542838,3.437043904557317],[98.89306362378727,3.4361274153536874],[98.89256393707608,3.455172620905005],[98.91418533968175,3.4502785310199258],[98.91795695425007,3.417919055945018],[98.90766950864098,3.4165536125859672]]]}},{"type":"Feature","properties":{"code":"1207192036","desa":"Tanah Merah","kecamatan":"Galang","kecCode":"120719","kabCode":"1207","province":"Sumatera Utara"},"geometry":{"type":"Polygon","coordinates":[[[98.87183846787104,3.439060902241464],[98.87133956357006,3.443774155550397],[98.87386179228793,3.4452898711265494],[98.87576536208184,3.452547227360751],[98.87370803969434,3.45935402594836],[98.8767381596384,3.465509036387088],[98.87944715955882,3.4662269660750558],[98.88109168593262,3.4592255353111625],[98.87697222438867,3.456377586540364],[98.87781455459809,3.450327807572772],[98.88019415983267,3.4492439662277303],[98.87725721235051,3.4424693759598806],[98.87183846787104,3.439060902241464]]]}},{"type":"Feature","properties":{"code":"1207192037","desa":"Tanjung Siporkis","kecamatan":"Galang","kecCode":"120719","kabCode":"1207","province":"Sumatera Utara"},"geometry":{"type":"Polygon","coordinates":[[[98.82098137808816,3.4395124365518366],[98.8216788014356,3.445981488450066],[98.81827381258641,3.449330824549468],[98.8281461230452,3.4534057687484307],[98.83049811099909,3.4589622659770116],[98.83416090040527,3.455552552093503],[98.83593771705203,3.459008179964708],[98.84200023762094,3.461364694203964],[98.84571661672857,3.459072975218784],[98.84578800041595,3.4538262629583882],[98.85007103065362,3.4538262629583882],[98.85039225769657,3.4609289555859335],[98.8522839285605,3.459608353323411],[98.8554125233693,3.4619292202353553],[98.8540324363479,3.454790837113114],[98.856905672259,3.4539024409315773],[98.8534538674021,3.4345363248989673],[98.84577177844488,3.4413796566459505],[98.82098137808816,3.4395124365518366]]]}},{"type":"Feature","properties":{"code":"1207202001","desa":"Tiga Juhar","kecamatan":"Stm Hulu","kecCode":"120720","kabCode":"1207","province":"Sumatera Utara"},"geometry":{"type":"Polygon","coordinates":[[[98.7019192249923,3.268760485494008],[98.71660005125142,3.2676344101871218],[98.71821868344557,3.2631508994864835],[98.72360699306836,3.2620825309772554],[98.72319910285637,3.2573226819945496],[98.71954983655576,3.2525051567911105],[98.70623916430606,3.2518579938555945],[98.70220619056327,3.2584520847930243],[98.7019192249923,3.268760485494008]]]}},{"type":"Feature","properties":{"code":"1207202002","desa":"Tanjung Bampu","kecamatan":"Stm Hulu","kecCode":"120720","kabCode":"1207","province":"Sumatera Utara"},"geometry":{"type":"Polygon","coordinates":[[[98.71887947830533,3.236404372984363],[98.71710393959516,3.2283486615911374],[98.70281492007257,3.22234345662134],[98.69781133142789,3.223113235822472],[98.69529783063045,3.2298679933412267],[98.69972362734357,3.239671372553269],[98.70618989944438,3.2393082577876964],[98.70637332157162,3.242514237456432],[98.7137402368225,3.2461345851534325],[98.71346120776859,3.2378472848437205],[98.71887947830533,3.236404372984363]]]}},{"type":"Feature","properties":{"code":"1207202003","desa":"Rumah Rih","kecamatan":"Stm Hulu","kecCode":"120720","kabCode":"1207","province":"Sumatera Utara"},"geometry":{"type":"Polygon","coordinates":[[[98.69603545637123,3.2261943949873277],[98.69817697778535,3.222777199643702],[98.70229344458687,3.222325101458459],[98.71275328843357,3.226218430268303],[98.71254780233924,3.2183068748029227],[98.72961622520869,3.2136629223514777],[98.73212014013238,3.216363521701773],[98.73567361064867,3.214917496389522],[98.73524351887335,3.206321221400705],[98.73006157488186,3.1998537900807533],[98.73612689593953,3.194589529349442],[98.72620582513878,3.192979809438483],[98.72267723076963,3.187864300170696],[98.71101215508695,3.19196116804249],[98.70029387935908,3.200830016751249],[98.69691477030045,3.1984758245615943],[98.68998399026901,3.2038616052849616],[98.68901110907547,3.2112636417517604],[98.69191405229174,3.2140000215289364],[98.69141436468122,3.220091442704473],[98.69603545637123,3.2261943949873277]]]}},{"type":"Feature","properties":{"code":"1207202004","desa":"Liang Muda","kecamatan":"Stm Hulu","kecCode":"120720","kabCode":"1207","province":"Sumatera Utara"},"geometry":{"type":"Polygon","coordinates":[[[98.60845286370875,3.1515064743570425],[98.60179006725785,3.160935152837585],[98.6038364583859,3.1698558204825793],[98.60168518022692,3.179264811904251],[98.60455890806719,3.1826816619081906],[98.61510271262017,3.18062723174256],[98.6219380682873,3.173626286612663],[98.6272204719473,3.171556154284155],[98.66069948789112,3.171127851260812],[98.66572057734281,3.173435166288906],[98.67207582543904,3.171567109825289],[98.67964312403103,3.1732246376961086],[98.68625646856123,3.170893225333828],[98.68910241904149,3.172876445381252],[98.68808070735882,3.1658549264608826],[98.69027897509466,3.163939949668201],[98.7014012118965,3.164719458634547],[98.69945586679489,3.1456768179498145],[98.69234722784233,3.1444870877291833],[98.67756482585611,3.144978445818404],[98.67592299744842,3.142337244890583],[98.66391195077595,3.145686973094328],[98.62294284303782,3.1481378199208465],[98.60845286370875,3.1515064743570425]]]}},{"type":"Feature","properties":{"code":"1207202005","desa":"Durian Iv Mbelang","kecamatan":"Stm Hulu","kecCode":"120720","kabCode":"1207","province":"Sumatera Utara"},"geometry":{"type":"Polygon","coordinates":[[[98.70609732143429,3.2519418241600078],[98.71970732942975,3.2525722588062345],[98.72356623489388,3.258295572180257],[98.72278117800903,3.2613841255708937],[98.7250495820726,3.2611710536953957],[98.72842434740579,3.252606215407984],[98.72541114640734,3.2444310785437724],[98.7279463028796,3.233431950848043],[98.72587676679937,3.2295117484968383],[98.71887406078933,3.2318804782273363],[98.71785712540604,3.237361300203778],[98.71348528441841,3.2377807952669655],[98.71383648226788,3.246106403997849],[98.70637332157162,3.242514237456432],[98.70609732143429,3.2519418241600078]]]}},{"type":"Feature","properties":{"code":"1207202006","desa":"Tanah Gara Hulu","kecamatan":"Stm Hulu","kecCode":"120720","kabCode":"1207","province":"Sumatera Utara"},"geometry":{"type":"Polygon","coordinates":[[[98.72108383355214,3.326820589921734],[98.72575570366286,3.3238368552133095],[98.72994355505108,3.3280627775971556],[98.73156158919602,3.325645245256561],[98.73927104182519,3.326901601750839],[98.74272461564857,3.322709233971839],[98.75072576698062,3.324155703549161],[98.75786624373221,3.3204293806417002],[98.75989446405832,3.324359160772715],[98.7628212024366,3.324275878155388],[98.757475741912,3.316951897446159],[98.7615955649834,3.3149516037697055],[98.76083884123959,3.311552761790371],[98.75081325123061,3.3141584089204574],[98.74247561855502,3.3077624179451606],[98.74441250103615,3.3005026848028605],[98.75283891478415,3.287564024325995],[98.7363520538043,3.2882264397633976],[98.73437516498194,3.2836246870996004],[98.72554821657701,3.2789836412570317],[98.72361257426093,3.2810087193496953],[98.72708772641748,3.286707576560033],[98.72313272479543,3.295792276049552],[98.72424801543359,3.30021901254952],[98.7172708978337,3.3058147525947916],[98.71673083965658,3.317323268887434],[98.72194551357467,3.321219446749491],[98.72108383355214,3.326820589921734]]]}},{"type":"Feature","properties":{"code":"1207202007","desa":"Gunung Manupak A","kecamatan":"Stm Hulu","kecCode":"120720","kabCode":"1207","province":"Sumatera Utara"},"geometry":{"type":"Polygon","coordinates":[[[98.72587676679937,3.2295117484968383],[98.7279463028796,3.233431950848043],[98.72558285126765,3.2425972925452484],[98.7453163673565,3.2459955040998536],[98.74940904079466,3.24870809051366],[98.75797713643577,3.245416055617694],[98.75190055316807,3.2360845174078734],[98.73926319164303,3.2353151402036757],[98.73544164491601,3.230656269798193],[98.72587676679937,3.2295117484968383]]]}},{"type":"Feature","properties":{"code":"1207202008","desa":"Bah Bah Buntu","kecamatan":"Stm Hulu","kecCode":"120720","kabCode":"1207","province":"Sumatera Utara"},"geometry":{"type":"Polygon","coordinates":[[[98.69001970144814,3.1724921920510734],[98.67563030769257,3.1719838133928584],[98.67271250767611,3.175856109758013],[98.66724191997865,3.1757560179124003],[98.66505954955863,3.1790781333320886],[98.65884157937548,3.17997431584396],[98.65222667721945,3.1861609131708484],[98.65217908869401,3.1936086262043073],[98.65904978232163,3.2006220898971556],[98.69340956909639,3.189252875891445],[98.69396907241479,3.1794841700408574],[98.69001970144814,3.1724921920510734]]]}},{"type":"Feature","properties":{"code":"1207202009","desa":"Tanjung Muda","kecamatan":"Stm Hulu","kecCode":"120720","kabCode":"1207","province":"Sumatera Utara"},"geometry":{"type":"Polygon","coordinates":[[[98.71593615283126,3.1903236069196397],[98.72358131382661,3.1878566703224784],[98.72323799134028,3.185934062782289],[98.71176252781845,3.1779943045775614],[98.71051230469914,3.16729992564669],[98.69115434729535,3.1637383594372155],[98.68808070735882,3.1658549264608826],[98.69231084127237,3.1785116036111405],[98.70098622963086,3.1858894968782767],[98.71074751158845,3.1852020506104086],[98.71593615283126,3.1903236069196397]]]}},{"type":"Feature","properties":{"code":"1207202010","desa":"Tanjung Raja","kecamatan":"Stm Hulu","kecCode":"120720","kabCode":"1207","province":"Sumatera Utara"},"geometry":{"type":"Polygon","coordinates":[[[98.68439879386932,3.18468310581753],[98.68748425359549,3.179751356821808],[98.68378850943225,3.1761333797377693],[98.67966606663572,3.1741860948006533],[98.67433331263231,3.178097300334114],[98.6737456506413,3.18199892089324],[98.6767919206107,3.1852107290681206],[98.68439879386932,3.18468310581753]]]}},{"type":"Feature","properties":{"code":"1207202011","desa":"Kuta Mbelin","kecamatan":"Stm Hulu","kecCode":"120720","kabCode":"1207","province":"Sumatera Utara"},"geometry":{"type":"Polygon","coordinates":[[[98.6877481029926,3.296013916665523],[98.69367580439491,3.2918983806668183],[98.69080165387328,3.2502047107848435],[98.68804147893114,3.2449698965551543],[98.67966577615469,3.2389736542289302],[98.66891061203516,3.218891004256289],[98.65678146729095,3.209640459889203],[98.65345022195025,3.212376839666351],[98.64842361066115,3.2244407062075156],[98.63979380264192,3.232462947532198],[98.64506722297402,3.2390033984062825],[98.64459133142486,3.2451899966325204],[98.64942413701436,3.2552781569619462],[98.65558553084763,3.255537404527929],[98.66128839274518,3.262138126166734],[98.66830998541758,3.2644361368089116],[98.67287857558586,3.271837873801535],[98.67866166600315,3.2719958622018464],[98.68087216901546,3.2830689888134095],[98.68921330005382,3.2906067212856223],[98.6877481029926,3.296013916665523]]]}},{"type":"Feature","properties":{"code":"1207202012","desa":"Rumah Sumbul","kecamatan":"Stm Hulu","kecCode":"120720","kabCode":"1207","province":"Sumatera Utara"},"geometry":{"type":"Polygon","coordinates":[[[98.7615955649834,3.3149516037697055],[98.7735953215669,3.316435754041391],[98.77645067625774,3.314722541948175],[98.78417843368783,3.3059409571553933],[98.78395000588812,3.2990738320450106],[98.79696642985692,3.2993881540930103],[98.79673943917385,3.2886919513370105],[98.79079757614726,3.2797051610385535],[98.77634880015705,3.2714359290080623],[98.77219212286825,3.2659075895527017],[98.77305486768807,3.261368676117503],[98.76971947737206,3.2564406862879807],[98.75797713643577,3.245416055617694],[98.74940904079466,3.24870809051366],[98.7453163673565,3.2459955040998536],[98.72558285126765,3.2425972925452484],[98.72842434740579,3.252606215407984],[98.72686446882022,3.258217134210789],[98.72360699306836,3.2620825309772554],[98.71821868344557,3.2631508994864835],[98.71660005125142,3.2676344101871218],[98.71280936655909,3.2675458764283905],[98.71483299674549,3.2765787506863986],[98.71815670936468,3.2795642561598926],[98.7228224227167,3.2824447235164427],[98.72554821657701,3.2789836412570317],[98.73437516498194,3.2836246870996004],[98.73683652758376,3.2883234154581666],[98.75301177797121,3.2883056322640756],[98.75704743888825,3.2825318030714388],[98.76689245941951,3.277832368745095],[98.77182984087449,3.27946824723626],[98.77588433269584,3.284281591491541],[98.77014637205748,3.3047083805345636],[98.76083884123959,3.311552761790371],[98.7615955649834,3.3149516037697055]]]}},{"type":"Feature","properties":{"code":"1207202013","desa":"Ranggit-Git","kecamatan":"Stm Hulu","kecCode":"120720","kabCode":"1207","province":"Sumatera Utara"},"geometry":{"type":"Polygon","coordinates":[[[98.69346519935952,3.292110250148749],[98.69968097070027,3.295657047691601],[98.70391166758947,3.287229248097408],[98.70147019169605,3.2821043598000066],[98.71532554733618,3.2763987801573538],[98.71280936655909,3.2675458764283905],[98.7018904206065,3.268670659409499],[98.70220619056327,3.2584520847930243],[98.70696224531144,3.2493878286923055],[98.70618989944438,3.2393082577876964],[98.69972362734357,3.239671372553269],[98.69529783063045,3.2298679933412267],[98.68402401129912,3.225783581079824],[98.673003284574,3.2249824245325427],[98.67966577615469,3.2389736542289302],[98.68804147893114,3.2449698965551543],[98.69080165387328,3.2502047107848435],[98.69346519935952,3.292110250148749]]]}},{"type":"Feature","properties":{"code":"1207202014","desa":"Liang Pematang","kecamatan":"Stm Hulu","kecCode":"120720","kabCode":"1207","province":"Sumatera Utara"},"geometry":{"type":"Polygon","coordinates":[[[98.61510271262017,3.18062723174256],[98.61246170864098,3.194839084022354],[98.62202351917011,3.207977251900328],[98.62134508860504,3.2171722541379273],[98.62713845827328,3.2239665800280193],[98.62245109014577,3.2331799464218394],[98.61002565835753,3.2268626695078138],[98.61073696184138,3.2309380678643596],[98.6125480345642,3.240220150556347],[98.62236240620012,3.2434529902766003],[98.62814449657132,3.2485926265562743],[98.63249890959706,3.2439526769872398],[98.63164230444885,3.2398837987155713],[98.63942314166474,3.245094818682536],[98.63979380264192,3.232462947532198],[98.64842361066115,3.2244407062075156],[98.65345022195025,3.212376839666351],[98.65707890007121,3.209105080885244],[98.65584035374941,3.1988892788785854],[98.65094176904744,3.1909436319131643],[98.65222667721945,3.1861609131708484],[98.65884157937548,3.17997431584396],[98.66505954955863,3.1790781333320886],[98.66724191997865,3.1757560179124003],[98.67271250767611,3.175856109758013],[98.67563030769257,3.1719838133928584],[98.66572057734281,3.173435166288906],[98.66069948789112,3.171127851260812],[98.62900506772972,3.171270619534818],[98.6219380682873,3.173626286612663],[98.61510271262017,3.18062723174256]]]}},{"type":"Feature","properties":{"code":"1207202015","desa":"Gunung Manupak B","kecamatan":"Stm Hulu","kecCode":"120720","kabCode":"1207","province":"Sumatera Utara"},"geometry":{"type":"Polygon","coordinates":[[[98.7122102795808,3.1398479727311117],[98.71133467985163,3.146296489509746],[98.69945586679489,3.1456768179498145],[98.70086126793325,3.1640816243665886],[98.71246692001239,3.167794976352158],[98.7259421987735,3.16517568920462],[98.7215366781752,3.1614074381048107],[98.71990079878286,3.155964421828482],[98.72065682465279,3.146909679655648],[98.71560124440195,3.1403215548207344],[98.7122102795808,3.1398479727311117]]]}},{"type":"Feature","properties":{"code":"1207202016","desa":"Rumah Lengo","kecamatan":"Stm Hulu","kecCode":"120720","kabCode":"1207","province":"Sumatera Utara"},"geometry":{"type":"Polygon","coordinates":[[[98.70147019169605,3.2821043598000066],[98.70679633388373,3.2902898991223393],[98.70722541122382,3.293677617387285],[98.70517463140419,3.294689330406332],[98.71088495497672,3.2967783934639234],[98.71785537982197,3.304586849750706],[98.72387121928142,3.301174867776949],[98.72313272479543,3.295792276049552],[98.72708090505976,3.286798633816451],[98.72582687241233,3.284025598572095],[98.71483299674549,3.2765787506863986],[98.70147019169605,3.2821043598000066]]]}},{"type":"Feature","properties":{"code":"1207202017","desa":"Sipinggan","kecamatan":"Stm Hulu","kecCode":"120720","kabCode":"1207","province":"Sumatera Utara"},"geometry":{"type":"Polygon","coordinates":[[[98.73572313991103,3.1675137817310506],[98.73202020656733,3.1645853337447325],[98.72779787966844,3.1646809766441923],[98.70966860122502,3.168761996662856],[98.71176252781845,3.1779943045775614],[98.71933846439867,3.181617561581317],[98.72620582513878,3.192979809438483],[98.73612689593953,3.194589529349442],[98.72740220224989,3.176693826444388],[98.73477636064057,3.1729184131438055],[98.73572313991103,3.1675137817310506]]]}},{"type":"Feature","properties":{"code":"1207202018","desa":"Tanjung Timur","kecamatan":"Stm Hulu","kecCode":"120720","kabCode":"1207","province":"Sumatera Utara"},"geometry":{"type":"Polygon","coordinates":[[[98.69529783063045,3.2298679933412267],[98.69620117804196,3.2265039560243984],[98.69141436468122,3.220091442704473],[98.69191405229174,3.2140000215289364],[98.68886834080132,3.2101215000565566],[98.68998399026901,3.2038616052849616],[98.69690376079997,3.1988989411946296],[98.69298616827712,3.1892640175921962],[98.66743738222948,3.1988077490399696],[98.65534245399111,3.199373841690419],[98.65678146729095,3.209640459889203],[98.6649131183458,3.2143224383746594],[98.673003284574,3.2249824245325427],[98.68402401129912,3.225783581079824],[98.69529783063045,3.2298679933412267]]]}},{"type":"Feature","properties":{"code":"1207202019","desa":"Durian Tinggung","kecamatan":"Stm Hulu","kecCode":"120720","kabCode":"1207","province":"Sumatera Utara"},"geometry":{"type":"Polygon","coordinates":[[[98.69319237023176,3.192912952039054],[98.70029387935908,3.200830016751249],[98.71593615283126,3.1903236069196397],[98.71074751158845,3.1852020506104086],[98.70098622963086,3.1858894968782767],[98.69396907241479,3.1794841700408574],[98.69319237023176,3.192912952039054]]]}},{"type":"Feature","properties":{"code":"1207202020","desa":"Sibunga Bunga Hilir","kecamatan":"Stm Hulu","kecCode":"120720","kabCode":"1207","province":"Sumatera Utara"},"geometry":{"type":"Polygon","coordinates":[[[98.71275328843357,3.226218430268303],[98.71887406078933,3.2318804782273363],[98.72745328464144,3.229110150841589],[98.73544164491601,3.230656269798193],[98.73926319164303,3.2353151402036757],[98.75190055316807,3.2360845174078734],[98.73761950523601,3.225050711854081],[98.73567361064867,3.214917496389522],[98.73212014013238,3.216363521701773],[98.72961622520869,3.2136629223514777],[98.71254780233924,3.2183068748029227],[98.71275328843357,3.226218430268303]]]}},{"type":"Feature","properties":{"code":"1207212001","desa":"Lantasan Baru","kecamatan":"Patumbak","kecCode":"120721","kabCode":"1207","province":"Sumatera Utara"},"geometry":{"type":"MultiPolygon","coordinates":[[[[98.704625251754,3.4344806964345413],[98.70178256401421,3.4409713986117225],[98.70241843955938,3.4484372221925885],[98.69785934443325,3.4500873108714694],[98.70298475344366,3.4558861520088233],[98.70776176329478,3.4569024902412018],[98.70781808333793,3.466215597745099],[98.71230623544449,3.4609902578731706],[98.71304386658124,3.453019062967015],[98.70594474605326,3.4476524872658927],[98.70702739939503,3.438833014035224],[98.7105608995659,3.438690247559852],[98.70979189827754,3.4342719143251466],[98.704625251754,3.4344806964345413]]],[[[98.73365435296608,3.4661436888536823],[98.73489218342756,3.4597303886269155],[98.72947746791088,3.4574701576045483],[98.73131726228189,3.4520815709963006],[98.7286117463351,3.447666201027727],[98.7254101247775,3.4500440435885116],[98.7263619087751,3.453993948748305],[98.72341137703347,3.4591811735533056],[98.73006197058355,3.4617509925924796],[98.73030660956243,3.4662096550249504],[98.73365435296608,3.4661436888536823]]]]}},{"type":"Feature","properties":{"code":"1207212002","desa":"Patumbak I","kecamatan":"Patumbak","kecCode":"120721","kabCode":"1207","province":"Sumatera Utara"},"geometry":{"type":"Polygon","coordinates":[[[98.71950210773615,3.4352790102248285],[98.70702739939503,3.438833014035224],[98.70594474605326,3.4476524872658927],[98.71282971641836,3.4519958952830403],[98.71278212699359,3.4572307095127313],[98.7237681857532,3.4572705395867698],[98.7263619087751,3.453993948748305],[98.7254101247775,3.4500440435885116],[98.72927806662955,3.4462923957723013],[98.72599588829968,3.4397166312194787],[98.7204452654367,3.4388580493622998],[98.71950210773615,3.4352790102248285]]]}},{"type":"Feature","properties":{"code":"1207212003","desa":"Patumbak Ii","kecamatan":"Patumbak","kecCode":"120721","kabCode":"1207","province":"Sumatera Utara"},"geometry":{"type":"Polygon","coordinates":[[[98.73523298241626,3.4913951850861022],[98.73807195056014,3.486030846898182],[98.73549821856801,3.475890230912479],[98.7395130269047,3.471484688735175],[98.73955192258323,3.4675257813617155],[98.73030660956243,3.4662096550249504],[98.73006197058355,3.4617509925924796],[98.7242203936563,3.4605136720478846],[98.7237681857532,3.4572705395867698],[98.71278212699359,3.4572307095127313],[98.70781808333793,3.466215597745099],[98.711591897648,3.467196915477634],[98.71156794960126,3.478501970949448],[98.7063506856357,3.480754229481909],[98.70526583974673,3.4902999862029676],[98.73523298241626,3.4913951850861022]]]}},{"type":"Feature","properties":{"code":"1207212004","desa":"Lantasan Lama","kecamatan":"Patumbak","kecCode":"120721","kabCode":"1207","province":"Sumatera Utara"},"geometry":{"type":"Polygon","coordinates":[[[98.70767210088677,3.4662096856019593],[98.70702703337093,3.4709538719919526],[98.7034108450345,3.471008780998752],[98.70183503675759,3.474210613893558],[98.68897452555397,3.473498522604326],[98.68888367694018,3.4770854595880687],[98.69305821836213,3.4770009664832333],[98.69317060124229,3.486793882982654],[98.70526583974673,3.4902999862029676],[98.7063506856357,3.480754229481909],[98.71156794960126,3.478501970949448],[98.711591897648,3.467196915477634],[98.70767210088677,3.4662096856019593]]]}},{"type":"Feature","properties":{"code":"1207212005","desa":"Sigara-Gara","kecamatan":"Patumbak","kecCode":"120721","kabCode":"1207","province":"Sumatera Utara"},"geometry":{"type":"Polygon","coordinates":[[[98.7302899037561,3.501885282115197],[98.73073693785943,3.4963013825439107],[98.73463738660615,3.495516095433435],[98.73523298241626,3.4913951850861022],[98.69603197599497,3.488443113708299],[98.69612517093992,3.4942190383213734],[98.70328133636463,3.4946721455459673],[98.7066137993874,3.501371101031147],[98.71093362358789,3.504185470016089],[98.7302899037561,3.501885282115197]]]}},{"type":"Feature","properties":{"code":"1207212006","desa":"Marendal I","kecamatan":"Patumbak","kecCode":"120721","kabCode":"1207","province":"Sumatera Utara"},"geometry":{"type":"Polygon","coordinates":[[[98.69603197599497,3.488443113708299],[98.69317060124229,3.486793882982654],[98.69317157340946,3.4889449488993334],[98.68711625641015,3.4890129925045463],[98.68800062273061,3.508967706721841],[98.69108400322419,3.508977261119275],[98.69158607044086,3.5134934783640146],[98.69489486960259,3.5135318659254624],[98.69480671086109,3.5184237848471853],[98.69827610465859,3.521570572937579],[98.69837031313949,3.531125470367921],[98.71465892666815,3.5305622555480363],[98.71270828366045,3.513002997113811],[98.71027154269757,3.511501404491029],[98.71252751543255,3.507815101414562],[98.71113474257437,3.5036472725368246],[98.7066137993874,3.501371101031147],[98.70328133636463,3.4946721455459673],[98.69612517093992,3.4942190383213734],[98.69603197599497,3.488443113708299]]]}},{"type":"Feature","properties":{"code":"1207212007","desa":"Marindal II","kecamatan":"Patumbak","kecCode":"120721","kabCode":"1207","province":"Sumatera Utara"},"geometry":{"type":"Polygon","coordinates":[[[98.73298329774103,3.501742963502253],[98.71877462095205,3.501752020574564],[98.7170066806139,3.5040886499040598],[98.72134799141674,3.504106637244258],[98.72248868520471,3.511005323162469],[98.72043460127587,3.5150809184705905],[98.7210727898774,3.5338223717059827],[98.72307291628208,3.5301663586953],[98.74218383801376,3.529229221057512],[98.74072659455675,3.521234656368652],[98.73605029258697,3.5167552159996167],[98.7373439187869,3.512442300395658],[98.73298329774103,3.501742963502253]]]}},{"type":"Feature","properties":{"code":"1207212008","desa":"Patumbak Kampung","kecamatan":"Patumbak","kecCode":"120721","kabCode":"1207","province":"Sumatera Utara"},"geometry":{"type":"Polygon","coordinates":[[[98.72134799141674,3.504106637244258],[98.71093362358789,3.504185470016089],[98.71252751543255,3.507815101414562],[98.71027154269757,3.511501404491029],[98.71270828366045,3.513002997113811],[98.71475935755836,3.5299427935301213],[98.72054872884081,3.530369127937487],[98.72043460127587,3.5150809184705905],[98.72248868520471,3.511005323162469],[98.72134799141674,3.504106637244258]]]}},{"type":"Feature","properties":{"code":"1207221004","desa":"Deli Tua","kecamatan":"Deli Tua","kecCode":"120722","kabCode":"1207","province":"Sumatera Utara"},"geometry":{"type":"MultiPolygon","coordinates":[[[[98.67530018995187,3.493372285247044],[98.67621752721713,3.498544162222006],[98.68751483324304,3.5005473085480134],[98.68725815863718,3.4948895755361358],[98.680281646281,3.4920816465963713],[98.67530018995187,3.493372285247044]]],[[[98.67212159643458,3.5127522769195014],[98.67086211659345,3.504773628432198],[98.66444710764794,3.5049487003540953],[98.66428204787825,3.5122372999354443],[98.67212159643458,3.5127522769195014]]]]}},{"type":"Feature","properties":{"code":"1207221005","desa":"Deli Tua Timur","kecamatan":"Deli Tua","kecCode":"120722","kabCode":"1207","province":"Sumatera Utara"},"geometry":{"type":"Polygon","coordinates":[[[98.68863632290807,3.474646455933576],[98.6836395817014,3.4742291965849827],[98.68254734608321,3.4868658152564196],[98.68426531559192,3.489016847898206],[98.68162102908728,3.493202177582857],[98.68553796780304,3.4950749968560597],[98.68725815863718,3.4948895755361358],[98.68711625641015,3.4890129925045463],[98.69317157340946,3.4889449488993334],[98.69305821836213,3.4770009664832333],[98.68888367694018,3.4770854595880687],[98.68863632290807,3.474646455933576]]]}},{"type":"Feature","properties":{"code":"1207221006","desa":"Deli Tua Barat","kecamatan":"Deli Tua","kecCode":"120722","kabCode":"1207","province":"Sumatera Utara"},"geometry":{"type":"Polygon","coordinates":[[[98.67683664209743,3.4876290455944057],[98.67927885183757,3.4899354253275554],[98.67606635567785,3.490213722333079],[98.67532145622029,3.49328876251075],[98.68214601102964,3.4929286820577805],[98.68426531559192,3.489016847898206],[98.68254734608321,3.4868658152564196],[98.6836395817014,3.4742291965849827],[98.6817126304336,3.477045160067917],[98.67718429841669,3.476429566034109],[98.67683664209743,3.4876290455944057]]]}},{"type":"Feature","properties":{"code":"1207222001","desa":"Kedai Durian","kecamatan":"Deli Tua","kecCode":"120722","kabCode":"1207","province":"Sumatera Utara"},"geometry":{"type":"MultiPolygon","coordinates":[[[[98.67747067583109,3.5074821220314507],[98.67708467781569,3.5115204494340078],[98.69111392726597,3.5106392568219817],[98.68800062273061,3.508967706721841],[98.68780705085476,3.5056124404928344],[98.67747067583109,3.5074821220314507]]],[[[98.66687643639847,3.5146879776894053],[98.67155382744721,3.5145829917331834],[98.67253996464768,3.51452927972401],[98.67212159643458,3.5127522769195014],[98.66684812574043,3.512580590945182],[98.66687643639847,3.5146879776894053]]]]}},{"type":"Feature","properties":{"code":"1207222002","desa":"Suka Makmur","kecamatan":"Deli Tua","kecCode":"120722","kabCode":"1207","province":"Sumatera Utara"},"geometry":{"type":"Polygon","coordinates":[[[98.67708467781569,3.5115204494340078],[98.67485084459086,3.515863723452213],[98.6784518496732,3.5191523724006615],[98.69223776865817,3.518421628272928],[98.69244815515827,3.5210017265630653],[98.69480671086109,3.5184237848471853],[98.69489486960259,3.5135318659254624],[98.69158607044086,3.5134934783640146],[98.69111392726597,3.5106392568219817],[98.67708467781569,3.5115204494340078]]]}},{"type":"Feature","properties":{"code":"1207222003","desa":"Mekar Sari","kecamatan":"Deli Tua","kecCode":"120722","kabCode":"1207","province":"Sumatera Utara"},"geometry":{"type":"Polygon","coordinates":[[[98.67621752721713,3.498544162222006],[98.6732181344094,3.502380492000725],[98.67744997073963,3.506921139328838],[98.68780705085476,3.5056124404928344],[98.68751483324304,3.5005473085480134],[98.67621752721713,3.498544162222006]]]}},{"type":"Feature","properties":{"code":"1207232001","desa":"Sei Semayang","kecamatan":"Sunggal","kecCode":"120723","kabCode":"1207","province":"Sumatera Utara"},"geometry":{"type":"Polygon","coordinates":[[[98.5360029122047,3.5664100929173834],[98.53564073543163,3.5702774061392057],[98.53960944092302,3.57537989322382],[98.53812508740292,3.587079164715464],[98.53339307782834,3.5947916912191014],[98.53542459866634,3.603647097761405],[98.55471776171537,3.5995476209563675],[98.56953360858921,3.59943939294418],[98.5692899273883,3.5838081802506268],[98.56509803984271,3.5838980063351364],[98.5617399596315,3.5806719564962286],[98.55491111955259,3.5815820362316453],[98.54970407997938,3.575103026140348],[98.54918099920381,3.5647270162065685],[98.54632008040743,3.567039027494368],[98.5360029122047,3.5664100929173834]]]}},{"type":"Feature","properties":{"code":"1207232002","desa":"Lalang","kecamatan":"Sunggal","kecCode":"120723","kabCode":"1207","province":"Sumatera Utara"},"geometry":{"type":"Polygon","coordinates":[[[98.60673756158921,3.6042448159709104],[98.60521876583346,3.598831486315252],[98.6079111732621,3.5954172830160593],[98.60290900644554,3.5958239834245393],[98.60342850702007,3.5994264490019847],[98.59055901428712,3.5992317952419066],[98.59080611021386,3.6050824283359075],[98.60673756158921,3.6042448159709104]]]}},{"type":"Feature","properties":{"code":"1207232003","desa":"Puji Mulyo","kecamatan":"Sunggal","kecCode":"120723","kabCode":"1207","province":"Sumatera Utara"},"geometry":{"type":"Polygon","coordinates":[[[98.5692899273883,3.5838081802506268],[98.56953360858921,3.59943939294418],[98.58745339895523,3.599347953475923],[98.5873349627384,3.584316791833233],[98.5692899273883,3.5838081802506268]]]}},{"type":"Feature","properties":{"code":"1207232004","desa":"Paya Geli","kecamatan":"Sunggal","kecCode":"120723","kabCode":"1207","province":"Sumatera Utara"},"geometry":{"type":"Polygon","coordinates":[[[98.58745339895523,3.599347953475923],[98.60342850702007,3.5994264490019847],[98.60290900644554,3.5958239834245393],[98.608243614851,3.593190967226592],[98.60437951490275,3.5924373839161663],[98.6049058728078,3.588464635976522],[98.60217890982888,3.5870737220184425],[98.60790297324365,3.581292822355865],[98.61109123537226,3.583847720743006],[98.61009397355808,3.5779821526077966],[98.60643614571158,3.578637891478302],[98.60218841386425,3.5738281292227403],[98.59730813666123,3.573965988097732],[98.59743077900731,3.584037681840617],[98.5873349627384,3.584316791833233],[98.58745339895523,3.599347953475923]]]}},{"type":"Feature","properties":{"code":"1207232005","desa":"Mulio Rejo","kecamatan":"Sunggal","kecCode":"120723","kabCode":"1207","province":"Sumatera Utara"},"geometry":{"type":"Polygon","coordinates":[[[98.59055901428712,3.5992317952419066],[98.56012216920283,3.5994897405895814],[98.56058271741853,3.6146514100487956],[98.55608815224649,3.622149330433496],[98.56036166495892,3.6302490150775797],[98.58409456781008,3.6392526577718805],[98.58392800527325,3.6333991837195483],[98.58090608984423,3.6296158410963986],[98.57998172257851,3.6056085910875666],[98.59080611021386,3.6050824283359075],[98.59055901428712,3.5992317952419066]]]}},{"type":"Feature","properties":{"code":"1207232006","desa":"Purwodadi","kecamatan":"Sunggal","kecCode":"120723","kabCode":"1207","province":"Sumatera Utara"},"geometry":{"type":"Polygon","coordinates":[[[98.59080611021386,3.6050824283359075],[98.57998172257851,3.6056085910875666],[98.58090608984423,3.6296158410963986],[98.5840121197636,3.637057498095352],[98.59080046157209,3.6371408211821383],[98.59332735507344,3.6333049932251553],[98.59130005385448,3.6319058702555176],[98.59080611021386,3.6050824283359075]]]}},{"type":"Feature","properties":{"code":"1207232007","desa":"Sumber Melati Diski","kecamatan":"Sunggal","kecCode":"120723","kabCode":"1207","province":"Sumatera Utara"},"geometry":{"type":"Polygon","coordinates":[[[98.56012216920283,3.5994897405895814],[98.53832803471106,3.602574295594469],[98.53542459866634,3.603647097761405],[98.53575063618297,3.6078046231064675],[98.55390383659282,3.606874839225037],[98.55443293743018,3.619926995043382],[98.55696379424374,3.619846011992555],[98.56058271741853,3.6146514100487956],[98.56012216920283,3.5994897405895814]]]}},{"type":"Feature","properties":{"code":"1207232008","desa":"Tanjung Gusta","kecamatan":"Sunggal","kecCode":"120723","kabCode":"1207","province":"Sumatera Utara"},"geometry":{"type":"Polygon","coordinates":[[[98.60673756158921,3.6042448159709104],[98.59080611021386,3.6050824283359075],[98.59110810255696,3.621655294163288],[98.60231283866665,3.6166263329510797],[98.60136986442774,3.61260852358092],[98.60679255423304,3.6106063907909434],[98.60673756158921,3.6042448159709104]]]}},{"type":"Feature","properties":{"code":"1207232009","desa":"Helvetia","kecamatan":"Sunggal","kecCode":"120723","kabCode":"1207","province":"Sumatera Utara"},"geometry":{"type":"Polygon","coordinates":[[[98.66372119917408,3.6238760656323046],[98.65261254483312,3.615213592446961],[98.62872639121004,3.6164914670199044],[98.63211621479155,3.625325561428368],[98.64066392639914,3.6221049983532834],[98.64815922886537,3.6242369950452797],[98.66372119917408,3.6238760656323046]]]}},{"type":"Feature","properties":{"code":"1207232010","desa":"Medan Krio","kecamatan":"Sunggal","kecCode":"120723","kabCode":"1207","province":"Sumatera Utara"},"geometry":{"type":"Polygon","coordinates":[[[98.56509803984271,3.5838980063351364],[98.59743077900731,3.584037681840617],[98.59730813666123,3.573965988097732],[98.59264439372383,3.5739088811478106],[98.59013665128549,3.56709697531037],[98.57202874433113,3.5665417743492234],[98.56983012226237,3.571709963204496],[98.5591701378916,3.569711216361956],[98.55928911100375,3.572447596139097],[98.56441446965208,3.5724999438767107],[98.56509803984271,3.5838980063351364]]]}},{"type":"Feature","properties":{"code":"1207232011","desa":"Sei Mencirim","kecamatan":"Sunggal","kecCode":"120723","kabCode":"1207","province":"Sumatera Utara"},"geometry":{"type":"Polygon","coordinates":[[[98.56280028640413,3.555038987637287],[98.55680855956744,3.55912648817064],[98.55057827676615,3.5575879846731264],[98.5486899585748,3.569931986434232],[98.5505551192234,3.576968006023324],[98.55491111955259,3.5815820362316453],[98.5617399596315,3.5806719564962286],[98.56509803984271,3.5838980063351364],[98.56441446965208,3.5724999438767107],[98.55928911100375,3.572447596139097],[98.5591701378916,3.569711216361956],[98.56983012226237,3.571709963204496],[98.5715290594186,3.566684540824511],[98.57968707409923,3.566997082214887],[98.57302624896226,3.560954679486667],[98.56637565541223,3.5606310719385674],[98.56280028640413,3.555038987637287]]]}},{"type":"Feature","properties":{"code":"1207232012","desa":"Sukamaju","kecamatan":"Sunggal","kecCode":"120723","kabCode":"1207","province":"Sumatera Utara"},"geometry":{"type":"Polygon","coordinates":[[[98.57997824939672,3.530114463316675],[98.57144388282897,3.5334780572677666],[98.5645464874305,3.5331795048318546],[98.56575699558891,3.5493524268572383],[98.56194985779972,3.5537306350402926],[98.56637565541223,3.5606310719385674],[98.57302624896226,3.560954679486667],[98.57968707409923,3.566997082214887],[98.59013665128549,3.56709697531037],[98.59002226741376,3.5610553100262172],[98.58641024473705,3.5589851794963003],[98.58736678884627,3.5494197465082253],[98.59263357667828,3.54742094930361],[98.59040640023522,3.546350192195016],[98.59176269389324,3.544437104877978],[98.58972111683612,3.5402111824941036],[98.58610909505876,3.5418958411123818],[98.57997824939672,3.530114463316675]]]}},{"type":"Feature","properties":{"code":"1207232013","desa":"Sunggal Kanan","kecamatan":"Sunggal","kecCode":"120723","kabCode":"1207","province":"Sumatera Utara"},"geometry":{"type":"Polygon","coordinates":[[[98.59264439372383,3.5739088811478106],[98.60218841386425,3.5738281292227403],[98.60643614571158,3.578637891478302],[98.60856449025908,3.577479099734722],[98.60740491070811,3.566046318948837],[98.61147045519742,3.5639864739651324],[98.61169778672352,3.5614870790366897],[98.59002226741376,3.5610553100262172],[98.59034107438112,3.571434241857319],[98.59264439372383,3.5739088811478106]]]}},{"type":"Feature","properties":{"code":"1207232014","desa":"Serbajadi","kecamatan":"Sunggal","kecCode":"120723","kabCode":"1207","province":"Sumatera Utara"},"geometry":{"type":"Polygon","coordinates":[[[98.55744145386005,3.624173385997034],[98.55443293743018,3.619926995043382],[98.55390383659282,3.606874839225037],[98.53575063618297,3.6078046231064675],[98.53319498685919,3.613038965192076],[98.53319098127882,3.6208703353053355],[98.52703175481166,3.6210291438873234],[98.527380921992,3.630624186154476],[98.54251811641801,3.630752729851641],[98.54287503575438,3.626862311247896],[98.55744145386005,3.624173385997034]]]}},{"type":"Feature","properties":{"code":"1207232015","desa":"Telaga Sari","kecamatan":"Sunggal","kecCode":"120723","kabCode":"1207","province":"Sumatera Utara"},"geometry":{"type":"Polygon","coordinates":[[[98.54962697120781,3.522089617555239],[98.54998146687124,3.5345402600251057],[98.55529200042554,3.5348049862609154],[98.55646807084486,3.541858400537011],[98.56635312379767,3.5419032029626645],[98.56461725238432,3.5264787318167983],[98.5601861253894,3.523445526302001],[98.55202921957289,3.5241786401433357],[98.54962697120781,3.522089617555239]]]}},{"type":"Feature","properties":{"code":"1207232016","desa":"Tanjung Selamat","kecamatan":"Sunggal","kecCode":"120723","kabCode":"1207","province":"Sumatera Utara"},"geometry":{"type":"Polygon","coordinates":[[[98.59825446267337,3.5265665784934623],[98.58409547702473,3.526742992203774],[98.57997824939672,3.530114463316675],[98.58610909505876,3.5418958411123818],[98.58972111683612,3.5402111824941036],[98.59176269389324,3.544437104877978],[98.59040640023522,3.546350192195016],[98.5932903084011,3.5484346003617087],[98.59072048935917,3.549433972883674],[98.59388993137532,3.5509901408647697],[98.59895427462014,3.546573236652699],[98.59332747468328,3.5406296208538475],[98.60099200527691,3.5381351164387067],[98.60268912130596,3.5340899604838953],[98.59778854820296,3.5292766090340395],[98.59825446267337,3.5265665784934623]]]}},{"type":"Feature","properties":{"code":"1207232017","desa":"Sei Beras Sekata","kecamatan":"Sunggal","kecCode":"120723","kabCode":"1207","province":"Sumatera Utara"},"geometry":{"type":"Polygon","coordinates":[[[98.59263357667828,3.54742094930361],[98.58748100274612,3.549005720222421],[98.58758093990849,3.5610124798138485],[98.60715438566642,3.561259944462312],[98.60863324972472,3.5609399728732503],[98.60685024574228,3.558577299177309],[98.61139826571747,3.55883339192155],[98.61173116596056,3.5537292033195866],[98.60626250011431,3.5531604297901156],[98.6026424401965,3.5477812608823593],[98.59883725123818,3.546531830067128],[98.59388993137532,3.5509901408647697],[98.59072048935917,3.549433972883674],[98.59263357667828,3.54742094930361]]]}},{"type":"Feature","properties":{"code":"1207242001","desa":"Hamparan Perak","kecamatan":"Hamparan Perak","kecCode":"120724","kabCode":"1207","province":"Sumatera Utara"},"geometry":{"type":"Polygon","coordinates":[[[98.65282267502646,3.739197752955094],[98.65266692323995,3.7324882034561218],[98.65050956836193,3.7311535852595092],[98.65268883881889,3.72836738573904],[98.64631847941433,3.730605348648279],[98.63975231691596,3.722093249303473],[98.63728719514802,3.722887989187928],[98.63634017036263,3.7198753529669455],[98.63366576016675,3.7209845929651695],[98.63322922744696,3.7153720472887497],[98.61972280066674,3.7146273196024953],[98.61887545044173,3.708604348525736],[98.602988351831,3.710589297969435],[98.60049150737721,3.7062528183292174],[98.59557187044548,3.7104946308343867],[98.60275430866447,3.717720768902492],[98.60192070367758,3.7268555201605014],[98.61884216203623,3.72851162530386],[98.62814839783033,3.741993496980471],[98.63101881256817,3.7521892090321254],[98.63438198833812,3.7508603842680093],[98.63409913176957,3.7471915334351533],[98.6409416838117,3.7398548093324333],[98.64673077540505,3.7379868293112213],[98.65282267502646,3.739197752955094]]]}},{"type":"Feature","properties":{"code":"1207242002","desa":"Sei Baharu","kecamatan":"Hamparan Perak","kecCode":"120724","kabCode":"1207","province":"Sumatera Utara"},"geometry":{"type":"Polygon","coordinates":[[[98.63042906774733,3.756450046695074],[98.62814839783033,3.741993496980471],[98.61884216203623,3.72851162530386],[98.6112862623512,3.7291207667019197],[98.6017195055508,3.7264208409438435],[98.60182552572746,3.730186764598314],[98.60758151957151,3.7305667254643913],[98.61010969820404,3.7391922715872536],[98.60604272379271,3.754797192600902],[98.5960519780164,3.7570050605972627],[98.60251191259476,3.7702146760145716],[98.60076561444164,3.7768556099395014],[98.60691716339642,3.776406964251458],[98.61110663536299,3.781844107055582],[98.6122865359949,3.7785118041157175],[98.61843203700897,3.7777997856715437],[98.62146033402723,3.780606278394041],[98.62300756904413,3.7771909122714424],[98.6271406652096,3.7813809544037564],[98.62867737096394,3.776579054021451],[98.63175186165914,3.7797172985524283],[98.63532538256044,3.7763103177085457],[98.63252306898448,3.775974648453219],[98.63205135568558,3.7735580621993305],[98.63635216102345,3.7696294781666273],[98.62875780542845,3.76904111380573],[98.62509318230457,3.7603397647269663],[98.63042906774733,3.756450046695074]]]}},{"type":"Feature","properties":{"code":"1207242003","desa":"Klumpang Kebun","kecamatan":"Hamparan Perak","kecCode":"120724","kabCode":"1207","province":"Sumatera Utara"},"geometry":{"type":"Polygon","coordinates":[[[98.62199905131524,3.700008566365207],[98.63185527470125,3.7018742126458233],[98.63367145557328,3.6847390151327453],[98.63214072941122,3.681123417654804],[98.6341393674379,3.673565696850655],[98.64158157303119,3.661851723242239],[98.59247172299166,3.658480197270633],[98.59139105535297,3.664458814683539],[98.59567198207638,3.669003150131426],[98.59676690756682,3.7043434649972773],[98.62199905131524,3.700008566365207]]]}},{"type":"Feature","properties":{"code":"1207242004","desa":"Klumpang Kampung","kecamatan":"Hamparan Perak","kecCode":"120724","kabCode":"1207","province":"Sumatera Utara"},"geometry":{"type":"Polygon","coordinates":[[[98.5965999718113,3.689954304181495],[98.59566039790911,3.6689387613709106],[98.59139105535297,3.664458814683539],[98.59243208986912,3.657863541137592],[98.58436380324694,3.6556890712640038],[98.58209015343787,3.664526939227772],[98.58757644060027,3.6666570860143315],[98.58780068475384,3.670989577161263],[98.59277298058862,3.675570903523501],[98.59426455296682,3.6890232855309355],[98.5965999718113,3.689954304181495]]]}},{"type":"Feature","properties":{"code":"1207242005","desa":"Klambir Lima Kampung","kecamatan":"Hamparan Perak","kecCode":"120724","kabCode":"1207","province":"Sumatera Utara"},"geometry":{"type":"Polygon","coordinates":[[[98.5840121197636,3.637057498095352],[98.58436380324694,3.6556890712640038],[98.59728975991452,3.658805292297397],[98.59242550593238,3.6371343721437897],[98.5840121197636,3.637057498095352]]]}},{"type":"Feature","properties":{"code":"1207242006","desa":"Tandem Hulu Ii","kecamatan":"Hamparan Perak","kecCode":"120724","kabCode":"1207","province":"Sumatera Utara"},"geometry":{"type":"Polygon","coordinates":[[[98.50117284834835,3.6724471731509603],[98.50420301955374,3.693556140233591],[98.52083086725075,3.693692257121726],[98.51934684288256,3.674535428617376],[98.50117284834835,3.6724471731509603]]]}},{"type":"Feature","properties":{"code":"1207242007","desa":"Klambir","kecamatan":"Hamparan Perak","kecCode":"120724","kabCode":"1207","province":"Sumatera Utara"},"geometry":{"type":"Polygon","coordinates":[[[98.59767673369436,3.7133143714698336],[98.59557187044548,3.7104946308343867],[98.60049150737721,3.7062528183292174],[98.59627673928013,3.702518417711119],[98.59660652157378,3.689998169513625],[98.59426455296682,3.6890232855309355],[98.59345009544562,3.6770855147322385],[98.58780068475384,3.670989577161263],[98.58757644060027,3.6666570860143315],[98.58209015343787,3.664526939227772],[98.58178763229346,3.672074717127332],[98.58913305284817,3.6782875728593742],[98.59409649126013,3.7120296206806387],[98.59037156229782,3.7099246486161066],[98.58898603257938,3.7137475047519133],[98.59767673369436,3.7133143714698336]]]}},{"type":"Feature","properties":{"code":"1207242008","desa":"Selemak","kecamatan":"Hamparan Perak","kecCode":"120724","kabCode":"1207","province":"Sumatera Utara"},"geometry":{"type":"Polygon","coordinates":[[[98.59920691306864,3.7044195926084083],[98.602988351831,3.710589297969435],[98.62089157578566,3.7087653631446393],[98.62368728384115,3.701249913174636],[98.59920691306864,3.7044195926084083]]]}},{"type":"Feature","properties":{"code":"1207242009","desa":"Kelambir Lima Kebun","kecamatan":"Hamparan Perak","kecCode":"120724","kabCode":"1207","province":"Sumatera Utara"},"geometry":{"type":"Polygon","coordinates":[[[98.59110810255696,3.621655294163288],[98.59130005385448,3.6319058702555176],[98.59332735507344,3.6333049932251553],[98.59080046157209,3.6371408211821383],[98.59402564536731,3.640454023421119],[98.59390191394226,3.648878505416347],[98.59730360407814,3.6589073797387277],[98.64158157303119,3.661851723242239],[98.6422184270388,3.6562033692599107],[98.63989427490093,3.6515088020643565],[98.64161283256622,3.645879985853511],[98.6286238532083,3.6195732512135668],[98.6271745849392,3.610552371213607],[98.61299578542717,3.6123814033957777],[98.61316033078468,3.6182915140525105],[98.6103620848424,3.618453317376919],[98.61037255474969,3.6127702117921383],[98.60556192104588,3.612838545878401],[98.60558293370548,3.6186588987991306],[98.60068399197269,3.6201730720380003],[98.59690447056495,3.618642897161996],[98.59110810255696,3.621655294163288]]]}},{"type":"Feature","properties":{"code":"1207242010","desa":"Sialang Muda","kecamatan":"Hamparan Perak","kecCode":"120724","kabCode":"1207","province":"Sumatera Utara"},"geometry":{"type":"Polygon","coordinates":[[[98.57113573642518,3.7195803168802217],[98.56845899968317,3.7095350362257666],[98.56365011965737,3.718663015588789],[98.56273104040524,3.7291799654749354],[98.56572083924539,3.7353390264602324],[98.5702438796514,3.737954966331135],[98.57113573642518,3.7195803168802217]]]}},{"type":"Feature","properties":{"code":"1207242011","desa":"Paya Bakung","kecamatan":"Hamparan Perak","kecCode":"120724","kabCode":"1207","province":"Sumatera Utara"},"geometry":{"type":"Polygon","coordinates":[[[98.58409236626977,3.639194064242697],[98.56036166495892,3.6302490150775797],[98.55744145386005,3.624173385997034],[98.54287503575438,3.626862311247896],[98.54508309171138,3.631137088402506],[98.5450751354092,3.650429854829944],[98.54784125756805,3.6503108817179455],[98.54866812033752,3.6649010230243273],[98.55087883109326,3.6648268793175944],[98.55152805077898,3.6719843811272477],[98.58178763229346,3.672074717127332],[98.58465853985979,3.654814844800574],[98.58409236626977,3.639194064242697]]]}},{"type":"Feature","properties":{"code":"1207242012","desa":"Tandem Hulu I","kecamatan":"Hamparan Perak","kecCode":"120724","kabCode":"1207","province":"Sumatera Utara"},"geometry":{"type":"Polygon","coordinates":[[[98.54265774875613,3.6292342218805174],[98.54251811641801,3.630752729851641],[98.5120899992541,3.6317717030975962],[98.51196735780734,3.6419265553513793],[98.51710073930774,3.6418977599587916],[98.5171933092239,3.6458414642930776],[98.51127636641127,3.645933286872485],[98.51113113039742,3.6519199523183703],[98.51671652824523,3.6522555811042117],[98.51676228575091,3.6552014687437047],[98.511000332999,3.6554629322391605],[98.5107544907272,3.6636209226293617],[98.51807733290264,3.663705681034178],[98.51847973005555,3.668125474767921],[98.51180361914173,3.6683280290721227],[98.51088463881506,3.6727823441819716],[98.5115509699014,3.6746803633581338],[98.51934684288256,3.674535428617376],[98.52133446961015,3.700052256329511],[98.5373363450963,3.699992768874215],[98.53663607899192,3.6845869271844145],[98.55178027374068,3.684449187020016],[98.55273205863767,3.682222012377955],[98.55087883109326,3.6648268793175944],[98.54866812033752,3.6649010230243273],[98.54870381263089,3.6536421279544156],[98.54784125756805,3.6503108817179455],[98.5450751354092,3.650429854829944],[98.54507297433838,3.631055924587968],[98.54265774875613,3.6292342218805174]]]}},{"type":"Feature","properties":{"code":"1207242013","desa":"Tandem Hilir I","kecamatan":"Hamparan Perak","kecCode":"120724","kabCode":"1207","province":"Sumatera Utara"},"geometry":{"type":"Polygon","coordinates":[[[98.50368761359253,3.690922767004826],[98.5045851891552,3.696859818652062],[98.50552872726898,3.700561554094857],[98.50874445469286,3.7069292820763295],[98.5069245119567,3.7222493086579584],[98.50987680187296,3.7279142281523536],[98.50447939560767,3.7449719148969423],[98.50741140491249,3.748579402288781],[98.51725715659258,3.748208935565484],[98.51979128334112,3.7456034260316073],[98.53892215023711,3.7456034260316073],[98.5373363450963,3.699992768874215],[98.52133446961015,3.700052256329511],[98.52083906906783,3.693692374033585],[98.50420301955374,3.693556140233591],[98.50368761359253,3.690922767004826]]]}},{"type":"Feature","properties":{"code":"1207242014","desa":"Tandem Hilir Ii","kecamatan":"Hamparan Perak","kecCode":"120724","kabCode":"1207","province":"Sumatera Utara"},"geometry":{"type":"Polygon","coordinates":[[[98.50741140491249,3.748579402288781],[98.5230153528763,3.76723432725367],[98.53627693293419,3.7922283116119297],[98.55200647391966,3.7905868042640107],[98.55134457828973,3.7873426375824826],[98.54765879321876,3.787230802389589],[98.54652759807026,3.78265747909422],[98.5314198285623,3.768564575644523],[98.53963200131585,3.7518760237271476],[98.53892215023711,3.7456034260316073],[98.51979128334112,3.7456034260316073],[98.51725715659258,3.748208935565484],[98.50741140491249,3.748579402288781]]]}},{"type":"Feature","properties":{"code":"1207242015","desa":"Kota Datar","kecamatan":"Hamparan Perak","kecCode":"120724","kabCode":"1207","province":"Sumatera Utara"},"geometry":{"type":"Polygon","coordinates":[[[98.55134457828973,3.7873426375824826],[98.56020909407448,3.7992988921472546],[98.57443010956194,3.8049696851139405],[98.56248164671068,3.785289163396198],[98.57264922168427,3.779792311004247],[98.57286337364582,3.777736455413167],[98.56967965489224,3.7752522985973793],[98.56195895803955,3.7567027148209204],[98.56186597533457,3.7505634074443384],[98.53992960856465,3.751654447862413],[98.5320561600638,3.7644219862399124],[98.5314198285623,3.768564575644523],[98.54652759807026,3.78265747909422],[98.54765879321876,3.787230802389589],[98.55134457828973,3.7873426375824826]]]}},{"type":"Feature","properties":{"code":"1207242016","desa":"Bulu Cina","kecamatan":"Hamparan Perak","kecCode":"120724","kabCode":"1207","province":"Sumatera Utara"},"geometry":{"type":"Polygon","coordinates":[[[98.59202684726125,3.704481079256654],[98.58913305284817,3.6782875728593742],[98.58376359301549,3.67199100553343],[98.55152805077898,3.6719843811272477],[98.55178027374068,3.684449187020016],[98.53663607899192,3.6845869271844145],[98.53963200131585,3.7518760237271476],[98.56186597533457,3.7505634074443384],[98.56627806458108,3.7433676934410385],[98.5630214072122,3.735733117474276],[98.56609861835658,3.7355575176503635],[98.56256399942907,3.7243649664669913],[98.56645595857565,3.712031005636592],[98.56845899968317,3.7095350362257666],[98.57113573642518,3.7195803168802217],[98.58114973777025,3.719233052665761],[98.58485693659838,3.7125880133357048],[98.59031207574174,3.712512312003249],[98.59202684726125,3.704481079256654]]]}},{"type":"Feature","properties":{"code":"1207242017","desa":"Kota Rantang","kecamatan":"Hamparan Perak","kecCode":"120724","kabCode":"1207","province":"Sumatera Utara"},"geometry":{"type":"MultiPolygon","coordinates":[[[[98.59136985743305,3.711577147477986],[98.59409649126013,3.7120296206806387],[98.59202684726125,3.704481079256654],[98.59107528359753,3.7046820264723657],[98.59136985743305,3.711577147477986]]],[[[98.58908286078547,3.713311367734225],[98.58485693659838,3.7125880133357048],[98.58114973777025,3.719233052665761],[98.57113573642518,3.7195803168802217],[98.57128392041663,3.7379500155632965],[98.5630214072122,3.735733117474276],[98.56627806458108,3.7433676934410385],[98.59262375338356,3.7434227148630885],[98.59289501139574,3.7408885890165395],[98.58844779822738,3.736277193821721],[98.58952331544872,3.732263042893685],[98.58714385500495,3.7305117598002995],[98.58908286078547,3.713311367734225]]]]}},{"type":"Feature","properties":{"code":"1207242018","desa":"Paluh Manan","kecamatan":"Hamparan Perak","kecCode":"120724","kabCode":"1207","province":"Sumatera Utara"},"geometry":{"type":"Polygon","coordinates":[[[98.60076561444164,3.7768556099395014],[98.60251191259476,3.7702146760145716],[98.59104751792864,3.748548488093425],[98.59262375338356,3.7434227148630885],[98.56627806458108,3.7433676934410385],[98.5627013492879,3.746994513558789],[98.56195895803955,3.7567027148209204],[98.57563306521381,3.784332321612345],[98.57904521266646,3.7831616282408334],[98.58487013325009,3.78644528415331],[98.59032385865919,3.780677469626468],[98.59717917657781,3.7799997072583498],[98.59713861355623,3.77796290920076],[98.60076561444164,3.7768556099395014]]]}},{"type":"Feature","properties":{"code":"1207242019","desa":"Lama","kecamatan":"Hamparan Perak","kecCode":"120724","kabCode":"1207","province":"Sumatera Utara"},"geometry":{"type":"Polygon","coordinates":[[[98.60182552572746,3.730186764598314],[98.60289760484068,3.7189669873393436],[98.60075556181977,3.714508496677296],[98.58898603257938,3.7137475047519133],[98.58714385500495,3.7305117598002995],[98.58952331544872,3.732263042893685],[98.58859056740084,3.7366341131577117],[98.59300208737646,3.741195540221047],[98.59104751792864,3.748548488093425],[98.596511397583,3.7566722799642527],[98.60604272379271,3.754797192600902],[98.60999072599128,3.7405604614758015],[98.60758151957151,3.7305667254643913],[98.60182552572746,3.730186764598314]]]}},{"type":"Feature","properties":{"code":"1207242020","desa":"Paluh Kurau","kecamatan":"Hamparan Perak","kecCode":"120724","kabCode":"1207","province":"Sumatera Utara"},"geometry":{"type":"MultiPolygon","coordinates":[[[[98.63512786895603,3.7764602796596116],[98.63111902672175,3.780000168610542],[98.62867737096394,3.776579054021451],[98.6271406652096,3.7813809544037564],[98.6301936872889,3.7844284456491923],[98.6341535884174,3.784383520016426],[98.63186303225321,3.786103451844006],[98.63400806641918,3.787905910858317],[98.63170550970158,3.788593190751667],[98.63144092735695,3.794313384377606],[98.63496600267892,3.796166564256002],[98.63529317244199,3.800212222931857],[98.64792736655475,3.8016175278412883],[98.64584112376888,3.803815437644616],[98.64559793269848,3.8178441007220276],[98.62997594163646,3.8173143811516588],[98.62931421328038,3.830690981787068],[98.64537530642531,3.8313171671365587],[98.64377115421547,3.8442432038300742],[98.66133291368305,3.847640108669725],[98.65988947931606,3.8609333367555756],[98.66280991344682,3.8615512789192024],[98.66241396443297,3.864767621475951],[98.6942979922586,3.8775278663518327],[98.69783638833871,3.865468649305399],[98.69577957586677,3.8626741463443945],[98.69760321841385,3.861047130671919],[98.69697078187613,3.8468047994684587],[98.70085997111084,3.828526145451237],[98.69984831294937,3.821966871766673],[98.70325611038123,3.8084197326918625],[98.70912638287632,3.7995866365308792],[98.71023428108725,3.794756853567849],[98.70833333461576,3.7911364510122056],[98.68129530003812,3.788974452037439],[98.67912015207344,3.78629405685621],[98.6788498059738,3.7781784434199976],[98.67553610730556,3.7756814128092477],[98.66739247368378,3.776992132421888],[98.66249776056327,3.7819229497199713],[98.65428742242665,3.782557775755713],[98.64981365497624,3.781667122275773],[98.64359616593038,3.7749462799898845],[98.63512786895603,3.7764602796596116]]],[[[98.69525599416885,3.8782900804559355],[98.6995896607343,3.8703080109474786],[98.69930707666032,3.8690554046260637],[98.69525599416885,3.8782900804559355]]],[[[98.6966219069755,3.87991117948869],[98.69773293662581,3.8770411028989513],[98.69783095913152,3.876555873689462],[98.69778307023256,3.8760014677290036],[98.6966219069755,3.87991117948869]]]]}},{"type":"Feature","properties":{"code":"1207252001","desa":"Helvetia","kecamatan":"Labuhan Deli","kecCode":"120725","kabCode":"1207","province":"Sumatera Utara"},"geometry":{"type":"Polygon","coordinates":[[[98.66372119917408,3.6238760656323046],[98.64815922886537,3.6242369950452797],[98.64066392639914,3.6221049983532834],[98.63211621479155,3.625325561428368],[98.63758238591846,3.6374972018242526],[98.6587450893145,3.6369397012965767],[98.65954399126223,3.635082478066307],[98.66651911416585,3.6354827573153634],[98.66372119917408,3.6238760656323046]]]}},{"type":"Feature","properties":{"code":"1207252002","desa":"Manunggal","kecamatan":"Labuhan Deli","kecCode":"120725","kabCode":"1207","province":"Sumatera Utara"},"geometry":{"type":"Polygon","coordinates":[[[98.64158157303119,3.661851723242239],[98.6341393674379,3.673565696850655],[98.63342710078011,3.6842400973424523],[98.64858476197723,3.6836759076574412],[98.65170147224516,3.6748875473723035],[98.65874432668937,3.6752931497085366],[98.65742246627387,3.6504710545714567],[98.65864775209212,3.6449784271944736],[98.66058306975293,3.644733088543272],[98.65940586079186,3.638708746000335],[98.66334366018184,3.635417314549474],[98.63758238591846,3.6374797333928073],[98.64173145044612,3.646317624738951],[98.63989427490093,3.6515088020643565],[98.6422184270388,3.6562033692599107],[98.64158157303119,3.661851723242239]]]}},{"type":"Feature","properties":{"code":"1207252003","desa":"Pematang Johar","kecamatan":"Labuhan Deli","kecCode":"120725","kabCode":"1207","province":"Sumatera Utara"},"geometry":{"type":"Polygon","coordinates":[[[98.73100941535226,3.7217932642474825],[98.73198149884716,3.7200961401263135],[98.73079000595409,3.6942322973118453],[98.72897608058173,3.678554691291847],[98.72537626440317,3.6747585459201826],[98.72501745738981,3.6628444326870997],[98.70614924199394,3.6636920850834698],[98.70268879555152,3.660856153953184],[98.70256805617088,3.656240493273944],[98.6897355381646,3.656637354199916],[98.69227845488682,3.664615393846189],[98.68137359681413,3.6682031618034574],[98.679685511777,3.666507596207399],[98.68039181682894,3.668632008916582],[98.67720151773591,3.6717697219482903],[98.66997529512382,3.6718325395931637],[98.66902694923435,3.6764497749853002],[98.67457281108642,3.6789906835186827],[98.69655674839527,3.6782046607627987],[98.69471799543919,3.672431542933843],[98.70357502886458,3.6722775097518934],[98.70423965033967,3.6798655781784024],[98.70788282643133,3.6834189893355864],[98.70802343903057,3.6871699176942845],[98.71087238065593,3.688355894144633],[98.71152715365524,3.694097005102019],[98.70625280882012,3.7032937169509506],[98.70779065491486,3.704610580731797],[98.70497589741977,3.706583176188605],[98.70483570390466,3.7150854162658793],[98.70695451294046,3.713873915257166],[98.70981586341144,3.7198879371803666],[98.71551375655467,3.7218489448725975],[98.71507943256982,3.725689710107653],[98.71749512939675,3.723583622883737],[98.72052698862966,3.725623673789203],[98.72492410956004,3.720281735914744],[98.73100941535226,3.7217932642474825]]]}},{"type":"Feature","properties":{"code":"1207252004","desa":"Karang Gading","kecamatan":"Labuhan Deli","kecCode":"120725","kabCode":"1207","province":"Sumatera Utara"},"geometry":{"type":"Polygon","coordinates":[[[98.57670052900625,3.8073094539766945],[98.58236667158468,3.8108723278004613],[98.5805820991846,3.8128802297414306],[98.57544971323375,3.8120025966460687],[98.57499049691398,3.813822606829443],[98.57961465709081,3.8172904744737686],[98.57779226280275,3.823947411834459],[98.58303406387101,3.822078826569444],[98.58667092941992,3.825083146759446],[98.58549703176264,3.834307818530814],[98.5906940420964,3.8356593026131085],[98.59883875220667,3.832007885138075],[98.60316894109381,3.834577315670102],[98.60446445227274,3.843063416513979],[98.60155972660017,3.84880608869445],[98.60974307158556,3.8556418031838136],[98.60363015480783,3.8675186593031903],[98.60631483526151,3.8694345884779384],[98.61160080923001,3.86621689603881],[98.6232014763671,3.8840634716787994],[98.63857826187733,3.885419191567918],[98.64355581514883,3.8946030889770653],[98.64922916759205,3.897477503896318],[98.65386114377685,3.904746523438251],[98.66372025668453,3.9081207923420083],[98.66742106672888,3.9061037173161544],[98.67045734343172,3.907965849046204],[98.67953171241868,3.9029379688190695],[98.69218543441029,3.889091586628945],[98.69653046031253,3.880136960583343],[98.69377679556271,3.8843347674621373],[98.69525599416885,3.8782900804559355],[98.69175580938315,3.885376634749393],[98.6942979922586,3.8775278663518327],[98.66241396443297,3.864767621475951],[98.66280991344682,3.8615512789192024],[98.65988947931606,3.8609333367555756],[98.66133291368305,3.847640108669725],[98.64377115421547,3.8442432038300742],[98.64537530642531,3.8313171671365587],[98.62931421328038,3.830690981787068],[98.62997594163646,3.8173143811516588],[98.60658778040181,3.8156593650873103],[98.59621451878508,3.808802948204467],[98.5919029359718,3.8004010706688214],[98.5877522256847,3.8004254971548974],[98.58657675061659,3.807558489740783],[98.5787197696017,3.8056168489487474],[98.57670052900625,3.8073094539766945]]]}},{"type":"Feature","properties":{"code":"1207252005","desa":"Telaga Tujuh","kecamatan":"Labuhan Deli","kecCode":"120725","kabCode":"1207","province":"Sumatera Utara"},"geometry":{"type":"Polygon","coordinates":[[[98.56248164671068,3.7849025007821995],[98.57670052900625,3.8073094539766945],[98.5787197696017,3.8056168489487474],[98.58657675061659,3.807558489740783],[98.5877522256847,3.8004254971548974],[98.5919029359718,3.8004010706688214],[98.59621451878508,3.808802948204467],[98.60658778040181,3.8156593650873103],[98.64559793269848,3.8178441007220276],[98.64584112376888,3.803815437644616],[98.64792737374938,3.801600366977999],[98.63529317244199,3.800212222931857],[98.63496600267892,3.796166564256002],[98.63141547024782,3.794148303024346],[98.63170550970158,3.788593190751667],[98.63400806641918,3.787905910858317],[98.63186303225321,3.786103451844006],[98.63404650704074,3.784168385096157],[98.6301936872889,3.7844284456491923],[98.62390253837151,3.777453854252341],[98.62146033402723,3.780606278394041],[98.61843203700897,3.7777997856715437],[98.6122865359949,3.7785118041157175],[98.61110663536299,3.781844107055582],[98.60711784441304,3.776531014935719],[98.60351616663786,3.7757150357625284],[98.59721816758439,3.7779074300237863],[98.59717917657781,3.7799997072583498],[98.59032385865919,3.780677469626468],[98.58487013325009,3.78644528415331],[98.57904521266646,3.7831616282408334],[98.57607564587443,3.7846035805235845],[98.57264922168427,3.779792311004247],[98.56248164671068,3.7849025007821995]]]}},{"type":"Feature","properties":{"code":"1207261019","desa":"Kenangan","kecamatan":"Percut Sei Tuan","kecCode":"120726","kabCode":"1207","province":"Sumatera Utara"},"geometry":{"type":"Polygon","coordinates":[[[98.72435893511681,3.5952381308701016],[98.7378293422504,3.594559118444303],[98.74186496,3.594573580442178],[98.74119745709702,3.5922479453246825],[98.72435396366456,3.5904758384293283],[98.72435893511681,3.5952381308701016]]]}},{"type":"Feature","properties":{"code":"1207261020","desa":"Kenangan Baru","kecamatan":"Percut Sei Tuan","kecCode":"120726","kabCode":"1207","province":"Sumatera Utara"},"geometry":{"type":"Polygon","coordinates":[[[98.71703382125388,3.5897066734651406],[98.74119745709702,3.5922479453246825],[98.74139947360688,3.591388410186157],[98.74079081244611,3.5882369726007575],[98.73574402756486,3.585135327779027],[98.73241233616045,3.586035526663116],[98.72876109674729,3.582116321660044],[98.71794117064853,3.582701513212776],[98.71703382125388,3.5897066734651406]]]}},{"type":"Feature","properties":{"code":"1207262001","desa":"Pematang Lalang","kecamatan":"Percut Sei Tuan","kecCode":"120726","kabCode":"1207","province":"Sumatera Utara"},"geometry":{"type":"Polygon","coordinates":[[[98.82569089112178,3.7072743042809684],[98.82062058806973,3.6971626437670047],[98.815871591201,3.6951322380904985],[98.81126733481972,3.697190471489083],[98.81058918844036,3.6951619813685324],[98.80831085496203,3.697529544678428],[98.79867419655697,3.6874401549755915],[98.79927203527625,3.685307562932415],[98.78355207656715,3.689327910189277],[98.78352799092407,3.7000799788308676],[98.78054244587724,3.700362055686958],[98.78620556223694,3.714083217174737],[98.79186867859669,3.7156346259435242],[98.79250590492366,3.723147992184397],[98.80295702894381,3.721173439802813],[98.82321117875294,3.7105551597045814],[98.82569089112178,3.7072743042809684]]]}},{"type":"Feature","properties":{"code":"1207262002","desa":"Sambirejo Timur","kecamatan":"Percut Sei Tuan","kecCode":"120726","kabCode":"1207","province":"Sumatera Utara"},"geometry":{"type":"Polygon","coordinates":[[[98.78658754657806,3.5772498220759514],[98.78139141937856,3.579089812497191],[98.77680510806937,3.5725880846317257],[98.76087609655468,3.5730737266299464],[98.75718733832507,3.5708822442812864],[98.7569794438463,3.589676384298705],[98.75456775080112,3.5936423207732417],[98.7849845598896,3.5969169358011936],[98.79045257822395,3.600351711092215],[98.79180983325726,3.591521827309514],[98.79000384530126,3.587126881843876],[98.78125740600456,3.5794327599658677],[98.78658754657806,3.5772498220759514]]]}},{"type":"Feature","properties":{"code":"1207262003","desa":"Kolam","kecamatan":"Percut Sei Tuan","kecCode":"120726","kabCode":"1207","province":"Sumatera Utara"},"geometry":{"type":"Polygon","coordinates":[[[98.78821300642517,3.658484864752111],[98.78547464723727,3.6546160280787094],[98.78614313669647,3.6430652634350666],[98.79152872407144,3.6376532081187345],[98.78829864256834,3.624629348569187],[98.77095663963729,3.62533692256375],[98.77095683838746,3.633838282204718],[98.76555744192245,3.6388249429052],[98.76208304609577,3.6391277032689664],[98.7608182377715,3.6518161822455295],[98.77029633041138,3.651759553734968],[98.76880337307728,3.6464888070930015],[98.78472321060775,3.644715592232891],[98.78466819907815,3.6562780273788293],[98.78821300642517,3.658484864752111]]]}},{"type":"Feature","properties":{"code":"1207262004","desa":"Percut","kecamatan":"Percut Sei Tuan","kecCode":"120726","kabCode":"1207","province":"Sumatera Utara"},"geometry":{"type":"Polygon","coordinates":[[[98.79037736702189,3.726520350028845],[98.79065559567925,3.7144672088022603],[98.7867821292919,3.7163160863238756],[98.78014861656544,3.7145161624984455],[98.76120072573296,3.6771423105166456],[98.75660070425914,3.67728127375908],[98.75675299005849,3.681012268644611],[98.75128022959898,3.6803174659223363],[98.75175018202532,3.690250009363864],[98.75513471129796,3.6901813236426797],[98.75663999923665,3.722841986167379],[98.76378311999503,3.738147026446402],[98.76333210908962,3.750261401611768],[98.77494407081228,3.7343239059099025],[98.77405845263553,3.7307870782512293],[98.78084494903521,3.729585968009493],[98.78235603490315,3.726653661931497],[98.79037736702189,3.726520350028845]]]}},{"type":"Feature","properties":{"code":"1207262005","desa":"Laut Dendang","kecamatan":"Percut Sei Tuan","kecCode":"120726","kabCode":"1207","province":"Sumatera Utara"},"geometry":{"type":"Polygon","coordinates":[[[98.74353156742798,3.6269616629514685],[98.74476233641275,3.616738022453842],[98.71869375661161,3.617587403347093],[98.7188602319142,3.6279661400253516],[98.74353156742798,3.6269616629514685]]]}},{"type":"Feature","properties":{"code":"1207262006","desa":"Tembung","kecamatan":"Percut Sei Tuan","kecCode":"120726","kabCode":"1207","province":"Sumatera Utara"},"geometry":{"type":"Polygon","coordinates":[[[98.74079081244611,3.5882369726007575],[98.74434441516269,3.5964409174481564],[98.73996271580677,3.5969367928319245],[98.74249500524034,3.6052757313142787],[98.74517529160649,3.605185119222269],[98.74546472221918,3.599938444733432],[98.75282598433175,3.5969402543225204],[98.7569794438463,3.589676384298705],[98.75654488333976,3.5703825584699813],[98.75600950523454,3.5731308344791484],[98.7483728626176,3.573309294147137],[98.74838713935503,3.5678983998556264],[98.74644549856094,3.5678983998556264],[98.74657399099691,3.5732664639347242],[98.73310822616378,3.573022086658847],[98.73667899244163,3.5747046084879543],[98.73820768703519,3.579798042097557],[98.73826626797393,3.58141648902961],[98.73359933514126,3.5814156130899053],[98.7337359115831,3.5850250322254564],[98.74079081244611,3.5882369726007575]]]}},{"type":"Feature","properties":{"code":"1207262007","desa":"Cinta Rakyat","kecamatan":"Percut Sei Tuan","kecCode":"120726","kabCode":"1207","province":"Sumatera Utara"},"geometry":{"type":"Polygon","coordinates":[[[98.74905305405524,3.6804697508222093],[98.75675299005849,3.681012268644611],[98.75660070425914,3.67728127375908],[98.76120072573296,3.6771423105166456],[98.75729270559395,3.661418720361888],[98.75077935308474,3.6641395112907715],[98.74905305405524,3.6804697508222093]]]}},{"type":"Feature","properties":{"code":"1207262008","desa":"Amplas","kecamatan":"Percut Sei Tuan","kecCode":"120726","kabCode":"1207","province":"Sumatera Utara"},"geometry":{"type":"Polygon","coordinates":[[[98.7768633175881,3.5729012600440866],[98.77025279602974,3.5675930377531744],[98.7693961899822,3.562358224422758],[98.75914267759252,3.5585919905022534],[98.75492906692295,3.554096734655715],[98.7528533785806,3.5424033923943243],[98.74729909727557,3.536115009798285],[98.74507042795796,3.5362481733127984],[98.7467158959219,3.538699258459636],[98.74432847108216,3.536677042009724],[98.73516038734202,3.536897606137173],[98.73502862587041,3.541160724480851],[98.72332754223237,3.5404760472255257],[98.72388328908261,3.542771386881259],[98.72133085843245,3.5433417504120936],[98.72012676783612,3.5519507984720313],[98.72678842214805,3.5523808623678867],[98.72705493893432,3.568048704448316],[98.73345412880506,3.5735621709157535],[98.74657399099691,3.5732664639347242],[98.74644549856094,3.5678983998556264],[98.74838713935503,3.5678983998556264],[98.7483728626176,3.573309294147137],[98.75600950523454,3.5731308344791484],[98.75654488333976,3.5703825584699813],[98.76087609655468,3.5730737266299464],[98.7768633175881,3.5729012600440866]]]}},{"type":"Feature","properties":{"code":"1207262009","desa":"Saentis","kecamatan":"Percut Sei Tuan","kecCode":"120726","kabCode":"1207","province":"Sumatera Utara"},"geometry":{"type":"Polygon","coordinates":[[[98.72463804241181,3.6564453066751086],[98.72547415201056,3.675132879728205],[98.73420347630946,3.674077112519439],[98.74096590505252,3.680839542154613],[98.74905305405524,3.6804697508222093],[98.75077935308474,3.6641395112907715],[98.75571911324651,3.6614840318267587],[98.75729270559395,3.661418720361888],[98.76015721088663,3.673635258511535],[98.78207406776409,3.667890158161577],[98.78417184705313,3.6701862028858367],[98.79165670479313,3.664897341199839],[98.78891173738684,3.6587694282335703],[98.78466819907815,3.6562780273788293],[98.78472321060775,3.644715592232891],[98.76880337307728,3.6464888070930015],[98.76993465276205,3.6518642501095253],[98.75723665894469,3.6519570493527387],[98.75627679184055,3.6541664839680146],[98.7440544449567,3.652441863974717],[98.74417812601973,3.6556914337830246],[98.72463804241181,3.6564453066751086]]]}},{"type":"Feature","properties":{"code":"1207262010","desa":"Sampali","kecamatan":"Percut Sei Tuan","kecCode":"120726","kabCode":"1207","province":"Sumatera Utara"},"geometry":{"type":"Polygon","coordinates":[[[98.70171104542844,3.645235564950902],[98.70268879555152,3.660856153953184],[98.70614924199394,3.6636920850834698],[98.72489844740551,3.662848873539406],[98.72463804241181,3.6564453066751086],[98.74417812601973,3.6556914337830246],[98.7440544449567,3.652441863974717],[98.75730881335113,3.6538243782648356],[98.7567011423439,3.6444209221702764],[98.74353156742798,3.6269616629514685],[98.7188602319142,3.6279661400253516],[98.7188079714108,3.621147075584379],[98.71670733407625,3.621281526028751],[98.716451194567,3.618650295884435],[98.7095546697123,3.61879201464958],[98.70994110210023,3.6265536252511628],[98.70787029707661,3.6284500319429056],[98.70347543074661,3.628175433848976],[98.70442852865375,3.6260127468928673],[98.69337528783933,3.6265476933229093],[98.69255780230075,3.6454949663009613],[98.70171104542844,3.645235564950902]]]}},{"type":"Feature","properties":{"code":"1207262011","desa":"Bandar Khalipah","kecamatan":"Percut Sei Tuan","kecCode":"120726","kabCode":"1207","province":"Sumatera Utara"},"geometry":{"type":"Polygon","coordinates":[[[98.73705843799654,3.6166816205724297],[98.76238454381172,3.6172879084216736],[98.75365403780363,3.5969688077974555],[98.74931216132723,3.596864336253426],[98.74937759689863,3.599933841103926],[98.74608483984353,3.599334647106922],[98.74517529160649,3.605185119222269],[98.74249500524034,3.6052757313142787],[98.74085705830662,3.599013120590082],[98.73882614900765,3.599104705748512],[98.73918091626632,3.613131464961031],[98.73705843799654,3.6166816205724297]]]}},{"type":"Feature","properties":{"code":"1207262012","desa":"Bandar Klippa","kecamatan":"Percut Sei Tuan","kecCode":"120726","kabCode":"1207","province":"Sumatera Utara"},"geometry":{"type":"Polygon","coordinates":[[[98.76768690882386,3.5950711879202077],[98.75456775080112,3.5936423207732417],[98.75282598433175,3.5969402543225204],[98.7694619870811,3.6253629165681622],[98.7815020593726,3.6251535229197946],[98.78143555360799,3.6116245033856185],[98.7798849776097,3.609252457854704],[98.76864685866563,3.6089278007977565],[98.76768690882386,3.5950711879202077]]]}},{"type":"Feature","properties":{"code":"1207262013","desa":"Tanjung Selamat","kecamatan":"Percut Sei Tuan","kecCode":"120726","kabCode":"1207","province":"Sumatera Utara"},"geometry":{"type":"Polygon","coordinates":[[[98.72547415201056,3.675132879728205],[98.72897608058173,3.678554691291847],[98.73079000595409,3.6942322973118453],[98.73198149884716,3.7200961401263135],[98.72888041969564,3.7252357791040147],[98.7331745475674,3.7245939743292307],[98.73794213342278,3.7279292423338597],[98.7397180255665,3.7193618544683567],[98.73561105920305,3.6829535155335518],[98.74113017431813,3.68083203101692],[98.73420347630946,3.674077112519439],[98.72547415201056,3.675132879728205]]]}},{"type":"Feature","properties":{"code":"1207262014","desa":"Tanjung Rejo","kecamatan":"Percut Sei Tuan","kecCode":"120726","kabCode":"1207","province":"Sumatera Utara"},"geometry":{"type":"Polygon","coordinates":[[[98.76333210908962,3.750261401611768],[98.76378311999503,3.738147026446402],[98.75663999923665,3.722841986167379],[98.75513471129796,3.6901813236426797],[98.75175018202532,3.690250009363864],[98.75128022959898,3.6803174659223363],[98.73592210142391,3.6823569772345977],[98.7397180255665,3.7193618544683567],[98.73846181566033,3.7273309206792966],[98.7331745475674,3.7245939743292307],[98.72888041969564,3.7252357791040147],[98.72692435557462,3.733430012172667],[98.7097039508767,3.7416847219508953],[98.70455627735036,3.7409321989411595],[98.70514157682236,3.7494801938261033],[98.70206448258983,3.7516107857770478],[98.70512037710375,3.7695655822345904],[98.70701831174573,3.7717996097106656],[98.7160143219035,3.7673270149809452],[98.71897828232191,3.7717635900640816],[98.72408840915283,3.7731727179914474],[98.73102388994062,3.7686796367056132],[98.74464635714372,3.7673680249655406],[98.75911568623997,3.7595444510750666],[98.76333210908962,3.750261401611768]]]}},{"type":"Feature","properties":{"code":"1207262015","desa":"Medan Estate","kecamatan":"Percut Sei Tuan","kecCode":"120726","kabCode":"1207","province":"Sumatera Utara"},"geometry":{"type":"Polygon","coordinates":[[[98.7188079714108,3.621147075584379],[98.71869375661161,3.617587403347093],[98.73705843799654,3.6166816205724297],[98.73918091626632,3.613131464961031],[98.73882614900765,3.599104705748512],[98.71183500508145,3.599993199056844],[98.71123733633407,3.597199947952211],[98.7059835913697,3.5953442337842993],[98.70735666997437,3.6185006873669607],[98.716451194567,3.618650295884435],[98.71670733407625,3.621281526028751],[98.7188079714108,3.621147075584379]]]}},{"type":"Feature","properties":{"code":"1207262016","desa":"Cinta Damai","kecamatan":"Percut Sei Tuan","kecCode":"120726","kabCode":"1207","province":"Sumatera Utara"},"geometry":{"type":"Polygon","coordinates":[[[98.79046562109158,3.7143868561761346],[98.79264914444252,3.7176238552609506],[98.79124050304681,3.714492485147615],[98.78994607555101,3.7139309322748595],[98.78654820573517,3.7143497168736164],[98.78383561931844,3.710799561262229],[98.78429247671646,3.7055361926582853],[98.78054244587724,3.700362055686958],[98.78352799092407,3.7000799788308676],[98.78355207656715,3.689327910189277],[98.79997686633936,3.6861224665164145],[98.79649177037895,3.6673053560153583],[98.7914949023679,3.6651828768485073],[98.78417184705313,3.6701862028858367],[98.78207406776409,3.667890158161577],[98.76015721088663,3.673635258511535],[98.78014861656544,3.7145161624984455],[98.7867821292919,3.7163160863238756],[98.79046562109158,3.7143868561761346]]]}},{"type":"Feature","properties":{"code":"1207262017","desa":"Bandar Setia","kecamatan":"Percut Sei Tuan","kecCode":"120726","kabCode":"1207","province":"Sumatera Utara"},"geometry":{"type":"Polygon","coordinates":[[[98.7608182377715,3.6518161822455295],[98.76208304609577,3.6391277032689664],[98.76555744192245,3.6388249429052],[98.77095683838746,3.633838282204718],[98.77150750137014,3.626094846002401],[98.76253886297819,3.6158886001916737],[98.74461467582671,3.617017047910168],[98.74365131755432,3.6272447938129977],[98.75654556142858,3.6440769818500462],[98.75682524968558,3.6519616134120696],[98.7608182377715,3.6518161822455295]]]}},{"type":"Feature","properties":{"code":"1207262018","desa":"Sei Rotan","kecamatan":"Percut Sei Tuan","kecCode":"120726","kabCode":"1207","province":"Sumatera Utara"},"geometry":{"type":"Polygon","coordinates":[[[98.79045257822395,3.600351711092215],[98.78573979975204,3.5970739799133216],[98.76768690882386,3.5950711879202077],[98.76864685866563,3.6089278007977565],[98.7798849776097,3.609252457854704],[98.78143555360799,3.6116245033856185],[98.7815020593726,3.6251535229197946],[98.78829864256834,3.624629348569187],[98.79210343132836,3.616804817800061],[98.79026576025672,3.6119267529344694],[98.79254331132482,3.6051363345986336],[98.7894628896007,3.6020194309797424],[98.79045257822395,3.600351711092215]]]}},{"type":"Feature","properties":{"code":"1207272001","desa":"Sena","kecamatan":"Batang Kuis","kecCode":"120727","kabCode":"1207","province":"Sumatera Utara"},"geometry":{"type":"Polygon","coordinates":[[[98.79689437887252,3.569364848771558],[98.7924704230716,3.5706094601199188],[98.79399066583663,3.574628320797464],[98.78125740600456,3.5794327599658677],[98.79000384530126,3.587126881843876],[98.79180983325726,3.591521827309514],[98.79052474162359,3.6003040506210753],[98.79590268655976,3.605872139211523],[98.81487919292049,3.6072735797340445],[98.81558771659992,3.5987133135998906],[98.80775616931182,3.5956566240885675],[98.79689437887252,3.569364848771558]]]}},{"type":"Feature","properties":{"code":"1207272002","desa":"Tumpatan Nibung","kecamatan":"Batang Kuis","kecCode":"120727","kabCode":"1207","province":"Sumatera Utara"},"geometry":{"type":"Polygon","coordinates":[[[98.80151138134522,3.5674869852009574],[98.79689437887252,3.569364848771558],[98.80775616931182,3.5956566240885675],[98.81558771659992,3.5987133135998906],[98.81510058892108,3.6048014594446074],[98.83139292564306,3.6060230742290145],[98.83108964457148,3.6138177789824715],[98.83355200632008,3.616454119974006],[98.83603444633268,3.6154286752066347],[98.83743749844187,3.610441355303106],[98.83534680041458,3.594089202890661],[98.825302509903,3.5908730923590304],[98.81864887844307,3.584770150868027],[98.81665912032217,3.5861599901362036],[98.8039301907258,3.576161360913537],[98.80151138134522,3.5674869852009574]]]}},{"type":"Feature","properties":{"code":"1207272003","desa":"Tanjung Sari","kecamatan":"Batang Kuis","kecCode":"120727","kabCode":"1207","province":"Sumatera Utara"},"geometry":{"type":"Polygon","coordinates":[[[98.81510058892108,3.6048014594446074],[98.81487919292049,3.6072735797340445],[98.79590268655976,3.605872139211523],[98.81504918457227,3.6254698018925366],[98.81549938069189,3.6113645570464605],[98.830858064648,3.61081117091717],[98.8321294308286,3.6085836932036384],[98.83139292564306,3.6060230742290145],[98.81510058892108,3.6048014594446074]]]}},{"type":"Feature","properties":{"code":"1207272004","desa":"Baru","kecamatan":"Batang Kuis","kecCode":"120727","kabCode":"1207","province":"Sumatera Utara"},"geometry":{"type":"Polygon","coordinates":[[[98.83430655730182,3.61643558944323],[98.830858064648,3.61081117091717],[98.81549938069189,3.6113645570464605],[98.81504918457227,3.6254698018925366],[98.82405036403316,3.6345294093977256],[98.83002087856073,3.6372994130275043],[98.83525524133637,3.6331293754148217],[98.83430655730182,3.61643558944323]]]}},{"type":"Feature","properties":{"code":"1207272005","desa":"Batangkuis Pekan","kecamatan":"Batang Kuis","kecCode":"120727","kabCode":"1207","province":"Sumatera Utara"},"geometry":{"type":"Polygon","coordinates":[[[98.80802828167991,3.618190084914974],[98.80285643167905,3.612915333591878],[98.80061141898186,3.613285116830419],[98.79855412357398,3.6239905241476325],[98.8025259299278,3.6251939708280783],[98.80802828167991,3.618190084914974]]]}},{"type":"Feature","properties":{"code":"1207272006","desa":"Sidodadi","kecamatan":"Batang Kuis","kecCode":"120727","kabCode":"1207","province":"Sumatera Utara"},"geometry":{"type":"Polygon","coordinates":[[[98.78829864256834,3.624629348569187],[98.79152694161513,3.637693874562282],[98.78614313669647,3.6430652634350666],[98.78583958043237,3.6566298610485917],[98.79026165575088,3.6599501058785],[98.81411281585382,3.6595441680951204],[98.81405339584762,3.640858875722758],[98.81699913959869,3.6410179720878304],[98.81150873803789,3.6330804855705163],[98.80301792743545,3.6241408791024035],[98.78829864256834,3.624629348569187]]]}},{"type":"Feature","properties":{"code":"1207272007","desa":"Bintang Meriah","kecamatan":"Batang Kuis","kecCode":"120727","kabCode":"1207","province":"Sumatera Utara"},"geometry":{"type":"Polygon","coordinates":[[[98.79450591081915,3.6123895377636472],[98.79026898882285,3.6120247133868832],[98.79210343132836,3.616804817800061],[98.78917797538331,3.62381822213767],[98.79855412357398,3.6239905241476325],[98.800411767689,3.61374838819279],[98.80285643167905,3.612915333591878],[98.79875155174278,3.608689722373454],[98.79450591081915,3.6123895377636472]]]}},{"type":"Feature","properties":{"code":"1207272008","desa":"Bakaran Batu","kecamatan":"Batang Kuis","kecCode":"120727","kabCode":"1207","province":"Sumatera Utara"},"geometry":{"type":"Polygon","coordinates":[[[98.79052474162359,3.6003040506210753],[98.7894628896007,3.6020194309797424],[98.79255247271851,3.605241778309763],[98.79057231126319,3.611768658414224],[98.79450591081915,3.6123895377636472],[98.79875155174278,3.608689722373454],[98.79052474162359,3.6003040506210753]]]}},{"type":"Feature","properties":{"code":"1207272009","desa":"Paya Gambar","kecamatan":"Batang Kuis","kecCode":"120727","kabCode":"1207","province":"Sumatera Utara"},"geometry":{"type":"Polygon","coordinates":[[[98.82852826027109,3.6367574437916024],[98.80802828167991,3.618190084914974],[98.80222728486139,3.6233087121323297],[98.81699913959869,3.6410179720878304],[98.82161125425601,3.6406666879037566],[98.82629518157745,3.643790357122405],[98.82852826027109,3.6367574437916024]]]}},{"type":"Feature","properties":{"code":"1207272010","desa":"Mesjid","kecamatan":"Batang Kuis","kecCode":"120727","kabCode":"1207","province":"Sumatera Utara"},"geometry":{"type":"Polygon","coordinates":[[[98.82161125425601,3.6406666879037566],[98.81405339584762,3.640858875722758],[98.81411281585382,3.6595441680951204],[98.81629804342003,3.6595064190523283],[98.81616731976605,3.6633031273996486],[98.82584864030258,3.6637029030283648],[98.83316945810405,3.66050239573416],[98.82727753982664,3.643904705021105],[98.82161125425601,3.6406666879037566]]]}},{"type":"Feature","properties":{"code":"1207272011","desa":"Sugiharjo","kecamatan":"Batang Kuis","kecCode":"120727","kabCode":"1207","province":"Sumatera Utara"},"geometry":{"type":"Polygon","coordinates":[[[98.78932623671653,3.6596467033987783],[98.79121787700348,3.664443475846727],[98.81622267123936,3.6633253712311125],[98.81629804342003,3.6595064190523283],[98.78932623671653,3.6596467033987783]]]}},{"type":"Feature","properties":{"code":"1207281007","desa":"Lubuk Pakam I,Ii","kecamatan":"Lubuk Pakam","kecCode":"120728","kabCode":"1207","province":"Sumatera Utara"},"geometry":{"type":"Polygon","coordinates":[[[98.87795429755283,3.565043027181324],[98.87971368623766,3.5583131709906786],[98.87031005656394,3.5559337096501666],[98.86769264989596,3.5583988323147873],[98.87760072459383,3.5623772909494504],[98.87795429755283,3.565043027181324]]]}},{"type":"Feature","properties":{"code":"1207281008","desa":"Lubuk Pakam Iii","kecamatan":"Lubuk Pakam","kecCode":"120728","kabCode":"1207","province":"Sumatera Utara"},"geometry":{"type":"Polygon","coordinates":[[[98.86870154174284,3.5556957643254647],[98.87925683063827,3.5589127957628963],[98.87971368623766,3.5583131709906786],[98.8795882892682,3.5543946449757167],[98.8698443966017,3.5540448653574304],[98.86870154174284,3.5556957643254647]]]}},{"type":"Feature","properties":{"code":"1207281009","desa":"Paluh Kemiri","kecamatan":"Lubuk Pakam","kecCode":"120728","kabCode":"1207","province":"Sumatera Utara"},"geometry":{"type":"Polygon","coordinates":[[[98.84826136267179,3.55051085527475],[98.8500907815644,3.552603041677767],[98.84665591094159,3.5604931492117617],[98.8532194060508,3.5675357068720914],[98.86146021771492,3.560007379509755],[98.85916165758448,3.5575374976328473],[98.86434855773977,3.5552788862894666],[98.85359535144437,3.5560161531999444],[98.85209563480576,3.5515554448098063],[98.84826136267179,3.55051085527475]]]}},{"type":"Feature","properties":{"code":"1207281010","desa":"Cemara","kecamatan":"Lubuk Pakam","kecCode":"120728","kabCode":"1207","province":"Sumatera Utara"},"geometry":{"type":"Polygon","coordinates":[[[98.8795882892682,3.5543946449757167],[98.8804405048255,3.5610832249825015],[98.88419151592579,3.5592301071573487],[98.88670422621912,3.552763922297727],[98.88227842860664,3.5516170213901996],[98.8844379382603,3.540984404300048],[98.87759594559645,3.5464217665386344],[98.87743405323901,3.554345174169299],[98.8795882892682,3.5543946449757167]]]}},{"type":"Feature","properties":{"code":"1207281011","desa":"Syahmad","kecamatan":"Lubuk Pakam","kecCode":"120728","kabCode":"1207","province":"Sumatera Utara"},"geometry":{"type":"Polygon","coordinates":[[[98.86760563958863,3.554002849930801],[98.87743405323901,3.554345174169299],[98.87759594559645,3.5464217665386344],[98.87948244355998,3.5454458402417206],[98.8726178410406,3.546377554068253],[98.87054450442541,3.553340772638453],[98.8675698087997,3.5518222349896997],[98.86760563958863,3.554002849930801]]]}},{"type":"Feature","properties":{"code":"1207281012","desa":"Petapahan","kecamatan":"Lubuk Pakam","kecCode":"120728","kabCode":"1207","province":"Sumatera Utara"},"geometry":{"type":"Polygon","coordinates":[[[98.846444844554,3.540389528847503],[98.84759910821231,3.549847400221006],[98.85209563480576,3.5515554448098063],[98.85359535144437,3.5560161531999444],[98.86761037541855,3.5542910439754207],[98.8675698087997,3.5518222349896997],[98.86278026329859,3.551820927375475],[98.862715743237,3.5403596569664377],[98.846444844554,3.540389528847503]]]}},{"type":"Feature","properties":{"code":"1207281013","desa":"Lubuk Pakam Pekan","kecamatan":"Lubuk Pakam","kecCode":"120728","kabCode":"1207","province":"Sumatera Utara"},"geometry":{"type":"Polygon","coordinates":[[[98.87534499557512,3.5670481744989213],[98.87760072459383,3.5623772909494504],[98.86769264989596,3.5583988323147873],[98.86912491288449,3.553270893516939],[98.85916165758448,3.5575374976328473],[98.85993260320713,3.5601929761974853],[98.86954619490102,3.565256053191431],[98.87534499557512,3.5670481744989213]]]}},{"type":"Feature","properties":{"code":"1207282001","desa":"Sekip","kecamatan":"Lubuk Pakam","kecCode":"120728","kabCode":"1207","province":"Sumatera Utara"},"geometry":{"type":"Polygon","coordinates":[[[98.87973272308676,3.5607939580466375],[98.86977352732646,3.5777838431036146],[98.90871388323914,3.5776922354621568],[98.90577993859335,3.5685834224505872],[98.8857510797486,3.5610570879859305],[98.88575824105003,3.5592109659869724],[98.87973272308676,3.5607939580466375]]]}},{"type":"Feature","properties":{"code":"1207282002","desa":"Pagar Jati","kecamatan":"Lubuk Pakam","kecCode":"120728","kabCode":"1207","province":"Sumatera Utara"},"geometry":{"type":"Polygon","coordinates":[[[98.8885873823019,3.547780166407497],[98.88419151592579,3.5592301071573487],[98.8857510797486,3.5610570879859305],[98.90587146259797,3.568617814324216],[98.90909476681009,3.555407766333066],[98.8885873823019,3.547780166407497]]]}},{"type":"Feature","properties":{"code":"1207282003","desa":"Tanjung Garbus I","kecamatan":"Lubuk Pakam","kecCode":"120728","kabCode":"1207","province":"Sumatera Utara"},"geometry":{"type":"Polygon","coordinates":[[[98.86278026329859,3.551820927375475],[98.87054450442541,3.553340772638453],[98.87233335939708,3.5438190422051945],[98.88520840634293,3.53238074947444],[98.88116827759399,3.5314636307453577],[98.87576736127477,3.5226320805189544],[98.87341169599301,3.525059129485484],[98.86236831174824,3.5260684278248964],[98.86278026329859,3.551820927375475]]]}},{"type":"Feature","properties":{"code":"1207282004","desa":"Pasar Melintang","kecamatan":"Lubuk Pakam","kecCode":"120728","kabCode":"1207","province":"Sumatera Utara"},"geometry":{"type":"Polygon","coordinates":[[[98.88257825178492,3.5406329483454386],[98.8844379382603,3.540984404300048],[98.88227842860664,3.5516170213901996],[98.88670422621912,3.552763922297727],[98.8885873823019,3.547780166407497],[98.90909476681009,3.555407766333066],[98.91473988773566,3.542550902793435],[98.92103871506468,3.540244046419618],[98.88652160808579,3.5316074269444755],[98.88257825178492,3.5406329483454386]]]}},{"type":"Feature","properties":{"code":"1207282005","desa":"Pagar Merbau Iii","kecamatan":"Lubuk Pakam","kecCode":"120728","kabCode":"1207","province":"Sumatera Utara"},"geometry":{"type":"Polygon","coordinates":[[[98.87952925866841,3.5463741762146603],[98.88264040483084,3.5430548280088576],[98.88244262232922,3.537737143950719],[98.88652160808579,3.5316074269444755],[98.87225691072791,3.543938885860956],[98.8726178410406,3.546377554068253],[98.87952925866841,3.5463741762146603]]]}},{"type":"Feature","properties":{"code":"1207282006","desa":"Bakaran Batu","kecamatan":"Lubuk Pakam","kecCode":"120728","kabCode":"1207","province":"Sumatera Utara"},"geometry":{"type":"Polygon","coordinates":[[[98.8532194060508,3.5675357068720914],[98.85448890344018,3.58075809446106],[98.86282077955535,3.5742479912093166],[98.8693547418279,3.578469128300643],[98.87632095874528,3.5676713237372106],[98.86164774974388,3.5597626604914474],[98.8532194060508,3.5675357068720914]]]}},{"type":"Feature","properties":{"code":"1207312001","desa":"Tanjung Mulia","kecamatan":"Pagar Merbau","kecCode":"120731","kabCode":"1207","province":"Sumatera Utara"},"geometry":{"type":"Polygon","coordinates":[[[98.88193417981857,3.5307513389073217],[98.88652160808579,3.5316074269444755],[98.8896500032451,3.5240914814480364],[98.89688030787993,3.5170009638423183],[98.88109020474923,3.511220459881405],[98.88230613492028,3.5159305134025027],[98.88613561366772,3.517190369158912],[98.88200236281885,3.5240908798015695],[98.88534087378234,3.5272935625557573],[98.88193417981857,3.5307513389073217]]]}},{"type":"Feature","properties":{"code":"1207312002","desa":"Purwodadi","kecamatan":"Pagar Merbau","kecCode":"120731","kabCode":"1207","province":"Sumatera Utara"},"geometry":{"type":"Polygon","coordinates":[[[98.88109020474923,3.511220459881405],[98.89688030787993,3.5170009638423183],[98.90029207761734,3.5137351145063636],[98.88221055407388,3.5069250972451673],[98.88109020474923,3.511220459881405]]]}},{"type":"Feature","properties":{"code":"1207312003","desa":"Sidodadi Batu B","kecamatan":"Pagar Merbau","kecCode":"120731","kabCode":"1207","province":"Sumatera Utara"},"geometry":{"type":"Polygon","coordinates":[[[98.90445347724625,3.5097825518499404],[98.89918297161691,3.507748111008758],[98.89391246598757,3.505713674477524],[98.89343003007188,3.508461951386015],[98.90135363466254,3.5120454196845965],[98.90445347724625,3.5097825518499404]]]}},{"type":"Feature","properties":{"code":"1207312004","desa":"Suka Mulia","kecamatan":"Pagar Merbau","kecCode":"120731","kabCode":"1207","province":"Sumatera Utara"},"geometry":{"type":"Polygon","coordinates":[[[98.88221055407388,3.5069250972451673],[98.90029207761734,3.5137351145063636],[98.902781312008,3.5112030903754516],[98.89343003007188,3.508461951386015],[98.89367241804767,3.5044028685299766],[98.89267304372606,3.5082575948404244],[98.88178700936304,3.504331484842676],[98.88221055407388,3.5069250972451673]]]}},{"type":"Feature","properties":{"code":"1207312005","desa":"Jati Rejo","kecamatan":"Pagar Merbau","kecCode":"120731","kabCode":"1207","province":"Sumatera Utara"},"geometry":{"type":"Polygon","coordinates":[[[98.89391246598757,3.505713674477524],[98.90445347724625,3.5097825518499404],[98.90663782257752,3.507712421320108],[98.893873204285,3.5026786712180225],[98.89391246598757,3.505713674477524]]]}},{"type":"Feature","properties":{"code":"1207312006","desa":"Pagar Merbau I","kecamatan":"Pagar Merbau","kecCode":"120731","kabCode":"1207","province":"Sumatera Utara"},"geometry":{"type":"Polygon","coordinates":[[[98.893873204285,3.5026786712180225],[98.9100682100799,3.510194869423917],[98.91256188532282,3.501857238555855],[98.89543956968042,3.495402951726945],[98.893873204285,3.5026786712180225]]]}},{"type":"Feature","properties":{"code":"1207312007","desa":"Pagar Merbau Ii","kecamatan":"Pagar Merbau","kecCode":"120731","kabCode":"1207","province":"Sumatera Utara"},"geometry":{"type":"Polygon","coordinates":[[[98.92616638137342,3.4773629732840656],[98.92162460269331,3.4796803220481745],[98.91649511795536,3.4774870113778027],[98.9079376289185,3.500114115910751],[98.91256188532282,3.501857238555855],[98.9100682100799,3.510194869423917],[98.90538539881713,3.5088993591457154],[98.90356653256947,3.510546359552702],[98.8896500032451,3.5240914814480364],[98.88652160808579,3.5316074269444755],[98.9243705575552,3.540596975463622],[98.9236867607355,3.5434367988597417],[98.92653531025645,3.5461695390805845],[98.93221288681531,3.5393719081819244],[98.93155366307116,3.5332800940025533],[98.93631350756236,3.520214662392245],[98.93350029510258,3.5078834265076235],[98.93565890903147,3.503199163744109],[98.93415087726122,3.492455536139346],[98.92616638137342,3.4773629732840656]]]}},{"type":"Feature","properties":{"code":"1207312008","desa":"Sidoharjo-I Pasar Miring","kecamatan":"Pagar Merbau","kecCode":"120731","kabCode":"1207","province":"Sumatera Utara"},"geometry":{"type":"Polygon","coordinates":[[[98.91649511795536,3.4774870113778027],[98.9112496089823,3.4738817623986438],[98.90495553906692,3.4770343762972167],[98.90367062999564,3.4905021250204173],[98.89988838723933,3.4954239661851387],[98.89543956968042,3.495402951726945],[98.9079376289185,3.500114115910751],[98.91649511795536,3.4774870113778027]]]}},{"type":"Feature","properties":{"code":"1207312009","desa":"Jati Baru","kecamatan":"Pagar Merbau","kecCode":"120731","kabCode":"1207","province":"Sumatera Utara"},"geometry":{"type":"Polygon","coordinates":[[[98.89589642527987,3.493999070444361],[98.88569663029529,3.488381664831568],[98.88409740637023,3.491063689584333],[98.88561312374672,3.497736490985885],[98.88095597194064,3.5039964999713913],[98.89267304372606,3.5082575948404244],[98.89589642527987,3.493999070444361]]]}},{"type":"Feature","properties":{"code":"1207312010","desa":"Bandar Dolok","kecamatan":"Pagar Merbau","kecCode":"120731","kabCode":"1207","province":"Sumatera Utara"},"geometry":{"type":"Polygon","coordinates":[[[98.84582957067816,3.5073503209897994],[98.84759243973933,3.5230342033782653],[98.8513577833351,3.5195240604032945],[98.85263083574453,3.5229089862732925],[98.85834139224151,3.5188541275328893],[98.86663619380533,3.5188279545634225],[98.87097111042846,3.5104779103531936],[98.86891525573452,3.5099258750056235],[98.87055728289238,3.505862350398033],[98.87435252265084,3.5035685503816163],[98.87033599301174,3.5021789449371803],[98.87152257740507,3.4969645911833367],[98.86841531631387,3.495694832991937],[98.86495320072969,3.4893773645223507],[98.84871657520982,3.4892455733732124],[98.84659011833934,3.494858612777441],[98.85140312625333,3.5047486857353163],[98.84582957067816,3.5073503209897994]]]}},{"type":"Feature","properties":{"code":"1207312011","desa":"Tanjung Garbus Ii","kecamatan":"Pagar Merbau","kecCode":"120731","kabCode":"1207","province":"Sumatera Utara"},"geometry":{"type":"Polygon","coordinates":[[[98.88409740637023,3.491063689584333],[98.8743566496397,3.490376244215769],[98.87447168282198,3.4859921688557183],[98.86963389588765,3.489185396137855],[98.86261152170442,3.4887522655538112],[98.87152257740507,3.4969645911833367],[98.87033599301174,3.5021789449371803],[98.87435252265084,3.5035685503816163],[98.86891525573452,3.5099258750056235],[98.87097111042846,3.5104779103531936],[98.86788646368937,3.519704652363823],[98.88453641762163,3.4998839551177445],[98.88409740637023,3.491063689584333]]]}},{"type":"Feature","properties":{"code":"1207312012","desa":"Tanjung Garbus Kampung","kecamatan":"Pagar Merbau","kecCode":"120731","kabCode":"1207","province":"Sumatera Utara"},"geometry":{"type":"Polygon","coordinates":[[[98.85794893079856,3.5263354095604074],[98.87341169599301,3.525059129485484],[98.87576736127477,3.5226320805189544],[98.88193417981857,3.5307513389073217],[98.88534087378234,3.5272935625557573],[98.88200236281885,3.5240908798015695],[98.88613561366772,3.517190369158912],[98.88206111103153,3.5155933404807156],[98.88178700936304,3.504331484842676],[98.86788646368937,3.519704652363823],[98.85997727343248,3.5184972072975955],[98.85376997640333,3.5209826510431697],[98.85369254837246,3.5227015252679963],[98.8591267638891,3.523361083559284],[98.85794893079856,3.5263354095604074]]]}},{"type":"Feature","properties":{"code":"1207312013","desa":"Perbarakan","kecamatan":"Pagar Merbau","kecCode":"120731","kabCode":"1207","province":"Sumatera Utara"},"geometry":{"type":"Polygon","coordinates":[[[98.84819171287727,3.5207153212699955],[98.84828258667208,3.52811281526119],[98.8446848416322,3.5366398514458273],[98.846444844554,3.540389528847503],[98.862715743237,3.5403596569664377],[98.86336220470207,3.5255025986757715],[98.85794893079856,3.5263354095604074],[98.8591267638891,3.523361083559284],[98.85263083574453,3.5229089862732925],[98.85251281501445,3.5195731804740373],[98.84819171287727,3.5207153212699955]]]}},{"type":"Feature","properties":{"code":"1207312014","desa":"Sukamandi Hilir","kecamatan":"Pagar Merbau","kecCode":"120731","kabCode":"1207","province":"Sumatera Utara"},"geometry":{"type":"Polygon","coordinates":[[[98.90577993859335,3.5685834224505872],[98.90899988203898,3.578678493170724],[98.9069967950661,3.5848469493733943],[98.90881543558396,3.588629582431421],[98.90591694581047,3.5908190592919342],[98.91121568835342,3.5915327846493366],[98.91965420877476,3.597064302308845],[98.91872258038285,3.5834735587054265],[98.92356772916742,3.5763605580485613],[98.93141485810929,3.5714390046668747],[98.93286371358958,3.566399896404034],[98.9067261800692,3.564629129498519],[98.90577993859335,3.5685834224505872]]]}},{"type":"Feature","properties":{"code":"1207312015","desa":"Sukamandi Hulu","kecamatan":"Pagar Merbau","kecCode":"120731","kabCode":"1207","province":"Sumatera Utara"},"geometry":{"type":"Polygon","coordinates":[[[98.90807500305901,3.559064628303759],[98.9067261800692,3.564629129498519],[98.93286371358958,3.566399896404034],[98.9302760789779,3.5547464093976977],[98.92639147358767,3.545071349951666],[98.9236867607355,3.5434367988597417],[98.92305084741871,3.5621913642105616],[98.90807500305901,3.559064628303759]]]}},{"type":"Feature","properties":{"code":"1207312016","desa":"Sumberejo","kecamatan":"Pagar Merbau","kecCode":"120731","kabCode":"1207","province":"Sumatera Utara"},"geometry":{"type":"Polygon","coordinates":[[[98.91648879122482,3.5405878473449204],[98.90804780396303,3.559061428515897],[98.92305084741871,3.5621913642105616],[98.9243705575552,3.540596975463622],[98.91648879122482,3.5405878473449204]]]}},{"type":"Feature","properties":{"code":"1207322001","desa":"Sei Tuan","kecamatan":"Pantai Labu","kecCode":"120732","kabCode":"1207","province":"Sumatera Utara"},"geometry":{"type":"Polygon","coordinates":[[[98.79904916978342,3.686581166624895],[98.80838223864947,3.6975652369717302],[98.81048211156025,3.6951857756311868],[98.81126733481972,3.697190471489083],[98.81831102203608,3.6952431613708985],[98.82569089112178,3.7072743042809684],[98.8432768810233,3.7049500037574155],[98.84558490292102,3.7026915497953325],[98.84467751935209,3.695992293037232],[98.83148340823277,3.6833454571679445],[98.83063627024774,3.6800783739621123],[98.82678598028882,3.6803823439140535],[98.80699718197444,3.6638206629549126],[98.79121787700348,3.664443475846727],[98.79649177037895,3.6673053560153583],[98.79904916978342,3.686581166624895]]]}},{"type":"Feature","properties":{"code":"1207322002","desa":"Tengah","kecamatan":"Pantai Labu","kecCode":"120732","kabCode":"1207","province":"Sumatera Utara"},"geometry":{"type":"Polygon","coordinates":[[[98.83661249187303,3.6593811848602154],[98.82584864030258,3.6637029030283648],[98.80699718197444,3.6638206629549126],[98.82678598028882,3.6803823439140535],[98.82994389389563,3.6801796969796383],[98.82960407157071,3.6746604047040172],[98.8376295954295,3.673466018693192],[98.83661249187303,3.6593811848602154]]]}},{"type":"Feature","properties":{"code":"1207322003","desa":"Bagan Serdang","kecamatan":"Pantai Labu","kecCode":"120732","kabCode":"1207","province":"Sumatera Utara"},"geometry":{"type":"Polygon","coordinates":[[[98.83830486397834,3.6898487471558337],[98.84482028762625,3.696230239261178],[98.84558490292102,3.7026915497953325],[98.8645363775518,3.692849269508863],[98.86286136955664,3.688188977275078],[98.86533600974911,3.6873680626225447],[98.86341633759393,3.6839134087170406],[98.84575907192367,3.691224982379419],[98.83830486397834,3.6898487471558337]]]}},{"type":"Feature","properties":{"code":"1207322004","desa":"Rantau Panjang","kecamatan":"Pantai Labu","kecCode":"120732","kabCode":"1207","province":"Sumatera Utara"},"geometry":{"type":"Polygon","coordinates":[[[98.83401741986808,3.6857852270447924],[98.8402577579892,3.69090137573062],[98.84513089367584,3.6913011252790104],[98.8607396116438,3.6848637762814325],[98.86119448423811,3.6826914404990903],[98.84379860382256,3.6816634947171187],[98.83401741986808,3.6857852270447924]]]}},{"type":"Feature","properties":{"code":"1207322005","desa":"Regemuk","kecamatan":"Pantai Labu","kecCode":"120732","kabCode":"1207","province":"Sumatera Utara"},"geometry":{"type":"Polygon","coordinates":[[[98.87040426144755,3.6842271740846524],[98.86286136955664,3.688188977275078],[98.86469774110792,3.692691826097738],[98.87411923401548,3.6870767641182014],[98.89857259814693,3.6808586131778998],[98.89140530091396,3.6689264397595895],[98.8803147166509,3.670533376268818],[98.86882191959597,3.6745189728225554],[98.87040426144755,3.6842271740846524]]]}},{"type":"Feature","properties":{"code":"1207322006","desa":"Kubah Sentang","kecamatan":"Pantai Labu","kecCode":"120732","kabCode":"1207","province":"Sumatera Utara"},"geometry":{"type":"Polygon","coordinates":[[[98.88366023872906,3.6535265749641312],[98.88181377678444,3.651546863172002],[98.86658522742634,3.651899024195001],[98.86769881384924,3.6570576955251832],[98.85785831420992,3.6621035801795743],[98.85999445857748,3.6681235906882455],[98.87641715832524,3.6630317290935577],[98.88361740761735,3.6634203738132722],[98.88366023872906,3.6535265749641312]]]}},{"type":"Feature","properties":{"code":"1207322007","desa":"Pantai Labu Pekan","kecamatan":"Pantai Labu","kecCode":"120732","kabCode":"1207","province":"Sumatera Utara"},"geometry":{"type":"Polygon","coordinates":[[[98.89140530091396,3.6689264397595895],[98.89857259814693,3.6808586131778998],[98.90675498265635,3.678847240753191],[98.90596634557045,3.6701783419118295],[98.90153129573274,3.664891418264885],[98.89860385138665,3.6649516683453243],[98.89883865088306,3.6561115053116544],[98.90201359225352,3.6565402211237803],[98.90217553497303,3.651703059223434],[98.89597446035309,3.651397546034849],[98.89145247035526,3.656129192278289],[98.89140530091396,3.6689264397595895]]]}},{"type":"Feature","properties":{"code":"1207322008","desa":"Pantai Labu Baru","kecamatan":"Pantai Labu","kecCode":"120732","kabCode":"1207","province":"Sumatera Utara"},"geometry":{"type":"Polygon","coordinates":[[[98.89749731564864,3.6513689925599566],[98.90217553497303,3.651703059223434],[98.90325560995846,3.6568406270624005],[98.90874341157922,3.654574242878579],[98.91239079829677,3.6562382521633494],[98.91562448608124,3.6512699385319594],[98.90793840143613,3.6477456123489884],[98.90787272934305,3.6437167512102993],[98.90154497801835,3.643696172923251],[98.89749731564864,3.6513689925599566]]]}},{"type":"Feature","properties":{"code":"1207322009","desa":"Ramunia 1","kecamatan":"Pantai Labu","kecCode":"120732","kabCode":"1207","province":"Sumatera Utara"},"geometry":{"type":"Polygon","coordinates":[[[98.907725836778,3.635880430329167],[98.90793840143613,3.6477456123489884],[98.91235516805659,3.6497869456877043],[98.92071856271156,3.629947475093812],[98.90550580005271,3.629524889960054],[98.90306487004779,3.6319388528915075],[98.88897369957664,3.631651730838797],[98.88699858601598,3.6293504421677296],[98.87251894259519,3.6420620867807827],[98.87661413773229,3.6460718481179217],[98.89078315441911,3.6333649564218233],[98.8934433706151,3.6358836975661455],[98.907725836778,3.635880430329167]]]}},{"type":"Feature","properties":{"code":"1207322010","desa":"Ramunia 2","kecamatan":"Pantai Labu","kecCode":"120732","kabCode":"1207","province":"Sumatera Utara"},"geometry":{"type":"Polygon","coordinates":[[[98.87251894259519,3.6420620867807827],[98.88699858601598,3.6293504421677296],[98.88897369957664,3.631651730838797],[98.90419749242038,3.6319578879419603],[98.90554749801866,3.6289611769157233],[98.89930815095045,3.6289840053065467],[98.899181581265,3.6246995361581718],[98.88222111211466,3.6247580730300837],[98.86746927988344,3.6370579045888918],[98.87251894259519,3.6420620867807827]]]}},{"type":"Feature","properties":{"code":"1207322011","desa":"Perkebunan Ramunia","kecamatan":"Pantai Labu","kecCode":"120732","kabCode":"1207","province":"Sumatera Utara"},"geometry":{"type":"Polygon","coordinates":[[[98.87661413773229,3.6460718481179217],[98.88936405480733,3.6582927821537696],[98.89749731564864,3.6513689925599566],[98.90154497801835,3.643696172923251],[98.90787272934305,3.6437167512102993],[98.907725836778,3.635880430329167],[98.8934433706151,3.6358836975661455],[98.89078315441911,3.6333649564218233],[98.87661413773229,3.6460718481179217]]]}},{"type":"Feature","properties":{"code":"1207322012","desa":"Denai Lama","kecamatan":"Pantai Labu","kecCode":"120732","kabCode":"1207","province":"Sumatera Utara"},"geometry":{"type":"Polygon","coordinates":[[[98.91235516805659,3.6497869456877043],[98.92492376921666,3.651438124344874],[98.92408619821951,3.6546932267824324],[98.92774105020935,3.654788406531082],[98.93390623468501,3.6344249783231932],[98.94069320143018,3.6349307804237485],[98.93907095126343,3.6299242743837055],[98.92071856271156,3.629947475093812],[98.91235516805659,3.6497869456877043]]]}},{"type":"Feature","properties":{"code":"1207322013","desa":"Denai Kuala","kecamatan":"Pantai Labu","kecCode":"120732","kabCode":"1207","province":"Sumatera Utara"},"geometry":{"type":"MultiPolygon","coordinates":[[[[98.94331947271552,3.6755711643268696],[98.94511503123374,3.6490512903622006],[98.92758951264597,3.6553968437599935],[98.92174216656781,3.6686938121262025],[98.91622181758287,3.6693790955245675],[98.91416196000648,3.6664199959449832],[98.9118871185957,3.6701330358658306],[98.91779537935332,3.6788606847184306],[98.94331947271552,3.6755711643268696]]],[[[98.93576586989904,3.6775600653916958],[98.9363739303127,3.6773379760139964],[98.93561722095802,3.677184726141561],[98.93576586989904,3.6775600653916958]]]]}},{"type":"Feature","properties":{"code":"1207322014","desa":"Denai Sarang Burung","kecamatan":"Pantai Labu","kecCode":"120732","kabCode":"1207","province":"Sumatera Utara"},"geometry":{"type":"Polygon","coordinates":[[[98.91640741606942,3.6493702088452165],[98.91239079829677,3.6562382521633494],[98.91495983043187,3.6583580873234394],[98.91622181758287,3.6693790955245675],[98.92099977531943,3.6690174178756356],[98.92774105020935,3.654788406531082],[98.92408619821951,3.6546932267824324],[98.92492376921666,3.651438124344874],[98.91640741606942,3.6493702088452165]]]}},{"type":"Feature","properties":{"code":"1207322015","desa":"Binjai Bakung","kecamatan":"Pantai Labu","kecCode":"120732","kabCode":"1207","province":"Sumatera Utara"},"geometry":{"type":"Polygon","coordinates":[[[98.94069320143018,3.6349307804237485],[98.93390623468501,3.6344249783231932],[98.92758951264597,3.6553968437599935],[98.94511503123374,3.6490512903622006],[98.94069320143018,3.6349307804237485]]]}},{"type":"Feature","properties":{"code":"1207322016","desa":"Paluh Sibaji","kecamatan":"Pantai Labu","kecCode":"120732","kabCode":"1207","province":"Sumatera Utara"},"geometry":{"type":"Polygon","coordinates":[[[98.90874341157922,3.654574242878579],[98.89883865088306,3.6561115053116544],[98.89898379786405,3.6659224981841687],[98.90312139963292,3.666243253082736],[98.90926079425032,3.6795687218638666],[98.91779537935332,3.6788606847184306],[98.91196199974655,3.6714159862123417],[98.9158055268037,3.6662746978780594],[98.91495983043187,3.6583580873234394],[98.90874341157922,3.654574242878579]]]}},{"type":"Feature","properties":{"code":"1207322017","desa":"Kelambir","kecamatan":"Pantai Labu","kecCode":"120732","kabCode":"1207","province":"Sumatera Utara"},"geometry":{"type":"Polygon","coordinates":[[[98.83063627024774,3.6800783739621123],[98.83401741986808,3.6857852270447924],[98.84379860382256,3.6816634947171187],[98.86119448423811,3.6826914404990903],[98.86392181144247,3.6722135787463763],[98.85212920290046,3.674416960025008],[98.85078480637378,3.6695509622626212],[98.83040508242867,3.674299252259189],[98.83063627024774,3.6800783739621123]]]}},{"type":"Feature","properties":{"code":"1207322018","desa":"Durian","kecamatan":"Pantai Labu","kecCode":"120732","kabCode":"1207","province":"Sumatera Utara"},"geometry":{"type":"Polygon","coordinates":[[[98.83597942221262,3.6455918439695805],[98.8376295954295,3.673466018693192],[98.85999445857748,3.6681235906882455],[98.85785831420992,3.6621035801795743],[98.86769881384924,3.6570576955251832],[98.86658522742634,3.651899024195001],[98.88200413358395,3.6515754175462707],[98.87622588061991,3.6457356365714024],[98.85922704009592,3.6473409857771637],[98.85385894723271,3.6452121573967315],[98.83597942221262,3.6455918439695805]]]}},{"type":"Feature","properties":{"code":"1207322019","desa":"Pematang Biara","kecamatan":"Pantai Labu","kecCode":"120732","kabCode":"1207","province":"Sumatera Utara"},"geometry":{"type":"Polygon","coordinates":[[[98.8607396116438,3.6848637762814325],[98.86373756643559,3.683972896172368],[98.86494339722007,3.686547148869219],[98.87040426144755,3.6842271740846524],[98.86882191959597,3.6745189728225554],[98.89140530091396,3.6689264397595895],[98.89145247035526,3.656129192278289],[98.88865973455914,3.6582927821537696],[98.88366023872906,3.6535265749641312],[98.88361740761735,3.6634203738132722],[98.87641715832524,3.6630317290935577],[98.85078480637378,3.6695509622626212],[98.85212920290046,3.674416960025008],[98.86392181144247,3.6722135787463763],[98.8607396116438,3.6848637762814325]]]}},{"type":"Feature","properties":{"code":"1207332001","desa":"Serdang","kecamatan":"Beringin","kecCode":"120733","kabCode":"1207","province":"Sumatera Utara"},"geometry":{"type":"Polygon","coordinates":[[[98.83486281406765,3.6273610500730267],[98.83525524133637,3.6331293754148217],[98.83287303526242,3.6364970675765256],[98.8284005772249,3.6368638353882017],[98.82599603289066,3.6431855315707637],[98.83316945810405,3.66050239573416],[98.83661249187303,3.6593811848602154],[98.83597942221262,3.6455918439695805],[98.85176510427617,3.6454411697555087],[98.84075527103897,3.626928269325292],[98.83919375119073,3.6297924229800107],[98.83486281406765,3.6273610500730267]]]}},{"type":"Feature","properties":{"code":"1207332002","desa":"Sidourip","kecamatan":"Beringin","kecCode":"120733","kabCode":"1207","province":"Sumatera Utara"},"geometry":{"type":"Polygon","coordinates":[[[98.84075527103897,3.626928269325292],[98.8439263147477,3.634886444746216],[98.8460197889821,3.634212557556807],[98.84993407110055,3.6414688768727173],[98.85969932986022,3.638799257368246],[98.84658176004024,3.6287373653363564],[98.84782097365904,3.6171428360846414],[98.85698642778146,3.6057969882641463],[98.85013214228464,3.6093427605798807],[98.84075527103897,3.626928269325292]]]}},{"type":"Feature","properties":{"code":"1207332003","desa":"Aras Kabu","kecamatan":"Beringin","kecCode":"120733","kabCode":"1207","province":"Sumatera Utara"},"geometry":{"type":"Polygon","coordinates":[[[98.84933244263817,3.594327534923806],[98.84769443634923,3.6000867042678624],[98.83425649743945,3.6163231813822017],[98.83486281406765,3.6273610500730267],[98.83919375119073,3.6297924229800107],[98.85013214228464,3.6093427605798807],[98.858389316214,3.6057992284753158],[98.85915064628533,3.6012708802754774],[98.85517332528877,3.601394819443807],[98.85959416763676,3.594362050903895],[98.85887993955758,3.592914297094666],[98.85400829944354,3.5967112878291623],[98.84933244263817,3.594327534923806]]]}},{"type":"Feature","properties":{"code":"1207332004","desa":"Pasar Vi Kuala Namu","kecamatan":"Beringin","kecCode":"120733","kabCode":"1207","province":"Sumatera Utara"},"geometry":{"type":"Polygon","coordinates":[[[98.86800572818184,3.637589521728755],[98.86033327635964,3.629980197825715],[98.87513571524111,3.6179472032116227],[98.86822922320015,3.61097656433519],[98.87249323457519,3.6009199189480654],[98.85914344991033,3.6013136916021122],[98.858389316214,3.6057992284753158],[98.84782097365904,3.6171428360846414],[98.84663880223899,3.629128990409377],[98.85969932986022,3.638799257368246],[98.86800572818184,3.637589521728755]]]}},{"type":"Feature","properties":{"code":"1207332005","desa":"Eplasmen Kuala Namu","kecamatan":"Beringin","kecCode":"120733","kabCode":"1207","province":"Sumatera Utara"},"geometry":{"type":"Polygon","coordinates":[[[98.90862299685385,3.57769321482387],[98.87213462541268,3.577850470276661],[98.86579285455666,3.589199557455131],[98.87515268185086,3.5891446313612323],[98.87700914875323,3.5925140214429168],[98.90591694581047,3.5908190592919342],[98.90881543558396,3.588629582431421],[98.9069967950661,3.5848469493733943],[98.90862299685385,3.57769321482387]]]}},{"type":"Feature","properties":{"code":"1207332006","desa":"Pasar V Kebun Kelapa","kecamatan":"Beringin","kecCode":"120733","kabCode":"1207","province":"Sumatera Utara"},"geometry":{"type":"Polygon","coordinates":[[[98.86285803756844,3.5891791689250465],[98.85517332528877,3.601394819443807],[98.87712798876571,3.600776638060522],[98.87515268185086,3.5891446313612323],[98.86285803756844,3.5891791689250465]]]}},{"type":"Feature","properties":{"code":"1207332007","desa":"Beringin","kecamatan":"Beringin","kecCode":"120733","kabCode":"1207","province":"Sumatera Utara"},"geometry":{"type":"Polygon","coordinates":[[[98.87622588061991,3.6457356365714024],[98.86800572818184,3.637589521728755],[98.84993407110055,3.6414688768727173],[98.85176510427617,3.6454411697555087],[98.8583108395736,3.6472290255784627],[98.87622588061991,3.6457356365714024]]]}},{"type":"Feature","properties":{"code":"1207332008","desa":"Sidoarjo Ii Ramunia","kecamatan":"Beringin","kecCode":"120733","kabCode":"1207","province":"Sumatera Utara"},"geometry":{"type":"Polygon","coordinates":[[[98.89930815095045,3.6289840053065467],[98.93907095126343,3.6299242743837055],[98.9367313730545,3.6233737915721353],[98.93024136424764,3.6165412148174263],[98.91701595042582,3.6164856358157422],[98.87513571524111,3.6179472032116227],[98.86033327635964,3.629980197825715],[98.86746927988344,3.6370579045888918],[98.88222111211466,3.6247580730300837],[98.899181581265,3.6246995361581718],[98.89930815095045,3.6289840053065467]]]}},{"type":"Feature","properties":{"code":"1207332009","desa":"Karang Anyar","kecamatan":"Beringin","kecCode":"120733","kabCode":"1207","province":"Sumatera Utara"},"geometry":{"type":"Polygon","coordinates":[[[98.86899118189757,3.6082531267015616],[98.86822922320015,3.61097656433519],[98.87513571524111,3.6179472032116227],[98.93024136424764,3.6165412148174263],[98.9238175644291,3.612562516963118],[98.92020935757584,3.6048342918938636],[98.86899118189757,3.6082531267015616]]]}},{"type":"Feature","properties":{"code":"1207332010","desa":"Sidodadi Ramunia","kecamatan":"Beringin","kecCode":"120733","kabCode":"1207","province":"Sumatera Utara"},"geometry":{"type":"Polygon","coordinates":[[[98.91965420877476,3.597064302308845],[98.9096166901582,3.5911187592627765],[98.87874896459311,3.5916399928302827],[98.87700914875323,3.5925140214429168],[98.87712798876571,3.600776638060522],[98.87023171122456,3.602821982375544],[98.86899118189757,3.6082531267015616],[98.92020935757584,3.6048342918938636],[98.91965420877476,3.597064302308845]]]}},{"type":"Feature","properties":{"code":"1207332011","desa":"Tumpatan","kecamatan":"Beringin","kecCode":"120733","kabCode":"1207","province":"Sumatera Utara"},"geometry":{"type":"Polygon","coordinates":[[[98.85448890344018,3.58075809446106],[98.85593301409739,3.5876186626143842],[98.84933244263817,3.594327534923806],[98.85400829944354,3.5967112878291623],[98.85887993955758,3.592914297094666],[98.85959416763676,3.594362050903895],[98.86285803756844,3.5891791689250465],[98.86579285455666,3.589199557455131],[98.87213462541268,3.577850470276661],[98.8693547418279,3.578469128300643],[98.86282077955535,3.5742479912093166],[98.85448890344018,3.58075809446106]]]}}]}