{"type":"FeatureCollection","features":[{"type":"Feature","properties":{"code":"1208012001","desa":"Silampuyang","kecamatan":"Siantar","kecCode":"120801","kabCode":"1208","province":"Sumatera Utara"},"geometry":{"type":"Polygon","coordinates":[[[99.09821890158109,2.9140843437876605],[99.10259028301522,2.904295585753507],[99.09503217639389,2.9050284387914855],[99.08954499620465,2.900216208796299],[99.07919976106017,2.8988725083463582],[99.07099471723245,2.8936475551830143],[99.06493098797478,2.8941053856469874],[99.06197772409273,2.8917330271520147],[99.05871370577294,2.8972920721598734],[99.05145881097542,2.9009874439998127],[99.05144229222805,2.9062350807631456],[99.04626002987652,2.9072845194426202],[99.05064008796971,2.9091970824549467],[99.0523596465805,2.9135731430568814],[99.06479857539397,2.9180890608273926],[99.08024049430344,2.9287317233446495],[99.09821890158109,2.9140843437876605]]]}},{"type":"Feature","properties":{"code":"1208012002","desa":"Marihat Baris","kecamatan":"Siantar","kecCode":"120801","kabCode":"1208","province":"Sumatera Utara"},"geometry":{"type":"Polygon","coordinates":[[[99.12260244234892,2.9553518663209335],[99.10705790180077,2.9410456418837527],[99.10837286891285,2.93927808016214],[99.10292057882172,2.938380706048548],[99.09687222257509,2.94216323118791],[99.09233702243569,2.957142763651034],[99.09822845687785,2.9570045927113844],[99.11174717199447,2.965126728930156],[99.11394989766971,2.9612017035147895],[99.11661142687592,2.961934791275838],[99.11824141121222,2.9562966490954317],[99.12260244234892,2.9553518663209335]]]}},{"type":"Feature","properties":{"code":"1208012003","desa":"Dolok Marlawan","kecamatan":"Siantar","kecCode":"120801","kabCode":"1208","province":"Sumatera Utara"},"geometry":{"type":"Polygon","coordinates":[[[99.11123587593498,2.9650449176037115],[99.10228690931348,2.959395677789281],[99.10287282841834,2.96815343054785],[99.10594804306777,2.9708610194290297],[99.10554432840807,2.9771090881156708],[99.11820591856832,2.9881303814017293],[99.12504919636336,2.9867509400951073],[99.13357586923104,2.991941652470952],[99.1345229389825,2.990450163731349],[99.13145828507184,2.9878965127039403],[99.13511015131252,2.985717074975421],[99.1309556126115,2.9851460045774565],[99.12777470064196,2.9815113234857558],[99.12323723600969,2.98432787242727],[99.12058175744221,2.98208166183558],[99.11251969322933,2.972041345439002],[99.11123587593498,2.9650449176037115]]]}},{"type":"Feature","properties":{"code":"1208012004","desa":"Rambung Merah","kecamatan":"Siantar","kecCode":"120801","kabCode":"1208","province":"Sumatera Utara"},"geometry":{"type":"Polygon","coordinates":[[[99.095550670627,2.9772982551118843],[99.09654052742347,2.9751186689952993],[99.09067278292262,2.9726605754317394],[99.09122690739592,2.974399974883648],[99.08249676741195,2.975633606409176],[99.08472149500109,2.9778288659103973],[99.095550670627,2.9772982551118843]]]}},{"type":"Feature","properties":{"code":"1208012005","desa":"Silou Manik","kecamatan":"Siantar","kecCode":"120801","kabCode":"1208","province":"Sumatera Utara"},"geometry":{"type":"Polygon","coordinates":[[[99.10259028301522,2.904295585753507],[99.09821890158109,2.9140843437876605],[99.1016903925976,2.925271696889363],[99.11233372242339,2.925581026800724],[99.11621224479931,2.9235703819274974],[99.12147680141334,2.9252816110155693],[99.13003810267632,2.938435271514312],[99.13254367505061,2.947860316733709],[99.13468807429523,2.949667171634189],[99.14240231761295,2.9451211058907942],[99.1371997764486,2.9328413346097277],[99.12922898443013,2.9269876033514155],[99.1242419882772,2.9160730865717244],[99.12067087576037,2.912918884470433],[99.1137684567489,2.9120841877075208],[99.10709050582227,2.9044478041035835],[99.10259028301522,2.904295585753507]]]}},{"type":"Feature","properties":{"code":"1208012006","desa":"Sejahtera","kecamatan":"Siantar","kecCode":"120801","kabCode":"1208","province":"Sumatera Utara"},"geometry":{"type":"Polygon","coordinates":[[[99.1105940297907,2.9679335499050783],[99.12058175744221,2.98208166183558],[99.12323723600969,2.98432787242727],[99.12700818957636,2.983688222428145],[99.12934576589441,2.980376474392974],[99.12786284589367,2.9764112609734363],[99.12441262744085,2.9755784500888227],[99.12470774266824,2.9721847684194396],[99.1267493206247,2.96792077503545],[99.12999818267006,2.9676738724632123],[99.12918064227289,2.9654131081428745],[99.12115413185772,2.9639413631194946],[99.1105940297907,2.9679335499050783]]]}},{"type":"Feature","properties":{"code":"1208012007","desa":"Siantar Estate","kecamatan":"Siantar","kecCode":"120801","kabCode":"1208","province":"Sumatera Utara"},"geometry":{"type":"Polygon","coordinates":[[[99.10228690931348,2.959395677789281],[99.09718363531658,2.9630224205652844],[99.08361226039754,2.9556078907166983],[99.08002637831476,2.9596875005983674],[99.08560426862215,2.960221356150783],[99.0886638764368,2.9667626353003613],[99.10325116241124,2.9675823601498834],[99.10228690931348,2.959395677789281]]]}},{"type":"Feature","properties":{"code":"1208012008","desa":"Karang Bangun","kecamatan":"Siantar","kecCode":"120801","kabCode":"1208","province":"Sumatera Utara"},"geometry":{"type":"Polygon","coordinates":[[[99.11609951388151,2.9866534041226704],[99.10980356258443,2.9839137508132962],[99.10807899834714,2.9804259442999865],[99.09912937971717,2.977460057537013],[99.095550670627,2.9772982551118843],[99.09358861522247,2.980601944322213],[99.09543348087048,2.9896164760077357],[99.10861850164257,3.0021981434041067],[99.11069339138697,2.9997796595807924],[99.11311092462955,3.0009503547509193],[99.11900651843614,2.994119867121456],[99.11609951388151,2.9866534041226704]]]}},{"type":"Feature","properties":{"code":"1208012009","desa":"Nusa Harapan","kecamatan":"Siantar","kecCode":"120801","kabCode":"1208","province":"Sumatera Utara"},"geometry":{"type":"Polygon","coordinates":[[[99.13525830202904,2.974407548973858],[99.13532016729191,2.969244117532253],[99.13269800141171,2.969463028705861],[99.13167799484364,2.970162434158271],[99.13525830202904,2.974407548973858]]]}},{"type":"Feature","properties":{"code":"1208012010","desa":"Sitalasari","kecamatan":"Siantar","kecCode":"120801","kabCode":"1208","province":"Sumatera Utara"},"geometry":{"type":"Polygon","coordinates":[[[99.12999818267006,2.9676738724632123],[99.1267493206247,2.96792077503545],[99.1250253382488,2.973145450308309],[99.13398615883419,2.9740166820293665],[99.12999818267006,2.9676738724632123]]]}},{"type":"Feature","properties":{"code":"1208012011","desa":"Lestari Indah","kecamatan":"Siantar","kecCode":"120801","kabCode":"1208","province":"Sumatera Utara"},"geometry":{"type":"Polygon","coordinates":[[[99.12918064227289,2.9654131081428745],[99.13167799484364,2.970162434158271],[99.13532016729191,2.969244117532253],[99.1353160825712,2.9640308780385625],[99.12918064227289,2.9654131081428745]]]}},{"type":"Feature","properties":{"code":"1208012012","desa":"Laras Dua","kecamatan":"Siantar","kecCode":"120801","kabCode":"1208","province":"Sumatera Utara"},"geometry":{"type":"Polygon","coordinates":[[[99.12777470064196,2.9815113234857558],[99.1309556126115,2.9851460045774565],[99.13511015131252,2.985717074975421],[99.13145828507184,2.9878965127039403],[99.1345229389825,2.990450163731349],[99.13284740308522,2.993096211105629],[99.13865948224935,2.9944359032772674],[99.1400034120279,2.99944902383087],[99.14568617857434,2.9967807038467873],[99.14534360522327,2.9931969405706353],[99.14100108932888,2.9910911177474735],[99.14058292885915,2.9933830049058687],[99.138703888074,2.9929695065220496],[99.13747208127158,2.989759978128504],[99.14197108639654,2.9875028605589895],[99.14573977367165,2.9888330819701556],[99.14582502040844,2.9796233749178254],[99.13525188536629,2.9802432236441945],[99.13525830202904,2.974407548973858],[99.12958042869387,2.974868647574181],[99.12551907684399,2.9724316116363854],[99.12441262744085,2.9755784500888227],[99.12786284589367,2.9764112609734363],[99.12934576589441,2.980376474392974],[99.12777470064196,2.9815113234857558]]]}},{"type":"Feature","properties":{"code":"1208012013","desa":"Dolok Hataran","kecamatan":"Siantar","kecCode":"120801","kabCode":"1208","province":"Sumatera Utara"},"geometry":{"type":"Polygon","coordinates":[[[99.14240231761295,2.9451211058907942],[99.13468807429523,2.949667171634189],[99.14060559357337,2.9565097371587656],[99.13983354807982,2.9584684075129775],[99.13540966332532,2.9602258509622903],[99.12581090864659,2.9586101667476155],[99.1237364838517,2.963689204909182],[99.12918064227289,2.9654131081428745],[99.13916958940507,2.9640097979298266],[99.1504327679579,2.9706437351290114],[99.15443827370738,2.9673246819009216],[99.15350274675444,2.961944972500678],[99.14898323438882,2.959309886962774],[99.15217011965535,2.9491981059399146],[99.14240231761295,2.9451211058907942]]]}},{"type":"Feature","properties":{"code":"1208012014","desa":"Pantoan Maju","kecamatan":"Siantar","kecCode":"120801","kabCode":"1208","province":"Sumatera Utara"},"geometry":{"type":"Polygon","coordinates":[[[99.12260244234892,2.9553518663209335],[99.11824141121222,2.9562966490954317],[99.11661142687592,2.961934791275838],[99.1129904100794,2.9620352644340007],[99.1105940297907,2.9679335499050783],[99.1237364838517,2.963689204909182],[99.12547416200306,2.959290502076142],[99.12260244234892,2.9553518663209335]]]}},{"type":"Feature","properties":{"code":"1208012015","desa":"Pematang Simalungun","kecamatan":"Siantar","kecCode":"120801","kabCode":"1208","province":"Sumatera Utara"},"geometry":{"type":"Polygon","coordinates":[[[99.11235910398948,2.984156456249531],[99.11159529628594,2.9805801258700546],[99.10459254261178,2.9756100270844947],[99.10594804306777,2.9708610194290297],[99.10325116241124,2.9675823601498834],[99.08827740897532,2.9668287939266413],[99.09067278292262,2.9726605754317394],[99.09654052742347,2.9751186689952993],[99.095550670627,2.9772982551118843],[99.10807899834714,2.9804259442999865],[99.10968934868451,2.9838209515701544],[99.11235910398948,2.984156456249531]]]}},{"type":"Feature","properties":{"code":"1208012016","desa":"Silau Malaha","kecamatan":"Siantar","kecCode":"120801","kabCode":"1208","province":"Sumatera Utara"},"geometry":{"type":"Polygon","coordinates":[[[99.09821890158109,2.9140843437876605],[99.09152286708672,2.9214671473531664],[99.07999514126283,2.928910626378401],[99.09061690804394,2.9337228257966603],[99.10143159199441,2.934460119686862],[99.10302217343462,2.9384873035899237],[99.10837286891285,2.93927808016214],[99.10705790180077,2.9410456418837527],[99.12167055944883,2.953335977500921],[99.12504751642977,2.9592642409730994],[99.13540966332532,2.9602258509622903],[99.13983354807982,2.9584684075129775],[99.14060559357337,2.9565097371587656],[99.1322771753514,2.9474700847106097],[99.13003810267632,2.938435271514312],[99.12147680141334,2.9252816110155693],[99.11621224479931,2.9235703819274974],[99.10234712432037,2.9256571697003073],[99.09821890158109,2.9140843437876605]]]}},{"type":"Feature","properties":{"code":"1208012017","desa":"Pematang Silampuyang","kecamatan":"Siantar","kecCode":"120801","kabCode":"1208","province":"Sumatera Utara"},"geometry":{"type":"Polygon","coordinates":[[[99.03960379757721,2.9086960431639812],[99.05144229222805,2.9062350807631456],[99.05145881097542,2.9009874439998127],[99.05871370577294,2.8972920721598734],[99.0649286020734,2.8889225989963214],[99.0524411908084,2.881639068893414],[99.04532184272891,2.8820768885426133],[99.04275926143082,2.8766513308051995],[99.02679634007909,2.8663885895838668],[99.02499242056382,2.8672086291960595],[99.0222664998991,2.869772928196495],[99.02100068883078,2.8811569468416605],[99.02301241379195,2.886532728003195],[99.03960379757721,2.9086960431639812]]]}},{"type":"Feature","properties":{"code":"1208022001","desa":"Dolok Malela","kecamatan":"Gunung Malela","kecCode":"120802","kabCode":"1208","province":"Sumatera Utara"},"geometry":{"type":"Polygon","coordinates":[[[99.17625868369134,3.0215782564847933],[99.17515223428823,3.017616455093145],[99.16845405131346,3.011358471380913],[99.15658529987176,3.0154582827336465],[99.15932108609928,3.0243324824086635],[99.16323291936378,3.0277874600699803],[99.16972668463882,3.0296583889681847],[99.17042884561477,3.0243154096789278],[99.17422329307054,3.0243534806790473],[99.17625868369134,3.0215782564847933]]]}},{"type":"Feature","properties":{"code":"1208022002","desa":"Senio","kecamatan":"Gunung Malela","kecCode":"120802","kabCode":"1208","province":"Sumatera Utara"},"geometry":{"type":"Polygon","coordinates":[[[99.1353160825712,2.9640308780385625],[99.13525188536629,2.9802432236441945],[99.14582502040844,2.9796233749178254],[99.16614276307807,2.9832210579005793],[99.18152597784166,2.990109596768111],[99.18270381093218,2.9925009552399473],[99.18286829423647,2.9780389259563704],[99.18037312881688,2.9789720436246454],[99.1791233589559,2.976741814885018],[99.17297184057803,2.975584411694636],[99.16714076773229,2.969888361268437],[99.15981476443989,2.9712677827900524],[99.15443827370738,2.9673246819009216],[99.1504327679579,2.9706437351290114],[99.13709945797363,2.96361004748213],[99.1353160825712,2.9640308780385625]]]}},{"type":"Feature","properties":{"code":"1208022003","desa":"Pematang Asilum","kecamatan":"Gunung Malela","kecCode":"120802","kabCode":"1208","province":"Sumatera Utara"},"geometry":{"type":"Polygon","coordinates":[[[99.22026756829369,3.002914180918417],[99.22184397282116,2.998726984241216],[99.20793745924641,2.993554214239493],[99.20633132403145,2.9949818906840346],[99.20633132403145,3.0027984210841008],[99.21498040542144,3.0046511863749714],[99.22026756829369,3.002914180918417]]]}},{"type":"Feature","properties":{"code":"1208022004","desa":"Serapuh","kecamatan":"Gunung Malela","kecCode":"120802","kabCode":"1208","province":"Sumatera Utara"},"geometry":{"type":"Polygon","coordinates":[[[99.14583049098445,2.9801539884142816],[99.14573977367165,2.9888330819701556],[99.13848612803247,2.9884286685376846],[99.138703888074,2.9929695065220496],[99.14571925384053,2.9911635788225737],[99.15366248973218,2.99738170548104],[99.16202332041996,2.992372345892197],[99.16183296362044,2.998482802118177],[99.174561296067,2.9984667411257475],[99.17752729255055,3.004370182410142],[99.20380210488325,3.0038945579601624],[99.19680211842308,3.0006387117833424],[99.19605258655768,2.9966055258049034],[99.18513086080064,2.9941784759390924],[99.18152597784166,2.990109596768111],[99.16614276307807,2.9832210579005793],[99.14583049098445,2.9801539884142816]]]}},{"type":"Feature","properties":{"code":"1208022005","desa":"Margo Mulyo","kecamatan":"Gunung Malela","kecCode":"120802","kabCode":"1208","province":"Sumatera Utara"},"geometry":{"type":"Polygon","coordinates":[[[99.17694551482373,3.0034207780196467],[99.174561296067,2.9984667411257475],[99.16426953191342,2.998482802118177],[99.16437006442696,3.0034493314945734],[99.17694551482373,3.0034207780196467]]]}},{"type":"Feature","properties":{"code":"1208022006","desa":"Silulu","kecamatan":"Gunung Malela","kecCode":"120802","kabCode":"1208","province":"Sumatera Utara"},"geometry":{"type":"Polygon","coordinates":[[[99.14153646833341,2.991174398566084],[99.14563946239132,2.9937032597813182],[99.14738987224484,3.0048899069152495],[99.15276745475425,3.0047661745910474],[99.15658529987176,3.0154582827336465],[99.16845405131346,3.011358471380913],[99.17190284344156,3.0034653924870165],[99.16437006442696,3.0034493314945734],[99.16202332041996,2.992372345892197],[99.15366248973218,2.99738170548104],[99.14571925384053,2.9911635788225737],[99.14153646833341,2.991174398566084]]]}},{"type":"Feature","properties":{"code":"1208022007","desa":"Silau Malela","kecamatan":"Gunung Malela","kecCode":"120802","kabCode":"1208","province":"Sumatera Utara"},"geometry":{"type":"Polygon","coordinates":[[[99.14568617857434,2.9967807038467873],[99.13105963269594,3.0060106330546446],[99.13695450884359,3.0118353944519614],[99.13788287899172,3.016393346534812],[99.15322668456389,3.02367108770177],[99.15923304606825,3.0240767754736178],[99.15276745475425,3.0047661745910474],[99.14738987224484,3.0048899069152495],[99.14568617857434,2.9967807038467873]]]}},{"type":"Feature","properties":{"code":"1208022008","desa":"Bandar Siantar","kecamatan":"Gunung Malela","kecCode":"120802","kabCode":"1208","province":"Sumatera Utara"},"geometry":{"type":"Polygon","coordinates":[[[99.17625868369134,3.0215782564847933],[99.17422329307054,3.0243534806790473],[99.17042884561477,3.0243154096789278],[99.16972668463882,3.0296583889681847],[99.18457826967148,3.0342739642118066],[99.19195662699677,3.0267280344191185],[99.18737207206351,3.0218968700976188],[99.18736398356104,3.0236390574478267],[99.17950700434481,3.0246812619807564],[99.17625868369134,3.0215782564847933]]]}},{"type":"Feature","properties":{"code":"1208022009","desa":"Pamatang Gajing","kecamatan":"Gunung Malela","kecCode":"120802","kabCode":"1208","province":"Sumatera Utara"},"geometry":{"type":"Polygon","coordinates":[[[99.16845405131346,3.011358471380913],[99.17950700434481,3.0246812619807564],[99.18736398356104,3.0236390574478267],[99.18742585062256,3.015182453467909],[99.18283008024406,3.015100986581773],[99.18153565364753,3.0128167040906013],[99.20174068878178,3.004750896908081],[99.17190284344156,3.0034653924870165],[99.16845405131346,3.011358471380913]]]}},{"type":"Feature","properties":{"code":"1208022010","desa":"Bangun","kecamatan":"Gunung Malela","kecCode":"120802","kabCode":"1208","province":"Sumatera Utara"},"geometry":{"type":"Polygon","coordinates":[[[99.18286829423647,2.9780389259563704],[99.18270381093218,2.9925009552399473],[99.19605258655768,2.9966055258049034],[99.19840825363804,3.0017808525792335],[99.20633132403145,3.0027984210841008],[99.20793745924641,2.993554214239493],[99.20379193265164,2.9895336088771987],[99.20288024762539,2.985076543640715],[99.19406424307044,2.9791579442832257],[99.19025553596428,2.979057446843366],[99.18889924230626,2.981270345647143],[99.18568770842107,2.9767111021378234],[99.18286829423647,2.9780389259563704]]]}},{"type":"Feature","properties":{"code":"1208022011","desa":"Nagori Malela","kecamatan":"Gunung Malela","kecCode":"120802","kabCode":"1208","province":"Sumatera Utara"},"geometry":{"type":"Polygon","coordinates":[[[99.19561158780458,3.0696912790306152],[99.2047075099437,3.0589046224633596],[99.20400621771283,3.048871299194991],[99.19832812584242,3.044722491877896],[99.18286014458005,3.0545235517382636],[99.18698776297491,3.0619116307269265],[99.19561158780458,3.0696912790306152]]]}},{"type":"Feature","properties":{"code":"1208022012","desa":"Bukit Maraja","kecamatan":"Gunung Malela","kecCode":"120802","kabCode":"1208","province":"Sumatera Utara"},"geometry":{"type":"Polygon","coordinates":[[[99.22026756829369,3.002914180918417],[99.21498040542144,3.0046511863749714],[99.20633132403145,3.0027984210841008],[99.18153565364753,3.0128167040906013],[99.18283008024406,3.015100986581773],[99.18742585062256,3.015182453467909],[99.18737207206351,3.0218968700976188],[99.19195662699677,3.0267280344191185],[99.18456737708283,3.03402782606328],[99.18584617076424,3.038039993086864],[99.19146169859857,3.042856021818352],[99.20263564731732,3.0469867653528238],[99.20450114521172,3.0504131895392623],[99.20332355044157,3.0600143714778714],[99.2077533824127,3.0600143714778714],[99.20790550543477,3.056487091022025],[99.21314651869692,3.0559111723789676],[99.21314524076028,3.052959904995058],[99.24440540798325,3.0425741697928275],[99.23391305184595,3.031386057663276],[99.24111092243119,3.024366647653132],[99.22433998540207,3.005938514621187],[99.22594108891019,3.0044266130698327],[99.22026756829369,3.002914180918417]]]}},{"type":"Feature","properties":{"code":"1208022013","desa":"Pamatang Syahkuda","kecamatan":"Gunung Malela","kecCode":"120802","kabCode":"1208","province":"Sumatera Utara"},"geometry":{"type":"Polygon","coordinates":[[[99.22235499009076,2.999645570663832],[99.22026756829369,3.002914180918417],[99.22594108891019,3.0044266130698327],[99.22433998540207,3.005938514621187],[99.2316912497514,3.0139831553600485],[99.23700934480547,3.007879837952483],[99.23080527274522,3.0015533519808137],[99.22235499009076,2.999645570663832]]]}},{"type":"Feature","properties":{"code":"1208022014","desa":"Marihat Bukit","kecamatan":"Gunung Malela","kecCode":"120802","kabCode":"1208","province":"Sumatera Utara"},"geometry":{"type":"Polygon","coordinates":[[[99.2316912497514,3.0139831553600485],[99.23894511572455,3.0222409956781666],[99.25640798034408,3.008284665073146],[99.24850817001607,3.003506705543128],[99.24440003093673,3.006704701930117],[99.2412472443649,3.0046524166475383],[99.2316912497514,3.0139831553600485]]]}},{"type":"Feature","properties":{"code":"1208022015","desa":"Syahkuda Bayu","kecamatan":"Gunung Malela","kecCode":"120802","kabCode":"1208","province":"Sumatera Utara"},"geometry":{"type":"Polygon","coordinates":[[[99.23894511572455,3.0222409956781666],[99.24111092243119,3.024366647653132],[99.23391305184595,3.031386057663276],[99.24440540798325,3.0425741697928275],[99.266799365998,3.036055444740779],[99.26901226480425,3.0371024066873704],[99.26725146238515,3.0414568206077184],[99.26925021102846,3.046786813686696],[99.2822656259579,3.0492374221927663],[99.27894151673767,3.0429500864076693],[99.28168979364908,3.04009473351852],[99.27797783470936,3.0304936073378963],[99.26202865140118,3.02665032220256],[99.25751591182991,3.0175654725264085],[99.25878045125688,3.0151528271017205],[99.25168982122834,3.0113616693700838],[99.25476891735174,3.009340046472716],[99.25178230840685,3.010378589865686],[99.23894511572455,3.0222409956781666]]]}},{"type":"Feature","properties":{"code":"1208022016","desa":"Lingga","kecamatan":"Gunung Malela","kecCode":"120802","kabCode":"1208","province":"Sumatera Utara"},"geometry":{"type":"Polygon","coordinates":[[[99.18457826967148,3.0342739642118066],[99.16516504173335,3.0277755629386176],[99.16418470336146,3.027625656745591],[99.16339726507181,3.0277949298389215],[99.16500240743521,3.0291231727415413],[99.16333166582375,3.0318010660087507],[99.16601845878488,3.033013067040484],[99.17171314404641,3.0450678126574178],[99.17763516083409,3.043057385420189],[99.18288547308617,3.054511820981544],[99.19832812584242,3.044722491877896],[99.1891203100543,3.041180880725291],[99.18457826967148,3.0342739642118066]]]}},{"type":"Feature","properties":{"code":"1208032001","desa":"Silau Bayu","kecamatan":"Gunung Maligas","kecCode":"120803","kabCode":"1208","province":"Sumatera Utara"},"geometry":{"type":"Polygon","coordinates":[[[99.14903345433048,3.051826010982286],[99.12998198228273,3.023081506558118],[99.12379538494912,3.0197621583524152],[99.12365499628112,3.0168155926241482],[99.1198995812008,3.01387993297434],[99.11299687440629,3.0182369045665993],[99.11514706978153,3.025187109047402],[99.11920365072797,3.0243672412056855],[99.12286900679929,3.026918955992692],[99.12021608140708,3.0279229339428677],[99.124503072259,3.0309472343706823],[99.12978095592642,3.0473362760738194],[99.13583115488393,3.0553558536066183],[99.14012927574555,3.0577377440159705],[99.14903345433048,3.051826010982286]]]}},{"type":"Feature","properties":{"code":"1208032002","desa":"Karang Anyer","kecamatan":"Gunung Maligas","kecCode":"120803","kabCode":"1208","province":"Sumatera Utara"},"geometry":{"type":"Polygon","coordinates":[[[99.13451284768983,2.9945534266821094],[99.12504919636336,2.9867509400951073],[99.11837724031744,2.9882160418265786],[99.11690765456466,2.9855861426788937],[99.11900651843614,2.994119867121456],[99.11524413720726,2.997500883638448],[99.12471445340935,3.0104898539890814],[99.1287993558057,3.009988534109606],[99.13721128057618,3.014163690663304],[99.13099538692761,3.005810757830813],[99.13653215483515,3.0037645609585355],[99.13969692667189,2.9982240060119127],[99.13865948224935,2.9944359032772674],[99.13451284768983,2.9945534266821094]]]}},{"type":"Feature","properties":{"code":"1208032003","desa":"Karang Rejo","kecamatan":"Gunung Maligas","kecCode":"120803","kabCode":"1208","province":"Sumatera Utara"},"geometry":{"type":"Polygon","coordinates":[[[99.11524413720726,2.997500883638448],[99.11311092462955,3.0009503547509193],[99.11023653578756,3.000046159279676],[99.10966667857438,3.0048902936237187],[99.10266323062363,3.01421151481101],[99.09949193330611,3.014784705810412],[99.10202792075198,3.0196869597409326],[99.10334001093281,3.0174111812390603],[99.10780259621286,3.020049094245448],[99.11075480608952,3.0176147787568364],[99.11547151459877,3.017906159998759],[99.12670016458098,3.0109384475163474],[99.11524413720726,2.997500883638448]]]}},{"type":"Feature","properties":{"code":"1208032004","desa":"Karang Sari","kecamatan":"Gunung Maligas","kecCode":"120803","kabCode":"1208","province":"Sumatera Utara"},"geometry":{"type":"Polygon","coordinates":[[[99.10921007388582,3.001795331664167],[99.0957721547612,2.98997433603454],[99.09197634303386,2.9941486643126938],[99.09496196092584,2.999337989933921],[99.09229406541884,3.00393998901188],[99.09311667259641,3.0079882242453837],[99.09949193330611,3.014784705810412],[99.10266323062363,3.01421151481101],[99.10966667857438,3.0048902936237187],[99.10921007388582,3.001795331664167]]]}},{"type":"Feature","properties":{"code":"1208032005","desa":"Tumorang","kecamatan":"Gunung Maligas","kecCode":"120803","kabCode":"1208","province":"Sumatera Utara"},"geometry":{"type":"Polygon","coordinates":[[[99.16019447259693,3.043601635336804],[99.13958154275404,3.058370772306872],[99.14361356141677,3.064401510828117],[99.14764401256122,3.0656512671979397],[99.14712809758366,3.0701349235886757],[99.16443364469698,3.061547771322729],[99.1692693434055,3.0457253474740664],[99.16019447259693,3.043601635336804]]]}},{"type":"Feature","properties":{"code":"1208032006","desa":"Rabuhit","kecamatan":"Gunung Maligas","kecCode":"120803","kabCode":"1208","province":"Sumatera Utara"},"geometry":{"type":"Polygon","coordinates":[[[99.16639498783847,3.0588957560472974],[99.15979369602229,3.0647600435478233],[99.14712809758366,3.0701349235886757],[99.15136461398582,3.073607347198385],[99.15486520436576,3.0732330025984487],[99.15659330383795,3.0859924461780657],[99.16122951493024,3.09542038541586],[99.16490538227765,3.097173448267558],[99.1677250482724,3.0945139047673083],[99.17757383426509,3.094449686878027],[99.16516398143267,3.0681065575745934],[99.16639498783847,3.0588957560472974]]]}},{"type":"Feature","properties":{"code":"1208032007","desa":"Hutadipar","kecamatan":"Gunung Maligas","kecCode":"120803","kabCode":"1208","province":"Sumatera Utara"},"geometry":{"type":"Polygon","coordinates":[[[99.16500240743521,3.0291231727415413],[99.15728502098699,3.0228342046869314],[99.15322668456389,3.02367108770177],[99.14691432693468,3.01979105267038],[99.14262445555424,3.0285155017349954],[99.14709784259144,3.034359457362662],[99.14637448639348,3.037481310850073],[99.13982819261706,3.03715046645745],[99.14903345433048,3.051826010982286],[99.16019447259693,3.043601635336804],[99.16805936494778,3.045122906025276],[99.18288547308617,3.054511820981544],[99.17763516083409,3.043057385420189],[99.17171314404641,3.0450678126574178],[99.1702521549131,3.0434081390042094],[99.16601845878488,3.033013067040484],[99.16335704559123,3.0318663441987397],[99.16500240743521,3.0291231727415413]]]}},{"type":"Feature","properties":{"code":"1208032008","desa":"Ganjing","kecamatan":"Gunung Maligas","kecCode":"120803","kabCode":"1208","province":"Sumatera Utara"},"geometry":{"type":"Polygon","coordinates":[[[99.19561158780458,3.0696912790306152],[99.18698776297491,3.0619116307269265],[99.18426089982073,3.055572746701489],[99.1692693434055,3.0457253474740664],[99.16516398143267,3.0681065575745934],[99.17388089778524,3.0836563357574707],[99.19569162836603,3.083738761320841],[99.19561158780458,3.0696912790306152]]]}},{"type":"Feature","properties":{"code":"1208032009","desa":"Bandar Malela","kecamatan":"Gunung Maligas","kecCode":"120803","kabCode":"1208","province":"Sumatera Utara"},"geometry":{"type":"Polygon","coordinates":[[[99.14691432693468,3.01979105267038],[99.14112638737292,3.0184426208871176],[99.13548916339424,3.0127500868101365],[99.12859742922801,3.0099426515981795],[99.12199889203532,3.015311775078636],[99.13982819261706,3.03715046645745],[99.14637448639348,3.037481310850073],[99.14709784259144,3.034359457362662],[99.14262445555424,3.0285155017349954],[99.14691432693468,3.01979105267038]]]}},{"type":"Feature","properties":{"code":"1208041011","desa":"Panei Tongah","kecamatan":"Panei","kecCode":"120804","kabCode":"1208","province":"Sumatera Utara"},"geometry":{"type":"Polygon","coordinates":[[[98.99234578473022,2.911636471918536],[99.00116729943134,2.8994732707609665],[98.99042464757946,2.8930473008853417],[98.96644358220561,2.8887213325213157],[98.96508728944688,2.895671738450259],[98.96040017942482,2.895242073853307],[98.96073824087716,2.901404062131783],[98.96781819595303,2.908129009822607],[98.96210371481463,2.910468293051445],[98.96229851966103,2.9163161598307203],[98.96548871533201,2.916628609490183],[98.96607271438432,2.912867844347109],[98.96906980492764,2.9157601072115544],[98.97125890857181,2.913035623666497],[98.97317437459775,2.9144442650606175],[98.97852578233903,2.9113063505808414],[98.99234578473022,2.911636471918536]]]}},{"type":"Feature","properties":{"code":"1208042001","desa":"Janggir Leto","kecamatan":"Panei","kecCode":"120804","kabCode":"1208","province":"Sumatera Utara"},"geometry":{"type":"Polygon","coordinates":[[[99.00116729943134,2.8994732707609665],[98.99583407508253,2.906553942588792],[99.0020827975831,2.9071201404599014],[99.00767325411742,2.9112805229510474],[99.00635808375864,2.916766508834644],[99.0054541877606,2.919050037693956],[98.99471592639894,2.9215401255385083],[98.99411909941698,2.9248864030435495],[99.01159116589963,2.927479160190719],[99.00922550465339,2.9163006762030874],[99.01177818441573,2.9152109829694752],[99.01340391495874,2.9088233556892265],[99.0179097567299,2.909878907060706],[99.01917147858092,2.9067260449492607],[99.01675281039394,2.9070443761748828],[99.01746510043408,2.904118286211007],[99.00116729943134,2.8994732707609665]]]}},{"type":"Feature","properties":{"code":"1208042002","desa":"Simpang Pane Raya","kecamatan":"Panei","kecCode":"120804","kabCode":"1208","province":"Sumatera Utara"},"geometry":{"type":"Polygon","coordinates":[[[98.96040017942482,2.895242073853307],[98.96528716377168,2.8952910248515638],[98.96719043499064,2.8779800782275324],[98.96427067535143,2.8709420108822408],[98.96091407362564,2.8728481608290393],[98.95412854939309,2.868751240796665],[98.95366764684451,2.859123479395062],[98.94670379784208,2.8492596828288668],[98.94630877692856,2.8557549166897407],[98.9338879892394,2.865577331851358],[98.93589468159432,2.873443925711019],[98.93309386808761,2.8748787184909452],[98.94503101836688,2.881269640887152],[98.95271612275091,2.8822010552393937],[98.9475088043879,2.8851072818773127],[98.94699130930154,2.8881128071587523],[98.9596793692076,2.891778230675271],[98.96040017942482,2.895242073853307]]]}},{"type":"Feature","properties":{"code":"1208042003","desa":"Siborna","kecamatan":"Panei","kecCode":"120804","kabCode":"1208","province":"Sumatera Utara"},"geometry":{"type":"Polygon","coordinates":[[[98.98325833240618,2.886504745597736],[98.99747121082777,2.89805713981279],[99.00216327521501,2.890851467616585],[99.00222825303148,2.885196123204157],[98.99927703240917,2.8895002632234936],[98.99046739505428,2.8825555077349896],[98.9892776648324,2.886957511080021],[98.98325833240618,2.886504745597736]]]}},{"type":"Feature","properties":{"code":"1208042004","desa":"Sipoldas","kecamatan":"Panei","kecCode":"120804","kabCode":"1208","province":"Sumatera Utara"},"geometry":{"type":"Polygon","coordinates":[[[98.93345274434877,2.918329083585943],[98.93533903456886,2.91428005784841],[98.93329134571913,2.914182662170238],[98.92931859777514,2.9001100537213884],[98.93085741783563,2.899057801962559],[98.92639149427207,2.898213307085922],[98.92576331692362,2.8957434270077234],[98.91948240319037,2.898761479845292],[98.91480504181929,2.8940814196137934],[98.91473291619121,2.9006468131847254],[98.91092491685151,2.904452052500917],[98.9098144016134,2.9100467313462057],[98.91455145458603,2.916617734888061],[98.9219121744074,2.923918049937576],[98.92845064138406,2.9164723675733457],[98.93345274434877,2.918329083585943]]]}},{"type":"Feature","properties":{"code":"1208042005","desa":"Bangun Rakyat","kecamatan":"Panei","kecCode":"120804","kabCode":"1208","province":"Sumatera Utara"},"geometry":{"type":"Polygon","coordinates":[[[98.9098144016134,2.9100467313462057],[98.91092491685151,2.904452052500917],[98.90578699827142,2.9027144588877536],[98.89830663174568,2.905235387183222],[98.88732652559871,2.905107000867408],[98.89638188471626,2.9067326531676274],[98.90360847065442,2.913024167202936],[98.9098144016134,2.9100467313462057]]]}},{"type":"Feature","properties":{"code":"1208042006","desa":"Sigodang","kecamatan":"Panei","kecCode":"120804","kabCode":"1208","province":"Sumatera Utara"},"geometry":{"type":"Polygon","coordinates":[[[98.9219121744074,2.923918049937576],[98.91681947823638,2.918236769077319],[98.9006712218994,2.924007299556672],[98.89795326203347,2.9327835450744426],[98.9257192285596,2.9347254520657677],[98.92211563882576,2.9340554004848642],[98.9219121744074,2.923918049937576]]]}},{"type":"Feature","properties":{"code":"1208042007","desa":"Sigodang Barat","kecamatan":"Panei","kecCode":"120804","kabCode":"1208","province":"Sumatera Utara"},"geometry":{"type":"Polygon","coordinates":[[[98.89795326203347,2.9327835450744426],[98.9006712218994,2.924007299556672],[98.89240043133492,2.9175077390574162],[98.8876844818534,2.916914947334082],[98.8846950265543,2.919378193113571],[98.87492278905552,2.914500544634175],[98.86973052444421,2.9173289313517716],[98.86551244324471,2.9160189078144803],[98.86048676994851,2.9058495926637633],[98.85232374334612,2.9247673426972827],[98.84451041632268,2.922857049573883],[98.83899894274708,2.925251662692168],[98.83407093132847,2.924080176118578],[98.830249556372,2.9271525839805688],[98.82838648844573,2.9363066454813964],[98.83098903381692,2.9461197931293652],[98.8382360280703,2.9433952367391525],[98.8450721463625,2.944564800562211],[98.85059972140009,2.9364326009297397],[98.86657056757768,2.9273350878997815],[98.87451601760016,2.932096995430614],[98.8765785173847,2.930156868197677],[98.88971012742053,2.9341363259790776],[98.89795326203347,2.9327835450744426]]]}},{"type":"Feature","properties":{"code":"1208042008","desa":"Bah Bolon Tonga","kecamatan":"Panei","kecCode":"120804","kabCode":"1208","province":"Sumatera Utara"},"geometry":{"type":"Polygon","coordinates":[[[98.99234578473022,2.911636471918536],[98.97852578233903,2.9113063505808414],[98.97317437459775,2.9144442650606175],[98.97125890857181,2.913035623666497],[98.96906980492764,2.9157601072115544],[98.96607271438432,2.912867844347109],[98.96548871533201,2.916628609490183],[98.96229851966103,2.9163161598307203],[98.96213342481775,2.9247465854451775],[98.96800351924708,2.9215187513514205],[98.97150742003144,2.931820024025806],[98.9854273820681,2.9227189640697615],[98.99347046339123,2.925185092176419],[98.99471592639894,2.9215401255385083],[98.99065517799414,2.9173781107778174],[98.99234578473022,2.911636471918536]]]}},{"type":"Feature","properties":{"code":"1208042009","desa":"Mekar Sari Raya","kecamatan":"Panei","kecCode":"120804","kabCode":"1208","province":"Sumatera Utara"},"geometry":{"type":"Polygon","coordinates":[[[98.96210371481463,2.910468293051445],[98.96781819595303,2.908129009822607],[98.96073824087716,2.901404062131783],[98.9596793692076,2.891778230675271],[98.94676173126895,2.8877231677888737],[98.95271612275091,2.8822010552393937],[98.94503101836688,2.881269640887152],[98.93311863181947,2.874895528618628],[98.92671628083173,2.879986373979309],[98.92665839866623,2.8865065280540607],[98.92075250672286,2.8849908835243685],[98.9147213158361,2.8906249247962035],[98.91480504181929,2.8940814196137934],[98.91948240319037,2.898761479845292],[98.92576331692362,2.8957434270077234],[98.92639149427207,2.898213307085922],[98.93085741783563,2.899057801962559],[98.92931859777514,2.9001100537213884],[98.9335058304298,2.910243788994077],[98.95284529057778,2.9081613233630432],[98.96210371481463,2.910468293051445]]]}},{"type":"Feature","properties":{"code":"1208042010","desa":"Simantin Pane Dame","kecamatan":"Panei","kecCode":"120804","kabCode":"1208","province":"Sumatera Utara"},"geometry":{"type":"Polygon","coordinates":[[[98.91092491685151,2.904452052500917],[98.91473291619121,2.9006468131847254],[98.91642591872123,2.8880414126795624],[98.90542353726647,2.8876733570387616],[98.89673898661499,2.879594266869637],[98.88254971000116,2.8762785762067087],[98.87306634193817,2.871211958581905],[98.86513207318671,2.87892214504941],[98.87609865442941,2.889810294606029],[98.87021754960028,2.9007220360778234],[98.86230805177524,2.905315105787266],[98.86551244324471,2.9160189078144803],[98.86957253784242,2.917350372088633],[98.87558028520203,2.9148182868038823],[98.87812817967182,2.901897503050794],[98.88732652559871,2.905107000867408],[98.89830663174568,2.905235387183222],[98.90578699827142,2.9027144588877536],[98.91092491685151,2.904452052500917]]]}},{"type":"Feature","properties":{"code":"1208042012","desa":"Simpang Raya Dasma","kecamatan":"Panei","kecCode":"120804","kabCode":"1208","province":"Sumatera Utara"},"geometry":{"type":"Polygon","coordinates":[[[98.9335058304298,2.910243788994077],[98.93329134571913,2.914182662170238],[98.93533903456886,2.91428005784841],[98.93345274434877,2.918329083585943],[98.93814084362509,2.9200138600153687],[98.9533939246899,2.9086337219448666],[98.9335058304298,2.910243788994077]]]}},{"type":"Feature","properties":{"code":"1208042013","desa":"Bangun Das Mariah","kecamatan":"Panei","kecCode":"120804","kabCode":"1208","province":"Sumatera Utara"},"geometry":{"type":"Polygon","coordinates":[[[98.91638096341079,2.9183679918549323],[98.91173646236793,2.9106689785644693],[98.9083352974361,2.9100134888061167],[98.90360847065442,2.913024167202936],[98.89638188471626,2.9067326531676274],[98.8925559555929,2.907436325903192],[98.89213600277435,2.9173529000829372],[98.89897742257006,2.924205712482875],[98.91638096341079,2.9183679918549323]]]}},{"type":"Feature","properties":{"code":"1208042014","desa":"Bangun Sitolu Bah","kecamatan":"Panei","kecCode":"120804","kabCode":"1208","province":"Sumatera Utara"},"geometry":{"type":"Polygon","coordinates":[[[98.89484414024491,2.9073141098358835],[98.87812817967182,2.901897503050794],[98.8760370112991,2.9159602306483077],[98.88026992771506,2.9156429498307888],[98.88447745177302,2.9193478814640628],[98.88786480131961,2.9168846743554324],[98.89026472044053,2.9183791992062478],[98.8925559555929,2.9154789035972377],[98.8925559555929,2.907436325903192],[98.89484414024491,2.9073141098358835]]]}},{"type":"Feature","properties":{"code":"1208042015","desa":"Bah Liran Siborna","kecamatan":"Panei","kecCode":"120804","kabCode":"1208","province":"Sumatera Utara"},"geometry":{"type":"Polygon","coordinates":[[[99.01745521598546,2.9025576620891957],[99.01701466869207,2.90728283321381],[99.02466598464753,2.9064151664053846],[99.01745521598546,2.9025576620891957]]]}},{"type":"Feature","properties":{"code":"1208042016","desa":"Nauli Baru","kecamatan":"Panei","kecCode":"120804","kabCode":"1208","province":"Sumatera Utara"},"geometry":{"type":"Polygon","coordinates":[[[98.99747121082777,2.89805713981279],[99.01726369456388,2.9040579129234354],[99.0128720792831,2.895652129632337],[99.00793034690804,2.891677408580127],[99.01186678202639,2.8886673651046433],[99.0170393577802,2.8926134949104223],[99.01815525186343,2.888736669559466],[99.00842956597175,2.888229023848727],[99.0035064999251,2.8820853025996227],[99.00216327521501,2.890851467616585],[98.99747121082777,2.89805713981279]]]}},{"type":"Feature","properties":{"code":"1208042017","desa":"Rawang Pardomuan Nauli","kecamatan":"Panei","kecCode":"120804","kabCode":"1208","province":"Sumatera Utara"},"geometry":{"type":"Polygon","coordinates":[[[98.99583407508253,2.906553942588792],[98.99079794536897,2.9157838717966342],[98.99337301195499,2.921967567011247],[99.0054541877606,2.919050037693956],[99.00767325411742,2.9112805229510474],[99.0020827975831,2.9071201404599014],[98.99583407508253,2.906553942588792]]]}},{"type":"Feature","properties":{"code":"1208052001","desa":"Panombeian","kecamatan":"Panombeian Pane","kecCode":"120805","kabCode":"1208","province":"Sumatera Utara"},"geometry":{"type":"Polygon","coordinates":[[[99.01364471832915,2.9291423546897883],[98.9989466044023,2.924535104470383],[98.98957251565912,2.9253571468728126],[98.9854273820681,2.9227189640697615],[98.97913362241877,2.926676235576356],[98.97719384502,2.931763784921757],[98.98708832196853,2.935573898563462],[98.9926139014105,2.944754403729617],[98.9996777424339,2.9447657549724595],[98.99969913280881,2.941417900955914],[99.00669532143199,2.94188259864301],[99.01180032392585,2.937572999738884],[99.01027917374495,2.9305187931600982],[99.01364471832915,2.9291423546897883]]]}},{"type":"Feature","properties":{"code":"1208052002","desa":"Pematang Panombean","kecamatan":"Panombeian Pane","kecCode":"120805","kabCode":"1208","province":"Sumatera Utara"},"geometry":{"type":"Polygon","coordinates":[[[99.01024914178453,2.941678388686899],[98.99969913280881,2.941417900955914],[98.9996777424339,2.9447657549724595],[98.9926139014105,2.944754403729617],[98.98708832196853,2.935573898563462],[98.9828604408567,2.9339407576085126],[98.98107308865218,2.9340363429514063],[98.98051209066051,2.9384697515214895],[98.97439183721359,2.9367492180475856],[98.95915835777201,2.942614809565049],[98.9745320999765,2.9535917536837553],[98.98884279675775,2.957068609152461],[98.99394102555793,2.964149727943411],[99.00329784372059,2.9565434581381798],[99.00450525641253,2.94946945658193],[99.01021348996068,2.9479798006606366],[99.01024914178453,2.941678388686899]]]}},{"type":"Feature","properties":{"code":"1208052003","desa":"Nagori Bosar","kecamatan":"Panombeian Pane","kecCode":"120805","kabCode":"1208","province":"Sumatera Utara"},"geometry":{"type":"Polygon","coordinates":[[[99.01760021008168,2.9293202477848475],[99.01027917374495,2.9305187931600982],[99.01159434860033,2.9412172613083465],[99.01422071071725,2.945387143338173],[99.02217677723654,2.94525665350811],[99.02527223292725,2.9427672860204495],[99.02722982409716,2.93364287786549],[99.02441448743872,2.93417958516807],[99.02011723802019,2.9267023860628236],[99.01760021008168,2.9293202477848475]]]}},{"type":"Feature","properties":{"code":"1208052004","desa":"Marjandi","kecamatan":"Panombeian Pane","kecCode":"120805","kabCode":"1208","province":"Sumatera Utara"},"geometry":{"type":"Polygon","coordinates":[[[98.9622104787307,2.941220757872395],[98.96210371481463,2.910468293051445],[98.95351634580277,2.9087799768904388],[98.93814084362509,2.9200138600153687],[98.92845064138406,2.9164723675733457],[98.92110633778731,2.925361923172181],[98.92211563882576,2.9340554004848642],[98.93167357867276,2.9356565129844294],[98.9472748754352,2.933190409159531],[98.95915835777201,2.942614809565049],[98.9622104787307,2.941220757872395]]]}},{"type":"Feature","properties":{"code":"1208052005","desa":"Simpang Panei","kecamatan":"Panombeian Pane","kecCode":"120805","kabCode":"1208","province":"Sumatera Utara"},"geometry":{"type":"Polygon","coordinates":[[[99.04165514486908,2.9255862995257806],[99.03165564509203,2.921244203619575],[99.03785387155898,2.9146853598110347],[99.033862162309,2.911027034643457],[99.02664015571867,2.9098846420373996],[99.02325110105757,2.9149193058506406],[99.02722982409716,2.93364287786549],[99.03393392910759,2.9348736603387486],[99.04165514486908,2.9255862995257806]]]}},{"type":"Feature","properties":{"code":"1208052006","desa":"Talun Kondot","kecamatan":"Panombeian Pane","kecCode":"120805","kabCode":"1208","province":"Sumatera Utara"},"geometry":{"type":"Polygon","coordinates":[[[99.02077676483589,3.0033735024583934],[99.02886983857223,3.0001789765552074],[99.03824548044462,3.0033606232674077],[99.03969757078629,3.0008842150104282],[99.03925145399147,2.994220619069475],[99.03129420036709,2.992060805447336],[99.02702595138663,2.988207065693236],[99.02459133102519,2.978733091059277],[99.02614060840243,2.966282572696046],[99.01646012243674,2.9629381181168144],[98.99319525375802,2.9697876632797144],[98.98747673556296,2.9668592818432664],[98.99330328571813,2.9791317029652618],[99.00373148332135,2.9841198529430075],[99.00821055857045,2.992737052457761],[98.98867376827985,2.9972803653764495],[99.00270777694243,3.004584491752829],[99.01626428067208,2.9974619618797127],[99.02077676483589,3.0033735024583934]]]}},{"type":"Feature","properties":{"code":"1208052007","desa":"Simbolon Tengkoh","kecamatan":"Panombeian Pane","kecCode":"120805","kabCode":"1208","province":"Sumatera Utara"},"geometry":{"type":"Polygon","coordinates":[[[99.02415272536803,2.955938950047244],[99.00450525641253,2.94946945658193],[99.00329784372059,2.9565434581381798],[98.99373899825622,2.964141762648088],[98.98884279675775,2.957068609152461],[98.9745320999765,2.9535917536837553],[98.95990226257942,2.9446664815098695],[98.96415298377326,2.95526333346156],[98.96240407938483,2.9642933874455215],[98.95516948858108,2.9747565677656875],[98.95472777576629,2.9842496044296984],[98.95851558532604,2.9898836448022297],[98.96734305983436,2.9926732356661594],[98.9780007437394,2.960749358015997],[98.9847366910455,2.9608753665243137],[98.98917758467786,2.9693333554601846],[98.9915236649852,2.969741718715128],[99.01646012243674,2.9629381181168144],[99.0268349066057,2.967766084449083],[99.02415272536803,2.955938950047244]]]}},{"type":"Feature","properties":{"code":"1208052008","desa":"Pematang Pane","kecamatan":"Panombeian Pane","kecCode":"120805","kabCode":"1208","province":"Sumatera Utara"},"geometry":{"type":"Polygon","coordinates":[[[99.01917147858092,2.9067260449492607],[99.0179097567299,2.909878907060706],[99.01340391495874,2.9088233556892265],[99.01177818441573,2.9152109829694752],[99.00922550465339,2.9163006762030874],[99.01035329496864,2.9240670936808133],[99.01364471832915,2.9291423546897883],[99.01760021008168,2.9293202477848475],[99.02011723802019,2.9267023860628236],[99.02441448743872,2.93417958516807],[99.02722982409716,2.93364287786549],[99.02325110105757,2.9149193058506406],[99.02664015571867,2.9098846420373996],[99.02466598464753,2.9064151664053846],[99.01917147858092,2.9067260449492607]]]}},{"type":"Feature","properties":{"code":"1208052009","desa":"Marjandi Pisang","kecamatan":"Panombeian Pane","kecCode":"120805","kabCode":"1208","province":"Sumatera Utara"},"geometry":{"type":"Polygon","coordinates":[[[98.9783968474366,2.92814200190681],[98.97150742003144,2.931820024025806],[98.96800351924708,2.9215187513514205],[98.96213342481775,2.9247465854451775],[98.9622104787307,2.941220757872395],[98.97439183721359,2.9367492180475856],[98.9808448416162,2.9382666324430677],[98.98107308865218,2.9340363429514063],[98.97719384502,2.931763784921757],[98.9783968474366,2.92814200190681]]]}},{"type":"Feature","properties":{"code":"1208052010","desa":"Banuh Raya","kecamatan":"Panombeian Pane","kecCode":"120805","kabCode":"1208","province":"Sumatera Utara"},"geometry":{"type":"Polygon","coordinates":[[[98.98867376827985,2.9972803653764495],[99.00821055857045,2.992737052457761],[99.00373148332135,2.9841198529430075],[98.99330328571813,2.9791317029652618],[98.98744802290797,2.964076212862845],[98.98136755636767,2.959756219594407],[98.9780007437394,2.960749358015997],[98.96734305983436,2.9926732356661594],[98.98867376827985,2.9972803653764495]]]}},{"type":"Feature","properties":{"code":"1208052011","desa":"Rukun Mulyo","kecamatan":"Panombeian Pane","kecCode":"120805","kabCode":"1208","province":"Sumatera Utara"},"geometry":{"type":"Polygon","coordinates":[[[99.01066412944606,2.9374621996655743],[99.00669532143199,2.94188259864301],[99.01032995306495,2.9418695584733787],[99.01021348996068,2.9479798006606366],[99.00712092289234,2.949548312736153],[99.02415272536803,2.955938950047244],[99.02414659109235,2.95138284697053],[99.02085473066137,2.9486727903496655],[99.02217677723654,2.94525665350811],[99.01422071071725,2.945387143338173],[99.01066412944606,2.9374621996655743]]]}},{"type":"Feature","properties":{"code":"1208061008","desa":"Tiga Balata","kecamatan":"Jorlang Hataran","kecCode":"120806","kabCode":"1208","province":"Sumatera Utara"},"geometry":{"type":"Polygon","coordinates":[[[99.0222664998991,2.869772928196495],[99.02679634007909,2.8663885895838668],[99.03605948755535,2.8737578637485015],[99.0478980532526,2.8751683559473786],[99.04457950543984,2.8683446555014203],[99.03775831859161,2.862557028910061],[99.03392520388512,2.862225519918462],[99.02674800331776,2.8535938494126527],[99.01973475365598,2.8527740580133147],[99.01925886120755,2.851022774919945],[99.01079077377523,2.853268271449985],[99.00934800040994,2.854783840436604],[99.01211570537554,2.8613161110772687],[99.0191685207107,2.8634249187503302],[99.01956343280624,2.8680597161032786],[99.0222664998991,2.869772928196495]]]}},{"type":"Feature","properties":{"code":"1208062001","desa":"Kasindir","kecamatan":"Jorlang Hataran","kecCode":"120806","kabCode":"1208","province":"Sumatera Utara"},"geometry":{"type":"Polygon","coordinates":[[[99.06334932690997,2.892918578223066],[99.07072537927291,2.8935593631666343],[99.07791445898515,2.8984456667213894],[99.08524168625489,2.8996290720100055],[99.0890484885969,2.8702513162631655],[99.08334692981703,2.8714377450724897],[99.07030372493699,2.8616428275816848],[99.06304017056748,2.8598222112553193],[99.05812148242053,2.8544535149528194],[99.05145898544389,2.853489017240519],[99.04642121986348,2.848553936256633],[99.04393935002103,2.855853557029572],[99.04693077033885,2.8642565991871116],[99.0515945150749,2.868277888034131],[99.04942418387907,2.871191743620958],[99.04493547689083,2.8679315869935342],[99.04779335777731,2.875464598024993],[99.04066097492408,2.875475648894327],[99.04532184272891,2.8820768885426133],[99.0524411908084,2.881639068893414],[99.06308213922938,2.886619279656102],[99.06514920397262,2.8895438101955895],[99.06334932690997,2.892918578223066]]]}},{"type":"Feature","properties":{"code":"1208062002","desa":"Sibunga Bunga","kecamatan":"Jorlang Hataran","kecCode":"120806","kabCode":"1208","province":"Sumatera Utara"},"geometry":{"type":"Polygon","coordinates":[[[99.01079077377523,2.853268271449985],[99.01925886120755,2.851022774919945],[99.01973475365598,2.8527740580133147],[99.02607989157376,2.853296126151666],[99.02238841559294,2.838011743300286],[99.02626640736884,2.831267794733291],[99.02042998265763,2.8239644552637078],[99.01606525171007,2.8268719832205607],[99.01455655084418,2.83161780098071],[99.01821235341741,2.8351789364148474],[99.01769100023954,2.837511527788282],[99.01406946093691,2.8404001942639288],[99.00977752561238,2.840238604978211],[99.01079077377523,2.853268271449985]]]}},{"type":"Feature","properties":{"code":"1208062003","desa":"Jorlang Hataran","kecamatan":"Jorlang Hataran","kecCode":"120806","kabCode":"1208","province":"Sumatera Utara"},"geometry":{"type":"Polygon","coordinates":[[[98.98286907794561,2.8273266291852117],[98.9849962470792,2.8236144040501916],[98.97564020593079,2.8115473647009517],[98.96871597476246,2.8085492453364833],[98.96718122233563,2.803623759219553],[98.95713870708572,2.8073583226148844],[98.95422386763742,2.818244357865314],[98.9503463228246,2.820802827460269],[98.95321433996985,2.824741240183526],[98.96717245034837,2.8311361654621505],[98.97320201076421,2.8304339793059636],[98.97602245197464,2.8268693311198714],[98.98286907794561,2.8273266291852117]]]}},{"type":"Feature","properties":{"code":"1208062004","desa":"Bah Sampuran","kecamatan":"Jorlang Hataran","kecCode":"120806","kabCode":"1208","province":"Sumatera Utara"},"geometry":{"type":"Polygon","coordinates":[[[99.02794819805098,2.8921930960285964],[99.01414019891108,2.8726577320839737],[99.00581208466001,2.873062240844587],[99.002504633582,2.880034060530724],[99.0078231657066,2.887932449021955],[99.01604724458475,2.8872255755992557],[99.01815525186343,2.888736669559466],[99.01726290675781,2.892548001782521],[99.02794819805098,2.8921930960285964]]]}},{"type":"Feature","properties":{"code":"1208062005","desa":"Bah Birong Ulu","kecamatan":"Jorlang Hataran","kecCode":"120806","kabCode":"1208","province":"Sumatera Utara"},"geometry":{"type":"Polygon","coordinates":[[[99.00934800040994,2.854783840436604],[99.00981985580177,2.8394978388055625],[99.0025696842436,2.8362275108458586],[99.00072139307787,2.838677691274681],[99.00934800040994,2.854783840436604]]]}},{"type":"Feature","properties":{"code":"1208062006","desa":"Pinang Ratus","kecamatan":"Jorlang Hataran","kecCode":"120806","kabCode":"1208","province":"Sumatera Utara"},"geometry":{"type":"Polygon","coordinates":[[[99.01201650295927,2.8611600499241523],[99.00465847031224,2.8433715192273765],[98.99584843995359,2.8330316179732007],[98.99280400729917,2.834197757177889],[98.98749495133099,2.831874244460471],[98.98286907794561,2.8273266291852117],[98.97602245197464,2.8268693311198714],[98.9732700966377,2.8304008482818235],[98.96738112363998,2.831151632902013],[98.95973358303848,2.8271596142896023],[98.94849348828393,2.827444308172765],[98.94945182743992,2.8315484056944413],[98.95523391691181,2.836949781561349],[98.96213435381742,2.837568442283245],[98.96752879591723,2.8430348418320377],[98.97723699629042,2.8441769826279217],[98.98634557368932,2.850630080553066],[98.99509723175191,2.8524860609202363],[98.99678532758087,2.859076499710728],[99.00755531522566,2.8588938932687986],[99.01201650295927,2.8611600499241523]]]}},{"type":"Feature","properties":{"code":"1208062007","desa":"Dolok Marlawan","kecamatan":"Jorlang Hataran","kecCode":"120806","kabCode":"1208","province":"Sumatera Utara"},"geometry":{"type":"Polygon","coordinates":[[[99.02607989157376,2.853296126151666],[99.03392520388512,2.862225519918462],[99.03775831859161,2.862557028910061],[99.04375702866399,2.8680385055928665],[99.04942418387907,2.871191743620958],[99.0515945150749,2.868277888034131],[99.04693077033885,2.8642565991871116],[99.04495615320394,2.8534197172823856],[99.03900380228372,2.8493464305339558],[99.02476794078791,2.8451142479694287],[99.02607989157376,2.853296126151666]]]}},{"type":"Feature","properties":{"code":"1208062009","desa":"Panombean Hutaurung","kecamatan":"Jorlang Hataran","kecCode":"120806","kabCode":"1208","province":"Sumatera Utara"},"geometry":{"type":"Polygon","coordinates":[[[98.95497090568279,2.788537084225978],[98.95284152601569,2.784719233716684],[98.94547617738372,2.7819171188940186],[98.94094964131294,2.776647763503354],[98.93684685230043,2.777759783305999],[98.93112099833546,2.767801000345417],[98.92337663942044,2.771719816841321],[98.92269267982338,2.7742063334779936],[98.92531515956698,2.7752341740392987],[98.92615035095797,2.7800692387205066],[98.93427858908568,2.790938616728045],[98.93816596258914,2.802247729041425],[98.93698839659726,2.8041036878248864],[98.94036206655618,2.808462143298456],[98.94542234486539,2.8067335860732294],[98.95060956967596,2.8007849331716588],[98.95497090568279,2.788537084225978]]]}},{"type":"Feature","properties":{"code":"1208062010","desa":"Dipar Hataran","kecamatan":"Jorlang Hataran","kecCode":"120806","kabCode":"1208","province":"Sumatera Utara"},"geometry":{"type":"Polygon","coordinates":[[[98.9503463228246,2.820802827460269],[98.95392643485711,2.8187797359699545],[98.95865561336592,2.8064660260735566],[98.96718122233563,2.803623759219553],[98.96935842884845,2.80926308220975],[98.97660388795913,2.813153500813486],[98.98240954236654,2.808309592199286],[98.9834409667273,2.803426241118766],[98.9794434721386,2.8018557972995777],[98.9776350820934,2.7967102129039816],[98.97323307874363,2.7961153473440326],[98.96602101056124,2.7897637639920845],[98.95608799586437,2.7878198443180358],[98.95060956967596,2.8007849331716588],[98.93979655756515,2.8103978485649286],[98.9503463228246,2.820802827460269]]]}},{"type":"Feature","properties":{"code":"1208062011","desa":"Pagar Pinang","kecamatan":"Jorlang Hataran","kecCode":"120806","kabCode":"1208","province":"Sumatera Utara"},"geometry":{"type":"Polygon","coordinates":[[[99.02108822434212,2.8806289269899934],[99.0222664998991,2.869772928196495],[99.01956343280624,2.8680597161032786],[99.0191685207107,2.8634249187503302],[99.00755531522566,2.8588938932687986],[98.99708458238763,2.859135145400654],[98.99700124491157,2.867156635791333],[98.99945684735569,2.869850186255396],[99.00523005692168,2.874566239153851],[99.00695422635651,2.8723246079099947],[99.01414019891108,2.8726577320839737],[99.01920845060954,2.8811524079633064],[99.02108822434212,2.8806289269899934]]]}},{"type":"Feature","properties":{"code":"1208062012","desa":"Dolok Parriasan","kecamatan":"Jorlang Hataran","kecCode":"120806","kabCode":"1208","province":"Sumatera Utara"},"geometry":{"type":"Polygon","coordinates":[[[99.04495615320394,2.8534197172823856],[99.04546334205963,2.846232818433862],[99.0377229563494,2.844349388959243],[99.02933593470567,2.8316195825376904],[99.02582762904187,2.8306671096604017],[99.02238841559294,2.838011743300286],[99.02476794078791,2.8451142479694287],[99.03900380228372,2.8493464305339558],[99.04495615320394,2.8534197172823856]]]}},{"type":"Feature","properties":{"code":"1208062013","desa":"Parmonangan","kecamatan":"Jorlang Hataran","kecCode":"120806","kabCode":"1208","province":"Sumatera Utara"},"geometry":{"type":"Polygon","coordinates":[[[99.00347387971583,2.83627510027058],[99.01406946093691,2.8404001942639288],[99.01792894556445,2.8370653786183144],[99.01496142922662,2.8304439357003295],[99.00762070223368,2.8313640959364847],[99.00057897194203,2.828025191972889],[98.99883459833806,2.8215995764301938],[98.98479535382255,2.812713709850391],[98.98306307969744,2.8062549866658792],[98.97660388795913,2.813153500813486],[98.9849962470792,2.8236144040501916],[98.98286907794561,2.8273266291852117],[98.98749495133099,2.831874244460471],[98.99280400729917,2.834197757177889],[98.99584843995359,2.8330316179732007],[99.00072139307787,2.838677691274681],[99.00347387971583,2.83627510027058]]]}},{"type":"Feature","properties":{"code":"1208071008","desa":"Sindar Raya","kecamatan":"Raya Kahean","kecCode":"120807","kabCode":"1208","province":"Sumatera Utara"},"geometry":{"type":"Polygon","coordinates":[[[98.97121071929932,3.1534403504024677],[98.96145955561404,3.138636656083455],[98.95675784240058,3.13701570453952],[98.9516623502373,3.1277289579634924],[98.95083501262582,3.1291448164170492],[98.93457139665269,3.124350202342043],[98.91894547555329,3.117790028436262],[98.9118793025878,3.1182905856906356],[98.9128793675888,3.1432444647819],[98.9174560633467,3.1520541228116565],[98.923938572707,3.1504848975737607],[98.92322059895156,3.141842630356301],[98.93226049962243,3.1375432324620154],[98.95619556467362,3.1434452096501673],[98.9594336600354,3.152822397446997],[98.97121071929932,3.1534403504024677]]]}},{"type":"Feature","properties":{"code":"1208072001","desa":"Sambosar Raya","kecamatan":"Raya Kahean","kecCode":"120807","kabCode":"1208","province":"Sumatera Utara"},"geometry":{"type":"Polygon","coordinates":[[[98.94668745536181,3.1224380323335295],[98.95475609361885,3.1302837619217834],[98.95675784240058,3.13701570453952],[98.96145955561404,3.138636656083455],[98.96540777364986,3.1444967761256013],[98.97271029744235,3.1383257442646597],[98.97205781501621,3.129485904987074],[98.95597869765885,3.1266965533428515],[98.9511961560778,3.116232641873838],[98.94668745536181,3.1224380323335295]]]}},{"type":"Feature","properties":{"code":"1208072002","desa":"Panduman","kecamatan":"Raya Kahean","kecCode":"120807","kabCode":"1208","province":"Sumatera Utara"},"geometry":{"type":"Polygon","coordinates":[[[98.93489143569127,3.217000424272112],[98.94106429677993,3.21386202235973],[98.93710897140197,3.207542188673211],[98.97751339572669,3.207528750103862],[98.97853448058186,3.2057879683940396],[98.97074073899397,3.2033836165172778],[98.97314956500047,3.196808356484184],[98.97006589402582,3.1971169462535003],[98.96656703933746,3.1896015151692723],[98.96229797826912,3.1880347019132045],[98.96162079326507,3.1838961207870233],[98.95857946507031,3.1841033425726484],[98.95563600829517,3.1718325789010913],[98.92677905800718,3.155591390238763],[98.92011937321057,3.183478523293374],[98.91335824758511,3.190249782472331],[98.9139711472507,3.1947349946902253],[98.92052443955129,3.1990052770332724],[98.92014200285121,3.20540026886177],[98.92376443787857,3.2086429174875843],[98.92827105396599,3.2078608238696944],[98.93112682504301,3.2157299286365526],[98.93489143569127,3.217000424272112]]]}},{"type":"Feature","properties":{"code":"1208072003","desa":"Ambarokan Pane Raya","kecamatan":"Raya Kahean","kecCode":"120807","kabCode":"1208","province":"Sumatera Utara"},"geometry":{"type":"Polygon","coordinates":[[[98.9594336600354,3.152822397446997],[98.95619556467362,3.1434452096501673],[98.93226049962243,3.1375432324620154],[98.92322059895156,3.141842630356301],[98.92230694081273,3.1520195115034375],[98.94498949397,3.166100057368673],[98.948914992433,3.166525248737711],[98.95322114244179,3.163523548272847],[98.95912891936422,3.165789829934015],[98.9653126010957,3.1638656440836055],[98.95794801598821,3.157630275622793],[98.9594336600354,3.152822397446997]]]}},{"type":"Feature","properties":{"code":"1208072004","desa":"Bah Tonang","kecamatan":"Raya Kahean","kecCode":"120807","kabCode":"1208","province":"Sumatera Utara"},"geometry":{"type":"Polygon","coordinates":[[[98.97759732135931,3.1186548542863566],[98.98140842515875,3.079159400876697],[98.97858082984148,3.0774860278507825],[98.97648803819247,3.0690866054644075],[98.97008957857126,3.064991340184597],[98.95675062084456,3.0495892252856147],[98.95352534262054,3.040590305830812],[98.94211142420293,3.0318410363770765],[98.9362622408098,3.03030172348976],[98.9277243336112,3.0176686220669455],[98.91464284818898,3.0207559128094936],[98.91302481404398,3.023230552099984],[98.91454766933954,3.028750901978237],[98.90978874665342,3.034080895057212],[98.9234605650531,3.0389777134852842],[98.94774484404938,3.0596479696902055],[98.94960346842538,3.0754732668728337],[98.95486708524783,3.0808012382758023],[98.95597221984212,3.0901526029393875],[98.96016111444395,3.0935202609268235],[98.95929762228752,3.0968187088882506],[98.96401281364052,3.100636878656789],[98.964578315437,3.108828961446331],[98.97319739274553,3.117504210400523],[98.97759732135931,3.1186548542863566]]]}},{"type":"Feature","properties":{"code":"1208072005","desa":"Bah Bulian","kecamatan":"Raya Kahean","kecCode":"120807","kabCode":"1208","province":"Sumatera Utara"},"geometry":{"type":"Polygon","coordinates":[[[98.948914992433,3.166525248737711],[98.9500617323631,3.1698987262380265],[98.95563600829517,3.1718325789010913],[98.95869244240235,3.1842466162656407],[98.96162079326507,3.1838961207870233],[98.96229797826912,3.1880347019132045],[98.96656703933746,3.1896015151692723],[98.97006589402582,3.1971169462535003],[98.97314956500047,3.196808356484184],[98.97074073899397,3.2033836165172778],[98.97842729758179,3.20550607859696],[98.97751339572669,3.207528750103862],[99.00796670200174,3.208501291352596],[98.99845513119942,3.188642800097718],[98.98731080524954,3.1840446986814173],[98.98545558121015,3.173325944525827],[98.97977764132513,3.1653997480975793],[98.96918014634672,3.1659161657955552],[98.96760910357733,3.1635158482774925],[98.95912891936422,3.165789829934015],[98.95322114244179,3.163523548272847],[98.948914992433,3.166525248737711]]]}},{"type":"Feature","properties":{"code":"1208072006","desa":"Bangun Raya","kecamatan":"Raya Kahean","kecCode":"120807","kabCode":"1208","province":"Sumatera Utara"},"geometry":{"type":"Polygon","coordinates":[[[98.92398039657807,3.1196235536312806],[98.93457139665269,3.124350202342043],[98.95083501262582,3.1291448164170492],[98.94668745536181,3.1224380323335295],[98.9511961560778,3.116232641873838],[98.94620943421806,3.1109829159854003],[98.9414017053245,3.112599691977031],[98.93985951190699,3.1099402438048998],[98.93366812838148,3.108709463130233],[98.9310393003235,3.1120883464553986],[98.92913058281022,3.1113502359808014],[98.92398039657807,3.1196235536312806]]]}},{"type":"Feature","properties":{"code":"1208072007","desa":"Durian Banggal","kecamatan":"Raya Kahean","kecCode":"120807","kabCode":"1208","province":"Sumatera Utara"},"geometry":{"type":"Polygon","coordinates":[[[98.9128793675888,3.1432444647819],[98.9118793025878,3.1182905856906356],[98.90273011090595,3.111423305896955],[98.89298644936518,3.0974113693105134],[98.88147151999469,3.0736981589398384],[98.87302314390301,3.0795541519931113],[98.86562342677979,3.07856499846759],[98.84136618140421,3.06435209398105],[98.8343152375582,3.062681552920204],[98.8290091646413,3.065678049008414],[98.82353425660072,3.0854940338068033],[98.84012458727993,3.100390624495781],[98.85899732356766,3.112820957575745],[98.88194064504476,3.143398445803122],[98.90145292161509,3.140136201849255],[98.9128793675888,3.1432444647819]]]}},{"type":"Feature","properties":{"code":"1208072008","desa":"Sorba Dolog","kecamatan":"Raya Kahean","kecCode":"120807","kabCode":"1208","province":"Sumatera Utara"},"geometry":{"type":"Polygon","coordinates":[[[98.964578315437,3.108828961446331],[98.96401281364052,3.100636878656789],[98.95929762228752,3.0968187088882506],[98.96016111444395,3.0935202609268235],[98.95597221984212,3.0901526029393875],[98.95486708524783,3.0808012382758023],[98.94960346842538,3.0754732668728337],[98.94731998273107,3.059181988670576],[98.92060521216086,3.037669011052067],[98.90978874665342,3.034080895057212],[98.8993976649703,3.0393478960227696],[98.89741774992929,3.0459731448717564],[98.90017654890869,3.0582797105538644],[98.90573358123982,3.058370320847213],[98.91049250302665,3.0627723232928976],[98.92292720142927,3.0680174068809647],[98.92434005255143,3.081286665336092],[98.93268092728299,3.0905174731816096],[98.93515706035008,3.096781729665039],[98.9373101218647,3.0979422337178404],[98.93978106584358,3.0955257320002834],[98.94496868995316,3.0975629023771485],[98.94619292806124,3.102648851828617],[98.96067096889016,3.1035582309921628],[98.964578315437,3.108828961446331]]]}},{"type":"Feature","properties":{"code":"1208072009","desa":"Gunung Datas","kecamatan":"Raya Kahean","kecCode":"120807","kabCode":"1208","province":"Sumatera Utara"},"geometry":{"type":"Polygon","coordinates":[[[98.97121071929932,3.1534403504024677],[98.9594336600354,3.152822397446997],[98.95794801598821,3.157630275622793],[98.96890256070469,3.1658154363305573],[98.9782581198164,3.1664499817777894],[98.97977764132513,3.1653997480975793],[98.97121071929932,3.1534403504024677]]]}},{"type":"Feature","properties":{"code":"1208072010","desa":"Puli Buah","kecamatan":"Raya Kahean","kecCode":"120807","kabCode":"1208","province":"Sumatera Utara"},"geometry":{"type":"Polygon","coordinates":[[[98.91384180495538,3.1012250046973913],[98.9310393003235,3.1120883464553986],[98.93399556794117,3.10863111958965],[98.93898244898088,3.1098539925255086],[98.94214158566568,3.1022896679998078],[98.94593624356285,3.102555587635966],[98.94511464272664,3.0976712769788644],[98.93484418081437,3.0963760589803173],[98.93268092728299,3.0905174731816096],[98.92434005255143,3.081286665336092],[98.92292720142927,3.0680174068809647],[98.91049250302665,3.0627723232928976],[98.90573358123982,3.058370320847213],[98.90017654890869,3.0582797105538644],[98.9009920325563,3.0622613392986997],[98.89593326600748,3.070306446785708],[98.9014505510022,3.0744316828720457],[98.91191469990355,3.089248876914301],[98.91384180495538,3.1012250046973913]]]}},{"type":"Feature","properties":{"code":"1208072011","desa":"Banu Raya","kecamatan":"Raya Kahean","kecCode":"120807","kabCode":"1208","province":"Sumatera Utara"},"geometry":{"type":"Polygon","coordinates":[[[98.92230694081273,3.1520195115034375],[98.9174560633467,3.1520541228116565],[98.91299702769071,3.1432651258065554],[98.90145292161509,3.140136201849255],[98.88625105424279,3.143835139501152],[98.8932054540685,3.1615555204727657],[98.898778502426,3.1663508953742148],[98.9032587395992,3.1794074740581997],[98.90654651441018,3.1796712883814746],[98.91519686294494,3.1881685282281036],[98.92011937321057,3.183478523293374],[98.92677905800718,3.155591390238763],[98.92230694081273,3.1520195115034375]]]}},{"type":"Feature","properties":{"code":"1208072012","desa":"Marubun Siboras","kecamatan":"Raya Kahean","kecCode":"120807","kabCode":"1208","province":"Sumatera Utara"},"geometry":{"type":"Polygon","coordinates":[[[98.9118793025878,3.1182905856906356],[98.91557615921242,3.1171047432392975],[98.92398039657807,3.1196235536312806],[98.9296438915524,3.1105378370086205],[98.91384180495538,3.1012250046973913],[98.91191469990355,3.089248876914301],[98.9014505510022,3.0744316828720457],[98.89593326600748,3.070306446785708],[98.88482111690108,3.0804535801582102],[98.90273011090595,3.111423305896955],[98.9118793025878,3.1182905856906356]]]}},{"type":"Feature","properties":{"code":"1208072013","desa":"Banjaran","kecamatan":"Raya Kahean","kecCode":"120807","kabCode":"1208","province":"Sumatera Utara"},"geometry":{"type":"Polygon","coordinates":[[[98.9511961560778,3.116232641873838],[98.95568634784671,3.1265045363950352],[98.96859048336417,3.127527726561956],[98.97279371405868,3.13127233718322],[98.9780649562328,3.1310606619548236],[98.98921324099832,3.1252245951800655],[98.98878681755764,3.122654344466365],[98.97319739274553,3.117504210400523],[98.960867486945,3.103641670990848],[98.94214158566568,3.1022896679998078],[98.93898244898088,3.1098539925255086],[98.9414017053245,3.112599691977031],[98.94620943421806,3.1109829159854003],[98.9511961560778,3.116232641873838]]]}},{"type":"Feature","properties":{"code":"1208081013","desa":"Bosar Maligas","kecamatan":"Bosar Maligas","kecCode":"120808","kabCode":"1208","province":"Sumatera Utara"},"geometry":{"type":"Polygon","coordinates":[[[99.41301173420425,3.111060926776829],[99.41239599807692,3.106135040461596],[99.4152909238371,3.101530528677779],[99.40330207423142,3.0907193619874818],[99.40208857672651,3.08341260959067],[99.38827398465673,3.079223286016823],[99.34800254038498,3.081296871741985],[99.34829825905744,3.0852893813842455],[99.36167541458877,3.0854304895097573],[99.36417198924595,3.105531632241514],[99.3939715486481,3.1061576575116963],[99.39382878127326,3.1107262224940313],[99.41301173420425,3.111060926776829]]]}},{"type":"Feature","properties":{"code":"1208082001","desa":"Parbutaran","kecamatan":"Bosar Maligas","kecCode":"120808","kabCode":"1208","province":"Sumatera Utara"},"geometry":{"type":"Polygon","coordinates":[[[99.32226211060798,2.979605777883411],[99.31881189125583,2.9642582536312148],[99.31946624337252,2.956525005848475],[99.31426334787527,2.948144570848482],[99.31467975376766,2.940827728058379],[99.3076098827899,2.939971372922604],[99.30434634740607,2.9476345320417905],[99.29371448033908,2.9545990726152707],[99.29722155573027,2.9625796924163676],[99.29704309606211,2.9682011701592885],[99.30278354602387,2.979295406557158],[99.32226211060798,2.979605777883411]]]}},{"type":"Feature","properties":{"code":"1208082002","desa":"Mayang","kecamatan":"Bosar Maligas","kecCode":"120808","kabCode":"1208","province":"Sumatera Utara"},"geometry":{"type":"Polygon","coordinates":[[[99.35224469823429,3.0501372289724498],[99.34834238159566,3.049261587875446],[99.33635667422118,3.037012246055102],[99.34265748725329,3.0263522598971577],[99.3484633727865,3.025038797352363],[99.34849480139405,3.019652837663893],[99.3437358796072,3.0190579730032687],[99.34370531344949,3.005404350601297],[99.33785356968656,3.0027310888426193],[99.32512047982635,3.0032353674915795],[99.33285986189316,3.052060623419491],[99.35199548170617,3.0528030254588945],[99.35224469823429,3.0501372289724498]]]}},{"type":"Feature","properties":{"code":"1208082003","desa":"Boluk","kecamatan":"Bosar Maligas","kecCode":"120808","kabCode":"1208","province":"Sumatera Utara"},"geometry":{"type":"Polygon","coordinates":[[[99.36417198924595,3.105531632241514],[99.36167541458877,3.0854304895097573],[99.34829825905744,3.0852893813842455],[99.34800254038498,3.081296871741985],[99.36094734684262,3.079997608592878],[99.36017578788238,3.075120254191837],[99.34762334484157,3.0761773236189227],[99.35953492739503,3.0552388086411044],[99.35518395967205,3.055420433023356],[99.3534231590516,3.0529457937328615],[99.33285986189316,3.052060623419491],[99.33555340696421,3.056911562034122],[99.33343932836237,3.0583665544864664],[99.33750456438416,3.0598620937725443],[99.33619811834853,3.06376330603951],[99.33958345161504,3.0709233520310137],[99.34004233158838,3.0809083790076164],[99.33741338392059,3.090644323455338],[99.33118871378815,3.0976494576273774],[99.33276644121833,3.1160050729268924],[99.35270681037103,3.1146643977962802],[99.35122324375777,3.1054846093897663],[99.36417198924595,3.105531632241514]]]}},{"type":"Feature","properties":{"code":"1208082004","desa":"Sei Mangkei","kecamatan":"Bosar Maligas","kecCode":"120808","kabCode":"1208","province":"Sumatera Utara"},"geometry":{"type":"Polygon","coordinates":[[[99.35047586936594,3.11509244451281],[99.33276644121833,3.1160050729268924],[99.32942519271852,3.130373719307296],[99.33464628869534,3.1353596074900976],[99.32746215525428,3.1493851562150303],[99.3292705452995,3.1534207226988658],[99.33579978703062,3.1531351879494975],[99.33586070081076,3.1558585599325664],[99.35787975304822,3.165266013513538],[99.37018483756025,3.1477065824096804],[99.35597945588722,3.13707039141379],[99.35355240601875,3.127861877761753],[99.35465885542192,3.1235788475287207],[99.35047586936594,3.11509244451281]]]}},{"type":"Feature","properties":{"code":"1208082005","desa":"Gunung Bayu","kecamatan":"Bosar Maligas","kecCode":"120808","kabCode":"1208","province":"Sumatera Utara"},"geometry":{"type":"Polygon","coordinates":[[[99.4074274011537,3.1111188332240016],[99.39382878127326,3.1107262224940313],[99.3939715486481,3.1061576575116963],[99.35122324375777,3.1054846093897663],[99.35270681037103,3.1146643977962802],[99.35047586936594,3.11509244451281],[99.35483731509008,3.124328378494032],[99.35423055059948,3.1338224277946454],[99.37018483756025,3.1477065824096804],[99.35787975304822,3.165266013513538],[99.37539231600265,3.169507759468817],[99.36986755044717,3.151065904581051],[99.40140362517724,3.1525901322403915],[99.39317989343736,3.151413685905739],[99.39319505061115,3.148893569698067],[99.40674846067299,3.147009036755221],[99.4074274011537,3.1111188332240016]]]}},{"type":"Feature","properties":{"code":"1208082006","desa":"Talun Saragih","kecamatan":"Bosar Maligas","kecCode":"120808","kabCode":"1208","province":"Sumatera Utara"},"geometry":{"type":"MultiPolygon","coordinates":[[[[99.41239599807692,3.106135040461596],[99.41308009257227,3.1116078009151664],[99.43148324065909,3.115009240136529],[99.43936707543025,3.134348427768996],[99.44980333275765,3.1339244405921853],[99.45628333300948,3.139158329419452],[99.48131667082777,3.13091209755028],[99.48124066372571,3.112694471527401],[99.47286400856721,3.1095715937122193],[99.42714865588584,3.1051535122876794],[99.41926669080522,3.107681690917489],[99.41584621563038,3.1035473779737672],[99.41239599807692,3.106135040461596]]],[[[99.49238913105364,3.126651526986015],[99.49227136393233,3.1267031561652954],[99.4928730967161,3.126512191424242],[99.49238913105364,3.126651526986015]]]]}},{"type":"Feature","properties":{"code":"1208082007","desa":"Dusun Pengkolan","kecamatan":"Bosar Maligas","kecCode":"120808","kabCode":"1208","province":"Sumatera Utara"},"geometry":{"type":"Polygon","coordinates":[[[99.36094734684262,3.079997608592878],[99.39015851760155,3.079337499916551],[99.39598683672317,3.0827985812766365],[99.40851690193352,3.0840188479772292],[99.42559124773794,3.0772754354060905],[99.42698030729542,3.069707666476963],[99.40957626283432,3.04248358018386],[99.38633050744703,3.042264885746922],[99.36838801999117,3.04859208847827],[99.35856719122296,3.0565988039071526],[99.3477005714243,3.0772199760141903],[99.36017578788238,3.075120254191837],[99.36094734684262,3.079997608592878]]]}},{"type":"Feature","properties":{"code":"1208082008","desa":"Sei Torop","kecamatan":"Bosar Maligas","kecCode":"120808","kabCode":"1208","province":"Sumatera Utara"},"geometry":{"type":"Polygon","coordinates":[[[99.40406168929559,2.987493539985343],[99.41023665299917,2.976164429447672],[99.4192003694016,2.9712986331334794],[99.41720162255689,2.9681577427970347],[99.4034071078518,2.9638482041474647],[99.39483384290757,2.9576168394684887],[99.39013921185523,2.9870093800698374],[99.3972948295928,2.9926153885742273],[99.40409960471305,2.9915002948888163],[99.40406168929559,2.987493539985343]]]}},{"type":"Feature","properties":{"code":"1208082009","desa":"Marihat Tanjung","kecamatan":"Bosar Maligas","kecCode":"120808","kabCode":"1208","province":"Sumatera Utara"},"geometry":{"type":"Polygon","coordinates":[[[99.3076098827899,2.939971372922604],[99.31467975376766,2.940827728058379],[99.31426334787527,2.948144570848482],[99.31946624337252,2.956525005848475],[99.31881189125583,2.9642582536312148],[99.32138347386831,2.9728340024935824],[99.32369443205242,2.9714141213725225],[99.32707374165989,2.9767974145711062],[99.33161435841593,2.973402850666785],[99.3602031767353,2.9749186211016063],[99.37483948385517,2.9862931411073372],[99.37310252156419,2.9994575790814872],[99.37814444021382,2.9995394407699787],[99.37857274323754,2.993650274424443],[99.38856647925968,2.9916515275818805],[99.39483384290757,2.9576168394684887],[99.3973924519002,2.9599535893070863],[99.40098964205838,2.9515373406053254],[99.4047372923922,2.9508829884893677],[99.40562959073308,2.9485035280482004],[99.40110861427121,2.932680113146682],[99.38641544301834,2.930062705582251],[99.37552940865532,2.931430895470805],[99.35859599920605,2.92134995669744],[99.35696015938392,2.9173740269564044],[99.36041983240936,2.904251501886218],[99.34757411235546,2.9038894276362583],[99.3432720479667,2.908857742166946],[99.32680812239697,2.9095955091005856],[99.32311995771994,2.912688809112961],[99.30728791740353,2.9166717589619147],[99.3076098827899,2.939971372922604]]]}},{"type":"Feature","properties":{"code":"1208082010","desa":"Marihat Butar","kecamatan":"Bosar Maligas","kecCode":"120808","kabCode":"1208","province":"Sumatera Utara"},"geometry":{"type":"Polygon","coordinates":[[[99.32138347386831,2.9728340024935824],[99.32226211060798,2.979605777883411],[99.30247890877469,2.9788728448057666],[99.32220222295427,3.0013300278339403],[99.32512047982635,3.0032353674915795],[99.33785356968656,3.0027310888426193],[99.36452957857728,3.016591956412528],[99.37526815380232,3.019116753591447],[99.37663869901678,3.015860063850518],[99.3724539943564,3.002245463931477],[99.37483948385517,2.9862931411073372],[99.3602031767353,2.9749186211016063],[99.33161435841593,2.973402850666785],[99.32707374165989,2.9767974145711062],[99.32369443205242,2.9714141213725225],[99.32138347386831,2.9728340024935824]]]}},{"type":"Feature","properties":{"code":"1208082011","desa":"Teladan","kecamatan":"Bosar Maligas","kecCode":"120808","kabCode":"1208","province":"Sumatera Utara"},"geometry":{"type":"Polygon","coordinates":[[[99.38633050744703,3.042264885746922],[99.40957626283432,3.04248358018386],[99.41338464888253,3.0475052694779543],[99.43214253185242,3.04629683695614],[99.41504982369047,3.0387150296098193],[99.40390149036153,3.0277252206891885],[99.38695472687918,3.023830985362723],[99.37878127893292,3.024580516327976],[99.37464101607007,3.0271503335684735],[99.37354078727758,3.031605226042953],[99.38633050744703,3.042264885746922]]]}},{"type":"Feature","properties":{"code":"1208082012","desa":"Adil Makmur","kecamatan":"Bosar Maligas","kecCode":"120808","kabCode":"1208","province":"Sumatera Utara"},"geometry":{"type":"Polygon","coordinates":[[[99.41344627672434,3.0474879584279213],[99.42698030729542,3.069707666476963],[99.42563932459524,3.0779138497368055],[99.43401110183093,3.079087291436497],[99.4652260592353,3.0667863348259656],[99.45955142435876,3.0603200006789444],[99.43214253185242,3.04629683695614],[99.41344627672434,3.0474879584279213]]]}},{"type":"Feature","properties":{"code":"1208082014","desa":"Tempel Jaya","kecamatan":"Bosar Maligas","kecCode":"120808","kabCode":"1208","province":"Sumatera Utara"},"geometry":{"type":"Polygon","coordinates":[[[99.35437669582791,3.0258560184892715],[99.34265748725329,3.0263522598971577],[99.33635667422118,3.037012246055102],[99.34834238159566,3.049261587875446],[99.35224469823429,3.0501372289724498],[99.35620412182283,3.0409049210577983],[99.3565182109467,3.032637484074094],[99.35437669582791,3.0258560184892715]]]}},{"type":"Feature","properties":{"code":"1208082015","desa":"Sidomulyo","kecamatan":"Bosar Maligas","kecCode":"120808","kabCode":"1208","province":"Sumatera Utara"},"geometry":{"type":"Polygon","coordinates":[[[99.34370531344949,3.005404350601297],[99.3437358796072,3.0190579730032687],[99.34849480139405,3.019652837663893],[99.3484633727865,3.025038797352363],[99.35437669582791,3.0258560184892715],[99.3565182109467,3.032637484074094],[99.35620412182283,3.0409049210577983],[99.35199548170617,3.0528030254588945],[99.35518395967205,3.055420433023356],[99.35953492739503,3.0552388086411044],[99.36838801999117,3.04859208847827],[99.38633050744703,3.042264885746922],[99.37354078727758,3.031605226042953],[99.37464101607007,3.0271503335684735],[99.37971576986695,3.024313521102668],[99.37754512570704,3.020435585088923],[99.36452957857728,3.016591956412528],[99.34370531344949,3.005404350601297]]]}},{"type":"Feature","properties":{"code":"1208082016","desa":"Mekar Rejo","kecamatan":"Bosar Maligas","kecCode":"120808","kabCode":"1208","province":"Sumatera Utara"},"geometry":{"type":"Polygon","coordinates":[[[99.40208857672651,3.08341260959067],[99.40330207423142,3.0907193619874818],[99.4092581924117,3.094483811653025],[99.41926669080522,3.107681690917489],[99.42714865588584,3.1051535122876794],[99.44877826660378,3.107727110278043],[99.43429770677379,3.1027888061239737],[99.4285854730412,3.094311150813589],[99.4288958650522,3.084638041997158],[99.43121679761718,3.0821194465430763],[99.43845556667111,3.083091954516852],[99.43214281244086,3.0775197398369607],[99.42559124773794,3.0772754354060905],[99.40851690193352,3.0840188479772292],[99.40208857672651,3.08341260959067]]]}},{"type":"Feature","properties":{"code":"1208082017","desa":"Nanggar Bayu","kecamatan":"Bosar Maligas","kecCode":"120808","kabCode":"1208","province":"Sumatera Utara"},"geometry":{"type":"Polygon","coordinates":[[[99.43148324065909,3.115009240136529],[99.4074274011537,3.1111188332240016],[99.40674846067299,3.147009036755221],[99.39776361559842,3.146990001704816],[99.39774458144733,3.1488745346476126],[99.39319505061115,3.148893569698067],[99.39317989343736,3.151413685905739],[99.41603433131941,3.1530000261414064],[99.41755710028002,3.1551615988374677],[99.41812046978389,3.1483129458020107],[99.42277483189304,3.1494600022922286],[99.42428547709318,3.14640721493926],[99.44148055598293,3.142205552666925],[99.44523366520156,3.1394448822013],[99.44375638934594,3.1364238858826847],[99.44898339117059,3.1342571393868477],[99.43772996936264,3.1333623787031533],[99.43148324065909,3.115009240136529]]]}},{"type":"Feature","properties":{"code":"1208091013","desa":"Sarimatondang","kecamatan":"Sidamanik","kecCode":"120809","kabCode":"1208","province":"Sumatera Utara"},"geometry":{"type":"Polygon","coordinates":[[[98.93311863181947,2.874895528618628],[98.93589468159432,2.873443925711019],[98.9338879892394,2.865577331851358],[98.94134046059384,2.8613085792551733],[98.9435533602994,2.8564830320991663],[98.94482399263319,2.8574681287829304],[98.9466656953656,2.8513291199813717],[98.90990778181872,2.8504377731241592],[98.9087363087337,2.856821952403687],[98.91612888344127,2.859213584269447],[98.91973398493555,2.866317482887688],[98.92612997591772,2.8659891179259938],[98.93311863181947,2.874895528618628]]]}},{"type":"Feature","properties":{"code":"1208092001","desa":"Bah Butong I","kecamatan":"Sidamanik","kecCode":"120809","kabCode":"1208","province":"Sumatera Utara"},"geometry":{"type":"Polygon","coordinates":[[[98.9087363087337,2.856821952403687],[98.90990778181872,2.8504377731241592],[98.91693323258265,2.842740435270734],[98.91643592637693,2.834469904619272],[98.91197443737047,2.8308650207648456],[98.89885170993853,2.830793637077534],[98.89435555386575,2.8385935390129595],[98.89783560373017,2.852242380618831],[98.9087363087337,2.856821952403687]]]}},{"type":"Feature","properties":{"code":"1208092002","desa":"Sidamanik","kecamatan":"Sidamanik","kecCode":"120809","kabCode":"1208","province":"Sumatera Utara"},"geometry":{"type":"Polygon","coordinates":[[[98.91078218275156,2.8721618746865842],[98.91612888344127,2.859213584269447],[98.90941445421373,2.857000412071675],[98.91078218275156,2.8721618746865842]]]}},{"type":"Feature","properties":{"code":"1208092003","desa":"Ambarisan","kecamatan":"Sidamanik","kecCode":"120809","kabCode":"1208","province":"Sumatera Utara"},"geometry":{"type":"Polygon","coordinates":[[[98.91642591872123,2.8880414126795624],[98.92169477409459,2.8846767961993907],[98.92665839866623,2.8865065280540607],[98.92680128475153,2.879922150694092],[98.92090003330996,2.8725415441723143],[98.91468963991501,2.8733981502189434],[98.91347611543044,2.876724637243085],[98.89349697020906,2.868842672171033],[98.8867024185818,2.8685726039622264],[98.89342168885992,2.874286446575756],[98.89322956938918,2.878969863077123],[98.89816666306109,2.8803794892289463],[98.90485246596859,2.88741637486505],[98.91642591872123,2.8880414126795624]]]}},{"type":"Feature","properties":{"code":"1208092004","desa":"Tiga Bolon","kecamatan":"Sidamanik","kecCode":"120809","kabCode":"1208","province":"Sumatera Utara"},"geometry":{"type":"Polygon","coordinates":[[[98.96644358220561,2.8887213325213157],[98.99042464757946,2.8930473008853417],[98.98325833240618,2.886504745597736],[98.9892776648324,2.886957511080021],[98.99046739505428,2.8825555077349896],[98.98526232409705,2.8801819954098344],[98.97932318961357,2.867961083857321],[98.9682753510267,2.8627313561932084],[98.9641491319769,2.869357081682858],[98.96719043499064,2.8779800782275324],[98.96644358220561,2.8887213325213157]]]}},{"type":"Feature","properties":{"code":"1208092005","desa":"Bah Butong Ii","kecamatan":"Sidamanik","kecCode":"120809","kabCode":"1208","province":"Sumatera Utara"},"geometry":{"type":"Polygon","coordinates":[[[98.8988755042012,2.830793637077534],[98.91197443737047,2.8308650207648456],[98.91611469933395,2.833791758240638],[98.91892044022619,2.840313815280793],[98.92467464441938,2.840088850770586],[98.9403648085891,2.8489452051981496],[98.94554013806697,2.847767372108892],[98.9412571078293,2.842841886891333],[98.94139987520413,2.8280297425424177],[98.93165598343693,2.8206058237717],[98.92833663432828,2.812539451814961],[98.9209484087421,2.804223234704316],[98.91528897420687,2.8020883979533027],[98.91620506770977,2.80398661947695],[98.9125882867201,2.806627822203404],[98.91493205576984,2.8106907514597688],[98.91164483044462,2.815871234946671],[98.91094050929712,2.812863596258331],[98.90650519505874,2.8103128140682756],[98.90397939693166,2.811700039906545],[98.9020175303848,2.8094395516780546],[98.8905532877041,2.8091540160294617],[98.8843621290091,2.8065012012567254],[98.88402900393542,2.8176370780638647],[98.89489687918768,2.8256944837798397],[98.89858814382785,2.8243857309845484],[98.89714190087805,2.826887600847207],[98.8988755042012,2.830793637077534]]]}},{"type":"Feature","properties":{"code":"1208092006","desa":"Bahal Gajah","kecamatan":"Sidamanik","kecCode":"120809","kabCode":"1208","province":"Sumatera Utara"},"geometry":{"type":"Polygon","coordinates":[[[98.94538610578422,2.846966417009802],[98.95366764684451,2.859123479395062],[98.95412854939309,2.868751240796665],[98.95965939166763,2.8722336225993232],[98.96427067535143,2.8709420108822408],[98.9682753510267,2.8627313561932084],[98.98125975373472,2.8680427593861557],[98.98188964698964,2.859840501667047],[98.97099804942052,2.8599099787916114],[98.96410237172711,2.855312861233708],[98.96004347772435,2.846192578268952],[98.95484551141129,2.8453475869665295],[98.9549735397971,2.8400984087652454],[98.9478807477983,2.839202208266985],[98.94798317068683,2.8473192300413106],[98.94538610578422,2.846966417009802]]]}},{"type":"Feature","properties":{"code":"1208092007","desa":"Manik Hataran","kecamatan":"Sidamanik","kecCode":"120809","kabCode":"1208","province":"Sumatera Utara"},"geometry":{"type":"Polygon","coordinates":[[[98.98526232409705,2.8801819954098344],[98.99994328165718,2.8894288786368825],[99.00492507433277,2.873724444941349],[98.97955209405393,2.86771439262575],[98.98526232409705,2.8801819954098344]]]}},{"type":"Feature","properties":{"code":"1208092008","desa":"Mekar Sidamanik","kecamatan":"Sidamanik","kecCode":"120809","kabCode":"1208","province":"Sumatera Utara"},"geometry":{"type":"Polygon","coordinates":[[[98.90941445421373,2.857000412071675],[98.88458341888973,2.84775870893969],[98.8724100958493,2.8482084266194647],[98.87340625239669,2.8560120832244644],[98.88570033730076,2.868983818068006],[98.89349697020906,2.868842672171033],[98.90940128903831,2.874781805748724],[98.9113894076951,2.8694806845047145],[98.90941445421373,2.857000412071675]]]}},{"type":"Feature","properties":{"code":"1208092009","desa":"Manik Maraja","kecamatan":"Sidamanik","kecCode":"120809","kabCode":"1208","province":"Sumatera Utara"},"geometry":{"type":"Polygon","coordinates":[[[98.92680128475153,2.879922150694092],[98.93282577838706,2.8745837309676086],[98.92612997591772,2.8659891179259938],[98.91973398493555,2.866317482887688],[98.91944369007426,2.862799687581488],[98.91595064140903,2.8618574220094497],[98.90938673890696,2.8747754952058995],[98.91347611543044,2.876724637243085],[98.91468963991501,2.8733981502189434],[98.92042890007373,2.8723702242220646],[98.92680128475153,2.879922150694092]]]}},{"type":"Feature","properties":{"code":"1208092010","desa":"Bah Biak","kecamatan":"Sidamanik","kecCode":"120809","kabCode":"1208","province":"Sumatera Utara"},"geometry":{"type":"Polygon","coordinates":[[[98.89467085437649,2.839362903626651],[98.89853158456502,2.8324764979510686],[98.89858814382785,2.8243857309845484],[98.89489687918768,2.8256944837798397],[98.89155611542247,2.8223679967556876],[98.88676116229787,2.831601963020142],[98.88993048380485,2.837382296109754],[98.89467085437649,2.839362903626651]]]}},{"type":"Feature","properties":{"code":"1208092011","desa":"Birong Ulu Manriah","kecamatan":"Sidamanik","kecCode":"120809","kabCode":"1208","province":"Sumatera Utara"},"geometry":{"type":"Polygon","coordinates":[[[98.99678532758087,2.859076499710728],[98.99509723175191,2.8524860609202363],[98.98634557368932,2.850630080553066],[98.97723699629042,2.8441769826279217],[98.96752879591723,2.8430348418320377],[98.96213435381742,2.837568442283245],[98.95523391691181,2.836949781561349],[98.94841734628356,2.8282628414205893],[98.9413919836532,2.8280227278304997],[98.9412571078293,2.842841886891333],[98.94538610578422,2.846966417009802],[98.94798317068683,2.8473192300413106],[98.9478807477983,2.839202208266985],[98.95136312870551,2.839176601870403],[98.9549735397971,2.8400984087652454],[98.95484551141129,2.8453475869665295],[98.96004347772435,2.846192578268952],[98.96410237172711,2.855312861233708],[98.97099804942052,2.8599099787916114],[98.98188964698964,2.859840501667047],[98.98163424042792,2.8618087902705756],[98.99174230186577,2.8634660501433427],[98.99678532758087,2.859076499710728]]]}},{"type":"Feature","properties":{"code":"1208092012","desa":"Kebun Sayur Bah Butong","kecamatan":"Sidamanik","kecCode":"120809","kabCode":"1208","province":"Sumatera Utara"},"geometry":{"type":"Polygon","coordinates":[[[98.9466656953656,2.8513291199813717],[98.94670379784208,2.8492596828288668],[98.94538610578422,2.846966417009802],[98.94404107793342,2.8493021236348253],[98.9403648085891,2.8489452051981496],[98.92467464441938,2.840088850770586],[98.91892044022619,2.840313815280793],[98.91660774904847,2.8362564843041866],[98.91693323258265,2.842740435270734],[98.91155803057869,2.8498074338062276],[98.9466656953656,2.8513291199813717]]]}},{"type":"Feature","properties":{"code":"1208092014","desa":"Manik Rambung","kecamatan":"Sidamanik","kecCode":"120809","kabCode":"1208","province":"Sumatera Utara"},"geometry":{"type":"Polygon","coordinates":[[[99.01667628798037,2.8926265233888797],[99.01186678202639,2.8886673651046433],[99.00793034690804,2.891677408580127],[99.01202223164074,2.8960848249445337],[99.0121532448764,2.8921634273943515],[99.01667628798037,2.8926265233888797]]]}},{"type":"Feature","properties":{"code":"1208092015","desa":"Bukit Rejo","kecamatan":"Sidamanik","kecCode":"120809","kabCode":"1208","province":"Sumatera Utara"},"geometry":{"type":"Polygon","coordinates":[[[98.99708458238763,2.859135145400654],[98.99384087525623,2.8596958277296474],[98.99174230186577,2.8634660501433427],[98.98163424042792,2.8618087902705756],[98.98036881157145,2.866642673242623],[99.00408116401455,2.8743454753768534],[98.99700124491157,2.867156635791333],[98.99708458238763,2.859135145400654]]]}},{"type":"Feature","properties":{"code":"1208101009","desa":"Sipolha Horison","kecamatan":"Pematang Sidamanik","kecCode":"120810","kabCode":"1208","province":"Sumatera Utara"},"geometry":{"type":"Polygon","coordinates":[[[98.86892100420106,2.7703680395800916],[98.88039934375477,2.7649490325044592],[98.8926062142055,2.764834709786764],[98.90641896896027,2.743653480379628],[98.91526039555089,2.7372109593811356],[98.90012699986117,2.7186569968060295],[98.8937816622939,2.7057285283460915],[98.87362508083287,2.6945501621696777],[98.8657703400292,2.7025814030100044],[98.84119987517414,2.712091443155831],[98.83530930318186,2.7197266468491814],[98.84300804128814,2.73035239941402],[98.85508057370959,2.7388515638097095],[98.86892100420106,2.7703680395800916]]]}},{"type":"Feature","properties":{"code":"1208102001","desa":"Sait Buttu Saribu","kecamatan":"Pematang Sidamanik","kecCode":"120810","kabCode":"1208","province":"Sumatera Utara"},"geometry":{"type":"Polygon","coordinates":[[[98.85648209876989,2.8479447579864083],[98.85527085856337,2.8334857198479857],[98.85788786323434,2.8274766630819737],[98.84863887288572,2.8194900762791835],[98.84492499928933,2.8111739859729266],[98.83755182475699,2.805976455836659],[98.83374562675931,2.8087691970256308],[98.8257261220629,2.8024571047033473],[98.81772540240546,2.8045583418833906],[98.82476860668588,2.8121297872410764],[98.82314239140827,2.813842998434951],[98.83003517868057,2.821555426912319],[98.83055469364426,2.8268457616876788],[98.83732553824308,2.838517484246921],[98.84656771532785,2.846122691053499],[98.85648209876989,2.8479447579864083]]]}},{"type":"Feature","properties":{"code":"1208102002","desa":"Pematang Sidamanik","kecamatan":"Pematang Sidamanik","kecCode":"120810","kabCode":"1208","province":"Sumatera Utara"},"geometry":{"type":"Polygon","coordinates":[[[98.89783536540982,2.8522239930803153],[98.89467085437649,2.839362903626651],[98.88993048380485,2.837382296109754],[98.88683979991693,2.8320017071726147],[98.89155611542247,2.8223679967556876],[98.880296621392,2.8207339465861825],[98.86917655555368,2.8300834316666323],[98.86774256496744,2.842691379051773],[98.87006870640572,2.8473137495727094],[98.88458341888973,2.84775870893969],[98.89783536540982,2.8522239930803153]]]}},{"type":"Feature","properties":{"code":"1208102003","desa":"Sarimattin","kecamatan":"Pematang Sidamanik","kecCode":"120810","kabCode":"1208","province":"Sumatera Utara"},"geometry":{"type":"Polygon","coordinates":[[[98.8257261220629,2.8024571047033473],[98.83374562675931,2.8087691970256308],[98.83755182475699,2.805976455836659],[98.84492499928933,2.8111739859729266],[98.84863887288572,2.8194900762791835],[98.85788786323434,2.8274766630819737],[98.85527085856337,2.8334857198479857],[98.85676373136118,2.843912043252776],[98.86869910907664,2.8437121680289112],[98.86917655555368,2.8300834316666323],[98.87927345280764,2.8214001958334527],[98.86337865330226,2.8108829779496043],[98.86433043729987,2.8051841693026907],[98.8612657123428,2.8020376680960837],[98.85115300230927,2.7993012865203184],[98.84621562085425,2.792519823633489],[98.84377667295512,2.793531094186094],[98.84014799483413,2.7911516328456183],[98.8257261220629,2.8024571047033473]]]}},{"type":"Feature","properties":{"code":"1208102004","desa":"Bandar Manik","kecamatan":"Pematang Sidamanik","kecCode":"120810","kabCode":"1208","province":"Sumatera Utara"},"geometry":{"type":"Polygon","coordinates":[[[98.88768147631912,2.820468636690361],[98.88367208459908,2.8168994451292684],[98.88513545333853,2.806917607148722],[98.86989698895495,2.802320487792189],[98.86433043729987,2.8051841693026907],[98.86331916674618,2.810799697130969],[98.86958904669723,2.8138692019813627],[98.87422899537188,2.819698880871609],[98.87865479298438,2.821495373783428],[98.88768147631912,2.820468636690361]]]}},{"type":"Feature","properties":{"code":"1208102005","desa":"Jorlang Huluan","kecamatan":"Pematang Sidamanik","kecCode":"120810","kabCode":"1208","province":"Sumatera Utara"},"geometry":{"type":"Polygon","coordinates":[[[98.95973358303848,2.8271596142896023],[98.952795553572,2.8244557054342057],[98.94525742179262,2.8171079286637464],[98.9447220436874,2.8136815044773393],[98.94008209501271,2.811539990260145],[98.93427858908568,2.790938616728045],[98.92615035095797,2.7800692387205066],[98.92531515956698,2.7752341740392987],[98.91375217042639,2.7705941237462874],[98.9065230996614,2.7777255029482517],[98.91242731077182,2.7886770942791994],[98.90971270807506,2.7922605364973974],[98.91528897420687,2.8020883979533027],[98.9209484087421,2.804223234704316],[98.92833663432828,2.812539451814961],[98.93165598343693,2.8206058237717],[98.9413919836532,2.8280227278304997],[98.95973358303848,2.8271596142896023]]]}},{"type":"Feature","properties":{"code":"1208102006","desa":"Sihaporas","kecamatan":"Pematang Sidamanik","kecCode":"120810","kabCode":"1208","province":"Sumatera Utara"},"geometry":{"type":"Polygon","coordinates":[[[98.92269267982338,2.7742063334779936],[98.92391201662633,2.771005979068702],[98.93058662477297,2.7675897172214152],[98.9286321596465,2.7560840373907283],[98.91526039555089,2.7372109593811356],[98.90641896896027,2.743653480379628],[98.8926062142055,2.764834709786764],[98.88039934375477,2.7649490325044592],[98.86892100420106,2.7703680395800916],[98.88275283177785,2.775054109980761],[98.884351829973,2.7821924931028787],[98.88943435930827,2.7819069583535865],[98.8932605321479,2.7857331311889824],[98.89967769766768,2.7870106613214896],[98.90266117607246,2.7808634147300766],[98.90971270807506,2.7922605364973974],[98.91242731077182,2.7886770942791994],[98.9065230996614,2.7777255029482517],[98.91375217042639,2.7705941237462874],[98.92269267982338,2.7742063334779936]]]}},{"type":"Feature","properties":{"code":"1208102007","desa":"Pematang Tambun Raya","kecamatan":"Pematang Sidamanik","kecCode":"120810","kabCode":"1208","province":"Sumatera Utara"},"geometry":{"type":"Polygon","coordinates":[[[98.86892100420106,2.7703680395800916],[98.85508057370959,2.7388515638097095],[98.84300804128814,2.73035239941402],[98.83530930318186,2.7197266468491814],[98.8111934663055,2.7463932011381473],[98.79732322688544,2.7530193295240335],[98.7808463258973,2.768505516645037],[98.79571723915932,2.777231213069237],[98.8082445443503,2.7794605604732743],[98.81322187369057,2.7865334297830615],[98.81330500791982,2.790453487343378],[98.82211691156628,2.7867554616040904],[98.82798907893289,2.7955214737362644],[98.82636821192352,2.8006402241607256],[98.84014799483413,2.7911516328456183],[98.84377667295512,2.793531094186094],[98.84621562085425,2.792519823633489],[98.84996327208738,2.798527963091056],[98.8572206283294,2.7998366655242846],[98.86433043729987,2.8051841693026907],[98.86989698895495,2.802320487792189],[98.88308911706916,2.805977718484824],[98.88258447239555,2.800523710694508],[98.89180488498748,2.794753517460961],[98.89251872276088,2.7898161369106944],[98.89540381893119,2.791452016301269],[98.89967769766768,2.7870106613214896],[98.8932605321479,2.7857331311889824],[98.88943435930827,2.7819069583535865],[98.884351829973,2.7821924931028787],[98.88275283177785,2.775054109980761],[98.86892100420106,2.7703680395800916]]]}},{"type":"Feature","properties":{"code":"1208102008","desa":"Simantin","kecamatan":"Pematang Sidamanik","kecCode":"120810","kabCode":"1208","province":"Sumatera Utara"},"geometry":{"type":"Polygon","coordinates":[[[98.87306634193817,2.871211958581905],[98.88254971000116,2.8762785762067087],[98.89343120638512,2.8785123698588824],[98.89308856378626,2.873867661976988],[98.87361564604527,2.856316653923495],[98.8724100958493,2.8482084266194647],[98.86839356531083,2.845790895178215],[98.86869910907664,2.8437121680289112],[98.85676373136118,2.843912043252776],[98.85680562807731,2.848824087203059],[98.86515523342734,2.851478258153446],[98.85944452764289,2.85921626514844],[98.87306634193817,2.871211958581905]]]}},{"type":"Feature","properties":{"code":"1208102010","desa":"Gorak","kecamatan":"Pematang Sidamanik","kecCode":"120810","kabCode":"1208","province":"Sumatera Utara"},"geometry":{"type":"Polygon","coordinates":[[[98.8816767084134,2.804717511093502],[98.8905532877041,2.8091540160294617],[98.9020175303848,2.8094395516780546],[98.90397939693166,2.811700039906545],[98.90650519505874,2.8103128140682756],[98.91094050929712,2.812863596258331],[98.91164483044462,2.815871234946671],[98.91493205576984,2.8106907514597688],[98.91277864441895,2.805890189268808],[98.91620506770977,2.80398661947695],[98.91308797343129,2.7954716198187253],[98.90266117607246,2.7808634147300766],[98.89540381893119,2.791452016301269],[98.89251872276088,2.7898161369106944],[98.89180488498748,2.794753517460961],[98.88258447239555,2.800523710694508],[98.8816767084134,2.804717511093502]]]}},{"type":"Feature","properties":{"code":"1208111018","desa":"Pematang Tanah Jawa","kecamatan":"Tanah Jawa","kecCode":"120811","kabCode":"1208","province":"Sumatera Utara"},"geometry":{"type":"Polygon","coordinates":[[[99.2093096843945,2.9000109358415402],[99.18594937606292,2.882294430948025],[99.17493790336164,2.884500733224652],[99.175609512569,2.887195693825676],[99.2093096843945,2.9000109358415402]]]}},{"type":"Feature","properties":{"code":"1208112001","desa":"Tanjung Pasir","kecamatan":"Tanah Jawa","kecCode":"120811","kabCode":"1208","province":"Sumatera Utara"},"geometry":{"type":"Polygon","coordinates":[[[99.17556568231042,2.871485267947322],[99.18960475055881,2.886255883402773],[99.19200004086922,2.8852523452211156],[99.19485383703498,2.8898986826746214],[99.20488981241499,2.8957099101744257],[99.21403339862252,2.8980758259262673],[99.21519990115458,2.8914520555627368],[99.20926308602264,2.887073924721441],[99.2182706794484,2.8758574281895295],[99.21393091458008,2.877488347819049],[99.20412917662026,2.8699145327477646],[99.20046153267367,2.871412287064004],[99.19179673742956,2.866327736058367],[99.17819208040027,2.8660419872703273],[99.17556568231042,2.871485267947322]]]}},{"type":"Feature","properties":{"code":"1208112002","desa":"Totap Majawa","kecamatan":"Tanah Jawa","kecCode":"120811","kabCode":"1208","province":"Sumatera Utara"},"geometry":{"type":"Polygon","coordinates":[[[99.11694575164518,2.912448314210373],[99.1242419882772,2.9160730865717244],[99.1312211977002,2.9290468790641997],[99.13511248055657,2.927622328663005],[99.13856331144774,2.9227278241905807],[99.132561120999,2.9077041341156726],[99.14656126389126,2.892657400712042],[99.13610339585512,2.891165565733402],[99.11694575164518,2.912448314210373]]]}},{"type":"Feature","properties":{"code":"1208112003","desa":"Balimbingan","kecamatan":"Tanah Jawa","kecCode":"120811","kabCode":"1208","province":"Sumatera Utara"},"geometry":{"type":"Polygon","coordinates":[[[99.175609512569,2.887195693825676],[99.17493790336164,2.884500733224652],[99.1740656877813,2.8864496702163644],[99.16931783125294,2.8836426765715726],[99.14888398880508,2.883579619707075],[99.14302788782679,2.8798367942401204],[99.14134681390442,2.875721099061401],[99.13694715688587,2.8776012172323275],[99.13573245428937,2.8823958429984335],[99.14153179006011,2.890932849067157],[99.15318248738197,2.8930148947147685],[99.15635813292157,2.8962111796918637],[99.16392493508772,2.8958114652170663],[99.17126319344167,2.9014489427984587],[99.17808195481841,2.9022426151876313],[99.17448367468188,2.891949047904546],[99.17108076776327,2.89080739723917],[99.17163638241317,2.88770112900279],[99.175609512569,2.887195693825676]]]}},{"type":"Feature","properties":{"code":"1208112004","desa":"Baja Dolok","kecamatan":"Tanah Jawa","kecCode":"120811","kabCode":"1208","province":"Sumatera Utara"},"geometry":{"type":"Polygon","coordinates":[[[99.21311466471006,2.9029197255472807],[99.17706739904126,2.8866253284962426],[99.17163638241317,2.88770112900279],[99.17135182162933,2.8916750217794474],[99.17441566255285,2.8918649199244824],[99.17396415971825,2.894360715766087],[99.17900476176038,2.9006447411466985],[99.17796651064599,2.9030636485507486],[99.20553746638102,2.9166688316686864],[99.21311466471006,2.9029197255472807]]]}},{"type":"Feature","properties":{"code":"1208112005","desa":"Bosar Galugur","kecamatan":"Tanah Jawa","kecCode":"120811","kabCode":"1208","province":"Sumatera Utara"},"geometry":{"type":"Polygon","coordinates":[[[99.21519990115458,2.8914520555627368],[99.21403339862252,2.8980758259262673],[99.22681958805363,2.9107453813680784],[99.23049207664808,2.918296051487196],[99.23415321040238,2.9186807212035513],[99.24609677644513,2.910729814103505],[99.23550240121489,2.899798798361622],[99.23322771358818,2.8942971202076353],[99.22645008000723,2.900564997361662],[99.21519990115458,2.8914520555627368]]]}},{"type":"Feature","properties":{"code":"1208112006","desa":"Bah Jambi Ii","kecamatan":"Tanah Jawa","kecCode":"120811","kabCode":"1208","province":"Sumatera Utara"},"geometry":{"type":"MultiPolygon","coordinates":[[[[99.14834749823852,2.8932217756573047],[99.14656126389126,2.892657400712042],[99.14824345567098,2.89364658571382],[99.14834749823852,2.8932217756573047]]],[[[99.17805832603096,2.902186634188969],[99.17126319344167,2.9014489427984587],[99.16332092881787,2.895758121030624],[99.15077847274836,2.909275180480636],[99.1618348638879,2.9177547027835407],[99.16712354661443,2.9178522846213486],[99.17500816379578,2.924976570870456],[99.17723616761508,2.930322471157699],[99.1827636131503,2.922147945832494],[99.18847431983403,2.9235756231763372],[99.1935663657952,2.914605054849082],[99.20264818566527,2.91470476718082],[99.19055739520768,2.910434863452372],[99.18940610470803,2.9073924066117884],[99.18708952576104,2.9079931555365626],[99.17805832603096,2.902186634188969]]]]}},{"type":"Feature","properties":{"code":"1208112007","desa":"Bah Kisat","kecamatan":"Tanah Jawa","kecCode":"120811","kabCode":"1208","province":"Sumatera Utara"},"geometry":{"type":"Polygon","coordinates":[[[99.1740656877813,2.8864496702163644],[99.18474416131401,2.88227845988779],[99.17028817725765,2.867014702987531],[99.14824720044798,2.855248206273949],[99.14181549558872,2.8491263781207334],[99.13887293903498,2.857531000387073],[99.14894665536387,2.8650185291054036],[99.148950154626,2.8712096392302935],[99.1515950976357,2.8746733340202604],[99.14989731790693,2.876877737828051],[99.1613649510317,2.883700055116711],[99.16931783125294,2.8836426765715726],[99.1740656877813,2.8864496702163644]]]}},{"type":"Feature","properties":{"code":"1208112008","desa":"Panembean Marjanji","kecamatan":"Tanah Jawa","kecCode":"120811","kabCode":"1208","province":"Sumatera Utara"},"geometry":{"type":"Polygon","coordinates":[[[99.1960988153081,2.868317062502409],[99.20046153267367,2.871412287064004],[99.20412917662026,2.8699145327477646],[99.21393091458008,2.877488347819049],[99.21957331865376,2.8742979102338335],[99.2166754323254,2.867407418938209],[99.22336282073763,2.8575404360740206],[99.2254890437844,2.858410495978429],[99.22474715076042,2.8531682677378383],[99.22908265823814,2.8515424517610244],[99.23233428929609,2.8537102063968343],[99.22637296583974,2.8466650056290748],[99.22631855955393,2.8425994026883084],[99.20597111857232,2.835683996574723],[99.19872247496232,2.8542896377918097],[99.20379756870288,2.8599445298452992],[99.1960988153081,2.868317062502409]]]}},{"type":"Feature","properties":{"code":"1208112009","desa":"Muara Mulia","kecamatan":"Tanah Jawa","kecCode":"120811","kabCode":"1208","province":"Sumatera Utara"},"geometry":{"type":"Polygon","coordinates":[[[99.21957331865376,2.8742979102338335],[99.20926308602264,2.887073924721441],[99.22565565758259,2.9003692797036287],[99.24563790456568,2.88503261476517],[99.24173891631801,2.881670076618214],[99.22638291593887,2.880403002903111],[99.21957331865376,2.8742979102338335]]]}},{"type":"Feature","properties":{"code":"1208112010","desa":"Pardamean Asih","kecamatan":"Tanah Jawa","kecCode":"120811","kabCode":"1208","province":"Sumatera Utara"},"geometry":{"type":"MultiPolygon","coordinates":[[[[99.10812447886165,2.827772643456852],[99.1083076114072,2.8283307015641888],[99.10857602576306,2.828391019993032],[99.10812447886165,2.827772643456852]]],[[[99.13633300896123,2.865362937972454],[99.14168782243512,2.8480528241206216],[99.13082338259306,2.8388978210296827],[99.12514116823041,2.8391794104531143],[99.12009019340775,2.8353465790372785],[99.11474450805264,2.8352606074470725],[99.10873230725024,2.828849577109282],[99.10486810657788,2.830129869059778],[99.1054582120269,2.8344990282643736],[99.09336759603781,2.8362137746009632],[99.09689696292457,2.8398718695421317],[99.09693337107825,2.8467809291400177],[99.110311499676,2.854471677660856],[99.11182933585525,2.858494791232323],[99.11945442038524,2.8641535917394316],[99.13291176396677,2.8676583100037303],[99.13633300896123,2.865362937972454]]]]}},{"type":"Feature","properties":{"code":"1208112011","desa":"Mekar Mulia","kecamatan":"Tanah Jawa","kecCode":"120811","kabCode":"1208","province":"Sumatera Utara"},"geometry":{"type":"Polygon","coordinates":[[[99.10850331827355,2.8272254311734497],[99.11474450805264,2.8352606074470725],[99.12009019340775,2.8353465790372785],[99.12514116823041,2.8391794104531143],[99.13082338259306,2.8388978210296827],[99.13959241735624,2.8449424675662565],[99.1386223699265,2.82587242723694],[99.12864978955622,2.8143175850673323],[99.1136149074021,2.80971858163102],[99.10180514159407,2.811604274699268],[99.1056717614427,2.8196587450280313],[99.1123818406495,2.824013158948351],[99.1124294300742,2.827249225436126],[99.10850331827355,2.8272254311734497]]]}},{"type":"Feature","properties":{"code":"1208112012","desa":"Maligas Tonga","kecamatan":"Tanah Jawa","kecCode":"120811","kabCode":"1208","province":"Sumatera Utara"},"geometry":{"type":"Polygon","coordinates":[[[99.17556568231042,2.871485267947322],[99.17869328336836,2.8638098978334185],[99.17531444860298,2.8537209829728805],[99.1778527194275,2.8506183219172967],[99.1644102047672,2.8394143250625112],[99.16246484527646,2.834218261720522],[99.15757741666448,2.835362127416141],[99.15258345975894,2.83201352426423],[99.14973400821798,2.8336396460106132],[99.14042795138892,2.8295457081301274],[99.14034002557177,2.836704636264373],[99.13786508860301,2.838977339084882],[99.13939840661124,2.8479138698713915],[99.17556568231042,2.871485267947322]]]}},{"type":"Feature","properties":{"code":"1208112013","desa":"Marubun Jaya","kecamatan":"Tanah Jawa","kecCode":"120811","kabCode":"1208","province":"Sumatera Utara"},"geometry":{"type":"MultiPolygon","coordinates":[[[[99.08713115377981,2.8711460616583686],[99.09084922990807,2.869382353531634],[99.0987705789991,2.8715049873817984],[99.10109380033866,2.8683819144137734],[99.10942690762572,2.873269203625486],[99.1105770838654,2.876018162220004],[99.10556236161375,2.8802389701594],[99.11124501484562,2.888907851014124],[99.10974777943652,2.8933203782256762],[99.12451101237336,2.9050655322285834],[99.13610339585512,2.891165565733402],[99.14514531100735,2.8926244999143065],[99.13620315944831,2.8849406518915126],[99.13694715688587,2.8776012172323275],[99.14024001826232,2.8757118207558845],[99.1352177506987,2.872655705911377],[99.13511866069769,2.8662001996018556],[99.13291176396677,2.8676583100037303],[99.11934268771495,2.8640974299769884],[99.11182933585525,2.858494791232323],[99.110311499676,2.854471677660856],[99.09693337107825,2.8467809291400177],[99.09578510769659,2.856314680810968],[99.08601406539684,2.8613477456295637],[99.08713115377981,2.8711460616583686]]],[[[99.14305215783087,2.877045909251837],[99.14304303960465,2.8766508253861938],[99.14213255337471,2.8763799882571104],[99.14305215783087,2.877045909251837]]]]}},{"type":"Feature","properties":{"code":"1208112014","desa":"Pagar Jambi","kecamatan":"Tanah Jawa","kecCode":"120811","kabCode":"1208","province":"Sumatera Utara"},"geometry":{"type":"Polygon","coordinates":[[[99.1312211977002,2.9290468790641997],[99.1371997764486,2.9328413346097277],[99.14226986186468,2.945032444428341],[99.15214762940961,2.9496482534956896],[99.17091929628856,2.949261526130497],[99.16763018328639,2.942361234922534],[99.17694994398477,2.9351828823314365],[99.17529390988607,2.9253998628712963],[99.16712354661443,2.9178522846213486],[99.1618348638879,2.9177547027835407],[99.1499786552908,2.909014413060444],[99.14797990844606,2.909062001585794],[99.14714557231036,2.9129535812142513],[99.13530348576734,2.9045009927072813],[99.13255769368264,2.9078702379980523],[99.13856331144774,2.9227278241905807],[99.1312211977002,2.9290468790641997]]]}},{"type":"Feature","properties":{"code":"1208112015","desa":"Baliju","kecamatan":"Tanah Jawa","kecCode":"120811","kabCode":"1208","province":"Sumatera Utara"},"geometry":{"type":"Polygon","coordinates":[[[99.20567122344822,2.8958532108470476],[99.21311466471006,2.9029197255472807],[99.20474475986282,2.916964475697054],[99.20607834833714,2.918696581647124],[99.20145979543327,2.918139457935453],[99.20131702805844,2.92539016368305],[99.21050078878045,2.927337775973394],[99.22232637726056,2.9335597975956627],[99.23655818101531,2.9212429778435953],[99.23044317241452,2.9182518947748552],[99.2186642983188,2.900964688454079],[99.20567122344822,2.8958532108470476]]]}},{"type":"Feature","properties":{"code":"1208112016","desa":"Bayu Bagasan","kecamatan":"Tanah Jawa","kecCode":"120811","kabCode":"1208","province":"Sumatera Utara"},"geometry":{"type":"Polygon","coordinates":[[[99.22320791970981,2.842466036826278],[99.22631855955393,2.8425994026883084],[99.22637296583974,2.8466650056290748],[99.23233428929609,2.8537102063968343],[99.22908265823814,2.8515424517610244],[99.22474715076042,2.8531682677378383],[99.2254890437844,2.858410495978429],[99.22336282073763,2.8575404360740206],[99.21776998459717,2.865361082671084],[99.21781757402186,2.8712621461479486],[99.22558651500572,2.880089947100546],[99.2404719694059,2.8828321499879532],[99.2492168978416,2.8742694071209973],[99.24243126928769,2.859579638918755],[99.24045155659412,2.841609948789159],[99.23673959765436,2.831540069878367],[99.23234164844837,2.830518639684664],[99.2246196988401,2.83510052002912],[99.22320791970981,2.842466036826278]]]}},{"type":"Feature","properties":{"code":"1208112017","desa":"Bah Jambi Iii","kecamatan":"Tanah Jawa","kecCode":"120811","kabCode":"1208","province":"Sumatera Utara"},"geometry":{"type":"Polygon","coordinates":[[[99.14656126389126,2.892657400712042],[99.13522599658256,2.9047313828274235],[99.14714557231036,2.9129535812142513],[99.14797990844606,2.909062001585794],[99.15112637278395,2.909520758351535],[99.16332092881787,2.895758121030624],[99.15758978773856,2.896469690713044],[99.15318248738197,2.8930148947147685],[99.14656126389126,2.892657400712042]]]}},{"type":"Feature","properties":{"code":"1208112019","desa":"Parbalogan","kecamatan":"Tanah Jawa","kecCode":"120811","kabCode":"1208","province":"Sumatera Utara"},"geometry":{"type":"Polygon","coordinates":[[[99.08524168625489,2.8996290720100055],[99.08954499620465,2.900216208796299],[99.09503217639389,2.9050284387914855],[99.10709050582227,2.9044478041035835],[99.1137684567489,2.9120841877075208],[99.11857860481882,2.912273521078334],[99.12451101237336,2.9050655322285834],[99.10974777943652,2.8933203782256762],[99.11124501484562,2.888907851014124],[99.10556236161375,2.8802389701594],[99.11045891924378,2.8750552032477494],[99.10125859930496,2.868402800268895],[99.0987705789991,2.8715049873817984],[99.0890484885969,2.8702513162631655],[99.08524168625489,2.8996290720100055]]]}},{"type":"Feature","properties":{"code":"1208112020","desa":"Marubun Bayu","kecamatan":"Tanah Jawa","kecCode":"120811","kabCode":"1208","province":"Sumatera Utara"},"geometry":{"type":"Polygon","coordinates":[[[99.14305215783087,2.877045909251837],[99.14302788782679,2.8798367942401204],[99.14888398880508,2.883579619707075],[99.16087403720711,2.8831969383918334],[99.14989731790693,2.876877737828051],[99.1515950976357,2.8746733340202604],[99.148950154626,2.8712096392302935],[99.14894665536387,2.8650185291054036],[99.13887293903498,2.857531000387073],[99.13497484561269,2.8717772742180623],[99.14305215783087,2.877045909251837]]]}},{"type":"Feature","properties":{"code":"1208122001","desa":"Buttu Bayu","kecamatan":"Hatonduhan","kecCode":"120812","kabCode":"1208","province":"Sumatera Utara"},"geometry":{"type":"Polygon","coordinates":[[[99.18319360330217,2.8261262419984248],[99.18952883968426,2.8207760366565497],[99.19817099989177,2.8046829564425892],[99.22720391962525,2.8100109566238727],[99.23122191156205,2.803681478607705],[99.23507219342707,2.8039608503031133],[99.21056386093352,2.7859629898098333],[99.21210934317173,2.776054901632906],[99.20728824225863,2.770261625500412],[99.1979589793235,2.76790902331215],[99.1833869890184,2.754645032186339],[99.17908701375472,2.7539280422899246],[99.16946381460343,2.792170901968454],[99.16586487976046,2.797911351024701],[99.16112417643966,2.7998292029499203],[99.16839048633192,2.8038972106778703],[99.17568686685546,2.815920626612691],[99.18041247595505,2.8185618284398055],[99.18032324522164,2.825293324094481],[99.18319360330217,2.8261262419984248]]]}},{"type":"Feature","properties":{"code":"1208122002","desa":"Bosar Nauli","kecamatan":"Hatonduhan","kecCode":"120812","kabCode":"1208","province":"Sumatera Utara"},"geometry":{"type":"Polygon","coordinates":[[[99.12901144562174,2.7158657799679213],[99.12451097640049,2.7096600019004926],[99.12697397307045,2.705745956308046],[99.12597197722505,2.693019034012319],[99.11379499933979,2.6830769703478206],[99.08788499339776,2.672841958822438],[99.07826801036043,2.6611970117784844],[99.07521401521466,2.6322109989159634],[99.07801201834002,2.628138010742566],[99.07616402934656,2.6232770150095015],[99.08143300972569,2.614337960725346],[99.07766666698313,2.5970555531871997],[99.07356277809981,2.606256107838983],[99.05957138920832,2.6161619414155233],[99.03379884284236,2.641912844668954],[99.0421206852215,2.6490873571548614],[99.06398258273009,2.6912114992243863],[99.06291614866136,2.700276187898909],[99.0682483190048,2.711473744708484],[99.0815787439639,2.7184055661473594],[99.08797734657735,2.7269370377881157],[99.0916343200679,2.7386875463544094],[99.0888384528324,2.7497520403735507],[99.11435817279153,2.7672410788428485],[99.11876592730579,2.76821666879331],[99.1210502097994,2.7633625690616723],[99.13422599993002,2.750772957054414],[99.1363280393076,2.743748997374031],[99.1294678794391,2.727273957101168],[99.12901144562174,2.7158657799679213]]]}},{"type":"Feature","properties":{"code":"1208122003","desa":"Tangga Batu","kecamatan":"Hatonduhan","kecCode":"120812","kabCode":"1208","province":"Sumatera Utara"},"geometry":{"type":"Polygon","coordinates":[[[99.10180514159407,2.811604274699268],[99.1136149074021,2.80971858163102],[99.12157431939936,2.8118657678723276],[99.12373103755736,2.806569943635239],[99.12340638859399,2.7864992069819143],[99.12788592429604,2.7849198230022516],[99.1211758441899,2.7773531368568425],[99.11876592730579,2.76821666879331],[99.11090795343937,2.7660513477229403],[99.0888384528324,2.7497520403735507],[99.0916343200679,2.7386875463544094],[99.08797734657735,2.7269370377881157],[99.0815787439639,2.7184055661473594],[99.0682483190048,2.711473744708484],[99.06291614866136,2.700276187898909],[99.06398258273009,2.6912114992243863],[99.0421206852215,2.6490873571548614],[99.03379884284236,2.641912844668954],[99.01952100009413,2.6527339767467186],[99.01495732292214,2.6650574173075814],[99.00346039078447,2.6794729741243435],[98.99827514358303,2.6899933917959786],[98.99805468377666,2.7034795586343603],[99.00153821491676,2.7097803716596136],[99.00852431224727,2.7135541967574457],[99.01036998098988,2.721420894039151],[99.01548582211308,2.726774681380709],[99.01859734239349,2.7269140547139687],[99.02251778037134,2.719930468298159],[99.02691502540812,2.717132222358901],[99.04181996901644,2.724841674979682],[99.05197329872878,2.738167193223204],[99.06014366020179,2.7672523410527834],[99.05976532530957,2.77795991573597],[99.08166469576918,2.7899571578019127],[99.092723240785,2.806161288100644],[99.10180514159407,2.811604274699268]]]}},{"type":"Feature","properties":{"code":"1208122004","desa":"Buntu Turunan","kecamatan":"Hatonduhan","kecCode":"120812","kabCode":"1208","province":"Sumatera Utara"},"geometry":{"type":"Polygon","coordinates":[[[99.1538233199903,2.801058684104258],[99.16586487976046,2.797911351024701],[99.16946381460343,2.792170901968454],[99.17908701375472,2.7539280422899246],[99.17266801811462,2.7506870052492514],[99.16809903404321,2.743979992737966],[99.15408100003815,2.7369750015582093],[99.15219896541,2.7318209968103053],[99.1399939979247,2.719210982783119],[99.12901144562174,2.7158657799679213],[99.1294678794391,2.727273957101168],[99.1363280393076,2.743748997374031],[99.13422599993002,2.750772957054414],[99.11924181975422,2.7661227440007745],[99.11924181975422,2.7708816657823956],[99.12203768698969,2.7743794727567455],[99.13107963901417,2.7755394605986687],[99.13524369434106,2.7784543000437947],[99.13937800908792,2.7883885494989973],[99.14355535639463,2.790140385675353],[99.14939752237778,2.7982033312151517],[99.1538233199903,2.801058684104258]]]}},{"type":"Feature","properties":{"code":"1208122005","desa":"Saribu Asih","kecamatan":"Hatonduhan","kecCode":"120812","kabCode":"1208","province":"Sumatera Utara"},"geometry":{"type":"Polygon","coordinates":[[[99.12157431939936,2.8118657678723276],[99.12864978955622,2.8143175850673323],[99.14021115002464,2.83043046385602],[99.14220167436781,2.8293667295533087],[99.1499354536583,2.833679317803968],[99.15258345975894,2.83201352426423],[99.15757741666448,2.835362127416141],[99.16254866568839,2.8342686336475764],[99.1644102047672,2.8394143250625112],[99.17248997123522,2.8470915297934],[99.16979183962178,2.8331109867409756],[99.1830996304436,2.826242162811386],[99.17907402844372,2.8222000249813584],[99.18041247595505,2.8185618284398055],[99.17568686685546,2.815920626612691],[99.16839048633192,2.8038972106778703],[99.15985674029639,2.799309285090596],[99.15318086590428,2.8007374570615737],[99.13937800908792,2.7883885494989973],[99.13524369434106,2.7784543000437947],[99.12019360375187,2.772690055825628],[99.1211758441899,2.7773531368568425],[99.12788592429604,2.7849198230022516],[99.12340638859399,2.7864992069819143],[99.12373103755736,2.806569943635239],[99.12157431939936,2.8118657678723276]]]}},{"type":"Feature","properties":{"code":"1208122006","desa":"Jawa Tonga","kecamatan":"Hatonduhan","kecCode":"120812","kabCode":"1208","province":"Sumatera Utara"},"geometry":{"type":"Polygon","coordinates":[[[99.17819208040027,2.8660419872703273],[99.1960988153081,2.868317062502409],[99.20379756870288,2.8599445298452992],[99.19963774108895,2.8547521330393097],[99.19192461562858,2.8559278140508635],[99.1843722062124,2.849553237732178],[99.18522008793678,2.845348730004874],[99.17869719182198,2.84041452226276],[99.18115267105894,2.8286438338090854],[99.16979183962178,2.8331109867409756],[99.17255012328962,2.8471725721994847],[99.17826336965885,2.8513377885465756],[99.17531444860298,2.8537209829728805],[99.17855051599354,2.860383473647006],[99.17819208040027,2.8660419872703273]]]}},{"type":"Feature","properties":{"code":"1208122007","desa":"Tonduhan","kecamatan":"Hatonduhan","kecCode":"120812","kabCode":"1208","province":"Sumatera Utara"},"geometry":{"type":"Polygon","coordinates":[[[99.20159150834148,2.8487076196023007],[99.20597111857232,2.835683996574723],[99.22320791970981,2.842466036826278],[99.22333478976877,2.836206969431054],[99.23301237002494,2.829847918108791],[99.23904044026413,2.8052500617296525],[99.23122191156205,2.803681478607705],[99.22720391962525,2.8100109566238727],[99.19817099989177,2.8046829564425892],[99.18952883968426,2.8207760366565497],[99.18319360330217,2.8261262419984248],[99.1934535377506,2.833478180831337],[99.19391878582336,2.8397910276848566],[99.19902537562062,2.8428229004042644],[99.20159150834148,2.8487076196023007]]]}},{"type":"Feature","properties":{"code":"1208122008","desa":"Parhundalian Jw.Dipar","kecamatan":"Hatonduhan","kecCode":"120812","kabCode":"1208","province":"Sumatera Utara"},"geometry":{"type":"Polygon","coordinates":[[[99.23234164844837,2.830518639684664],[99.23753909675195,2.832701246624006],[99.24243126928769,2.859579638918755],[99.24594176390133,2.867729615450022],[99.25599815928767,2.8608879582407734],[99.263723636037,2.849041984840725],[99.25837649378025,2.8452755656599185],[99.25990944126778,2.8417430349620614],[99.25669661235885,2.836442914663468],[99.25774499523537,2.830436014471751],[99.2513056632258,2.8241515394300696],[99.24844188098807,2.812976097848903],[99.2398813450481,2.8073075468922224],[99.23354558705927,2.821691920616429],[99.23234164844837,2.830518639684664]]]}},{"type":"Feature","properties":{"code":"1208122009","desa":"Jawa Tongah Ii","kecamatan":"Hatonduhan","kecCode":"120812","kabCode":"1208","province":"Sumatera Utara"},"geometry":{"type":"Polygon","coordinates":[[[99.1951654413321,2.8563132859624756],[99.20159150834148,2.8487076196023007],[99.199099046284,2.8429195388532853],[99.19391878582336,2.8397910276848566],[99.1934535377506,2.833478180831337],[99.18319360330217,2.8261262419984248],[99.17869719182198,2.84041452226276],[99.18522008793678,2.845348730004874],[99.18406287630073,2.849053551021553],[99.19086813435695,2.8552282521164196],[99.1951654413321,2.8563132859624756]]]}},{"type":"Feature","properties":{"code":"1208132001","desa":"Negeri Dolok","kecamatan":"Dolok Panribuan","kecCode":"120813","kabCode":"1208","province":"Sumatera Utara"},"geometry":{"type":"Polygon","coordinates":[[[99.0786567728918,2.788059510945087],[99.0610145429868,2.77938759218051],[99.05967384537172,2.7739097595505893],[99.05560587990749,2.772039729974445],[99.03088716900771,2.770729388976406],[99.03349615082675,2.792562018924534],[99.04259293631502,2.7992922888032292],[99.05989697526525,2.805797917028312],[99.0682983716726,2.7984580381040356],[99.06667810181301,2.795701601646672],[99.0786567728918,2.788059510945087]]]}},{"type":"Feature","properties":{"code":"1208132002","desa":"Dolok Parmonangan","kecamatan":"Dolok Panribuan","kecCode":"120813","kabCode":"1208","province":"Sumatera Utara"},"geometry":{"type":"Polygon","coordinates":[[[98.93058662477297,2.7675897172214152],[98.93701785479021,2.777892303805238],[98.94094964131294,2.776647763503354],[98.94547617738372,2.7819171188940186],[98.95284152601569,2.784719233716684],[98.95402957540465,2.788152112337401],[98.96602101056124,2.7897637639920845],[98.97323307874363,2.7961153473440326],[98.97939112440092,2.7952599311005204],[98.98081880084703,2.78869261927567],[98.98995593082162,2.7952028241506386],[98.99401053325954,2.8020556716241405],[98.99750067531595,2.8028872657259765],[98.99874803409455,2.7956031798420358],[99.00166438260521,2.7939118311671147],[99.01109142163187,2.805103454249861],[99.01261400892942,2.812306975267684],[99.02094338582866,2.8134638883275516],[99.0219516238684,2.816993592456217],[99.02578995464273,2.8160009558563623],[99.02877921658761,2.818983132938944],[99.02910428193711,2.813542393746147],[99.02464223535094,2.808194960114797],[99.03064106143592,2.80861059258979],[99.03119536487424,2.810382985469467],[99.03253654542526,2.805806960610791],[99.03693537596689,2.8050491819630765],[99.03723542127771,2.8071882473262924],[99.04210356482768,2.808304285299881],[99.04814105096881,2.8073797849354842],[99.05745427539455,2.813260258434127],[99.0589130908665,2.810456374644986],[99.05885584092435,2.804294941248221],[99.04259293631502,2.7992922888032292],[99.03273742789003,2.7911891651518728],[99.03088716900771,2.770729388976406],[99.0544637391103,2.771801783750442],[99.05967384537172,2.7739097595505893],[99.06042919585076,2.770678765239186],[99.05197329872878,2.738167193223204],[99.04181996901644,2.724841674979682],[99.02828559400501,2.7171893293087948],[99.0242880994163,2.7178746154051217],[99.01606468243921,2.730895024255717],[99.0076128367631,2.7371768013312257],[98.98543150186235,2.738868597868581],[98.96792937374163,2.747581235237334],[98.97588513988732,2.7477169681149305],[98.98152446288371,2.753998746089824],[98.99224244723122,2.7590268439527583],[98.98727175398828,2.7707671047443276],[98.98251411193678,2.7721317629952393],[98.97849611640271,2.770435474344278],[98.96751371788383,2.760307635026975],[98.9523420308601,2.7630973185210537],[98.94884422388189,2.773911969184894],[98.94115856371678,2.7663500422517244],[98.93058662477297,2.7675897172214152]]]}},{"type":"Feature","properties":{"code":"1208132003","desa":"Dolok Tomuan","kecamatan":"Dolok Panribuan","kecCode":"120813","kabCode":"1208","province":"Sumatera Utara"},"geometry":{"type":"Polygon","coordinates":[[[99.04517332239095,2.845948354777086],[99.05166684035248,2.853607750233462],[99.05812148242053,2.8544535149528194],[99.06313276206735,2.8598820512448615],[99.069804876394,2.861567814230563],[99.07117732277527,2.856156538626594],[99.06692602961265,2.8499691642854916],[99.05841707698659,2.845432423612366],[99.05972677137343,2.8418553009301815],[99.06203303059992,2.8419330149454396],[99.06058277487523,2.8390722121646808],[99.05288646134119,2.8336934299655394],[99.03128492206156,2.8330066429006746],[99.03032837795233,2.8297087102508285],[99.02801554198375,2.8296373256641725],[99.02881390074099,2.82691145176712],[99.02559769397847,2.8266270159894202],[99.02603583108879,2.8205953736495184],[99.01994634165038,2.8221893554246575],[99.0227422088859,2.8278405746468493],[99.03403832600797,2.837434568304264],[99.03741235479639,2.84407140941442],[99.04517332239095,2.845948354777086]]]}},{"type":"Feature","properties":{"code":"1208132004","desa":"Marihat Dolok","kecamatan":"Dolok Panribuan","kecCode":"120813","kabCode":"1208","province":"Sumatera Utara"},"geometry":{"type":"Polygon","coordinates":[[[99.10486810657788,2.830129869059778],[99.1124294300742,2.827249225436126],[99.1123818406495,2.824013158948351],[99.1056717614427,2.8196587450280313],[99.10180514159407,2.811604274699268],[99.09116845685882,2.8119888697718225],[99.0918381675974,2.815800805440017],[99.09840224456798,2.8196984393044797],[99.10046105443415,2.8271135105449394],[99.10486810657788,2.830129869059778]]]}},{"type":"Feature","properties":{"code":"1208132005","desa":"Tiga Dolok","kecamatan":"Dolok Panribuan","kecCode":"120813","kabCode":"1208","province":"Sumatera Utara"},"geometry":{"type":"Polygon","coordinates":[[[99.04453916904748,2.8292507844586754],[99.03064106143592,2.80861059258979],[99.02464223535094,2.808194960114797],[99.03020404128353,2.8168101748257874],[99.02888152256429,2.821666325911024],[99.02452627856496,2.8233877254321205],[99.02581310139357,2.8268473975544866],[99.02881390074099,2.82691145176712],[99.02814403262109,2.829922861312828],[99.03032837795233,2.8297087102508285],[99.03244133959623,2.8332350707001597],[99.05288646134119,2.8336934299655394],[99.04453916904748,2.8292507844586754]]]}},{"type":"Feature","properties":{"code":"1208132006","desa":"Ujung Bondar","kecamatan":"Dolok Panribuan","kecCode":"120813","kabCode":"1208","province":"Sumatera Utara"},"geometry":{"type":"Polygon","coordinates":[[[99.069804876394,2.861567814230563],[99.08651725316876,2.87169571650046],[99.08601406539684,2.8613477456295637],[99.0896546406492,2.8558654676507627],[99.09002107841006,2.8450960277048085],[99.06818357501203,2.8280019795715874],[99.06343873031324,2.8321961765716246],[99.06679377081593,2.8392929192844063],[99.05972677137343,2.8418553009301815],[99.05837048041337,2.8448177297999377],[99.07023823990289,2.854666219904983],[99.069804876394,2.861567814230563]]]}},{"type":"Feature","properties":{"code":"1208132007","desa":"Marihat Raja","kecamatan":"Dolok Panribuan","kecCode":"120813","kabCode":"1208","province":"Sumatera Utara"},"geometry":{"type":"Polygon","coordinates":[[[99.09693337107825,2.8467809291400177],[99.09689696292457,2.8398718695421317],[99.09336759603781,2.8362137746009632],[99.09988016883476,2.835086529276055],[99.09583299299828,2.8330757557998534],[99.08719719009832,2.8196633648454172],[99.08181524497763,2.816548104287967],[99.07596981085815,2.8052039417971715],[99.06783731803785,2.7986897538248923],[99.06171139256679,2.8042709536313017],[99.0703434605823,2.8124024401013843],[99.07246522209238,2.8260694507105506],[99.0823994715584,2.828805832286345],[99.08586687155893,2.8359658827745076],[99.0935928708144,2.839864842239643],[99.09693337107825,2.8467809291400177]]]}},{"type":"Feature","properties":{"code":"1208132008","desa":"Bandar Dolok","kecamatan":"Dolok Panribuan","kecCode":"120813","kabCode":"1208","province":"Sumatera Utara"},"geometry":{"type":"Polygon","coordinates":[[[98.96751371788383,2.760307635026975],[98.97849611640271,2.770435474344278],[98.9838453297982,2.772137674239045],[98.98826160898614,2.770081821345966],[98.99262078122416,2.7599929046868064],[98.9744217720472,2.7471815900103342],[98.95486127382877,2.749403193352247],[98.94840817589665,2.7523727610404114],[98.9498842979221,2.755505180662435],[98.96314708127285,2.760684499527284],[98.96751371788383,2.760307635026975]]]}},{"type":"Feature","properties":{"code":"1208132009","desa":"Gunung Mariah","kecamatan":"Dolok Panribuan","kecCode":"120813","kabCode":"1208","province":"Sumatera Utara"},"geometry":{"type":"Polygon","coordinates":[[[99.05745427539455,2.813260258434127],[99.04814105096881,2.8073797849354842],[99.03886749743714,2.8078759822765904],[99.03693537596689,2.8050491819630765],[99.0312992257787,2.8073869228545334],[99.03421507426634,2.8155933938974407],[99.03827370566705,2.8141458379390905],[99.05303935418287,2.8248121067607115],[99.06014908940898,2.825115028103097],[99.05508381086925,2.8186220740236387],[99.05745427539455,2.813260258434127]]]}},{"type":"Feature","properties":{"code":"1208132010","desa":"Siatasan","kecamatan":"Dolok Panribuan","kecCode":"120813","kabCode":"1208","province":"Sumatera Utara"},"geometry":{"type":"Polygon","coordinates":[[[99.01489259691589,2.830381510159843],[99.01994634165038,2.8221893554246575],[99.0245891177936,2.820328874849935],[99.02888152256429,2.821666325911024],[99.0280081135836,2.817418873757403],[99.0219516238684,2.816993592456217],[99.02094338582866,2.8134638883275516],[99.01261400892942,2.812306975267684],[99.01109142163187,2.805103454249861],[99.00166438260521,2.7939118311671147],[98.99874803409455,2.7956031798420358],[98.99750067531595,2.8028872657259765],[98.99555242270624,2.802855170720835],[98.98995593082162,2.7952028241506386],[98.98081880084703,2.78869261927567],[98.97725585597306,2.796491428534841],[98.9794434721386,2.8018557972995777],[98.9834409667273,2.803426241118766],[98.98479535382255,2.812713709850391],[98.99883459833806,2.8215995764301938],[98.99950652680485,2.8270929439490664],[99.00257085336227,2.8294657224274364],[99.00786229071217,2.8313858082686116],[99.01489259691589,2.830381510159843]]]}},{"type":"Feature","properties":{"code":"1208132011","desa":"Marihat Marsada","kecamatan":"Dolok Panribuan","kecCode":"120813","kabCode":"1208","province":"Sumatera Utara"},"geometry":{"type":"Polygon","coordinates":[[[99.06171139256679,2.8042709536313017],[99.05508381086925,2.8186220740236387],[99.06460162206724,2.8310325338849136],[99.07424371507547,2.826612913720394],[99.0697849483168,2.8170575180657953],[99.0703434605823,2.8124024401013843],[99.06171139256679,2.8042709536313017]]]}},{"type":"Feature","properties":{"code":"1208132012","desa":"Pondok Buluh","kecamatan":"Dolok Panribuan","kecCode":"120813","kabCode":"1208","province":"Sumatera Utara"},"geometry":{"type":"Polygon","coordinates":[[[99.01859734239349,2.7269140547139687],[99.01548582211308,2.726774681380709],[99.01036998098988,2.721420894039151],[99.00911917780786,2.714458392228705],[99.00098617956859,2.7091141233116622],[98.99712175856233,2.6987855795956324],[98.9900244222893,2.697902800579556],[98.97660045434752,2.701254435346042],[98.97511212042811,2.7068249673943328],[98.96824248800048,2.714282679090245],[98.96201861196943,2.7097627287597583],[98.9508946313822,2.7081565944458093],[98.94393024638384,2.7101620664186137],[98.9405138559298,2.7183705852177464],[98.94569255696597,2.7256260034128226],[98.94603764841878,2.7319085790862916],[98.94984640139033,2.73607558868157],[98.95281956726926,2.7341416200059965],[98.96062712963841,2.7407687790149144],[98.96439013139951,2.748291391185545],[98.98543150186235,2.738868597868581],[99.00624226726688,2.737747871729166],[99.01859734239349,2.7269140547139687]]]}},{"type":"Feature","properties":{"code":"1208132013","desa":"Marihat Pondok","kecamatan":"Dolok Panribuan","kecCode":"120813","kabCode":"1208","province":"Sumatera Utara"},"geometry":{"type":"Polygon","coordinates":[[[99.1000999118815,2.835468266303215],[99.10577986444923,2.8342701822801715],[99.10486810657788,2.830129869059778],[99.10046105443415,2.8271135105449394],[99.1000040405541,2.821888219236463],[99.0918381675974,2.815800805440017],[99.09103083000882,2.8124407826967563],[99.0990502096995,2.8106802662640247],[99.092723240785,2.806161288100644],[99.0859179818295,2.7981365547546364],[99.0861559280537,2.795251458587524],[99.0786567728918,2.788059510945087],[99.06674198785252,2.7965812824982965],[99.07596981085815,2.8052039417971715],[99.07919432465842,2.812929307022208],[99.08808638308017,2.820608588287659],[99.09583299299828,2.8330757557998534],[99.1000999118815,2.835468266303215]]]}},{"type":"Feature","properties":{"code":"1208132014","desa":"Lumban Gorat","kecamatan":"Dolok Panribuan","kecCode":"120813","kabCode":"1208","province":"Sumatera Utara"},"geometry":{"type":"Polygon","coordinates":[[[99.08601406539684,2.8613477456295637],[99.09578510769659,2.856314680810968],[99.09693337107825,2.8467809291400177],[99.0935928708144,2.839864842239643],[99.08586687155893,2.8359658827745076],[99.0823994715584,2.828805832286345],[99.07543954809671,2.825950477598599],[99.07029653575658,2.8288966566183054],[99.09002107841006,2.8450960277048085],[99.0896546406492,2.8558654676507627],[99.08601406539684,2.8613477456295637]]]}},{"type":"Feature","properties":{"code":"1208132015","desa":"Palianopat","kecamatan":"Dolok Panribuan","kecCode":"120813","kabCode":"1208","province":"Sumatera Utara"},"geometry":{"type":"Polygon","coordinates":[[[99.04495103336352,2.829639675592673],[99.0606447255737,2.839124728974852],[99.0609878870814,2.842093247154199],[99.06679377081593,2.8392929192844063],[99.06343873031324,2.834159232020105],[99.06460162206724,2.8310325338849136],[99.06014908940898,2.825115028103097],[99.05303935418287,2.8248121067607115],[99.03706018028315,2.8140887309891793],[99.03581886944534,2.8191347478438837],[99.03948963763673,2.8201106282753465],[99.04495103336352,2.829639675592673]]]}},{"type":"Feature","properties":{"code":"1208141008","desa":"Tiga Runggu","kecamatan":"Purba","kecCode":"120814","kabCode":"1208","province":"Sumatera Utara"},"geometry":{"type":"Polygon","coordinates":[[[98.74917021773143,2.8907082766612646],[98.74678239359262,2.8757532381333717],[98.7255999797553,2.8697659602492807],[98.72732437402072,2.8719096382353557],[98.72293855127315,2.8765695734380943],[98.72097875856291,2.885423395374778],[98.71601520503775,2.8904149097162852],[98.71641495368719,2.8963540441933096],[98.71893480279896,2.897248722139341],[98.71736435897805,2.903292552990913],[98.71972438777033,2.9119806586530097],[98.73434299083641,2.913050249340882],[98.73894948023438,2.903005332012766],[98.73919694488312,2.8943250576469723],[98.7420713337251,2.8928783461520635],[98.74581517722868,2.895490993604933],[98.74917021773143,2.8907082766612646]]]}},{"type":"Feature","properties":{"code":"1208142001","desa":"Purba Tongah","kecamatan":"Purba","kecCode":"120814","kabCode":"1208","province":"Sumatera Utara"},"geometry":{"type":"Polygon","coordinates":[[[98.71648296042035,2.8894328527410194],[98.72097875856291,2.885423395374778],[98.72293855127315,2.8765695734380943],[98.72732437402072,2.8719096382353557],[98.72558831914567,2.86973956964386],[98.71816370339224,2.8689747789821647],[98.71619921981818,2.8721423180293746],[98.71169156861107,2.872188002689955],[98.70878291559914,2.869781891739338],[98.70449299475598,2.8745428289016597],[98.71648296042035,2.8894328527410194]]]}},{"type":"Feature","properties":{"code":"1208142002","desa":"Pematang Purba","kecamatan":"Purba","kecCode":"120814","kabCode":"1208","province":"Sumatera Utara"},"geometry":{"type":"Polygon","coordinates":[[[98.73434299083641,2.913050249340882],[98.71972438777033,2.9119806586530097],[98.71648296042035,2.8894328527410194],[98.70357877004426,2.873269579542107],[98.70149332675565,2.868146095985742],[98.70278735944912,2.8660728322178874],[98.69670273894032,2.8642590291552574],[98.69249109239007,2.8728465033785207],[98.6925126527368,2.8779603489005168],[98.68362264656793,2.8835490499521415],[98.6839355467881,2.8952893107438005],[98.6804900884469,2.895765203191703],[98.67895771472683,2.9025799787657394],[98.66454408873874,2.9149141770169726],[98.67591200503506,2.9272787849438218],[98.67891012530207,2.9276594976431594],[98.68314556521574,2.9376532345537574],[98.69056948489389,2.940127873844207],[98.69128332266729,2.945648223722488],[98.69713679672583,2.9493601826581752],[98.69794581334865,2.939461624596897],[98.71098525996183,2.9415555511880833],[98.70613115932558,2.9366062717078107],[98.70651187292464,2.932703955972749],[98.71141356298561,2.9273739628938373],[98.72293015340391,2.9216632571156067],[98.7281649676392,2.922615041112172],[98.73159139182934,2.927040837820552],[98.7394451874455,2.9309006785754046],[98.74095732462092,2.9281999317363834],[98.74647296925218,2.9294952639487533],[98.73906290003286,2.9157621927394253],[98.73434299083641,2.913050249340882]]]}},{"type":"Feature","properties":{"code":"1208142003","desa":"Urung Purba","kecamatan":"Purba","kecCode":"120814","kabCode":"1208","province":"Sumatera Utara"},"geometry":{"type":"MultiPolygon","coordinates":[[[[98.66830224405338,2.9119049186496477],[98.66787383940624,2.9115178675285756],[98.66596465694339,2.913465213619573],[98.66830224405338,2.9119049186496477]]],[[[98.71065213488815,2.94165072913808],[98.69794581334865,2.939461624596897],[98.69751751032493,2.9481704515383025],[98.69585188765456,2.948693933410935],[98.69128332266729,2.945648223722488],[98.69056948489389,2.940127873844207],[98.68314556521574,2.9376532345537574],[98.67891012530207,2.9276594976431594],[98.67591200503506,2.9272787849438218],[98.66454408873874,2.9149141770169726],[98.65649166076162,2.925225743331537],[98.65281680515146,2.9361895888246488],[98.65632808397396,2.9460256799766857],[98.67242739470855,2.9621245464287265],[98.67428337507778,2.9679780222795356],[98.68595727670703,2.960128037099412],[98.69840866562747,2.9570756004820833],[98.7002646459967,2.9500086019465974],[98.70963972129618,2.954172658168264],[98.7167978517395,2.9521243550837917],[98.71065213488815,2.94165072913808]]]]}},{"type":"Feature","properties":{"code":"1208142004","desa":"Purba Sipinggan","kecamatan":"Purba","kecCode":"120814","kabCode":"1208","province":"Sumatera Utara"},"geometry":{"type":"Polygon","coordinates":[[[98.64730005975002,2.9475434738860717],[98.65562248758778,2.9282458978846955],[98.65097212656245,2.9257484095190422],[98.64962315608386,2.914566125895687],[98.65981157644312,2.8956964671084653],[98.65835534562272,2.8908756791646844],[98.6611214686809,2.886860340232343],[98.65731433179104,2.8839752431659136],[98.65855492676849,2.879824387193206],[98.64882568855472,2.884137147214372],[98.6361714656407,2.9172848627729286],[98.63633079223234,2.9214608925683336],[98.64182114882703,2.9273938226226104],[98.64466007020617,2.943663682570962],[98.64730005975002,2.9475434738860717]]]}},{"type":"Feature","properties":{"code":"1208142005","desa":"Hinalang","kecamatan":"Purba","kecCode":"120814","kabCode":"1208","province":"Sumatera Utara"},"geometry":{"type":"Polygon","coordinates":[[[98.6361714656407,2.9172848627729286],[98.64207464972537,2.897880098375707],[98.64882568855472,2.884137147214372],[98.63652834990346,2.8869033125376116],[98.63026908375126,2.9019752053748378],[98.62860538832808,2.9074895963451874],[98.6361714656407,2.9172848627729286]]]}},{"type":"Feature","properties":{"code":"1208142006","desa":"Purba Dolok","kecamatan":"Purba","kecCode":"120814","kabCode":"1208","province":"Sumatera Utara"},"geometry":{"type":"Polygon","coordinates":[[[98.70449299475598,2.8745428289016597],[98.70878291559914,2.869781891739338],[98.71169156861107,2.872188002689955],[98.71619921981818,2.8721423180293746],[98.71816370339224,2.8689747789821647],[98.7265705595837,2.869648197624754],[98.727506380615,2.860660318247419],[98.72995722564552,2.8592802285295784],[98.72936236098421,2.8517611327081145],[98.73466434738178,2.851855533643882],[98.73699223170621,2.8355819109320803],[98.72757066955079,2.848982414647793],[98.72503654370159,2.848304269168484],[98.7146858874438,2.855014349267323],[98.71122040929453,2.8541086636193795],[98.70405012001707,2.856930026631801],[98.6973865123777,2.8633295312583087],[98.70278735944912,2.8660728322178874],[98.70149332675565,2.868146095985742],[98.70449299475598,2.8745428289016597]]]}},{"type":"Feature","properties":{"code":"1208142007","desa":"Tano Tinggir","kecamatan":"Purba","kecCode":"120814","kabCode":"1208","province":"Sumatera Utara"},"geometry":{"type":"Polygon","coordinates":[[[98.62860538832808,2.9074895963451874],[98.63652834990346,2.8869033125376116],[98.62234585058059,2.8882542282483437],[98.61786810273081,2.8846274530967353],[98.61086705057397,2.8838519632006614],[98.61218060395173,2.8872971796204827],[98.60817304325137,2.894398869503896],[98.60963045757961,2.9064020399008057],[98.61480141635235,2.9087527786937892],[98.62860538832808,2.9074895963451874]]]}},{"type":"Feature","properties":{"code":"1208142009","desa":"Seribu Jandi","kecamatan":"Purba","kecCode":"120814","kabCode":"1208","province":"Sumatera Utara"},"geometry":{"type":"Polygon","coordinates":[[[98.7167978517395,2.9521243550837917],[98.70963972129618,2.954172658168264],[98.7002646459967,2.9500086019465974],[98.69840866562747,2.9570756004820833],[98.69181755863347,2.957694260304719],[98.67768864991132,2.964886958881095],[98.67428337507778,2.9679780222795356],[98.67423082409334,2.9724209447776495],[98.67906846893474,2.97577704827534],[98.6950382224361,2.9725421715906815],[98.69760803967931,2.975492702429793],[98.71373850382894,2.9790249669283546],[98.7191238250046,2.9854782618050133],[98.720734119584,2.993815696620694],[98.72866938568363,2.996846682608643],[98.73609330356317,3.0062693491212666],[98.74694364563283,3.006078990523258],[98.7467770839953,2.9965908902379823],[98.74972761573694,2.986882689875361],[98.74566389777073,2.974236355827996],[98.73991749969292,2.970702855660954],[98.73208907305234,2.9603700464604055],[98.72096509156579,2.9581095591312243],[98.7167978517395,2.9521243550837917]]]}},{"type":"Feature","properties":{"code":"1208142010","desa":"Huta Raja","kecamatan":"Purba","kecCode":"120814","kabCode":"1208","province":"Sumatera Utara"},"geometry":{"type":"Polygon","coordinates":[[[98.75910071432656,2.9322450157453774],[98.74095732462092,2.9281999317363834],[98.7394451874455,2.9309006785754046],[98.73159139182934,2.927040837820552],[98.7281649676392,2.922615041112172],[98.72293015340391,2.9216632571156067],[98.71141356298561,2.9273739628938373],[98.70651187292464,2.932703955972749],[98.70613115932558,2.9366062717078107],[98.72096509156579,2.9581095591312243],[98.73208907305234,2.9603700464604055],[98.7437722269068,2.9735225180553813],[98.76579413898837,2.9758781851332126],[98.78153681097513,2.961353742899749],[98.7751620763688,2.9571103835608374],[98.77599488725427,2.9534222188877646],[98.76927291091617,2.9481279181021427],[98.75910071432656,2.9322450157453774]]]}},{"type":"Feature","properties":{"code":"1208142011","desa":"Bandar Sauhur","kecamatan":"Purba","kecCode":"120814","kabCode":"1208","province":"Sumatera Utara"},"geometry":{"type":"Polygon","coordinates":[[[98.67629478887346,2.9743278870271355],[98.67242739470855,2.9621245464287265],[98.65632808397396,2.9460256799766857],[98.65281680515146,2.9361895888246488],[98.64730005975002,2.9475434738860717],[98.65166852378343,2.9516861217464863],[98.64622952837009,2.9661410778620865],[98.65366296557346,2.9706062154133015],[98.6530538232754,2.97380421090096],[98.66200059555108,2.9799527381270074],[98.67062376387565,2.9810187369226746],[98.67629478887346,2.9743278870271355]]]}},{"type":"Feature","properties":{"code":"1208142012","desa":"Bunga Sampang","kecamatan":"Purba","kecCode":"120814","kabCode":"1208","province":"Sumatera Utara"},"geometry":{"type":"Polygon","coordinates":[[[98.66161053260002,2.9179064067213463],[98.67895771472683,2.9025799787657394],[98.6804900884469,2.895765203191703],[98.6839355467881,2.8952893107438005],[98.68450304867677,2.8929717155654084],[98.67351727140499,2.898266284348988],[98.65981157644312,2.8956964671084653],[98.64983730624674,2.912674454134506],[98.65097212656245,2.9257484095190422],[98.65562248758778,2.9282458978846955],[98.66161053260002,2.9179064067213463]]]}},{"type":"Feature","properties":{"code":"1208142013","desa":"Nagori Tongah","kecamatan":"Purba","kecCode":"120814","kabCode":"1208","province":"Sumatera Utara"},"geometry":{"type":"Polygon","coordinates":[[[98.7255999797553,2.8697659602492807],[98.73474470180662,2.8712251237572834],[98.74539278994536,2.876495629380879],[98.75076926089277,2.8671983616362895],[98.7401616233603,2.8645999900215453],[98.74188260829578,2.857689321536521],[98.74029788773736,2.854004487952375],[98.73000481507023,2.850547608224906],[98.7298382534327,2.859827504664813],[98.727506380615,2.860660318247419],[98.7265020321431,2.8661532459979098],[98.72820382194891,2.8669641655852165],[98.7255999797553,2.8697659602492807]]]}},{"type":"Feature","properties":{"code":"1208142014","desa":"Urung Pane","kecamatan":"Purba","kecCode":"120814","kabCode":"1208","province":"Sumatera Utara"},"geometry":{"type":"Polygon","coordinates":[[[98.73662779583618,2.8387531929576313],[98.73465725982476,2.851893922104716],[98.74150363938149,2.8557769491805103],[98.7401616233603,2.8645999900215453],[98.75076926089277,2.8671983616362895],[98.76962735621758,2.8643228837184944],[98.78120125773192,2.869783875643764],[98.78100040494479,2.8584398480512894],[98.77825212803332,2.8566552531700924],[98.7754681579292,2.840665274832646],[98.77217234227982,2.8365846280326594],[98.77419194979869,2.8310347201367954],[98.76932573799246,2.8293984207628315],[98.76998373865864,2.818463617975886],[98.76182111944917,2.8215690264602746],[98.7511081704058,2.8186473818452478],[98.73729515035097,2.791845318609847],[98.72930336006208,2.793966290512865],[98.74222755405843,2.8267574275784852],[98.74050440805206,2.8305460402286826],[98.74341523382606,2.8367530027032988],[98.73662779583618,2.8387531929576313]]]}},{"type":"Feature","properties":{"code":"1208151005","desa":"Haranggaol","kecamatan":"Haranggaol Horison","kecCode":"120815","kabCode":"1208","province":"Sumatera Utara"},"geometry":{"type":"Polygon","coordinates":[[[98.68381908997907,2.8924284441111388],[98.68362264656793,2.8835490499521415],[98.6925126527368,2.8779603489005168],[98.69249109239007,2.8728465033785207],[98.69670273894032,2.8642590291552574],[98.68842221501323,2.86083260496891],[98.67737007137173,2.850732800217709],[98.67133522024426,2.834905620754149],[98.66880998329411,2.863012031905539],[98.66526220638575,2.873291303565413],[98.65855492676849,2.879824387193206],[98.65731433179104,2.8839752431659136],[98.6611214686809,2.886860340232343],[98.65835534562272,2.8908756791646844],[98.65981157644312,2.8956964671084653],[98.66934845596654,2.898266284348988],[98.67857330491415,2.8970564767637215],[98.68381908997907,2.8924284441111388]]]}},{"type":"Feature","properties":{"code":"1208152001","desa":"Nagori Purba","kecamatan":"Haranggaol Horison","kecCode":"120815","kabCode":"1208","province":"Sumatera Utara"},"geometry":{"type":"Polygon","coordinates":[[[98.57831764224545,2.8300228092669437],[98.5782756807781,2.851873395079046],[98.58211708093857,2.8653621636561555],[98.59420204199067,2.883539196979781],[98.5976058302449,2.8925515999700284],[98.60010609931707,2.8867320924121227],[98.60650209029927,2.883048687850614],[98.61786810273081,2.8846274530967353],[98.62234585058059,2.8882542282483437],[98.62901294039494,2.8863140119825212],[98.62850379911112,2.875898358134458],[98.62433815018555,2.874155042135121],[98.61963081441064,2.865468976135429],[98.61000251790193,2.8099842035916907],[98.58116722059083,2.825017925603935],[98.57831764224545,2.8300228092669437]]]}},{"type":"Feature","properties":{"code":"1208152002","desa":"Nagori Sihalpe","kecamatan":"Haranggaol Horison","kecCode":"120815","kabCode":"1208","province":"Sumatera Utara"},"geometry":{"type":"Polygon","coordinates":[[[98.63908595255475,2.887016566860764],[98.65530416265706,2.8821428987807223],[98.66526220638575,2.873291303565413],[98.66880998329411,2.863012031905539],[98.67133522024426,2.834905620754149],[98.65373546621885,2.7920400290272007],[98.64568519571525,2.788686748501365],[98.62894248930449,2.7949047060872307],[98.61000251790193,2.8099842035916907],[98.61963081441064,2.865468976135429],[98.62433815018555,2.874155042135121],[98.62850379911112,2.875898358134458],[98.62901294039494,2.8863140119825212],[98.63908595255475,2.887016566860764]]]}},{"type":"Feature","properties":{"code":"1208152003","desa":"Nagori Purba Horison","kecamatan":"Haranggaol Horison","kecCode":"120815","kabCode":"1208","province":"Sumatera Utara"},"geometry":{"type":"Polygon","coordinates":[[[98.69670273894032,2.8642590291552574],[98.70405012001707,2.856930026631801],[98.71890561440262,2.8522368902578195],[98.70464134242407,2.825471874594003],[98.69374044136832,2.798345051778912],[98.65373546621885,2.7920400290272007],[98.67737007137173,2.850732800217709],[98.68842221501323,2.86083260496891],[98.69670273894032,2.8642590291552574]]]}},{"type":"Feature","properties":{"code":"1208152004","desa":"Nagori Purba Pasir","kecamatan":"Haranggaol Horison","kecCode":"120815","kabCode":"1208","province":"Sumatera Utara"},"geometry":{"type":"Polygon","coordinates":[[[98.71890561440262,2.8522368902578195],[98.72503654370159,2.848304269168484],[98.72757066955079,2.848982414647793],[98.73699223170621,2.8355819109320803],[98.73662779583618,2.8387531929576313],[98.74341523382606,2.8367530027032988],[98.74050440805206,2.8305460402286826],[98.74150276164318,2.8228664370059224],[98.72930336006208,2.793966290512865],[98.69374044136832,2.798345051778912],[98.70464134242407,2.825471874594003],[98.71890561440262,2.8522368902578195]]]}},{"type":"Feature","properties":{"code":"1208161003","desa":"Girsang","kecamatan":"Girsang Sipangan Bolon","kecCode":"120816","kabCode":"1208","province":"Sumatera Utara"},"geometry":{"type":"Polygon","coordinates":[[[98.99712175856233,2.6987855795956324],[98.99878910793102,2.688965464899803],[98.99283093659852,2.6769539460963725],[98.99790751781774,2.650503856825082],[98.98650514039996,2.6385153004113953],[98.97576782242713,2.6408947608525835],[98.96812380357073,2.634767649182366],[98.9605926316447,2.633098694525714],[98.957980833149,2.6461191636307957],[98.94915725720169,2.6550319927847887],[98.95023567024002,2.6628366836100983],[98.94755342155321,2.666388029024495],[98.95458473140029,2.668386775867038],[98.95576256359152,2.678475690727521],[98.95790407871033,2.6805577192880508],[98.96539938027722,2.680498231832681],[98.9717049534209,2.6857330469615577],[98.97678510135141,2.701830100380297],[98.9900244222893,2.697902800579556],[98.99712175856233,2.6987855795956324]]]}},{"type":"Feature","properties":{"code":"1208161004","desa":"Parapat","kecamatan":"Girsang Sipangan Bolon","kecCode":"120816","kabCode":"1208","province":"Sumatera Utara"},"geometry":{"type":"Polygon","coordinates":[[[98.97568597422838,2.7045994457063034],[98.97676130708874,2.698475059881271],[98.97176443907766,2.6901350503065715],[98.97247827685106,2.68674431841346],[98.96539938027722,2.680498231832681],[98.95790407871033,2.6805577192880508],[98.95576256359152,2.678475690727521],[98.95458473140029,2.668386775867038],[98.94755342155321,2.666388029024495],[98.95023567024002,2.6628366836100983],[98.94915725720169,2.6550319927847887],[98.937157067145,2.6599747638714373],[98.93676503557798,2.6635122912026055],[98.92899513231957,2.672307964774445],[98.93416809298314,2.6731469270218735],[98.948462089354,2.687588926604716],[98.96938649489088,2.6961658328945184],[98.97568597422838,2.7045994457063034]]]}},{"type":"Feature","properties":{"code":"1208161005","desa":"Tiga Raja","kecamatan":"Girsang Sipangan Bolon","kecCode":"120816","kabCode":"1208","province":"Sumatera Utara"},"geometry":{"type":"Polygon","coordinates":[[[98.92859077464458,2.671735761230768],[98.93708626441963,2.6624772263873075],[98.937157067145,2.6599747638714373],[98.93300000044974,2.6606944409420956],[98.93064638921953,2.6587652746462136],[98.93286707435607,2.659620152195854],[98.93052864098404,2.655664441013032],[98.92514610321017,2.6594562498537884],[98.89469337429983,2.662939068726976],[98.8938617703045,2.6659221622187372],[98.89411528559201,2.6697006449054035],[98.92859077464458,2.671735761230768]]]}},{"type":"Feature","properties":{"code":"1208162001","desa":"Sipangan Bolon","kecamatan":"Girsang Sipangan Bolon","kecCode":"120816","kabCode":"1208","province":"Sumatera Utara"},"geometry":{"type":"Polygon","coordinates":[[[98.99874364540294,2.688833621590038],[99.01495732292214,2.6650574173075814],[99.01952100009413,2.6527339767467186],[99.0327697306386,2.642556403121732],[99.03208373857376,2.6410319794102053],[99.0208705110653,2.637194209816994],[99.02110076179076,2.631499231382742],[99.00635182807444,2.6299106932039447],[99.0021282843929,2.624949517491661],[98.99659306331927,2.626958377210593],[98.98550001671248,2.624160131271348],[98.9815959158189,2.625901003812661],[98.97080910185859,2.621179464150554],[98.9617052369072,2.6218923567356676],[98.9598949394,2.6193964529754346],[98.95749085282068,2.6410815158670617],[98.96083695136429,2.633031398257006],[98.96812380357073,2.634767649182366],[98.97576782242713,2.6408947608525835],[98.98650514039996,2.6385153004113953],[98.99790751781774,2.650503856825082],[98.99283093659852,2.6769539460963725],[98.99874364540294,2.688833621590038]]]}},{"type":"Feature","properties":{"code":"1208162002","desa":"Sabaganding","kecamatan":"Girsang Sipangan Bolon","kecCode":"120816","kabCode":"1208","province":"Sumatera Utara"},"geometry":{"type":"Polygon","coordinates":[[[98.87362508083287,2.6945501621696777],[98.892213821111,2.704607007206039],[98.89744391930151,2.7100330173023974],[98.90012699986117,2.7186569968060295],[98.9286321596465,2.7560840373907283],[98.93058662477297,2.7675897172214152],[98.94115856371678,2.7663500422517244],[98.94884422388189,2.773911969184894],[98.9523420308601,2.7630973185210537],[98.96715417612438,2.7609914956978825],[98.9485884665845,2.754239265274184],[98.94955031669383,2.7508308697968253],[98.96439013139951,2.748291391185545],[98.96422662475896,2.7463466405379346],[98.95281956726926,2.7341416200059965],[98.94984640139033,2.73607558868157],[98.94603764841878,2.7319085790862916],[98.94569255696597,2.7256260034128226],[98.9404834147778,2.718856005083426],[98.94393024638384,2.7101620664186137],[98.9508946313822,2.7081565944458093],[98.96201861196943,2.7097627287597583],[98.96824248800048,2.714282679090245],[98.9756984568184,2.7046304291493737],[98.96938649489088,2.6961658328945184],[98.948462089354,2.687588926604716],[98.93416809298314,2.6731469270218735],[98.89411528559201,2.6697006449054035],[98.87362508083287,2.6945501621696777]]]}},{"type":"Feature","properties":{"code":"1208162006","desa":"Sipangan Bolon Mekar","kecamatan":"Girsang Sipangan Bolon","kecCode":"120816","kabCode":"1208","province":"Sumatera Utara"},"geometry":{"type":"Polygon","coordinates":[[[99.03379884284236,2.641912844668954],[99.0422962643612,2.633715035896037],[99.02988972193315,2.6207666645399823],[99.02127388937855,2.616350553530058],[98.99829305627956,2.6111244411406043],[98.99335750044833,2.6027302752916914],[98.97456777788068,2.602021386488359],[98.9609277783943,2.614181940941049],[98.9598949394,2.6193964529754346],[98.9617052369072,2.6218923567356676],[98.97080910185859,2.621179464150554],[98.9815959158189,2.625901003812661],[98.98550001671248,2.624160131271348],[98.99659306331927,2.626958377210593],[99.0021282843929,2.624949517491661],[99.00635182807444,2.6299106932039447],[99.02110076179076,2.631499231382742],[99.0208705110653,2.637194209816994],[99.03013569100936,2.6389757056344556],[99.03379884284236,2.641912844668954]]]}},{"type":"Feature","properties":{"code":"1208171015","desa":"Serbelawan","kecamatan":"Dolok Batu Nanggar","kecCode":"120817","kabCode":"1208","province":"Sumatera Utara"},"geometry":{"type":"Polygon","coordinates":[[[99.14749361443882,3.1190071609995487],[99.14220687874452,3.117113141108518],[99.14188333234996,3.1120852986530214],[99.13614142278851,3.1120666548076708],[99.13629952720146,3.128166104919742],[99.1469943863819,3.130334606892221],[99.14749361443882,3.1190071609995487]]]}},{"type":"Feature","properties":{"code":"1208171016","desa":"Aman Sari","kecamatan":"Dolok Batu Nanggar","kecCode":"120817","kabCode":"1208","province":"Sumatera Utara"},"geometry":{"type":"Polygon","coordinates":[[[99.1469943863819,3.130334606892221],[99.13685432166966,3.128175156596172],[99.13633753974572,3.1320368526524427],[99.14200150056887,3.1453768212026882],[99.15568165298593,3.144727804764409],[99.16018217616651,3.1465903582764776],[99.16310262828375,3.137853733290636],[99.16096115363439,3.13384148442881],[99.14720887828717,3.133918538341599],[99.1469943863819,3.130334606892221]]]}},{"type":"Feature","properties":{"code":"1208172001","desa":"Silenduk","kecamatan":"Dolok Batu Nanggar","kecCode":"120817","kabCode":"1208","province":"Sumatera Utara"},"geometry":{"type":"Polygon","coordinates":[[[99.12889782167717,3.0437551343214553],[99.12506779794056,3.0366339390421704],[99.12586772421615,3.03336129622751],[99.12021608140708,3.0279229339428677],[99.12286900679929,3.026918955992692],[99.11920365072797,3.0243672412056855],[99.11537704441514,3.0253730555714275],[99.11139508741343,3.017741137101473],[99.10709482886331,3.0375855647581367],[99.0976016339083,3.036344584872194],[99.10511311877548,3.048489346330577],[99.12514350017246,3.049046734442927],[99.12889782167717,3.0437551343214553]]]}},{"type":"Feature","properties":{"code":"1208172002","desa":"Bah Tobu","kecamatan":"Dolok Batu Nanggar","kecCode":"120817","kabCode":"1208","province":"Sumatera Utara"},"geometry":{"type":"Polygon","coordinates":[[[99.14012927574555,3.0577377440159705],[99.1313093924146,3.0504851721750903],[99.12889782167717,3.0437551343214553],[99.12514350017246,3.049046734442927],[99.10511311877548,3.048489346330577],[99.13666049078908,3.100931542424239],[99.15257420393642,3.1013199434276744],[99.1562861628762,3.093788949575587],[99.16063938430021,3.0932762712586346],[99.15654571441324,3.0858690519989227],[99.15646085528431,3.0774284145826263],[99.15479615262039,3.0731736284577504],[99.14779240789333,3.071024032033277],[99.14764401256122,3.0656512671979397],[99.14089391172472,3.061790638636955],[99.14012927574555,3.0577377440159705]]]}},{"type":"Feature","properties":{"code":"1208172003","desa":"Bandar Selamat","kecamatan":"Dolok Batu Nanggar","kecCode":"120817","kabCode":"1208","province":"Sumatera Utara"},"geometry":{"type":"Polygon","coordinates":[[[99.16491691068694,3.0971625736653694],[99.16063938430021,3.0932762712586346],[99.1562861628762,3.093788949575587],[99.15257420393642,3.1013199434276744],[99.13666049078908,3.100931542424239],[99.14151553211614,3.108768389408604],[99.14220687874452,3.117113141108518],[99.1567263504408,3.122776259260754],[99.16254889141827,3.1177008687493784],[99.16700324160637,3.1214508995845907],[99.17147416090386,3.1196349192633144],[99.16491691068694,3.0971625736653694]]]}},{"type":"Feature","properties":{"code":"1208172004","desa":"Dolok Ilir I","kecamatan":"Dolok Batu Nanggar","kecCode":"120817","kabCode":"1208","province":"Sumatera Utara"},"geometry":{"type":"Polygon","coordinates":[[[99.16096115363439,3.13384148442881],[99.16211283084255,3.1376957008236],[99.1658328189295,3.1371762335246127],[99.16924120721598,3.1404983957090167],[99.16856226943325,3.14428393447655],[99.17273431343789,3.1509389445899654],[99.18289590342327,3.1510425006241274],[99.18168613900416,3.143040700889468],[99.18407461155414,3.138544955811815],[99.18122851538374,3.1338922502589437],[99.16716647755094,3.133588220951736],[99.16437897490982,3.1354614934832354],[99.16096115363439,3.13384148442881]]]}},{"type":"Feature","properties":{"code":"1208172005","desa":"Dolok Ilir Ii","kecamatan":"Dolok Batu Nanggar","kecCode":"120817","kabCode":"1208","province":"Sumatera Utara"},"geometry":{"type":"Polygon","coordinates":[[[99.20677722229101,3.2247149967333044],[99.22691739921866,3.202102496291208],[99.22125268566299,3.2006732028655662],[99.22058829441431,3.1932755272113407],[99.2100343958707,3.178909092263856],[99.20670312175172,3.179121737860746],[99.19635235217936,3.1918327475523585],[99.19580787203574,3.201628376406953],[99.2019622133855,3.205262956774668],[99.2017774620603,3.211220240469899],[99.20806219971081,3.215629895246867],[99.20677722229101,3.2247149967333044]]]}},{"type":"Feature","properties":{"code":"1208172006","desa":"Bahung Kahean","kecamatan":"Dolok Batu Nanggar","kecCode":"120817","kabCode":"1208","province":"Sumatera Utara"},"geometry":{"type":"Polygon","coordinates":[[[99.19635235217936,3.1918327475523585],[99.20670312175172,3.179121737860746],[99.19362259860411,3.1704338849080966],[99.19084942935773,3.171243836824939],[99.18278662680143,3.1598176669554774],[99.1830986942494,3.1704886994860875],[99.19674971942406,3.1784769887056212],[99.19635235217936,3.1918327475523585]]]}},{"type":"Feature","properties":{"code":"1208172007","desa":"Dolok Mainu","kecamatan":"Dolok Batu Nanggar","kecCode":"120817","kabCode":"1208","province":"Sumatera Utara"},"geometry":{"type":"Polygon","coordinates":[[[99.16310262828375,3.137853733290636],[99.16018217616651,3.1465903582764776],[99.15568165298593,3.144727804764409],[99.14200150056887,3.1453768212026882],[99.14272064883892,3.151596163744617],[99.15066695861331,3.1516843908344936],[99.1504831057108,3.153820424583118],[99.15285533470596,3.1501419204275156],[99.15989418986504,3.1522080255918485],[99.1623545820983,3.157482086235568],[99.17670805333404,3.168953423655449],[99.1830986942494,3.1704886994860875],[99.18278662680143,3.1597034503577834],[99.186221488431,3.156029496771709],[99.18289590342327,3.1510425006241274],[99.17273431343789,3.1509389445899654],[99.16856226943325,3.14428393447655],[99.16924120721598,3.1404983957090167],[99.1658328189295,3.1371762335246127],[99.16310262828375,3.137853733290636]]]}},{"type":"Feature","properties":{"code":"1208172008","desa":"Dolok Merangir I","kecamatan":"Dolok Batu Nanggar","kecCode":"120817","kabCode":"1208","province":"Sumatera Utara"},"geometry":{"type":"Polygon","coordinates":[[[99.13747511108755,3.134566467499535],[99.13614142278851,3.1120666548076708],[99.14188333234996,3.1120852986530214],[99.13797328423976,3.103119531806049],[99.10194360661221,3.1029750449276228],[99.10779821381658,3.108494106976772],[99.1098730846752,3.1300948224539953],[99.11817090256515,3.130990250434645],[99.13020611132305,3.1370151208795294],[99.13747511108755,3.134566467499535]]]}},{"type":"Feature","properties":{"code":"1208172009","desa":"Dolok Merangir Ii","kecamatan":"Dolok Batu Nanggar","kecCode":"120817","kabCode":"1208","province":"Sumatera Utara"},"geometry":{"type":"Polygon","coordinates":[[[99.14272064883892,3.151596163744617],[99.13747511108755,3.134566467499535],[99.13020611132305,3.1370151208795294],[99.11817090256515,3.130990250434645],[99.1098730846752,3.1300948224539953],[99.10986685686997,3.1406914198975127],[99.12776237363472,3.156253709448715],[99.13164282415703,3.157640947877556],[99.14272064883892,3.151596163744617]]]}},{"type":"Feature","properties":{"code":"1208172010","desa":"Kahean","kecamatan":"Dolok Batu Nanggar","kecCode":"120817","kabCode":"1208","province":"Sumatera Utara"},"geometry":{"type":"Polygon","coordinates":[[[99.11139508741343,3.017741137101473],[99.10755458657496,3.020038431883297],[99.10466452884498,3.01740647688539],[99.10233249055204,3.0197440666908024],[99.09584413379979,3.0168678459329286],[99.09395522295524,3.0304467418675154],[99.09816774184786,3.037254696983164],[99.10709482886331,3.0375855647581367],[99.11139508741343,3.017741137101473]]]}},{"type":"Feature","properties":{"code":"1208172011","desa":"Dolok Tenera","kecamatan":"Dolok Batu Nanggar","kecCode":"120817","kabCode":"1208","province":"Sumatera Utara"},"geometry":{"type":"Polygon","coordinates":[[[99.14749361443882,3.1190071609995487],[99.14720887828717,3.133918538341599],[99.1610762515678,3.133598208822407],[99.16437897490982,3.1354614934832354],[99.16716647755094,3.133588220951736],[99.18122851538374,3.1338922502589437],[99.17434286603047,3.1204871707925785],[99.16700324160637,3.1214508995845907],[99.16254889141827,3.1177008687493784],[99.1567263504408,3.122776259260754],[99.14749361443882,3.1190071609995487]]]}},{"type":"Feature","properties":{"code":"1208172012","desa":"Dolok Kataran","kecamatan":"Dolok Batu Nanggar","kecCode":"120817","kabCode":"1208","province":"Sumatera Utara"},"geometry":{"type":"Polygon","coordinates":[[[99.13791617639049,3.103252781655479],[99.11869643759059,3.071185334435332],[99.10591718642904,3.071234754879656],[99.11089065587912,3.086116894362683],[99.11172346676464,3.1027255325228467],[99.13791617639049,3.103252781655479]]]}},{"type":"Feature","properties":{"code":"1208172013","desa":"Padang Mainu","kecamatan":"Dolok Batu Nanggar","kecCode":"120817","kabCode":"1208","province":"Sumatera Utara"},"geometry":{"type":"Polygon","coordinates":[[[99.15240092166528,3.1519426203678846],[99.1504831057108,3.153820424583118],[99.15066695861331,3.1516843908344936],[99.14017210865596,3.1515678674757837],[99.13164282415703,3.157640947877556],[99.133478560787,3.165928218509588],[99.13178251405185,3.173079789290253],[99.14638665781808,3.171473116282398],[99.15083232235384,3.166577588381403],[99.15240092166528,3.1519426203678846]]]}},{"type":"Feature","properties":{"code":"1208172014","desa":"Bahung Huluan","kecamatan":"Dolok Batu Nanggar","kecCode":"120817","kabCode":"1208","province":"Sumatera Utara"},"geometry":{"type":"Polygon","coordinates":[[[99.18278662680143,3.1598176669554774],[99.19084942935773,3.171243836824939],[99.19362259860411,3.1704338849080966],[99.20013883344046,3.1762862168213344],[99.2057677809584,3.177412427925888],[99.20317013689237,3.168508979600082],[99.19442255455732,3.1595944759082966],[99.18755903931826,3.158369295312003],[99.18628863631159,3.1561721922005703],[99.18278662680143,3.1598176669554774]]]}},{"type":"Feature","properties":{"code":"1208181013","desa":"Huta Bayu","kecamatan":"Huta Bayu Raja","kecCode":"120818","kabCode":"1208","province":"Sumatera Utara"},"geometry":{"type":"Polygon","coordinates":[[[99.30082760690856,2.973551219019154],[99.29704309606211,2.9682011701592885],[99.29722155573027,2.9625796924163676],[99.29371448033908,2.9545990726152707],[99.27595093638665,2.967017820628607],[99.27912882483548,2.9708898687808887],[99.27926856958884,2.9795129750429328],[99.2834028834364,2.9853129106551677],[99.28775316227865,2.9864103155752533],[99.30082760690856,2.973551219019154]]]}},{"type":"Feature","properties":{"code":"1208182001","desa":"Mariah Hombang","kecamatan":"Huta Bayu Raja","kecCode":"120818","kabCode":"1208","province":"Sumatera Utara"},"geometry":{"type":"Polygon","coordinates":[[[99.23322771358818,2.8942971202076353],[99.23550240121489,2.899798798361622],[99.24609677644513,2.910729814103505],[99.23415321040238,2.9186807212035513],[99.23655818101531,2.9212429778435953],[99.23605467128613,2.926396496058308],[99.24343011840529,2.9292232145335086],[99.24509801096451,2.9325621940401527],[99.25282828559698,2.923896476101027],[99.25273786595983,2.919123276682609],[99.25026435261782,2.9168693921759026],[99.25165283121328,2.9131984189430744],[99.26681291788191,2.8941954014884645],[99.26698759140429,2.8911169061155335],[99.26445348713878,2.8877989698453623],[99.26354929166654,2.8902736100352038],[99.25978974330206,2.888322451718015],[99.26064634934959,2.88465808220695],[99.25426939431713,2.8824213882411165],[99.25208028977362,2.876472736238903],[99.24879663385764,2.877424520235551],[99.2492168978416,2.8742694071209973],[99.24173891631801,2.881670076618214],[99.24594011994066,2.8838210382134872],[99.24235533772871,2.889369023358872],[99.23322771358818,2.8942971202076353]]]}},{"type":"Feature","properties":{"code":"1208182002","desa":"Pulo Bayu","kecamatan":"Huta Bayu Raja","kecCode":"120818","kabCode":"1208","province":"Sumatera Utara"},"geometry":{"type":"Polygon","coordinates":[[[99.26965548691123,2.9680924007552365],[99.27774565403875,2.9577774368019796],[99.2926410792225,2.9477361131647495],[99.29335333059178,2.94190564017313],[99.28383548791749,2.926153607160344],[99.28454932569086,2.9236551727078925],[99.28673842933512,2.9258204829863366],[99.28255057884621,2.9197528569728295],[99.28692878703396,2.919039019200191],[99.28426379094127,2.9146132206932336],[99.2702686788565,2.9246000921792743],[99.26271682971797,2.9355733445810688],[99.26116616468681,2.953644908113242],[99.26485605066625,2.956518841895104],[99.26965548691123,2.9680924007552365]]]}},{"type":"Feature","properties":{"code":"1208182003","desa":"Silakkidir","kecamatan":"Huta Bayu Raja","kecCode":"120818","kabCode":"1208","province":"Sumatera Utara"},"geometry":{"type":"Polygon","coordinates":[[[99.30247890877469,2.9788728448057666],[99.30082760690856,2.973551219019154],[99.28775316227865,2.9864103155752533],[99.29164176785338,2.9890605618841986],[99.29423300065253,2.996734324010258],[99.30007323579126,2.9997238908220907],[99.30191434407179,3.006862273944229],[99.29973713665957,3.0122160630844665],[99.30365340897771,3.019652783704586],[99.3263662800798,3.0076950857281526],[99.32458168339802,3.002222324375243],[99.30247890877469,2.9788728448057666]]]}},{"type":"Feature","properties":{"code":"1208182004","desa":"Raja Maligas","kecamatan":"Huta Bayu Raja","kecCode":"120818","kabCode":"1208","province":"Sumatera Utara"},"geometry":{"type":"Polygon","coordinates":[[[99.33075533768873,3.0401587706440525],[99.33122057407029,3.0321457194914085],[99.328579371341,3.025092997693362],[99.32373954834155,3.026492120662976],[99.30672649133459,3.024524435504564],[99.30365435956111,3.0282236024835445],[99.30650971335261,3.03570462820419],[99.30588153600416,3.041186907082324],[99.31330545478295,3.0534649246854317],[99.31616080767519,3.053636245534979],[99.3180242865916,3.0455601465110136],[99.32411570777373,3.040444305393425],[99.33075533768873,3.0401587706440525]]]}},{"type":"Feature","properties":{"code":"1208182005","desa":"Dolok Sinumbah","kecamatan":"Huta Bayu Raja","kecCode":"120818","kabCode":"1208","province":"Sumatera Utara"},"geometry":{"type":"Polygon","coordinates":[[[99.27180313360776,3.029815461858636],[99.27797783470936,3.0304936073378963],[99.28168979364908,3.04009473351852],[99.27894151673767,3.0429500864076693],[99.2822656259579,3.0492374221927663],[99.28661527797276,3.051908756704305],[99.28607989986757,3.0552994885974374],[99.29297343627515,3.0548769808053753],[99.28930906676008,3.062247161486704],[99.29311120701664,3.064579386836064],[99.29398442444169,3.0693052558345975],[99.29568102425992,3.0699688655717345],[99.29780652784903,3.065454436179172],[99.29972658041741,3.06716851701745],[99.30007587889871,3.072351031173605],[99.30764019533882,3.083354127577463],[99.30582048822505,3.087981773521529],[99.3091154612096,3.095751120990517],[99.31868337543749,3.1066384836403675],[99.31825259208352,3.113144979711263],[99.32212173183251,3.1166710209013555],[99.3212036472306,3.123012727898613],[99.33011533875197,3.122397347903505],[99.33336967856785,3.1080253632397064],[99.33017583344802,3.0917100029916718],[99.33178196866301,3.0815675487917416],[99.33008660271462,3.0779388706747532],[99.3241082074279,3.0779388706747532],[99.32392974775973,3.0724661120197334],[99.3267256149952,3.0692264743241817],[99.32341340470491,3.059689594811081],[99.31330545478295,3.0534649246854317],[99.3073538170251,3.044723537789415],[99.3035972544098,3.0297654928278472],[99.30685235595155,3.0237692514009367],[99.29722886362123,3.015607699695557],[99.28830588470883,3.0148938619229013],[99.27180313360776,3.029815461858636]]]}},{"type":"Feature","properties":{"code":"1208182006","desa":"Maligas Bayu","kecamatan":"Huta Bayu Raja","kecCode":"120818","kabCode":"1208","province":"Sumatera Utara"},"geometry":{"type":"Polygon","coordinates":[[[99.25770969324782,3.013967853395466],[99.26202865140118,3.02665032220256],[99.27074676025484,3.0298424289294834],[99.28233454820086,3.019449746464412],[99.2731885895818,3.005289582719194],[99.27097569077556,3.011856894544074],[99.26308777757895,3.012082943636709],[99.26079633108588,3.009655319104109],[99.25770969324782,3.013967853395466]]]}},{"type":"Feature","properties":{"code":"1208182007","desa":"Jawa Baru","kecamatan":"Huta Bayu Raja","kecCode":"120818","kabCode":"1208","province":"Sumatera Utara"},"geometry":{"type":"Polygon","coordinates":[[[99.30728791740353,2.9166717589619147],[99.32311995771994,2.912688809112961],[99.32680812239697,2.9095955091005856],[99.3432720479667,2.908857742166946],[99.34757411235546,2.9038894276362583],[99.36135107858945,2.903752977099704],[99.35468945665315,2.8968653942114897],[99.34113104006552,2.893347548543306],[99.33285432566662,2.894214968038179],[99.32172140941553,2.885498009426939],[99.31623934187218,2.8855771065994102],[99.31401898318956,2.882587712457476],[99.30047329560614,2.898867489230059],[99.30728791740353,2.9166717589619147]]]}},{"type":"Feature","properties":{"code":"1208182008","desa":"Mancuk","kecamatan":"Huta Bayu Raja","kecCode":"120818","kabCode":"1208","province":"Sumatera Utara"},"geometry":{"type":"Polygon","coordinates":[[[99.2437556136307,3.006208108887287],[99.24850817001607,3.003506705543128],[99.25640798034408,3.008284665073146],[99.25168982122834,3.0113616693700838],[99.25770969324782,3.013967853395466],[99.26079633108588,3.009655319104109],[99.26308777757895,3.012082943636709],[99.27097569077556,3.011856894544074],[99.2731885895818,3.005289582719194],[99.27044346659278,3.0027613078619986],[99.2803870132501,2.9985759341105154],[99.27401005821768,2.989990837694783],[99.2755709854127,2.9879730549025036],[99.26704299683689,2.9733536469590685],[99.25987250341336,2.971938219280729],[99.26136567298748,2.9735806142595385],[99.2457138514132,2.9817590417430533],[99.24404885377163,2.9864999141313016],[99.24720447230861,2.9906508204660445],[99.24710004033464,2.996922789535356],[99.2437556136307,3.006208108887287]]]}},{"type":"Feature","properties":{"code":"1208182009","desa":"Marihat Mayang","kecamatan":"Huta Bayu Raja","kecCode":"120818","kabCode":"1208","province":"Sumatera Utara"},"geometry":{"type":"Polygon","coordinates":[[[99.27595093638665,2.967017820628607],[99.30434634740607,2.9476345320417905],[99.30742182555683,2.9420500263274945],[99.30764077090491,2.9178087277567757],[99.30047329560614,2.898867489230059],[99.31401898318956,2.882587712457476],[99.30972037669409,2.879141786472478],[99.30381930511692,2.8809291449703824],[99.29621531238682,2.871042395906897],[99.28918272820039,2.872989436228389],[99.28253187474625,2.865629133700507],[99.27426550704757,2.8650308758978014],[99.26622601401937,2.8606925625400126],[99.263723636037,2.849041984840725],[99.25599815928767,2.8608879582407734],[99.24594176390133,2.867729615450022],[99.2484159202586,2.876710681563551],[99.25208028977362,2.876472736238903],[99.25426939431713,2.8824213882411165],[99.26064634934959,2.88465808220695],[99.25978974330206,2.888322451718015],[99.26354929166654,2.8902736100352038],[99.26445348713878,2.8877989698453623],[99.26740399639738,2.8927825287840694],[99.26648195477843,2.8965896656698007],[99.26933730857002,2.897244017785755],[99.2682665505609,2.8997127089602346],[99.2781403628875,2.911614773076262],[99.27932533389708,2.9090306781989326],[99.28216641095116,2.909987223206455],[99.28212227582242,2.9152318805158233],[99.28426379094127,2.9146132206932336],[99.28685740244718,2.9185869210149464],[99.28255057884621,2.9197528569728295],[99.28673842933512,2.9258204829863366],[99.28357374743057,2.9249162875150865],[99.29335333059178,2.94190564017313],[99.2926410792225,2.9477361131647495],[99.27774565403875,2.9577774368019796],[99.27363710127126,2.963244931725009],[99.27595093638665,2.967017820628607]]]}},{"type":"Feature","properties":{"code":"1208182010","desa":"Bosar Bayu","kecamatan":"Huta Bayu Raja","kecCode":"120818","kabCode":"1208","province":"Sumatera Utara"},"geometry":{"type":"Polygon","coordinates":[[[99.29164176785338,2.9890605618841986],[99.28274853221905,2.9848965056624923],[99.27926856958884,2.9795129750429328],[99.27912882483548,2.9708898687808887],[99.26940048864168,2.976339276538974],[99.2755709854127,2.9879730549025036],[99.27401005821768,2.989990837694783],[99.28313995404567,3.000217854247264],[99.29423300065253,2.996734324010258],[99.29164176785338,2.9890605618841986]]]}},{"type":"Feature","properties":{"code":"1208182011","desa":"Raja Maligas I","kecamatan":"Huta Bayu Raja","kecCode":"120818","kabCode":"1208","province":"Sumatera Utara"},"geometry":{"type":"Polygon","coordinates":[[[99.328579371341,3.025092997693362],[99.3260391040215,3.0095094247867147],[99.30365340897771,3.019652783704586],[99.30672649133459,3.024524435504564],[99.32373954834155,3.026492120662976],[99.328579371341,3.025092997693362]]]}},{"type":"Feature","properties":{"code":"1208182012","desa":"Bahal Batu","kecamatan":"Huta Bayu Raja","kecCode":"120818","kabCode":"1208","province":"Sumatera Utara"},"geometry":{"type":"Polygon","coordinates":[[[99.33555340696421,3.056911562034122],[99.33162498930187,3.0422159626276852],[99.32858909481092,3.039088012636183],[99.3180242865916,3.0455601465110136],[99.31616080767519,3.053636245534979],[99.32341340470491,3.059689594811081],[99.3267256149952,3.0692264743241817],[99.32392974775973,3.0724661120197334],[99.3241082074279,3.0779388706747532],[99.33008660271462,3.0779388706747532],[99.33157376571677,3.080734737907209],[99.33134509689874,3.0969598287049025],[99.33741338392059,3.090644323455338],[99.34004233158838,3.0809083790076164],[99.33958345161504,3.0709233520310137],[99.33619811834853,3.06376330603951],[99.33750456438416,3.0598620937725443],[99.33343932836237,3.0583665544864664],[99.33555340696421,3.056911562034122]]]}},{"type":"Feature","properties":{"code":"1208182014","desa":"Pokan Baru","kecamatan":"Huta Bayu Raja","kecCode":"120818","kabCode":"1208","province":"Sumatera Utara"},"geometry":{"type":"Polygon","coordinates":[[[99.26681291788191,2.8941954014884645],[99.25165283121328,2.9131984189430744],[99.25026435261782,2.9168693921759026],[99.25273786595983,2.919123276682609],[99.25282828559698,2.923896476101027],[99.24509801096451,2.9325621940401527],[99.24872559820783,2.938621433875621],[99.25210431066544,2.937928157302947],[99.26116616468681,2.953644908113242],[99.26500111131229,2.9298055309536055],[99.28212227582242,2.9152318805158233],[99.28216641095116,2.909987223206455],[99.27932533389708,2.9090306781989326],[99.2781403628875,2.911614773076262],[99.2682665505609,2.8997127089602346],[99.26933730857002,2.897244017785755],[99.26648195477843,2.8965896656698007],[99.26681291788191,2.8941954014884645]]]}},{"type":"Feature","properties":{"code":"1208182015","desa":"Manrayap Baru","kecamatan":"Huta Bayu Raja","kecCode":"120818","kabCode":"1208","province":"Sumatera Utara"},"geometry":{"type":"Polygon","coordinates":[[[99.27912882483548,2.9708898687808887],[99.27363710127126,2.963244931725009],[99.26965548691123,2.9680924007552365],[99.26628822372258,2.9597221586713154],[99.2575516733711,2.9629055995309708],[99.2510002048956,2.958395914062269],[99.24783552209173,2.958705243973537],[99.24862074355252,2.9624647941325586],[99.25198280236452,2.9630769302731066],[99.25987250341336,2.971938219280729],[99.26399966585194,2.971891468024236],[99.26940048864168,2.976339276538974],[99.27912882483548,2.9708898687808887]]]}},{"type":"Feature","properties":{"code":"1208182016","desa":"Talang Bayu","kecamatan":"Huta Bayu Raja","kecCode":"120818","kabCode":"1208","province":"Sumatera Utara"},"geometry":{"type":"Polygon","coordinates":[[[99.30365340897771,3.019652783704586],[99.29973713665957,3.0122160630844665],[99.30191434407179,3.006862273944229],[99.29929991056245,2.9984151874895244],[99.29327645744264,2.996648663585488],[99.28343976643214,3.0003035155713578],[99.27836922955633,2.998880503910227],[99.26988361163944,3.00369682402209],[99.2742406030215,3.0060557502429943],[99.28233454820086,3.019449746464412],[99.28830588470883,3.0148938619229013],[99.29722886362123,3.015607699695557],[99.30365340897771,3.019652783704586]]]}},{"type":"Feature","properties":{"code":"1208192001","desa":"Jawa Maraja","kecamatan":"Jawa Maraja Bah Jambi","kecCode":"120819","kabCode":"1208","province":"Sumatera Utara"},"geometry":{"type":"Polygon","coordinates":[[[99.26628822372258,2.9597221586713154],[99.26680241559905,2.960532329123453],[99.26627772593639,2.9595133837564855],[99.26543017336387,2.9588562617286613],[99.26442126622851,2.9558006999671997],[99.2540080027672,2.9437610701552286],[99.25210431066544,2.937928157302947],[99.23329650003352,2.9455762410866813],[99.22980528868317,2.9489934688058708],[99.2575516733711,2.9629055995309708],[99.26628822372258,2.9597221586713154]]]}},{"type":"Feature","properties":{"code":"1208192002","desa":"Moho","kecamatan":"Jawa Maraja Bah Jambi","kecCode":"120819","kabCode":"1208","province":"Sumatera Utara"},"geometry":{"type":"Polygon","coordinates":[[[99.22349592309841,2.965397718944032],[99.22064602099715,2.963739932967818],[99.20243124670476,2.9657981663663238],[99.19981621874352,2.9689628500660743],[99.19510488638143,2.967506620146576],[99.19318704074935,2.9707331691090975],[99.19642034182539,2.975518083096547],[99.20451050985218,2.9799200855422234],[99.20349000685837,2.9822435299111203],[99.21148499603576,2.982015102111678],[99.21805230786775,2.9778653217281335],[99.22708301387006,2.9852970295271546],[99.22906250533043,2.9730024185329658],[99.22272091074149,2.9684621516181138],[99.22349592309841,2.965397718944032]]]}},{"type":"Feature","properties":{"code":"1208192003","desa":"Bahalat Bayu","kecamatan":"Jawa Maraja Bah Jambi","kecCode":"120819","kabCode":"1208","province":"Sumatera Utara"},"geometry":{"type":"Polygon","coordinates":[[[99.20503419767016,2.9165158551901094],[99.1935663657952,2.914605054849082],[99.18847431983403,2.9235756231763372],[99.18174044456595,2.923123524991119],[99.17695052224887,2.9307535800657907],[99.17691541901144,2.9353641910516544],[99.16763018328639,2.942361234922534],[99.17091929628856,2.949261526130497],[99.17668960194362,2.9480466310804516],[99.1771892886548,2.9541499475886956],[99.18755370993578,2.9632889436466368],[99.18945727883039,2.969654001540782],[99.19359236519557,2.9723272039442046],[99.19510488638143,2.967506620146576],[99.19981621874352,2.9689628500660743],[99.20243124670476,2.9657981663663238],[99.22064602099715,2.963739932967818],[99.22349592309841,2.965397718944032],[99.22492505644622,2.963332549074574],[99.21136212795989,2.9555755061298625],[99.21121935968573,2.948817836606358],[99.20395010631239,2.9487821443130167],[99.2039263120497,2.946557350176515],[99.20122562366366,2.9464502732965125],[99.20293796971156,2.9261916107113213],[99.20145979543327,2.918139457935453],[99.20607834833714,2.918696581647124],[99.20503419767016,2.9165158551901094]]]}},{"type":"Feature","properties":{"code":"1208192004","desa":"Mekar Bahalat","kecamatan":"Jawa Maraja Bah Jambi","kecCode":"120819","kabCode":"1208","province":"Sumatera Utara"},"geometry":{"type":"Polygon","coordinates":[[[99.21153439669511,2.9289971870245677],[99.20293796971156,2.9261916107113213],[99.20122562366366,2.9464502732965125],[99.2039263120497,2.946557350176515],[99.20395010631239,2.9487821443130167],[99.21121935968573,2.948817836606358],[99.21136212795989,2.9555755061298625],[99.22492505644622,2.963332549074574],[99.22983340778556,2.9541525879982347],[99.23572283673955,2.952313864721744],[99.22511247875791,2.945433467416725],[99.21153439669511,2.9289971870245677]]]}},{"type":"Feature","properties":{"code":"1208192005","desa":"Tanjung Maraja","kecamatan":"Jawa Maraja Bah Jambi","kecCode":"120819","kabCode":"1208","province":"Sumatera Utara"},"geometry":{"type":"Polygon","coordinates":[[[99.23560672796816,2.9224990060853524],[99.23275495977362,2.9226643050745365],[99.22232637726056,2.9335597975956627],[99.21153439669511,2.9289971870245677],[99.22934203890401,2.9489635726430694],[99.25117014798398,2.938267969734948],[99.24811883641524,2.9380860548716443],[99.24343011840529,2.9292232145335086],[99.23605467128613,2.926396496058308],[99.23560672796816,2.9224990060853524]]]}},{"type":"Feature","properties":{"code":"1208192006","desa":"Mariah Jambi","kecamatan":"Jawa Maraja Bah Jambi","kecCode":"120819","kabCode":"1208","province":"Sumatera Utara"},"geometry":{"type":"Polygon","coordinates":[[[99.15214762940961,2.9496482534956896],[99.14900382436707,2.9594235288936863],[99.15350274675444,2.961944972500678],[99.15574977663096,2.968990999745392],[99.16391781155784,2.971689178120692],[99.16714076773229,2.969888361268437],[99.18037312881688,2.9789720436246454],[99.18543546387558,2.976611000399652],[99.18845284941955,2.981150776284657],[99.19385490068316,2.979090407895576],[99.19608904957003,2.9820421015581653],[99.20309025641028,2.983423742606521],[99.20451050985218,2.9799200855422234],[99.19076598126507,2.9710816788846337],[99.18755370993578,2.9632889436466368],[99.1771892886548,2.9541499475886956],[99.17668960194362,2.9480466310804516],[99.15214762940961,2.9496482534956896]]]}},{"type":"Feature","properties":{"code":"1208192007","desa":"Bah Joga","kecamatan":"Jawa Maraja Bah Jambi","kecCode":"120819","kabCode":"1208","province":"Sumatera Utara"},"geometry":{"type":"Polygon","coordinates":[[[99.24466314558775,3.001109112970902],[99.24710004033464,2.996922789535356],[99.24720447230861,2.9906508204660445],[99.24404885377163,2.9864999141313016],[99.2457138514132,2.9817590417430533],[99.26136567298748,2.9735806142595385],[99.25198280236452,2.9630769302731066],[99.24788311241576,2.9615130074380502],[99.24990192763192,2.957423844058285],[99.23581701104627,2.952783147152682],[99.23135137886311,2.9536571721680014],[99.22272091074149,2.9684621516181138],[99.22906250533043,2.9730024185329658],[99.22708301387006,2.9852970295271546],[99.23303339257706,2.985479596398902],[99.23379482157382,2.988886985534908],[99.23699281796421,2.987440273140631],[99.2385739682141,2.9914211113814106],[99.24458210767818,2.99192674710733],[99.24466314558775,3.001109112970902]]]}},{"type":"Feature","properties":{"code":"1208192008","desa":"Bah Jambi","kecamatan":"Jawa Maraja Bah Jambi","kecCode":"120819","kabCode":"1208","province":"Sumatera Utara"},"geometry":{"type":"Polygon","coordinates":[[[99.20793745924641,2.993554214239493],[99.23080527274522,3.0015533519808137],[99.23626302262043,3.0077992056373057],[99.24178262336943,3.0045334435355833],[99.2437556136307,3.006208108887287],[99.24458210767818,2.99192674710733],[99.2385739682141,2.9914211113814106],[99.23699281796421,2.987440273140631],[99.23379482157382,2.988886985534908],[99.23303339257706,2.985479596398902],[99.22831254358907,2.986621738993494],[99.21805230786775,2.9778653217281335],[99.21148499603576,2.982015102111678],[99.20349000685837,2.9822435299111203],[99.20308836783396,2.987968545701797],[99.20793745924641,2.993554214239493]]]}},{"type":"Feature","properties":{"code":"1208202001","desa":"Tigaras","kecamatan":"Dolok Pardamean","kecCode":"120820","kabCode":"1208","province":"Sumatera Utara"},"geometry":{"type":"Polygon","coordinates":[[[98.81330500791982,2.790453487343378],[98.81115033661884,2.7826410506572947],[98.80625068981753,2.7782485747300645],[98.79571723915932,2.777231213069237],[98.7808463258973,2.768505516645037],[98.77401004932437,2.772079142763052],[98.78187370330879,2.7821865045173904],[98.78528639664994,2.7977471680942103],[98.79198156060062,2.8039651409685407],[98.79427648926861,2.8050082897896735],[98.81330500791982,2.790453487343378]]]}},{"type":"Feature","properties":{"code":"1208202002","desa":"Parik Sabungan","kecamatan":"Dolok Pardamean","kecCode":"120820","kabCode":"1208","province":"Sumatera Utara"},"geometry":{"type":"Polygon","coordinates":[[[98.76998373865864,2.818463617975886],[98.76918297061763,2.828684582090937],[98.77122930688705,2.831206810806072],[98.78816728938897,2.8271675508066183],[98.79160798941722,2.829394727247229],[98.7966619652775,2.825454338713461],[98.79840372994823,2.8270818912811566],[98.79989517642133,2.8199387489467855],[98.80170356736579,2.8216329250902668],[98.80442278808124,2.820023343674937],[98.80789806974019,2.8099990262175703],[98.81372989082189,2.8054960478927273],[98.81347409755163,2.7987611815790254],[98.80930296006363,2.7941730266646014],[98.78232384007322,2.8135819783052463],[98.76998373865864,2.818463617975886]]]}},{"type":"Feature","properties":{"code":"1208202003","desa":"Sibuntuon","kecamatan":"Dolok Pardamean","kecCode":"120820","kabCode":"1208","province":"Sumatera Utara"},"geometry":{"type":"Polygon","coordinates":[[[98.86515523342734,2.851478258153446],[98.84656771532785,2.846122691053499],[98.83732553824308,2.838517484246921],[98.8344089487141,2.8328059654815987],[98.82684242084109,2.830920231044561],[98.8293337173772,2.8422226712876677],[98.81917080898569,2.851492034867826],[98.81742235515763,2.85073883466865],[98.81585935502528,2.8549330379638787],[98.82062201439452,2.8581540156263463],[98.83421360067717,2.8577602231872534],[98.84700110042053,2.852447373884509],[98.85613934735305,2.860320013886247],[98.85944452764289,2.85921626514844],[98.86515523342734,2.851478258153446]]]}},{"type":"Feature","properties":{"code":"1208202004","desa":"Dolok Saribu","kecamatan":"Dolok Pardamean","kecCode":"120820","kabCode":"1208","province":"Sumatera Utara"},"geometry":{"type":"Polygon","coordinates":[[[98.78100040494479,2.8584398480512894],[98.78120125773192,2.869783875643764],[98.78737783302063,2.8748391923877303],[98.81131569586273,2.873588775915597],[98.80179013970326,2.8547448961947968],[98.78624473670526,2.861071542245779],[98.78100040494479,2.8584398480512894]]]}},{"type":"Feature","properties":{"code":"1208202007","desa":"Butu Bayu Pane Raja","kecamatan":"Dolok Pardamean","kecCode":"120820","kabCode":"1208","province":"Sumatera Utara"},"geometry":{"type":"Polygon","coordinates":[[[98.8344089487141,2.8328059654815987],[98.83003517868057,2.821555426912319],[98.82248432509157,2.8135764987360394],[98.81702108125796,2.8191349196144158],[98.80455798856035,2.8192710877639238],[98.80214138701547,2.8216138891405245],[98.79989517642133,2.8199387489467855],[98.79840372994823,2.8270818912811566],[98.7966619652775,2.825454338713461],[98.79160798941722,2.829394727247229],[98.78816728938897,2.8271675508066183],[98.78652247703074,2.8286003452929367],[98.79187349986216,2.838908762181642],[98.79656207937654,2.841316651991263],[98.79895722039946,2.8463154148684655],[98.80524603737477,2.8467797348403243],[98.81585935502528,2.8549330379638787],[98.81742235515763,2.85073883466865],[98.81917080898569,2.851492034867826],[98.8293337173772,2.8422226712876677],[98.82573835104415,2.8315103364929386],[98.8344089487141,2.8328059654815987]]]}},{"type":"Feature","properties":{"code":"1208202009","desa":"Silabah Jaya","kecamatan":"Dolok Pardamean","kecCode":"120820","kabCode":"1208","province":"Sumatera Utara"},"geometry":{"type":"Polygon","coordinates":[[[98.86533884081489,2.878707574903377],[98.87306634193817,2.871211958581905],[98.85944452764289,2.85921626514844],[98.85266712518772,2.8588975687980422],[98.84700110042053,2.852447373884509],[98.83421360067717,2.8577602231872534],[98.83698714044425,2.859613120678486],[98.84071073571192,2.8748246458536313],[98.851135414268,2.8768368492519207],[98.85785739240481,2.8724348468062795],[98.86533884081489,2.878707574903377]]]}},{"type":"Feature","properties":{"code":"1208202010","desa":"Togu Domu Nauli","kecamatan":"Dolok Pardamean","kecCode":"120820","kabCode":"1208","province":"Sumatera Utara"},"geometry":{"type":"Polygon","coordinates":[[[98.73729515035097,2.791845318609847],[98.7511081704058,2.8186473818452478],[98.76182111944917,2.8215690264602746],[98.77614299930002,2.817010977250683],[98.79427648926861,2.8050082897896735],[98.78528639664994,2.7977471680942103],[98.78187370330879,2.7821865045173904],[98.77401004932437,2.772079142763052],[98.73729515035097,2.791845318609847]]]}},{"type":"Feature","properties":{"code":"1208202011","desa":"Sirube-Rube Gunung Purba","kecamatan":"Dolok Pardamean","kecCode":"120820","kabCode":"1208","province":"Sumatera Utara"},"geometry":{"type":"Polygon","coordinates":[[[98.81702108125796,2.8191349196144158],[98.82476860668588,2.8121297872410764],[98.81753504560595,2.8048296007945774],[98.82532064203404,2.8031497004892167],[98.82798907893289,2.7955214737362644],[98.82211691156628,2.7867554616040904],[98.81923120475635,2.786564065188505],[98.80947541495851,2.7933752722526757],[98.81347409755163,2.7987611815790254],[98.81418198900764,2.8046156466841032],[98.80789806974019,2.8099990262175703],[98.80455798856035,2.8192710877639238],[98.81702108125796,2.8191349196144158]]]}},{"type":"Feature","properties":{"code":"1208202014","desa":"Tanjung Saribu","kecamatan":"Dolok Pardamean","kecCode":"120820","kabCode":"1208","province":"Sumatera Utara"},"geometry":{"type":"Polygon","coordinates":[[[98.77419194979869,2.8310347201367954],[98.77217234227982,2.8365846280326594],[98.7754681579292,2.840665274832646],[98.77825212803332,2.8566552531700924],[98.78624473670526,2.861071542245779],[98.80179013970326,2.8547448961947968],[98.79777560476042,2.8426253562232247],[98.79187349986216,2.838908762181642],[98.78652247703074,2.8286003452929367],[98.77419194979869,2.8310347201367954]]]}},{"type":"Feature","properties":{"code":"1208202015","desa":"Sihemum Baru","kecamatan":"Dolok Pardamean","kecCode":"120820","kabCode":"1208","province":"Sumatera Utara"},"geometry":{"type":"Polygon","coordinates":[[[98.84535769640063,2.8223479148944217],[98.83872280141621,2.813707123464441],[98.83255448909846,2.818639850023153],[98.84531355587598,2.8273538327777676],[98.84535769640063,2.8223479148944217]]]}},{"type":"Feature","properties":{"code":"1208202016","desa":"Nagori Bayu","kecamatan":"Dolok Pardamean","kecCode":"120820","kabCode":"1208","province":"Sumatera Utara"},"geometry":{"type":"Polygon","coordinates":[[[98.83421360067717,2.8577602231872534],[98.82090198234067,2.8579474980099073],[98.81649046236498,2.862030653019046],[98.81608595360392,2.86781274338397],[98.82464249565469,2.869949500187464],[98.83460767820185,2.8676556992718174],[98.83793892444184,2.8648003463827356],[98.83698714044425,2.859613120678486],[98.83421360067717,2.8577602231872534]]]}},{"type":"Feature","properties":{"code":"1208211009","desa":"Kerasaan I","kecamatan":"Pematang Bandar","kecCode":"120821","kabCode":"1208","province":"Sumatera Utara"},"geometry":{"type":"Polygon","coordinates":[[[99.28661527797276,3.051908756704305],[99.26925021102846,3.046786813686696],[99.26725146238515,3.0414568206077184],[99.26901226480425,3.0371024066873704],[99.266799365998,3.036055444740779],[99.25450146257246,3.0391050970570674],[99.27595944127525,3.0648461059696026],[99.28041950395696,3.0747446640308747],[99.2712739239525,3.0747621207711027],[99.27144048558999,3.0819956818432166],[99.27502317957612,3.083553849017222],[99.29449629157067,3.081907658000093],[99.29466635157091,3.06990194252169],[99.29311120701664,3.064579386836064],[99.28930906676008,3.062247161486704],[99.29297343627515,3.0548769808053753],[99.2864510203983,3.055525388402663],[99.28661527797276,3.051908756704305]]]}},{"type":"Feature","properties":{"code":"1208211010","desa":"Pematang Bandar","kecamatan":"Pematang Bandar","kecCode":"120821","kabCode":"1208","province":"Sumatera Utara"},"geometry":{"type":"Polygon","coordinates":[[[99.24973915843547,3.114572981710421],[99.24070910264305,3.1147407331508297],[99.23252970568143,3.114026895378197],[99.23410375758243,3.1193533388330588],[99.24282447806729,3.122119260440057],[99.24973915843547,3.114572981710421]]]}},{"type":"Feature","properties":{"code":"1208212001","desa":"Purwosari","kecamatan":"Pematang Bandar","kecCode":"120821","kabCode":"1208","province":"Sumatera Utara"},"geometry":{"type":"Polygon","coordinates":[[[99.24566433024474,3.1072323446576307],[99.2389933139903,3.0942781627816367],[99.23614747772399,3.0947255008553602],[99.2285430892922,3.103170271555825],[99.23035844728456,3.106799282422065],[99.24566433024474,3.1072323446576307]]]}},{"type":"Feature","properties":{"code":"1208212002","desa":"Talun Madear","kecamatan":"Pematang Bandar","kecCode":"120821","kabCode":"1208","province":"Sumatera Utara"},"geometry":{"type":"Polygon","coordinates":[[[99.24973915843547,3.114572981710421],[99.24215680699108,3.1235667093790824],[99.24639006604878,3.130326203627045],[99.25991993006079,3.1298981973800237],[99.25884917205173,3.1222125381225894],[99.25175837744723,3.12206977074792],[99.25254360070663,3.11469344140174],[99.24973915843547,3.114572981710421]]]}},{"type":"Feature","properties":{"code":"1208212003","desa":"Mariah Bandar","kecamatan":"Pematang Bandar","kecCode":"120821","kabCode":"1208","province":"Sumatera Utara"},"geometry":{"type":"Polygon","coordinates":[[[99.29225065114666,3.1386968126343775],[99.29335948015597,3.1337951225787166],[99.29839832672144,3.1310310256961134],[99.29201385155807,3.121703274531492],[99.28661247478595,3.118015109858371],[99.2818376008247,3.105535398602223],[99.26974155203105,3.111719908602688],[99.26530504529164,3.1117391828727374],[99.2675000988505,3.114275450005016],[99.2659439317671,3.1165169022838124],[99.27607647005311,3.127494942676153],[99.27916976827026,3.138844971444681],[99.29225065114666,3.1386968126343775]]]}},{"type":"Feature","properties":{"code":"1208212004","desa":"Kandangan","kecamatan":"Pematang Bandar","kecCode":"120821","kabCode":"1208","province":"Sumatera Utara"},"geometry":{"type":"Polygon","coordinates":[[[99.24361702900272,3.103680253705247],[99.24678743599144,3.1092881984500016],[99.25440171156981,3.109231091500125],[99.2544471687019,3.1120760347366008],[99.26097918574088,3.1123959136955057],[99.26313497759718,3.1088124453969344],[99.25423981201777,3.089804023916061],[99.24361702900272,3.103680253705247]]]}},{"type":"Feature","properties":{"code":"1208212005","desa":"Pardomuan Nauli","kecamatan":"Pematang Bandar","kecCode":"120821","kabCode":"1208","province":"Sumatera Utara"},"geometry":{"type":"Polygon","coordinates":[[[99.26927517620845,3.0861121495395945],[99.2712739239525,3.0747621207711027],[99.25828206676402,3.0748097092964195],[99.25925764592368,3.081829119306573],[99.25373729693875,3.088872324478731],[99.26302076369733,3.1083270354238204],[99.26097918574088,3.1123959136955057],[99.2659439317671,3.1165169022838124],[99.2675000988505,3.114275450005016],[99.26530504529164,3.1117391828727374],[99.26974155203105,3.111719908602688],[99.2818376008247,3.105535398602223],[99.2752000348538,3.091489731143896],[99.26927517620845,3.0861121495395945]]]}},{"type":"Feature","properties":{"code":"1208212006","desa":"Purba Ganda","kecamatan":"Pematang Bandar","kecCode":"120821","kabCode":"1208","province":"Sumatera Utara"},"geometry":{"type":"Polygon","coordinates":[[[99.22917625158283,3.101380258259307],[99.23614747772399,3.0947255008553602],[99.24041147201187,3.0946208044808343],[99.23871469142993,3.0820281950330917],[99.23150016540033,3.0820281950330917],[99.23146209440016,3.0747089717375173],[99.2263795650649,3.0747089717375173],[99.22451406627118,3.071101709176338],[99.21314976165223,3.0727863668952664],[99.21324267960603,3.0769197688257606],[99.22029155591063,3.0797904749408263],[99.21996375842076,3.0844970399916507],[99.22484568677906,3.0901001562764088],[99.22917625158283,3.101380258259307]]]}},{"type":"Feature","properties":{"code":"1208212007","desa":"Kerasaan Ii","kecamatan":"Pematang Bandar","kecCode":"120821","kabCode":"1208","province":"Sumatera Utara"},"geometry":{"type":"Polygon","coordinates":[[[99.20332355044157,3.0600143714778714],[99.20968050635035,3.073208958324285],[99.21280646344758,3.0751828065366533],[99.21314976165223,3.0727863668952664],[99.22451406627118,3.071101709176338],[99.2263795650649,3.0747089717375173],[99.23146209440016,3.0747089717375173],[99.23150016540033,3.0820281950330917],[99.2494127468009,3.0818854258598605],[99.24945478471061,3.0746554332975733],[99.28041950395696,3.0747446640308747],[99.27503145243962,3.063561196899672],[99.25450146257246,3.0391050970570674],[99.21314524076028,3.052959904995058],[99.21314651869692,3.0559111723789676],[99.20790550543477,3.056487091022025],[99.2077533824127,3.0600143714778714],[99.20332355044157,3.0600143714778714]]]}},{"type":"Feature","properties":{"code":"1208212008","desa":"Bandar Manis","kecamatan":"Pematang Bandar","kecCode":"120821","kabCode":"1208","province":"Sumatera Utara"},"geometry":{"type":"Polygon","coordinates":[[[99.24282447806729,3.122119260440057],[99.23410375758243,3.1193533388330588],[99.23278226588894,3.1225894053207814],[99.22842345158108,3.1232518567310965],[99.22693380555074,3.1274056094201277],[99.23370031991391,3.134046519962549],[99.2340701616087,3.1388787823562674],[99.23855027467549,3.1457656430889025],[99.2512147606527,3.1447334623994303],[99.24282447806729,3.122119260440057]]]}},{"type":"Feature","properties":{"code":"1208212011","desa":"Wana Rejo","kecamatan":"Pematang Bandar","kecCode":"120821","kabCode":"1208","province":"Sumatera Utara"},"geometry":{"type":"Polygon","coordinates":[[[99.23871469142993,3.0820281950330917],[99.23986895508824,3.0992179238374282],[99.24361702900272,3.103680253705247],[99.25925764592368,3.081829119306573],[99.25828206676402,3.0748097092964195],[99.24945478471061,3.0746554332975733],[99.2494127468009,3.0818854258598605],[99.23871469142993,3.0820281950330917]]]}},{"type":"Feature","properties":{"code":"1208212012","desa":"Talun Rejo","kecamatan":"Pematang Bandar","kecCode":"120821","kabCode":"1208","province":"Sumatera Utara"},"geometry":{"type":"Polygon","coordinates":[[[99.25254360070663,3.11469344140174],[99.25175837744723,3.12206977074792],[99.25884917205173,3.1222125381225894],[99.25991993006079,3.1298981973800237],[99.2652737174082,3.13874979259537],[99.27916976827026,3.138844971444681],[99.27607647005311,3.127494942676153],[99.26477323659564,3.1152319941132007],[99.25880158262696,3.1119570616245946],[99.2544471687019,3.1120760347366008],[99.25449475902597,3.1147172365637226],[99.25254360070663,3.11469344140174]]]}},{"type":"Feature","properties":{"code":"1208212013","desa":"Purwodadi","kecamatan":"Pematang Bandar","kecCode":"120821","kabCode":"1208","province":"Sumatera Utara"},"geometry":{"type":"Polygon","coordinates":[[[99.23261098191136,3.114028090577186],[99.25449475902597,3.1147172365637226],[99.25440171156981,3.109231091500125],[99.23035844728456,3.106799282422065],[99.23261098191136,3.114028090577186]]]}},{"type":"Feature","properties":{"code":"1208222001","desa":"Naga Jaya I","kecamatan":"Bandar Huluan","kecCode":"120822","kabCode":"1208","province":"Sumatera Utara"},"geometry":{"type":"Polygon","coordinates":[[[99.17757383426509,3.094449686878027],[99.1677250482724,3.0945139047673083],[99.16491691068694,3.0971625736653694],[99.1694316944172,3.117739623234282],[99.17832138222604,3.126164642124699],[99.18297315608635,3.1197835421238125],[99.18169370589987,3.113243714479986],[99.1868164762994,3.112477697142977],[99.18037215125383,3.107034626008008],[99.18188402133056,3.1038525799968775],[99.17740711344759,3.1017433145689046],[99.17960832826178,3.1006040632947176],[99.17757383426509,3.094449686878027]]]}},{"type":"Feature","properties":{"code":"1208222002","desa":"Bah Gunung","kecamatan":"Bandar Huluan","kecCode":"120822","kabCode":"1208","province":"Sumatera Utara"},"geometry":{"type":"Polygon","coordinates":[[[99.20318085771048,3.060217954606492],[99.19561158780458,3.0696912790306152],[99.1956910402094,3.0834460859544914],[99.20359438487303,3.084154684276903],[99.21559612626027,3.077877393019728],[99.20968050635035,3.073208958324285],[99.20318085771048,3.060217954606492]]]}},{"type":"Feature","properties":{"code":"1208222003","desa":"Bandar Tonga","kecamatan":"Bandar Huluan","kecCode":"120822","kabCode":"1208","province":"Sumatera Utara"},"geometry":{"type":"Polygon","coordinates":[[[99.23410375758243,3.1193533388330588],[99.22484568677906,3.0901001562764088],[99.21996375842076,3.0844970399916507],[99.22032224077883,3.0800331965648926],[99.21559612626027,3.077877393019728],[99.21068678656597,3.0817928775274543],[99.2052752978168,3.081828498774347],[99.20157899877181,3.0904604129964386],[99.2042412537309,3.088399131795508],[99.20746100831893,3.0927802303996312],[99.2067541600765,3.109035459277705],[99.21664869458164,3.1133497157707763],[99.22415108190694,3.1138721679196717],[99.23410375758243,3.1193533388330588]]]}},{"type":"Feature","properties":{"code":"1208222004","desa":"Dolok Parmonangan","kecamatan":"Bandar Huluan","kecCode":"120822","kabCode":"1208","province":"Sumatera Utara"},"geometry":{"type":"MultiPolygon","coordinates":[[[[99.21928889007027,3.0800701748887134],[99.22024183329404,3.0797506970274706],[99.21919620863814,3.0798791732755233],[99.21928889007027,3.0800701748887134]]],[[[99.21978857678147,3.0811052397039846],[99.2199306327925,3.0813073587363244],[99.22032118497475,3.080037579860493],[99.21978857678147,3.0811052397039846]]],[[[99.24007865180839,3.145489430711892],[99.23698530322922,3.144292830570193],[99.23370031991391,3.134046519962549],[99.2269092378711,3.1273220201340215],[99.22842345158108,3.1232518567310965],[99.23278226588894,3.1225894053207814],[99.23400452998514,3.1192947713841654],[99.22415108190694,3.1138721679196717],[99.20707395629812,3.109199500115354],[99.20483649970475,3.116106306911555],[99.20154532365778,3.1159889642704726],[99.20200811927937,3.133297354122033],[99.19737941033156,3.1337178591238763],[99.1963873187198,3.135808805361767],[99.20526197525999,3.140811241969501],[99.21194040102876,3.1485429878845226],[99.21037310393562,3.1542966371897867],[99.21599613301522,3.160313942537573],[99.22212401990765,3.1591433867623198],[99.2237600845603,3.1639493790598627],[99.22809452544203,3.1663845399111943],[99.23504683074667,3.1683555444673326],[99.2417417024177,3.163402754933058],[99.24642661000013,3.1668350112229278],[99.25073410089811,3.1632508513457003],[99.242014329198,3.1555289449132835],[99.24427348643229,3.152711136920839],[99.24007865180839,3.145489430711892]]]]}},{"type":"Feature","properties":{"code":"1208222005","desa":"Laras","kecamatan":"Bandar Huluan","kecCode":"120822","kabCode":"1208","province":"Sumatera Utara"},"geometry":{"type":"Polygon","coordinates":[[[99.17388089778524,3.0836563357574707],[99.17960832826178,3.1006040632947176],[99.17740711344759,3.1017433145689046],[99.18188402133056,3.1038525799968775],[99.18037215125383,3.107034626008008],[99.18705793257759,3.1128401643966317],[99.19047513332082,3.1249737041145713],[99.18921707440853,3.130521712642336],[99.19440684879707,3.135503461245774],[99.20200811927937,3.133297354122033],[99.20154532365778,3.1159889642704726],[99.20483649970475,3.116106306911555],[99.20707395629812,3.109199500115354],[99.20746100831893,3.0927802303996312],[99.2042412537309,3.088399131795508],[99.20157899877181,3.0904604129964386],[99.20396258440582,3.0835006145480834],[99.17388089778524,3.0836563357574707]]]}},{"type":"Feature","properties":{"code":"1208222006","desa":"Naga Jaya Ii","kecamatan":"Bandar Huluan","kecCode":"120822","kabCode":"1208","province":"Sumatera Utara"},"geometry":{"type":"Polygon","coordinates":[[[99.18398841243533,3.1381556608822385],[99.18185134176603,3.147899849415114],[99.18718833787152,3.1581735129027813],[99.19480250103463,3.1601057548800804],[99.20120627025322,3.1496480469345314],[99.21073451178835,3.1557531072282328],[99.21194040102876,3.1485429878845226],[99.20526197525999,3.140811241969501],[99.19317322356544,3.135154576452928],[99.18918318525584,3.1288625677904776],[99.18398841243533,3.1381556608822385]]]}},{"type":"Feature","properties":{"code":"1208222007","desa":"Tanjung Hataran","kecamatan":"Bandar Huluan","kecCode":"120822","kabCode":"1208","province":"Sumatera Utara"},"geometry":{"type":"MultiPolygon","coordinates":[[[[99.20685402978971,3.1792447102578847],[99.21111982182235,3.179570457293152],[99.21807628289417,3.1891734720500975],[99.22133534325155,3.200781059457765],[99.22444820442115,3.2017034356235006],[99.22581969392375,3.198648759694239],[99.23059119272942,3.1984459823581473],[99.22920138133873,3.179418230849188],[99.21899462829953,3.16537610851832],[99.21866243042689,3.1604943240568066],[99.20120627025322,3.1496480469345314],[99.19480250103463,3.1601057548800804],[99.20317013689237,3.168508979600082],[99.20685402978971,3.1792447102578847]]],[[[99.23728031503457,3.197689084146683],[99.2327015247556,3.20058685535873],[99.23244050372632,3.207666444402909],[99.2352066276838,3.209748473862715],[99.2397106807034,3.2070361257692763],[99.23728031503457,3.197689084146683]]]]}},{"type":"Feature","properties":{"code":"1208222008","desa":"Bandar Betsy I","kecamatan":"Bandar Huluan","kecCode":"120822","kabCode":"1208","province":"Sumatera Utara"},"geometry":{"type":"Polygon","coordinates":[[[99.22462174479772,3.2017448898731327],[99.2269463304089,3.202139831645846],[99.22732509068044,3.206302209732633],[99.22479489306993,3.209001141739865],[99.22742217699191,3.21553875165555],[99.22497564511002,3.2195369135368663],[99.2263005083618,3.227642265708399],[99.22983523071139,3.230075157570264],[99.23347961908922,3.240744692729675],[99.23811956776386,3.237218331380969],[99.25518695461432,3.2358904302207048],[99.25818203067621,3.2268937518763967],[99.26371762856574,3.2236092775808975],[99.26302032932477,3.2087079843368866],[99.2498746242146,3.201524556871441],[99.24712277879324,3.1843233689055834],[99.2443602314396,3.1822013897618655],[99.229396035099,3.1815792018988436],[99.23059119272942,3.1984459823581473],[99.22581969392375,3.198648759694239],[99.22462174479772,3.2017448898731327]]]}},{"type":"Feature","properties":{"code":"1208222009","desa":"Bandar Betsy Ii","kecamatan":"Bandar Huluan","kecCode":"120822","kabCode":"1208","province":"Sumatera Utara"},"geometry":{"type":"Polygon","coordinates":[[[99.25073410089811,3.1632508513457003],[99.24642661000013,3.1668350112229278],[99.23915719744677,3.1637210133136153],[99.23504683074667,3.1683555444673326],[99.2237600845603,3.1639493790598627],[99.2219956227998,3.159056907954487],[99.21964385158253,3.1583756706060067],[99.21750938085329,3.1624292442151685],[99.22962686588721,3.181802200491075],[99.2443602314396,3.1822013897618655],[99.24733530657919,3.1845945990384523],[99.2498746242146,3.201524556871441],[99.26297495672894,3.2084898294931827],[99.26341194090837,3.2244916815796993],[99.27671323682647,3.2139775141961073],[99.27969765142552,3.2150259627220454],[99.27914152506139,3.210520653354333],[99.28178272689136,3.210806189003026],[99.28534233977722,3.207077924459272],[99.26873405683129,3.1788037007134164],[99.25073410089811,3.1632508513457003]]]}},{"type":"Feature","properties":{"code":"1208222010","desa":"Naga Soppa","kecamatan":"Bandar Huluan","kecCode":"120822","kabCode":"1208","province":"Sumatera Utara"},"geometry":{"type":"Polygon","coordinates":[[[99.17838432757468,3.125682082103075],[99.18187120958872,3.137223956948226],[99.1851439243527,3.1380977796160634],[99.18577210260052,3.1323109309382056],[99.19049096768407,3.125239212760617],[99.1868164762994,3.112477697142977],[99.18169370589987,3.113243714479986],[99.18297315608635,3.1197835421238125],[99.17838432757468,3.125682082103075]]]}},{"type":"Feature","properties":{"code":"1208231014","desa":"Perdagangan I","kecamatan":"Bandar","kecCode":"120823","kabCode":"1208","province":"Sumatera Utara"},"geometry":{"type":"Polygon","coordinates":[[[99.34194431138091,3.171302449239924],[99.33906499425416,3.1630465100885803],[99.33196480892883,3.159421152268533],[99.33068161306608,3.1550226095147003],[99.32327361858268,3.1568077412912334],[99.32639349896083,3.1626670798225063],[99.33717037181525,3.1671259455018035],[99.33727506729058,3.1714470467349654],[99.34194431138091,3.171302449239924]]]}},{"type":"Feature","properties":{"code":"1208231015","desa":"Perdagangan Iii","kecamatan":"Bandar","kecCode":"120823","kabCode":"1208","province":"Sumatera Utara"},"geometry":{"type":"Polygon","coordinates":[[[99.33727506729058,3.1714470467349654],[99.33717037181525,3.1671259455018035],[99.32639349896083,3.1626670798225063],[99.3233352374313,3.156981099105234],[99.30723908331707,3.1559747766225072],[99.30738914509307,3.1627115575929174],[99.30966390826279,3.1627115575929174],[99.31537461584587,3.1715979295917576],[99.33727506729058,3.1714470467349654]]]}},{"type":"Feature","properties":{"code":"1208232001","desa":"Pematang Kerasaan","kecamatan":"Bandar","kecCode":"120823","kabCode":"1208","province":"Sumatera Utara"},"geometry":{"type":"Polygon","coordinates":[[[99.30888470236714,3.093182260628688],[99.30582048822505,3.087981773521529],[99.30764019533882,3.083354127577463],[99.30007587889871,3.072351031173605],[99.29823308798666,3.065412247183452],[99.29466635157091,3.06990194252169],[99.29449629157067,3.081907658000093],[99.27502317957612,3.083553849017222],[99.27144048558999,3.0819956818432166],[99.26937035595722,3.0855648734043126],[99.2752000348538,3.091489731143896],[99.28074369066881,3.103432183812977],[99.28875550526242,3.103508138754306],[99.2990148920237,3.0918714438892985],[99.30342879160548,3.0971538466442583],[99.30888470236714,3.093182260628688]]]}},{"type":"Feature","properties":{"code":"1208232002","desa":"Marihat Bandar","kecamatan":"Bandar","kecCode":"120823","kabCode":"1208","province":"Sumatera Utara"},"geometry":{"type":"Polygon","coordinates":[[[99.3214014935841,3.1232548982382737],[99.32206259691138,3.116415916512055],[99.31825259208352,3.113144979711263],[99.31884745674476,3.107148737385083],[99.31536084182943,3.1030863333327705],[99.31019320155507,3.105846493882742],[99.31270353494024,3.109683374945771],[99.30633485277127,3.112801474662956],[99.30773564668283,3.1171976396092322],[99.29246594884455,3.1234402817866838],[99.29839832672144,3.1310310256961134],[99.3214014935841,3.1232548982382737]]]}},{"type":"Feature","properties":{"code":"1208232003","desa":"Nagori Bandar","kecamatan":"Bandar","kecCode":"120823","kabCode":"1208","province":"Sumatera Utara"},"geometry":{"type":"Polygon","coordinates":[[[99.33068161306608,3.1550226095147003],[99.32689182859507,3.148624950297055],[99.3248892560344,3.1499075247269164],[99.3240148533029,3.141027817603707],[99.32718050467662,3.1406728677830764],[99.32938644003222,3.135014696801372],[99.32594033957507,3.1328040409067035],[99.32467839559155,3.127526873105396],[99.30980226176501,3.130850332112217],[99.31028533170273,3.1358119727740346],[99.315110878864,3.137039774894086],[99.30786779756083,3.139214601798408],[99.31832434089569,3.1517924326870577],[99.32350918520079,3.1568434335845255],[99.33068161306608,3.1550226095147003]]]}},{"type":"Feature","properties":{"code":"1208232004","desa":"Bandar Rakyat","kecamatan":"Bandar","kecCode":"120823","kabCode":"1208","province":"Sumatera Utara"},"geometry":{"type":"Polygon","coordinates":[[[99.30835140079658,3.1288172149797546],[99.29269323090794,3.134699317150683],[99.29025877422309,3.148126269927781],[99.2975800084107,3.1487476510989403],[99.30184103223792,3.140443841934416],[99.30749479474906,3.138258915643495],[99.31202709637347,3.1394239945475046],[99.315110878864,3.137039774894086],[99.31028533170273,3.1358119727740346],[99.30835140079658,3.1288172149797546]]]}},{"type":"Feature","properties":{"code":"1208232005","desa":"Bandar Pulo","kecamatan":"Bandar","kecCode":"120823","kabCode":"1208","province":"Sumatera Utara"},"geometry":{"type":"Polygon","coordinates":[[[99.25991993006079,3.1298981973800237],[99.24639006604878,3.130326203627045],[99.2465272225533,3.135715305546731],[99.2512147606527,3.1447334623994303],[99.24578364060261,3.144404304235677],[99.24032172866491,3.145431787766077],[99.24427348643229,3.152711136920839],[99.242014329198,3.1555289449132835],[99.26296550665285,3.173902985522877],[99.27339496780358,3.166581807101125],[99.28414858598853,3.1775831893971804],[99.28971652529746,3.176235189288503],[99.26777042426573,3.1550859181894055],[99.269721582585,3.1550859181894055],[99.27083737324625,3.139010261440654],[99.2652737174082,3.13874979259537],[99.25991993006079,3.1298981973800237]]]}},{"type":"Feature","properties":{"code":"1208232006","desa":"Bah Lias","kecamatan":"Bandar","kecCode":"120823","kabCode":"1208","province":"Sumatera Utara"},"geometry":{"type":"Polygon","coordinates":[[[99.29225065114666,3.1386968126343775],[99.27083737324625,3.139010261440654],[99.269721582585,3.1550859181894055],[99.26777042426573,3.1550859181894055],[99.28914545399954,3.1747837176819664],[99.28971652529746,3.176235189288503],[99.28419617541323,3.1762589835511528],[99.28343236770968,3.1800613621240226],[99.28696131641168,3.186958177452271],[99.30965635036034,3.1863936568168203],[99.31001727527712,3.211967560002238],[99.30733913469338,3.2219688152451393],[99.31091678708015,3.224911752208946],[99.31467450172693,3.221249132778558],[99.31485535808838,3.215264794778231],[99.32292410336474,3.216345231290041],[99.32133233841677,3.1958374888737695],[99.33618017327642,3.1959326650251656],[99.34531730504966,3.193315258360022],[99.3490826459474,3.1908305610517442],[99.34978777558541,3.184757921317798],[99.34579535407237,3.1804001583221244],[99.34603275980409,3.1743828241959138],[99.34194431138091,3.171302449239924],[99.31537461584587,3.1715979295917576],[99.30966390826279,3.1627115575929174],[99.29124060187236,3.162655401226441],[99.28998448369703,3.148132599356329],[99.29225065114666,3.1386968126343775]]]}},{"type":"Feature","properties":{"code":"1208232007","desa":"Pardagangan Ii","kecamatan":"Bandar","kecCode":"120823","kabCode":"1208","province":"Sumatera Utara"},"geometry":{"type":"Polygon","coordinates":[[[99.36736874457198,3.168997173874288],[99.33586070081076,3.1558585599325664],[99.33579978703062,3.1531351879494975],[99.32975811004876,3.1533829268912443],[99.33196480892883,3.159421152268533],[99.33891517079854,3.16285946908967],[99.34181378557781,3.1711212070695356],[99.34611165642787,3.174549260827531],[99.34579535407237,3.1804001583221244],[99.34984075824445,3.1850401654477274],[99.35058800942913,3.2079581808769797],[99.3572330910344,3.2054891785371082],[99.35985634059769,3.1977529593942298],[99.36287825692608,3.1964680503243543],[99.35859522668841,3.180168742075488],[99.36589347960046,3.17431526892253],[99.36736874457198,3.168997173874288]]]}},{"type":"Feature","properties":{"code":"1208232008","desa":"Perlanaan","kecamatan":"Bandar","kecCode":"120823","kabCode":"1208","province":"Sumatera Utara"},"geometry":{"type":"Polygon","coordinates":[[[99.37539231600265,3.169507759468817],[99.36736874457198,3.168997173874288],[99.36589347960046,3.17431526892253],[99.35859522668841,3.180168742075488],[99.36049879558301,3.1857247842471175],[99.36933804401559,3.1894668983503567],[99.38090987439125,3.185726159310531],[99.37539231600265,3.169507759468817]]]}},{"type":"Feature","properties":{"code":"1208232009","desa":"Sugarang Bayu","kecamatan":"Bandar","kecCode":"120823","kabCode":"1208","province":"Sumatera Utara"},"geometry":{"type":"Polygon","coordinates":[[[99.3490826459474,3.1908305610517442],[99.33836927871931,3.1956947197004615],[99.32133233841677,3.1958374888737695],[99.3207612662195,3.2035612173327364],[99.32340246894887,3.2077490696158066],[99.32341474379545,3.226471372687412],[99.33756129182024,3.22622526241784],[99.33673269156054,3.236499904367952],[99.34157128158942,3.237513568016488],[99.34603777802106,3.249528885556414],[99.34896315122852,3.2491024621161997],[99.34916923806992,3.246379287983919],[99.35671944414707,3.2465833297667746],[99.35478377665002,3.2415714277945167],[99.35151058704399,3.2405447428620597],[99.34880944899692,3.2325564401527083],[99.35672444437766,3.21977832934533],[99.35069786431505,3.2089437074367972],[99.3490826459474,3.1908305610517442]]]}},{"type":"Feature","properties":{"code":"1208232010","desa":"Pem.Kerasaan Rejo","kecamatan":"Bandar","kecCode":"120823","kabCode":"1208","province":"Sumatera Utara"},"geometry":{"type":"Polygon","coordinates":[[[99.31536084182943,3.1030863333327705],[99.30888470236714,3.093182260628688],[99.30342879160548,3.0971538466442583],[99.2990148920237,3.0918714438892985],[99.28875550526242,3.103508138754306],[99.28074369066881,3.103432183812977],[99.28661247478595,3.118015109858371],[99.29251103815398,3.122770329131192],[99.30773564668283,3.1171976396092322],[99.30633485277127,3.112801474662956],[99.31270353494024,3.109683374945771],[99.31019320155507,3.105846493882742],[99.31536084182943,3.1030863333327705]]]}},{"type":"Feature","properties":{"code":"1208232011","desa":"Timbaan","kecamatan":"Bandar","kecCode":"120823","kabCode":"1208","province":"Sumatera Utara"},"geometry":{"type":"Polygon","coordinates":[[[99.32747754175523,3.149364001462521],[99.33464628869534,3.1353596074900976],[99.32947318773749,3.1305967107050163],[99.33011533875197,3.122397347903505],[99.32427591660034,3.1228494281023726],[99.3258322842326,3.1326272081123214],[99.32936749041737,3.134855930487507],[99.32718050467662,3.1406728677830764],[99.3239654157714,3.141229578705928],[99.3249694296955,3.1501420409366463],[99.32747754175523,3.149364001462521]]]}},{"type":"Feature","properties":{"code":"1208232012","desa":"Bandar Jawa","kecamatan":"Bandar","kecCode":"120823","kabCode":"1208","province":"Sumatera Utara"},"geometry":{"type":"Polygon","coordinates":[[[99.3233352374313,3.156981099105234],[99.30749479474906,3.138258915643495],[99.30184103223792,3.140443841934416],[99.2975800084107,3.1487476510989403],[99.28998448369703,3.148132599356329],[99.29124060187236,3.162655401226441],[99.30738914509307,3.1627115575929174],[99.3088151272164,3.155555102594276],[99.3233352374313,3.156981099105234]]]}},{"type":"Feature","properties":{"code":"1208232013","desa":"Sidotani","kecamatan":"Bandar","kecCode":"120823","kabCode":"1208","province":"Sumatera Utara"},"geometry":{"type":"Polygon","coordinates":[[[99.36069190520732,3.18588168536698],[99.36287825692608,3.1964680503243543],[99.35985634059769,3.1977529593942298],[99.3572330910344,3.2054891785371082],[99.35060360277413,3.2083900362224216],[99.3534190257675,3.216403726793074],[99.36095341007187,3.2210088141430084],[99.36137262814435,3.22660292101953],[99.37077161012176,3.243024505590323],[99.37056514466575,3.2478285508555427],[99.37570982524831,3.248281039346608],[99.38329859695271,3.257796285667916],[99.39257609131363,3.2494848169775548],[99.395831666798,3.25567110763565],[99.40211681184144,3.2571614065721657],[99.40441916171498,3.2524018660569496],[99.4016376944241,3.251941595732253],[99.4017738113124,3.245626310816603],[99.38090987439125,3.185726159310531],[99.36933804401559,3.1894668983503567],[99.36069190520732,3.18588168536698]]]}},{"type":"Feature","properties":{"code":"1208232016","desa":"Landbouw","kecamatan":"Bandar","kecCode":"120823","kabCode":"1208","province":"Sumatera Utara"},"geometry":{"type":"Polygon","coordinates":[[[99.32457550955218,3.123929378980235],[99.3086632883801,3.127178631327821],[99.3086907212998,3.1291029574724485],[99.30980226176501,3.130850332112217],[99.32467839559155,3.127526873105396],[99.32457550955218,3.123929378980235]]]}},{"type":"Feature","properties":{"code":"1208242001","desa":"Bandar Masilam","kecamatan":"Bandar Masilam","kecCode":"120824","kabCode":"1208","province":"Sumatera Utara"},"geometry":{"type":"Polygon","coordinates":[[[99.27671323682647,3.2139775141961073],[99.25818203067621,3.2268937518763967],[99.25518695461432,3.2358904302207048],[99.25936815371739,3.2351196473761528],[99.25899695944219,3.2314933488651962],[99.267231688092,3.2332699667598903],[99.268921105025,3.2294334813985284],[99.28889975382064,3.2412306971546867],[99.29137863521589,3.233124209139448],[99.2876878553103,3.233034748179652],[99.28732924974514,3.2228676768373905],[99.2792566472765,3.21145087430631],[99.27969765142552,3.2150259627220454],[99.27671323682647,3.2139775141961073]]]}},{"type":"Feature","properties":{"code":"1208242002","desa":"Lias Baru","kecamatan":"Bandar Masilam","kecCode":"120824","kabCode":"1208","province":"Sumatera Utara"},"geometry":{"type":"Polygon","coordinates":[[[99.32292410336474,3.216345231290041],[99.31485535808838,3.215264794778231],[99.31467450172693,3.221249132778558],[99.31091678708015,3.224911752208946],[99.30733913469338,3.2219688152451393],[99.30978578888312,3.211663780706583],[99.2972396770695,3.2156570547726773],[99.29589759359912,3.231308222522915],[99.29137863521589,3.233124209139448],[99.28889975382064,3.2412306971546867],[99.34130603824315,3.239500282829375],[99.34069309361143,3.2365794278190876],[99.33673269156054,3.236499904367952],[99.33756129182024,3.22622526241784],[99.32341474379545,3.226471372687412],[99.32292410336474,3.216345231290041]]]}},{"type":"Feature","properties":{"code":"1208242003","desa":"Bandar Silou","kecamatan":"Bandar Masilam","kecCode":"120824","kabCode":"1208","province":"Sumatera Utara"},"geometry":{"type":"Polygon","coordinates":[[[99.26296550665285,3.173902985522877],[99.26873405683129,3.1788037007134164],[99.28534233977722,3.207077924459272],[99.27912545957236,3.2106223981539888],[99.28732924974514,3.2228676768373905],[99.2876878553103,3.233034748179652],[99.29488612159729,3.2327045270172645],[99.29846200771554,3.214912018618964],[99.29571896755634,3.207913264237464],[99.28692881041634,3.1971879450309886],[99.28847362895486,3.1948030050205807],[99.28355134082176,3.1815485251245406],[99.28414858598853,3.1775831893971804],[99.27339496780358,3.166581807101125],[99.26296550665285,3.173902985522877]]]}},{"type":"Feature","properties":{"code":"1208242004","desa":"Panombean Baru","kecamatan":"Bandar Masilam","kecCode":"120824","kabCode":"1208","province":"Sumatera Utara"},"geometry":{"type":"Polygon","coordinates":[[[99.30978578888312,3.211663780706583],[99.30965635036034,3.1863936568168203],[99.28696131641168,3.186958177452271],[99.285569670404,3.189353520820117],[99.28847362895486,3.1948030050205807],[99.28692881041634,3.1971879450309886],[99.29571896755634,3.207913264237464],[99.29736947801904,3.2139496217228474],[99.30978578888312,3.211663780706583]]]}},{"type":"Feature","properties":{"code":"1208242005","desa":"Gunung Serawan","kecamatan":"Bandar Masilam","kecCode":"120824","kabCode":"1208","province":"Sumatera Utara"},"geometry":{"type":"Polygon","coordinates":[[[99.25936815371739,3.2351196473761528],[99.23811956776386,3.237218331380969],[99.23347961908922,3.240744692729675],[99.23181690122907,3.2376958255214814],[99.23288639029472,3.2430509672421004],[99.24016666665841,3.247061107193783],[99.2399481961524,3.2518529846317867],[99.23534433727139,3.25265472843635],[99.23598808278388,3.2572498593919303],[99.23886982718085,3.259316968199728],[99.24421523914201,3.2578268940937245],[99.24522942170051,3.260541293540811],[99.24897395228612,3.2607755903158995],[99.25166527783034,3.2555947183218437],[99.25780521473892,3.258514531017869],[99.25841193156542,3.255988872288463],[99.26100393958023,3.2558440103927344],[99.26218363336805,3.2543930460037975],[99.25807325137953,3.252573072692604],[99.25866811694009,3.2485755781082206],[99.2559793256854,3.243840451488574],[99.26506410792227,3.238788855239902],[99.26065258794665,3.2360762697253698],[99.26059548009738,3.2329639346625254],[99.25938242955554,3.2315504558151],[99.25936815371739,3.2351196473761528]]]}},{"type":"Feature","properties":{"code":"1208242006","desa":"Bandar Masilam Ii","kecamatan":"Bandar Masilam","kecCode":"120824","kabCode":"1208","province":"Sumatera Utara"},"geometry":{"type":"Polygon","coordinates":[[[99.28889975382064,3.2412306971546867],[99.268921105025,3.2294334813985284],[99.267231688092,3.2332699667598903],[99.26025283659918,3.2321501597276097],[99.25998157858702,3.2351911102038136],[99.26509266139726,3.2389887304636917],[99.2559793256854,3.243840451488574],[99.25852534866596,3.2529537862913016],[99.26218363336805,3.2543930460037975],[99.26635092085837,3.2508955519934597],[99.27538097485215,3.2527872246539595],[99.27491427527364,3.2495719037271282],[99.27652819681889,3.249541975188782],[99.28369719107256,3.25574251560468],[99.28385769577609,3.2591218108193734],[99.28572319277116,3.2583223117225693],[99.28513308642282,3.262246201294201],[99.28870899502412,3.26170306563762],[99.29048775870314,3.257273986403728],[99.28813066529801,3.2512869378467633],[99.29008474191738,3.2455103405409025],[99.28889975382064,3.2412306971546867]]]}},{"type":"Feature","properties":{"code":"1208242007","desa":"Patimbalan","kecamatan":"Bandar Masilam","kecCode":"120824","kabCode":"1208","province":"Sumatera Utara"},"geometry":{"type":"Polygon","coordinates":[[[99.34508507581563,3.2493209982724305],[99.34146685141411,3.239252309164646],[99.28953866277912,3.24126344147034],[99.28813066529801,3.2512869378467633],[99.29048775870314,3.257273986403728],[99.2885219504277,3.261320220645749],[99.29481893864316,3.2726418847969945],[99.30463790041881,3.2720888943694004],[99.3094919992564,3.266263974691385],[99.3097438975629,3.2748446527379937],[99.31369095457393,3.274883650939176],[99.31533278388093,3.269125355736242],[99.3205438029542,3.2675311167549537],[99.34508507581563,3.2493209982724305]]]}},{"type":"Feature","properties":{"code":"1208242008","desa":"Bandar Tinggi","kecamatan":"Bandar Masilam","kecCode":"120824","kabCode":"1208","province":"Sumatera Utara"},"geometry":{"type":"Polygon","coordinates":[[[99.3205438029542,3.2675311167549537],[99.31533278388093,3.269125355736242],[99.31369095457393,3.274883650939176],[99.3097438975629,3.2748446527379937],[99.3094919992564,3.266263974691385],[99.30463790041881,3.2720888943694004],[99.29005512094716,3.2718953431781954],[99.28779584770028,3.274971623520954],[99.29098291013327,3.2759624048193645],[99.29016389304928,3.27960329303184],[99.29280242479211,3.2816201854952993],[99.30172825815265,3.2831830462310774],[99.30574490830094,3.2947021511414123],[99.30501666698564,3.304255552099798],[99.32459663102975,3.2951395283241114],[99.3205438029542,3.2675311167549537]]]}},{"type":"Feature","properties":{"code":"1208242009","desa":"Bandar Rejo","kecamatan":"Bandar Masilam","kecCode":"120824","kabCode":"1208","province":"Sumatera Utara"},"geometry":{"type":"Polygon","coordinates":[[[99.34603777802106,3.249528885556414],[99.3205438029542,3.2675311167549537],[99.32459663102975,3.2951395283241114],[99.33373369265587,3.293156248022147],[99.33553567503144,3.2890086880646634],[99.33823207904724,3.2902859097297457],[99.34492777809452,3.2878277747974347],[99.34740633033795,3.274904451358706],[99.3438366045757,3.268994855114247],[99.34939847436014,3.257337354433748],[99.34930865726875,3.2520183978348753],[99.34603777802106,3.249528885556414]]]}},{"type":"Feature","properties":{"code":"1208242010","desa":"Bandar Gunung","kecamatan":"Bandar Masilam","kecCode":"120824","kabCode":"1208","province":"Sumatera Utara"},"geometry":{"type":"Polygon","coordinates":[[[99.26635092085837,3.2508955519934597],[99.25830735390133,3.256218735405881],[99.26107212168112,3.2632785105867352],[99.25826388876749,3.2715638854479647],[99.26537799200075,3.2793266166046946],[99.28067777755746,3.273811107776991],[99.28505444700517,3.276179014627852],[99.28941959433887,3.2720199946095576],[99.29493559420234,3.272550440832128],[99.28975758834206,3.2621424815834454],[99.28668449609268,3.2605044366254106],[99.28513308642282,3.262246201294201],[99.28572319277116,3.2583223117225693],[99.28385769577609,3.2591218108193734],[99.28369719107256,3.25574251560468],[99.27652819681889,3.249541975188782],[99.27491427527364,3.2495719037271282],[99.27538097485215,3.2527872246539595],[99.26635092085837,3.2508955519934597]]]}},{"type":"Feature","properties":{"code":"1208251012","desa":"Seribu Dolok","kecamatan":"Silimakuta","kecCode":"120825","kabCode":"1208","province":"Sumatera Utara"},"geometry":{"type":"Polygon","coordinates":[[[98.61982663369224,3.011925487635092],[98.62065444434715,2.9995237251171787],[98.61796820806643,2.988685786509014],[98.61455675758833,2.986952989879659],[98.62192643825459,2.9812255171411977],[98.61343902259289,2.9762690808560404],[98.61243140058872,2.9741916307441016],[98.61551758426918,2.9699482875928944],[98.61293950765223,2.9695466080994253],[98.61082135871878,2.9729791935411654],[98.60516285678045,2.96911470059336],[98.60603299222885,2.9745657181379226],[98.59197492040629,3.003528956569148],[98.60649408003779,3.007450976450188],[98.60579622681445,3.019136688863238],[98.61469184385356,3.0186418117269107],[98.61982663369224,3.011925487635092]]]}},{"type":"Feature","properties":{"code":"1208252003","desa":"Bangun Mariah","kecamatan":"Silimakuta","kecCode":"120825","kabCode":"1208","province":"Sumatera Utara"},"geometry":{"type":"Polygon","coordinates":[[[98.65166852378343,2.9516861217464863],[98.64466007020617,2.943663682570962],[98.64182114882703,2.9273938226226104],[98.63633079223234,2.9214608925683336],[98.62758561378514,2.9418680017469416],[98.61946304858088,2.9513648191607973],[98.62341338182216,2.958114086318422],[98.63004912126998,2.9559246688131435],[98.6328027122754,2.9576991400261368],[98.63638015332144,2.976289543130505],[98.64229801074464,2.9807468637745425],[98.64229806830127,2.9882501746954526],[98.65062988955783,2.9960807875794213],[98.66376728043569,2.9823960099638804],[98.65785081696167,2.975726815743166],[98.6530538232754,2.97380421090096],[98.65366296557346,2.9706062154133015],[98.64565845887086,2.9651892929661976],[98.65166852378343,2.9516861217464863]]]}},{"type":"Feature","properties":{"code":"1208252004","desa":"Purba Sinombah","kecamatan":"Silimakuta","kecCode":"120825","kabCode":"1208","province":"Sumatera Utara"},"geometry":{"type":"Polygon","coordinates":[[[98.60963045757961,2.9064020399008057],[98.60817304325137,2.894398869503896],[98.61218060395173,2.8872971796204827],[98.61086705057397,2.8838519632006614],[98.60650209029927,2.883048687850614],[98.59916410803719,2.8880283545235153],[98.5944931606309,2.9106506458845436],[98.59639937533099,2.909067735663136],[98.60033330403881,2.912844225452195],[98.60531220539399,2.9046049363492417],[98.60963045757961,2.9064020399008057]]]}},{"type":"Feature","properties":{"code":"1208252006","desa":"Purba Tua","kecamatan":"Silimakuta","kecCode":"120825","kabCode":"1208","province":"Sumatera Utara"},"geometry":{"type":"Polygon","coordinates":[[[98.62758561378514,2.9418680017469416],[98.63635079765122,2.9175176720694025],[98.62819172986451,2.9069620675233794],[98.61480141635235,2.9087527786937892],[98.60551602684323,2.904521553907225],[98.60531220539399,2.9046049363492417],[98.60033330403881,2.912844225452195],[98.59818512134632,2.9108130301710076],[98.59114333169948,2.9276564264583524],[98.58637672340711,2.9301602451519737],[98.59187194893138,2.937468811481268],[98.58734985371284,2.9471269025188414],[98.58732130023786,2.952894716146305],[98.59255590493113,2.953586954002006],[98.59399547940791,2.960273238938893],[98.61082135871878,2.9729791935411654],[98.61293950765223,2.9695466080994253],[98.61551758426918,2.9699482875928944],[98.61515224458047,2.966295999574221],[98.61867860593298,2.9645827874810133],[98.61766495577314,2.9623698895764825],[98.62123414643878,2.9621271850395554],[98.62339520742294,2.957995053851172],[98.61946304858088,2.9513648191607973],[98.62758561378514,2.9418680017469416]]]}},{"type":"Feature","properties":{"code":"1208252009","desa":"Purba Tua Baru","kecamatan":"Silimakuta","kecCode":"120825","kabCode":"1208","province":"Sumatera Utara"},"geometry":{"type":"Polygon","coordinates":[[[98.61515224458047,2.966295999574221],[98.61255455644766,2.9746324370417936],[98.61503166258122,2.97833158513497],[98.62149370876772,2.980075201507854],[98.62207501704846,2.9828498951020967],[98.63870945138012,2.980781940931611],[98.64275519909323,2.9826971254676677],[98.63638015332144,2.976289543130505],[98.63364134806982,2.968713314278853],[98.63406910520513,2.9599416678940433],[98.63004912126998,2.9559246688131435],[98.61766495577314,2.9623698895764825],[98.61867860593298,2.9645827874810133],[98.61515224458047,2.966295999574221]]]}},{"type":"Feature","properties":{"code":"1208252014","desa":"Sinar Baru","kecamatan":"Silimakuta","kecCode":"120825","kabCode":"1208","province":"Sumatera Utara"},"geometry":{"type":"Polygon","coordinates":[[[98.67034478158642,2.980998809744802],[98.661415887833,2.9790876397823762],[98.66376728043569,2.9823960099638804],[98.65325107337839,2.991710428679232],[98.6516039866347,2.999737457994484],[98.67042259542649,3.017884560981146],[98.68055692066541,3.0229794182175462],[98.68142458567615,3.019999663908556],[98.68557120944381,3.0182446153538307],[98.68643714775624,3.0075691266825233],[98.69245531556044,3.006982331638618],[98.69247911162175,3.0044838980854784],[98.68319840668119,2.9996995290872164],[98.67972520065756,2.9890887844086076],[98.67034478158642,2.980998809744802]]]}},{"type":"Feature","properties":{"code":"1208252016","desa":"Purbatua Etek","kecamatan":"Silimakuta","kecCode":"120825","kabCode":"1208","province":"Sumatera Utara"},"geometry":{"type":"Polygon","coordinates":[[[98.62207501704846,2.9828498951020967],[98.61455675758833,2.986952989879659],[98.61796820806643,2.988685786509014],[98.62065444434715,2.9995237251171787],[98.61928229923876,3.0108254746810204],[98.62352025275753,3.014992411431291],[98.62323187255292,3.0124037039312],[98.62951053438371,3.011395692521724],[98.6279552540318,3.004868628955697],[98.63156763733667,2.999875409499562],[98.63943564403979,2.996468432253086],[98.64406131687632,2.996525540102226],[98.64737352536797,3.000408818988227],[98.65250601474081,2.9983028360857547],[98.64229806830127,2.9882501746954526],[98.64349001625129,2.983746082110545],[98.63870945138012,2.980781940931611],[98.62207501704846,2.9828498951020967]]]}},{"type":"Feature","properties":{"code":"1208262001","desa":"Cingkes","kecamatan":"Dolok Silau","kecCode":"120826","kabCode":"1208","province":"Sumatera Utara"},"geometry":{"type":"Polygon","coordinates":[[[98.56017810163813,3.025390015885914],[98.5672162193531,3.0284096173560227],[98.57315744386102,3.0412406640575846],[98.57959474789936,3.048939514570758],[98.58484701437828,3.0501738736478385],[98.58514697695148,3.054383038964025],[98.58814107185304,3.0517885515211503],[98.59310224757076,3.0530377682977305],[98.59295948109525,3.047398446206839],[98.59684989880384,3.0439006383330733],[98.60773593406616,3.041580663548566],[98.6082635573174,3.0345617859370795],[98.62396860526695,3.0330944547862684],[98.62040255143664,3.011253585249453],[98.61394231378681,3.0188916559815397],[98.60011009320628,3.02119224408072],[98.5944497692415,3.0186275358887666],[98.58653092296379,3.019027284537775],[98.58587894955394,3.0230902146934837],[98.58146742957825,3.026216825594505],[98.5730512770948,3.0242275980757545],[98.57171877859882,3.0273304138147523],[98.57148083237455,3.024989024373768],[98.56429961903221,3.023187772249654],[98.55995654465886,3.023364873041967],[98.56017810163813,3.025390015885914]]]}},{"type":"Feature","properties":{"code":"1208262002","desa":"Paribuan","kecamatan":"Dolok Silau","kecCode":"120826","kabCode":"1208","province":"Sumatera Utara"},"geometry":{"type":"Polygon","coordinates":[[[98.63325374476453,3.0653411359906455],[98.63484453304879,3.0620139834682316],[98.65596394577955,3.0695303012838475],[98.64681643403128,3.0605190692109363],[98.64490954663829,3.0500016408856734],[98.66077757602436,3.0475419905957386],[98.67078899991247,3.0303970165530103],[98.68803902558062,3.0263703074919763],[98.68143156801248,3.026319749405234],[98.68057591074972,3.022856392760407],[98.67042259542649,3.017884560981146],[98.65508738467513,3.002329227686067],[98.65163682897655,2.999803043752549],[98.64737352536797,3.000408818988227],[98.64406131687632,2.996525540102226],[98.63156763733667,2.999875409499562],[98.6279552540318,3.004868628955697],[98.62942830757036,3.011539410479785],[98.62323187255292,3.0124037039312],[98.6239406057744,3.0148994655985515],[98.6216440880043,3.013893735769123],[98.62463303968309,3.0405989672014258],[98.63037395999032,3.0631959867137355],[98.63325374476453,3.0653411359906455]]]}},{"type":"Feature","properties":{"code":"1208262003","desa":"Saran Padang","kecamatan":"Dolok Silau","kecCode":"120826","kabCode":"1208","province":"Sumatera Utara"},"geometry":{"type":"Polygon","coordinates":[[[98.6934881320717,3.071856381565707],[98.69555477323428,3.068903326329607],[98.6917685024145,3.046817244945995],[98.6952901036554,3.0410303953688143],[98.70504561106615,3.050432413447286],[98.70895527426654,3.063430432776347],[98.74814324771278,3.0507083614235833],[98.74525342920248,3.0440366410072954],[98.73449826598225,3.044226997806642],[98.7170330217566,3.0294148525583906],[98.7018639580553,3.02463213651404],[98.69858030123999,3.019742343589751],[98.68558844495084,3.0174317262511097],[98.68037710571889,3.0211866718813396],[98.68062254959106,3.0249872518099954],[98.6905785824357,3.026550372449827],[98.68585999164539,3.0315196384632728],[98.68731146235416,3.0388959678093537],[98.68205285385618,3.0426555170690834],[98.67707978100714,3.0412992234125227],[98.66965925896767,3.050906046798324],[98.66549766058864,3.0693557248884615],[98.67466047160354,3.069402076845967],[98.67712161567009,3.071941331526096],[98.6934881320717,3.071856381565707]]]}},{"type":"Feature","properties":{"code":"1208262004","desa":"Mariah Dolok","kecamatan":"Dolok Silau","kecCode":"120826","kabCode":"1208","province":"Sumatera Utara"},"geometry":{"type":"Polygon","coordinates":[[[98.69714285455915,3.008647953407851],[98.68643714775624,3.0075691266825233],[98.68583828740707,3.0188143547551762],[98.69858030123999,3.019742343589751],[98.7018639580553,3.02463213651404],[98.7170330217566,3.0294148525583906],[98.73449826598225,3.044226997806642],[98.74420646635541,3.043370391760015],[98.74814324771278,3.0507083614235833],[98.75926268222707,3.0469938394200873],[98.77970336941502,3.0607391288187396],[98.78307139972536,3.0496484186626094],[98.78544149283067,3.0488971043417212],[98.7814047770089,3.0458052630296577],[98.78126695770402,3.0413590166373146],[98.7778872182206,3.0396410875999984],[98.7755658252027,3.032311358424318],[98.77341822437158,3.0352349500715654],[98.7704547909559,3.0329793154841314],[98.77078746367056,3.0292158496769064],[98.75652656504899,3.030760277908],[98.73961529690848,3.0360807939312306],[98.7013497418971,2.992712862493406],[98.69644592583886,2.9985555051109096],[98.69714285455915,3.008647953407851]]]}},{"type":"Feature","properties":{"code":"1208262005","desa":"Marubun Lokkung","kecamatan":"Dolok Silau","kecCode":"120826","kabCode":"1208","province":"Sumatera Utara"},"geometry":{"type":"Polygon","coordinates":[[[98.73612689593953,3.194589529349442],[98.73006157488186,3.1998537900807533],[98.73524351887335,3.206321221400705],[98.73567361064867,3.214917496389522],[98.75155883956886,3.20901922440825],[98.75778969343963,3.21218756385207],[98.76175662726662,3.2214627010798753],[98.76705831329058,3.215213778037276],[98.77472916342019,3.212992089259765],[98.78551354831166,3.215174933620208],[98.78923273780065,3.2223835241164753],[98.82854423762653,3.2223825798282917],[98.82505657140369,3.212943017752334],[98.81574536056,3.2028040808009246],[98.79480417457307,3.1926347368718426],[98.77228900503358,3.189279430173461],[98.73572313991103,3.1675137817310506],[98.73477636064057,3.1729184131438055],[98.72740220224989,3.176693826444388],[98.73612689593953,3.194589529349442]]]}},{"type":"Feature","properties":{"code":"1208262006","desa":"Dolok Mariah","kecamatan":"Dolok Silau","kecCode":"120826","kabCode":"1208","province":"Sumatera Utara"},"geometry":{"type":"Polygon","coordinates":[[[98.70993767298528,3.063184619283124],[98.71450936131805,3.066710246784991],[98.71372444382807,3.107519940653082],[98.72170403481338,3.113776688696793],[98.72286582759591,3.1200295624611485],[98.72626947915319,3.1205938195952685],[98.72910582487395,3.1360514037786644],[98.77189173221774,3.130503216285834],[98.7763601783796,3.119201696948423],[98.78543699172381,3.10769842999867],[98.78530090001658,3.0917378549953836],[98.77994131473992,3.071166575476789],[98.77970336941502,3.0607391288187396],[98.75926268222707,3.0469938394200873],[98.70993767298528,3.063184619283124]]]}},{"type":"Feature","properties":{"code":"1208262007","desa":"Bawang","kecamatan":"Dolok Silau","kecCode":"120826","kabCode":"1208","province":"Sumatera Utara"},"geometry":{"type":"Polygon","coordinates":[[[98.58194780874442,3.0712478984713942],[98.60278352763777,3.0969286851825126],[98.60434328571415,3.1038577519979587],[98.60751864886662,3.0984273873842136],[98.60547231169788,3.0958099807190376],[98.60694757756869,3.091193825412692],[98.59562372265673,3.0866109836929128],[98.59254219926316,3.080219303168187],[98.59890011924517,3.070910852353942],[98.60547060478466,3.0692214345233975],[98.6115625008088,3.0605550411934157],[98.63037395999032,3.0631959867137355],[98.6252060939861,3.0426126670715683],[98.62381395155266,3.0448357668853903],[98.61760355725839,3.044407463862109],[98.61546204303892,3.0508558025749735],[98.60906129284443,3.055245908788618],[98.59493126086903,3.055874087035766],[98.59654929321538,3.0615372033893675],[98.58529231638731,3.061539949019563],[98.58194780874442,3.0712478984713942]]]}},{"type":"Feature","properties":{"code":"1208262008","desa":"Huta Saing","kecamatan":"Dolok Silau","kecCode":"120826","kabCode":"1208","province":"Sumatera Utara"},"geometry":{"type":"Polygon","coordinates":[[[98.74782404684235,2.9805057339505647],[98.74982279368703,2.989738042764494],[98.7467770839953,2.9965908902379823],[98.74694364563283,3.006078990523258],[98.72671905833793,3.007855705544775],[98.71937678900765,3.0141058480680107],[98.73961529690848,3.0360807939312306],[98.75652656504899,3.030760277908],[98.77078746367056,3.0292158496769064],[98.76487630259936,3.026578293701365],[98.76410829056522,3.018062363244774],[98.7663493138698,3.014850345527842],[98.76401208109273,3.0121384929607653],[98.77422884538497,3.005998174746374],[98.78247289820575,2.997311499006271],[98.76633335989668,2.982711401305816],[98.74782404684235,2.9805057339505647]]]}},{"type":"Feature","properties":{"code":"1208262009","desa":"Togur","kecamatan":"Dolok Silau","kecCode":"120826","kabCode":"1208","province":"Sumatera Utara"},"geometry":{"type":"Polygon","coordinates":[[[98.72910582487395,3.1360514037786644],[98.72912222041418,3.141101318295184],[98.73267716042267,3.145320066787068],[98.73017609634984,3.148900398250319],[98.73259766844767,3.154288152086239],[98.73156955539069,3.158437274166076],[98.73487868190567,3.1607297899505853],[98.73572313991103,3.1675137817310506],[98.77228900503358,3.189279430173461],[98.79480417457307,3.1926347368718426],[98.7866012954135,3.1837927158389614],[98.7720226402327,3.155619548911307],[98.77189173221774,3.130503216285834],[98.72910582487395,3.1360514037786644]]]}},{"type":"Feature","properties":{"code":"1208262010","desa":"Perasmian","kecamatan":"Dolok Silau","kecCode":"120826","kabCode":"1208","province":"Sumatera Utara"},"geometry":{"type":"Polygon","coordinates":[[[98.65596394577955,3.0695303012838475],[98.6623889956557,3.070945556292372],[98.66549766058864,3.0693557248884615],[98.66870747497006,3.0525240809414953],[98.67707978100714,3.0412992234125227],[98.68205285385618,3.0426555170690834],[98.68731146235416,3.0388959678093537],[98.68585999164539,3.0315196384632728],[98.6905785824357,3.026550372449827],[98.67078899991247,3.0303970165530103],[98.66077757602436,3.0475419905957386],[98.64490954663829,3.0500016408856734],[98.64681643403128,3.0605190692109363],[98.65596394577955,3.0695303012838475]]]}},{"type":"Feature","properties":{"code":"1208262011","desa":"Tanjung Purba","kecamatan":"Dolok Silau","kecCode":"120826","kabCode":"1208","province":"Sumatera Utara"},"geometry":{"type":"Polygon","coordinates":[[[98.58514697695148,3.054383038964025],[98.58529231638731,3.061539949019563],[98.5888636348489,3.0627031393472826],[98.59654929321538,3.0615372033893675],[98.59447916268329,3.057087611519001],[98.59745348868762,3.0544939982172163],[98.60906129284443,3.055245908788618],[98.61546204303892,3.0508558025749735],[98.61760355725839,3.044407463862109],[98.62434932965789,3.044086236819428],[98.62396860526695,3.0330944547862684],[98.6082635573174,3.0345617859370795],[98.60773593406616,3.041580663548566],[98.59684989880384,3.0439006383330733],[98.59295948109525,3.047398446206839],[98.59310224757076,3.0530377682977305],[98.58814107185304,3.0517885515211503],[98.58514697695148,3.054383038964025]]]}},{"type":"Feature","properties":{"code":"1208262012","desa":"Silau Marawan","kecamatan":"Dolok Silau","kecCode":"120826","kabCode":"1208","province":"Sumatera Utara"},"geometry":{"type":"Polygon","coordinates":[[[98.73599895658663,3.0061781857448633],[98.72866938568363,2.996846682608643],[98.720734119584,2.993815696620694],[98.7191238250046,2.9854782618050133],[98.71373850382894,2.9790249669283546],[98.69760803967931,2.975492702429793],[98.69778055033218,2.9867642095918643],[98.71937678900765,3.0141058480680107],[98.72671905833793,3.007855705544775],[98.73435712907832,3.0086409288033487],[98.73599895658663,3.0061781857448633]]]}},{"type":"Feature","properties":{"code":"1208262013","desa":"Bosi Sinumbah","kecamatan":"Dolok Silau","kecCode":"120826","kabCode":"1208","province":"Sumatera Utara"},"geometry":{"type":"Polygon","coordinates":[[[98.69760803967931,2.975492702429793],[98.6918699693237,2.9723030355635798],[98.67906846893474,2.97577704827534],[98.67629478887346,2.9743278870271355],[98.67027874077132,2.981236562614553],[98.67972520065756,2.9890887844086076],[98.68328916086614,2.9997955254202813],[98.68733947533654,3.002984837054241],[98.69078969378937,3.002128231007652],[98.69293120890823,3.0077437588358786],[98.69714285455915,3.008647953407851],[98.69644592583886,2.9985555051109096],[98.7013497418971,2.992712862493406],[98.69778055033218,2.9867642095918643],[98.69760803967931,2.975492702429793]]]}},{"type":"Feature","properties":{"code":"1208262014","desa":"Ujung Bawang","kecamatan":"Dolok Silau","kecCode":"120826","kabCode":"1208","province":"Sumatera Utara"},"geometry":{"type":"Polygon","coordinates":[[[98.60434328571415,3.1038577519979587],[98.60573131284985,3.1094069602213064],[98.61125277969211,3.109370508900168],[98.62327777844676,3.10491666323657],[98.62510586634272,3.0990903783877024],[98.62872639840464,3.09774612665335],[98.63370967855889,3.0886699068714356],[98.6340391110162,3.0788534686040747],[98.62996572983462,3.0768567937995863],[98.6297062295589,3.074184768608655],[98.63325374476453,3.0653411359906455],[98.63037395999032,3.0631959867137355],[98.6115625008088,3.0605550411934157],[98.60547060478466,3.0692214345233975],[98.5992617977938,3.0705872457051333],[98.59547369595434,3.0747750961895286],[98.59254219926316,3.080219303168187],[98.59495747340873,3.086001841395515],[98.60694757756869,3.091193825412692],[98.60547231169788,3.0958099807190376],[98.60751864886662,3.0984273873842136],[98.60434328571415,3.1038577519979587]]]}},{"type":"Feature","properties":{"code":"1208272001","desa":"Simanabun","kecamatan":"Silou Kahean","kecCode":"120827","kabCode":"1208","province":"Sumatera Utara"},"geometry":{"type":"Polygon","coordinates":[[[98.82406672180184,3.0859811731762417],[98.80838064684944,3.0707911588850103],[98.81000820841216,3.0534714924343276],[98.80870497835214,3.048593326844739],[98.8038162789981,3.049675035897178],[98.80143963163374,3.0561916952065182],[98.79726846626676,3.0593094459867136],[98.79818824069478,3.0706319420108397],[98.80346280586389,3.0761888439342884],[98.80156637578767,3.0839435072728922],[98.7977961839468,3.087535390527802],[98.80811475599126,3.1015976136056937],[98.80861976758825,3.1064108157680614],[98.81373734440295,3.107885462004421],[98.8178134586243,3.1135013711452153],[98.81687702155732,3.122532872138406],[98.8272580272362,3.1380426817517026],[98.8379623077144,3.1348432032819766],[98.83680624900927,3.1241571556704755],[98.82668904956006,3.1112602138440697],[98.82208968189339,3.089863295534122],[98.82406672180184,3.0859811731762417]]]}},{"type":"Feature","properties":{"code":"1208272002","desa":"Pardomuan Tongah","kecamatan":"Silou Kahean","kecCode":"120827","kabCode":"1208","province":"Sumatera Utara"},"geometry":{"type":"Polygon","coordinates":[[[98.85743822559367,3.151759517500149],[98.84978190940762,3.1512627275058556],[98.84513061938263,3.1473957128590575],[98.83432786673774,3.1473243282723717],[98.82960012804351,3.15003533727528],[98.84399914184696,3.1662707864643878],[98.85888922235976,3.170153882788035],[98.85638650443371,3.1603517518350666],[98.85743822559367,3.151759517500149]]]}},{"type":"Feature","properties":{"code":"1208272003","desa":"Negeri Dolok","kecamatan":"Silou Kahean","kecCode":"120827","kabCode":"1208","province":"Sumatera Utara"},"geometry":{"type":"Polygon","coordinates":[[[98.79480417457307,3.1926347368718426],[98.80924856007306,3.1893830086906556],[98.81593438006763,3.1921960421823465],[98.81872968792482,3.1975814568816285],[98.82841186731389,3.2006569692033593],[98.83721702604498,3.1995342537635647],[98.84526595386075,3.1935119823593854],[98.85888922235976,3.170153882788035],[98.84399914184696,3.1662707864643878],[98.83510041675088,3.1558016805112032],[98.83276602223418,3.1632474995724436],[98.82831032306302,3.16333438127661],[98.82452698043583,3.16843832526287],[98.81464031859588,3.1578735188536764],[98.79843321422152,3.159241708742184],[98.78054803066715,3.1712511654003532],[98.7866012954135,3.1837927158389614],[98.79480417457307,3.1926347368718426]]]}},{"type":"Feature","properties":{"code":"1208272004","desa":"Bandar Maruhur","kecamatan":"Silou Kahean","kecCode":"120827","kabCode":"1208","province":"Sumatera Utara"},"geometry":{"type":"Polygon","coordinates":[[[98.9381948497126,3.2177308878113315],[98.93112682504301,3.2157299286365526],[98.92827105396599,3.2078608238696944],[98.92376443787857,3.2086429174875843],[98.92014200285121,3.20540026886177],[98.91991092025285,3.19794279188884],[98.91133929477269,3.1951226168807856],[98.909001314659,3.2000427043675383],[98.90354831140553,3.2004119911803226],[98.89324089455168,3.209971334858732],[98.89358034096,3.222396790015961],[98.88926375431883,3.236963956341849],[98.8937801262519,3.238391978126107],[98.9030215173292,3.2474810114484907],[98.90631157641819,3.242900147337877],[98.91679326209942,3.237392619993298],[98.9165199770154,3.2354488594992534],[98.9236507087133,3.2324766801798153],[98.92739478244329,3.235472191510398],[98.93170655501359,3.2349362027660526],[98.93054407784699,3.2291058170087044],[98.92786230040491,3.2272356201586114],[98.93130612198001,3.2256608748820117],[98.93034135896659,3.2228856434932074],[98.93773110980293,3.219836746607413],[98.9381948497126,3.2177308878113315]]]}},{"type":"Feature","properties":{"code":"1208272005","desa":"Silou Dunia","kecamatan":"Silou Kahean","kecCode":"120827","kabCode":"1208","province":"Sumatera Utara"},"geometry":{"type":"Polygon","coordinates":[[[98.96523383037703,3.286885216046334],[98.98006193141305,3.2726237139951038],[98.98518425305086,3.272049878181795],[98.9868410371842,3.274096789115788],[98.98774121178757,3.27074658247272],[98.97104395801233,3.264520758516827],[98.96489655583143,3.2544801732228135],[98.9517855645522,3.272473862660653],[98.95520962082742,3.282677400612568],[98.96523383037703,3.286885216046334]]]}},{"type":"Feature","properties":{"code":"1208272006","desa":"Dolok Marawa","kecamatan":"Silou Kahean","kecCode":"120827","kabCode":"1208","province":"Sumatera Utara"},"geometry":{"type":"Polygon","coordinates":[[[98.78565958742007,3.1049217758824033],[98.77259309999164,3.1261600753673426],[98.77120910361731,3.1347403028535354],[98.7720226402327,3.155619548911307],[98.78054803066715,3.1712511654003532],[98.79843321422152,3.159241708742184],[98.81464031859588,3.1578735188536764],[98.82452698043583,3.16843832526287],[98.82831032306302,3.16333438127661],[98.83276602223418,3.1632474995724436],[98.83510041675088,3.1558016805112032],[98.8293105517406,3.1497317189582805],[98.82810577765957,3.145008704407928],[98.8235008665718,3.1455779087126716],[98.81832872069396,3.1336958796930854],[98.81039335926619,3.127719691349095],[98.80193568688252,3.1253151029507102],[98.7961327052602,3.110318645246621],[98.78565958742007,3.1049217758824033]]]}},{"type":"Feature","properties":{"code":"1208272007","desa":"Maria Buttu","kecamatan":"Silou Kahean","kecCode":"120827","kabCode":"1208","province":"Sumatera Utara"},"geometry":{"type":"Polygon","coordinates":[[[98.9032587395992,3.1794074740581997],[98.898778502426,3.1663508953742148],[98.8932054540685,3.1615555204727657],[98.89193641803132,3.155872757529736],[98.88105947041826,3.152680402589979],[98.85678625308316,3.1525851904657416],[98.85784124687609,3.171185761305264],[98.86231246744649,3.173870167462783],[98.8632817360633,3.179742648686492],[98.8680846679731,3.175390693512556],[98.9032587395992,3.1794074740581997]]]}},{"type":"Feature","properties":{"code":"1208272008","desa":"Dolok Saribu Bangun","kecamatan":"Silou Kahean","kecCode":"120827","kabCode":"1208","province":"Sumatera Utara"},"geometry":{"type":"Polygon","coordinates":[[[98.79114732788689,3.0514890053343846],[98.78307139972536,3.0496484186626094],[98.78000080039669,3.0593882436849564],[98.77970336941502,3.06926300658424],[98.78530090001658,3.0917378549953836],[98.78565958742007,3.1049217758824033],[98.7961327052602,3.110318645246621],[98.80193568688252,3.1253151029507102],[98.81039335926619,3.127719691349095],[98.81832872069396,3.1336958796930854],[98.82257287773619,3.1446142275847033],[98.82734181707126,3.145662576285911],[98.8267491818293,3.1405914080915664],[98.82427609476599,3.1389754756639725],[98.82709801805912,3.137424090277493],[98.81687702155732,3.122532872138406],[98.8178134586243,3.1135013711452153],[98.81373734440295,3.107885462004421],[98.80861976758825,3.1064108157680614],[98.80811475599126,3.1015976136056937],[98.79783371355511,3.0876722511552743],[98.80156637578767,3.0839435072728922],[98.80346280586389,3.0761888439342884],[98.79818824069478,3.0706319420108397],[98.79792520608345,3.0601575975067856],[98.79114732788689,3.0514890053343846]]]}},{"type":"Feature","properties":{"code":"1208272009","desa":"Bandar Nagori","kecamatan":"Silou Kahean","kecCode":"120827","kabCode":"1208","province":"Sumatera Utara"},"geometry":{"type":"Polygon","coordinates":[[[98.90594382294914,3.2527362978451615],[98.88967434699356,3.235360826662892],[98.88078777533563,3.23569369632877],[98.87412351658706,3.2227979038358248],[98.87337436873217,3.214312171714201],[98.8756717777304,3.2114737584550856],[98.87295923538043,3.205622705377783],[98.87342960329362,3.1966059730511573],[98.87024561744134,3.194776115291381],[98.85746399206967,3.195220305738],[98.85002544941499,3.2117395270051614],[98.84625161801777,3.227174940202296],[98.8502146406932,3.231078911589187],[98.85489956895998,3.2310268903055173],[98.85363724456322,3.236713359354705],[98.85828709837097,3.2378019401268583],[98.86135478839282,3.242401832992661],[98.86082185014833,3.248208559385731],[98.86413017986398,3.2509778597456465],[98.86292665224329,3.2559633333410045],[98.89197184772263,3.259990917442362],[98.89637203983784,3.2660341862176625],[98.90362214934277,3.267189775475485],[98.91338021622407,3.2748583593053153],[98.92321352578364,3.265547896707523],[98.91226600207436,3.2555175223161075],[98.90594382294914,3.2527362978451615]]]}},{"type":"Feature","properties":{"code":"1208272010","desa":"Silou Paribuan","kecamatan":"Silou Kahean","kecCode":"120827","kabCode":"1208","province":"Sumatera Utara"},"geometry":{"type":"Polygon","coordinates":[[[98.94106429677993,3.21386202235973],[98.93566320239495,3.2155469166004003],[98.93773110980293,3.219836746607413],[98.93034135896659,3.2228856434932074],[98.93130612198001,3.2256608748820117],[98.92795309326071,3.226949415414373],[98.93236988596152,3.2346239536554067],[98.92739478244329,3.235472191510398],[98.9236507087133,3.2324766801798153],[98.9165199770154,3.2354488594992534],[98.91679326209942,3.237392619993298],[98.90631157641819,3.242900147337877],[98.9030215173292,3.2474810114484907],[98.90594382294914,3.2527362978451615],[98.91226600207436,3.2555175223161075],[98.92040402932258,3.264089836667715],[98.93746302729691,3.273321825323069],[98.95796379909012,3.2410018062043853],[98.94275119920853,3.2276556134461867],[98.93948128583274,3.221914870311611],[98.94106429677993,3.21386202235973]]]}},{"type":"Feature","properties":{"code":"1208272011","desa":"Buttu Bayu","kecamatan":"Silou Kahean","kecCode":"120827","kabCode":"1208","province":"Sumatera Utara"},"geometry":{"type":"Polygon","coordinates":[[[98.87531961041174,3.1348565753014612],[98.85899732356766,3.112820957575745],[98.84012458727993,3.100390624495781],[98.82406672180184,3.0859811731762417],[98.82208968189339,3.089863295534122],[98.82668904956006,3.1112602138440697],[98.83680624900927,3.1241571556704755],[98.8379623077144,3.1348432032819766],[98.8444265977094,3.1340564448806667],[98.85138340591952,3.138373779753069],[98.85100608726115,3.1417540534300676],[98.85594957511283,3.1428365385974866],[98.86285001201848,3.1424796192615214],[98.87531961041174,3.1348565753014612]]]}},{"type":"Feature","properties":{"code":"1208272012","desa":"Nagori Tani","kecamatan":"Silou Kahean","kecCode":"120827","kabCode":"1208","province":"Sumatera Utara"},"geometry":{"type":"Polygon","coordinates":[[[98.79566122578501,3.193370026173205],[98.82001400074557,3.2061825423440395],[98.82854423762653,3.2223825798282917],[98.84043844078148,3.22240870513372],[98.84569580731574,3.227488852159403],[98.85746399206967,3.195220305738],[98.87118147444555,3.195639100229254],[98.871401766978,3.1879482204073155],[98.86348744788745,3.1802325417800206],[98.86231246744649,3.173870167462783],[98.8589085200122,3.1710894259278053],[98.84526595386075,3.1935119823593854],[98.83721702604498,3.1995342537635647],[98.82841186731389,3.2006569692033593],[98.81872968792482,3.1975814568816285],[98.81593438006763,3.1921960421823465],[98.80924856007306,3.1893830086906556],[98.79566122578501,3.193370026173205]]]}},{"type":"Feature","properties":{"code":"1208272013","desa":"Bah Sarimah","kecamatan":"Silou Kahean","kecCode":"120827","kabCode":"1208","province":"Sumatera Utara"},"geometry":{"type":"Polygon","coordinates":[[[98.95273145888979,3.2772028172331624],[98.95178782544785,3.272290659968212],[98.95410925443859,3.267613463178069],[98.95882505822992,3.264344420349528],[98.96489655583143,3.2544801732228135],[98.95841452491042,3.2487694332703474],[98.95796379909012,3.2410018062043853],[98.93770255632796,3.2733103023097025],[98.9442960069552,3.277555703109775],[98.95273145888979,3.2772028172331624]]]}},{"type":"Feature","properties":{"code":"1208272014","desa":"Damaritang","kecamatan":"Silou Kahean","kecCode":"120827","kabCode":"1208","province":"Sumatera Utara"},"geometry":{"type":"Polygon","coordinates":[[[98.9139711472507,3.1947349946902253],[98.91519686294494,3.1881685282281036],[98.90654651441018,3.1796712883814746],[98.8680846679731,3.175390693512556],[98.8632817360633,3.179742648686492],[98.87138504768187,3.1878417262880467],[98.87295923538043,3.205622705377783],[98.8756717777304,3.2114737584550856],[98.87337436873217,3.214312171714201],[98.87415500005328,3.2229593959948257],[98.88096172940031,3.235917910804453],[98.887513078266,3.2356696358667203],[98.89136713458568,3.231215453856679],[98.89324089455168,3.209971334858732],[98.90354831140553,3.2004119911803226],[98.909001314659,3.2000427043675383],[98.90841170203844,3.197978266546228],[98.9139711472507,3.1947349946902253]]]}},{"type":"Feature","properties":{"code":"1208272015","desa":"Sinasih","kecamatan":"Silou Kahean","kecCode":"120827","kabCode":"1208","province":"Sumatera Utara"},"geometry":{"type":"Polygon","coordinates":[[[98.88668740170226,3.1427098690874087],[98.88194064504476,3.143398445803122],[98.87531961041174,3.1348565753014612],[98.8640397431397,3.1408734831489733],[98.86285001201848,3.1424796192615214],[98.86595762384529,3.145752722529082],[98.86109459473981,3.1522678233133243],[98.88105947041826,3.152680402589979],[98.8905154019643,3.155455693334051],[98.88668740170226,3.1427098690874087]]]}},{"type":"Feature","properties":{"code":"1208272016","desa":"Pardomuan Bandar","kecamatan":"Silou Kahean","kecCode":"120827","kabCode":"1208","province":"Sumatera Utara"},"geometry":{"type":"Polygon","coordinates":[[[98.8444265977094,3.1340564448806667],[98.82427609476599,3.1389754756639725],[98.8267491818293,3.1405914080915664],[98.82960012804351,3.15003533727528],[98.83432786673774,3.1473243282723717],[98.84513061938263,3.1473957128590575],[98.84978190940762,3.1512627275058556],[98.86109459473981,3.1522678233133243],[98.86595762384529,3.145752722529082],[98.86285001201848,3.1424796192615214],[98.85100608726115,3.1417540534300676],[98.85138340591952,3.138373779753069],[98.8444265977094,3.1340564448806667]]]}},{"type":"Feature","properties":{"code":"1208281009","desa":"Sinaksak","kecamatan":"Tapian Dolok","kecCode":"120828","kabCode":"1208","province":"Sumatera Utara"},"geometry":{"type":"Polygon","coordinates":[[[99.09755357144023,3.036267317820012],[99.09395522295524,3.0304467418675154],[99.09584413379979,3.0168678459329286],[99.09293597631432,3.0130365415658678],[99.08816378143341,3.0130970290673273],[99.08553644355207,3.0156793450855828],[99.08146261990407,3.013825309052632],[99.07004374442334,3.015895078954394],[99.07057492359388,3.0208002035209147],[99.08086847290177,3.024140966383201],[99.08016526241698,3.0353340103947812],[99.09755357144023,3.036267317820012]]]}},{"type":"Feature","properties":{"code":"1208282001","desa":"Batu Silangit","kecamatan":"Tapian Dolok","kecCode":"120828","kabCode":"1208","province":"Sumatera Utara"},"geometry":{"type":"Polygon","coordinates":[[[99.11869643759059,3.071185334435332],[99.10728983695645,3.052881878015823],[99.09470821091524,3.0532355777788407],[99.09276847488525,3.0496452890218784],[99.08045476407614,3.049550111071926],[99.08260436859678,3.061881904536054],[99.07445005822365,3.0618348223290264],[99.06857092830573,3.084482141822643],[99.07140036183726,3.0888069419673845],[99.08259456598648,3.089042329620173],[99.08266594967392,3.086829430816316],[99.08767304927187,3.086609410778677],[99.08762545984716,3.081422185973704],[99.09709571489537,3.081660131298358],[99.092893269309,3.09162848664289],[99.09405444695521,3.0954546594783374],[99.10194360661221,3.1029750449276228],[99.11172346676464,3.1027255325228467],[99.11089065587912,3.086116894362683],[99.10591718642904,3.071234754879656],[99.11869643759059,3.071185334435332]]]}},{"type":"Feature","properties":{"code":"1208282002","desa":"Dolok Maraja","kecamatan":"Tapian Dolok","kecCode":"120828","kabCode":"1208","province":"Sumatera Utara"},"geometry":{"type":"Polygon","coordinates":[[[99.03527976095228,3.0019246253959766],[99.02886983857223,3.0001789765552074],[99.01971396043096,3.0037930164073776],[99.01649189728329,3.0214799605853053],[99.04397732929037,3.0433600099863574],[99.0454734360503,3.035750705868486],[99.05120133327495,3.030531514661448],[99.08143937242914,3.0298819397441696],[99.08046872335295,3.0234271277112446],[99.07057492359388,3.0208002035209147],[99.07004374442334,3.015895078954394],[99.06557912577607,3.0121523910836725],[99.06104834310662,3.0132148699328383],[99.05660797108105,3.00641556089935],[99.05245746044352,3.0076626220010034],[99.02997350727162,3.0037068982276596],[99.03527976095228,3.0019246253959766]]]}},{"type":"Feature","properties":{"code":"1208282003","desa":"Dolok Ulu","kecamatan":"Tapian Dolok","kecCode":"120828","kabCode":"1208","province":"Sumatera Utara"},"geometry":{"type":"Polygon","coordinates":[[[99.07825852161352,3.0436554714523822],[99.08143937242914,3.0298819397441696],[99.05120133327495,3.030531514661448],[99.0454734360503,3.035750705868486],[99.04397732929037,3.0433600099863574],[99.04895793576019,3.0534185250637997],[99.07483234024039,3.060074169199242],[99.07445005822365,3.0618348223290264],[99.08260436859678,3.061881904536054],[99.07825852161352,3.0436554714523822]]]}},{"type":"Feature","properties":{"code":"1208282004","desa":"Nagur Usang","kecamatan":"Tapian Dolok","kecCode":"120828","kabCode":"1208","province":"Sumatera Utara"},"geometry":{"type":"Polygon","coordinates":[[[99.06857092830573,3.084482141822643],[99.07483234024039,3.060074169199242],[99.04895793576019,3.0534185250637997],[99.04278352064301,3.04231953395028],[99.03517632272916,3.0409998184192832],[99.01010564326089,3.048016001661943],[99.00707141161644,3.0690808444074027],[99.01167786414219,3.0762989380396877],[99.0264577920935,3.0896863323380392],[99.03049477501388,3.0902079786943775],[99.03394331263381,3.0858613861778323],[99.04117449500698,3.0886584450119914],[99.04976674643825,3.0845878085656757],[99.04650168130765,3.0778899745351156],[99.04873837437651,3.076138691441755],[99.06015978774404,3.077661546735665],[99.06857092830573,3.084482141822643]]]}},{"type":"Feature","properties":{"code":"1208282005","desa":"Dolok Kahean","kecamatan":"Tapian Dolok","kecCode":"120828","kabCode":"1208","province":"Sumatera Utara"},"geometry":{"type":"Polygon","coordinates":[[[99.1076747755705,3.1137579108524784],[99.10779821381658,3.108494106976772],[99.09304555420901,3.093170377886509],[99.09709571489537,3.081660131298358],[99.08762545984716,3.081422185973704],[99.08767304927187,3.086609410778677],[99.08266594967392,3.086829430816316],[99.08259456598648,3.089042329620173],[99.07140036183726,3.0888069419673845],[99.06955389989263,3.0912435093584674],[99.06767775042789,3.1015967826321686],[99.06882970732516,3.112004390245919],[99.07107967528684,3.1134611516647164],[99.1076747755705,3.1137579108524784]]]}},{"type":"Feature","properties":{"code":"1208282006","desa":"Naga Dolok","kecamatan":"Tapian Dolok","kecCode":"120828","kabCode":"1208","province":"Sumatera Utara"},"geometry":{"type":"Polygon","coordinates":[[[99.07140036183726,3.0888069419673845],[99.06015978774404,3.077661546735665],[99.04676818190613,3.076804940689089],[99.05002333920578,3.0873628466002594],[99.04763912044909,3.0886334789327017],[99.04714056328639,3.116642228206704],[99.07279755126602,3.1275202837727316],[99.06987471684475,3.1223365411427495],[99.06767775042789,3.1015967826321686],[99.07140036183726,3.0888069419673845]]]}},{"type":"Feature","properties":{"code":"1208282007","desa":"Purbasari","kecamatan":"Tapian Dolok","kecCode":"120828","kabCode":"1208","province":"Sumatera Utara"},"geometry":{"type":"Polygon","coordinates":[[[99.10728983695645,3.052881878015823],[99.09755357144023,3.036267317820012],[99.08016526241698,3.0353340103947812],[99.07825852161352,3.0436554714523822],[99.08045476407614,3.049550111071926],[99.09276847488525,3.0496452890218784],[99.09470821091524,3.0532355777788407],[99.10728983695645,3.052881878015823]]]}},{"type":"Feature","properties":{"code":"1208282008","desa":"Pematang Dolok Kahean","kecamatan":"Tapian Dolok","kecCode":"120828","kabCode":"1208","province":"Sumatera Utara"},"geometry":{"type":"Polygon","coordinates":[[[99.10986685686997,3.1406914198975127],[99.1076747755705,3.1137579108524784],[99.06882970732516,3.112004390245919],[99.06987471684475,3.1223365411427495],[99.07436590865983,3.127305817948061],[99.07301088034791,3.1292863634117407],[99.07637235010395,3.134067263724826],[99.09699486042449,3.1347647059572488],[99.10986685686997,3.1406914198975127]]]}},{"type":"Feature","properties":{"code":"1208282010","desa":"Negri Bayu Muslimin","kecamatan":"Tapian Dolok","kecCode":"120828","kabCode":"1208","province":"Sumatera Utara"},"geometry":{"type":"Polygon","coordinates":[[[99.04976674643825,3.0845878085656757],[99.04117449500698,3.0886584450119914],[99.03394331263381,3.0858613861778323],[99.03179227998982,3.087469902795836],[99.03049477501388,3.0902079786943775],[99.0343610845964,3.091708949885612],[99.03274074638841,3.1107762032160347],[99.04576392606441,3.1127267895643604],[99.04822306284417,3.107476787584083],[99.04763912044909,3.0886334789327017],[99.04990912530593,3.0876626589863974],[99.04976674643825,3.0845878085656757]]]}},{"type":"Feature","properties":{"code":"1208282011","desa":"Dolok Simbolon","kecamatan":"Tapian Dolok","kecCode":"120828","kabCode":"1208","province":"Sumatera Utara"},"geometry":{"type":"Polygon","coordinates":[[[99.04278352064301,3.04231953395028],[99.01649189728329,3.0214799605853053],[99.00578476865223,3.026921187210704],[99.00050754688583,3.0271369786361135],[99.00193597966177,3.039926446082187],[99.01010564326089,3.048016001661943],[99.03517632272916,3.0409998184192832],[99.04278352064301,3.04231953395028]]]}},{"type":"Feature","properties":{"code":"1208291001","desa":"Merek Raya","kecamatan":"Raya","kecCode":"120829","kabCode":"1208","province":"Sumatera Utara"},"geometry":{"type":"Polygon","coordinates":[[[98.92211701478844,2.9340647507361375],[98.90659194456265,2.934731059338718],[98.90474662295831,2.931962630421846],[98.88765270430889,2.9332260681779165],[98.87828401869257,2.9413963136294665],[98.88806467834227,2.948369376178731],[98.89267560139795,2.942623775805829],[98.89510265126643,2.94550292295756],[98.90404541976038,2.945958847758181],[98.90589611841119,2.9402891528638655],[98.92271823855593,2.938047140307483],[98.92211701478844,2.9340647507361375]]]}},{"type":"Feature","properties":{"code":"1208291002","desa":"Dalig Raya","kecamatan":"Raya","kecCode":"120829","kabCode":"1208","province":"Sumatera Utara"},"geometry":{"type":"Polygon","coordinates":[[[98.81934985501185,2.9581137967367193],[98.8123166952593,2.952653410954457],[98.80978820456203,2.947136536955956],[98.80407599601045,2.9498902160918936],[98.79743762964296,2.9592345894258965],[98.8009275126946,2.965308450439227],[98.81282819726356,2.9665902136806084],[98.81957052436023,2.97367079377762],[98.81934985501185,2.9581137967367193]]]}},{"type":"Feature","properties":{"code":"1208291005","desa":"Sondi Raya","kecamatan":"Raya","kecCode":"120829","kabCode":"1208","province":"Sumatera Utara"},"geometry":{"type":"Polygon","coordinates":[[[98.87695542595219,2.966058336636666],[98.87501670435749,2.956735521850725],[98.86828758920093,2.952623815165267],[98.86078300842915,2.9564471308545954],[98.8634813154104,2.9601233992956253],[98.85861293893605,2.961301231485569],[98.85671028824923,2.9720706660356613],[98.86667520369775,2.9773504823403876],[98.86602799129885,2.970307278966868],[98.87695542595219,2.966058336636666]]]}},{"type":"Feature","properties":{"code":"1208291011","desa":"Pematang Raya","kecamatan":"Raya","kecCode":"120829","kabCode":"1208","province":"Sumatera Utara"},"geometry":{"type":"Polygon","coordinates":[[[98.81934985501185,2.9581137967367193],[98.81888232895635,2.975212953019178],[98.82219025577574,2.9836783604625916],[98.85574065540698,2.9853439840304103],[98.85984522597646,2.9838568210298835],[98.86059138808213,2.9729080607646763],[98.85671028824923,2.9720706660356613],[98.85677664562577,2.968746351773509],[98.85861293893605,2.961301231485569],[98.86350273096632,2.9600163224156666],[98.8576952248548,2.948904907168112],[98.85765623834475,2.9510345530322493],[98.84591847225975,2.955231287019797],[98.8385928997426,2.953633394992409],[98.83604943982982,2.958126170508742],[98.82724067571667,2.9580690635588494],[98.82485169684837,2.960619846648267],[98.81934985501185,2.9581137967367193]]]}},{"type":"Feature","properties":{"code":"1208291018","desa":"Baringin Raya","kecamatan":"Raya","kecCode":"120829","kabCode":"1208","province":"Sumatera Utara"},"geometry":{"type":"Polygon","coordinates":[[[98.88765270430889,2.9332260681779165],[98.8765785173847,2.930156868197677],[98.87435377180918,2.932066922101409],[98.86644641257192,2.927364792506933],[98.85059972140009,2.9364326009297397],[98.8450721463625,2.944564800562211],[98.83552297220746,2.9438024875326527],[98.8365893469209,2.954864646911807],[98.84591847225975,2.955231287019797],[98.85765623834475,2.9510345530322493],[98.86090332692703,2.945246266338465],[98.86933491627343,2.9453798687221715],[98.87908793076343,2.941227970435198],[98.88765270430889,2.9332260681779165]]]}},{"type":"Feature","properties":{"code":"1208292004","desa":"Raya Bayu","kecamatan":"Raya","kecCode":"120829","kabCode":"1208","province":"Sumatera Utara"},"geometry":{"type":"Polygon","coordinates":[[[98.83434542240337,2.9454317587048333],[98.82989386281156,2.9456552887964325],[98.82910761702293,2.9413571121815525],[98.8184218418945,2.942900649184529],[98.81233577887316,2.940173008119694],[98.80958852359157,2.9460468967823417],[98.81527674542552,2.9560227272916437],[98.82485169684837,2.960619846648267],[98.82724067571667,2.9580690635588494],[98.83626359179141,2.9579691272959145],[98.83434542240337,2.9454317587048333]]]}},{"type":"Feature","properties":{"code":"1208292007","desa":"Bahapal Raya","kecamatan":"Raya","kecCode":"120829","kabCode":"1208","province":"Sumatera Utara"},"geometry":{"type":"Polygon","coordinates":[[[99.02077676483589,3.0033735024583934],[99.01626428067208,2.9974619618797127],[99.00270777694243,3.004584491752829],[98.98442459931584,2.99501178055156],[98.95851558532604,2.9898836448022297],[98.95472777576629,2.9842496044296984],[98.95560364799002,2.9734013038328557],[98.94680671265974,2.9748938870473887],[98.93520684142266,2.9723597603015643],[98.92917954460033,2.9495356430871675],[98.91277933060167,2.958301032888567],[98.91310650576071,2.9662722268952377],[98.90906142264657,2.9694250125643946],[98.8910733917237,2.967346553413018],[98.88913230131469,2.957232015068768],[98.88430803478802,2.962056281590174],[98.88044141044281,2.9592604161564156],[98.87431429876592,2.9685998000517],[98.87237888038106,2.9673994209588015],[98.86602799129885,2.970307278966868],[98.86667520369775,2.9773504823403876],[98.86059138808213,2.9729080607646763],[98.86439623260009,2.9806259355364233],[98.87266305625508,2.9868612122662817],[98.89297418890776,2.994423766926259],[98.91434960804804,3.009930624065199],[98.91782082656992,3.020857112619906],[98.9277243336112,3.0176686220669455],[98.92689519375823,3.015879283261972],[98.96331158256355,3.0170675493862875],[99.00578476865223,3.026921187210704],[99.01649189728329,3.0214799605853053],[99.02077676483589,3.0033735024583934]]]}},{"type":"Feature","properties":{"code":"1208292010","desa":"Siporkas","kecamatan":"Raya","kecCode":"120829","kabCode":"1208","province":"Sumatera Utara"},"geometry":{"type":"Polygon","coordinates":[[[98.90978874665342,3.034080895057212],[98.91454766933954,3.028750901978237],[98.91350070559315,3.021707696806097],[98.91781583713123,3.0207760926968596],[98.91434960804804,3.009930624065199],[98.89297418890776,2.994423766926259],[98.87266305625508,2.9868612122662817],[98.86439623260009,2.9806259355364233],[98.86059333241643,2.973287366924295],[98.85865549575459,2.98492757813848],[98.83006815502142,2.9845401484028273],[98.8350326654252,2.990225309837676],[98.83741041895574,3.0007283984728885],[98.83751877557107,3.004815353117718],[98.83200564274625,3.0044327365535937],[98.83159595658816,3.0070598451049984],[98.83750883986112,3.0276327083297185],[98.84020670167801,3.0523359634540737],[98.84526305534581,3.0635194296859596],[98.85567533225083,3.072885182602922],[98.86562342677979,3.07856499846759],[98.87302314390301,3.0795541519931113],[98.88147151999469,3.0736981589398384],[98.88482111690108,3.0804535801582102],[98.88874770534238,3.078272088378199],[98.9009920325563,3.0622613392986997],[98.89741774992929,3.0459731448717564],[98.8993976649703,3.0393478960227696],[98.90978874665342,3.034080895057212]]]}},{"type":"Feature","properties":{"code":"1208292012","desa":"Sihubu Raya","kecamatan":"Raya","kecCode":"120829","kabCode":"1208","province":"Sumatera Utara"},"geometry":{"type":"Polygon","coordinates":[[[98.92271823855593,2.938047140307483],[98.90589611841119,2.9402891528638655],[98.90348862609926,2.9552435043098124],[98.91088399140313,2.9581274115731686],[98.92557049957895,2.9523881514206622],[98.92728765160388,2.948898551659238],[98.92271823855593,2.938047140307483]]]}},{"type":"Feature","properties":{"code":"1208292013","desa":"Raya Bosi","kecamatan":"Raya","kecCode":"120829","kabCode":"1208","province":"Sumatera Utara"},"geometry":{"type":"Polygon","coordinates":[[[98.9472748754352,2.933190409159531],[98.92211701478844,2.9340647507361375],[98.92739078765474,2.9498540255741985],[98.9499476012009,2.942949622665815],[98.95705029293674,2.9441274557550843],[98.96047455155933,2.947273455140008],[98.95791342086773,2.9410905261477054],[98.9472748754352,2.933190409159531]]]}},{"type":"Feature","properties":{"code":"1208292014","desa":"Silou Huluan","kecamatan":"Raya","kecCode":"120829","kabCode":"1208","province":"Sumatera Utara"},"geometry":{"type":"Polygon","coordinates":[[[98.77078746367056,3.0292158496769064],[98.77035147144328,3.032802460206716],[98.77234799786186,3.032590507087762],[98.77285067391954,3.0351382171937447],[98.7755658252027,3.032311358424318],[98.7778872182206,3.0396410875999984],[98.78126695770402,3.0413590166373146],[98.78154345966301,3.0460140217566782],[98.79114732788689,3.0514890053343846],[98.79719161380198,3.059343826169191],[98.80143963163374,3.0561916952065182],[98.8036674942595,3.049812748182623],[98.80870497835214,3.048593326844739],[98.80915962881386,3.0254893019389413],[98.8130255390974,3.0129098720558587],[98.79676810506407,3.012884016547045],[98.79262164407366,3.004761454049602],[98.78247289820575,2.997311499006271],[98.77422884538497,3.005998174746374],[98.76401208109273,3.0121384929607653],[98.7663493138698,3.014850345527842],[98.76410829056522,3.018062363244774],[98.76487630259936,3.026578293701365],[98.77078746367056,3.0292158496769064]]]}},{"type":"Feature","properties":{"code":"1208292015","desa":"Silou Buttu","kecamatan":"Raya","kecCode":"120829","kabCode":"1208","province":"Sumatera Utara"},"geometry":{"type":"Polygon","coordinates":[[[98.74566389777073,2.974236355827996],[98.74782404684235,2.9805057339505647],[98.76633335989668,2.982711401305816],[98.79262164407366,3.004761454049602],[98.79676810506407,3.012884016547045],[98.80988062609009,3.0136425874974986],[98.81672889692112,3.009005084084465],[98.83751877557107,3.004815353117718],[98.83511011593913,2.9904165299861774],[98.83006815502142,2.9845401484028273],[98.82260666166815,2.9839163066865364],[98.82019579240193,2.9793139532756983],[98.8153450318478,2.9779730946833602],[98.81341438796368,2.980836625107853],[98.81129418407936,2.979926593935843],[98.79895233438275,2.9668732285295354],[98.79268007482563,2.96614422099269],[98.78548802105541,2.960741044682991],[98.78153681097513,2.961353742899749],[98.76579413898837,2.9758781851332126],[98.74566389777073,2.974236355827996]]]}},{"type":"Feature","properties":{"code":"1208292016","desa":"Bongguran Kariahan","kecamatan":"Raya","kecCode":"120829","kabCode":"1208","province":"Sumatera Utara"},"geometry":{"type":"Polygon","coordinates":[[[98.82353425660072,3.0854940338068033],[98.8290091646413,3.065678049008414],[98.8343152375582,3.062681552920204],[98.84136618140421,3.06435209398105],[98.85567533225083,3.072885182602922],[98.84526305534581,3.0635194296859596],[98.8406231066711,3.0537636398986616],[98.83750883986112,3.0276327083297185],[98.83127236073089,3.006423367014704],[98.81458738180231,3.010343528896409],[98.80915962881386,3.0254893019389413],[98.80780534334194,3.0452258685068494],[98.81044937084187,3.061276778610885],[98.80838064684944,3.0707911588850103],[98.82353425660072,3.0854940338068033]]]}},{"type":"Feature","properties":{"code":"1208292017","desa":"Simbou Baru","kecamatan":"Raya","kecCode":"120829","kabCode":"1208","province":"Sumatera Utara"},"geometry":{"type":"Polygon","coordinates":[[[98.95560364799002,2.9734013038328557],[98.96240407938483,2.9642933874455215],[98.96415298377326,2.95526333346156],[98.95747859596047,2.9444129923030506],[98.94320182970073,2.94366346043842],[98.92917954460033,2.9495356430871675],[98.93552806756632,2.9726809891428587],[98.94680671265974,2.9748938870473887],[98.95560364799002,2.9734013038328557]]]}},{"type":"Feature","properties":{"code":"1208292020","desa":"Dame Raya","kecamatan":"Raya","kecCode":"120829","kabCode":"1208","province":"Sumatera Utara"},"geometry":{"type":"Polygon","coordinates":[[[98.88806467834227,2.948369376178731],[98.87828401869257,2.9413963136294665],[98.86933491627343,2.9453798687221715],[98.86090332692703,2.945246266338465],[98.85985004724192,2.948863985317099],[98.8576952248548,2.948904907168112],[98.86078300842915,2.9564471308545954],[98.86956298074703,2.9523382777179794],[98.87494532156937,2.9566641381634073],[98.87695542595219,2.966058336636666],[98.88044141044281,2.9592604161564156],[98.88430803478802,2.962056281590174],[98.88913230131469,2.957232015068768],[98.88806467834227,2.948369376178731]]]}},{"type":"Feature","properties":{"code":"1208292021","desa":"Limag Raya","kecamatan":"Raya","kecCode":"120829","kabCode":"1208","province":"Sumatera Utara"},"geometry":{"type":"Polygon","coordinates":[[[98.90404541976038,2.945958847758181],[98.89510265126643,2.94550292295756],[98.89267560139795,2.942623775805829],[98.88734560831324,2.9494052395919987],[98.8910733917237,2.967346553413018],[98.90864501675419,2.9695439856763297],[98.91283881625844,2.9667778626212433],[98.91375837934578,2.957537306124756],[98.90348862609926,2.9552435043098124],[98.90404541976038,2.945958847758181]]]}},{"type":"Feature","properties":{"code":"1208292022","desa":"Lokkung Raya","kecamatan":"Raya","kecCode":"120829","kabCode":"1208","province":"Sumatera Utara"},"geometry":{"type":"Polygon","coordinates":[[[98.81957052436023,2.97367079377762],[98.81282819726356,2.9665902136806084],[98.80062925793398,2.9650979191484006],[98.7970277950967,2.9554213128685753],[98.79301319989929,2.960742845125694],[98.79246592376342,2.9659538632939952],[98.79895233438275,2.9668732285295354],[98.81129418407936,2.979926593935843],[98.81341438796368,2.980836625107853],[98.8153450318478,2.9779730946833602],[98.82019579240193,2.9793139532756983],[98.81957052436023,2.97367079377762]]]}},{"type":"Feature","properties":{"code":"1208301001","desa":"Ujung Padang","kecamatan":"Ujung Padang","kecCode":"120830","kabCode":"1208","province":"Sumatera Utara"},"geometry":{"type":"Polygon","coordinates":[[[99.55704404144939,3.093972607324953],[99.55517808490077,3.085572595882721],[99.54996658828746,3.0808641179738534],[99.54989520460008,3.0761884779101907],[99.55371424041994,3.0751891035895897],[99.5498666556217,3.0697241177750834],[99.55432100670912,3.072408149814631],[99.554363832425,3.0665802138104867],[99.56104481766425,3.069992317192652],[99.54625997401865,3.0424169620040855],[99.5346388374125,3.046507969893326],[99.5357988225577,3.0529027719648143],[99.5466198862988,3.0642304220036145],[99.53851994174198,3.0642308222018952],[99.5302201255584,3.058902524345021],[99.52552334692496,3.0594103616113237],[99.51889492795861,3.0737607418616597],[99.5375546814035,3.0753106937287455],[99.54043901944526,3.0776669138896064],[99.54112198439213,3.0932820008394315],[99.54433749957597,3.0997694402761855],[99.55129444358374,3.0998416639302833],[99.55704404144939,3.093972607324953]]]}},{"type":"Feature","properties":{"code":"1208302002","desa":"Huta Parik","kecamatan":"Ujung Padang","kecCode":"120830","kabCode":"1208","province":"Sumatera Utara"},"geometry":{"type":"Polygon","coordinates":[[[99.51889492795861,3.0779866660441275],[99.52062717420478,3.0646616828970923],[99.51824493305723,3.063547473245247],[99.51837883131805,3.05276984497207],[99.51621005594939,3.052626016397351],[99.51519148829657,3.0483710216297775],[99.51145752294637,3.0468822767217323],[99.50598473730582,3.0501565419133487],[99.49790689178968,3.0499994447412346],[99.49838196765374,3.0620318556952366],[99.50732891709588,3.0723110284296826],[99.5165916086159,3.0780437711953628],[99.51889492795861,3.0779866660441275]]]}},{"type":"Feature","properties":{"code":"1208302003","desa":"Dusun Ulu","kecamatan":"Ujung Padang","kecCode":"120830","kabCode":"1208","province":"Sumatera Utara"},"geometry":{"type":"Polygon","coordinates":[[[99.4812308746052,3.1101042369784966],[99.48131667082777,3.13091209755028],[99.49503416669346,3.125657774327516],[99.4911697223049,3.121674440468061],[99.49519208134954,3.11605939017984],[99.49805593193575,3.1152656872136544],[99.49853876175449,3.1162249733547416],[99.50052632732822,3.1175531551034825],[99.49551134067589,3.112561562521005],[99.49292400284054,3.115040478987111],[99.49400963024033,3.108868067566153],[99.49211928767504,3.1071727393910966],[99.4812308746052,3.1101042369784966]]]}},{"type":"Feature","properties":{"code":"1208302004","desa":"Tinjoan","kecamatan":"Ujung Padang","kecCode":"120830","kabCode":"1208","province":"Sumatera Utara"},"geometry":{"type":"Polygon","coordinates":[[[99.53299479037737,3.0752797534531306],[99.51889492795861,3.0737607418616597],[99.51889492795861,3.0779866660441275],[99.5165916086159,3.0780437711953628],[99.51105317786194,3.0737985700448403],[99.50543415975876,3.073875443193928],[99.49884781197697,3.078405937176088],[99.49325132009237,3.0766356190323547],[99.49165232189722,3.0840024299539546],[99.48902287870293,3.0853771174443456],[99.5130323203853,3.106248537601626],[99.52147527806171,3.102817218405316],[99.51442194471701,3.0972638894883495],[99.50413215187733,3.0975182546349047],[99.50205638889126,3.0950166635620615],[99.52450855642478,3.0844036516925426],[99.53135544859515,3.0855681703189184],[99.53299479037737,3.0752797534531306]]]}},{"type":"Feature","properties":{"code":"1208302005","desa":"Sayur Matinggi","kecamatan":"Ujung Padang","kecCode":"120830","kabCode":"1208","province":"Sumatera Utara"},"geometry":{"type":"Polygon","coordinates":[[[99.50752422376398,3.012535346692222],[99.49647508385812,3.0023570239318507],[99.4849941848338,3.005242120098967],[99.48100883469003,3.002063290962815],[99.4810546956178,3.005388212267231],[99.47557526488663,3.003480939067181],[99.47571159491423,3.0094344411132226],[99.46957747482065,3.0163295756086232],[99.4664656973341,3.016638561079575],[99.46563357802727,3.0204085703540056],[99.46917566132777,3.0253818113708704],[99.47624266077024,3.0255959624328206],[99.4761671590872,3.03299903941527],[99.49607171184009,3.0318314963688233],[99.50490308041287,3.0218413306660663],[99.50752422376398,3.012535346692222]]]}},{"type":"Feature","properties":{"code":"1208302006","desa":"Taratak Nagodang","kecamatan":"Ujung Padang","kecCode":"120830","kabCode":"1208","province":"Sumatera Utara"},"geometry":{"type":"Polygon","coordinates":[[[99.43417816888746,3.04721799903714],[99.45955142435876,3.0603200006789444],[99.4652260592353,3.0667863348259656],[99.46975021120333,3.0659233813643367],[99.47404533282588,3.059350717674032],[99.48645033921183,3.05756534218123],[99.491677406687,3.0539472140110866],[99.49267967862431,3.0488475328113],[99.48664991765963,3.0402557040706966],[99.47095454641527,3.0374889847650737],[99.4698928256934,3.0345088815191184],[99.46350479820791,3.0329630719293594],[99.44300309381775,3.038685648758622],[99.43417816888746,3.04721799903714]]]}},{"type":"Feature","properties":{"code":"1208302007","desa":"Sordang Bolon","kecamatan":"Ujung Padang","kecCode":"120830","kabCode":"1208","province":"Sumatera Utara"},"geometry":{"type":"Polygon","coordinates":[[[99.4034071078518,2.9638482041474647],[99.41834376335406,2.9694902412916178],[99.41824858540394,2.9724407730300375],[99.41023665299917,2.976164429447672],[99.40404426043432,2.985651763510556],[99.40406168929559,2.987493539985343],[99.41599248496526,2.988066995385338],[99.42841327175512,2.969862136138325],[99.43962082274281,2.958195600868538],[99.45496881915572,2.954274887702447],[99.45629348006014,2.9446714925323416],[99.45010446085223,2.9407472126549936],[99.44600569630593,2.9314790181934365],[99.43860349975176,2.9290504484734186],[99.43199716273892,2.935491571925453],[99.42873721565,2.9450320604178453],[99.42303381775656,2.9513600167810528],[99.40649785289365,2.9569182191241916],[99.4034071078518,2.9638482041474647]]]}},{"type":"Feature","properties":{"code":"1208302008","desa":"Teluk Lapian","kecamatan":"Ujung Padang","kecCode":"120830","kabCode":"1208","province":"Sumatera Utara"},"geometry":{"type":"Polygon","coordinates":[[[99.54171662692085,3.0942563991881764],[99.54050210598746,3.0777411637163046],[99.53969086893852,3.0772144955457033],[99.53970945073063,3.0845269829191895],[99.53655714079946,3.089906467488895],[99.53812922408446,3.093562556941897],[99.54171662692085,3.0942563991881764]]]}},{"type":"Feature","properties":{"code":"1208302009","desa":"Tanjung Rapuan","kecamatan":"Ujung Padang","kecCode":"120830","kabCode":"1208","province":"Sumatera Utara"},"geometry":{"type":"Polygon","coordinates":[[[99.52068242765198,3.0668258483386324],[99.52384206166185,3.0653557202962536],[99.52438933779774,3.0603945445839704],[99.52846871206145,3.0587900830090216],[99.53839274792703,3.0641933978143046],[99.5466198862988,3.0642304220036145],[99.5357988225577,3.0529027719648143],[99.5346388374125,3.046507969893326],[99.54625997401865,3.0424169620040855],[99.54430996503294,3.0376669848794946],[99.53404896488784,3.029850978784183],[99.53016698371935,3.0305250170596425],[99.52540197532096,3.026733038246998],[99.52471430332251,3.0325040237832943],[99.51188741507218,3.0435049033583255],[99.51145752294637,3.0468822767217323],[99.51837883131805,3.05276984497207],[99.51824493305723,3.063547473245247],[99.52068242765198,3.0668258483386324]]]}},{"type":"Feature","properties":{"code":"1208302010","desa":"Pagar Bosi","kecamatan":"Ujung Padang","kecCode":"120830","kabCode":"1208","province":"Sumatera Utara"},"geometry":{"type":"Polygon","coordinates":[[[99.48100883469003,3.002063290962815],[99.48404239993687,3.005242120098967],[99.49763507080195,3.0027734298238173],[99.49506303043454,2.9945079776439054],[99.49903002181809,2.9849299928181474],[99.49123196618233,2.9765080208309254],[99.4856629818612,2.975046039746931],[99.47396756035471,2.9617839749688257],[99.46409639833018,2.958212441573207],[99.46036824979494,2.9911215067387076],[99.46901635092392,3.000528538537565],[99.48100883469003,3.002063290962815]]]}},{"type":"Feature","properties":{"code":"1208302011","desa":"Bangun Sordang","kecamatan":"Ujung Padang","kecCode":"120830","kabCode":"1208","province":"Sumatera Utara"},"geometry":{"type":"Polygon","coordinates":[[[99.3973924519002,2.9599535893070863],[99.4034071078518,2.9638482041474647],[99.40649785289365,2.9569182191241916],[99.42303381775656,2.9513600167810528],[99.42873721565,2.9450320604178453],[99.43199716273892,2.935491571925453],[99.43860349975176,2.9290504484734186],[99.42868383099409,2.928722162652],[99.42093734698102,2.9216269038206035],[99.41517175377344,2.921750446387851],[99.40800644584084,2.9158371431379884],[99.40394832165777,2.917178170802813],[99.39929953534534,2.9152309964822547],[99.39199328026574,2.9055475661467844],[99.39296487812668,2.9021207822315445],[99.3903664471539,2.8983799388703853],[99.38379373579234,2.896724938094507],[99.37657622041633,2.8854309155057174],[99.36071467244425,2.882287943238789],[99.35511062265715,2.8857524770961565],[99.35346353861149,2.891767737385676],[99.349543813796,2.8950502493604744],[99.35694994488408,2.8985310159807702],[99.36135107858945,2.903752977099704],[99.35696015938392,2.9173740269564044],[99.35859599920605,2.92134995669744],[99.37552940865532,2.931430895470805],[99.38641544301834,2.930062705582251],[99.40110861427121,2.932680113146682],[99.40551061762095,2.9496932591680687],[99.40098964205838,2.9515373406053254],[99.3973924519002,2.9599535893070863]]]}},{"type":"Feature","properties":{"code":"1208302012","desa":"Aek Gerger Sidodadi","kecamatan":"Ujung Padang","kecCode":"120830","kabCode":"1208","province":"Sumatera Utara"},"geometry":{"type":"Polygon","coordinates":[[[99.40406168929559,2.987493539985343],[99.40409960471305,2.9915002948888163],[99.3983752490186,2.9926153885742273],[99.4010878354353,2.9962679454902514],[99.39742346502095,3.0016931165191796],[99.39982671972739,3.0044532914582964],[99.40639403335801,3.003549096886366],[99.40982045574945,3.0085697582552937],[99.41322308567692,3.008688731367293],[99.41586428660757,3.0162316232501265],[99.41674468781714,3.013043145287633],[99.4290159272433,3.0192737725225602],[99.45727083538084,3.0184194489553016],[99.46563357802727,3.0204085703540056],[99.4664656973341,3.016638561079575],[99.46957747482065,3.0163295756086232],[99.47571159491423,3.0094344411132226],[99.47557526488663,3.003480939067181],[99.4810546956178,3.005388212267231],[99.48100883469003,3.002063290962815],[99.46901635092392,3.000528538537565],[99.46134714385568,2.992886653780651],[99.45985190674014,2.987709358390429],[99.46227895840723,2.9843543187906767],[99.4619187520488,2.978390086033975],[99.45322557420091,2.9779636095338065],[99.45172175395582,2.9760790765909584],[99.4501037207102,2.9777542167847035],[99.44915193581325,2.976117147591112],[99.43752113059575,2.976136183540855],[99.43509032875575,2.978085514435636],[99.42558289933139,2.974241130328761],[99.41599248496526,2.988066995385338],[99.40406168929559,2.987493539985343]]]}},{"type":"Feature","properties":{"code":"1208302013","desa":"Pulo Pitu Marihat","kecamatan":"Ujung Padang","kecCode":"120830","kabCode":"1208","province":"Sumatera Utara"},"geometry":{"type":"Polygon","coordinates":[[[99.49267967862431,3.0488475328113],[99.51121600461498,3.04796200366844],[99.51188741507218,3.0435049033583255],[99.52471430332251,3.0325040237832943],[99.52540197532096,3.026733038246998],[99.52225100178235,3.02437395464477],[99.52289196299375,3.020645994071837],[99.5197839788476,3.015168032838854],[99.50596794606396,3.0091837407040205],[99.50752422376398,3.012535346692222],[99.50490308041287,3.0218413306660663],[99.4981810159412,3.030877206861005],[99.4761671590872,3.03299903941527],[99.47607969732024,3.038690863027826],[99.48664991765963,3.0402557040706966],[99.49267967862431,3.0488475328113]]]}},{"type":"Feature","properties":{"code":"1208302014","desa":"Siringan Ringan","kecamatan":"Ujung Padang","kecCode":"120830","kabCode":"1208","province":"Sumatera Utara"},"geometry":{"type":"Polygon","coordinates":[[[99.44877826660378,3.107727110278043],[99.45714459664589,3.1081363539692477],[99.4486885637263,3.0888432493969917],[99.44029813185335,3.083251484355131],[99.43121679761718,3.0821194465430763],[99.4288958650522,3.084638041997158],[99.4285854730412,3.094311150813589],[99.43429770677379,3.1027888061239737],[99.44877826660378,3.107727110278043]]]}},{"type":"Feature","properties":{"code":"1208302015","desa":"Riah Na Poso","kecamatan":"Ujung Padang","kecCode":"120830","kabCode":"1208","province":"Sumatera Utara"},"geometry":{"type":"Polygon","coordinates":[[[99.3983752490186,2.9926153885742273],[99.39474738928067,2.992501546094533],[99.39063331107849,2.98739235996003],[99.38856647925968,2.9916515275818805],[99.37743060244041,2.9945068804710404],[99.3778232122715,2.9997892850246077],[99.37310252156419,2.9994575790814872],[99.37300310331064,3.008296567600379],[99.37663869901678,3.015860063850518],[99.37524307440844,3.0191763489654204],[99.37971576986695,3.024313521102668],[99.40390149036153,3.0277252206891885],[99.41504982369047,3.0387150296098193],[99.43417816888746,3.04721799903714],[99.44300309381775,3.038685648758622],[99.4506553010014,3.0352017596921463],[99.46350479820791,3.0329630719293594],[99.4698928256934,3.0345088815191184],[99.47095454641527,3.0374889847650737],[99.47609418270042,3.03729862796577],[99.47624266077024,3.0255959624328206],[99.46917566132777,3.0253818113708704],[99.46781936856905,3.02106308974382],[99.45727083538084,3.0184194489553016],[99.4290159272433,3.0192737725225602],[99.41674468781714,3.013043145287633],[99.41586428660757,3.0162316232501265],[99.41353241558858,3.0090694458652676],[99.40982045574945,3.0085697582552937],[99.40658438925823,3.003644274836368],[99.39873216835497,3.003834631635635],[99.39718551879673,3.000122672699969],[99.4010878354353,2.9960299992662396],[99.3983752490186,2.9926153885742273]]]}},{"type":"Feature","properties":{"code":"1208302016","desa":"Sei Merbau","kecamatan":"Ujung Padang","kecCode":"120830","kabCode":"1208","province":"Sumatera Utara"},"geometry":{"type":"Polygon","coordinates":[[[99.50967862257045,3.073768912202418],[99.49838196765374,3.0620318556952366],[99.49807073567597,3.0494298627212366],[99.49267967862431,3.0488475328113],[99.491677406687,3.0539472140110866],[99.48645033921183,3.05756534218123],[99.47404533282588,3.059350717674032],[99.46975021120333,3.0659233813643367],[99.48902287870293,3.0853771174443456],[99.49165232189722,3.0840024299539546],[99.49325132009237,3.0766356190323547],[99.49884781197697,3.078405937176088],[99.50543415975876,3.073875443193928],[99.50967862257045,3.073768912202418]]]}},{"type":"Feature","properties":{"code":"1208302017","desa":"Kampung Lalang","kecamatan":"Ujung Padang","kecCode":"120830","kabCode":"1208","province":"Sumatera Utara"},"geometry":{"type":"Polygon","coordinates":[[[99.53969086893852,3.0772144955457033],[99.53299479037737,3.0752797534531306],[99.53135544859515,3.0855681703189184],[99.52922775605617,3.0839356247151777],[99.52977942897752,3.1042861566446525],[99.54104447991887,3.099784244016338],[99.5415435487958,3.0946899533528747],[99.53812922408446,3.093562556941897],[99.53652287662952,3.0895295616197824],[99.53970945073063,3.0845269829191895],[99.53969086893852,3.0772144955457033]]]}},{"type":"Feature","properties":{"code":"1208302018","desa":"Sordang Baru","kecamatan":"Ujung Padang","kecCode":"120830","kabCode":"1208","province":"Sumatera Utara"},"geometry":{"type":"Polygon","coordinates":[[[99.45496881915572,2.954274887702447],[99.43962082274281,2.958195600868538],[99.42558289933139,2.974241130328761],[99.43509032875575,2.978085514435636],[99.43752113059575,2.976136183540855],[99.44915193581325,2.976117147591112],[99.4501037207102,2.9777542167847035],[99.45172175395582,2.9760790765909584],[99.45322557420091,2.9779636095338065],[99.4619187520488,2.978390086033975],[99.46409639833018,2.958212441573207],[99.45640050657816,2.9566028385741507],[99.45496881915572,2.954274887702447]]]}},{"type":"Feature","properties":{"code":"1208302019","desa":"Banjar Hulu","kecamatan":"Ujung Padang","kecCode":"120830","kabCode":"1208","province":"Sumatera Utara"},"geometry":{"type":"Polygon","coordinates":[[[99.45714459664589,3.1081363539692477],[99.47083929559705,3.1091783579533945],[99.48124066372571,3.112694471527401],[99.4812308746052,3.1101042369784966],[99.49211928767504,3.1071727393910966],[99.49400963024033,3.108868067566153],[99.49292400284054,3.115040478987111],[99.49551134067589,3.112561562521005],[99.50119479430434,3.118639175505835],[99.50661357565603,3.1207263553829874],[99.51727597020994,3.11625208341781],[99.50780852644236,3.1004929601499063],[99.50151207242423,3.097665645424172],[99.46921485018527,3.065409877469805],[99.43372596638027,3.0793967031861063],[99.4486885637263,3.0888432493969917],[99.45714459664589,3.1081363539692477]]]}},{"type":"Feature","properties":{"code":"1208302020","desa":"Rawa Masin","kecamatan":"Ujung Padang","kecCode":"120830","kabCode":"1208","province":"Sumatera Utara"},"geometry":{"type":"Polygon","coordinates":[[[99.56104481766425,3.069992317192652],[99.554363832425,3.0665802138104867],[99.55432100670912,3.072408149814631],[99.5498666556217,3.0697241177750834],[99.55371424041994,3.0751891035895897],[99.54989520460008,3.0761884779101907],[99.54996658828746,3.0808641179738534],[99.55517808490077,3.085572595882721],[99.55716402270156,3.093847340757349],[99.56545138867075,3.085441663586119],[99.56574476460924,3.078596441464267],[99.56104481766425,3.069992317192652]]]}},{"type":"Feature","properties":{"code":"1208312001","desa":"Ujung Saribu","kecamatan":"Pamatang Silima Huta","kecCode":"120831","kabCode":"1208","province":"Sumatera Utara"},"geometry":{"type":"Polygon","coordinates":[[[98.56027367439059,2.8865209199047452],[98.55599021877362,2.891439434477149],[98.55081270574185,2.8900610363840618],[98.54434523844208,2.898163311974789],[98.54723376642521,2.903154452198287],[98.54728135584996,2.911375488661045],[98.54397985378726,2.9165805596126275],[98.55287903843691,2.9238260187154324],[98.55741695722683,2.923079524760713],[98.55780268724429,2.9200722449018888],[98.55420494220435,2.9194440675540725],[98.56147657428454,2.9093265992185593],[98.57173490793967,2.9018243971617452],[98.56242322585126,2.893224239799703],[98.56027367439059,2.8865209199047452]]]}},{"type":"Feature","properties":{"code":"1208312002","desa":"Silimakuta Barat","kecamatan":"Pamatang Silima Huta","kecCode":"120831","kabCode":"1208","province":"Sumatera Utara"},"geometry":{"type":"Polygon","coordinates":[[[98.54509899532246,2.9440113352925392],[98.55050264198341,2.9600439747699143],[98.55833991435559,2.9536913311172155],[98.56004675655264,2.94295219112953],[98.56825113757998,2.9377459294755717],[98.57002237843004,2.9288749349843988],[98.5733598129051,2.9293618468253713],[98.57408554870914,2.9243031126576295],[98.5845635049019,2.926373244086823],[98.58528686199911,2.9293999187248585],[98.5887920344249,2.930360154550049],[98.59818512134632,2.9108130301710076],[98.59639937533099,2.909067735663136],[98.5944931606309,2.9106506458845436],[98.59894972584925,2.894959302720669],[98.5976058302449,2.8925515999700284],[98.5959102295735,2.8965895829321604],[98.58006302039212,2.8937937156997036],[98.56147657428454,2.9093265992185593],[98.55420494220435,2.9194440675540725],[98.55873543529218,2.921814010470054],[98.56505528427402,2.9199342367395063],[98.56476974862505,2.9276079979662692],[98.56053668741822,2.928831040874038],[98.55493941941874,2.9394478928486105],[98.54509899532246,2.9440113352925392]]]}},{"type":"Feature","properties":{"code":"1208312003","desa":"Siboras","kecamatan":"Pamatang Silima Huta","kecCode":"120831","kabCode":"1208","province":"Sumatera Utara"},"geometry":{"type":"Polygon","coordinates":[[[98.59559739140654,2.9939262286959885],[98.60646795023575,2.9721452809870574],[98.60089450797523,2.963949351797225],[98.59399547940791,2.960273238938893],[98.59255590493113,2.953586954002006],[98.58325812726082,2.9526956557081823],[98.58315339581264,2.9562612445851366],[98.57408027328601,2.9554877619758755],[98.57272873973959,2.959066471062164],[98.56827438865217,2.960113433908074],[98.56943556539908,2.96171243210154],[98.5642388230633,2.9631020366466636],[98.56366775176535,2.966604603732657],[98.55948853566747,2.9657674140489747],[98.5587033133073,2.9740836302603326],[98.56172285002958,2.9802083641230936],[98.57746734584138,2.9896028719631214],[98.58704467687038,2.9905594142726706],[98.58776803306834,2.9938050000842673],[98.59559739140654,2.9939262286959885]]]}},{"type":"Feature","properties":{"code":"1208312004","desa":"Mardingding","kecamatan":"Pamatang Silima Huta","kecCode":"120831","kabCode":"1208","province":"Sumatera Utara"},"geometry":{"type":"Polygon","coordinates":[[[98.58732130023786,2.952894716146305],[98.58734985371284,2.9471269025188414],[98.59187194893138,2.937468811481268],[98.5845635049019,2.926373244086823],[98.57869218469665,2.9264255918244015],[98.57830195357234,2.923808185159275],[98.57590345627953,2.923522649510603],[98.57236281908888,2.9262733069245397],[98.5733598129051,2.9293618468253713],[98.57123202773596,2.93121230715385],[98.57331698269263,2.9321101246331986],[98.57144380009134,2.9327637150233605],[98.57396943094454,2.9355353590165363],[98.57428173491415,2.9470971601401885],[98.58236726243928,2.952652010710057],[98.58732130023786,2.952894716146305]]]}},{"type":"Feature","properties":{"code":"1208312005","desa":"Naga Saribu","kecamatan":"Pamatang Silima Huta","kecCode":"120831","kabCode":"1208","province":"Sumatera Utara"},"geometry":{"type":"Polygon","coordinates":[[[98.56643085040349,2.9398089229856903],[98.56029422030207,2.9425143696817466],[98.55833991435559,2.9536913311172155],[98.55050264198341,2.9600439747699143],[98.55404954475073,2.965778563843715],[98.56366775176535,2.966604603732657],[98.5642388230633,2.9631020366466636],[98.56720838985535,2.9634256432953854],[98.56943556539908,2.96171243210154],[98.56827438865217,2.960113433908074],[98.57272873973959,2.959066471062164],[98.57427063098487,2.953527086133441],[98.57088227779495,2.948863342301851],[98.57135816934408,2.944142491520332],[98.56643085040349,2.9398089229856903]]]}},{"type":"Feature","properties":{"code":"1208312007","desa":"Saribu Jandi","kecamatan":"Pamatang Silima Huta","kecCode":"120831","kabCode":"1208","province":"Sumatera Utara"},"geometry":{"type":"Polygon","coordinates":[[[98.55423613878683,3.0000000249580787],[98.55697469402695,3.0029815248511618],[98.5570455812886,3.0155884308214116],[98.56002546060658,3.023953580044617],[98.57148083237455,3.024989024373768],[98.57171877859882,3.0273304138147523],[98.5730512770948,3.0242275980757545],[98.58146742957825,3.026216825594505],[98.58587894955394,3.0230902146934837],[98.58653092296379,3.019027284537775],[98.5944497692415,3.0186275358887666],[98.60011009320628,3.02119224408072],[98.60633840559302,3.0189082610637654],[98.60649408003779,3.007450976450188],[98.59197492040629,3.003528956569148],[98.59559739140654,2.9939262286959885],[98.58776803306834,2.9938050000842673],[98.58704467687038,2.9905594142726706],[98.57746734584138,2.9896028719631214],[98.56980597726407,2.984905815444294],[98.56685104424037,2.989843619575336],[98.55657569181477,2.993330513276674],[98.55423613878683,3.0000000249580787]]]}},{"type":"Feature","properties":{"code":"1208312008","desa":"Sinar Naga Mariah","kecamatan":"Pamatang Silima Huta","kecCode":"120831","kabCode":"1208","province":"Sumatera Utara"},"geometry":{"type":"Polygon","coordinates":[[[98.53635767316814,2.9268097849000476],[98.54509899532246,2.9440113352925392],[98.54927520858405,2.9425810076466483],[98.55493941941874,2.9394478928486105],[98.56053668741822,2.928831040874038],[98.56476974862505,2.9276079979662692],[98.56514094469888,2.9253808233242684],[98.56478402536254,2.9197771917280653],[98.55348580022957,2.9239330946960886],[98.54397985378726,2.9165805596126275],[98.54728135584996,2.911375488661045],[98.54723376642521,2.903154452198287],[98.54434523844208,2.898163311974789],[98.53720822228172,2.9042395795738822],[98.53455218703384,2.910236409157374],[98.53635767316814,2.9268097849000476]]]}},{"type":"Feature","properties":{"code":"1208312009","desa":"Ujung Mariah","kecamatan":"Pamatang Silima Huta","kecCode":"120831","kabCode":"1208","province":"Sumatera Utara"},"geometry":{"type":"Polygon","coordinates":[[[98.5782756807781,2.851873395079046],[98.565214156708,2.880807873191239],[98.56027367439059,2.8865209199047452],[98.56242322585126,2.893224239799703],[98.57173490793967,2.9018243971617452],[98.58006302039212,2.8937937156997036],[98.5959102295735,2.8965895829321604],[98.5976058302449,2.8925515999700284],[98.59420204199067,2.883539196979781],[98.58211708093857,2.8653621636561555],[98.5782756807781,2.851873395079046]]]}},{"type":"Feature","properties":{"code":"1208312010","desa":"Bandar Saribu","kecamatan":"Pamatang Silima Huta","kecCode":"120831","kabCode":"1208","province":"Sumatera Utara"},"geometry":{"type":"Polygon","coordinates":[[[98.57257386479209,2.9300465384698895],[98.57002237843004,2.9288749349843988],[98.56643085040349,2.9398089229856903],[98.57135816934408,2.944142491520332],[98.57088227779495,2.948863342301851],[98.57408027328601,2.9554877619758755],[98.58315339581264,2.9562612445851366],[98.58325812726082,2.9526956557081823],[98.57428173491415,2.9470971601401885],[98.57257386479209,2.9300465384698895]]]}},{"type":"Feature","properties":{"code":"1208312011","desa":"Naga Bosar","kecamatan":"Pamatang Silima Huta","kecCode":"120831","kabCode":"1208","province":"Sumatera Utara"},"geometry":{"type":"Polygon","coordinates":[[[98.54851277324593,2.957222457074066],[98.54780901237609,2.9641727883592996],[98.55447813915487,2.9808803024815944],[98.55657569181477,2.993330513276674],[98.56685104424037,2.989843619575336],[98.56980597726407,2.984905815444294],[98.56160863433108,2.9800870105056276],[98.5587033133073,2.9740836302603326],[98.55965985741653,2.9660529496976165],[98.55404954475073,2.965778563843715],[98.54851277324593,2.957222457074066]]]}},{"type":"Feature","properties":{"code":"1208322001","desa":"Raya Huluan","kecamatan":"Dolog Masagal","kecCode":"120832","kabCode":"1208","province":"Sumatera Utara"},"geometry":{"type":"Polygon","coordinates":[[[98.74917021773143,2.8907082766612646],[98.74581517722868,2.895490993604933],[98.7420713337251,2.8928783461520635],[98.73919694488312,2.8943250576469723],[98.73894948023438,2.903005332012766],[98.73434299083641,2.913050249340882],[98.73906290003286,2.9157621927394253],[98.74515431941637,2.9288968181877637],[98.75910071432656,2.9322450157453774],[98.76699695344672,2.9437647016176167],[98.77172675968227,2.9457509550783407],[98.77732325156687,2.93701357376272],[98.77372550742625,2.926962730801641],[98.77705288568215,2.9149022340202166],[98.77084732344525,2.9096946791411304],[98.76843811792486,2.9011881061304527],[98.77441016489723,2.892184364510848],[98.76053345395582,2.8961172419069205],[98.75331776240488,2.894771993723772],[98.74917021773143,2.8907082766612646]]]}},{"type":"Feature","properties":{"code":"1208322002","desa":"Dolog Huluan","kecamatan":"Dolog Masagal","kecCode":"120832","kabCode":"1208","province":"Sumatera Utara"},"geometry":{"type":"Polygon","coordinates":[[[98.7990414338152,2.873397503606394],[98.78737783302063,2.8748391923877303],[98.78979225730687,2.8764840703946573],[98.78978036107485,2.880558897681689],[98.79830501766247,2.8875369056027966],[98.79168059888057,2.889787877205416],[98.7844946254267,2.888169842162914],[98.78109199639856,2.892476666658538],[98.77441016489723,2.892184364510848],[98.7692709297097,2.898094806118003],[98.76852734775895,2.9027347547876885],[98.77405959477454,2.9128772080882253],[98.78328000556786,2.9169817777538736],[98.78806867243132,2.9149770818960414],[98.79116197064849,2.9192482149977477],[98.79482277165361,2.9193184088820052],[98.79851093543141,2.9229173437210676],[98.80759418792148,2.9232225790191033],[98.81055695763752,2.928925483178584],[98.81468413266663,2.9159835941357315],[98.81454141565386,2.9073013889255908],[98.80791684668522,2.8928543207635986],[98.81089117268952,2.8897907649285055],[98.81169424029702,2.882206232636452],[98.80593088909932,2.8787134816505704],[98.80480302324099,2.8749444157649697],[98.7990414338152,2.873397503606394]]]}},{"type":"Feature","properties":{"code":"1208322003","desa":"Bintang Mariah","kecamatan":"Dolog Masagal","kecCode":"120832","kabCode":"1208","province":"Sumatera Utara"},"geometry":{"type":"Polygon","coordinates":[[[98.82910761702293,2.9413571121815525],[98.830249556372,2.9271525839805688],[98.83407093132847,2.924080176118578],[98.83899894274708,2.925251662692168],[98.84366500593534,2.9229148858738956],[98.85232374334612,2.9247673426972827],[98.8569733255586,2.9116522595170236],[98.86230805177524,2.905315105787266],[98.84824696542516,2.9051185157868327],[98.84290752855965,2.9022641998160648],[98.82460648500138,2.912343018887362],[98.81454141565386,2.9073013889255908],[98.81347060728274,2.9246924219763732],[98.80996209207693,2.92898496883528],[98.81115995037145,2.9388666736013733],[98.8184218418945,2.942900649184529],[98.82910761702293,2.9413571121815525]]]}},{"type":"Feature","properties":{"code":"1208322004","desa":"Bah Bolon","kecamatan":"Dolog Masagal","kecCode":"120832","kabCode":"1208","province":"Sumatera Utara"},"geometry":{"type":"Polygon","coordinates":[[[98.8228383306245,2.873705480037993],[98.7990414338152,2.873397503606394],[98.80480302324099,2.8749444157649697],[98.80593088909932,2.8787134816505704],[98.81169424029702,2.882206232636452],[98.80808489580136,2.894649327096151],[98.81557643100756,2.9084526011829275],[98.82460648500138,2.912343018887362],[98.84290752855965,2.9022641998160648],[98.83980815362342,2.89679853321478],[98.84070353843758,2.8934382011048183],[98.83542539126886,2.8896309787834413],[98.82502024059168,2.894137054373491],[98.81898235964825,2.891430417874368],[98.81392600598048,2.8772131381861152],[98.8169895618189,2.8742090689069886],[98.8228383306245,2.873705480037993]]]}},{"type":"Feature","properties":{"code":"1208322005","desa":"Raya Usang","kecamatan":"Dolog Masagal","kecCode":"120832","kabCode":"1208","province":"Sumatera Utara"},"geometry":{"type":"Polygon","coordinates":[[[98.76699695344672,2.9437647016176167],[98.77599488725427,2.9534222188877646],[98.7751620763688,2.9571103835608374],[98.79237074581334,2.965692123706694],[98.79560681140526,2.956673966854011],[98.79862061584878,2.956891565017396],[98.80407599601045,2.9498902160918936],[98.80977315260895,2.947138102675606],[98.81233577887316,2.940173008119694],[98.80835595596267,2.92377989788368],[98.79717248971866,2.922411707995094],[98.78806867243132,2.9149770818960414],[98.78328000556786,2.9169817777538736],[98.77608213678126,2.9134423294708696],[98.77541831930004,2.92634552698136],[98.77372550742625,2.926962730801641],[98.77732325156687,2.93701357376272],[98.77172675968227,2.9457509550783407],[98.76699695344672,2.9437647016176167]]]}},{"type":"Feature","properties":{"code":"1208322006","desa":"Bangun Pane","kecamatan":"Dolog Masagal","kecCode":"120832","kabCode":"1208","province":"Sumatera Utara"},"geometry":{"type":"Polygon","coordinates":[[[98.86230805177524,2.905315105787266],[98.87021754960028,2.9007220360778234],[98.87609865442941,2.889810294606029],[98.85785739240481,2.8724348468062795],[98.851135414268,2.8768368492519207],[98.84521226433458,2.8757918900955253],[98.85353603036356,2.8960494375213637],[98.85203696933075,2.8994520683444276],[98.84696871763225,2.8990475586844555],[98.84253625784208,2.901834859874384],[98.84824696542516,2.9051185157868327],[98.86230805177524,2.905315105787266]]]}},{"type":"Feature","properties":{"code":"1208322007","desa":"Parjalangan","kecamatan":"Dolog Masagal","kecCode":"120832","kabCode":"1208","province":"Sumatera Utara"},"geometry":{"type":"Polygon","coordinates":[[[98.74702985824143,2.871727190074058],[98.74917021773143,2.8907082766612646],[98.75434685482355,2.895213048234312],[98.76139006000334,2.895974473632985],[98.7719072778986,2.892119748221877],[98.78109199639856,2.892476666658538],[98.7844946254267,2.888169842162914],[98.79168059888057,2.889787877205416],[98.79830501766247,2.8875369056027966],[98.78978036107485,2.880558897681689],[98.78922713592362,2.8759486931893514],[98.77035071331483,2.8644370976182016],[98.76395528171093,2.86653592011856],[98.75263951620074,2.8660776363962555],[98.74702985824143,2.871727190074058]]]}},{"type":"Feature","properties":{"code":"1208322008","desa":"Partuahan","kecamatan":"Dolog Masagal","kecCode":"120832","kabCode":"1208","province":"Sumatera Utara"},"geometry":{"type":"Polygon","coordinates":[[[98.82062201439452,2.8581540156263463],[98.80524603737477,2.8467797348403243],[98.79895722039946,2.8463154148684655],[98.81131569586273,2.873588775915597],[98.8228383306245,2.873705480037993],[98.83371512085618,2.883128964933705],[98.83473919955445,2.8771750366090068],[98.8417281045684,2.873463042599751],[98.84084424456631,2.8702338451337317],[98.83793892444184,2.8648003463827356],[98.82873516909285,2.8695687856895473],[98.81773254032453,2.869016751241295],[98.81565765058019,2.864314935510236],[98.82062201439452,2.8581540156263463]]]}},{"type":"Feature","properties":{"code":"1208322009","desa":"Sinaman Labah","kecamatan":"Dolog Masagal","kecCode":"120832","kabCode":"1208","province":"Sumatera Utara"},"geometry":{"type":"Polygon","coordinates":[[[98.84490814869218,2.8765011467216204],[98.84071073571192,2.8748246458536313],[98.83473919955445,2.8771750366090068],[98.83273954169653,2.885793961023449],[98.84070353843758,2.8934382011048183],[98.83980815362342,2.89679853321478],[98.84253625784208,2.901834859874384],[98.84696871763225,2.8990475586844555],[98.85203696933075,2.8994520683444276],[98.85353603036356,2.8960494375213637],[98.84930058955062,2.882486510848355],[98.84490814869218,2.8765011467216204]]]}},{"type":"Feature","properties":{"code":"1208322010","desa":"Pamatang Sinaman","kecamatan":"Dolog Masagal","kecCode":"120832","kabCode":"1208","province":"Sumatera Utara"},"geometry":{"type":"Polygon","coordinates":[[[98.82272040162529,2.87423918270573],[98.81422343786141,2.8761126377994928],[98.81728699369982,2.889199672923805],[98.8221946318768,2.893988338882851],[98.83444885702919,2.8913709322176304],[98.83343758557618,2.8824717466783474],[98.82272040162529,2.87423918270573]]]}}]}