{"type":"FeatureCollection","features":[{"type":"Feature","properties":{"code":"1212011034","desa":"Balige I","kecamatan":"Balige","kecCode":"121201"},"geometry":{"type":"Polygon","coordinates":[[[99.08225524458389,2.3344481371756127],[99.07793404262202,2.325105111026131],[99.07134759231757,2.330997031995053],[99.08225524458389,2.3344481371756127]]]}},{"type":"Feature","properties":{"code":"1212011035","desa":"Balige III","kecamatan":"Balige","kecCode":"121201"},"geometry":{"type":"Polygon","coordinates":[[[99.06728242284561,2.3331382314494955],[99.07215582742953,2.320844531468711],[99.06562321683803,2.321859213149835],[99.06728242284561,2.3331382314494955]]]}},{"type":"Feature","properties":{"code":"1212011036","desa":"Pardede Onan","kecamatan":"Balige","kecCode":"121201"},"geometry":{"type":"Polygon","coordinates":[[[99.06331164981287,2.3351222258131625],[99.06048828670514,2.3204297443563915],[99.0580539703145,2.3393497444935196],[99.06331164981287,2.3351222258131625]]]}},{"type":"Feature","properties":{"code":"1212011037","desa":"Sangkar Nihuta","kecamatan":"Balige","kecCode":"121201"},"geometry":{"type":"Polygon","coordinates":[[[99.0580539703145,2.3393497444935196],[99.05908185404441,2.3221100682424227],[99.05107576003836,2.3221161503574232],[99.05314445525248,2.3381404854947396],[99.0580539703145,2.3393497444935196]]]}},{"type":"Feature","properties":{"code":"1212011038","desa":"Lumban Dolok Hauma Bange","kecamatan":"Balige","kecCode":"121201"},"geometry":{"type":"Polygon","coordinates":[[[99.07217675555289,2.3376300833619723],[99.05744743335241,2.341958997005674],[99.05702018703204,2.3585033390352548],[99.06350898715009,2.351488109973379],[99.07217675555289,2.3376300833619723]]]}},{"type":"Feature","properties":{"code":"1212011039","desa":"Napitupulu Bagasan","kecamatan":"Balige","kecCode":"121201"},"geometry":{"type":"Polygon","coordinates":[[[99.06690751437036,2.3382825774785885],[99.06390860359924,2.3292044412415227],[99.05744743335241,2.341958997005674],[99.06690751437036,2.3382825774785885]]]}},{"type":"Feature","properties":{"code":"1212012003","desa":"Hutanamora","kecamatan":"Balige","kecCode":"121201"},"geometry":{"type":"Polygon","coordinates":[[[99.14861383965705,2.2892532168160287],[99.13816666995591,2.277791664020159],[99.12225833025781,2.276191664881298],[99.11729199243155,2.2797717004675278],[99.11670958697789,2.30265125279182],[99.13088511925292,2.3130100038360073],[99.14356486762459,2.3113324534591793],[99.14737604786636,2.3049355748531304],[99.12721021238144,2.300579773278945],[99.13066564420416,2.2912400134671707],[99.14259947328713,2.2954670276278764],[99.14861383965705,2.2892532168160287]]]}},{"type":"Feature","properties":{"code":"1212012004","desa":"Hutagaol Peatalun","kecamatan":"Balige","kecCode":"121201"},"geometry":{"type":"Polygon","coordinates":[[[99.10677009266571,2.2810374557764668],[99.08674721970844,2.2842388866743097],[99.09240574682781,2.290556556591853],[99.0896409098002,2.326819254816963],[99.09748025331112,2.325288535851137],[99.10428346900692,2.3136179446391325],[99.10677009266571,2.2810374557764668]]]}},{"type":"Feature","properties":{"code":"1212012005","desa":"Hinalang Bagasan","kecamatan":"Balige","kecCode":"121201"},"geometry":{"type":"Polygon","coordinates":[[[99.05250549143533,2.333212403035107],[99.05367804640478,2.3185591536033505],[99.03981421555369,2.3218150015787486],[99.04432340909813,2.335626848003151],[99.05250549143533,2.333212403035107]]]}},{"type":"Feature","properties":{"code":"1212012006","desa":"Matio","kecamatan":"Balige","kecCode":"121201"},"geometry":{"type":"Polygon","coordinates":[[[99.10486081307612,2.309235713788653],[99.09815169974121,2.322917166610433],[99.1289903448286,2.3250307514822066],[99.1160891590875,2.3116783480061964],[99.10486081307612,2.309235713788653]]]}},{"type":"Feature","properties":{"code":"1212012007","desa":"Lumban Pea","kecamatan":"Balige","kecCode":"121201"},"geometry":{"type":"Polygon","coordinates":[[[99.09862276013233,2.371177584441442],[99.10816616783444,2.3443395555190225],[99.10381050744898,2.3422044831456765],[99.08306312626235,2.3782062502740153],[99.09862276013233,2.371177584441442]]]}},{"type":"Feature","properties":{"code":"1212012008","desa":"Hutabulu Mejan","kecamatan":"Balige","kecCode":"121201"},"geometry":{"type":"Polygon","coordinates":[[[99.09748025331112,2.325288535851137],[99.08225524458389,2.3344481371756127],[99.09413055657996,2.339005712442488],[99.09748025331112,2.325288535851137]]]}},{"type":"Feature","properties":{"code":"1212012010","desa":"Lumban Gaol","kecamatan":"Balige","kecCode":"121201"},"geometry":{"type":"Polygon","coordinates":[[[99.08306312626235,2.3782062502740153],[99.10078133898763,2.3466913141431984],[99.09364134427265,2.341263633106511],[99.07595634530911,2.3747158024519104],[99.08306312626235,2.3782062502740153]]]}},{"type":"Feature","properties":{"code":"1212012011","desa":"Parsuratan","kecamatan":"Balige","kecCode":"121201"},"geometry":{"type":"Polygon","coordinates":[[[99.08315578341274,2.3271392902578865],[99.0896409098002,2.326819254816963],[99.09148755430725,2.3125566412039005],[99.0845514359001,2.3133844257776013],[99.08315578341274,2.3271392902578865]]]}},{"type":"Feature","properties":{"code":"1212012012","desa":"Baruara","kecamatan":"Balige","kecCode":"121201"},"geometry":{"type":"Polygon","coordinates":[[[99.09815169974121,2.322917166610433],[99.09363430168172,2.3380038469998254],[99.115542696838,2.3511806380614666],[99.11795703209138,2.325889915200635],[99.12428716661951,2.324383686572758],[99.09815169974121,2.322917166610433]]]}},{"type":"Feature","properties":{"code":"1212012013","desa":"Aek Bolon Julu","kecamatan":"Balige","kecCode":"121201"},"geometry":{"type":"Polygon","coordinates":[[[99.0609321785772,2.2970621695283895],[99.04818332989679,2.282105553589793],[99.03274526368301,2.298006015209298],[99.05612077505378,2.3050182612199364],[99.0609321785772,2.2970621695283895]]]}},{"type":"Feature","properties":{"code":"1212012014","desa":"Sibolahotang SAS","kecamatan":"Balige","kecCode":"121201"},"geometry":{"type":"Polygon","coordinates":[[[99.08225524458389,2.3344481371756127],[99.07494518177475,2.3329944442436363],[99.07096525634158,2.33695897597701],[99.07959252737328,2.339469917301129],[99.08225524458389,2.3344481371756127]]]}},{"type":"Feature","properties":{"code":"1212012015","desa":"Lumban Bulbul","kecamatan":"Balige","kecCode":"121201"},"geometry":{"type":"Polygon","coordinates":[[[99.07217675555289,2.3376300833619723],[99.05698585541295,2.3634052251430315],[99.05788612444512,2.3705997439471265],[99.07398414555193,2.3737812018016293],[99.07928657531528,2.3521404242256136],[99.07217675555289,2.3376300833619723]]]}},{"type":"Feature","properties":{"code":"1212012016","desa":"Sianipar Sihailhail","kecamatan":"Balige","kecCode":"121201"},"geometry":{"type":"Polygon","coordinates":[[[99.05237283244031,2.322477160709361],[99.07100202872071,2.319720796197808],[99.06887971142959,2.3102030992241143],[99.0518448863325,2.3039881246894804],[99.05237283244031,2.322477160709361]]]}},{"type":"Feature","properties":{"code":"1212012017","desa":"Silalahi Pagar Batu","kecamatan":"Balige","kecCode":"121201"},"geometry":{"type":"Polygon","coordinates":[[[99.03981421555369,2.3218150015787486],[99.0528608297635,2.3178540140735677],[99.05173619606863,2.303149317125513],[99.03441190708389,2.29808625721878],[99.03981421555369,2.3218150015787486]]]}},{"type":"Feature","properties":{"code":"1212012018","desa":"Lumban Silintong","kecamatan":"Balige","kecCode":"121201"},"geometry":{"type":"Polygon","coordinates":[[[99.05722236631918,2.367715833086525],[99.05250549143533,2.333212403035107],[99.03532786388985,2.3422086712883896],[99.05722236631918,2.367715833086525]]]}},{"type":"Feature","properties":{"code":"1212012019","desa":"Saribu Raja Janji Maria","kecamatan":"Balige","kecCode":"121201"},"geometry":{"type":"Polygon","coordinates":[[[99.09398622258618,2.3390914960744102],[99.08050487340125,2.3354456813758055],[99.07398414555193,2.3737812018016293],[99.07595634530911,2.3747158024519104],[99.09398622258618,2.3390914960744102]]]}},{"type":"Feature","properties":{"code":"1212012022","desa":"Longat","kecamatan":"Balige","kecCode":"121201"},"geometry":{"type":"Polygon","coordinates":[[[99.04432340909813,2.335626848003151],[99.03441190708389,2.29808625721878],[99.03274526368301,2.298006015209298],[99.03613935095035,2.3239139068167236],[99.02864098629253,2.3315077821654864],[99.03602989176612,2.339990479075092],[99.04432340909813,2.335626848003151]]]}},{"type":"Feature","properties":{"code":"1212012023","desa":"Balige II","kecamatan":"Balige","kecCode":"121201"},"geometry":{"type":"Polygon","coordinates":[[[99.07303610003606,2.3356659999883793],[99.06953485944626,2.3307094971534763],[99.06690751437036,2.3382825774785885],[99.07303610003606,2.3356659999883793]]]}},{"type":"Feature","properties":{"code":"1212012024","desa":"Aek Bolon Jae","kecamatan":"Balige","kecCode":"121201"},"geometry":{"type":"Polygon","coordinates":[[[99.07376657616663,2.29131252130703],[99.05755478812301,2.2898320375713324],[99.0609321785772,2.2970621695283895],[99.05612077505378,2.3050182612199364],[99.0620476526771,2.3103861031664192],[99.07033497008285,2.310196729326069],[99.07376657616663,2.29131252130703]]]}},{"type":"Feature","properties":{"code":"1212012025","desa":"Lumban Gorat","kecamatan":"Balige","kecCode":"121201"},"geometry":{"type":"Polygon","coordinates":[[[99.07183120364719,2.3284042217878653],[99.08315578341274,2.3271392902578865],[99.0844736850126,2.3129948763398342],[99.06940759188693,2.316373497062919],[99.07183120364719,2.3284042217878653]]]}},{"type":"Feature","properties":{"code":"1212012026","desa":"Sibuntuon","kecamatan":"Balige","kecCode":"121201"},"geometry":{"type":"Polygon","coordinates":[[[99.09148755430725,2.3125566412039005],[99.09065564544176,2.295279582833317],[99.07365641101461,2.2928672665606364],[99.06894724421998,2.31596926439414],[99.09148755430725,2.3125566412039005]]]}},{"type":"Feature","properties":{"code":"1212012027","desa":"Siboruon","kecamatan":"Balige","kecCode":"121201"},"geometry":{"type":"Polygon","coordinates":[[[99.08674721970844,2.2842388866743097],[99.08238611033077,2.289261108366915],[99.07365641101461,2.2928672665606364],[99.08948330361166,2.2966597328057663],[99.0923266811315,2.2895354681405014],[99.08674721970844,2.2842388866743097]]]}},{"type":"Feature","properties":{"code":"1212012028","desa":"Paindoan","kecamatan":"Balige","kecCode":"121201"},"geometry":{"type":"Polygon","coordinates":[[[99.08173190120635,2.341131298766904],[99.07568561429973,2.3402180111497426],[99.07928657531528,2.3521404242256136],[99.08173190120635,2.341131298766904]]]}},{"type":"Feature","properties":{"code":"1212012029","desa":"Bonan Dolok I","kecamatan":"Balige","kecCode":"121201"},"geometry":{"type":"Polygon","coordinates":[[[99.11774049962439,2.3030968713617788],[99.1118608310126,2.2919072258883304],[99.10588124502351,2.290210669239422],[99.10486081307612,2.309235713788653],[99.1115797919739,2.311013448641344],[99.11774049962439,2.3030968713617788]]]}},{"type":"Feature","properties":{"code":"1212012030","desa":"Bonan Dolok II","kecamatan":"Balige","kecCode":"121201"},"geometry":{"type":"Polygon","coordinates":[[[99.11715061540866,2.2836361781268018],[99.10677009266571,2.2810374557764668],[99.10366924284136,2.2930355638894713],[99.11020710457427,2.290610419687156],[99.11705336362189,2.2977174065772163],[99.11715061540866,2.2836361781268018]]]}},{"type":"Feature","properties":{"code":"1212012031","desa":"Bonan Dolok III","kecamatan":"Balige","kecCode":"121201"},"geometry":{"type":"Polygon","coordinates":[[[99.13722725343506,2.3130004881094597],[99.11897596666755,2.3021539286002626],[99.11126051556039,2.310232654543805],[99.12874989309313,2.324531509036645],[99.13722725343506,2.3130004881094597]]]}},{"type":"Feature","properties":{"code":"1212012032","desa":"Huta Dame","kecamatan":"Balige","kecCode":"121201"},"geometry":{"type":"Polygon","coordinates":[[[99.1482697050829,2.2911526731087606],[99.14259947328713,2.2954670276278764],[99.13066564420416,2.2912400134671707],[99.1273973487087,2.302797545508916],[99.14737604786636,2.3049355748531304],[99.1482697050829,2.2911526731087606]]]}},{"type":"Feature","properties":{"code":"1212012040","desa":"Lumban Pea Timur","kecamatan":"Balige","kecCode":"121201"},"geometry":{"type":"Polygon","coordinates":[[[99.10777036181283,2.3460614955326236],[99.10139645818003,2.3569996707772467],[99.09862276013233,2.371177584441442],[99.11722450640593,2.359602729658435],[99.11643180438432,2.3514323322215254],[99.10777036181283,2.3460614955326236]]]}},{"type":"Feature","properties":{"code":"1212012041","desa":"Tambunan Sunge","kecamatan":"Balige","kecCode":"121201"},"geometry":{"type":"Polygon","coordinates":[[[99.10078133898763,2.3466913141431984],[99.10381050744898,2.3422044831456765],[99.09452142262563,2.338295363140087],[99.09192705658846,2.3427602776593703],[99.10078133898763,2.3466913141431984]]]}},{"type":"Feature","properties":{"code":"1212021001","desa":"Pasar Laguboti","kecamatan":"Laguboti","kecCode":"121202"},"geometry":{"type":"Polygon","coordinates":[[[99.12596976579209,2.3619808402171882],[99.12990972535363,2.353879278688222],[99.12418787337174,2.3508133549382366],[99.12596976579209,2.3619808402171882]]]}},{"type":"Feature","properties":{"code":"1212022002","desa":"Sibuea","kecamatan":"Laguboti","kecCode":"121202"},"geometry":{"type":"Polygon","coordinates":[[[99.12629492557039,2.350300137028122],[99.12849271756492,2.356591454111785],[99.1365304110497,2.352450108469758],[99.1315137606516,2.3467695263828037],[99.13879934661266,2.334342386795642],[99.12629492557039,2.350300137028122]]]}},{"type":"Feature","properties":{"code":"1212022003","desa":"Sintong Marnipi","kecamatan":"Laguboti","kecCode":"121202"},"geometry":{"type":"Polygon","coordinates":[[[99.16908617758509,2.339164703586835],[99.18210542902239,2.3110973751731723],[99.16872888323144,2.307845880815819],[99.15004909469002,2.339965894308346],[99.15815880678353,2.3360201548084087],[99.16012326697522,2.343980869015245],[99.16908617758509,2.339164703586835]]]}},{"type":"Feature","properties":{"code":"1212022004","desa":"Sibarani Nasampulu/Namungkup","kecamatan":"Laguboti","kecCode":"121202"},"geometry":{"type":"Polygon","coordinates":[[[99.12692996294747,2.325069110265357],[99.11795703209138,2.325889915200635],[99.115542696838,2.3511806380614666],[99.12555173122746,2.3484094886954185],[99.12973354366817,2.335182702522704],[99.13567030484073,2.3347273649794142],[99.12692996294747,2.325069110265357]]]}},{"type":"Feature","properties":{"code":"1212022005","desa":"Aruan","kecamatan":"Laguboti","kecCode":"121202"},"geometry":{"type":"Polygon","coordinates":[[[99.11643180438432,2.3514323322215254],[99.11874207458715,2.3579956096876122],[99.12602774868172,2.3554752299785844],[99.1226734753007,2.347794059237604],[99.11643180438432,2.3514323322215254]]]}},{"type":"Feature","properties":{"code":"1212022006","desa":"Sidulang","kecamatan":"Laguboti","kecCode":"121202"},"geometry":{"type":"Polygon","coordinates":[[[99.18210542902239,2.3110973751731723],[99.16773052424433,2.336422970145634],[99.16914510026623,2.343555580519416],[99.18056308182081,2.345392246147039],[99.17804239544022,2.3581544794234524],[99.16672849602332,2.36069210363265],[99.17255918575785,2.3658398904678957],[99.1867906306831,2.3573603735610353],[99.19348860141785,2.335411058376419],[99.18999512197735,2.3125999642447765],[99.18210542902239,2.3110973751731723]]]}},{"type":"Feature","properties":{"code":"1212022007","desa":"Ujung Tanduk","kecamatan":"Laguboti","kecCode":"121202"},"geometry":{"type":"Polygon","coordinates":[[[99.14098363798455,2.362287883152504],[99.17804239544022,2.3581544794234524],[99.17971473604626,2.344044024805196],[99.15834039159584,2.3471729100915604],[99.14098363798455,2.362287883152504]]]}},{"type":"Feature","properties":{"code":"1212022008","desa":"Haunatas II","kecamatan":"Laguboti","kecCode":"121202"},"geometry":{"type":"Polygon","coordinates":[[[99.15092468003002,2.3004337161842017],[99.14039030127145,2.3120360533496433],[99.15267824200731,2.319197277452969],[99.16879733422962,2.3093278933989856],[99.15092468003002,2.3004337161842017]]]}},{"type":"Feature","properties":{"code":"1212022009","desa":"Pardomuan Nauli","kecamatan":"Laguboti","kecCode":"121202"},"geometry":{"type":"Polygon","coordinates":[[[99.16908617758509,2.339164703586835],[99.16012326697522,2.343980869015245],[99.15815880678353,2.3360201548084087],[99.15004909469002,2.339965894308346],[99.13276060231999,2.359647469131527],[99.14093886703512,2.3637173042818582],[99.15834039159584,2.3471729100915604],[99.17015076624494,2.3441588583378135],[99.16908617758509,2.339164703586835]]]}},{"type":"Feature","properties":{"code":"1212022010","desa":"Sitangkola","kecamatan":"Laguboti","kecCode":"121202"},"geometry":{"type":"Polygon","coordinates":[[[99.12973354366817,2.335182702522704],[99.12714581642632,2.35015876450191],[99.13806868342306,2.332744476781913],[99.12973354366817,2.335182702522704]]]}},{"type":"Feature","properties":{"code":"1212022011","desa":"Tinggir Nipasir","kecamatan":"Laguboti","kecCode":"121202"},"geometry":{"type":"Polygon","coordinates":[[[99.12086852426302,2.3585188379513626],[99.11602479191065,2.3612177879449603],[99.11972664606793,2.3623947486917936],[99.12086852426302,2.3585188379513626]]]}},{"type":"Feature","properties":{"code":"1212022012","desa":"Haunatas I","kecamatan":"Laguboti","kecCode":"121202"},"geometry":{"type":"Polygon","coordinates":[[[99.14039030127145,2.3120360533496433],[99.12988696441191,2.322143112032299],[99.1407699833481,2.3239667599733194],[99.13405780872097,2.330662832231892],[99.14320810836756,2.345917208303774],[99.16257553203525,2.3175257597284054],[99.14039030127145,2.3120360533496433]]]}},{"type":"Feature","properties":{"code":"1212022013","desa":"Pintu Bosi","kecamatan":"Laguboti","kecCode":"121202"},"geometry":{"type":"Polygon","coordinates":[[[99.17255918575785,2.3658398904678957],[99.16522584579621,2.3599426014456806],[99.14986187742373,2.3650612835216283],[99.14958838279767,2.3782312667152943],[99.1627769334088,2.378467245222662],[99.16147484099115,2.373247570180401],[99.17255918575785,2.3658398904678957]]]}},{"type":"Feature","properties":{"code":"1212022014","desa":"Simatibung","kecamatan":"Laguboti","kecCode":"121202"},"geometry":{"type":"Polygon","coordinates":[[[99.1306766474094,2.3559925829714428],[99.13659081041759,2.3572417188090373],[99.14469566797078,2.3450616769470156],[99.13171258726612,2.3465268560201413],[99.1365304110497,2.352450108469758],[99.1306766474094,2.3559925829714428]]]}},{"type":"Feature","properties":{"code":"1212022015","desa":"Lumban Binanga","kecamatan":"Laguboti","kecCode":"121202"},"geometry":{"type":"Polygon","coordinates":[[[99.09862276013233,2.371177584441442],[99.08650398277261,2.3803081484557334],[99.10843086169496,2.3932781197286537],[99.11920699980328,2.3725689975231554],[99.09862276013233,2.371177584441442]]]}},{"type":"Feature","properties":{"code":"1212022016","desa":"Ompu Raja Hutapea","kecamatan":"Laguboti","kecCode":"121202"},"geometry":{"type":"Polygon","coordinates":[[[99.1260889016815,2.3663061493781608],[99.12501733608126,2.3595417951939694],[99.11985687869208,2.3646769150781837],[99.1260889016815,2.3663061493781608]]]}},{"type":"Feature","properties":{"code":"1212022017","desa":"Gasaribu","kecamatan":"Laguboti","kecCode":"121202"},"geometry":{"type":"Polygon","coordinates":[[[99.14695483869491,2.3722521996416],[99.15268549773758,2.362267698768548],[99.13659370983191,2.363411969159056],[99.14695483869491,2.3722521996416]]]}},{"type":"Feature","properties":{"code":"1212022018","desa":"Pardinggaran","kecamatan":"Laguboti","kecCode":"121202"},"geometry":{"type":"Polygon","coordinates":[[[99.12584212321546,2.3672407653168457],[99.12039375326917,2.398973462388343],[99.12593269303942,2.400465009583838],[99.1302443522951,2.3717491503658494],[99.12584212321546,2.3672407653168457]]]}},{"type":"Feature","properties":{"code":"1212022019","desa":"Sitoluama","kecamatan":"Laguboti","kecCode":"121202"},"geometry":{"type":"Polygon","coordinates":[[[99.15142085758657,2.380962979910345],[99.14950087336665,2.372174378607072],[99.13649506589464,2.3733357397137245],[99.12906837540527,2.4022808046447706],[99.13913459678429,2.3839612233811867],[99.15142085758657,2.380962979910345]]]}},{"type":"Feature","properties":{"code":"1212022020","desa":"Lumban Bagasan","kecamatan":"Laguboti","kecCode":"121202"},"geometry":{"type":"Polygon","coordinates":[[[99.12227143068202,2.3555916661031],[99.10923190942515,2.3621547502149185],[99.09871482822678,2.3711566904923465],[99.1216890387182,2.3702955581579013],[99.12486939580606,2.368568495605939],[99.12664058179745,2.3658847396582763],[99.11985687869208,2.3646769150781837],[99.1240612083581,2.3619818339680414],[99.12227143068202,2.3555916661031]]]}},{"type":"Feature","properties":{"code":"1212022021","desa":"Siraja Gorat","kecamatan":"Laguboti","kecCode":"121202"},"geometry":{"type":"Polygon","coordinates":[[[99.1299076524163,2.3222540766814976],[99.13405780872097,2.330662832231892],[99.1407699833481,2.3239667599733194],[99.1299076524163,2.3222540766814976]]]}},{"type":"Feature","properties":{"code":"1212022022","desa":"Ompu Raja Hutapea Timur","kecamatan":"Laguboti","kecCode":"121202"},"geometry":{"type":"Polygon","coordinates":[[[99.12985718875831,2.357908409623479],[99.12584212321546,2.3672407653168457],[99.12906837540527,2.4022808046447706],[99.13649506589464,2.3733357397137245],[99.14192889380347,2.3715760110870736],[99.12985718875831,2.357908409623479]]]}},{"type":"Feature","properties":{"code":"1212022023","desa":"Ompu Raja Hatulian","kecamatan":"Laguboti","kecCode":"121202"},"geometry":{"type":"Polygon","coordinates":[[[99.10347452972582,2.369620545017302],[99.11920699980328,2.3725689975231554],[99.10843086169496,2.3932781197286537],[99.12039375326917,2.398973462388343],[99.12188435168154,2.368129903439083],[99.10347452972582,2.369620545017302]]]}},{"type":"Feature","properties":{"code":"1212032001","desa":"Pintu Batu","kecamatan":"Silaen","kecCode":"121203"},"geometry":{"type":"Polygon","coordinates":[[[99.19232763691099,2.3380784106899353],[99.18018443396453,2.3656423597766043],[99.19175256542859,2.36927058553469],[99.1912576379297,2.376605987633781],[99.20942148001734,2.3756761776720303],[99.2112797752415,2.368682031416812],[99.19232763691099,2.3380784106899353]]]}},{"type":"Feature","properties":{"code":"1212032002","desa":"Sitorang","kecamatan":"Silaen","kecCode":"121203"},"geometry":{"type":"Polygon","coordinates":[[[99.21501961586262,2.409192290613507],[99.21493155334853,2.399089498314558],[99.1964218490891,2.4127189001750082],[99.20546736962346,2.4141828633647164],[99.21501961586262,2.409192290613507]]]}},{"type":"Feature","properties":{"code":"1212032003","desa":"Parsambilan","kecamatan":"Silaen","kecCode":"121203"},"geometry":{"type":"Polygon","coordinates":[[[99.20529513326386,2.361714027554208],[99.21141310423144,2.369053504481491],[99.23273965421173,2.364179130433683],[99.2288111673016,2.35639591721753],[99.20529513326386,2.361714027554208]]]}},{"type":"Feature","properties":{"code":"1212032004","desa":"Huta Gur- Gur II","kecamatan":"Silaen","kecCode":"121203"},"geometry":{"type":"Polygon","coordinates":[[[99.22471592000375,2.4232778519975695],[99.22014945943003,2.415109706463008],[99.20535676470297,2.4168093963499815],[99.21304787655833,2.425423838543259],[99.22471592000375,2.4232778519975695]]]}},{"type":"Feature","properties":{"code":"1212032005","desa":"Silaen","kecamatan":"Silaen","kecCode":"121203"},"geometry":{"type":"Polygon","coordinates":[[[99.21298676222936,2.393558089473193],[99.20965163001874,2.3794168141890806],[99.1938840926768,2.391458695903335],[99.19472231838036,2.3928907241672093],[99.21298676222936,2.393558089473193]]]}},{"type":"Feature","properties":{"code":"1212032006","desa":"Ombur","kecamatan":"Silaen","kecCode":"121203"},"geometry":{"type":"Polygon","coordinates":[[[99.23290695509193,2.343732837793875],[99.2312319426001,2.3242454535798673],[99.2230561060545,2.3218581204735163],[99.21872759889963,2.3314888748187776],[99.22634650328854,2.3316166873671302],[99.22564840904693,2.344798835690168],[99.23290695509193,2.343732837793875]]]}},{"type":"Feature","properties":{"code":"1212032008","desa":"Natolutali","kecamatan":"Silaen","kecCode":"121203"},"geometry":{"type":"Polygon","coordinates":[[[99.21298676222936,2.393558089473193],[99.21847511693316,2.405747378164504],[99.24789075575382,2.414030085636402],[99.25208755089983,2.3995829985888113],[99.2262425596465,2.390422338762274],[99.21298676222936,2.393558089473193]]]}},{"type":"Feature","properties":{"code":"1212032009","desa":"Dalihan Natolu","kecamatan":"Silaen","kecCode":"121203"},"geometry":{"type":"Polygon","coordinates":[[[99.2170754705566,2.404825132400506],[99.22566473623863,2.4201460681962246],[99.24356645292956,2.4228170465762147],[99.24789075575382,2.414030085636402],[99.2170754705566,2.404825132400506]]]}},{"type":"Feature","properties":{"code":"1212032010","desa":"Sigodang Tua","kecamatan":"Silaen","kecCode":"121203"},"geometry":{"type":"Polygon","coordinates":[[[99.23273965421173,2.364179130433683],[99.21400139894547,2.367183199712782],[99.21198718556025,2.3714947834206215],[99.21678434921841,2.378742891926094],[99.22500680302157,2.3777242127585194],[99.22558779204303,2.372095215784036],[99.23775463007217,2.372668630714555],[99.23273965421173,2.364179130433683]]]}},{"type":"Feature","properties":{"code":"1212032014","desa":"Sinta Dame","kecamatan":"Silaen","kecCode":"121203"},"geometry":{"type":"Polygon","coordinates":[[[99.21141310423144,2.369053504481491],[99.21062672894043,2.385737642525639],[99.21700549340886,2.3864319820970326],[99.22115247690533,2.3811942729498075],[99.21141310423144,2.369053504481491]]]}},{"type":"Feature","properties":{"code":"1212032015","desa":"Hutanamora","kecamatan":"Silaen","kecCode":"121203"},"geometry":{"type":"Polygon","coordinates":[[[99.19666414263611,2.409895482211722],[99.21401784035112,2.3993036493765327],[99.21298676222936,2.393558089473193],[99.18710548333145,2.394584356220822],[99.1876955905791,2.404897891151225],[99.19666414263611,2.409895482211722]]]}},{"type":"Feature","properties":{"code":"1212032017","desa":"Pardomuan","kecamatan":"Silaen","kecCode":"121203"},"geometry":{"type":"Polygon","coordinates":[[[99.18999512197735,2.3125999642447765],[99.1895482137791,2.332041741139888],[99.19721384963952,2.3477970377921995],[99.20155792855564,2.3337622917009657],[99.2208456857798,2.332499266733705],[99.20790088741609,2.3145827724026518],[99.18999512197735,2.3125999642447765]]]}},{"type":"Feature","properties":{"code":"1212032018","desa":"Huta Gur-Gur I","kecamatan":"Silaen","kecCode":"121203"},"geometry":{"type":"Polygon","coordinates":[[[99.21501961586262,2.409192290613507],[99.20772309864212,2.410903966664607],[99.20549477376488,2.4167237350258306],[99.21865218265219,2.414809894076954],[99.21501961586262,2.409192290613507]]]}},{"type":"Feature","properties":{"code":"1212032022","desa":"Lumban Dolok","kecamatan":"Silaen","kecCode":"121203"},"geometry":{"type":"Polygon","coordinates":[[[99.20942148001734,2.3756761776720303],[99.1912576379297,2.376605987633781],[99.18790969037997,2.386857770615865],[99.19101922136001,2.3824985974833623],[99.19579173639958,2.3879294729119036],[99.20942148001734,2.3756761776720303]]]}},{"type":"Feature","properties":{"code":"1212032023","desa":"Napitupulu","kecamatan":"Silaen","kecCode":"121203"},"geometry":{"type":"Polygon","coordinates":[[[99.19721384963952,2.3477970377921995],[99.20529513326386,2.361714027554208],[99.23546963441618,2.3518015893566155],[99.23229186377851,2.34354248009522],[99.19721384963952,2.3477970377921995]]]}},{"type":"Feature","properties":{"code":"1212032024","desa":"Hutagaol Sihujur","kecamatan":"Silaen","kecCode":"121203"},"geometry":{"type":"Polygon","coordinates":[[[99.22471592000375,2.4232778519975695],[99.21296378455104,2.425383795329892],[99.2173619675808,2.4345785376632865],[99.21240626064049,2.438514976374628],[99.2284191294393,2.4344655162645834],[99.22471592000375,2.4232778519975695]]]}},{"type":"Feature","properties":{"code":"1212032025","desa":"Meranti Barat","kecamatan":"Silaen","kecCode":"121203"},"geometry":{"type":"Polygon","coordinates":[[[99.26230992965958,2.4341664674029238],[99.24356645292956,2.4228170465762147],[99.23235567967095,2.4402778355413517],[99.23031453159041,2.462576209087967],[99.26230992965958,2.4341664674029238]]]}},{"type":"Feature","properties":{"code":"1212032025","desa":"Meranti Barat","kecamatan":"Silaen","kecCode":"121203"},"geometry":{"type":"Polygon","coordinates":[[[99.31760020768348,2.450721555431622],[99.31671591330881,2.4423806762126126],[99.30215104473501,2.4434566125168433],[99.28757922530104,2.456844054479053],[99.28008166373787,2.475862988135017],[99.28265629505205,2.488539267807727],[99.3042319086757,2.492104125535798],[99.30033551587144,2.466375580327797],[99.31760020768348,2.450721555431622]]]}},{"type":"Feature","properties":{"code":"1212032026","desa":"Sibide Barat","kecamatan":"Silaen","kecCode":"121203"},"geometry":{"type":"Polygon","coordinates":[[[99.28400909484388,2.4894817860892875],[99.28008166373787,2.475862988135017],[99.28537809682176,2.464875461693916],[99.26868292497703,2.4348309162074444],[99.26239531129464,2.4343853920662704],[99.23987458664294,2.4501625926063957],[99.23349763071114,2.463401913529769],[99.23934298209302,2.485521162809432],[99.21882263115957,2.4952583995828705],[99.25426520977169,2.506647401371402],[99.25422194428732,2.4797236364810806],[99.28400909484388,2.4894817860892875]]]}},{"type":"Feature","properties":{"code":"1212032027","desa":"Sibide","kecamatan":"Silaen","kecCode":"121203"},"geometry":{"type":"Polygon","coordinates":[[[99.28537809682176,2.464875461693916],[99.3016656347613,2.4437278705286403],[99.31653745543927,2.4431242572632166],[99.29975535332693,2.4139484964424947],[99.26828555503442,2.4165944574818505],[99.25211907843276,2.429299861698911],[99.26868292497703,2.4348309162074444],[99.28537809682176,2.464875461693916]]]}},{"type":"Feature","properties":{"code":"1212032028","desa":"Simanobak","kecamatan":"Silaen","kecCode":"121203"},"geometry":{"type":"Polygon","coordinates":[[[99.22564840904693,2.344798835690168],[99.22634650328854,2.3316166873671302],[99.19899739681244,2.336692935831691],[99.20146378302722,2.3449646338031096],[99.22564840904693,2.344798835690168]]]}},{"type":"Feature","properties":{"code":"1212032029","desa":"Panindi","kecamatan":"Silaen","kecCode":"121203"},"geometry":{"type":"Polygon","coordinates":[[[99.22566473623863,2.4201460681962246],[99.2259056493263,2.431082484366882],[99.23451929832702,2.4390298841108855],[99.24356645292956,2.4228170465762147],[99.22566473623863,2.4201460681962246]]]}},{"type":"Feature","properties":{"code":"1212032030","desa":"Siringkiron","kecamatan":"Silaen","kecCode":"121203"},"geometry":{"type":"Polygon","coordinates":[[[99.21098761608567,2.3867334420411264],[99.21298676222936,2.393558089473193],[99.2262425596465,2.390422338762274],[99.24162629781546,2.398993826636736],[99.24820498427265,2.3928136972340535],[99.22561200269182,2.3841405616867815],[99.21098761608567,2.3867334420411264]]]}},{"type":"Feature","properties":{"code":"1212032031","desa":"Marbulang","kecamatan":"Silaen","kecCode":"121203"},"geometry":{"type":"Polygon","coordinates":[[[99.25180112402273,2.3748970293338676],[99.22558779204303,2.372095215784036],[99.22500680302157,2.3777242127585194],[99.21678434921841,2.378742891926094],[99.23034475060979,2.387964354916102],[99.24784806583561,2.3891731210863854],[99.25180112402273,2.3748970293338676]]]}},{"type":"Feature","properties":{"code":"1212041009","desa":"Parsoburan Tengah","kecamatan":"Habinsaran","kecCode":"121204"},"geometry":{"type":"Polygon","coordinates":[[[99.3380973327258,2.3315784365026038],[99.37072053942141,2.3043080441178856],[99.38721716524002,2.2843655696741796],[99.35680292461535,2.2838252399023444],[99.34103899355478,2.2915275546039116],[99.32673800765298,2.309093097500107],[99.32567365281686,2.324976260660129],[99.3380973327258,2.3315784365026038]]]}},{"type":"Feature","properties":{"code":"1212042002","desa":"Lumban Rau Selatan","kecamatan":"Habinsaran","kecCode":"121204"},"geometry":{"type":"Polygon","coordinates":[[[99.35180818440021,2.2545216584394714],[99.36279492394664,2.242988785808174],[99.36405319240093,2.200689990001911],[99.34536128909228,2.2321075655280445],[99.35180818440021,2.2545216584394714]]]}},{"type":"Feature","properties":{"code":"1212042004","desa":"Lumban Rau Barat","kecamatan":"Habinsaran","kecCode":"121204"},"geometry":{"type":"Polygon","coordinates":[[[99.33899479407454,2.293180722561452],[99.35680292461535,2.2838252399023444],[99.37925311004305,2.2828010748702874],[99.35519644226206,2.2714058102030807],[99.35047105709367,2.2506092334253354],[99.31776076544702,2.2409754303783487],[99.32007978785195,2.263544099662239],[99.33899479407454,2.293180722561452]]]}},{"type":"Feature","properties":{"code":"1212042006","desa":"Lumban Balik","kecamatan":"Habinsaran","kecCode":"121204"},"geometry":{"type":"Polygon","coordinates":[[[99.3417683869016,2.3962324376128783],[99.33638727275452,2.355619170968516],[99.3086088623092,2.3593572776926615],[99.30098381285273,2.371420909510573],[99.30153566743716,2.397994539550428],[99.3417683869016,2.3962324376128783]]]}},{"type":"Feature","properties":{"code":"1212042007","desa":"Panamparan","kecamatan":"Habinsaran","kecCode":"121204"},"geometry":{"type":"Polygon","coordinates":[[[99.3080558655858,2.4274590762770525],[99.3184746140123,2.4528021603653465],[99.34301469257406,2.453306764568868],[99.34188117627531,2.441159096501788],[99.3080558655858,2.4274590762770525]]]}},{"type":"Feature","properties":{"code":"1212042008","desa":"Lumban Pinasa","kecamatan":"Habinsaran","kecCode":"121204"},"geometry":{"type":"Polygon","coordinates":[[[99.35667463272819,2.3123387516601595],[99.33338172768462,2.3387855386207814],[99.33631541692301,2.3838776107126955],[99.34629742758426,2.4105212250947794],[99.36348856384619,2.418368586053102],[99.37462172381356,2.4056035405966347],[99.40002952764064,2.4056126902990935],[99.4301302088421,2.395840015740523],[99.42026451559495,2.382946971576069],[99.37707920044483,2.355607140737541],[99.38852899191949,2.3369500142328232],[99.35667463272819,2.3123387516601595]]]}},{"type":"Feature","properties":{"code":"1212042010","desa":"Parsoburan Barat","kecamatan":"Habinsaran","kecCode":"121204"},"geometry":{"type":"Polygon","coordinates":[[[99.22054788967341,2.325939807789035],[99.22989349688743,2.3228772636913164],[99.23405755401295,2.337302746325334],[99.24901425360495,2.32878521777364],[99.26915593599773,2.336113902836325],[99.27436930679812,2.3224956112004556],[99.26139900905706,2.3059384043690256],[99.2641412434237,2.2952635497199525],[99.25260718907059,2.302619112820599],[99.25497126031546,2.29154619125472],[99.24384186041357,2.2880892278903016],[99.21788065157084,2.2905828941372763],[99.20914094280033,2.2975229506680255],[99.20788975380911,2.314784882441801],[99.22054788967341,2.325939807789035]]]}},{"type":"Feature","properties":{"code":"1212042011","desa":"Lumban Ruhap","kecamatan":"Habinsaran","kecCode":"121204"},"geometry":{"type":"Polygon","coordinates":[[[99.3380973327258,2.3315784365026038],[99.32567365281686,2.324976260660129],[99.32537829207456,2.3145623928658092],[99.30844850059788,2.3123892360025122],[99.29447914689518,2.3260087318306093],[99.27180712300037,2.3285517294890554],[99.2610946047323,2.3506447167663063],[99.27568162270875,2.369683019121147],[99.30098381285273,2.371420909510573],[99.31727023293496,2.3550787323787445],[99.33611153342058,2.3553332423161564],[99.33338172768462,2.3387855386207814],[99.3380973327258,2.3315784365026038]]]}},{"type":"Feature","properties":{"code":"1212042012","desa":"Lumban Pea","kecamatan":"Habinsaran","kecCode":"121204"},"geometry":{"type":"Polygon","coordinates":[[[99.2880364100523,2.4133970681373373],[99.29776211662845,2.4137790398875048],[99.30247386357802,2.373259266762951],[99.27016193022892,2.366335334177112],[99.2684554522574,2.391814253665693],[99.2880364100523,2.4133970681373373]]]}},{"type":"Feature","properties":{"code":"1212042014","desa":"Hitetano","kecamatan":"Habinsaran","kecCode":"121204"},"geometry":{"type":"Polygon","coordinates":[[[99.2288111673016,2.35639591721753],[99.23775463007217,2.372668630714555],[99.25180112402273,2.3748970293338676],[99.24294035301493,2.398741802425442],[99.25208755089983,2.3995829985888113],[99.24356645292956,2.4228170465762147],[99.24697913997538,2.4281587874989716],[99.2880364100523,2.4133970681373373],[99.26540348957946,2.3820365626887954],[99.2730912820371,2.365674878362504],[99.26080881727312,2.3494479160758113],[99.26692943224754,2.334329204533109],[99.24901425360495,2.32878521777364],[99.2373289377803,2.3339365938031578],[99.23517220163586,2.352812860808547],[99.2288111673016,2.35639591721753]]]}},{"type":"Feature","properties":{"code":"1212042017","desa":"Lobu Hole","kecamatan":"Habinsaran","kecCode":"121204"},"geometry":{"type":"Polygon","coordinates":[[[99.36272676432878,2.242010642682449],[99.35180818440021,2.2545216584394714],[99.35182252768755,2.264371892329801],[99.36796153359795,2.280657454440882],[99.3782579859174,2.281198869694425],[99.37798921992662,2.2547781918514302],[99.36272676432878,2.242010642682449]]]}},{"type":"Feature","properties":{"code":"1212042018","desa":"Batu Nabolon","kecamatan":"Habinsaran","kecCode":"121204"},"geometry":{"type":"Polygon","coordinates":[[[99.3453840779129,2.2321713769237257],[99.35524910026582,2.210105314449236],[99.37168148841003,2.194530324672411],[99.3705907978271,2.177229689675188],[99.38111894788119,2.1694716655701947],[99.35353774527078,2.17738825364158],[99.33322857044224,2.2193910609790493],[99.3453840779129,2.2321713769237257]]]}},{"type":"Feature","properties":{"code":"1212042019","desa":"Lumban Gaol","kecamatan":"Habinsaran","kecCode":"121204"},"geometry":{"type":"Polygon","coordinates":[[[99.29776211662845,2.4137790398875048],[99.30491497794394,2.4189287081044872],[99.30202393185903,2.425424637141232],[99.31339993755711,2.4279850393792115],[99.35982532927557,2.4195407579100476],[99.34629742758426,2.4105212250947794],[99.34063175085468,2.3960132584413603],[99.30153566743716,2.397994539550428],[99.29776211662845,2.4137790398875048]]]}},{"type":"Feature","properties":{"code":"1212042020","desa":"Tornagodang","kecamatan":"Habinsaran","kecCode":"121204"},"geometry":{"type":"Polygon","coordinates":[[[99.26231369602031,2.2975814227887583],[99.26139900905706,2.3059384043690256],[99.27407344333481,2.319752459528341],[99.27241736876664,2.3284271967681525],[99.29447914689518,2.3260087318306093],[99.30828669457536,2.3124527973866864],[99.31873162856186,2.3150570262858783],[99.31245651005996,2.2969758193236176],[99.32150615938177,2.2869859521958764],[99.26231369602031,2.2975814227887583]]]}},{"type":"Feature","properties":{"code":"1212042021","desa":"Taon Marisi","kecamatan":"Habinsaran","kecCode":"121204"},"geometry":{"type":"Polygon","coordinates":[[[99.32537829207456,2.3145623928658092],[99.33899479407454,2.293180722561452],[99.33183173624569,2.2869451724377816],[99.31337735827849,2.291230739658216],[99.31651270159995,2.3121064163064116],[99.32537829207456,2.3145623928658092]]]}},{"type":"Feature","properties":{"code":"1212042022","desa":"Pagar Batu","kecamatan":"Habinsaran","kecCode":"121204"},"geometry":{"type":"Polygon","coordinates":[[[99.34301469257406,2.453306764568868],[99.33255633170937,2.4641785275784702],[99.33917023291997,2.4895177050117203],[99.37068236679784,2.4856032691135876],[99.37990277759116,2.4928011387916005],[99.3842161860282,2.489896768354484],[99.37361330770806,2.4758103598089227],[99.38270284825792,2.473177089102966],[99.3845826228898,2.4659435271315835],[99.39591616439951,2.467228164606207],[99.40684033361458,2.4558367436413846],[99.41920987343696,2.4600379265750347],[99.47079121963912,2.4203288778849354],[99.44899236820326,2.4012368590243085],[99.43053071472075,2.3953534609304064],[99.41391149242149,2.3993360105809733],[99.4010482167019,2.405124923202878],[99.40530832232126,2.4403913794461727],[99.37718309372485,2.44235443399532],[99.35954176943714,2.433916865065864],[99.3574582803754,2.4524739860598914],[99.34301469257406,2.453306764568868]]]}},{"type":"Feature","properties":{"code":"1212042023","desa":"Sibuntuon","kecamatan":"Habinsaran","kecCode":"121204"},"geometry":{"type":"Polygon","coordinates":[[[99.4010482167019,2.405124923202878],[99.37462172381356,2.4056035405966347],[99.3597535912553,2.4174388777147646],[99.35954176943714,2.433916865065864],[99.37718309372485,2.44235443399532],[99.40530832232126,2.4403913794461727],[99.4010482167019,2.405124923202878]]]}},{"type":"Feature","properties":{"code":"1212042024","desa":"Pararungan","kecamatan":"Habinsaran","kecCode":"121204"},"geometry":{"type":"Polygon","coordinates":[[[99.33485981382937,2.45615314132466],[99.3094369535526,2.4541510993661864],[99.30033551587144,2.466375580327797],[99.30202092542542,2.492437772215888],[99.31207341055949,2.514687617445663],[99.32194817257015,2.498340720671735],[99.33917023291997,2.4895177050117203],[99.33485981382937,2.45615314132466]]]}},{"type":"Feature","properties":{"code":"1212042025","desa":"Lumban Lintong","kecamatan":"Habinsaran","kecCode":"121204"},"geometry":{"type":"Polygon","coordinates":[[[99.31426619243094,2.4276819723466496],[99.34188117627531,2.441159096501788],[99.34301469257406,2.453306764568868],[99.3574582803754,2.4524739860598914],[99.35982532927557,2.4195407579100476],[99.31426619243094,2.4276819723466496]]]}},{"type":"Feature","properties":{"code":"1212042026","desa":"Pangunjungan","kecamatan":"Habinsaran","kecCode":"121204"},"geometry":{"type":"Polygon","coordinates":[[[99.36464815508832,2.2011087377285032],[99.36254374239985,2.241583940452386],[99.382500677964,2.254264277866094],[99.39434202886162,2.2021104502864253],[99.41250151193525,2.1946097420036264],[99.39460694125738,2.170900553401517],[99.38111894788119,2.1694716655701947],[99.3705907978271,2.177229689675188],[99.37239532708274,2.192686242335965],[99.36464815508832,2.2011087377285032]]]}},{"type":"Feature","properties":{"code":"1212042027","desa":"Lumban Pinasa Saroba","kecamatan":"Habinsaran","kecCode":"121204"},"geometry":{"type":"Polygon","coordinates":[[[99.38203679865939,2.287591749015312],[99.37072053942141,2.3043080441178856],[99.35667463272819,2.3123387516601595],[99.38852899191949,2.3369500142328232],[99.39881749693,2.3084139978401366],[99.38203679865939,2.287591749015312]]]}},{"type":"Feature","properties":{"code":"1212042028","desa":"Aek Ulok","kecamatan":"Habinsaran","kecCode":"121204"},"geometry":{"type":"Polygon","coordinates":[[[99.34809939107406,2.2498624229092843],[99.3453840779129,2.2321713769237257],[99.33350645825651,2.223852893521641],[99.32702502178738,2.2313046948729767],[99.32860377264602,2.241087297946876],[99.34809939107406,2.2498624229092843]]]}},{"type":"Feature","properties":{"code":"1212052001","desa":"Meranti Utara","kecamatan":"Pintu Pohan Meranti","kecCode":"121205"},"geometry":{"type":"Polygon","coordinates":[[[99.42715395828861,2.5978998538102274],[99.39181866699793,2.540260954057871],[99.37836043578555,2.53614924557384],[99.34260757577908,2.5400466501111767],[99.33607662443671,2.523203668411365],[99.34260757577908,2.4994860001015877],[99.33917023291997,2.4895177050117203],[99.32194817257015,2.498340720671735],[99.31207341055949,2.514687617445663],[99.30018086485505,2.4900679291247205],[99.28400909484388,2.4894817860892875],[99.28756139264418,2.513562013383521],[99.28227788461673,2.5232382005791956],[99.31075100965141,2.561344030557592],[99.32672362929213,2.565933431932321],[99.34949799963304,2.560173959516905],[99.36774800126932,2.567820984798546],[99.38517900021077,2.564409997475045],[99.3959590000079,2.5852769974642955],[99.41763300036274,2.5985199975142215],[99.42715395828861,2.5978998538102274]]]}},{"type":"Feature","properties":{"code":"1212052002","desa":"Meranti Timur","kecamatan":"Pintu Pohan Meranti","kecCode":"121205"},"geometry":{"type":"Polygon","coordinates":[[[99.45757190322081,2.603032246050735],[99.46054263823224,2.5850618859263443],[99.4485038663604,2.5674136737504205],[99.46557002113963,2.54752260095741],[99.45254516602664,2.5408527826073106],[99.45047760036101,2.5017511809925104],[99.41920987343696,2.4600379265750347],[99.4037844705769,2.4566924602585174],[99.39591616439951,2.467228164606207],[99.3845826228898,2.4659435271315835],[99.38270284825792,2.473177089102966],[99.37368944970841,2.4754010918360363],[99.38857129782718,2.4978006624951727],[99.38300633257626,2.518026081640815],[99.39846093192654,2.5422014041474856],[99.40341029774707,2.5636736235913316],[99.43551778911473,2.5711024139895926],[99.4423879998064,2.595054996908701],[99.45757190322081,2.603032246050735]]]}},{"type":"Feature","properties":{"code":"1212052003","desa":"Meranti Tengah","kecamatan":"Pintu Pohan Meranti","kecCode":"121205"},"geometry":{"type":"Polygon","coordinates":[[[99.38448746922137,2.4912330053307383],[99.37567923480889,2.492414476177618],[99.37068236679784,2.4856032691135876],[99.33917023291997,2.4895177050117203],[99.34260757577908,2.4994860001015877],[99.33607662443671,2.523203668411365],[99.34260757577908,2.5400466501111767],[99.37836043578555,2.53614924557384],[99.39875273405146,2.545736545577228],[99.38300633257626,2.518026081640815],[99.38952010776683,2.507080561633062],[99.38448746922137,2.4912330053307383]]]}},{"type":"Feature","properties":{"code":"1212052007","desa":"Pintu Pohan","kecamatan":"Pintu Pohan Meranti","kecCode":"121205"},"geometry":{"type":"Polygon","coordinates":[[[99.22776106671988,2.54042797434949],[99.25643253003727,2.5383583267555934],[99.25869646806763,2.544363895950674],[99.27087286678943,2.5428288449505088],[99.2816559179863,2.5567179503332502],[99.28958576207332,2.538510461468672],[99.2819447604424,2.5227861032932783],[99.26453195208796,2.512010304241182],[99.22776106671988,2.54042797434949]]]}},{"type":"Feature","properties":{"code":"1212052008","desa":"Ambar Halim","kecamatan":"Pintu Pohan Meranti","kecCode":"121205"},"geometry":{"type":"Polygon","coordinates":[[[99.19239481536852,2.5327364362238938],[99.2089462530672,2.5314682410542226],[99.22776106671988,2.54042797434949],[99.26453195208796,2.512010304241182],[99.21201893072912,2.4916138960958074],[99.19239481536852,2.5327364362238938]]]}},{"type":"Feature","properties":{"code":"1212052009","desa":"Pintu Pohan Dolok","kecamatan":"Pintu Pohan Meranti","kecCode":"121205"},"geometry":{"type":"Polygon","coordinates":[[[99.28400909484388,2.4894817860892875],[99.25422194428732,2.4797236364810806],[99.25423790275703,2.5066247672341597],[99.28227788461673,2.5232382005791956],[99.28756139264418,2.513562013383521],[99.28400909484388,2.4894817860892875]]]}},{"type":"Feature","properties":{"code":"1212052010","desa":"Halado","kecamatan":"Pintu Pohan Meranti","kecCode":"121205"},"geometry":{"type":"Polygon","coordinates":[[[99.2816559179863,2.5567179503332502],[99.29465348586972,2.562963770714735],[99.30500891213164,2.5740514483568084],[99.30543199818821,2.5503019944086485],[99.2975886805732,2.541965438230607],[99.28958576207332,2.538510461468672],[99.2816559179863,2.5567179503332502]]]}},{"type":"Feature","properties":{"code":"1212062001","desa":"Natumingka","kecamatan":"Borbor","kecCode":"121206"},"geometry":{"type":"Polygon","coordinates":[[[99.25734743373715,2.2814957098211632],[99.25465607401865,2.3030758470110255],[99.26236316682673,2.2946884872313844],[99.32852569800264,2.286247248168792],[99.32094080867141,2.2766055751545413],[99.25398024159493,2.2578708497479116],[99.24562858758928,2.2753685972516577],[99.25734743373715,2.2814957098211632]]]}},{"type":"Feature","properties":{"code":"1212062002","desa":"Pangururan","kecamatan":"Borbor","kecCode":"121206"},"geometry":{"type":"Polygon","coordinates":[[[99.25247588355522,2.258167099919359],[99.27129161091915,2.2172852327599086],[99.26373958731216,2.2041599009058146],[99.25471667123746,2.202275367963018],[99.24284000666103,2.177557757860611],[99.23000805972424,2.1834200335775713],[99.22433871106273,2.2041781328616357],[99.19512957097298,2.2311392825692486],[99.21336970974437,2.235695484571324],[99.21914071866927,2.246965729085155],[99.24324751286245,2.2485788808088967],[99.25247588355522,2.258167099919359]]]}},{"type":"Feature","properties":{"code":"1212062003","desa":"Pardomuan Nauli","kecamatan":"Borbor","kecCode":"121206"},"geometry":{"type":"Polygon","coordinates":[[[99.27129161091915,2.2172852327599086],[99.28559525161961,2.223984913098544],[99.28740840087704,2.2209775118312716],[99.28070576176157,2.215101147335128],[99.27129161091915,2.2172852327599086]]]}},{"type":"Feature","properties":{"code":"1212062004","desa":"Lintong","kecamatan":"Borbor","kecCode":"121206"},"geometry":{"type":"Polygon","coordinates":[[[99.21914071866927,2.246965729085155],[99.21336970974437,2.235695484571324],[99.19512957097298,2.2311392825692486],[99.19384553874067,2.275349037896513],[99.22239357730183,2.2688404248216503],[99.22540978293517,2.260180138787801],[99.21503533241474,2.25418389646172],[99.21914071866927,2.246965729085155]]]}},{"type":"Feature","properties":{"code":"1212062005","desa":"Rianiate","kecamatan":"Borbor","kecCode":"121206"},"geometry":{"type":"Polygon","coordinates":[[[99.2829490099889,2.197920525965496],[99.29156284424994,2.1731232728020675],[99.2964205088994,2.1230895025149237],[99.28610613578955,2.1195155220640043],[99.28258935761284,2.1088927273695064],[99.24989166996464,2.1220694419887054],[99.22545612859749,2.153074922972639],[99.25766203277662,2.1714655084095633],[99.27739966056595,2.1971042005532784],[99.2829490099889,2.197920525965496]],[[99.27420050944602,2.1864242134732654],[99.27684296043434,2.190090280004995],[99.27412912575863,2.189755459709621],[99.27420050944602,2.1864242134732654]]]}},{"type":"Feature","properties":{"code":"1212062006","desa":"Aek Unsim","kecamatan":"Borbor","kecCode":"121206"},"geometry":{"type":"Polygon","coordinates":[[[99.32987576025818,2.177156487558657],[99.36162198226873,2.1728048516442136],[99.35820556033836,2.1597722192085125],[99.34079444001144,2.150172219878572],[99.33408446242804,2.1389877688892778],[99.33217494361884,2.1054468859208653],[99.28258935761284,2.1088927273695064],[99.28610613578955,2.1195155220640043],[99.2964205088994,2.1230895025149237],[99.29156284424994,2.1731232728020675],[99.3134059935918,2.1696516378978448],[99.3092799607017,2.187719297472827],[99.32987576025818,2.177156487558657]]]}},{"type":"Feature","properties":{"code":"1212062007","desa":"Purba Tua","kecamatan":"Borbor","kecCode":"121206"},"geometry":{"type":"Polygon","coordinates":[[[99.31728291337583,2.24291604054729],[99.32860377264602,2.241087297946876],[99.32702502178738,2.2313046948729767],[99.35353774527078,2.17738825364158],[99.32987576025818,2.177156487558657],[99.30819662657314,2.1884103716057544],[99.30770343296712,2.2165826859756286],[99.31728291337583,2.24291604054729]]]}},{"type":"Feature","properties":{"code":"1212062008","desa":"Janji Maria","kecamatan":"Borbor","kecCode":"121206"},"geometry":{"type":"Polygon","coordinates":[[[99.20664489334725,2.2179184553044355],[99.21171066831278,2.2193450120929903],[99.22433871106273,2.2041781328616357],[99.23000805972424,2.1834200335775713],[99.25180271582275,2.167893851806845],[99.22626489700745,2.153286441719012],[99.21297222019187,2.1639694415278323],[99.20353451880305,2.1897929425531735],[99.20664489334725,2.2179184553044355]]]}},{"type":"Feature","properties":{"code":"1212062009","desa":"Pangururan II","kecamatan":"Borbor","kecCode":"121206"},"geometry":{"type":"Polygon","coordinates":[[[99.27739966056595,2.1971042005532784],[99.25766203277662,2.1714655084095633],[99.2512980774444,2.168392702147986],[99.24775313340045,2.172740514145102],[99.25858759074475,2.184212652860692],[99.25845273470598,2.1967579444787773],[99.27739966056595,2.1971042005532784]]]}},{"type":"Feature","properties":{"code":"1212062009","desa":"Pangururan II","kecamatan":"Borbor","kecCode":"121206"},"geometry":{"type":"Polygon","coordinates":[[[99.2781028260846,2.1865669817472644],[99.27412912575863,2.189755459709621],[99.27650983536068,2.190242564904851],[99.2781028260846,2.1865669817472644]]]}},{"type":"Feature","properties":{"code":"1212062010","desa":"Pangururan III","kecamatan":"Borbor","kecCode":"121206"},"geometry":{"type":"Polygon","coordinates":[[[99.24284000666103,2.177557757860611],[99.25471667123746,2.202275367963018],[99.26745022424853,2.210580798604976],[99.28551020543169,2.2022038502767467],[99.27152739697186,2.195457331447364],[99.26112915128937,2.1984578313172465],[99.2548042472183,2.17928716854246],[99.24775313340045,2.172740514145102],[99.24284000666103,2.177557757860611]]]}},{"type":"Feature","properties":{"code":"1212062011","desa":"Hutagurgur","kecamatan":"Borbor","kecCode":"121206"},"geometry":{"type":"Polygon","coordinates":[[[99.33249665989301,2.2877271815193687],[99.33377209640518,2.2837029977547036],[99.31338230095247,2.2439357863107863],[99.29139608026496,2.2370829388373905],[99.27940359739819,2.2443164999094614],[99.26550419836012,2.235794483740721],[99.25735456176368,2.24376378827169],[99.25247588355522,2.258167099919359],[99.32094080867141,2.2766055751545413],[99.33249665989301,2.2877271815193687]]]}},{"type":"Feature","properties":{"code":"1212062012","desa":"Simare","kecamatan":"Borbor","kecCode":"121206"},"geometry":{"type":"Polygon","coordinates":[[[99.19030517494394,2.2796091920746213],[99.17771666998838,2.2972472194283164],[99.16253333044891,2.3033527752483174],[99.14861383965705,2.2892532168160287],[99.14885923856309,2.2976674528349124],[99.15510770385747,2.304133638593638],[99.20790088741609,2.3145827724026518],[99.20914094280033,2.2975229506680255],[99.21788065157084,2.2905828941372763],[99.25497126031546,2.29154619125472],[99.25812075806658,2.284172602142917],[99.24562858758928,2.2753685972516577],[99.2512046828499,2.256347812790972],[99.24181389009902,2.2480530319206706],[99.22236932258625,2.246442316460301],[99.21503533241474,2.25418389646172],[99.22540978293517,2.260180138787801],[99.22239357730183,2.2688404248216503],[99.19030517494394,2.2796091920746213]]]}},{"type":"Feature","properties":{"code":"1212062013","desa":"Lumban Sewa","kecamatan":"Borbor","kecCode":"121206"},"geometry":{"type":"Polygon","coordinates":[[[99.26745022424853,2.210580798604976],[99.27129161091915,2.2172852327599086],[99.28070576176157,2.215101147335128],[99.28779387368839,2.221006064406913],[99.29374728490932,2.2146005559065047],[99.28551020543169,2.2022038502767467],[99.26745022424853,2.210580798604976]]]}},{"type":"Feature","properties":{"code":"1212062014","desa":"Riganjang","kecamatan":"Borbor","kecCode":"121206"},"geometry":{"type":"Polygon","coordinates":[[[99.29156284424994,2.1731232728020675],[99.28244047844537,2.1966009893995335],[99.2903627223618,2.2121381384026866],[99.30949563161816,2.2218222702092345],[99.30803628824417,2.1778070085626635],[99.3134059935918,2.1696516378978448],[99.29156284424994,2.1731232728020675]]]}},{"type":"Feature","properties":{"code":"1212062015","desa":"Pasar Borbor","kecamatan":"Borbor","kecCode":"121206"},"geometry":{"type":"Polygon","coordinates":[[[99.31503612361824,2.245305744266458],[99.30949563161816,2.2218222702092345],[99.29691444444609,2.214196802576397],[99.28593789331916,2.223970635461769],[99.27409174633709,2.219430623954389],[99.2660871838765,2.2269460991051626],[99.2669352220829,2.2389865077299023],[99.27331217801463,2.2421273953682914],[99.285495017681,2.244411678758746],[99.29653571744943,2.2370829388373905],[99.31503612361824,2.245305744266458]]]}},{"type":"Feature","properties":{"code":"1212071037","desa":"Pasar Porsea","kecamatan":"Porsea","kecCode":"121207"},"geometry":{"type":"Polygon","coordinates":[[[99.16185330358711,2.4438619171774754],[99.15603429694526,2.442754840048749],[99.15412820455305,2.4473930584227817],[99.15810829096489,2.447486625686974],[99.16185330358711,2.4438619171774754]]]}},{"type":"Feature","properties":{"code":"1212071038","desa":"Patane III","kecamatan":"Porsea","kecCode":"121207"},"geometry":{"type":"Polygon","coordinates":[[[99.14674245480053,2.447602598660624],[99.15603429694526,2.442754840048749],[99.15215009984729,2.4388598250101623],[99.14674245480053,2.447602598660624]]]}},{"type":"Feature","properties":{"code":"1212071039","desa":"Parparean III","kecamatan":"Porsea","kecCode":"121207"},"geometry":{"type":"Polygon","coordinates":[[[99.1520726916015,2.438725717207416],[99.16067710366546,2.441686226024617],[99.15954320065822,2.4378534953328836],[99.1520726916015,2.438725717207416]]]}},{"type":"Feature","properties":{"code":"1212072001","desa":"Patane IV","kecamatan":"Porsea","kecCode":"121207"},"geometry":{"type":"Polygon","coordinates":[[[99.14673989532996,2.447526346043732],[99.15215009984729,2.4388598250101623],[99.13462638889676,2.4179744689586897],[99.1366216023052,2.442000869130571],[99.14673989532996,2.447526346043732]]]}},{"type":"Feature","properties":{"code":"1212072003","desa":"Lumban Gurning","kecamatan":"Porsea","kecCode":"121207"},"geometry":{"type":"Polygon","coordinates":[[[99.16185330358711,2.4438619171774754],[99.15412820455305,2.4473930584227817],[99.15109260593907,2.4618195159219316],[99.16420869187765,2.4603477951802946],[99.16185330358711,2.4438619171774754]]]}},{"type":"Feature","properties":{"code":"1212072004","desa":"Amborgang","kecamatan":"Porsea","kecCode":"121207"},"geometry":{"type":"Polygon","coordinates":[[[99.10623418575915,2.4984223269527566],[99.10443402720864,2.4918959270864582],[99.08373041242862,2.4813838164525857],[99.07177115141758,2.495819108891557],[99.09218810100015,2.510607377139317],[99.10623418575915,2.4984223269527566]]]}},{"type":"Feature","properties":{"code":"1212072005","desa":"Nalela","kecamatan":"Porsea","kecCode":"121207"},"geometry":{"type":"Polygon","coordinates":[[[99.09249107630215,2.4862881145420794],[99.10623418575915,2.4984223269527566],[99.12113338899479,2.490936469174844],[99.11567650696526,2.4895610910051893],[99.11859792405501,2.4776368873791714],[99.10549856640579,2.471339780460128],[99.10036866168446,2.4705733935017697],[99.09249107630215,2.4862881145420794]]]}},{"type":"Feature","properties":{"code":"1212072007","desa":"Patane II","kecamatan":"Porsea","kecCode":"121207"},"geometry":{"type":"Polygon","coordinates":[[[99.14922383361305,2.4504220650028077],[99.13740997858768,2.442029632147538],[99.13745433944626,2.465927690969669],[99.14400136886815,2.466585313919911],[99.14173921689138,2.4581435928206132],[99.14922383361305,2.4504220650028077]]]}},{"type":"Feature","properties":{"code":"1212072022","desa":"Gala Gala Pangkailan","kecamatan":"Porsea","kecCode":"121207"},"geometry":{"type":"Polygon","coordinates":[[[99.1933528838286,2.446674685369075],[99.19055453536356,2.430389705119276],[99.17070851228806,2.4387376008489614],[99.17134065744546,2.4466439303538237],[99.17982099094604,2.4410719854705523],[99.1933528838286,2.446674685369075]]]}},{"type":"Feature","properties":{"code":"1212072023","desa":"Silamosik I","kecamatan":"Porsea","kecCode":"121207"},"geometry":{"type":"Polygon","coordinates":[[[99.11789932169636,2.4863626521518087],[99.12113338899479,2.490936469174844],[99.11615604526531,2.4941040540874533],[99.11575656011722,2.497166594587941],[99.12656483909608,2.5002260072463818],[99.13699184239964,2.4847576536816964],[99.11789932169636,2.4863626521518087]]]}},{"type":"Feature","properties":{"code":"1212072030","desa":"Parparean IV","kecamatan":"Porsea","kecCode":"121207"},"geometry":{"type":"Polygon","coordinates":[[[99.16073303879875,2.441515446566903],[99.17052275102418,2.440090343082772],[99.16782936423385,2.4333719163760668],[99.1599545874343,2.432151356496472],[99.16073303879875,2.441515446566903]]]}},{"type":"Feature","properties":{"code":"1212072031","desa":"Parparean I","kecamatan":"Porsea","kecCode":"121207"},"geometry":{"type":"Polygon","coordinates":[[[99.13829612736446,2.4202213261629524],[99.15784601358273,2.4353987643344928],[99.16268815773235,2.4288843713168204],[99.15291891767396,2.42285338098546],[99.13829612736446,2.4202213261629524]]]}},{"type":"Feature","properties":{"code":"1212072033","desa":"Parparean II","kecamatan":"Porsea","kecCode":"121207"},"geometry":{"type":"Polygon","coordinates":[[[99.14335823129738,2.4276447269241106],[99.15778056002489,2.438660230374781],[99.15442845940593,2.4299859418966743],[99.14335823129738,2.4276447269241106]]]}},{"type":"Feature","properties":{"code":"1212072036","desa":"Patane I","kecamatan":"Porsea","kecCode":"121207"},"geometry":{"type":"Polygon","coordinates":[[[99.14475264361965,2.462510803194305],[99.13743960405452,2.4659351463494295],[99.13611245922264,2.480371429841295],[99.14335213659189,2.477965202878168],[99.14475264361965,2.462510803194305]]]}},{"type":"Feature","properties":{"code":"1212072040","desa":"Patane V","kecamatan":"Porsea","kecCode":"121207"},"geometry":{"type":"Polygon","coordinates":[[[99.15356432873085,2.448662488361614],[99.14187435171999,2.4579060162179878],[99.14375338171328,2.462376742156333],[99.15466091077246,2.4570742125740686],[99.15356432873085,2.448662488361614]]]}},{"type":"Feature","properties":{"code":"1212072041","desa":"Simpang Sigura-Gura","kecamatan":"Porsea","kecCode":"121207"},"geometry":{"type":"Polygon","coordinates":[[[99.15510226026117,2.4612375142645484],[99.1475214025907,2.462827055187374],[99.14320938540487,2.478589124634064],[99.15486522235221,2.480418590289378],[99.14954623157335,2.473351624129541],[99.15510226026117,2.4612375142645484]]]}},{"type":"Feature","properties":{"code":"1212072042","desa":"Raut Bosi","kecamatan":"Porsea","kecCode":"121207"},"geometry":{"type":"Polygon","coordinates":[[[99.1145969976534,2.4754826756340145],[99.11789932169636,2.4863626521518087],[99.13699184239964,2.4847576536816964],[99.1377071055985,2.463676472053539],[99.12338348825745,2.4756616721972633],[99.1145969976534,2.4754826756340145]]]}},{"type":"Feature","properties":{"code":"1212072042","desa":"Raut Bosi","kecamatan":"Porsea","kecCode":"121207"},"geometry":{"type":"Polygon","coordinates":[[[99.14633466261465,2.4800370304287163],[99.14135074933766,2.4781722888661486],[99.13873081737336,2.4804157385391545],[99.14633466261465,2.4800370304287163]]]}},{"type":"Feature","properties":{"code":"1212081009","desa":"Parsaoran Ajibata","kecamatan":"Ajibata","kecCode":"121208"},"geometry":{"type":"Polygon","coordinates":[[[98.89739480732452,2.6622337088632846],[98.93521457829023,2.657657572488686],[98.93872666380457,2.646645187886842],[98.92885348639935,2.6447560540124577],[98.89739480732452,2.6622337088632846]]]}},{"type":"Feature","properties":{"code":"1212082001","desa":"Sigapiton","kecamatan":"Ajibata","kecCode":"121208"},"geometry":{"type":"Polygon","coordinates":[[[98.94993191342711,2.6116973002901354],[98.94395787895303,2.597062822407246],[98.9490795260993,2.591022703057869],[98.9220071446141,2.570744469426477],[98.90384399590373,2.6051119057969374],[98.91980198807134,2.6128055339469793],[98.93365045040804,2.608058510195987],[98.94993191342711,2.6116973002901354]]]}},{"type":"Feature","properties":{"code":"1212082002","desa":"Pardomuan Ajibata","kecamatan":"Ajibata","kecCode":"121208"},"geometry":{"type":"Polygon","coordinates":[[[98.94030579957301,2.6583902438635474],[98.95400688730807,2.645998651778831],[98.95197522437716,2.633730543805422],[98.93623509027725,2.6392033042589467],[98.94030579957301,2.6583902438635474]]]}},{"type":"Feature","properties":{"code":"1212082003","desa":"Pardamean Ajibata","kecamatan":"Ajibata","kecCode":"121208"},"geometry":{"type":"Polygon","coordinates":[[[98.93064638921953,2.6587652746462136],[98.94030579957301,2.6583902438635474],[98.93689312421839,2.6517989489184637],[98.93064638921953,2.6587652746462136]]]}},{"type":"Feature","properties":{"code":"1212082004","desa":"Motung","kecamatan":"Ajibata","kecCode":"121208"},"geometry":{"type":"Polygon","coordinates":[[[98.93485686665115,2.6441992603519853],[98.93694892894995,2.637847012401097],[98.95585994308198,2.6303015133837433],[98.94993191342711,2.6116973002901354],[98.93365045040804,2.608058510195987],[98.91980198807134,2.6128055339469793],[98.90384399590373,2.6051119057969374],[98.90117566062827,2.6161814620998802],[98.91379356442151,2.6222286186442725],[98.92323145466798,2.6411293121358135],[98.9242894189216,2.6348433774944864],[98.931094185948,2.6341772478570733],[98.93485686665115,2.6441992603519853]]]}},{"type":"Feature","properties":{"code":"1212082005","desa":"Horsik","kecamatan":"Ajibata","kecCode":"121208"},"geometry":{"type":"Polygon","coordinates":[[[98.89469337429983,2.662939068726976],[98.92471151302595,2.6469723756359995],[98.91379356442151,2.6222286186442725],[98.90117566062827,2.6161814620998802],[98.89469337429983,2.662939068726976]]]}},{"type":"Feature","properties":{"code":"1212082006","desa":"Sirungkungon","kecamatan":"Ajibata","kecCode":"121208"},"geometry":{"type":"Polygon","coordinates":[[[98.9220071446141,2.570744469426477],[98.94231828805863,2.584961006274556],[98.96937831555687,2.5705297652814094],[98.9735022089598,2.576636617024554],[98.96961444425125,2.5640894224409188],[98.97398567190127,2.5388927434849085],[98.97102120966115,2.534736060804722],[98.94297218331967,2.54931449473635],[98.9220071446141,2.570744469426477]]]}},{"type":"Feature","properties":{"code":"1212082007","desa":"Parsaoran Sibisa","kecamatan":"Ajibata","kecCode":"121208"},"geometry":{"type":"Polygon","coordinates":[[[98.98076639465346,2.6022552443943026],[98.99335750044833,2.6027302752916914],[98.9981406841453,2.610865294298719],[98.99829430094125,2.5912358684628636],[99.00931696930273,2.5890730789841183],[99.00274632638188,2.574150439432233],[98.99446890241795,2.5701218705732947],[98.98136025657067,2.5791548203741907],[98.96948006485314,2.570521988843682],[98.95386440142107,2.5773830660131773],[98.95829278278575,2.587144656427574],[98.98076639465346,2.6022552443943026]]]}},{"type":"Feature","properties":{"code":"1212082008","desa":"Pardamean Sibisa","kecamatan":"Ajibata","kecCode":"121208"},"geometry":{"type":"Polygon","coordinates":[[[98.94915725720169,2.6550319927847887],[98.957980833149,2.6461191636307957],[98.9609277783943,2.614181940941049],[98.98076639465346,2.6022552443943026],[98.95326823993734,2.5781652945293607],[98.9438214670871,2.588971593189288],[98.94919849831211,2.5913320329691536],[98.94395787895303,2.597062822407246],[98.9562882452064,2.6247811635055394],[98.94915725720169,2.6550319927847887]]]}},{"type":"Feature","properties":{"code":"1212082010","desa":"Pardomuan Motung","kecamatan":"Ajibata","kecCode":"121208"},"geometry":{"type":"Polygon","coordinates":[[[98.92471151302595,2.6469723756359995],[98.93485686665115,2.6441992603519853],[98.931094185948,2.6341772478570733],[98.9242894189216,2.6348433774944864],[98.92471151302595,2.6469723756359995]]]}},{"type":"Feature","properties":{"code":"1212092002","desa":"Lintong Julu","kecamatan":"Lumban Julu","kecCode":"121209"},"geometry":{"type":"Polygon","coordinates":[[[99.0776797925884,2.597056377865484],[99.08386669209419,2.585366668865417],[99.07226614726494,2.572842818883444],[99.06509143871898,2.536105649139052],[99.05664733620569,2.53574355420472],[99.05110668502556,2.539133300440834],[99.05250670192281,2.5523944793865527],[99.04296980980894,2.5563747942218344],[99.04198844171327,2.577108691850416],[99.06260673601213,2.571649391549908],[99.0776797925884,2.597056377865484]]]}},{"type":"Feature","properties":{"code":"1212092003","desa":"Hatinggian","kecamatan":"Lumban Julu","kecCode":"121209"},"geometry":{"type":"Polygon","coordinates":[[[99.03610224492274,2.5547137095323467],[99.05250670192281,2.5523944793865527],[99.05236329602934,2.537524666011624],[99.06677404238819,2.5358687173503283],[99.06745408543775,2.525635129451779],[99.05656922289135,2.518151112586103],[99.04382999785616,2.5219001802473247],[99.02818107569612,2.5163631416499825],[99.01030522800392,2.4979695776583233],[99.00578651243768,2.502339085799815],[99.01745017708407,2.526493526048604],[99.03493148769803,2.535894926292675],[99.03167831790012,2.5409319310411584],[99.04089157458657,2.548258639394043],[99.03610224492274,2.5547137095323467]]]}},{"type":"Feature","properties":{"code":"1212092004","desa":"Sibaruang","kecamatan":"Lumban Julu","kecCode":"121209"},"geometry":{"type":"Polygon","coordinates":[[[99.08915610956689,2.510104344051382],[99.07888229678063,2.4984215994012224],[99.06835555956151,2.4966322444084326],[99.05768824841397,2.4969225113903772],[99.03587531989018,2.5119266484052654],[99.01640129058717,2.5037136051168845],[99.02818107569612,2.5163631416499825],[99.06377837996831,2.522024967476353],[99.06579637680142,2.5370170301934305],[99.09287272429685,2.5347660765772586],[99.08915610956689,2.510104344051382]]]}},{"type":"Feature","properties":{"code":"1212092005","desa":"Jangga Toruan","kecamatan":"Lumban Julu","kecCode":"121209"},"geometry":{"type":"Polygon","coordinates":[[[99.08689169399655,2.5810006267110586],[99.10417482730651,2.5745333248936433],[99.08454886923498,2.545680301976514],[99.07265513642544,2.5586005794112445],[99.08689169399655,2.5810006267110586]]]}},{"type":"Feature","properties":{"code":"1212092006","desa":"Sionggang Selatan","kecamatan":"Lumban Julu","kecCode":"121209"},"geometry":{"type":"Polygon","coordinates":[[[98.97398567190127,2.5388927434849085],[98.96972311742798,2.5660848759660606],[98.97618480208702,2.57744925971298],[98.9856624684482,2.579278482551295],[98.99885134281526,2.5637515291621384],[98.9903117655756,2.5613951354321025],[98.99258516357452,2.5575859498908224],[98.9859388795757,2.557021179243783],[98.97398567190127,2.5388927434849085]]]}},{"type":"Feature","properties":{"code":"1212092007","desa":"Pasar Lumban Julu","kecamatan":"Lumban Julu","kecCode":"121209"},"geometry":{"type":"Polygon","coordinates":[[[99.07395730168817,2.6053716201110433],[99.0776797925884,2.597056377865484],[99.06247824357614,2.571649391549908],[99.05552592658029,2.5776898535410337],[99.07395730168817,2.6053716201110433]]]}},{"type":"Feature","properties":{"code":"1212092008","desa":"Sionggang Utara","kecamatan":"Lumban Julu","kecCode":"121209"},"geometry":{"type":"Polygon","coordinates":[[[99.05143910593006,2.6244833107421255],[99.07395730168817,2.6053716201110433],[99.05579315562971,2.5750435732423407],[99.03396420298564,2.578344907128182],[99.02039741370974,2.5909300261224097],[99.03147093693421,2.6007223688541816],[99.03059053572468,2.607218297890936],[99.04484548083434,2.610055774056477],[99.05143910593006,2.6244833107421255]]]}},{"type":"Feature","properties":{"code":"1212092014","desa":"Sionggang Tengah","kecamatan":"Lumban Julu","kecCode":"121209"},"geometry":{"type":"Polygon","coordinates":[[[98.99446890241795,2.5701218705732947],[99.00851833355433,2.5809399692377775],[99.00756007084065,2.5947796334917608],[99.01958845374418,2.5952604092584064],[99.02175743505762,2.5881591942171567],[99.04198844171327,2.577108691850416],[99.01002051523466,2.5378649955538277],[98.99446890241795,2.5701218705732947]]]}},{"type":"Feature","properties":{"code":"1212092015","desa":"Jangga Dolok","kecamatan":"Lumban Julu","kecCode":"121209"},"geometry":{"type":"Polygon","coordinates":[[[99.10417482730651,2.5745333248936433],[99.10927896105528,2.573322912064662],[99.09287272429685,2.5347660765772586],[99.0653740650611,2.53674593675752],[99.07476458172009,2.5770068760044227],[99.08386669209419,2.585366668865417],[99.08689169399655,2.5810006267110586],[99.07265513642544,2.5586005794112445],[99.08454886923498,2.545680301976514],[99.10417482730651,2.5745333248936433]]]}},{"type":"Feature","properties":{"code":"1212092016","desa":"Hutanamora","kecamatan":"Lumban Julu","kecCode":"121209"},"geometry":{"type":"Polygon","coordinates":[[[99.04154621898287,2.57396517189639],[99.04296980980894,2.5563747942218344],[99.03610224492274,2.5547137095323467],[99.04089157458657,2.548258639394043],[99.03167831790012,2.5409319310411584],[99.03493148769803,2.535894926292675],[99.01745017708407,2.526493526048604],[99.00578651243768,2.502339085799815],[98.99032783466191,2.5199604001526863],[99.04154621898287,2.57396517189639]]]}},{"type":"Feature","properties":{"code":"1212092017","desa":"Jonggi Nihuta","kecamatan":"Lumban Julu","kecCode":"121209"},"geometry":{"type":"Polygon","coordinates":[[[98.97102120966115,2.534736060804722],[98.9859388795757,2.557021179243783],[98.99814879782883,2.5626225724273954],[99.01002051523466,2.5378649955538277],[98.99979972827492,2.5349864932159325],[98.99021484833662,2.5197199466188147],[98.97102120966115,2.534736060804722]]]}},{"type":"Feature","properties":{"code":"1212092018","desa":"Aek Natolu Jaya","kecamatan":"Lumban Julu","kecCode":"121209"},"geometry":{"type":"Polygon","coordinates":[[[99.0422962643612,2.633715035896037],[99.05143910593006,2.6244833107421255],[99.04484548083434,2.610055774056477],[99.03059053572468,2.607218297890936],[99.03147093693421,2.6007223688541816],[99.02077974878641,2.5943166625028784],[98.99829430094125,2.5912358684628636],[98.99829305627956,2.6111244411406043],[99.02988972193315,2.6207666645399823],[99.0422962643612,2.633715035896037]]]}},{"type":"Feature","properties":{"code":"1212102001","desa":"Dolok Saribu Janji Matogu","kecamatan":"Uluan","kecCode":"121210"},"geometry":{"type":"Polygon","coordinates":[[[99.08157412594522,2.4854804846747145],[99.08540077272754,2.477789058065119],[99.07804710988627,2.4740967996781595],[99.0803562847148,2.467182440375487],[99.10225699786223,2.4496826334241826],[99.10266409577144,2.4313255063645407],[99.10907068076739,2.4275463563808675],[99.10329880309735,2.4255131574101445],[99.08417141208103,2.4429365345781604],[99.0712403445663,2.443871609171133],[99.06165896658808,2.4594961183177952],[99.07814996444938,2.4691805990613696],[99.06591668990335,2.48570202996255],[99.08157412594522,2.4854804846747145]]]}},{"type":"Feature","properties":{"code":"1212102002","desa":"Dolok Nagodang","kecamatan":"Uluan","kecCode":"121210"},"geometry":{"type":"Polygon","coordinates":[[[99.08388543306636,2.481439468299355],[99.09570711039487,2.484581954932396],[99.10036866168446,2.4705733935017697],[99.10987999506581,2.472826911085048],[99.11939041293725,2.460716347246887],[99.10061918942408,2.449209685356545],[99.0803562847148,2.467182440375487],[99.08388543306636,2.481439468299355]]]}},{"type":"Feature","properties":{"code":"1212102003","desa":"Lumban Binanga","kecamatan":"Uluan","kecCode":"121210"},"geometry":{"type":"Polygon","coordinates":[[[99.10279872428174,2.4478515669756065],[99.12467552805322,2.456312503889013],[99.12799435285717,2.4431135715186287],[99.1155768917602,2.442386162077032],[99.10279872428174,2.4478515669756065]]]}},{"type":"Feature","properties":{"code":"1212102004","desa":"Partor Janji Matogu","kecamatan":"Uluan","kecCode":"121210"},"geometry":{"type":"Polygon","coordinates":[[[99.12593269303942,2.400465009583838],[99.11556434621764,2.3982944463653353],[99.10433450643238,2.4266617562376362],[99.11093229359051,2.427896928301822],[99.1136748364246,2.419651243220563],[99.13243293792982,2.4115772225299397],[99.12593269303942,2.400465009583838]]]}},{"type":"Feature","properties":{"code":"1212102005","desa":"Parhabinsaran Janji Matogu","kecamatan":"Uluan","kecCode":"121210"},"geometry":{"type":"Polygon","coordinates":[[[99.13198661788817,2.425905224949592],[99.11565994235254,2.432181551234137],[99.11084320584933,2.4417919934917407],[99.12994262255403,2.442515138348125],[99.13198661788817,2.425905224949592]]]}},{"type":"Feature","properties":{"code":"1212102006","desa":"Parik","kecamatan":"Uluan","kecCode":"121210"},"geometry":{"type":"Polygon","coordinates":[[[99.06580877395584,2.4855383191761313],[99.07793504086948,2.4682932991533675],[99.04200935364882,2.448503490921997],[99.0519821309706,2.461735965306704],[99.05351158639064,2.4805392963949164],[99.06580877395584,2.4855383191761313]]]}},{"type":"Feature","properties":{"code":"1212102007","desa":"Sibuntuon","kecamatan":"Uluan","kecCode":"121210"},"geometry":{"type":"Polygon","coordinates":[[[99.11556434621764,2.3982944463653353],[99.09126974480294,2.3853920141779867],[99.09633885895124,2.415928868336967],[99.07460213627962,2.440367140918386],[99.05848503065972,2.4454898798359905],[99.03254127495995,2.440965649631942],[99.06299197589901,2.459005028226627],[99.0712403445663,2.443871609171133],[99.08765187383494,2.441228855114202],[99.10221172688972,2.428446920389689],[99.11556434621764,2.3982944463653353]]]}},{"type":"Feature","properties":{"code":"1212102008","desa":"Sigaol Barat","kecamatan":"Uluan","kecCode":"121210"},"geometry":{"type":"Polygon","coordinates":[[[99.06004905691849,2.371492383130111],[99.02279472389745,2.3889408082156858],[99.04935380473438,2.396296983754676],[99.04695878781786,2.410318990949184],[99.05774593362798,2.4330063239783],[99.07181669668323,2.4193277336986134],[99.05247226508304,2.4138427667469347],[99.05839123406827,2.406393277552555],[99.06004905691849,2.371492383130111]]]}},{"type":"Feature","properties":{"code":"1212102009","desa":"Marom","kecamatan":"Uluan","kecCode":"121210"},"geometry":{"type":"Polygon","coordinates":[[[99.09633885895124,2.415928868336967],[99.08815956091507,2.3826885190107916],[99.0742671927768,2.405879516451879],[99.07616707535034,2.4145849781300823],[99.06922296466814,2.4238197034222937],[99.06144790199913,2.4243842510374343],[99.05774593362798,2.4330063239783],[99.06216538382546,2.4431526740411535],[99.07460213627962,2.440367140918386],[99.09633885895124,2.415928868336967]]]}},{"type":"Feature","properties":{"code":"1212102010","desa":"Sigaol Timur","kecamatan":"Uluan","kecCode":"121210"},"geometry":{"type":"Polygon","coordinates":[[[99.08650398277261,2.3803081484557334],[99.06004905691849,2.371492383130111],[99.05454421224567,2.41706553855685],[99.07585793789359,2.415094078943836],[99.07415374689793,2.406209488502103],[99.08650398277261,2.3803081484557334]]]}},{"type":"Feature","properties":{"code":"1212102012","desa":"Siregar Aek Nalas","kecamatan":"Uluan","kecCode":"121210"},"geometry":{"type":"Polygon","coordinates":[[[99.01884540239347,2.439147036995046],[99.06216538382546,2.4431526740411535],[99.04695878781786,2.410318990949184],[99.04935380473438,2.396296983754676],[99.02279472389745,2.3889408082156858],[98.99073767010742,2.4017544620287397],[99.01884540239347,2.439147036995046]]]}},{"type":"Feature","properties":{"code":"1212102014","desa":"Lumban Holbung","kecamatan":"Uluan","kecCode":"121210"},"geometry":{"type":"Polygon","coordinates":[[[99.135861719243,2.4582547328376134],[99.13198661788817,2.425905224949592],[99.12564907924167,2.4572102835967793],[99.135861719243,2.4582547328376134]]]}},{"type":"Feature","properties":{"code":"1212102015","desa":"Parbagasan Janji Matogu","kecamatan":"Uluan","kecCode":"121210"},"geometry":{"type":"Polygon","coordinates":[[[99.11531023108233,2.4277167913982285],[99.10266409577144,2.4313255063645407],[99.10279872428174,2.4478515669756065],[99.11475638899623,2.443087974115313],[99.11035713397462,2.438994824040943],[99.11531023108233,2.4277167913982285]]]}},{"type":"Feature","properties":{"code":"1212102016","desa":"Partoruan Janji Matogu","kecamatan":"Uluan","kecCode":"121210"},"geometry":{"type":"Polygon","coordinates":[[[99.13204002412789,2.4245471920042165],[99.13243293792982,2.4115772225299397],[99.1116123087611,2.424481569373927],[99.11900148043401,2.4339040263444165],[99.13204002412789,2.4245471920042165]]]}},{"type":"Feature","properties":{"code":"1212102017","desa":"Lumban Nabolon","kecamatan":"Uluan","kecCode":"121210"},"geometry":{"type":"Polygon","coordinates":[[[99.1377071055985,2.463676472053539],[99.135861719243,2.4582547328376134],[99.11155619376335,2.4543599732063885],[99.1252347606757,2.4656691898410803],[99.1377071055985,2.463676472053539]]]}},{"type":"Feature","properties":{"code":"1212102018","desa":"Sampuara","kecamatan":"Uluan","kecCode":"121210"},"geometry":{"type":"Polygon","coordinates":[[[99.07375878893701,2.497819273964902],[99.08068455794601,2.4841955378333274],[99.05472637442273,2.4822428722524457],[99.05057810399637,2.4583349928334925],[99.03254127495995,2.440965649631942],[99.01884540239347,2.439147036995046],[99.01859474155411,2.483686444214112],[99.01030522800392,2.4979695776583233],[99.03587531989018,2.5119266484052654],[99.0577966472975,2.4968797036609915],[99.07375878893701,2.497819273964902]]]}},{"type":"Feature","properties":{"code":"1212102019","desa":"Dolok Saribu Lumban Nabolon","kecamatan":"Uluan","kecCode":"121210"},"geometry":{"type":"Polygon","coordinates":[[[99.10987999506581,2.472826911085048],[99.12338348825745,2.4756616721972633],[99.13518860187251,2.4634345598193224],[99.11939041293725,2.460716347246887],[99.10987999506581,2.472826911085048]]]}},{"type":"Feature","properties":{"code":"1212191007","desa":"Sigumpar Dangsina","kecamatan":"Sigumpar","kecCode":"121219"},"geometry":{"type":"Polygon","coordinates":[[[99.14988735701598,2.3816683217875974],[99.13913459678429,2.3839612233811867],[99.12965583774677,2.4024295785913488],[99.15801369487616,2.395685459153184],[99.14988735701598,2.3816683217875974]]]}},{"type":"Feature","properties":{"code":"1212192001","desa":"Marsangap","kecamatan":"Sigumpar","kecCode":"121219"},"geometry":{"type":"Polygon","coordinates":[[[99.1938840926768,2.391458695903335],[99.19101922136001,2.3824985974833623],[99.1784531517916,2.390005398673027],[99.17500929694154,2.40011976344804],[99.1833832109665,2.4112187248837813],[99.18710548333145,2.394584356220822],[99.1938840926768,2.391458695903335]]]}},{"type":"Feature","properties":{"code":"1212192002","desa":"Nauli","kecamatan":"Sigumpar","kecCode":"121219"},"geometry":{"type":"Polygon","coordinates":[[[99.1833832109665,2.4112187248837813],[99.16750051093987,2.396483059781094],[99.16336891844088,2.4106291095659285],[99.154591308642,2.4132063956759464],[99.17231221843416,2.417373658880006],[99.1833832109665,2.4112187248837813]]]}},{"type":"Feature","properties":{"code":"1212192003","desa":"Situa-tua","kecamatan":"Sigumpar","kecCode":"121219"},"geometry":{"type":"Polygon","coordinates":[[[99.12965583774677,2.4024295785913488],[99.13240623525961,2.411375043243],[99.16655738741353,2.4064805594550145],[99.15968066293232,2.397184939268468],[99.12965583774677,2.4024295785913488]]]}},{"type":"Feature","properties":{"code":"1212192004","desa":"Sigumpar","kecamatan":"Sigumpar","kecCode":"121219"},"geometry":{"type":"Polygon","coordinates":[[[99.16499598177921,2.3708057867215713],[99.15684381359118,2.3938408147404173],[99.16618729840512,2.4004459907212192],[99.1673656432099,2.374381425522313],[99.16499598177921,2.3708057867215713]]]}},{"type":"Feature","properties":{"code":"1212192005","desa":"Maju","kecamatan":"Sigumpar","kecCode":"121219"},"geometry":{"type":"Polygon","coordinates":[[[99.18790969037997,2.386857770615865],[99.19175256542859,2.36927058553469],[99.18506421474176,2.3690348174686777],[99.17929819255761,2.3886177006906437],[99.18790969037997,2.386857770615865]]]}},{"type":"Feature","properties":{"code":"1212192005","desa":"Maju","kecamatan":"Sigumpar","kecCode":"121219"},"geometry":{"type":"Polygon","coordinates":[[[99.1657437383829,2.3961971410212883],[99.17012122171707,2.394878850915714],[99.16612445288125,2.394138907622785],[99.1657437383829,2.3961971410212883]]]}},{"type":"Feature","properties":{"code":"1212192006","desa":"Dolok Jior","kecamatan":"Sigumpar","kecCode":"121219"},"geometry":{"type":"Polygon","coordinates":[[[99.16250474639696,2.3786111736220947],[99.14988735701598,2.3816683217875974],[99.15684711859971,2.393458557905148],[99.16178350720317,2.3865657400634146],[99.16250474639696,2.3786111736220947]]]}},{"type":"Feature","properties":{"code":"1212192008","desa":"Sigumpar Julu","kecamatan":"Sigumpar","kecCode":"121219"},"geometry":{"type":"Polygon","coordinates":[[[99.17676421509651,2.3630677977130716],[99.16499598177921,2.3708057867215713],[99.16612445288125,2.394138907622785],[99.17272137758954,2.388257287488579],[99.17676421509651,2.3630677977130716]]]}},{"type":"Feature","properties":{"code":"1212192009","desa":"Sigumpar Barat","kecamatan":"Sigumpar","kecCode":"121219"},"geometry":{"type":"Polygon","coordinates":[[[99.15005392404942,2.4020026928996123],[99.1558488972089,2.3944698212631423],[99.13000297515725,2.402322766112029],[99.15005392404942,2.4020026928996123]]]}},{"type":"Feature","properties":{"code":"1212192010","desa":"Banua Huta","kecamatan":"Sigumpar","kecCode":"121219"},"geometry":{"type":"Polygon","coordinates":[[[99.1811991992837,2.359617659303685],[99.16740782141385,2.3946530959013868],[99.17139023167391,2.39993344010809],[99.18547836243651,2.3697138038141055],[99.1811991992837,2.359617659303685]]]}},{"type":"Feature","properties":{"code":"1212202001","desa":"Narumonda I","kecamatan":"Siantar Narumonda","kecCode":"121220"},"geometry":{"type":"Polygon","coordinates":[[[99.17602316743529,2.4382661960179783],[99.18984977894422,2.4277702956640055],[99.18222233009652,2.4192985381077268],[99.17268181731208,2.4218754042343584],[99.1807626099066,2.4309208177394677],[99.17602316743529,2.4382661960179783]]]}},{"type":"Feature","properties":{"code":"1212202002","desa":"Narumonda II","kecamatan":"Siantar Narumonda","kecCode":"121220"},"geometry":{"type":"Polygon","coordinates":[[[99.17848546533202,2.432453190558534],[99.17921258339406,2.4253789551786484],[99.16954058343121,2.4266426960062484],[99.17508671957648,2.428101410752488],[99.17848546533202,2.432453190558534]]]}},{"type":"Feature","properties":{"code":"1212202003","desa":"Narumonda III","kecamatan":"Siantar Narumonda","kecCode":"121220"},"geometry":{"type":"Polygon","coordinates":[[[99.17070851228806,2.4387376008489614],[99.17822015543588,2.43405337765573],[99.17508671957648,2.428101410752488],[99.1647120604133,2.432285482285572],[99.17070851228806,2.4387376008489614]]]}},{"type":"Feature","properties":{"code":"1212202004","desa":"Narumonda IV","kecamatan":"Siantar Narumonda","kecCode":"121220"},"geometry":{"type":"Polygon","coordinates":[[[99.14337730411931,2.4201602909743514],[99.16695334182332,2.431009627590061],[99.16853465934712,2.420784799987585],[99.14337730411931,2.4201602909743514]]]}},{"type":"Feature","properties":{"code":"1212202005","desa":"Narumonda V","kecamatan":"Siantar Narumonda","kecCode":"121220"},"geometry":{"type":"Polygon","coordinates":[[[99.13462638889676,2.4179744689586897],[99.16790606471318,2.4205287594040787],[99.1660546915708,2.4290419784045705],[99.17669105704668,2.419104495886668],[99.14694404593102,2.4110126470357884],[99.13240623525961,2.411375043243],[99.13462638889676,2.4179744689586897]]]}},{"type":"Feature","properties":{"code":"1212202006","desa":"Narumonda VI","kecamatan":"Siantar Narumonda","kecCode":"121220"},"geometry":{"type":"Polygon","coordinates":[[[99.18271556956796,2.4112822305099937],[99.17507525142179,2.4165236313742335],[99.17669105704668,2.419104495886668],[99.18258281884208,2.419484136594096],[99.18271556956796,2.4112822305099937]]]}},{"type":"Feature","properties":{"code":"1212202007","desa":"Narumonda VII","kecamatan":"Siantar Narumonda","kecCode":"121220"},"geometry":{"type":"Polygon","coordinates":[[[99.19083118661001,2.4079762732095458],[99.18739101987971,2.4048788561008028],[99.18271556956796,2.4112822305099937],[99.18799326707567,2.420920835037432],[99.19071060461079,2.4153244573728507],[99.18525678027623,2.41456721472103],[99.19083118661001,2.4079762732095458]]]}},{"type":"Feature","properties":{"code":"1212202008","desa":"Narumonda VIII","kecamatan":"Siantar Narumonda","kecCode":"121220"},"geometry":{"type":"Polygon","coordinates":[[[99.20546736962346,2.4141828633647164],[99.19431503431143,2.4078268985157893],[99.18525678027623,2.41456721472103],[99.19808114323024,2.4191444428726014],[99.20546736962346,2.4141828633647164]]]}},{"type":"Feature","properties":{"code":"1212202009","desa":"Siantar Sitio Tio","kecamatan":"Siantar Narumonda","kecCode":"121220"},"geometry":{"type":"Polygon","coordinates":[[[99.18641213121492,2.429187798977564],[99.19753985298188,2.429306392575636],[99.18403114642034,2.4174974253785098],[99.18982693526493,2.4259047968723477],[99.18641213121492,2.429187798977564]]]}},{"type":"Feature","properties":{"code":"1212202010","desa":"Siantar Dangsina","kecamatan":"Siantar Narumonda","kecCode":"121220"},"geometry":{"type":"Polygon","coordinates":[[[99.21296378455104,2.425383795329892],[99.20502126092252,2.4183786512654355],[99.18979409921836,2.4174875292387648],[99.19746464987378,2.429735897093202],[99.21296378455104,2.425383795329892]]]}},{"type":"Feature","properties":{"code":"1212202011","desa":"Siantar Tonga-tonga I","kecamatan":"Siantar Narumonda","kecCode":"121220"},"geometry":{"type":"Polygon","coordinates":[[[99.21993903335976,2.4384765231626204],[99.20457658843883,2.4351542656501004],[99.19173491893145,2.434814734705885],[99.19428599070595,2.442685437567935],[99.21054358481865,2.4505802845288565],[99.22016018294612,2.4477164753146],[99.21993903335976,2.4384765231626204]]]}},{"type":"Feature","properties":{"code":"1212202012","desa":"Siantar Tonga-Tonga II","kecamatan":"Siantar Narumonda","kecCode":"121220"},"geometry":{"type":"Polygon","coordinates":[[[99.19210216158552,2.4340638205833303],[99.2173619675808,2.4345785376632865],[99.21266052056664,2.426829644374952],[99.20068396829055,2.427221658854453],[99.19310957764498,2.4313965456114652],[99.19210216158552,2.4340638205833303]]]}},{"type":"Feature","properties":{"code":"1212202013","desa":"Siantar Sigordang","kecamatan":"Siantar Narumonda","kecCode":"121220"},"geometry":{"type":"Polygon","coordinates":[[[99.2284191294393,2.4344655162645834],[99.20958585989956,2.4542287495295225],[99.21302678925497,2.4629246181394415],[99.23349763071114,2.463401913529769],[99.23545373889897,2.447973012323853],[99.2284191294393,2.4344655162645834]]]}},{"type":"Feature","properties":{"code":"1212202014","desa":"Siantar Tonga-Tonga III","kecamatan":"Siantar Narumonda","kecCode":"121220"},"geometry":{"type":"Polygon","coordinates":[[[99.19254596262613,2.4376184557177507],[99.19694161406431,2.4538859981130665],[99.20872781583607,2.454041139259723],[99.20820945740057,2.458171971827112],[99.21326926626368,2.454057428679953],[99.21439569230739,2.448999537176977],[99.19254596262613,2.4376184557177507]]]}},{"type":"Feature","properties":{"code":"1212212001","desa":"Lumban Rau Tengah","kecamatan":"Nassau","kecCode":"121221"},"geometry":{"type":"Polygon","coordinates":[[[99.41420293032104,2.2791333275056616],[99.41545452040987,2.2688757268092394],[99.40843510859344,2.26366470684237],[99.38960422765302,2.265346569468385],[99.39339767326406,2.2823656627062103],[99.41420293032104,2.2791333275056616]]]}},{"type":"Feature","properties":{"code":"1212212002","desa":"Lumban Rau Timur","kecamatan":"Nassau","kecCode":"121221"},"geometry":{"type":"Polygon","coordinates":[[[99.57030654690963,2.3420472007131994],[99.58188446029965,2.337443732143018],[99.5864562988192,2.314833161646434],[99.56205005376705,2.3016940656684013],[99.55725306098003,2.30997458958636],[99.55018615686572,2.3071925611215907],[99.54490661574776,2.2919018245601106],[99.54758453419896,2.2681360218366713],[99.53570556555944,2.2564852211055872],[99.53823852498799,2.2498652917466044],[99.52315521164375,2.241985318673008],[99.50174713092541,2.247343060333575],[99.47562720433206,2.2391793106852096],[99.49056733031807,2.2845396676302374],[99.50145331701702,2.293259210892943],[99.53131237556572,2.345043781337644],[99.56069703723851,2.3340153267502166],[99.57030654690963,2.3420472007131994]]]}},{"type":"Feature","properties":{"code":"1212212003","desa":"Lumban Rau Utara","kecamatan":"Nassau","kecCode":"121221"},"geometry":{"type":"Polygon","coordinates":[[[99.41493841207811,2.2790979814513075],[99.3819921832927,2.290115563235194],[99.39493883066257,2.3056094233717284],[99.41208231544657,2.3073917555586005],[99.42661150881412,2.313840855997176],[99.42784131732297,2.3220290869902533],[99.43970555057074,2.3242603643393633],[99.43399332043543,2.3071933516256826],[99.4369411470164,2.286550651547809],[99.41493841207811,2.2790979814513075]]]}},{"type":"Feature","properties":{"code":"1212212004","desa":"Sipagabu","kecamatan":"Nassau","kecCode":"121221"},"geometry":{"type":"Polygon","coordinates":[[[99.38852899191949,2.3369500142328232],[99.37707920044483,2.355607140737541],[99.42026451559495,2.382946971576069],[99.42453599763824,2.3934430526937382],[99.44899236820326,2.4012368590243085],[99.47079121963912,2.4203288778849354],[99.50176238972256,2.3945114580752125],[99.51637268125427,2.396813628081813],[99.51789856007055,2.406531093259993],[99.51115417532498,2.4135289159437354],[99.5182724001512,2.423019644947251],[99.5123748781981,2.4384646395211615],[99.52366638179812,2.4590930916399234],[99.528236389298,2.44916963314991],[99.5206603996578,2.4422287915110332],[99.53023529082606,2.422674414099864],[99.52419280985038,2.378370044697365],[99.51786804157689,2.370066640227968],[99.51912546376917,2.349546977298376],[99.5150013149588,2.3582288479606546],[99.49492925268294,2.367198809245504],[99.47998550602637,2.358752344222444],[99.4365349376373,2.3538306532445614],[99.41355080582507,2.334420026167138],[99.38852899191949,2.3369500142328232]]]}},{"type":"Feature","properties":{"code":"1212212005","desa":"Napajoring","kecamatan":"Nassau","kecCode":"121221"},"geometry":{"type":"Polygon","coordinates":[[[99.43785994478071,2.30213699616473],[99.43399332043543,2.3071933516256826],[99.44047321456723,2.330880022103076],[99.51578615420772,2.3575510325325486],[99.51681661539452,2.3471945774576284],[99.49072528094699,2.3418234188114564],[99.46430848994491,2.3112671545848045],[99.43785994478071,2.30213699616473]]]}},{"type":"Feature","properties":{"code":"1212212006","desa":"Liat Tondung","kecamatan":"Nassau","kecCode":"121221"},"geometry":{"type":"Polygon","coordinates":[[[99.39881749693,2.3084139978401366],[99.3896093169165,2.322482598010422],[99.39319728362779,2.335568862415682],[99.4058651537539,2.339036587966958],[99.41355080582507,2.334420026167138],[99.4365349376373,2.3538306532445614],[99.47998550602637,2.358752344222444],[99.49054358731676,2.366467865468284],[99.50680739844272,2.358486465055735],[99.44047321456723,2.330880022103076],[99.42645959803205,2.320865954219154],[99.42648546343342,2.31375956627752],[99.39881749693,2.3084139978401366]]]}},{"type":"Feature","properties":{"code":"1212212007","desa":"Batu Manumpak","kecamatan":"Nassau","kecCode":"121221"},"geometry":{"type":"Polygon","coordinates":[[[99.37925311004305,2.2828010748702874],[99.39339767326406,2.2823656627062103],[99.38886183640466,2.2669455676618377],[99.39696390066354,2.2641250338243517],[99.39503534770317,2.2575922235905583],[99.40467556202765,2.246285123060686],[99.41010413160046,2.2138050794773028],[99.41583364130958,2.2172445267461898],[99.4203894530109,2.2126174833479637],[99.41250151193525,2.1946097420036264],[99.39434202886162,2.2021104502864253],[99.38442804022196,2.2529888863214325],[99.3759813503591,2.2613573729285785],[99.37925311004305,2.2828010748702874]]]}},{"type":"Feature","properties":{"code":"1212212008","desa":"Lumban Rau Tenggara","kecamatan":"Nassau","kecCode":"121221"},"geometry":{"type":"Polygon","coordinates":[[[99.39696390066354,2.2641250338243517],[99.414574118301,2.2676146129013297],[99.41420293032104,2.2791333275056616],[99.42300079465097,2.285010141662849],[99.4534843873946,2.2895013235803963],[99.45588526699152,2.2700410809057545],[99.44363104183918,2.255764313762415],[99.4370932691391,2.2305276851226643],[99.44713378969271,2.2236171992000298],[99.42749786443493,2.2180089927526776],[99.42136337382071,2.2099852405671037],[99.41583364130958,2.2172445267461898],[99.41010413160046,2.2138050794773028],[99.39696390066354,2.2641250338243517]]]}},{"type":"Feature","properties":{"code":"1212212009","desa":"Cinta Damai","kecamatan":"Nassau","kecCode":"121221"},"geometry":{"type":"Polygon","coordinates":[[[99.53131237556572,2.345043781337644],[99.50145331701702,2.293259210892943],[99.49056733031807,2.2845396676302374],[99.47285461424912,2.2344779940779143],[99.44713378969271,2.2236171992000298],[99.43937755163279,2.2274343869089197],[99.44363104183918,2.255764313762415],[99.45588526699152,2.2700410809057545],[99.45354711600663,2.2896549268863846],[99.49571711275462,2.3071054968550775],[99.51538692806433,2.3389569610937606],[99.5159885637213,2.3525559793588484],[99.53131237556572,2.345043781337644]]]}},{"type":"Feature","properties":{"code":"1212212010","desa":"Siantarasa","kecamatan":"Nassau","kecCode":"121221"},"geometry":{"type":"Polygon","coordinates":[[[99.4369411470164,2.286550651547809],[99.43785994478071,2.30213699616473],[99.46430848994491,2.3112671545848045],[99.49072528094699,2.3418234188114564],[99.513472156315,2.346096038492426],[99.51538692806433,2.3389569610937606],[99.49266188463831,2.304578509827009],[99.44492762590924,2.284465137215066],[99.4369411470164,2.286550651547809]]]}},{"type":"Feature","properties":{"code":"1212222001","desa":"Lintong Nihuta","kecamatan":"Tampahan","kecCode":"121222"},"geometry":{"type":"Polygon","coordinates":[[[98.99580012117872,2.3496471320965964],[98.99176597561933,2.3767261469515115],[99.01266670200675,2.360334393792589],[99.02008936623132,2.3457914210286095],[99.03498273376617,2.344091556673198],[99.03585081965967,2.3385449052225176],[99.03106468798501,2.329412823152625],[99.0091072599921,2.3247451771626575],[98.99580012117872,2.3496471320965964]]]}},{"type":"Feature","properties":{"code":"1212222002","desa":"Tarabunga","kecamatan":"Tampahan","kecCode":"121222"},"geometry":{"type":"Polygon","coordinates":[[[98.99176597561933,2.3767261469515115],[98.98164558357688,2.3944911927522696],[98.99073767010742,2.4017544620287397],[99.05788612444512,2.3705997439471265],[99.03537850831157,2.343133244497892],[99.02019162634251,2.3457041625085666],[99.01266670200675,2.360334393792589],[98.99176597561933,2.3767261469515115]]]}},{"type":"Feature","properties":{"code":"1212222003","desa":"Meat","kecamatan":"Tampahan","kecCode":"121222"},"geometry":{"type":"Polygon","coordinates":[[[98.9909270700283,2.2987535451830117],[98.98701110977498,2.3391444409618627],[98.9958667762308,2.349729535176925],[98.99691963233522,2.3392314881412166],[99.00762977909108,2.3326604432306723],[99.01310270592516,2.308660333839505],[99.00787134958318,2.2973938574850483],[98.9909270700283,2.2987535451830117]]]}},{"type":"Feature","properties":{"code":"1212222004","desa":"Gurgur Aek Raja","kecamatan":"Tampahan","kecCode":"121222"},"geometry":{"type":"Polygon","coordinates":[[[99.03538458233264,2.325150788492106],[99.03294839805017,2.2908524137596133],[99.01467542593024,2.295083286011938],[99.00947332363506,2.3256060064255686],[99.03106468798501,2.329412823152625],[99.03538458233264,2.325150788492106]]]}},{"type":"Feature","properties":{"code":"1212222005","desa":"Tangga Batu Barat","kecamatan":"Tampahan","kecCode":"121222"},"geometry":{"type":"Polygon","coordinates":[[[98.99869255491751,2.2706498445885717],[98.99852297965185,2.2795417150422765],[98.9909270700283,2.2987535451830117],[99.00888193305485,2.2961682515095023],[99.00860057385745,2.279869361445699],[98.99869255491751,2.2706498445885717]]]}},{"type":"Feature","properties":{"code":"1212222006","desa":"Tangga Batu Timur","kecamatan":"Tampahan","kecCode":"121222"},"geometry":{"type":"Polygon","coordinates":[[[99.04464334201668,2.2845985705262066],[99.01999345173645,2.285560611290719],[98.99863610986864,2.2696138867465745],[99.00860057385745,2.279869361445699],[99.0100830612843,2.300801865354567],[99.02149382398086,2.2914388104038395],[99.03294839805017,2.2908524137596133],[99.03387290740879,2.2957808136799387],[99.04464334201668,2.2845985705262066]]]}},{"type":"Feature","properties":{"code":"1212232001","desa":"Sihiong","kecamatan":"Bonatua Lunasi","kecCode":"121223"},"geometry":{"type":"Polygon","coordinates":[[[99.0926883219086,2.5251065736042064],[99.09709303221774,2.54758495455205],[99.10880712544855,2.5480766588802135],[99.12303677622627,2.537249022905483],[99.12380118197903,2.522371451079282],[99.1140040620379,2.5299354221714436],[99.0926883219086,2.5251065736042064]]]}},{"type":"Feature","properties":{"code":"1212232002","desa":"Sinar Sabungan","kecamatan":"Bonatua Lunasi","kecCode":"121223"},"geometry":{"type":"Polygon","coordinates":[[[99.09132485525792,2.521286940638707],[99.1140040620379,2.5299354221714436],[99.12484616721689,2.518071695254928],[99.1145960812442,2.515459040607504],[99.09132485525792,2.521286940638707]]]}},{"type":"Feature","properties":{"code":"1212232003","desa":"Lumban Lobu","kecamatan":"Bonatua Lunasi","kecCode":"121223"},"geometry":{"type":"Polygon","coordinates":[[[99.13278878257631,2.519537976896912],[99.13867108530239,2.513198077536975],[99.13525605732127,2.503378607655131],[99.12803013778067,2.513109232612882],[99.13278878257631,2.519537976896912]]]}},{"type":"Feature","properties":{"code":"1212232004","desa":"Harungguan","kecamatan":"Bonatua Lunasi","kecCode":"121223"},"geometry":{"type":"Polygon","coordinates":[[[99.13525605732127,2.503378607655131],[99.13763496108463,2.5130906490221028],[99.14371145801742,2.505363766640785],[99.16987125155708,2.516991240756737],[99.15149192741058,2.5025805834465227],[99.13525605732127,2.503378607655131]]]}},{"type":"Feature","properties":{"code":"1212232005","desa":"Naga Timbul","kecamatan":"Bonatua Lunasi","kecCode":"121223"},"geometry":{"type":"Polygon","coordinates":[[[99.1831876605821,2.5364431925815643],[99.19239481536852,2.5327364362238938],[99.1985011419142,2.5171613484208453],[99.17726862774502,2.50986768295855],[99.14170398235296,2.485233069488939],[99.13810970689751,2.4995662214266474],[99.14878093459252,2.4949354503384886],[99.16396149342826,2.5055073200229514],[99.1831876605821,2.5364431925815643]]]}},{"type":"Feature","properties":{"code":"1212232006","desa":"Sibadihon","kecamatan":"Bonatua Lunasi","kecCode":"121223"},"geometry":{"type":"Polygon","coordinates":[[[99.1985011419142,2.5171613484208453],[99.2008546955878,2.5131151213735703],[99.16902303438559,2.4964468878396833],[99.15553644485112,2.4805528356883206],[99.13763338097579,2.480771744163883],[99.14031342542431,2.4898853910312475],[99.14519375568733,2.4848426090379796],[99.1474134353818,2.4930774276110137],[99.1985011419142,2.5171613484208453]]]}},{"type":"Feature","properties":{"code":"1212232007","desa":"Silamosik II","kecamatan":"Bonatua Lunasi","kecCode":"121223"},"geometry":{"type":"Polygon","coordinates":[[[99.13672980873372,2.4865350962546513],[99.12882781665047,2.49980282316414],[99.13727050003358,2.503436128293129],[99.14049616766407,2.489938691150876],[99.13672980873372,2.4865350962546513]]]}},{"type":"Feature","properties":{"code":"1212232011","desa":"Partoruan Lumban Lobu","kecamatan":"Bonatua Lunasi","kecCode":"121223"},"geometry":{"type":"Polygon","coordinates":[[[99.12021012339851,2.496028355051111],[99.08915610956689,2.510104344051382],[99.09132485525792,2.521286940638707],[99.12484616721689,2.518071695254928],[99.13673599337147,2.5020843888033952],[99.12021012339851,2.496028355051111]]]}},{"type":"Feature","properties":{"code":"1212232012","desa":"Pardolok Lumban Lobu","kecamatan":"Bonatua Lunasi","kecCode":"121223"},"geometry":{"type":"Polygon","coordinates":[[[99.11392476521581,2.570035649870841],[99.15686899460847,2.5638340743353396],[99.14769100843337,2.5549421355331385],[99.14863986423842,2.527127022886328],[99.12962928436406,2.5154353137939927],[99.11874138930374,2.5436878512876517],[99.09709303221774,2.54758495455205],[99.11172195860154,2.559530919073702],[99.11392476521581,2.570035649870841]]]}},{"type":"Feature","properties":{"code":"1212232013","desa":"Silombu","kecamatan":"Bonatua Lunasi","kecCode":"121223"},"geometry":{"type":"Polygon","coordinates":[[[99.10927896105528,2.573322912064662],[99.11197894077553,2.5602733103211945],[99.10398125992724,2.555227607329952],[99.10321844867252,2.560919484002495],[99.10927896105528,2.573322912064662]]]}},{"type":"Feature","properties":{"code":"1212232014","desa":"Lumban Sangkalan","kecamatan":"Bonatua Lunasi","kecCode":"121223"},"geometry":{"type":"Polygon","coordinates":[[[99.15686899460847,2.5638340743353396],[99.17182565373099,2.5578279052924935],[99.1831876605821,2.5364431925815643],[99.16987125155708,2.516991240756737],[99.14101905058878,2.5053412305297167],[99.1346163380736,2.5157454045317564],[99.14863986423842,2.527127022886328],[99.14769100843337,2.5549421355331385],[99.15686899460847,2.5638340743353396]]]}},{"type":"Feature","properties":{"code":"1212232015","desa":"Nagatimbul Timur","kecamatan":"Bonatua Lunasi","kecCode":"121223"},"geometry":{"type":"Polygon","coordinates":[[[99.1379931727468,2.5002687439292592],[99.15149192741058,2.5025805834465227],[99.16651108491868,2.5107468943641216],[99.14878093459252,2.4949354503384886],[99.1379931727468,2.5002687439292592]]]}},{"type":"Feature","properties":{"code":"1212242001","desa":"Siantar Utara","kecamatan":"Parmaksian","kecCode":"121224"},"geometry":{"type":"Polygon","coordinates":[[[99.21882263115957,2.4952583995828705],[99.23934298209302,2.485521162809432],[99.23349763071114,2.463401913529769],[99.2243606374335,2.466270141113303],[99.21302678925497,2.4629246181394415],[99.20872781583607,2.454041139259723],[99.19694161406431,2.4538859981130665],[99.20959823367161,2.4890809699449674],[99.21882263115957,2.4952583995828705]]]}},{"type":"Feature","properties":{"code":"1212242002","desa":"Lumban Sitorus","kecamatan":"Parmaksian","kecCode":"121224"},"geometry":{"type":"Polygon","coordinates":[[[99.16420869187765,2.4603477951802946],[99.15510226026117,2.4612375142645484],[99.15405665359174,2.471311855611285],[99.16285067421927,2.469726872452575],[99.16559661109477,2.4926397509540417],[99.19053336172531,2.5077731232447245],[99.18028891899847,2.4938563502193443],[99.16740198661243,2.488211737416875],[99.17240339170318,2.4739522030824315],[99.1804622956984,2.47265650214802],[99.16420869187765,2.4603477951802946]]]}},{"type":"Feature","properties":{"code":"1212242003","desa":"Banjar Ganjang","kecamatan":"Parmaksian","kecCode":"121224"},"geometry":{"type":"Polygon","coordinates":[[[99.19694161406431,2.4538859981130665],[99.17329352357729,2.451012929478985],[99.16682526307551,2.4611488572987237],[99.18712051999609,2.462104953544536],[99.19694161406431,2.4538859981130665]]]}},{"type":"Feature","properties":{"code":"1212242004","desa":"Tangga Batu I","kecamatan":"Parmaksian","kecCode":"121224"},"geometry":{"type":"Polygon","coordinates":[[[99.21018016788048,2.4973532866499357],[99.2029716816978,2.4639821372275237],[99.17674163042197,2.468189293458198],[99.18842978720501,2.4885067744029064],[99.21018016788048,2.4973532866499357]]]}},{"type":"Feature","properties":{"code":"1212242005","desa":"Tangga Batu II","kecamatan":"Parmaksian","kecCode":"121224"},"geometry":{"type":"Polygon","coordinates":[[[99.2008546955878,2.5131151213735703],[99.21018016788048,2.4973532866499357],[99.17240339170318,2.4739522030824315],[99.16851152158948,2.4898338553814336],[99.2008546955878,2.5131151213735703]]]}},{"type":"Feature","properties":{"code":"1212242006","desa":"Pangombusan","kecamatan":"Parmaksian","kecCode":"121224"},"geometry":{"type":"Polygon","coordinates":[[[99.19954597336806,2.4616638594637803],[99.18000112425256,2.4600066886237966],[99.17122330760962,2.4654516024695314],[99.19715495483733,2.4688478885755205],[99.19954597336806,2.4616638594637803]]]}},{"type":"Feature","properties":{"code":"1212242007","desa":"Jonggi Manulus","kecamatan":"Parmaksian","kecCode":"121224"},"geometry":{"type":"Polygon","coordinates":[[[99.16946233791663,2.454137588851087],[99.17329352357729,2.451012929478985],[99.19528180191365,2.4507805392666318],[99.17134065744546,2.4466439303538237],[99.16946233791663,2.454137588851087]]]}},{"type":"Feature","properties":{"code":"1212242008","desa":"Lumban Huala","kecamatan":"Parmaksian","kecCode":"121224"},"geometry":{"type":"Polygon","coordinates":[[[99.15684000855958,2.478643718878094],[99.14954623157335,2.473351624129541],[99.16398810077027,2.489694158292223],[99.16473956168147,2.4733966891572403],[99.15684000855958,2.478643718878094]]]}},{"type":"Feature","properties":{"code":"1212242009","desa":"Dolok Nauli","kecamatan":"Parmaksian","kecCode":"121224"},"geometry":{"type":"Polygon","coordinates":[[[99.19594782003593,2.4507895711578978],[99.17982099094604,2.4410719854705523],[99.17134065744546,2.4466439303538237],[99.19594782003593,2.4507895711578978]]]}},{"type":"Feature","properties":{"code":"1212242010","desa":"Bius Gu Barat","kecamatan":"Parmaksian","kecCode":"121224"},"geometry":{"type":"Polygon","coordinates":[[[99.16192955890209,2.440940489299065],[99.16024676457657,2.451040674463441],[99.16682526307551,2.4611488572987237],[99.17225003930794,2.4450507633644687],[99.16192955890209,2.440940489299065]]]}},{"type":"Feature","properties":{"code":"1212242011","desa":"Lumban Manurung","kecamatan":"Parmaksian","kecCode":"121224"},"geometry":{"type":"Polygon","coordinates":[[[99.15420655708698,2.471932059569858],[99.15659440820542,2.478498490059025],[99.16228800258932,2.4782568143465284],[99.16285067421927,2.469726872452575],[99.15420655708698,2.471932059569858]]]}}]}