{"type":"FeatureCollection","features":[{"type":"Feature","properties":{"code":"1218012001","desa":"Pantai Cermin Kanan","kecamatan":"Pantai Cermin","kecCode":"121801","kabCode":"1218","province":"Sumatera Utara"},"geometry":{"type":"Polygon","coordinates":[[[98.99142776128224,3.6501174924046795],[98.98061236596799,3.641643627736629],[98.97624551531834,3.633994328968652],[98.96941370298009,3.635989873325465],[98.96925762384035,3.640498871712164],[98.97679286609791,3.6409798947923897],[98.97567451956347,3.6466453907522407],[98.97860278768853,3.655897519724907],[98.99142776128224,3.6501174924046795]]]}},{"type":"Feature","properties":{"code":"1218012002","desa":"Pantai Cermin Kiri","kecamatan":"Pantai Cermin","kecCode":"121801","kabCode":"1218","province":"Sumatera Utara"},"geometry":{"type":"Polygon","coordinates":[[[98.9786337792256,3.636906932699256],[98.98061236596799,3.641643627736629],[98.99142776128224,3.6501174924046795],[98.99573834584805,3.645829781200351],[99.00472443378565,3.6436006181573064],[98.99940568762246,3.63356038899478],[98.99549792738748,3.631307970382984],[98.99562399974786,3.6267037229997814],[98.99162650425984,3.6264324649879165],[98.98917090181573,3.6230131787205617],[98.98815506990064,3.6277867747400783],[98.9808469793047,3.6318141241184425],[98.9786337792256,3.636906932699256]]]}},{"type":"Feature","properties":{"code":"1218012003","desa":"Kota Pari","kecamatan":"Pantai Cermin","kecCode":"121801","kabCode":"1218","province":"Sumatera Utara"},"geometry":{"type":"MultiPolygon","coordinates":[[[[98.94609989859151,3.6487025098907746],[98.94330453137907,3.675813973185151],[98.9529696542262,3.6758653991176824],[98.9548282857968,3.6807007497834054],[98.96120483073837,3.666408906404791],[98.96850449918333,3.6600754021237565],[98.97860278768853,3.655897519724907],[98.97567451956347,3.6466453907522407],[98.97679286609791,3.6409798947923897],[98.96925762384035,3.640498871712164],[98.96941370298009,3.635989873325465],[98.94543789144556,3.6361474390443234],[98.94356017985847,3.6406980715451733],[98.94609989859151,3.6487025098907746]]],[[[98.95232010898587,3.6761241421639657],[98.95135274693178,3.67648313983316],[98.95120309704537,3.676885268987712],[98.95232010898587,3.6761241421639657]]],[[[98.95254781822729,3.6763124763879795],[98.9523637377963,3.6767417120082575],[98.95263216204472,3.6763167886372354],[98.95254781822729,3.6763124763879795]]],[[[98.94882549999686,3.6769694653162146],[98.94882358084362,3.677204043579122],[98.94900561981359,3.6770805405819686],[98.94882549999686,3.6769694653162146]]],[[[98.95309125335869,3.6770782410155016],[98.95243936808241,3.677072461972026],[98.9523235354029,3.677791994251899],[98.95309125335869,3.6770782410155016]]],[[[98.94943203426101,3.6784109688372055],[98.95111749327776,3.6763748848412963],[98.94862459594839,3.6778259085854996],[98.94943203426101,3.6784109688372055]]],[[[98.95211694673975,3.677395960702186],[98.95080171792499,3.677813345955866],[98.9510650556079,3.678927974691821],[98.95211694673975,3.677395960702186]]],[[[98.95172396458933,3.6785834893824125],[98.9513794109311,3.679074652318723],[98.9514956653927,3.6794116876442873],[98.95172396458933,3.6785834893824125]]]]}},{"type":"Feature","properties":{"code":"1218012004","desa":"Celawan","kecamatan":"Pantai Cermin","kecCode":"121801","kabCode":"1218","province":"Sumatera Utara"},"geometry":{"type":"Polygon","coordinates":[[[98.93522636210695,3.6216272973686747],[98.94511503123374,3.6490512903622006],[98.94356017985847,3.6406980715451733],[98.94543789144556,3.6361474390443234],[98.96941370298009,3.635989873325465],[98.96897477266769,3.6253234561154812],[98.97262620993173,3.61418451621723],[98.96652478379177,3.6143041611227815],[98.96595098305147,3.595951568444465],[98.9590275019177,3.59595656148043],[98.95884695941969,3.5890565589547125],[98.95244298155842,3.5884038040346846],[98.95369794230623,3.606472916015285],[98.94485893758997,3.606525007446144],[98.94472969422007,3.603300327274733],[98.93795948364333,3.603431917874971],[98.93782457184659,3.6011520780346746],[98.925668710043,3.600155999729409],[98.92566603455991,3.601902060459652],[98.91986070840505,3.6021000336173348],[98.9238175644291,3.612562516963118],[98.93522636210695,3.6216272973686747]]]}},{"type":"Feature","properties":{"code":"1218012005","desa":"Ujung Rambung","kecamatan":"Pantai Cermin","kecCode":"121801","kabCode":"1218","province":"Sumatera Utara"},"geometry":{"type":"Polygon","coordinates":[[[98.9188414383817,3.583210192244517],[98.9184410593075,3.5847718847609626],[98.91859486855837,3.5865832461642166],[98.92082451543911,3.5931290291187032],[98.9185510625815,3.6013131187339704],[98.92020935757584,3.6048342918938636],[98.91986070840505,3.6021000336173348],[98.92566603455991,3.601902060459652],[98.925668710043,3.600155999729409],[98.94472969422007,3.603300327274733],[98.94485893758997,3.606525007446144],[98.95369794230623,3.606472916015285],[98.95244298155842,3.5884038040346846],[98.93725850797381,3.586498610067229],[98.93711574059898,3.5837265379967236],[98.9188414383817,3.583210192244517]]]}},{"type":"Feature","properties":{"code":"1218012006","desa":"Kuala Lama","kecamatan":"Pantai Cermin","kecCode":"121801","kabCode":"1218","province":"Sumatera Utara"},"geometry":{"type":"Polygon","coordinates":[[[98.9963478838478,3.6300587374185955],[99.00445996295696,3.642471996869694],[99.01301590515993,3.63493098367053],[99.0318201176044,3.6261667620883156],[99.03272276534341,3.6220249353088954],[99.03003923242471,3.6172301440674333],[99.02422230141813,3.6178907455722507],[99.02149403082488,3.622776168690818],[99.00198101231392,3.6209579850305276],[99.00088245536108,3.6264404392764806],[98.9963478838478,3.6300587374185955]]]}},{"type":"Feature","properties":{"code":"1218012007","desa":"Besar Ii Terjun","kecamatan":"Pantai Cermin","kecCode":"121801","kabCode":"1218","province":"Sumatera Utara"},"geometry":{"type":"Polygon","coordinates":[[[98.96941370298009,3.635989873325465],[98.97624551531834,3.633994328968652],[98.9786337792256,3.636906932699256],[98.9808469793047,3.6318141241184425],[98.98815506990064,3.6277867747400783],[98.98900422776295,3.6231043097213536],[98.98318532094589,3.6035088216010402],[98.97101790105535,3.6049073042533895],[98.97463508673991,3.614145117817771],[98.97262620993173,3.61418451621723],[98.96897477266769,3.6253234561154812],[98.96941370298009,3.635989873325465]]]}},{"type":"Feature","properties":{"code":"1218012008","desa":"Sementara","kecamatan":"Pantai Cermin","kecCode":"121801","kabCode":"1218","province":"Sumatera Utara"},"geometry":{"type":"Polygon","coordinates":[[[98.98318532094589,3.6035088216010402],[98.99162650425984,3.6264324649879165],[98.9952670804115,3.6263325269263347],[98.9963478838478,3.6300587374185955],[99.00088245536108,3.6264404392764806],[99.00091846961175,3.6213017715666664],[99.00753685574136,3.6212836457308293],[98.9962811505547,3.608178876874893],[98.99625414930959,3.6051981881702386],[98.99240167130016,3.6029222891591735],[98.98318532094589,3.6035088216010402]]]}},{"type":"Feature","properties":{"code":"1218012009","desa":"Ara Payung","kecamatan":"Pantai Cermin","kecCode":"121801","kabCode":"1218","province":"Sumatera Utara"},"geometry":{"type":"Polygon","coordinates":[[[99.00753685574136,3.6212836457308293],[99.01725282355902,3.621211136991644],[99.01652334837387,3.61552966457572],[99.01921568925268,3.614633964100441],[99.01521710288704,3.5972084762231487],[99.00988486869181,3.6010405009472044],[98.99240167130016,3.6029222891591735],[98.99625414930959,3.6051981881702386],[98.9962811505547,3.608178876874893],[99.00753685574136,3.6212836457308293]]]}},{"type":"Feature","properties":{"code":"1218012010","desa":"Pematang Kasih","kecamatan":"Pantai Cermin","kecCode":"121801","kabCode":"1218","province":"Sumatera Utara"},"geometry":{"type":"Polygon","coordinates":[[[99.01725282355902,3.621211136991644],[99.02149403082488,3.622776168690818],[99.02422230141813,3.6178907455722507],[99.03003923242471,3.6172301440674333],[99.02259146902117,3.603523307880513],[99.02272032658186,3.596072429233382],[99.01607308660374,3.597573732274457],[99.01921568925268,3.614633964100441],[99.01652334837387,3.61552966457572],[99.01725282355902,3.621211136991644]]]}},{"type":"Feature","properties":{"code":"1218012011","desa":"Lubuk Saban","kecamatan":"Pantai Cermin","kecCode":"121801","kabCode":"1218","province":"Sumatera Utara"},"geometry":{"type":"Polygon","coordinates":[[[99.02362751409856,3.605108460111872],[99.03272276534341,3.6220249353088954],[99.03188688687038,3.626075872105874],[99.0553767065698,3.617901978104629],[99.05237858630278,3.6153321599647583],[99.05200739022892,3.610392398908937],[99.04810983370191,3.609093214000816],[99.04495109901403,3.603885763443042],[99.04496948835128,3.5999848992136863],[99.03173627920597,3.608212255212595],[99.02362751409856,3.605108460111872]]]}},{"type":"Feature","properties":{"code":"1218012012","desa":"Naga Kisar","kecamatan":"Pantai Cermin","kecCode":"121801","kabCode":"1218","province":"Sumatera Utara"},"geometry":{"type":"Polygon","coordinates":[[[99.04496948835128,3.5999848992136863],[99.04495109901403,3.603885763443042],[99.04810983370191,3.609093214000816],[99.05200739022892,3.610392398908937],[99.05516487216119,3.618973801809152],[99.07380142129864,3.6073556653537495],[99.08993489457976,3.593548883910757],[99.08797466389967,3.5887836183113153],[99.08401572504573,3.5886557536022545],[99.07530149676671,3.579347086950592],[99.0620708407967,3.579941930926809],[99.05608302870887,3.589950174801482],[99.04282060328825,3.5921743780834317],[99.04025670178542,3.5973842909849743],[99.04496948835128,3.5999848992136863]]]}},{"type":"Feature","properties":{"code":"1218021038","desa":"Melati I","kecamatan":"Perbaungan","kecCode":"121802","kabCode":"1218","province":"Sumatera Utara"},"geometry":{"type":"Polygon","coordinates":[[[98.9615324393706,3.5639399745187976],[98.96964070355568,3.56338051167044],[98.96914095299263,3.5548761644816786],[98.96157368857489,3.5563287971130206],[98.96176576667686,3.558953365978991],[98.95911742692776,3.5592353322184413],[98.9615324393706,3.5639399745187976]]]}},{"type":"Feature","properties":{"code":"1218021039","desa":"Simpang Tiga Pekan","kecamatan":"Perbaungan","kecCode":"121802","kabCode":"1218","province":"Sumatera Utara"},"geometry":{"type":"Polygon","coordinates":[[[98.93262429067852,3.5648555904807],[98.95106276773258,3.5687557406483563],[98.94813163256883,3.569777008064811],[98.94830057471181,3.5721088799806733],[98.96258273330652,3.5720904870461903],[98.96092996734416,3.5634059022297726],[98.94487955184991,3.566002369080438],[98.93262429067852,3.5648555904807]]]}},{"type":"Feature","properties":{"code":"1218021040","desa":"Batang Terap","kecamatan":"Perbaungan","kecCode":"121802","kabCode":"1218","province":"Sumatera Utara"},"geometry":{"type":"Polygon","coordinates":[[[98.93286371358958,3.566399896404034],[98.93141485810929,3.5714390046668747],[98.92356772916742,3.5763605580485613],[98.91874184026375,3.5838078537967135],[98.93711574059898,3.5837265379967236],[98.93725850797381,3.586498610067229],[98.95884695941969,3.5890565589547125],[98.95854944030447,3.5721328693962318],[98.94830057471181,3.5721088799806733],[98.94813163256883,3.569777008064811],[98.95106276773258,3.5687557406483563],[98.93286371358958,3.566399896404034]]]}},{"type":"Feature","properties":{"code":"1218021041","desa":"Tualang","kecamatan":"Perbaungan","kecCode":"121802","kabCode":"1218","province":"Sumatera Utara"},"geometry":{"type":"Polygon","coordinates":[[[98.96912055456998,3.552960101307968],[98.96964070355568,3.56338051167044],[98.96535591334481,3.5635229265108816],[98.96542435355116,3.5670374734658945],[98.96980931474813,3.5677613854440184],[98.96999827130321,3.5717330074325635],[98.97544577520243,3.571298915473233],[98.97581482279587,3.5759309689947445],[98.98516243280011,3.5742296711199586],[98.986185876577,3.5674435983082327],[99.00333065908274,3.5656963423789882],[99.00311539555912,3.563184114124966],[98.99578385963746,3.563186937096884],[98.98959472441703,3.5462427978543825],[98.98006025058015,3.546273322643228],[98.9797170872738,3.5528601641456996],[98.96912055456998,3.552960101307968]]]}},{"type":"Feature","properties":{"code":"1218022001","desa":"Adolina","kecamatan":"Perbaungan","kecCode":"121802","kabCode":"1218","province":"Sumatera Utara"},"geometry":{"type":"Polygon","coordinates":[[[98.9299282958542,3.483826269521247],[98.93471275838714,3.4948471689043896],[98.93565890903147,3.503199163744109],[98.93350029510258,3.5078834265076235],[98.93628679589897,3.521176974751971],[98.93155366307116,3.5332800940025533],[98.93221288681531,3.5393719081819244],[98.92624196219684,3.548208828260226],[98.93212626501519,3.5636124180475535],[98.95295782544338,3.5625771994482096],[98.9529733450439,3.554960006477303],[98.95720067397201,3.554872957499282],[98.95377010570586,3.5507946003731874],[98.95812066783463,3.5431274716463723],[98.95607551956964,3.539433357957974],[98.95921997841936,3.533308625893774],[98.95812780575368,3.5286151396834247],[98.94954589382796,3.5154629261936736],[98.9514595935854,3.5065217243282865],[98.94122895275403,3.4811369404748516],[98.93158826538621,3.481294820956417],[98.9299282958542,3.483826269521247]]]}},{"type":"Feature","properties":{"code":"1218022003","desa":"Bengkel","kecamatan":"Perbaungan","kecCode":"121802","kabCode":"1218","province":"Sumatera Utara"},"geometry":{"type":"Polygon","coordinates":[[[98.99296761196575,3.555433952792375],[98.99578385963746,3.563186937096884],[99.00311539555912,3.563184114124966],[99.00333065908274,3.5656963423789882],[98.99510209168824,3.5668590974348633],[98.99533400795814,3.5700854044798254],[99.00864392657599,3.5687027265131275],[99.00883768281288,3.556749142035559],[99.00706810301062,3.5544718661623875],[99.00229319397577,3.5544382468063898],[99.0030880876452,3.55869766893648],[98.99296761196575,3.555433952792375]]]}},{"type":"Feature","properties":{"code":"1218022005","desa":"Cinta Air","kecamatan":"Perbaungan","kecCode":"121802","kabCode":"1218","province":"Sumatera Utara"},"geometry":{"type":"Polygon","coordinates":[[[98.99240167130016,3.6029222891591735],[99.00988486869181,3.6010405009472044],[99.01320838975543,3.598652001420158],[99.0104539785683,3.589031225052688],[99.0033135620713,3.584516846921501],[98.99887671988478,3.584562935377669],[98.99240167130016,3.6029222891591735]]]}},{"type":"Feature","properties":{"code":"1218022006","desa":"Citaman Jernih","kecamatan":"Perbaungan","kecCode":"121802","kabCode":"1218","province":"Sumatera Utara"},"geometry":{"type":"Polygon","coordinates":[[[98.93212626501519,3.5636124180475535],[98.94487955184991,3.566002369080438],[98.96092996734416,3.5634059022297726],[98.95812791007506,3.5559511942693214],[98.9529733450439,3.554960006477303],[98.95295782544338,3.5625771994482096],[98.93212626501519,3.5636124180475535]]]}},{"type":"Feature","properties":{"code":"1218022007","desa":"Deli Muda Hulu","kecamatan":"Perbaungan","kecCode":"121802","kabCode":"1218","province":"Sumatera Utara"},"geometry":{"type":"Polygon","coordinates":[[[99.00229319397577,3.5544382468063898],[99.00777066598351,3.5512681042218053],[99.02969206263862,3.5495097200815855],[99.02671565380443,3.527933927515957],[98.999491852567,3.5301315954016004],[99.00229319397577,3.5544382468063898]]]}},{"type":"Feature","properties":{"code":"1218022008","desa":"Deli Muda Hilir","kecamatan":"Perbaungan","kecCode":"121802","kabCode":"1218","province":"Sumatera Utara"},"geometry":{"type":"Polygon","coordinates":[[[99.00871584536003,3.556588842377642],[99.00864392657599,3.5687027265131275],[99.00383574082683,3.5682685041520688],[99.0042229322426,3.5717606301092135],[99.01313166499438,3.5716700764731675],[99.01131870729255,3.5689314151159537],[99.01522506908174,3.5684083307436736],[99.01745898774213,3.5716519101678514],[99.03023375308528,3.571545172332243],[99.02791348871659,3.5546655666411016],[99.00871584536003,3.556588842377642]]]}},{"type":"Feature","properties":{"code":"1218022009","desa":"Jambur Pulau","kecamatan":"Perbaungan","kecCode":"121802","kabCode":"1218","province":"Sumatera Utara"},"geometry":{"type":"Polygon","coordinates":[[[98.95854944030447,3.5721328693962318],[98.9590275019177,3.59595656148043],[98.96775185476433,3.595942586015855],[98.96665371509692,3.585167622433638],[98.96390229955152,3.5840322949015833],[98.96641277502958,3.584276664982872],[98.96610146031416,3.579287612985084],[98.96258273330652,3.5720904870461903],[98.95854944030447,3.5721328693962318]]]}},{"type":"Feature","properties":{"code":"1218022012","desa":"Kesatuan","kecamatan":"Perbaungan","kecCode":"121802","kabCode":"1218","province":"Sumatera Utara"},"geometry":{"type":"Polygon","coordinates":[[[99.04025670178542,3.5973842909849743],[99.04282060328825,3.5921743780834317],[99.0519746162356,3.591097131466903],[99.04630984961994,3.576832266850404],[99.0345298585662,3.5766854920967157],[99.03366633673208,3.5715646966138834],[99.02999875843601,3.5715438350404263],[99.03220573970316,3.57456048943226],[99.03055796407887,3.5821569179564574],[99.04025670178542,3.5973842909849743]]]}},{"type":"Feature","properties":{"code":"1218022013","desa":"Kota Galuh","kecamatan":"Perbaungan","kecCode":"121802","kabCode":"1218","province":"Sumatera Utara"},"geometry":{"type":"Polygon","coordinates":[[[98.96535591334481,3.5635229265108816],[98.96144809735188,3.565118578327038],[98.96637192602361,3.5840933309894365],[98.97761870903626,3.5918866714713116],[98.97962285541053,3.58914325629784],[98.97939510480028,3.575824588190014],[98.97581482279587,3.5759309689947445],[98.97544577520243,3.571298915473233],[98.96999827130321,3.5717330074325635],[98.96980931474813,3.5677613854440184],[98.96542435355116,3.5670374734658945],[98.96535591334481,3.5635229265108816]]]}},{"type":"Feature","properties":{"code":"1218022015","desa":"Lidah Tanah","kecamatan":"Perbaungan","kecCode":"121802","kabCode":"1218","province":"Sumatera Utara"},"geometry":{"type":"Polygon","coordinates":[[[99.03727934956237,3.603677829394311],[99.0454361528562,3.599388913997771],[99.03928314969765,3.5972412133442457],[99.03535852537571,3.5922398838018634],[99.0358820072489,3.5880817774947236],[99.03052227178544,3.5820379448444424],[99.03219384257181,3.5744117721428945],[99.02999875843601,3.5715438350404263],[99.01745898774213,3.5716519101678514],[99.01522506908174,3.5684083307436736],[99.01131870729255,3.5689314151159537],[99.01313166499438,3.5716700764731675],[99.0079579533969,3.5717425114679595],[99.00846714684143,3.5774143548427753],[99.01188167300086,3.5818758438444482],[99.01827236967421,3.582059351407113],[99.02384913403034,3.588772362396617],[99.03005635641578,3.5902430812935564],[99.03727934956237,3.603677829394311]]]}},{"type":"Feature","properties":{"code":"1218022016","desa":"Lubuk Bayas","kecamatan":"Perbaungan","kecCode":"121802","kabCode":"1218","province":"Sumatera Utara"},"geometry":{"type":"Polygon","coordinates":[[[99.06210280270227,3.5799389604660727],[99.06967528678513,3.57935120944284],[99.06540034055331,3.569965524851211],[99.06590525682218,3.5662729849763686],[99.06906740623589,3.5646183169496486],[99.0561927963605,3.5530310326363366],[99.05264736308537,3.566733540386196],[99.05679771724088,3.5674163380583908],[99.06361144241417,3.57809638719194],[99.06210280270227,3.5799389604660727]]]}},{"type":"Feature","properties":{"code":"1218022017","desa":"Lubuk Cemara","kecamatan":"Perbaungan","kecCode":"121802","kabCode":"1218","province":"Sumatera Utara"},"geometry":{"type":"Polygon","coordinates":[[[98.97158795881728,3.604060218429959],[98.9878748258626,3.6030631032062996],[98.98322318959856,3.603136698326563],[98.98516243280011,3.5742296711199586],[98.97939493842573,3.5758148584248293],[98.97962285541053,3.58914325629784],[98.97056479023297,3.599317952092499],[98.97158795881728,3.604060218429959]]]}},{"type":"Feature","properties":{"code":"1218022018","desa":"Lubuk Dendang","kecamatan":"Perbaungan","kecCode":"121802","kabCode":"1218","province":"Sumatera Utara"},"geometry":{"type":"Polygon","coordinates":[[[99.01320838975543,3.598652001420158],[99.02076144488483,3.596117207377349],[99.02308379837865,3.598653711930678],[99.02792346399671,3.5977775941929693],[99.0232026123108,3.585733239342782],[99.02135615126542,3.586608880439786],[99.01827236967421,3.582059351407113],[99.01326135173007,3.5817959777516375],[99.01027188743774,3.5857239988087373],[99.01537932259771,3.5888773573460266],[99.01048102208154,3.591573419616597],[99.01320838975543,3.598652001420158]]]}},{"type":"Feature","properties":{"code":"1218022019","desa":"Lubuk Rotan","kecamatan":"Perbaungan","kecCode":"121802","kabCode":"1218","province":"Sumatera Utara"},"geometry":{"type":"Polygon","coordinates":[[[99.0519746162356,3.591097131466903],[99.05638759940827,3.5897407829517163],[99.06361144241417,3.57809638719194],[99.05679771724088,3.5674163380583908],[99.05264736308537,3.566733540386196],[99.05274226584292,3.568725383133358],[99.04754552260782,3.5688586329828493],[99.04940095439059,3.5759696991979206],[99.04630984961994,3.576832266850404],[99.0519746162356,3.591097131466903]]]}},{"type":"Feature","properties":{"code":"1218022020","desa":"Melati Ii","kecamatan":"Perbaungan","kecCode":"121802","kabCode":"1218","province":"Sumatera Utara"},"geometry":{"type":"Polygon","coordinates":[[[98.95132039292186,3.508599955951115],[98.94954589382796,3.5154629261936736],[98.95345424761547,3.5224873328371653],[98.96189661443725,3.5216849010512665],[98.96346276399544,3.534043121993099],[98.96963037664062,3.532740580815196],[98.9656775450827,3.537897214281538],[98.98346904266224,3.537553918775206],[98.98001220160187,3.508820673862736],[98.98512765421793,3.5055590531389873],[98.98482250795246,3.4976313539435044],[98.9809307709384,3.4983804847104873],[98.97797751874754,3.5040619202542223],[98.96482702294878,3.506448504225294],[98.96175305835702,3.509326734068664],[98.96205868755845,3.51457519191312],[98.9616771429858,3.5121396713329056],[98.95272715743243,3.5120754255646487],[98.95547946960191,3.509878040965393],[98.95132039292186,3.508599955951115]]]}},{"type":"Feature","properties":{"code":"1218022024","desa":"Pematang Sijonam","kecamatan":"Perbaungan","kecCode":"121802","kabCode":"1218","province":"Sumatera Utara"},"geometry":{"type":"Polygon","coordinates":[[[98.98324405566869,3.6035013464362167],[98.99240167130016,3.6029222891591735],[98.99887671988478,3.584562935377669],[99.0033135620713,3.584516846921501],[98.99510048100245,3.5668403690532764],[98.986185876577,3.5674435983082327],[98.98460110205929,3.5708452299845534],[98.98322318959856,3.603136698326563],[98.9878748258626,3.6030631032062996],[98.98324405566869,3.6035013464362167]]]}},{"type":"Feature","properties":{"code":"1218022025","desa":"Pematang Tatal","kecamatan":"Perbaungan","kecCode":"121802","kabCode":"1218","province":"Sumatera Utara"},"geometry":{"type":"Polygon","coordinates":[[[99.02299337874149,3.598482391081022],[99.02259146902117,3.603523307880513],[99.0248289418023,3.605960910391262],[99.03173627920597,3.608212255212595],[99.03727934956237,3.603677829394311],[99.03599735159656,3.5987405909368637],[99.02688678759522,3.58839760141054],[99.023890278014,3.589592249124119],[99.02792346399671,3.5977775941929693],[99.02299337874149,3.598482391081022]]]}},{"type":"Feature","properties":{"code":"1218022028","desa":"Suka Beras","kecamatan":"Perbaungan","kecCode":"121802","kabCode":"1218","province":"Sumatera Utara"},"geometry":{"type":"Polygon","coordinates":[[[99.00383574082683,3.5682685041520688],[98.99561500023214,3.5701140820611874],[99.0006933207402,3.576030805432937],[99.0033135620713,3.584516846921501],[99.01109330840949,3.5910577357654234],[99.01537932259771,3.5888773573460266],[99.01027188743774,3.5857239988087373],[99.01326135173007,3.5817959777516375],[99.00708705892072,3.575022996370904],[99.0079579533969,3.5717425114679595],[99.0042229322426,3.5717606301092135],[99.00383574082683,3.5682685041520688]]]}},{"type":"Feature","properties":{"code":"1218022029","desa":"Sukajadi","kecamatan":"Perbaungan","kecCode":"121802","kabCode":"1218","province":"Sumatera Utara"},"geometry":{"type":"Polygon","coordinates":[[[98.96595098305147,3.595951568444465],[98.96652478379177,3.6143041611227815],[98.97463508673991,3.614145117817771],[98.97048864733324,3.5995844517914297],[98.97761870903626,3.5918866714713116],[98.96564406422226,3.5834136350789225],[98.96390229955152,3.5840322949015833],[98.96665371509692,3.585167622433638],[98.96775185476433,3.595942586015855],[98.96595098305147,3.595951568444465]]]}},{"type":"Feature","properties":{"code":"1218022031","desa":"Sei Buluh","kecamatan":"Perbaungan","kecCode":"121802","kabCode":"1218","province":"Sumatera Utara"},"geometry":{"type":"Polygon","coordinates":[[[99.05376725555449,3.5514702583276736],[99.05357808855801,3.5479367581606045],[99.03868943706793,3.5488959678593317],[99.03981790187476,3.55548144688891],[99.05376725555449,3.5514702583276736]]]}},{"type":"Feature","properties":{"code":"1218022032","desa":"Sei Nagalawan","kecamatan":"Perbaungan","kecCode":"121802","kabCode":"1218","province":"Sumatera Utara"},"geometry":{"type":"MultiPolygon","coordinates":[[[[99.06991052065403,3.5793528884770778],[99.07682975159184,3.5803038450974105],[99.08401572504573,3.5886557536022545],[99.08797466389967,3.5887836183113153],[99.08993489457976,3.593548883910757],[99.10159248790308,3.583512404021827],[99.11849236343186,3.572612600150692],[99.11670371440495,3.56936904950479],[99.11346123035156,3.5702653849013886],[99.11149659928867,3.5680702899760743],[99.10254432496066,3.5727326776301016],[99.09308131575015,3.572857606952039],[99.08788805828732,3.571217954006144],[99.08119225491868,3.5640795708839286],[99.07518451205566,3.566374332275603],[99.06931455342395,3.56443327784152],[99.06590525682218,3.5662729849763686],[99.06540034055331,3.569965524851211],[99.06991052065403,3.5793528884770778]]],[[[99.09365123681515,3.591026382700991],[99.09302885289928,3.5910832666189316],[99.09262103373378,3.591441725594286],[99.09365123681515,3.591026382700991]]]]}},{"type":"Feature","properties":{"code":"1218022033","desa":"Sei Sijenggi","kecamatan":"Perbaungan","kecCode":"121802","kabCode":"1218","province":"Sumatera Utara"},"geometry":{"type":"MultiPolygon","coordinates":[[[[99.02671565380443,3.527933927515957],[99.02785770736739,3.5370741583431213],[99.03196342367312,3.5368116633252664],[99.03206270882701,3.5275020469895226],[99.02671565380443,3.527933927515957]]],[[[99.00464603988291,3.55455330516953],[99.00871584536003,3.556588842377642],[99.0260934353638,3.55382918904527],[99.03219818809596,3.5560364553951542],[99.03510316827663,3.5543314927830494],[99.03548113444685,3.5567772152725072],[99.03981790187476,3.55548144688891],[99.03868943706793,3.5488959678593317],[99.00777066598351,3.5512681042218053],[99.00464603988291,3.55455330516953]]]]}},{"type":"Feature","properties":{"code":"1218022034","desa":"Tanah Merah","kecamatan":"Perbaungan","kecCode":"121802","kabCode":"1218","province":"Sumatera Utara"},"geometry":{"type":"Polygon","coordinates":[[[99.03366633673208,3.5715646966138834],[99.0345298585662,3.5766854920967157],[99.04940095439059,3.5759696991979206],[99.04754552260782,3.5688586329828493],[99.05274226584292,3.568725383133358],[99.05540824399532,3.557460810643415],[99.04287697099545,3.5577549411128686],[99.04357979477173,3.568665542244481],[99.0371328787794,3.5689598534776557],[99.03739410125682,3.5715337023789053],[99.03366633673208,3.5715646966138834]]]}},{"type":"Feature","properties":{"code":"1218022035","desa":"Tanjung Buluh","kecamatan":"Perbaungan","kecCode":"121802","kabCode":"1218","province":"Sumatera Utara"},"geometry":{"type":"MultiPolygon","coordinates":[[[[99.02785770736739,3.5370741583431213],[99.02969206263862,3.5495097200815855],[99.05396205860215,3.5469311749206223],[99.04987597000007,3.545122841534687],[99.04943548296126,3.5385236559378033],[99.04276823306753,3.536253650184082],[99.04215066771921,3.5268225129569544],[99.03206270882701,3.5275020469895226],[99.03296278540427,3.5351560330239087],[99.02785770736739,3.5370741583431213]]],[[[99.02798426805958,3.553928650466163],[99.03023375308528,3.571545172332243],[99.03739410125682,3.5715337023789053],[99.0371328787794,3.5689598534776557],[99.04357979477173,3.568665542244481],[99.04287697099545,3.5577549411128686],[99.05526095392992,3.5574642676373918],[99.05600041608642,3.552979595012586],[99.05376725555449,3.5514702583276736],[99.03548113444685,3.5567772152725072],[99.03510316827663,3.5543314927830494],[99.03219818809596,3.5560364553951542],[99.02798426805958,3.553928650466163]]]]}},{"type":"Feature","properties":{"code":"1218032001","desa":"Sei Buluh","kecamatan":"Teluk Mengkudu","kecCode":"121803","kabCode":"1218","province":"Sumatera Utara"},"geometry":{"type":"Polygon","coordinates":[[[99.0559666699259,3.553166708856656],[99.06867097068879,3.564446151636647],[99.07518451205566,3.566374332275603],[99.08015086966695,3.5637746080804744],[99.08064864621808,3.557562416947427],[99.07274252624664,3.549520331182402],[99.07995402335955,3.542245980459494],[99.06284368578751,3.5259596602194287],[99.04865823758763,3.5400010936697797],[99.0559666699259,3.553166708856656]]]}},{"type":"Feature","properties":{"code":"1218032002","desa":"Liberia","kecamatan":"Teluk Mengkudu","kecCode":"121803","kabCode":"1218","province":"Sumatera Utara"},"geometry":{"type":"Polygon","coordinates":[[[99.06284368578751,3.5259596602194287],[99.08003506666506,3.542345488645144],[99.10429779520712,3.5141979901670735],[99.08946700160088,3.499661066242778],[99.07482662055212,3.514044484887162],[99.08127584870151,3.5222701771402094],[99.07901640908005,3.5278704416748],[99.06884222588809,3.5200052012946954],[99.06284368578751,3.5259596602194287]]]}},{"type":"Feature","properties":{"code":"1218032003","desa":"Mata Pao","kecamatan":"Teluk Mengkudu","kecCode":"121803","kabCode":"1218","province":"Sumatera Utara"},"geometry":{"type":"Polygon","coordinates":[[[99.07995402335955,3.542245980459494],[99.07274252624664,3.549520331182402],[99.08025390859109,3.557928287235675],[99.08964307266973,3.5490266312585885],[99.09278567441942,3.554295321151077],[99.09919105162577,3.553536688147352],[99.09872779824933,3.549825508923796],[99.10714653898161,3.55068402782839],[99.11869293922778,3.5379406173620507],[99.11919172661698,3.53483681866402],[99.11403197699423,3.5298842638527885],[99.1231469449756,3.520190986840063],[99.12260193243328,3.517941196047289],[99.11438315955525,3.5097287463113416],[99.08909196092532,3.532347772234377],[99.09391038455662,3.546560062484149],[99.07995402335955,3.542245980459494]]]}},{"type":"Feature","properties":{"code":"1218032004","desa":"Pematang Setrak","kecamatan":"Teluk Mengkudu","kecCode":"121803","kabCode":"1218","province":"Sumatera Utara"},"geometry":{"type":"MultiPolygon","coordinates":[[[[99.06930088103087,3.520452709340301],[99.07574776105038,3.52404384885592],[99.07727585040021,3.5274654544748],[99.08045685769787,3.5262328184987526],[99.08127584870151,3.5222701771402094],[99.07482662055212,3.514044484887162],[99.06930088103087,3.520452709340301]]],[[[99.08933495324555,3.531225926439047],[99.08060862728637,3.5415859086553025],[99.08905149592988,3.5463479474872592],[99.09391038455662,3.546560062484149],[99.09139288537341,3.5353643546804325],[99.08933495324555,3.531225926439047]]],[[[99.0808496123198,3.5640081880959333],[99.08848768306018,3.5714606594424163],[99.10019689656957,3.563386730482398],[99.09919105162577,3.553536688147352],[99.09278567441942,3.554295321151077],[99.08895814989874,3.549299169005737],[99.08025390859109,3.557928287235675],[99.0808496123198,3.5640081880959333]]]]}},{"type":"Feature","properties":{"code":"1218032005","desa":"Makmur","kecamatan":"Teluk Mengkudu","kecCode":"121803","kabCode":"1218","province":"Sumatera Utara"},"geometry":{"type":"Polygon","coordinates":[[[99.12260193243328,3.517941196047289],[99.1231469449756,3.520190986840063],[99.11403197699423,3.5298842638527885],[99.11919172661698,3.53483681866402],[99.11280920927764,3.544241924115175],[99.11467203978286,3.545548413316947],[99.11724799220114,3.543381911436693],[99.11998129629983,3.5461841341780307],[99.12433092763023,3.5431188516445826],[99.13459169844816,3.5296034010814847],[99.12260193243328,3.517941196047289]]]}},{"type":"Feature","properties":{"code":"1218032006","desa":"Pasar Baru","kecamatan":"Teluk Mengkudu","kecCode":"121803","kabCode":"1218","province":"Sumatera Utara"},"geometry":{"type":"Polygon","coordinates":[[[99.11280920927764,3.544241924115175],[99.10714653898161,3.55068402782839],[99.09789952983947,3.5506669640919486],[99.10092575841706,3.5591029178391502],[99.09855401505581,3.5614002530905204],[99.10078222122257,3.56395662186917],[99.10849837829755,3.5614225976460268],[99.11998129629983,3.5461841341780307],[99.11724799220114,3.543381911436693],[99.11467203978286,3.545548413316947],[99.11280920927764,3.544241924115175]]]}},{"type":"Feature","properties":{"code":"1218032007","desa":"Pekan Sialang Buah","kecamatan":"Teluk Mengkudu","kecCode":"121803","kabCode":"1218","province":"Sumatera Utara"},"geometry":{"type":"Polygon","coordinates":[[[99.08848768306018,3.5714606594424163],[99.10254432496066,3.5727326776301016],[99.11149659928867,3.5680702899760743],[99.11346123035156,3.5702653849013886],[99.11670371440495,3.56936904950479],[99.11849236343186,3.572612600150692],[99.12312907184922,3.569801365303044],[99.12387491379627,3.569224876489751],[99.12418936804494,3.568502441198388],[99.12059745690715,3.57058916691801],[99.11727979132932,3.5687496477415035],[99.1139717547927,3.561470070158839],[99.11805728221788,3.55944974947976],[99.11439497844553,3.5531348791514903],[99.1084353574059,3.561476886120647],[99.10019689656957,3.563386730482398],[99.08848768306018,3.5714606594424163]]]}},{"type":"Feature","properties":{"code":"1218032008","desa":"Pematang Guntung","kecamatan":"Teluk Mengkudu","kecCode":"121803","kabCode":"1218","province":"Sumatera Utara"},"geometry":{"type":"Polygon","coordinates":[[[99.13459169844816,3.5296034010814847],[99.11882108542481,3.5474378520614755],[99.12527542442137,3.5556055389419745],[99.12141848577453,3.5587136813654987],[99.12146755728202,3.5638712798043644],[99.15712139833391,3.5349824072119422],[99.1544617406169,3.531575276181318],[99.14372531926813,3.5391710868712902],[99.13459169844816,3.5296034010814847]]]}},{"type":"Feature","properties":{"code":"1218032009","desa":"Sialang Buah","kecamatan":"Teluk Mengkudu","kecCode":"121803","kabCode":"1218","province":"Sumatera Utara"},"geometry":{"type":"Polygon","coordinates":[[[99.11882108542481,3.5474378520614755],[99.11439497844553,3.5531348791514903],[99.11805728221788,3.55944974947976],[99.11390190894599,3.5624693698356893],[99.12059745690715,3.57058916691801],[99.12332040441322,3.5683440597943585],[99.12106104663006,3.56661029639378],[99.12141848577453,3.5587136813654987],[99.12527542442137,3.5556055389419745],[99.11882108542481,3.5474378520614755]]]}},{"type":"Feature","properties":{"code":"1218032010","desa":"Sentang","kecamatan":"Teluk Mengkudu","kecCode":"121803","kabCode":"1218","province":"Sumatera Utara"},"geometry":{"type":"Polygon","coordinates":[[[99.15712139833391,3.5349824072119422],[99.12171484926097,3.563587682194723],[99.12106104663006,3.56661029639378],[99.12332040441322,3.5683440597943585],[99.14634669644295,3.561033683129653],[99.14361004506758,3.5560489856492206],[99.15644375467559,3.5460423983257727],[99.15990973194863,3.538209140535579],[99.15712139833391,3.5349824072119422]]]}},{"type":"Feature","properties":{"code":"1218032011","desa":"Bogak Besar","kecamatan":"Teluk Mengkudu","kecCode":"121803","kabCode":"1218","province":"Sumatera Utara"},"geometry":{"type":"Polygon","coordinates":[[[99.16203164994072,3.5324489855346193],[99.15445094155774,3.5485238553767324],[99.14361004506758,3.5560489856492206],[99.14634669644295,3.561033683129653],[99.16666978018627,3.554637206520416],[99.18079676885587,3.5461391968541247],[99.17876781378362,3.5425925926655046],[99.18903521260506,3.536952621263961],[99.18526512328684,3.5309957044920646],[99.19387196441966,3.525020714045049],[99.18507803642227,3.51543163967901],[99.16203164994072,3.5324489855346193]]]}},{"type":"Feature","properties":{"code":"1218032012","desa":"Pematang Kuala","kecamatan":"Teluk Mengkudu","kecCode":"121803","kabCode":"1218","province":"Sumatera Utara"},"geometry":{"type":"Polygon","coordinates":[[[99.18507803642227,3.51543163967901],[99.19387196441966,3.525020714045049],[99.18526512328684,3.5309957044920646],[99.18903521260506,3.536952621263961],[99.17876781378362,3.5425925926655046],[99.18079676885587,3.5461391968541247],[99.22012072878867,3.519648371890906],[99.22404976428525,3.5142421639665544],[99.22230917143116,3.5056633942813082],[99.2177638224425,3.504297850198181],[99.21675282438338,3.507248083361697],[99.2126586598693,3.506541947383079],[99.20981157894128,3.4991967480694877],[99.20758299326059,3.501558955916574],[99.20610641078228,3.498728185096216],[99.20294170369675,3.5035864369978107],[99.18507803642227,3.51543163967901]]]}},{"type":"Feature","properties":{"code":"1218042001","desa":"Cempedak Lobang","kecamatan":"Sei Rampah","kecCode":"121804","kabCode":"1218","province":"Sumatera Utara"},"geometry":{"type":"Polygon","coordinates":[[[99.08443650434128,3.5046031565426303],[99.11321518393368,3.4761182998824434],[99.12589308509786,3.4868192384684007],[99.1296382847791,3.485615483320487],[99.13137998020198,3.483778897732508],[99.12309622501084,3.480826566450629],[99.11948206194766,3.4761582900358357],[99.11887150141871,3.4637249397302985],[99.11129937706465,3.472879432905787],[99.104137389429,3.465181073422314],[99.0999243579228,3.4666202081291293],[99.09876462099056,3.471795479145517],[99.0929664849154,3.4706742448891648],[99.08902350093386,3.474845278950642],[99.07838647175834,3.4707914850075525],[99.08358339665646,3.4775995210622677],[99.08165603259988,3.481406657948021],[99.08424964590449,3.488449863120232],[99.07908762009765,3.4992273654885655],[99.08443650434128,3.5046031565426303]]]}},{"type":"Feature","properties":{"code":"1218042002","desa":"Firdaus","kecamatan":"Sei Rampah","kecCode":"121804","kabCode":"1218","province":"Sumatera Utara"},"geometry":{"type":"Polygon","coordinates":[[[99.10682692981902,3.5115559924398325],[99.0967546748884,3.5223137268102795],[99.09787393243606,3.5233668545087995],[99.11438315955525,3.5097287463113416],[99.1188644003718,3.514341829533574],[99.13293547908916,3.500467207732112],[99.13119354084927,3.498787408150821],[99.13490207427138,3.496295183517023],[99.1317773069772,3.493007450977735],[99.13388410556706,3.4906126894712717],[99.1296382847791,3.485615483320487],[99.12589308509786,3.4868192384684007],[99.1204455083536,3.4821788644193665],[99.11620554125278,3.4867300194262687],[99.11674629640453,3.4912534312473817],[99.10178440862363,3.5064993069276222],[99.10682692981902,3.5115559924398325]]]}},{"type":"Feature","properties":{"code":"1218042004","desa":"Pergulaan","kecamatan":"Sei Rampah","kecCode":"121804","kabCode":"1218","province":"Sumatera Utara"},"geometry":{"type":"MultiPolygon","coordinates":[[[[99.0047677163571,3.411393636339592],[99.01108556794469,3.41137577310583],[99.01815300985356,3.4030453646931877],[99.01652462541121,3.399854067356118],[99.00925941538974,3.407941045478943],[99.0058443370466,3.4057548106743707],[99.00082007568602,3.407225811958487],[99.0047677163571,3.411393636339592]]],[[[99.03789418456903,3.4334423877646443],[99.04701513034404,3.4331609593197743],[99.05294577702603,3.429071128643045],[99.05184583691589,3.425409985899413],[99.03988211886474,3.4267096519447797],[99.02950161770553,3.41534701198312],[99.02983451525074,3.408878403450636],[99.02356248681934,3.406742073824989],[99.02641103544101,3.420414750163274],[99.0302306333371,3.4270201491761236],[99.03697379320607,3.4298750847797965],[99.03789418456903,3.4334423877646443]]]]}},{"type":"Feature","properties":{"code":"1218042006","desa":"Sei Rampah","kecamatan":"Sei Rampah","kecCode":"121804","kabCode":"1218","province":"Sumatera Utara"},"geometry":{"type":"Polygon","coordinates":[[[99.14957684899245,3.462316620293448],[99.1296382847791,3.485615483320487],[99.13388853472816,3.4906178515797963],[99.13873142891235,3.4862383663594523],[99.14033897156632,3.4876695789383354],[99.143803414596,3.4817170688444814],[99.15309828835541,3.4844478485432426],[99.15705082583503,3.488428149888825],[99.16187560677389,3.488176339716144],[99.16722304670628,3.4957017110069732],[99.16814891134321,3.49377541444766],[99.17551071484768,3.4974676683380563],[99.17134484468892,3.4922811890710506],[99.17850297603154,3.4837550297254443],[99.17459045298703,3.479601026125505],[99.17246608344306,3.481709355359241],[99.17018790374878,3.4796742093562316],[99.16259932359996,3.4861712580490907],[99.15147941604226,3.4806816227166015],[99.15463900058944,3.477360878763018],[99.14771456257705,3.470974845980671],[99.15237312002353,3.465730266012908],[99.14957684899245,3.462316620293448]]]}},{"type":"Feature","properties":{"code":"1218042008","desa":"Sei Rejo","kecamatan":"Sei Rampah","kecCode":"121804","kabCode":"1218","province":"Sumatera Utara"},"geometry":{"type":"MultiPolygon","coordinates":[[[[99.17311680139932,3.495306214352535],[99.17352104486035,3.495559856444112],[99.17346598566677,3.495255216497282],[99.17311680139932,3.495306214352535]]],[[[99.17566217776731,3.497349597246145],[99.17588532744594,3.4968971078557294],[99.17514660273359,3.4971175649638937],[99.17566217776731,3.497349597246145]]],[[[99.13225271289245,3.4924551071627272],[99.13490207427138,3.496295183517023],[99.13119354084927,3.498787408150821],[99.14210238471735,3.5093890561870604],[99.14600930858279,3.5055796880832837],[99.1569327943131,3.5142271614762013],[99.16506185442107,3.5093630217131606],[99.16386854040086,3.5063652719700236],[99.17551071484768,3.4974676683380563],[99.16814891134321,3.49377541444766],[99.16722304670628,3.4957017110069732],[99.16094387855719,3.487617742015638],[99.15705082583503,3.488428149888825],[99.15319638640413,3.484490335214628],[99.143803414596,3.4817170688444814],[99.14033897156632,3.4876695789383354],[99.13873142891235,3.4862383663594523],[99.13225271289245,3.4924551071627272]]]]}},{"type":"Feature","properties":{"code":"1218042009","desa":"Sei Parit","kecamatan":"Sei Rampah","kecCode":"121804","kabCode":"1218","province":"Sumatera Utara"},"geometry":{"type":"Polygon","coordinates":[[[99.08211619860373,3.45322929658218],[99.10627326579862,3.464752627406794],[99.10278866356599,3.460601405409999],[99.10368987328906,3.45599866259262],[99.09136538320591,3.4479697860697605],[99.09970695940869,3.4431345801949935],[99.11606642602482,3.4539224148742007],[99.11500975229829,3.4446588582163167],[99.11078620861666,3.4409112069872267],[99.11283849480076,3.4368958671554957],[99.09709241078616,3.4222443363277764],[99.10489109504805,3.4164265536694574],[99.11587623559983,3.4189831158023445],[99.11543221062806,3.4119139912694636],[99.10969351344494,3.4063343553839713],[99.11135610539998,3.3993147052547807],[99.10848693262591,3.3907221219829373],[99.10212580386279,3.396844056256231],[99.09918876285116,3.396915043342518],[99.1065629266378,3.4049375112964073],[99.06442381440758,3.447175691898538],[99.07600211270739,3.4539829680261387],[99.08211619860373,3.45322929658218]]]}},{"type":"Feature","properties":{"code":"1218042010","desa":"Silau Rakyat","kecamatan":"Sei Rampah","kecCode":"121804","kabCode":"1218","province":"Sumatera Utara"},"geometry":{"type":"MultiPolygon","coordinates":[[[[99.05966734956858,3.3816088168578413],[99.05433485456996,3.3810552868369856],[99.03964688679444,3.3983835382160845],[99.04147450074765,3.401025182509667],[99.04405814506742,3.3994327970312197],[99.04655202985236,3.4035762012214676],[99.05316860384805,3.398536684666475],[99.06746751141657,3.380723960407796],[99.06426242477112,3.3809571393256195],[99.06367225726892,3.377356758376657],[99.05966734956858,3.3816088168578413]]],[[[99.04308066474096,3.4276798018962253],[99.05184583691589,3.425409985899413],[99.05483689660554,3.435142194563454],[99.06162411336219,3.4328966323829135],[99.0704961088084,3.4409418927547595],[99.09042291978199,3.4211061210725298],[99.08368855078606,3.4168456062662256],[99.08197858434424,3.423142453281346],[99.07798156459755,3.4253231104905266],[99.07626178655228,3.42203919557335],[99.07358831165135,3.426255298259777],[99.07171560569071,3.42438271640764],[99.0640188200126,3.432353655006964],[99.05924722857678,3.4304812386301125],[99.05816667784995,3.426853464331643],[99.05502483332947,3.428771611234579],[99.04711761258778,3.417432203459273],[99.04308066474096,3.4276798018962253]]],[[[99.10457571359836,3.4654444497757795],[99.10993536092819,3.472544289753852],[99.11268129780369,3.472346346273728],[99.11887150141871,3.4637249397302985],[99.11920683073073,3.459158598771309],[99.11807412741909,3.436548498619593],[99.11166824659237,3.425218156909888],[99.11501687582818,3.4202275221053586],[99.10962027355686,3.4163373256341174],[99.10385008031699,3.4168727019400738],[99.09709241078616,3.4222443363277764],[99.11283849480076,3.4368958671554957],[99.11078620861666,3.4409112069872267],[99.11500975229829,3.4446588582163167],[99.11606642602482,3.4539224148742007],[99.09970695940869,3.4431345801949935],[99.09136538320591,3.4479697860697605],[99.10203647330468,3.4538860912567926],[99.10278866356599,3.460601405409999],[99.1062327162669,3.4641050274008203],[99.10457571359836,3.4654444497757795]]]]}},{"type":"Feature","properties":{"code":"1218042012","desa":"Firdaus Estate","kecamatan":"Sei Rampah","kecCode":"121804","kabCode":"1218","province":"Sumatera Utara"},"geometry":{"type":"Polygon","coordinates":[[[99.08946700160088,3.499661066242778],[99.10429779520712,3.5141979901670735],[99.10682692981902,3.5115559924398325],[99.10178440862363,3.5064993069276222],[99.11674629640453,3.4912534312473817],[99.11620554125278,3.4867300194262687],[99.1204455083536,3.4821788644193665],[99.11321518393368,3.4761182998824434],[99.08946700160088,3.499661066242778]]]}},{"type":"Feature","properties":{"code":"1218042014","desa":"Pematang Ganjang","kecamatan":"Sei Rampah","kecCode":"121804","kabCode":"1218","province":"Sumatera Utara"},"geometry":{"type":"Polygon","coordinates":[[[99.11793866343862,3.4366056685220356],[99.11941436098401,3.4760387161767183],[99.12309622501084,3.480826566450629],[99.1302366037363,3.484418325599147],[99.14503096490716,3.466596537972854],[99.11793866343862,3.4366056685220356]]]}},{"type":"Feature","properties":{"code":"1218042015","desa":"Pematang Pelintahan","kecamatan":"Sei Rampah","kecCode":"121804","kabCode":"1218","province":"Sumatera Utara"},"geometry":{"type":"Polygon","coordinates":[[[99.1188644003718,3.514341829533574],[99.13985035640887,3.534938232513099],[99.14431844104325,3.5258657044480812],[99.1461934807446,3.526576043857991],[99.14693584771128,3.5213447279910164],[99.1569327943131,3.5142271614762013],[99.14600930858279,3.5055796880832837],[99.14210238471735,3.5093890561870604],[99.13293547908916,3.500467207732112],[99.1188644003718,3.514341829533574]]]}},{"type":"Feature","properties":{"code":"1218042016","desa":"Rambung Estate","kecamatan":"Sei Rampah","kecCode":"121804","kabCode":"1218","province":"Sumatera Utara"},"geometry":{"type":"Polygon","coordinates":[[[99.02724063035089,3.4479674037657464],[99.08902350093386,3.474845278950642],[99.0929664849154,3.4706742448891648],[99.09876462099056,3.471795479145517],[99.09888142943447,3.469551818131734],[99.08292799862829,3.470838028520678],[99.08144188333631,3.463871988777243],[99.08378267293205,3.4637451259128986],[99.08552063796714,3.4678884833384305],[99.08883375837132,3.467616768471041],[99.08881498772153,3.459411166173136],[99.08056834305465,3.460995125903353],[99.07487808335692,3.4567706586225793],[99.07312251139484,3.4569698278786465],[99.07323988101575,3.4612761793309352],[99.07033189799874,3.4613125883839486],[99.06950118433225,3.4549712842828395],[99.06108662904478,3.45291282875176],[99.04565800841044,3.440094690019439],[99.04178967085669,3.4418980447585317],[99.03726211585405,3.43588962201449],[99.02724063035089,3.4479674037657464]]]}},{"type":"Feature","properties":{"code":"1218042017","desa":"Rambung Sialang Hulu","kecamatan":"Sei Rampah","kecCode":"121804","kabCode":"1218","province":"Sumatera Utara"},"geometry":{"type":"Polygon","coordinates":[[[99.02541940338283,3.412149300681232],[99.01610596671708,3.380217852537785],[98.98186195866252,3.414907385595954],[98.99841551156669,3.4304287973630014],[99.00451034477663,3.4211375307942613],[99.00858856970677,3.4221598126459987],[99.01638035976582,3.4179452091294475],[99.01695142926512,3.419672697060773],[99.02178744633365,3.4191206626125465],[99.02541940338283,3.412149300681232]]]}},{"type":"Feature","properties":{"code":"1218042018","desa":"Rambung Sialang Tengah","kecamatan":"Sei Rampah","kecCode":"121804","kabCode":"1218","province":"Sumatera Utara"},"geometry":{"type":"Polygon","coordinates":[[[99.03825204639485,3.433442373375467],[99.03697379320607,3.4298750847797965],[99.0302306333371,3.4270201491761236],[99.02641103544101,3.420414750163274],[99.02582588255848,3.413509751004309],[99.02178744633365,3.4191206626125465],[99.01695142926512,3.419672697060773],[99.01638035976582,3.4179452091294475],[99.00858856970677,3.4221598126459987],[99.00451034477663,3.4211375307942613],[98.99841551156669,3.4304287973630014],[98.98186195866252,3.414907385595954],[98.97310889226162,3.4243759840827894],[98.97680244837436,3.425551603041206],[98.98176362499133,3.433463310492003],[98.98371478241131,3.4383887966090296],[98.98229900399588,3.442540953900748],[98.99022260858658,3.4427789001247806],[98.99850313341294,3.4499886669342836],[98.99957388962336,3.4544620539666697],[99.00641916031606,3.4581216004136537],[99.01083064431883,3.457949667125754],[99.01226206104536,3.452874291902779],[99.00906597481496,3.449979293300649],[99.01408053788658,3.444324866196595],[99.0209138745757,3.4505309725166553],[99.0303396302698,3.4397467126425703],[99.0324322906178,3.441475464121394],[99.03825204639485,3.433442373375467]]]}},{"type":"Feature","properties":{"code":"1218042019","desa":"Rambung Sialang Hilir","kecamatan":"Sei Rampah","kecCode":"121804","kabCode":"1218","province":"Sumatera Utara"},"geometry":{"type":"Polygon","coordinates":[[[99.02724063035089,3.4479674037657464],[99.0324322906178,3.441475464121394],[99.0303396302698,3.4397467126425703],[99.0209138745757,3.4505309725166553],[99.01408053788658,3.444324866196595],[99.00906597481496,3.449979293300649],[99.01226206104536,3.452874291902779],[99.01083064431883,3.457949667125754],[99.00364706396088,3.45603091407975],[99.00674731843405,3.4601765737698136],[99.00629146737737,3.469926691533027],[99.00969908044829,3.472128552957486],[99.01779011272356,3.4714455052736795],[99.02055395240302,3.475426210414823],[99.01905677455055,3.4853246039002324],[99.0223149319886,3.4911038200319866],[99.0379858092977,3.47360759238196],[99.0310533637218,3.473587207449168],[99.03084226136134,3.4708106405671058],[99.04030064176128,3.471014971032377],[99.04628037793712,3.464316538952566],[99.04296975944692,3.4640110770254036],[99.04342262925098,3.4618629644823087],[99.02724063035089,3.4479674037657464]]]}},{"type":"Feature","properties":{"code":"1218042024","desa":"Simpang Empat","kecamatan":"Sei Rampah","kecCode":"121804","kabCode":"1218","province":"Sumatera Utara"},"geometry":{"type":"MultiPolygon","coordinates":[[[[99.09910449727477,3.469168994723594],[99.10417646856921,3.4651156900117224],[99.08211619860373,3.45322929658218],[99.07344011057266,3.4528084786161886],[99.0511702796847,3.4399086643550696],[99.0440348975925,3.4325679580544417],[99.03825204639485,3.433442373375467],[99.0370992207525,3.4358938695125008],[99.04111909497031,3.438577831404939],[99.04178967085669,3.4418980447585317],[99.04565800841044,3.440094690019439],[99.06108662904478,3.45291282875176],[99.06950118433225,3.4549712842828395],[99.07033189799874,3.4613125883839486],[99.07323988101575,3.4612761793309352],[99.07312251139484,3.4569698278786465],[99.07487808335692,3.4567706586225793],[99.08056834305465,3.460995125903353],[99.08881498772153,3.459411166173136],[99.08883375837132,3.467616768471041],[99.08552063796714,3.4678884833384305],[99.08378267293205,3.4637451259128986],[99.08144188333631,3.463871988777243],[99.08292799862829,3.470838028520678],[99.09910449727477,3.469168994723594]]],[[[99.07908762009765,3.4992273654885655],[99.08424964590449,3.488449863120232],[99.08165603259988,3.481406657948021],[99.08358339665646,3.4775995210622677],[99.07838647175834,3.4707914850075525],[99.02724063035089,3.4479674037657464],[99.04342262925098,3.4618629644823087],[99.04296975944692,3.4640110770254036],[99.04628037793712,3.464316538952566],[99.04030064176128,3.471014971032377],[99.03101472435009,3.470695003040565],[99.0310533637218,3.473587207449168],[99.0379858092977,3.47360759238196],[99.04078430165424,3.478074985432902],[99.045736337562,3.4777615060496663],[99.06074309072113,3.4878771514595517],[99.0658078764324,3.485880821095334],[99.07908762009765,3.4992273654885655]]]]}},{"type":"Feature","properties":{"code":"1218042026","desa":"Sinah Kasih","kecamatan":"Sei Rampah","kecCode":"121804","kabCode":"1218","province":"Sumatera Utara"},"geometry":{"type":"MultiPolygon","coordinates":[[[[99.03008678767513,3.4153108052776022],[99.03988211886474,3.4267096519447797],[99.041250479626,3.4254520633792613],[99.04308066474096,3.4276798018962253],[99.04711761258778,3.417432203459273],[99.05502483332947,3.428771611234579],[99.05816667784995,3.426853464331643],[99.05924722857678,3.4304812386301125],[99.0640188200126,3.432353655006964],[99.07171560569071,3.42438271640764],[99.07358831165135,3.426255298259777],[99.07626178655228,3.42203919557335],[99.07798156459755,3.4253231104905266],[99.08197858434424,3.423142453281346],[99.08368855078606,3.4168456062662256],[99.09042291978199,3.4211061210725298],[99.1065629266378,3.4049375112964073],[99.08591594576431,3.3828541935292638],[99.06367225726892,3.377356758376657],[99.06426242477112,3.3809571393256195],[99.06746751141657,3.380723960407796],[99.05316860384805,3.398536684666475],[99.04655202985236,3.4035762012214676],[99.04502144038725,3.4001112761589845],[99.04147450074765,3.401025182509667],[99.03964688679444,3.3983835382160845],[99.02983451525074,3.408878403450636],[99.03008678767513,3.4153108052776022]]],[[[99.05294577702603,3.429071128643045],[99.0440348975925,3.4325679580544417],[99.0511702796847,3.4399086643550696],[99.06442381440758,3.447175691898538],[99.0704961088084,3.4409418927547595],[99.06162411336219,3.4328966323829135],[99.05483689660554,3.435142194563454],[99.05294577702603,3.429071128643045]]]]}},{"type":"Feature","properties":{"code":"1218042027","desa":"Tanah Raja","kecamatan":"Sei Rampah","kecCode":"121804","kabCode":"1218","province":"Sumatera Utara"},"geometry":{"type":"Polygon","coordinates":[[[99.04228804455767,3.5203536840905647],[99.04276823306753,3.536253650184082],[99.04951152963343,3.538699352888481],[99.08443650434128,3.5046031565426303],[99.0658078764324,3.485880821095334],[99.06074309072113,3.4878771514595517],[99.045736337562,3.4777615060496663],[99.042502824246,3.478834006943755],[99.03694683243042,3.4747713007192034],[99.0223149319886,3.4911038200319866],[99.02481484402989,3.499563808160832],[99.0213224356819,3.502954813447879],[99.02494080757224,3.50701144295334],[99.03624852774742,3.5115642428202793],[99.04228804455767,3.5203536840905647]]]}},{"type":"Feature","properties":{"code":"1218052001","desa":"Pekan Tanjung Beringin","kecamatan":"Tanjung Beringin","kecCode":"121805","kabCode":"1218","province":"Sumatera Utara"},"geometry":{"type":"Polygon","coordinates":[[[99.17148262892027,3.4918423873622038],[99.18080330782647,3.500866039971997],[99.18656350240376,3.493607322164218],[99.19219642672378,3.4977206179517912],[99.19489573285188,3.495559052450251],[99.1968371650032,3.497317950103366],[99.20395246073754,3.4917722654236885],[99.19524494769625,3.4853417584682775],[99.19077550058891,3.490021352851025],[99.18138488680313,3.4802293491635226],[99.17148262892027,3.4918423873622038]]]}},{"type":"Feature","properties":{"code":"1218052002","desa":"Nagur","kecamatan":"Tanjung Beringin","kecCode":"121805","kabCode":"1218","province":"Sumatera Utara"},"geometry":{"type":"Polygon","coordinates":[[[99.1544617406169,3.531575276181318],[99.1600790985716,3.538118358471759],[99.16133736432795,3.533180210799679],[99.16850453925314,3.5266060560332866],[99.20294170369675,3.5035864369978107],[99.20469342386245,3.5002982592940612],[99.2012026459854,3.4964463748412675],[99.1992601175604,3.4986396900082983],[99.19466291456195,3.495655847381325],[99.18665907065963,3.503186654174447],[99.1887565270921,3.506517187248524],[99.1544617406169,3.531575276181318]]]}},{"type":"Feature","properties":{"code":"1218052003","desa":"Mangga Dua","kecamatan":"Tanjung Beringin","kecCode":"121805","kabCode":"1218","province":"Sumatera Utara"},"geometry":{"type":"Polygon","coordinates":[[[99.17566217776731,3.497349597246145],[99.16386854040086,3.5063652719700236],[99.16506185442107,3.5093630217131606],[99.15566774227256,3.516039790024246],[99.16088533988659,3.519201926844031],[99.16350641488917,3.525127213560233],[99.1887565270921,3.506517187248524],[99.18622337430935,3.5042379355648894],[99.1921083606124,3.49767240619622],[99.18725397668976,3.493566872457258],[99.18089535343783,3.50083606736689],[99.17566217776731,3.497349597246145]]]}},{"type":"Feature","properties":{"code":"1218052004","desa":"Sukajadi","kecamatan":"Tanjung Beringin","kecCode":"121805","kabCode":"1218","province":"Sumatera Utara"},"geometry":{"type":"Polygon","coordinates":[[[99.13985035640887,3.534938232513099],[99.14372531926813,3.5391710868712902],[99.16350641488917,3.525127213560233],[99.16088533988659,3.519201926844031],[99.1558473269926,3.5161239998425575],[99.14822075678255,3.5201074083458135],[99.13985035640887,3.534938232513099]]]}},{"type":"Feature","properties":{"code":"1218052005","desa":"Tebing Tinggi","kecamatan":"Tanjung Beringin","kecCode":"121805","kabCode":"1218","province":"Sumatera Utara"},"geometry":{"type":"Polygon","coordinates":[[[99.20469342386245,3.5002982592940612],[99.20668237259348,3.4987684072746683],[99.20775372505442,3.501557759818253],[99.20968430059007,3.499055554508444],[99.2117529400462,3.5057748121887977],[99.21646675363779,3.507301463521071],[99.2175365898418,3.5043929499071704],[99.222031194584,3.5057979175707445],[99.23010483397097,3.5006485767069297],[99.26298323408905,3.4592162713947445],[99.258033956402,3.4544954215125436],[99.24828768233071,3.45160199762324],[99.19761504260019,3.4960799604631623],[99.1992601175604,3.4986396900082983],[99.20153186530341,3.496615609263722],[99.20469342386245,3.5002982592940612]]]}},{"type":"Feature","properties":{"code":"1218052006","desa":"Pematang Cermai","kecamatan":"Tanjung Beringin","kecCode":"121805","kabCode":"1218","province":"Sumatera Utara"},"geometry":{"type":"Polygon","coordinates":[[[99.180477494241,3.4813001404463546],[99.19077550058891,3.490021352851025],[99.19524494769625,3.4853417584682775],[99.20395246073754,3.4917722654236885],[99.21915611326408,3.476793929058638],[99.20900312709273,3.465402210417966],[99.20583707642,3.465059971615037],[99.21253153440283,3.4352796946089286],[99.20809785333329,3.43349842811856],[99.19303454540801,3.4493694054651725],[99.19132013002002,3.461594828916607],[99.180477494241,3.4813001404463546]]]}},{"type":"Feature","properties":{"code":"1218052007","desa":"Pematang Terang","kecamatan":"Tanjung Beringin","kecCode":"121805","kabCode":"1218","province":"Sumatera Utara"},"geometry":{"type":"Polygon","coordinates":[[[99.21915611326408,3.476793929058638],[99.24770093225224,3.4523084825387893],[99.23182896383565,3.4435904312511227],[99.2232454007547,3.447368258332119],[99.21253153440283,3.4352796946089286],[99.20583707642,3.465059971615037],[99.20900312709273,3.465402210417966],[99.21915611326408,3.476793929058638]]]}},{"type":"Feature","properties":{"code":"1218052008","desa":"Bagan Kuala","kecamatan":"Tanjung Beringin","kecCode":"121805","kabCode":"1218","province":"Sumatera Utara"},"geometry":{"type":"Polygon","coordinates":[[[99.22230917143116,3.5056633942813082],[99.22404976428525,3.5142421639665544],[99.22012072878867,3.519648371890906],[99.24435273918759,3.50230422769265],[99.24559384587933,3.4950121980970077],[99.25787833681585,3.493471752063856],[99.27518177681758,3.486999618188974],[99.27896092860401,3.480023620252444],[99.27818607272911,3.4741073852126125],[99.2620846198094,3.4600959603403116],[99.24263719335185,3.482530681002026],[99.23693186641259,3.4932753320353243],[99.23440923030182,3.493170231865192],[99.23302670431899,3.4978987142936115],[99.22230917143116,3.5056633942813082]]]}},{"type":"Feature","properties":{"code":"1218062001","desa":"Bandar Tengah","kecamatan":"Bandar Khalipah","kecCode":"121806","kabCode":"1218","province":"Sumatera Utara"},"geometry":{"type":"Polygon","coordinates":[[[99.26150387000763,3.401913282814302],[99.28918993266933,3.402939589132191],[99.28260772986287,3.3926737209679394],[99.29354555977982,3.3789069404702157],[99.28335430295878,3.363021683688144],[99.27254012262863,3.363930706720176],[99.26764946994712,3.3568072811222334],[99.25119556372437,3.3505985856540037],[99.2457084599775,3.3566430981917343],[99.23938385268269,3.359369960443667],[99.23712812366404,3.3580850513737777],[99.23168255240789,3.361710641218945],[99.23230907770181,3.364362768010325],[99.23865563474982,3.366374023523171],[99.24501205556196,3.3820110296492603],[99.24433741743793,3.3863664418171022],[99.2510785556309,3.3955614602425945],[99.239223654648,3.4050493213082995],[99.24155981363452,3.4073930184097567],[99.2518392642707,3.402108111942173],[99.25070130981764,3.4075761356666168],[99.26150387000763,3.401913282814302]]]}},{"type":"Feature","properties":{"code":"1218062002","desa":"Juhar","kecamatan":"Bandar Khalipah","kecCode":"121806","kabCode":"1218","province":"Sumatera Utara"},"geometry":{"type":"Polygon","coordinates":[[[99.20809785333329,3.43349842811856],[99.21589131433272,3.4369075214698643],[99.2232454007547,3.447368258332119],[99.253905661717,3.4269760904897733],[99.25622592608568,3.4347905749323218],[99.27766775386378,3.4178312668249613],[99.29541003424572,3.4172427900487734],[99.28438297629339,3.4026568512743984],[99.26150387000763,3.401913282814302],[99.25070130981764,3.4075761356666168],[99.2518392642707,3.402108111942173],[99.2433844868047,3.407329510984859],[99.239223654648,3.4050493213082995],[99.20809785333329,3.43349842811856]]]}},{"type":"Feature","properties":{"code":"1218062003","desa":"Gelam Sei Serimah","kecamatan":"Bandar Khalipah","kecCode":"121806","kabCode":"1218","province":"Sumatera Utara"},"geometry":{"type":"Polygon","coordinates":[[[99.24770093225224,3.4523084825387893],[99.25889056244955,3.4550093840612934],[99.2695470493569,3.4684305622916525],[99.27818607272911,3.4741073852126125],[99.2814426869305,3.472113712345028],[99.28289049380129,3.464101654943159],[99.27126655131035,3.4483646505008507],[99.2827466085692,3.4303444409551944],[99.27650558156738,3.4189467526147896],[99.25622592608568,3.4347905749323218],[99.253905661717,3.4269760904897733],[99.22851659256672,3.4440328365434425],[99.23823945278855,3.445529122266863],[99.24770093225224,3.4523084825387893]]]}},{"type":"Feature","properties":{"code":"1218062004","desa":"Pekan Bandar Khalipah","kecamatan":"Bandar Khalipah","kecCode":"121806","kabCode":"1218","province":"Sumatera Utara"},"geometry":{"type":"Polygon","coordinates":[[[99.2827466085692,3.4303444409551944],[99.27126655131035,3.4483646505008507],[99.28289049380129,3.464101654943159],[99.2814426869305,3.472113712345028],[99.28590180892138,3.4808142007724907],[99.29405384221108,3.4768167061880555],[99.29048465064619,3.4775448215974905],[99.29439177056383,3.4690168600104965],[99.29248156916911,3.4639846846213347],[99.29822761831002,3.46222166807322],[99.30240129908076,3.45632939906659],[99.29970257571335,3.4535237615993934],[99.30108266273476,3.4465757352765065],[99.29702806209541,3.448307983319429],[99.29688130892531,3.4427439191951685],[99.28467800158857,3.4390350863028205],[99.2827466085692,3.4303444409551944]]]}},{"type":"Feature","properties":{"code":"1218062005","desa":"Kayu Besar","kecamatan":"Bandar Khalipah","kecCode":"121806","kabCode":"1218","province":"Sumatera Utara"},"geometry":{"type":"Polygon","coordinates":[[[99.28918993266933,3.402939589132191],[99.28438297629339,3.4026568512743984],[99.29541003424572,3.4172427900487734],[99.27650558156738,3.4189467526147896],[99.2845237417773,3.434936333452068],[99.28387654286819,3.4383025291418505],[99.28926128757843,3.4419920302075098],[99.29688130892531,3.4427439191951685],[99.29702806209541,3.448307983319429],[99.3013301255849,3.446918377874985],[99.29970257571335,3.4535237615993934],[99.30084471740984,3.4550275809435425],[99.30829494675446,3.4485923831243093],[99.31946122155817,3.43267951535679],[99.31124692190797,3.4228405274883675],[99.3063499919586,3.4237542413842235],[99.28918993266933,3.402939589132191]]]}},{"type":"Feature","properties":{"code":"1218072001","desa":"Nagaraja I","kecamatan":"Dolok Merawan","kecCode":"121807","kabCode":"1218","province":"Sumatera Utara"},"geometry":{"type":"Polygon","coordinates":[[[99.09588865203972,3.1346854469067895],[99.07667874282974,3.134128864586957],[99.07394439641683,3.1290768942202707],[99.0652955470519,3.1292244495855113],[99.06533196959481,3.1360368653385353],[99.06132691080836,3.1360190155945533],[99.0613897509363,3.1332506199526486],[99.05172728558578,3.133163499928132],[99.04944735131426,3.143101498657054],[99.09602892829245,3.1428367238578137],[99.09588865203972,3.1346854469067895]]]}},{"type":"Feature","properties":{"code":"1218072002","desa":"Panglong","kecamatan":"Dolok Merawan","kecCode":"121807","kabCode":"1218","province":"Sumatera Utara"},"geometry":{"type":"Polygon","coordinates":[[[99.09167593529622,3.142847294489112],[99.04944735131426,3.143101498657054],[99.049983722271,3.149340535452426],[99.05513793926457,3.152562432222021],[99.05704653177207,3.1623608318878373],[99.06172393900862,3.1676881332959383],[99.06095698907387,3.1734016620461194],[99.07933900668984,3.1734634562624646],[99.0876861658839,3.1711588976564817],[99.09316366666995,3.173163746399094],[99.09167593529622,3.142847294489112]]]}},{"type":"Feature","properties":{"code":"1218072003","desa":"Bandarawan","kecamatan":"Dolok Merawan","kecCode":"121807","kabCode":"1218","province":"Sumatera Utara"},"geometry":{"type":"Polygon","coordinates":[[[99.10675690320858,3.173542401449554],[99.0876861658839,3.1711588976564817],[99.07933900668984,3.1734634562624646],[99.06095698907387,3.1734016620461194],[99.06410316382998,3.185432588219403],[99.06058991459291,3.1871303193829132],[99.05589440939951,3.1975128467035008],[99.10712333737216,3.194814446195615],[99.10675690320858,3.173542401449554]]]}},{"type":"Feature","properties":{"code":"1218072004","desa":"Gunung Para Ii","kecamatan":"Dolok Merawan","kecCode":"121807","kabCode":"1218","province":"Sumatera Utara"},"geometry":{"type":"Polygon","coordinates":[[[99.11290403199551,3.1429316661854383],[99.09167593529622,3.142847294489112],[99.09315691006337,3.1730814755190475],[99.1129106806834,3.173605074303541],[99.11273920065366,3.1692534770598346],[99.10973293522682,3.168014359669788],[99.10764599726502,3.165567361941713],[99.11281073992375,3.1649561359151206],[99.11290403199551,3.1429316661854383]]]}},{"type":"Feature","properties":{"code":"1218072005","desa":"Limbong","kecamatan":"Dolok Merawan","kecCode":"121807","kabCode":"1218","province":"Sumatera Utara"},"geometry":{"type":"MultiPolygon","coordinates":[[[[99.07323152631398,3.12703563552538],[99.05044422012473,3.1186070112529056],[99.04977195531154,3.119998737298694],[99.05294094586804,3.1285678257821194],[99.05172728558578,3.133163499928132],[99.0613897509363,3.1332506199526486],[99.06132691080836,3.1360190155945533],[99.06533196959481,3.1360368653385353],[99.0652955470519,3.1292244495855113],[99.07301088034791,3.1292863634117407],[99.07323152631398,3.12703563552538]]],[[[99.10986685686997,3.1406914198975127],[99.09768536169014,3.1350289834313667],[99.09588865203972,3.1346854469067895],[99.09603203904743,3.143018794303834],[99.10994632186532,3.14305360436222],[99.10986685686997,3.1406914198975127]]],[[[99.11380067406189,3.1432884128515703],[99.11281903886761,3.1584694213319073],[99.11654291292511,3.1584308413155324],[99.11795777583073,3.1471106367639567],[99.11380067406189,3.1432884128515703]]]]}},{"type":"Feature","properties":{"code":"1218072006","desa":"Dolok Merawan","kecamatan":"Dolok Merawan","kecCode":"121807","kabCode":"1218","province":"Sumatera Utara"},"geometry":{"type":"MultiPolygon","coordinates":[[[[99.13111708588485,3.157343738129396],[99.11795777583073,3.1471106367639567],[99.11654291292511,3.1584308413155324],[99.11281903886761,3.1584694213319073],[99.11281073992375,3.1649561359151206],[99.10764599726502,3.165567361941713],[99.11273920065366,3.1692534770598346],[99.1129106806834,3.173605074303541],[99.13265704088978,3.1740918215686227],[99.1334638020129,3.1657541924992922],[99.13111708588485,3.157343738129396]]],[[[99.07605551534982,3.1962622071994122],[99.07761288842413,3.19971805360587],[99.08331921900678,3.1985053025395858],[99.08150990895517,3.1962798815755935],[99.07605551534982,3.1962622071994122]]],[[[99.0684050168781,3.197049839741769],[99.05589440939951,3.1975128467035008],[99.05878879196922,3.2043200050198033],[99.06420524227815,3.204098592831632],[99.06500825142973,3.2081595246937584],[99.07003692936087,3.2091925318602],[99.0684050168781,3.197049839741769]]]]}},{"type":"Feature","properties":{"code":"1218072007","desa":"Paritokan","kecamatan":"Dolok Merawan","kecCode":"121807","kabCode":"1218","province":"Sumatera Utara"},"geometry":{"type":"Polygon","coordinates":[[[99.14555318683016,3.172054903901183],[99.13849345660782,3.1713108920753106],[99.13115798075624,3.1744487409045568],[99.1129793097474,3.1736070456174867],[99.11954748133127,3.1866970512026276],[99.11937426471059,3.1916070932620633],[99.14165557994113,3.1924088325700533],[99.15183949559628,3.1868448808610688],[99.14792360009416,3.1822133876172094],[99.14555318683016,3.172054903901183]]]}},{"type":"Feature","properties":{"code":"1218072008","desa":"Kalembak","kecamatan":"Dolok Merawan","kecCode":"121807","kabCode":"1218","province":"Sumatera Utara"},"geometry":{"type":"Polygon","coordinates":[[[99.10675690320858,3.173542401449554],[99.10712333737216,3.194814446195615],[99.11149537441206,3.1946553732129495],[99.1125090083841,3.204410204322987],[99.11913155207952,3.204267044843935],[99.11747931132123,3.194419701374423],[99.11954748133127,3.1866970512026276],[99.1129793097474,3.1736070456174867],[99.10675690320858,3.173542401449554]]]}},{"type":"Feature","properties":{"code":"1218072009","desa":"Afd. VI Dolok Ilir","kecamatan":"Dolok Merawan","kecCode":"121807","kabCode":"1218","province":"Sumatera Utara"},"geometry":{"type":"Polygon","coordinates":[[[99.1758636483887,3.168215551501122],[99.16209365819581,3.157219888893265],[99.16005959227641,3.15231882926241],[99.15285533470596,3.1501419204275156],[99.15071479804953,3.16694692465689],[99.14555318683016,3.172054903901183],[99.1510428896177,3.1864441024882924],[99.15294607989772,3.1835697010588815],[99.15402643906896,3.185568927240043],[99.15588933342605,3.1841392192270095],[99.15324382744075,3.188509320921133],[99.15657458444957,3.192154757904511],[99.15562123203425,3.196868388029319],[99.15905954436253,3.1973473498634406],[99.15803477588423,3.2109585278622483],[99.17221592532472,3.204058649443002],[99.17069772402078,3.1995710315386443],[99.1754656965847,3.1856197659152894],[99.16769722504692,3.179297215376849],[99.1758636483887,3.168215551501122]]]}},{"type":"Feature","properties":{"code":"1218072010","desa":"Pabatu I","kecamatan":"Dolok Merawan","kecCode":"121807","kabCode":"1218","province":"Sumatera Utara"},"geometry":{"type":"Polygon","coordinates":[[[99.11913155207952,3.204267044843935],[99.1125090083841,3.204410204322987],[99.10312572677093,3.2152172898898903],[99.10594692521049,3.207119074738096],[99.09901291391492,3.209306322179246],[99.09909373958446,3.2132742794304123],[99.0934495836314,3.2152990832298647],[99.09111731601138,3.218828775667404],[99.09612816937958,3.2275213185845426],[99.09255151793825,3.2311471296629315],[99.0956292174145,3.236696479979218],[99.10832716536645,3.237409628871182],[99.10989406226122,3.2441087687173518],[99.1144741943287,3.2441093883502297],[99.11501277042305,3.238400950662155],[99.12373141527262,3.236464708500373],[99.12162344666478,3.2072606397191845],[99.11926725258171,3.207286417886284],[99.11913155207952,3.204267044843935]]]}},{"type":"Feature","properties":{"code":"1218072011","desa":"Afd. VII Dolok Ilir","kecamatan":"Dolok Merawan","kecCode":"121807","kabCode":"1218","province":"Sumatera Utara"},"geometry":{"type":"Polygon","coordinates":[[[99.20692328298314,3.2239313697713534],[99.20806219971081,3.215629895246867],[99.20291646782077,3.2130292492466483],[99.20054000122012,3.208542759092103],[99.2019622133855,3.205262956774668],[99.19481938670536,3.1993173570714255],[99.19709050762089,3.1950428802903126],[99.19674971942406,3.1784769887056212],[99.1758636483887,3.168215551501122],[99.16769722504692,3.179297215376849],[99.1754656965847,3.1856197659152894],[99.17069772402078,3.1995710315386443],[99.17177807959472,3.2012445430601755],[99.17197579644589,3.1994532068608774],[99.17564806020988,3.199470675292258],[99.17519033856331,3.2071878342037228],[99.18159123264934,3.215057589180427],[99.18263039297828,3.231580864591415],[99.20692328298314,3.2239313697713534]]]}},{"type":"Feature","properties":{"code":"1218072012","desa":"Pabatu Ii","kecamatan":"Dolok Merawan","kecCode":"121807","kabCode":"1218","province":"Sumatera Utara"},"geometry":{"type":"Polygon","coordinates":[[[99.14165557994113,3.1924088325700533],[99.11914493489085,3.191588143647307],[99.11747931132123,3.194419701374423],[99.11926725258171,3.207286417886284],[99.12162344666478,3.2072606397191845],[99.1231347492693,3.2125003948241613],[99.12615766834176,3.2130278606934057],[99.12567705265394,3.215996751192111],[99.14058037568383,3.217769142273164],[99.14159878595524,3.2147689355822386],[99.14441877570601,3.219722295286649],[99.15345840388227,3.222284272237605],[99.15287829799513,3.2252947473876437],[99.15669469790203,3.227316449425348],[99.15657242697598,3.220510020459212],[99.16004420937281,3.2204622646599406],[99.1596962140091,3.2110511850125234],[99.13714465879899,3.209817296280878],[99.13922274833124,3.201810417175313],[99.1559291203327,3.2017808600569837],[99.14165557994113,3.1924088325700533]]]}},{"type":"Feature","properties":{"code":"1218072013","desa":"Mainu Tengah","kecamatan":"Dolok Merawan","kecCode":"121807","kabCode":"1218","province":"Sumatera Utara"},"geometry":{"type":"MultiPolygon","coordinates":[[[[99.15183949559628,3.1868448808610688],[99.14165557994113,3.1924088325700533],[99.1559291203327,3.2017808600569837],[99.13922274833124,3.201810417175313],[99.13714465879899,3.209817296280878],[99.1572343190087,3.2098143923700277],[99.15905954436253,3.1973473498634406],[99.15562123203425,3.196868388029319],[99.15657458444957,3.192154757904511],[99.15324382744075,3.188509320921133],[99.15588933342605,3.1841392192270095],[99.15402643906896,3.185568927240043],[99.15294607989772,3.1835697010588815],[99.15183949559628,3.1868448808610688]]],[[[99.14623752234381,3.224625967448082],[99.14608504588823,3.228389539375362],[99.1511795595891,3.228406885498956],[99.15119700643673,3.224634286177045],[99.14623752234381,3.224625967448082]]]]}},{"type":"Feature","properties":{"code":"1218072014","desa":"Bahdamar","kecamatan":"Dolok Merawan","kecCode":"121807","kabCode":"1218","province":"Sumatera Utara"},"geometry":{"type":"Polygon","coordinates":[[[99.17221592532472,3.204058649443002],[99.15964511542977,3.209636975016272],[99.16004420937281,3.2204622646599406],[99.18212660266062,3.223569006839001],[99.18159123264934,3.215057589180427],[99.17221592532472,3.204058649443002]]]}},{"type":"Feature","properties":{"code":"1218072015","desa":"Pabatu Iii","kecamatan":"Dolok Merawan","kecCode":"121807","kabCode":"1218","province":"Sumatera Utara"},"geometry":{"type":"Polygon","coordinates":[[[99.12208114762694,3.2108651458583166],[99.12373141527262,3.236464708500373],[99.12840904644041,3.23815110730683],[99.12635940696111,3.2408779066062543],[99.12750304782747,3.244955697159439],[99.1351446502055,3.2469608723559547],[99.13693856656162,3.239860433429493],[99.13503522069891,3.24051603200575],[99.13454533569876,3.2370754111215567],[99.1323702138144,3.239424243351844],[99.13042355840054,3.235760461997376],[99.15683343001884,3.2350467995925554],[99.15669469790203,3.227316449425348],[99.15287829799513,3.2252947473876437],[99.15345840388227,3.222284272237605],[99.14441877570601,3.219722295286649],[99.14159878595524,3.2147689355822386],[99.14058037568383,3.217769142273164],[99.13184393684827,3.217615100997353],[99.12567705265394,3.215996751192111],[99.12615766834176,3.2130278606934057],[99.12208114762694,3.2108651458583166]]]}},{"type":"Feature","properties":{"code":"1218072016","desa":"Pabatu Vi","kecamatan":"Dolok Merawan","kecCode":"121807","kabCode":"1218","province":"Sumatera Utara"},"geometry":{"type":"Polygon","coordinates":[[[99.07605551534982,3.1962622071994122],[99.0684050168781,3.197049839741769],[99.07003692936087,3.2091925318602],[99.08764433032167,3.2184578574844656],[99.09175661077903,3.218700349781395],[99.0934495836314,3.2152990832298647],[99.09909373958446,3.2132742794304123],[99.0986903154058,3.2095492092785225],[99.10296369861584,3.209467928552103],[99.10522117591658,3.206471440557808],[99.10312572677093,3.2152172898898903],[99.1125090083841,3.204410204322987],[99.11149537441206,3.1946553732129495],[99.08150990895517,3.1962798815755935],[99.08331921900678,3.1985053025395858],[99.07761288842413,3.19971805360587],[99.07605551534982,3.1962622071994122]]]}},{"type":"Feature","properties":{"code":"1218072017","desa":"Korajim","kecamatan":"Dolok Merawan","kecCode":"121807","kabCode":"1218","province":"Sumatera Utara"},"geometry":{"type":"MultiPolygon","coordinates":[[[[99.17221592532472,3.204058649443002],[99.1757123059782,3.2067444423551463],[99.17564806020988,3.199470675292258],[99.17197579644589,3.1994532068608774],[99.17221592532472,3.204058649443002]]],[[[99.18212660266062,3.223569006839001],[99.17375302768016,3.2237440652710196],[99.17413967590538,3.22145511260044],[99.15657242697598,3.220510020459212],[99.15683343001884,3.2350467995925554],[99.16462879758103,3.234894870824218],[99.16457008264327,3.2388240996708415],[99.16816598856956,3.2388811805403455],[99.16826750584077,3.233616384712352],[99.18263039297828,3.231580864591415],[99.18212660266062,3.223569006839001]]],[[[99.20692328298314,3.2239313697713534],[99.18677455260358,3.2304842924434904],[99.18780179241884,3.244294593832836],[99.20692328298314,3.2239313697713534]]]]}},{"type":"Feature","properties":{"code":"1218082001","desa":"Sipispis","kecamatan":"Sipispis","kecCode":"121808","kabCode":"1218","province":"Sumatera Utara"},"geometry":{"type":"Polygon","coordinates":[[[98.96540777364986,3.1444967761256013],[98.98292340688975,3.1681450185724964],[98.9905664940485,3.1626055023427564],[98.99115287180763,3.1686630649426233],[98.99561678988299,3.170535263683627],[99.01341051688189,3.160646775331218],[99.0104141404003,3.150241584195867],[99.00520216175045,3.152956866777093],[98.99441983180985,3.1518440789534377],[98.99527488562751,3.1456559087122633],[98.99170181798456,3.143294608281127],[98.96904674271309,3.141421664901576],[98.96540777364986,3.1444967761256013]]]}},{"type":"Feature","properties":{"code":"1218082002","desa":"Serbananti","kecamatan":"Sipispis","kecCode":"121808","kabCode":"1218","province":"Sumatera Utara"},"geometry":{"type":"Polygon","coordinates":[[[98.98973077295688,3.1434212499122247],[98.99467047106542,3.1444492568480715],[98.99441983180985,3.1518440789534377],[99.00520216175045,3.152956866777093],[99.01050330008728,3.1501793852845537],[99.00576827238791,3.1415315836391784],[98.99526396156261,3.135490709758476],[98.99428494879139,3.1294978875539936],[98.98657187639104,3.129841603943044],[98.98973077295688,3.1434212499122247]]]}},{"type":"Feature","properties":{"code":"1218082003","desa":"Bartong","kecamatan":"Sipispis","kecCode":"121808","kabCode":"1218","province":"Sumatera Utara"},"geometry":{"type":"Polygon","coordinates":[[[98.97279371405868,3.13127233718322],[98.97271029744235,3.1383257442646597],[98.96904674271309,3.141421664901576],[98.98973077295688,3.1434212499122247],[98.98657187639104,3.129841603943044],[98.99428494879139,3.1294978875539936],[98.98923541288406,3.1249239635115904],[98.98286379982454,3.1292702691443814],[98.97279371405868,3.13127233718322]]]}},{"type":"Feature","properties":{"code":"1218082004","desa":"Marubun","kecamatan":"Sipispis","kecCode":"121808","kabCode":"1218","province":"Sumatera Utara"},"geometry":{"type":"MultiPolygon","coordinates":[[[[99.03617766566678,3.125972039718206],[99.03688333939463,3.134405836891104],[99.04245807757826,3.134618229778484],[99.03868251228818,3.1265390865493154],[99.03617766566678,3.125972039718206]]],[[[99.01836214899403,3.130542674939906],[99.01314631764846,3.130644533953377],[99.01342370274176,3.136145130222923],[99.01856727176227,3.1356406798034393],[99.01836214899403,3.130542674939906]]],[[[99.00675745559215,3.1427554728090104],[99.0139637654155,3.161329537929914],[99.02118127629488,3.164882071348782],[99.02330131740194,3.1598510255081087],[99.0208993037599,3.1574900839064908],[99.02231373589022,3.1431128957653676],[99.0292416560776,3.1438189588988448],[99.02941785934676,3.1387116163745827],[99.01657829065569,3.138689565897328],[99.01648835755174,3.143023099358451],[99.00675745559215,3.1427554728090104]]]]}},{"type":"Feature","properties":{"code":"1218082005","desa":"Pispis","kecamatan":"Sipispis","kecCode":"121808","kabCode":"1218","province":"Sumatera Utara"},"geometry":{"type":"Polygon","coordinates":[[[99.0292416560776,3.1438189588988448],[99.02231373589022,3.1431128957653676],[99.0208993037599,3.1574900839064908],[99.02330131740194,3.1598510255081087],[99.02105528487357,3.1655399631962844],[99.02649012182171,3.1769450394672347],[99.03333207221743,3.182420556342879],[99.03936087540417,3.1702606592944536],[99.03755248356032,3.1672720565558334],[99.03966544700285,3.1613709930789375],[99.03355499077024,3.1527668625120278],[99.02961090242125,3.152268881815376],[99.0292416560776,3.1438189588988448]]]}},{"type":"Feature","properties":{"code":"1218082006","desa":"Baja Dolok","kecamatan":"Sipispis","kecCode":"121808","kabCode":"1218","province":"Sumatera Utara"},"geometry":{"type":"Polygon","coordinates":[[[99.04944735131426,3.143101498657054],[99.04312386367542,3.1428775836556326],[99.04312875958463,3.1388245109688238],[99.02941785934676,3.1387116163745827],[99.02961090242125,3.152268881815376],[99.03355499077024,3.1527668625120278],[99.03937990955524,3.1604192090823178],[99.03755248356032,3.1672720565558334],[99.03936087540417,3.1702606592944536],[99.0373068517299,3.1722987694628744],[99.0413649273496,3.1722986147794994],[99.0470652459644,3.1772567085151757],[99.04733313961276,3.180087569267695],[99.05315012008202,3.1823996498033167],[99.04803402535003,3.1916191073052995],[99.05597067190904,3.1982012642391826],[99.05674708540971,3.1929718963038574],[99.06411152842435,3.185138576460476],[99.06061675755738,3.17509065090002],[99.0618629058485,3.1680808240655964],[99.05704653177207,3.1623608318878373],[99.05513793926457,3.152562432222021],[99.049983722271,3.149340535452426],[99.04944735131426,3.143101498657054]]]}},{"type":"Feature","properties":{"code":"1218082007","desa":"Tinokkah","kecamatan":"Sipispis","kecCode":"121808","kabCode":"1218","province":"Sumatera Utara"},"geometry":{"type":"MultiPolygon","coordinates":[[[[99.0171360375981,3.122513444983608],[99.01434679926541,3.1169371141066273],[99.01103396664428,3.116958642977118],[99.01121543184676,3.1225943839676646],[99.0171360375981,3.122513444983608]]],[[[98.97759732135931,3.1186548542863566],[98.98878681755764,3.122654344466365],[98.99428494879139,3.1294978875539936],[98.99526396156261,3.135490709758476],[99.00648716704916,3.142270891111445],[99.00764558827335,3.132388970507964],[99.00105441383022,3.1282909703898034],[99.00084515328126,3.1168371292803196],[98.9857856989509,3.1009386272832926],[98.97918797834257,3.102966848506528],[98.97759732135931,3.1186548542863566]]],[[[99.02206831989713,3.1220375345491913],[99.02223661992412,3.1273554955985374],[99.02253166590373,3.1279395899783173],[99.02383351280643,3.1249076704940624],[99.02206831989713,3.1220375345491913]]]]}},{"type":"Feature","properties":{"code":"1218082008","desa":"Nagur Pane","kecamatan":"Sipispis","kecCode":"121808","kabCode":"1218","province":"Sumatera Utara"},"geometry":{"type":"Polygon","coordinates":[[[99.05016852665625,3.11843319388529],[99.04603976792099,3.1127403126700077],[99.036487692553,3.1121902729180277],[99.03259822542782,3.1092639644188695],[99.02173534860752,3.1097590061311013],[99.02014809196093,3.1151256312949345],[99.01449306140574,3.1177584145684536],[99.0171360375981,3.122513444983608],[99.013615622563,3.1224874869521138],[99.0110476453326,3.134086108118969],[99.0079594849423,3.134753355613722],[99.00648716704916,3.142270891111445],[99.01648835755174,3.143023099358451],[99.01657829065569,3.138689565897328],[99.04312875958463,3.1388245109688238],[99.04312386367542,3.1428775836556326],[99.04943974484841,3.1428136895222885],[99.05294438577484,3.1298626822531554],[99.05016852665625,3.11843319388529]]]}},{"type":"Feature","properties":{"code":"1218082009","desa":"Parlambean","kecamatan":"Sipispis","kecCode":"121808","kabCode":"1218","province":"Sumatera Utara"},"geometry":{"type":"Polygon","coordinates":[[[99.0343610845964,3.091708949885612],[99.0264577920935,3.0896863323380392],[99.01439499303454,3.0788520674603537],[99.00373401131564,3.0790405347840477],[99.00431035803666,3.1006403635297044],[98.98759147466687,3.1008899415850664],[98.9896121685668,3.106043387853966],[99.00084515328126,3.1168371292803196],[99.00105441383022,3.1282909703898034],[99.00523945573633,3.130077182252076],[99.0079594849423,3.134753355613722],[99.0110476453326,3.134086108118969],[99.01360664732897,3.1243766226251397],[99.013615622563,3.1224874869521138],[99.01121543184676,3.1225943839676646],[99.01103396664428,3.116958642977118],[99.02014809196093,3.1151256312949345],[99.02173534860752,3.1097590061311013],[99.0339347942554,3.1092543245858346],[99.03257802665468,3.095581286720267],[99.0343610845964,3.091708949885612]]]}},{"type":"Feature","properties":{"code":"1218082010","desa":"Naga Raja","kecamatan":"Sipispis","kecCode":"121808","kabCode":"1218","province":"Sumatera Utara"},"geometry":{"type":"Polygon","coordinates":[[[98.98134252373853,3.081716644695688],[98.97918797834257,3.102966848506528],[99.00431035803666,3.1006403635297044],[99.00373401131564,3.0790405347840477],[98.98134252373853,3.081716644695688]]]}},{"type":"Feature","properties":{"code":"1218082011","desa":"Mariah Nagur","kecamatan":"Sipispis","kecCode":"121808","kabCode":"1218","province":"Sumatera Utara"},"geometry":{"type":"Polygon","coordinates":[[[99.00740807732097,3.0729150958528293],[99.00700559563175,3.0681227049019286],[99.01049133640612,3.049195106392602],[99.00193597966177,3.039926446082187],[99.00000000009997,3.0251682052979807],[98.96812362910225,3.0181519644987764],[98.98279758274231,3.035084719223251],[98.9833835279275,3.043819380988994],[98.99525026129061,3.0540910183040895],[98.99566534697821,3.057605518494315],[99.00414626683681,3.068208949886079],[99.00373117305524,3.0713663724596567],[99.00740807732097,3.0729150958528293]]]}},{"type":"Feature","properties":{"code":"1218082012","desa":"Rimbun","kecamatan":"Sipispis","kecCode":"121808","kabCode":"1218","province":"Sumatera Utara"},"geometry":{"type":"Polygon","coordinates":[[[98.92689519375823,3.015879283261972],[98.9362622408098,3.03030172348976],[98.94211142420293,3.0318410363770765],[98.95386017820469,3.0409705859561833],[98.95675062084456,3.0495892252856147],[98.97008957857126,3.064991340184597],[98.97648803819247,3.0690866054644075],[98.98134252373853,3.081716644695688],[99.01439499303454,3.0788520674603537],[99.00862330512149,3.0713478023587015],[99.00740807732097,3.0729150958528293],[99.00373117305524,3.0713663724596567],[99.00414626683681,3.068208949886079],[98.99566534697821,3.057605518494315],[98.99525026129061,3.0540910183040895],[98.9833835279275,3.043819380988994],[98.98279758274231,3.035084719223251],[98.96812362910225,3.0181519644987764],[98.92689519375823,3.015879283261972]]]}},{"type":"Feature","properties":{"code":"1218082013","desa":"Marjanji","kecamatan":"Sipispis","kecCode":"121808","kabCode":"1218","province":"Sumatera Utara"},"geometry":{"type":"MultiPolygon","coordinates":[[[[99.0372168646666,3.1728054079329007],[99.02769489230548,3.191677816847047],[99.03674978287626,3.1993403653265933],[99.04399436784585,3.1899540691960904],[99.04803402535003,3.1916191073052995],[99.05332910675291,3.18437669870284],[99.04350315994292,3.173832281723003],[99.0372168646666,3.1728054079329007]]],[[[99.05613417225429,3.2357175643358334],[99.05051985041081,3.2209317188613995],[99.03955101186978,3.2152455007230785],[99.0366387552744,3.2093466657661804],[99.03336188474326,3.2084607355256454],[99.03051242241042,3.2030950888242056],[99.02819924559877,3.203402753191093],[99.03146628294269,3.196056470194472],[99.0261739390761,3.1976127092220255],[99.02370148063886,3.1938065130271047],[99.02006243873062,3.195152054389327],[99.02346462439293,3.1926188134757707],[99.02023334409363,3.189696691320684],[99.0196663566171,3.1923203428781055],[99.01869423625004,3.189380074202821],[99.01813625728249,3.1927184394725745],[99.01620109430513,3.1908909712114903],[99.01633606006116,3.1880773423686373],[99.01400489860725,3.1873264732121585],[99.0180731005932,3.1840061483426556],[99.01624596507928,3.1823596191804273],[99.01939613102665,3.181255826375844],[99.01882651932844,3.1787184278964147],[99.01588424785979,3.1818736300438775],[99.01651208166732,3.1848269119091275],[99.01303030960116,3.1877474557540166],[99.01587600467394,3.1945991287129587],[99.01723058422414,3.193603650255465],[99.01785847289027,3.1990123502011545],[99.02069987370025,3.1989792182776724],[99.02268769378207,3.2024781152304556],[99.01895386063222,3.205431481631974],[99.01966533408796,3.2124454597370087],[99.02549793757981,3.215967168892764],[99.02706924924648,3.2199594105370974],[99.03847545687687,3.2252718398565325],[99.03913040164677,3.22729078277418],[99.03599755124606,3.2281510463635796],[99.04001231641536,3.2371616147368636],[99.04260452767686,3.2352342102128633],[99.05562091207548,3.247426414506518],[99.05613417225429,3.2357175643358334]]],[[[99.09111731601138,3.218828775667404],[99.06500825142973,3.2081595246937584],[99.06321870308072,3.211334011003845],[99.06596797194442,3.2171604028720364],[99.0771636725655,3.2181539369952996],[99.07759429134352,3.225368900986888],[99.08314508507766,3.222517802790339],[99.08878972756393,3.23188324544122],[99.09571176438645,3.2292464287083873],[99.09111731601138,3.218828775667404]]]]}},{"type":"Feature","properties":{"code":"1218082014","desa":"Silau Padang","kecamatan":"Sipispis","kecCode":"121808","kabCode":"1218","province":"Sumatera Utara"},"geometry":{"type":"Polygon","coordinates":[[[98.97977764132513,3.1653997480975793],[98.98545558121015,3.173325944525827],[98.98731080524954,3.1840446986814173],[98.99845513119942,3.188642800097718],[99.00308159813733,3.2015970844964],[99.00788789171285,3.207590395032772],[99.00642290509306,3.211324645464034],[99.00838452432639,3.212612702161087],[99.00492906462472,3.2132341426875035],[99.00783017592192,3.218336930145649],[99.00218439309532,3.218024836617716],[99.00369147787944,3.2197785415853595],[99.01214556556545,3.2222898732152614],[99.01202351767125,3.224509223755515],[99.02923948601352,3.22642344961424],[99.03157204591326,3.22882318347229],[99.03913040164677,3.22729078277418],[99.03277664732445,3.2213933165854365],[99.02706924924648,3.2199594105370974],[99.02549793757981,3.215967168892764],[99.01950162689862,3.212178292741121],[99.01895386063222,3.205431481631974],[99.02268769378207,3.2024781152304556],[99.02069987370025,3.1989792182776724],[99.01785847289027,3.1990123502011545],[99.01723058422414,3.193603650255465],[99.01587600467394,3.1945991287129587],[99.01303030960116,3.1877474557540166],[99.02379830974427,3.172426676440039],[99.02053997783776,3.163799833494969],[99.01326650934197,3.160601541231064],[98.99561678988299,3.170535263683627],[98.99115287180763,3.1686630649426233],[98.9905664940485,3.1626055023427564],[98.98352924777662,3.1680949865891654],[98.97977764132513,3.1653997480975793]]]}},{"type":"Feature","properties":{"code":"1218082015","desa":"Buluh Duri","kecamatan":"Sipispis","kecCode":"121808","kabCode":"1218","province":"Sumatera Utara"},"geometry":{"type":"Polygon","coordinates":[[[99.06314253589936,3.212289890513051],[99.06420524227815,3.204098592831632],[99.05878879196922,3.2043200050198033],[99.05597067190904,3.1982012642391826],[99.04662202228853,3.1909101114825753],[99.04399436784585,3.1899540691960904],[99.03674978287626,3.1993403653265933],[99.02769489230548,3.191677816847047],[99.03333207221743,3.182420556342879],[99.02379830974427,3.172426676440039],[99.01882651932844,3.1787184278964147],[99.01939613102665,3.181255826375844],[99.01685797891264,3.180984460445312],[99.0180731005932,3.1840061483426556],[99.01400489860725,3.1873264732121585],[99.01633606006116,3.1880773423686373],[99.01723618969845,3.192365621045084],[99.01869423625004,3.189380074202821],[99.01928832029978,3.1918227623796853],[99.02033239182644,3.1917775066957654],[99.02023334409363,3.189696691320684],[99.02346462439293,3.1926188134757707],[99.02006243873062,3.195152054389327],[99.02370148063886,3.1938065130271047],[99.0261739390761,3.1976127092220255],[99.03146628294269,3.196056470194472],[99.02874100169595,3.20424580825312],[99.03051242241042,3.2030950888242056],[99.03955101186978,3.2152455007230785],[99.05051985041081,3.2209317188613995],[99.05578019460035,3.2334066367311114],[99.06403270464567,3.2292484764647296],[99.0747970562392,3.2187170070242885],[99.07419331706795,3.217045049531297],[99.06532044298409,3.216663139834298],[99.06314253589936,3.212289890513051]]]}},{"type":"Feature","properties":{"code":"1218082016","desa":"Gunung Monako","kecamatan":"Sipispis","kecCode":"121808","kabCode":"1218","province":"Sumatera Utara"},"geometry":{"type":"Polygon","coordinates":[[[99.00765870398607,3.208727010394069],[98.97751339572669,3.207528750103862],[98.97823947327309,3.2095636757729773],[98.97355092433577,3.2080543408867257],[98.9718707389435,3.210401522861048],[98.97509506388616,3.213008805857936],[98.98572472941275,3.2129386128730006],[98.98410894357293,3.2221094467299625],[98.9926760949259,3.2221095447560795],[98.99264632556752,3.215544229426101],[98.9961372338463,3.2170494490146986],[98.99573268641439,3.2344737362969247],[98.99711854258675,3.2392451982252255],[99.00360690563421,3.245949605400623],[99.0028480100277,3.249093165824177],[99.00054344242596,3.249327543538287],[99.00174228457881,3.2522367253484306],[99.00531067125051,3.251251153822619],[99.00701021365052,3.2533472234981997],[99.00600409441347,3.2603835506553716],[99.01496889359963,3.2512708453781007],[99.01834431633716,3.2510717552623816],[99.01326766407152,3.2501218976135977],[99.01652601936034,3.2469463447076343],[99.01700297300886,3.2405953288277733],[99.02265563744777,3.2410475673073273],[99.02550876541727,3.232850896176717],[99.02307847529147,3.2316929354066715],[99.03489918674813,3.229150100525493],[99.02923948601352,3.22642344961424],[99.01202351767125,3.224509223755515],[99.01214556556545,3.2222898732152614],[99.00369147787944,3.2197785415853595],[99.00218439309532,3.218024836617716],[99.00783017592192,3.218336930145649],[99.00492906642336,3.2136432388899006],[99.00838452432639,3.212612702161087],[99.00642290509306,3.211324645464034],[99.00765870398607,3.208727010394069]]]}},{"type":"Feature","properties":{"code":"1218082017","desa":"Damak Urat","kecamatan":"Sipispis","kecCode":"121808","kabCode":"1218","province":"Sumatera Utara"},"geometry":{"type":"Polygon","coordinates":[[[98.97751339572669,3.207528750103862],[98.93710897140197,3.207542188673211],[98.94009475297052,3.209834927489553],[98.9400397954003,3.2130649217549356],[98.94643246338751,3.2152335496323867],[98.94925199808131,3.220361660200756],[98.96129567755354,3.228779316341552],[98.96984793433478,3.230197163196197],[98.9703715574015,3.234312443787467],[98.97984437641689,3.242415134865069],[98.98992998358192,3.250353764420569],[98.99632612744887,3.2516857008388778],[99.00061039155639,3.2549966331889135],[99.00166044267534,3.2597075851327384],[99.00590648829386,3.2605243458168376],[99.00701021365052,3.2533472234981997],[99.00531067125051,3.251251153822619],[99.00174228457881,3.2522367253484306],[99.00054344242596,3.249327543538287],[99.0028480100277,3.249093165824177],[99.00360690563421,3.245949605400623],[98.99711854258675,3.2392451982252255],[98.99573268641439,3.2344737362969247],[98.9961372338463,3.2170494490146986],[98.99264632556752,3.215544229426101],[98.9926760949259,3.2221095447560795],[98.98410894357293,3.2221094467299625],[98.98572472941275,3.2129386128730006],[98.97509506388616,3.213008805857936],[98.9718707389435,3.210401522861048],[98.97355092433577,3.2080543408867257],[98.97823947327309,3.2095636757729773],[98.97751339572669,3.207528750103862]]]}},{"type":"Feature","properties":{"code":"1218082018","desa":"Simalas","kecamatan":"Sipispis","kecCode":"121808","kabCode":"1218","province":"Sumatera Utara"},"geometry":{"type":"MultiPolygon","coordinates":[[[[99.02307847529147,3.2316929354066715],[99.02550876541727,3.232850896176717],[99.02265563744777,3.2410475673073273],[99.01700297300886,3.2405953288277733],[99.01652601936034,3.2469463447076343],[99.01326766407152,3.2501218976135977],[99.01834431633716,3.2510717552623816],[99.01496889359963,3.2512708453781007],[99.01415883196461,3.2541930457742043],[99.00721896608246,3.2586894887258007],[99.00731744094719,3.2620555441212944],[99.01604441441826,3.257476258320844],[99.02467709757008,3.26418633841973],[99.02819870060961,3.2628728767742183],[99.0281154188915,3.2599889695108284],[99.02991191270468,3.2621066894653414],[99.03049487933527,3.259691537630176],[99.03557059270874,3.2603210324848124],[99.03041499885317,3.2563277800025237],[99.02739066964375,3.258861033506619],[99.02115261130405,3.2481947475977697],[99.02920872470291,3.2523290335618205],[99.02756154442977,3.2533966286541056],[99.02996518044876,3.25497978798771],[99.0314770370357,3.2530708213642288],[99.02883939831965,3.242513026968973],[99.0328988930695,3.243001441577061],[99.03633717392148,3.2394639385276167],[99.02709285824885,3.2299105726427637],[99.02307847529147,3.2316929354066715]]],[[[99.09492059840692,3.289888141387846],[99.10010599489578,3.275638321529899],[99.0978071280965,3.2653911205933976],[99.04580627244155,3.2646922943043424],[99.05236446155071,3.274237704786358],[99.0567841455719,3.272331351592785],[99.06294695044147,3.2802597153871877],[99.06904329091519,3.2817916754174274],[99.07246503593272,3.2940635317653313],[99.07753905858071,3.293852239648082],[99.07740672603961,3.290364135459236],[99.09492059840692,3.289888141387846]]]]}},{"type":"Feature","properties":{"code":"1218082019","desa":"Gunung Pane","kecamatan":"Sipispis","kecCode":"121808","kabCode":"1218","province":"Sumatera Utara"},"geometry":{"type":"Polygon","coordinates":[[[99.05578019460035,3.2334066367311114],[99.05562091207548,3.247426414506518],[99.06870824938623,3.2560327097415294],[99.07388650256011,3.256690512556175],[99.0789341516898,3.263338550225809],[99.08378488436499,3.2656423165291115],[99.10132015879833,3.2655055557263575],[99.09913652842812,3.2628024157912754],[99.09901112965996,3.2547497432072645],[99.09520666285727,3.250985425742022],[99.09159348994768,3.23148690612209],[99.08878972756393,3.23188324544122],[99.08314508507766,3.222517802790339],[99.07759429134352,3.225368900986888],[99.0771636725655,3.2181539369952996],[99.07477134731987,3.2171753415105115],[99.06403270464567,3.2292484764647296],[99.05578019460035,3.2334066367311114]]]}},{"type":"Feature","properties":{"code":"1218082020","desa":"Sibarau","kecamatan":"Sipispis","kecCode":"121808","kabCode":"1218","province":"Sumatera Utara"},"geometry":{"type":"Polygon","coordinates":[[[99.06870824938623,3.2560327097415294],[99.04260452767686,3.2352342102128633],[99.04001231641536,3.2371616147368636],[99.03599755124606,3.2281510463635796],[99.02709285824885,3.2299105726427637],[99.03633717392148,3.2394639385276167],[99.0328988930695,3.243001441577061],[99.02883939831965,3.242513026968973],[99.0312700310871,3.2537493544513705],[99.02996518044876,3.25497978798771],[99.02863270623448,3.2543013007660617],[99.02920872470291,3.2523290335618205],[99.02115261130405,3.2481947475977697],[99.02739066964375,3.258861033506619],[99.03041499885317,3.2563277800025237],[99.04698657956703,3.2651027484830593],[99.08378488436499,3.2656423165291115],[99.0789341516898,3.263338550225809],[99.07388650256011,3.256690512556175],[99.06870824938623,3.2560327097415294]]]}},{"type":"Feature","properties":{"code":"1218091029","desa":"Pekan Dolok Masihul","kecamatan":"Dolok Masihul","kecCode":"121809","kabCode":"1218","province":"Sumatera Utara"},"geometry":{"type":"Polygon","coordinates":[[[99.01557280633999,3.349432197337105],[99.01785095995388,3.346653450498388],[99.02020952375057,3.348652790893507],[99.02379227799126,3.3466714171541647],[99.03262325805696,3.347349687639264],[99.03031861041558,3.342952918348543],[99.03198386796117,3.3396868963427377],[99.02159017104964,3.3376827301855703],[99.00934387881699,3.326153053744596],[99.01321472008333,3.330875546688173],[99.00863279027112,3.332422635113874],[99.00965002063202,3.3344401085393973],[99.00201495722455,3.3420804995223907],[99.01578880371038,3.3555475278885645],[99.01178364869651,3.349602865278887],[99.01557280633999,3.349432197337105]]]}},{"type":"Feature","properties":{"code":"1218092001","desa":"Dame","kecamatan":"Dolok Masihul","kecCode":"121809","kabCode":"1218","province":"Sumatera Utara"},"geometry":{"type":"Polygon","coordinates":[[[99.03198386796117,3.3396868963427377],[99.03031861041558,3.342952918348543],[99.03346939869384,3.345965467335275],[99.03221525992637,3.349961071544673],[99.04031078071802,3.356119116296028],[99.0426606876407,3.351936130244561],[99.0408601243953,3.348208842364551],[99.04428986978172,3.3477472959018573],[99.04791781675391,3.35061502346235],[99.05190547995397,3.346145601540887],[99.04980792189815,3.34425488755762],[99.0510770829411,3.342002119109577],[99.04372224468591,3.3364917193303847],[99.03198386796117,3.3396868963427377]]]}},{"type":"Feature","properties":{"code":"1218092002","desa":"Blok 10","kecamatan":"Dolok Masihul","kecCode":"121809","kabCode":"1218","province":"Sumatera Utara"},"geometry":{"type":"Polygon","coordinates":[[[99.03964688679444,3.3983835382160845],[99.05433485456996,3.3810552868369856],[99.05966734956858,3.3816088168578413],[99.06367225726892,3.377356758376657],[99.05969149186893,3.366931198496207],[99.06228586959723,3.3634880882885283],[99.05577703258403,3.3584764471196613],[99.05449887202536,3.3609463505802726],[99.0512039646913,3.3584405111100675],[99.0490796293215,3.3616613511762803],[99.0445081730138,3.360305935258022],[99.04110384876365,3.3642401166712035],[99.04163199631961,3.367074810334291],[99.0275740234225,3.381722165609768],[99.03964688679444,3.3983835382160845]]]}},{"type":"Feature","properties":{"code":"1218092003","desa":"Kota Tengah","kecamatan":"Dolok Masihul","kecCode":"121809","kabCode":"1218","province":"Sumatera Utara"},"geometry":{"type":"Polygon","coordinates":[[[99.02356248681934,3.406742073824989],[99.02983451525074,3.408878403450636],[99.03964688679444,3.3983835382160845],[99.02604364889531,3.3795391117072873],[99.01704134977852,3.379485029177476],[99.01586195456558,3.373749252998503],[99.02075014220536,3.3722745006421753],[99.02069597334054,3.3648921494355206],[99.02511115625491,3.3610999385977784],[99.01557280633999,3.349432197337105],[99.01178364869651,3.349602865278887],[99.01578880371038,3.3555475278885645],[99.00709398729771,3.3485209107114766],[99.00269164400424,3.36398766618123],[99.00828208704871,3.3762553658625967],[99.00582334866868,3.377383714655687],[99.00591456780312,3.3890116492246567],[99.01655608459565,3.3804547636420446],[99.01645068495121,3.3860800185376534],[99.02108708040447,3.3943873314608286],[99.02356248681934,3.406742073824989]]]}},{"type":"Feature","properties":{"code":"1218092004","desa":"Silau Merawan","kecamatan":"Dolok Masihul","kecCode":"121809","kabCode":"1218","province":"Sumatera Utara"},"geometry":{"type":"Polygon","coordinates":[[[99.0795458039957,3.370555639007853],[99.08396322532262,3.365757252276851],[99.07914670195878,3.3612070190750543],[99.08231516821051,3.357868416384299],[99.07873207942195,3.3546570299914014],[99.08188251156872,3.351191771280384],[99.07735422541724,3.347790471453897],[99.0689609166131,3.357887128578084],[99.07624975542194,3.3691522694395104],[99.0795458039957,3.370555639007853]]]}},{"type":"Feature","properties":{"code":"1218092005","desa":"Pekan Kamis","kecamatan":"Dolok Masihul","kecCode":"121809","kabCode":"1218","province":"Sumatera Utara"},"geometry":{"type":"Polygon","coordinates":[[[99.05348962224832,3.3423276826830994],[99.04980792189815,3.34425488755762],[99.0567339040465,3.3507166126791983],[99.06622767186963,3.3465789911296926],[99.0676047803364,3.3437290926286813],[99.05939455641368,3.3365463072791703],[99.05348962224832,3.3423276826830994]]]}},{"type":"Feature","properties":{"code":"1218092006","desa":"Batu 12","kecamatan":"Dolok Masihul","kecCode":"121809","kabCode":"1218","province":"Sumatera Utara"},"geometry":{"type":"Polygon","coordinates":[[[99.07735422541724,3.347790471453897],[99.08188251156872,3.351191771280384],[99.07873207942195,3.3546570299914014],[99.08047185569164,3.35621636358605],[99.08463969356706,3.3515169454474805],[99.09700391929549,3.3622938668537032],[99.10292940027163,3.355317748408085],[99.10497518076005,3.355894558279311],[99.09573530504036,3.343301816631161],[99.0946697568039,3.3350982764788006],[99.0867834327093,3.3273680657064912],[99.07564177234995,3.339107184359228],[99.07756633321975,3.340621275759842],[99.07068923192257,3.3419401135525115],[99.07673276780304,3.3436922303174113],[99.07735422541724,3.347790471453897]]]}},{"type":"Feature","properties":{"code":"1218092007","desa":"Batu 13","kecamatan":"Dolok Masihul","kecCode":"121809","kabCode":"1218","province":"Sumatera Utara"},"geometry":{"type":"Polygon","coordinates":[[[99.0689609166131,3.357887128578084],[99.07735422541724,3.347790471453897],[99.07673276780304,3.3436922303174113],[99.07049433444604,3.3426522965725525],[99.0567339040465,3.3507166126791983],[99.06477916802424,3.3521573652662706],[99.0689609166131,3.357887128578084]]]}},{"type":"Feature","properties":{"code":"1218092008","desa":"Baja Ronggi","kecamatan":"Dolok Masihul","kecCode":"121809","kabCode":"1218","province":"Sumatera Utara"},"geometry":{"type":"Polygon","coordinates":[[[99.00591456780312,3.3890116492246567],[99.00582334866868,3.377383714655687],[99.00828208704871,3.3762553658625967],[99.00472614969209,3.36778739804923],[98.98542361480803,3.3589978560549647],[98.96251237484624,3.381817446981792],[98.98438669379097,3.39366819937931],[98.98645139421653,3.390015789052777],[99.00591456780312,3.3890116492246567]]]}},{"type":"Feature","properties":{"code":"1218092009","desa":"Dolok Sagala","kecamatan":"Dolok Masihul","kecCode":"121809","kabCode":"1218","province":"Sumatera Utara"},"geometry":{"type":"MultiPolygon","coordinates":[[[[99.04963764336257,3.2699886545374737],[99.04423626659047,3.2624874039632963],[99.03087559383363,3.25964394730622],[99.03041159941584,3.2620472038086845],[99.0281154188915,3.2599889695108284],[99.02819870060961,3.2628728767742183],[99.02467709757008,3.26418633841973],[99.01621573436869,3.257466741694971],[99.00779028739191,3.2621313093056545],[99.00614980257136,3.260464124514709],[99.00404158035468,3.2686412272969685],[99.0116296685744,3.2684602279435504],[99.00886121537285,3.2693084136378023],[99.01173940744775,3.2714282137241946],[99.01068398287957,3.2696456791898387],[99.01365833766219,3.268682136557464],[99.01380239466482,3.2713801242765292],[99.01524141875653,3.2672849147546117],[99.01680462573295,3.271980291339933],[99.0180594030191,3.2684440167643474],[99.01644083557612,3.267029317536897],[99.01975777360241,3.2653479252562803],[99.01996486228865,3.2683877192042825],[99.02327734237554,3.2686138231555986],[99.02087133034769,3.275676769345999],[99.01918666543229,3.2753892776719216],[99.02041481199404,3.276563103382133],[99.02440462996975,3.275069973379806],[99.0276494756428,3.2699286391801508],[99.02947988468901,3.2716585462877843],[99.0331942735969,3.2698204714224715],[99.03644639568466,3.273127890121341],[99.04590687959887,3.2750092799336046],[99.04963764336257,3.2699886545374737]]],[[[99.04224467565132,3.306918252220407],[99.0440719289764,3.3051268647597873],[99.03848162982341,3.2974914209473525],[99.03621332828254,3.299970387775511],[99.03001111242298,3.295546606447852],[99.02838175221615,3.292615422723899],[99.0322164227498,3.293510959522526],[99.0326304472374,3.2921177064278426],[99.03019093906066,3.2887432477671235],[99.03028329943476,3.2919119604296756],[99.0279856647067,3.291855484803912],[99.02784148809427,3.286336810362595],[99.02222621566737,3.2838411062517823],[99.02333330808572,3.2802361279685504],[99.02031387478551,3.278922115937929],[99.0199113850025,3.2809772098032735],[99.01399852421257,3.2764040447886167],[99.01410517931066,3.2796457014622353],[99.01079717784755,3.280503229313955],[99.00743372238843,3.2768819094498203],[99.01202246456512,3.27808766379061],[99.00911217838438,3.2750032265969393],[99.00615074236292,3.276235622454001],[99.00583060889556,3.2723510611347373],[99.00153022623903,3.273562811255549],[98.99714659244137,3.267790811283978],[98.98766827407165,3.2648956930719852],[98.99051264893967,3.267401748379495],[98.9931229563594,3.2767201987556014],[98.99168550338335,3.2823988859711033],[99.00662766723308,3.2965687857768766],[99.00463383608273,3.2987205720504855],[99.00839089422448,3.302612177759301],[99.00728736402067,3.303742213680469],[99.01781436923777,3.3143013552602336],[99.0219821603485,3.3144188822624225],[99.02630138829846,3.318121547604152],[99.03880540644438,3.304800827243529],[99.04224467565132,3.306918252220407]]]]}},{"type":"Feature","properties":{"code":"1218092010","desa":"Dolok Manampang","kecamatan":"Dolok Masihul","kecCode":"121809","kabCode":"1218","province":"Sumatera Utara"},"geometry":{"type":"MultiPolygon","coordinates":[[[[98.99864124499754,3.3115867687541973],[98.99596435177347,3.3083369003709926],[98.99131167139659,3.3098734757220534],[98.98575383057488,3.305566135914747],[98.98169625497825,3.309252266321365],[98.98453508642517,3.313577633039019],[98.9894320514481,3.3095970133334602],[98.99864124499754,3.3115867687541973]]],[[[99.00610913163119,3.347289639006986],[99.00307866544813,3.3409992302384346],[98.99356365024231,3.33458488769746],[98.99986497139137,3.333788772749561],[99.00016203275169,3.330124733289675],[98.99178781655456,3.3260696614099694],[98.99085307560902,3.32174659605743],[98.98045768257606,3.3235988217550965],[98.97404745532587,3.3170913283359966],[98.96363800409067,3.326960435399025],[98.96670578044744,3.331592045554745],[98.97218297636334,3.3254113315926106],[98.98080244757494,3.333665199605335],[98.97583572933547,3.339155609254071],[98.98307749223255,3.3395252755807343],[98.98569475590831,3.3429323625445138],[98.99378807156232,3.3444432973247538],[98.99674267993076,3.347637752181499],[98.98542361480803,3.3589978560549647],[99.00419473939574,3.3680257336796844],[99.00269164400424,3.36398766618123],[99.00610913163119,3.347289639006986]]]]}},{"type":"Feature","properties":{"code":"1218092011","desa":"Pardomuan","kecamatan":"Dolok Masihul","kecCode":"121809","kabCode":"1218","province":"Sumatera Utara"},"geometry":{"type":"Polygon","coordinates":[[[99.05190547995397,3.346145601540887],[99.04791781675391,3.35061502346235],[99.04428986978172,3.3477472959018573],[99.0408601243953,3.348208842364551],[99.0426606876407,3.351936130244561],[99.04041034556104,3.3560526114308],[99.0490796293215,3.3616613511762803],[99.0512039646913,3.3584405111100675],[99.05449887202536,3.3609463505802726],[99.05445364691832,3.35706519139632],[99.05823426459972,3.3526952722645236],[99.05190547995397,3.346145601540887]]]}},{"type":"Feature","properties":{"code":"1218092012","desa":"Tegal Sari","kecamatan":"Dolok Masihul","kecCode":"121809","kabCode":"1218","province":"Sumatera Utara"},"geometry":{"type":"Polygon","coordinates":[[[99.0317750588719,3.3474268971347882],[99.02379227799126,3.3466714171541647],[99.02020952375057,3.348652790893507],[99.01785095995388,3.346653450498388],[99.01557280633999,3.349432197337105],[99.03912335276056,3.3636973785148814],[99.04343790783325,3.363534066128079],[99.04573074557749,3.3597254570522073],[99.03465420692618,3.3522929434605673],[99.0317750588719,3.3474268971347882]]]}},{"type":"Feature","properties":{"code":"1218092013","desa":"Pertambatan","kecamatan":"Dolok Masihul","kecCode":"121809","kabCode":"1218","province":"Sumatera Utara"},"geometry":{"type":"MultiPolygon","coordinates":[[[[98.96014390501728,3.2482990329820947],[98.97104395801233,3.264520758516827],[98.98772996216807,3.2706504575365685],[98.9868410371842,3.274096789115788],[98.98518425305086,3.272049878181795],[98.98006193141305,3.2726237139951038],[98.96630626202443,3.2863478459433666],[98.97748560038019,3.2936542907720496],[98.9897271522863,3.2805682601903166],[98.99168550338335,3.2823988859711033],[98.9931229563594,3.2767201987556014],[98.99051264893967,3.267401748379495],[98.98721525138279,3.2645352456956176],[98.9793868238429,3.2634882819503632],[98.97795914829612,3.2556836504802242],[98.98236114984724,3.2516623616331444],[98.99161725383328,3.2537562873250176],[98.99262136218617,3.251257576780664],[98.9703715574015,3.234312443787467],[98.96984793433478,3.230197163196197],[98.96129567755354,3.228779316341552],[98.94925199808131,3.220361660200756],[98.94643246338751,3.2152335496323867],[98.94106429677993,3.21386202235973],[98.93948128583274,3.221914870311611],[98.94275119920853,3.2276556134461867],[98.94864829128566,3.2346646884474426],[98.95776780264202,3.2404264433422956],[98.95841452491042,3.2487694332703474],[98.96014390501728,3.2482990329820947]]],[[[99.00662766723308,3.2965687857768766],[98.99648324440624,3.2868836907961265],[98.98268374565839,3.3018305005275144],[98.98532289073886,3.302930162745995],[98.98556289371264,3.3069800500340936],[98.99239670524383,3.3098925116717206],[99.00662766723308,3.2965687857768766]]]]}},{"type":"Feature","properties":{"code":"1218092015","desa":"Huta Nauli","kecamatan":"Dolok Masihul","kecCode":"121809","kabCode":"1218","province":"Sumatera Utara"},"geometry":{"type":"Polygon","coordinates":[[[99.06367225726892,3.377356758376657],[99.0747404520103,3.379732780709677],[99.0795458039957,3.370555639007853],[99.07495532972473,3.367876879693451],[99.06574285005257,3.3527641288569257],[99.0571179046676,3.3508587972931885],[99.05823426459972,3.3526952722645236],[99.05442664657255,3.357173756654256],[99.06228586959723,3.3634880882885283],[99.05969149186893,3.366931198496207],[99.06367225726892,3.377356758376657]]]}},{"type":"Feature","properties":{"code":"1218092016","desa":"Bantan","kecamatan":"Dolok Masihul","kecCode":"121809","kabCode":"1218","province":"Sumatera Utara"},"geometry":{"type":"Polygon","coordinates":[[[99.07246503593272,3.2940635317653313],[99.07168172373264,3.2915417347247167],[99.06571360769692,3.289613155686141],[99.06537790066966,3.2920708544472554],[99.05839798977547,3.2904648793133293],[99.0560000698474,3.2928231778074517],[99.07725258044229,3.3141356434822447],[99.07243703194352,3.3190575781765115],[99.06456902703898,3.311594347341128],[99.05720608679155,3.319049534640087],[99.05067052642369,3.3132507627505383],[99.04804215881865,3.3158564305650366],[99.03880540644438,3.304800827243529],[99.02407520200904,3.3204271773026917],[99.03653134924241,3.327156918380137],[99.03714933367483,3.315512667411262],[99.04367619490051,3.3212090973514043],[99.04103961738451,3.323213542298446],[99.05281319087612,3.3374891187397373],[99.0563110122435,3.3395105132093703],[99.05939455641368,3.3365463072791703],[99.0676047803364,3.3437290926286813],[99.07617334992021,3.341468692533745],[99.07756633321975,3.340621275759842],[99.07564177234995,3.339107184359228],[99.0867834327093,3.3273680657064912],[99.08346880504138,3.3241190660683504],[99.08348504140162,3.3097535601205297],[99.08031474143223,3.309386571075627],[99.07612671197825,3.301851031150538],[99.07211326341643,3.2997812639467337],[99.07076095195639,3.2942804995039405],[99.07246503593272,3.2940635317653313]]]}},{"type":"Feature","properties":{"code":"1218092017","desa":"Bukit Cermin Hilir","kecamatan":"Dolok Masihul","kecCode":"121809","kabCode":"1218","province":"Sumatera Utara"},"geometry":{"type":"Polygon","coordinates":[[[99.07168172373264,3.2915417347247167],[99.06904329091519,3.2817916754174274],[99.06294695044147,3.2802597153871877],[99.0567841455719,3.272331351592785],[99.05236446155071,3.274237704786358],[99.04970381008279,3.2702271736295967],[99.04754494344444,3.2711280335153954],[99.04590687959887,3.2750092799336046],[99.04748231105985,3.2791436918027763],[99.04470991073383,3.2797409225796867],[99.0473564572348,3.282681079739025],[99.05098401480053,3.282400442697581],[99.05156899231518,3.2801929416246263],[99.05362140080706,3.281893671127868],[99.05143410659878,3.2828437239295463],[99.05239770678878,3.291429286194193],[99.06537790066966,3.2920708544472554],[99.06571360769692,3.289613155686141],[99.07168172373264,3.2915417347247167]]]}},{"type":"Feature","properties":{"code":"1218092018","desa":"Malasori","kecamatan":"Dolok Masihul","kecCode":"121809","kabCode":"1218","province":"Sumatera Utara"},"geometry":{"type":"Polygon","coordinates":[[[99.09918876285116,3.396915043342518],[99.10212580386279,3.396844056256231],[99.10835340578512,3.390964110659494],[99.1073443115908,3.388483077189224],[99.09462566574194,3.377622393827082],[99.08797638969867,3.3684873511888096],[99.08247940330186,3.36728094933615],[99.0747404520103,3.379732780709677],[99.08591594576431,3.3828541935292638],[99.09918876285116,3.396915043342518]]]}},{"type":"Feature","properties":{"code":"1218092019","desa":"Sarang Giting","kecamatan":"Dolok Masihul","kecCode":"121809","kabCode":"1218","province":"Sumatera Utara"},"geometry":{"type":"Polygon","coordinates":[[[98.97474880871061,3.3696417164693306],[98.99674267993076,3.347637752181499],[98.99378807156232,3.3444432973247538],[98.98537687524265,3.3427850616874317],[98.98358272326413,3.3397053756121102],[98.98057014999249,3.3407680613053787],[98.97147492302935,3.3369372794443906],[98.96363800409067,3.326960435399025],[98.95574675980521,3.3338601483429833],[98.9575019630452,3.3507475871290744],[98.96376695787886,3.3468429286600907],[98.96606762871816,3.352172825511576],[98.97096852377841,3.3479197624877073],[98.97361504060173,3.3506429851833643],[98.96780856601258,3.3556819900241726],[98.97774512943425,3.3576053215186135],[98.97451665771763,3.361226587423402],[98.9754061330866,3.3631640814414547],[98.97126507342443,3.3655795174624235],[98.97474880871061,3.3696417164693306]]]}},{"type":"Feature","properties":{"code":"1218092020","desa":"Durian Puloan","kecamatan":"Dolok Masihul","kecCode":"121809","kabCode":"1218","province":"Sumatera Utara"},"geometry":{"type":"Polygon","coordinates":[[[98.96251237484624,3.381817446981792],[98.97474880871061,3.3696417164693306],[98.97126507342443,3.3655795174624235],[98.9754061330866,3.3631640814414547],[98.97451665771763,3.361226587423402],[98.97779435382641,3.3578399807205606],[98.96780856601258,3.3556819900241726],[98.97361504060173,3.3506429851833643],[98.97096852377841,3.3479197624877073],[98.96606762871816,3.352172825511576],[98.96376695787886,3.3468429286600907],[98.95598367090973,3.3516943457141086],[98.95597485305706,3.378950405604016],[98.96251237484624,3.381817446981792]]]}},{"type":"Feature","properties":{"code":"1218092021","desa":"Sarang Torop","kecamatan":"Dolok Masihul","kecCode":"121809","kabCode":"1218","province":"Sumatera Utara"},"geometry":{"type":"MultiPolygon","coordinates":[[[[99.00307866544813,3.3409992302384346],[99.00965002063202,3.3344401085393973],[99.00863279027112,3.332422635113874],[99.01321472008333,3.330875546688173],[99.00934387881699,3.326153053744596],[99.00805597860057,3.318365139771924],[99.00150770271834,3.316461571778694],[98.99853600003644,3.311693782681674],[98.9894320514481,3.3095970133334602],[98.98453508642517,3.313577633039019],[98.98169625497825,3.309252266321365],[98.97404745532587,3.3170913283359966],[98.97532367964413,3.3191806548949536],[98.98045768257606,3.3235988217550965],[98.99085307560902,3.32174659605743],[98.99178781655456,3.3260696614099694],[99.00016203275169,3.330124733289675],[98.99986497139137,3.333788772749561],[98.99356365024231,3.33458488769746],[99.00307866544813,3.3409992302384346]]],[[[98.9767112876958,3.338029372069194],[98.98080244757494,3.333665199605335],[98.97218297636334,3.3254113315926106],[98.96670578044744,3.331592045554745],[98.97147492302935,3.3369372794443906],[98.9767112876958,3.338029372069194]]]]}},{"type":"Feature","properties":{"code":"1218092022","desa":"Havea","kecamatan":"Dolok Masihul","kecCode":"121809","kabCode":"1218","province":"Sumatera Utara"},"geometry":{"type":"Polygon","coordinates":[[[99.0275740234225,3.381722165609768],[99.04148922894483,3.3649808846424256],[99.01894028806389,3.3511769315673203],[99.02511115625491,3.3610999385977784],[99.02069597334054,3.3648921494355206],[99.02075014220536,3.3722745006421753],[99.01586195456558,3.373749252998503],[99.01704134977852,3.379485029177476],[99.02604364889531,3.3795391117072873],[99.0275740234225,3.381722165609768]]]}},{"type":"Feature","properties":{"code":"1218092023","desa":"Aras Panjang","kecamatan":"Dolok Masihul","kecCode":"121809","kabCode":"1218","province":"Sumatera Utara"},"geometry":{"type":"Polygon","coordinates":[[[99.01822212904807,3.333476149520931],[99.02346042725695,3.338653550131896],[99.03554852604374,3.3394450785373446],[99.04372224468591,3.3364917193303847],[99.05333659360893,3.3423910192367905],[99.05636024383023,3.3393725041476694],[99.04482144465402,3.3268054381438734],[99.03656636524562,3.3327732771820284],[99.03225478243233,3.3288709614469045],[99.03415912744185,3.3265357701333893],[99.02889540360006,3.321855909551312],[99.01822212904807,3.333476149520931]]]}},{"type":"Feature","properties":{"code":"1218092024","desa":"Martebing","kecamatan":"Dolok Masihul","kecCode":"121809","kabCode":"1218","province":"Sumatera Utara"},"geometry":{"type":"Polygon","coordinates":[[[99.04482144465402,3.3268054381438734],[99.04103961738451,3.323213542298446],[99.04367619490051,3.3212090973514043],[99.03714933367483,3.315512667411262],[99.03810825559155,3.3192293855592867],[99.03538377384216,3.3228699617070254],[99.03811947733207,3.3250212974202875],[99.03653134924241,3.327156918380137],[99.0345200289762,3.325301769885832],[99.03225478243233,3.3288709614469045],[99.03656636524562,3.3327732771820284],[99.04482144465402,3.3268054381438734]]]}},{"type":"Feature","properties":{"code":"1218092025","desa":"Kerapuh","kecamatan":"Dolok Masihul","kecCode":"121809","kabCode":"1218","province":"Sumatera Utara"},"geometry":{"type":"MultiPolygon","coordinates":[[[[98.99648324440624,3.2868836907961265],[98.9897271522863,3.2805682601903166],[98.97844616625764,3.2928293291702877],[98.98367900738039,3.300800413459792],[98.99648324440624,3.2868836907961265]]],[[[99.01041425371487,3.3264829754327336],[99.01808899341239,3.333622648182768],[99.02736514868273,3.3235143835089747],[99.02407520200904,3.3204271773026917],[99.02630138829846,3.318121547604152],[99.0219821603485,3.3144188822624225],[99.01781436923777,3.3143013552602336],[99.00463383608273,3.2987205720504855],[98.99526003062596,3.308355936320732],[99.00150770271834,3.316461571778694],[99.00805597860057,3.318365139771924],[99.01041425371487,3.3264829754327336]]]]}},{"type":"Feature","properties":{"code":"1218092026","desa":"Tanjung Maria","kecamatan":"Dolok Masihul","kecCode":"121809","kabCode":"1218","province":"Sumatera Utara"},"geometry":{"type":"Polygon","coordinates":[[[99.04145234594905,3.302440016043584],[99.0440719289764,3.3051268647597873],[99.04061544404755,3.308474406711724],[99.04804215881865,3.3158564305650366],[99.05067052642369,3.3132507627505383],[99.05720608679155,3.319049534640087],[99.06456902703898,3.311594347341128],[99.07243703194352,3.3190575781765115],[99.07725258044229,3.3141356434822447],[99.05615136189589,3.2920080907617697],[99.05247703598648,3.291494025690247],[99.04145234594905,3.302440016043584]]]}},{"type":"Feature","properties":{"code":"1218092027","desa":"Bah Kerapuh","kecamatan":"Dolok Masihul","kecCode":"121809","kabCode":"1218","province":"Sumatera Utara"},"geometry":{"type":"Polygon","coordinates":[[[99.00590648829386,3.2605243458168376],[99.00166044267534,3.2597075851327384],[99.00049140765243,3.2548193687199296],[98.9957846528395,3.251497970959221],[98.99262136218617,3.251257576780664],[98.99161725383328,3.2537562873250176],[98.98236114984724,3.2516623616331444],[98.97795914829612,3.2556836504802242],[98.9793868238429,3.2634882819503632],[98.99714659244137,3.267790811283978],[99.00153022623903,3.273562811255549],[99.00583060889556,3.2723510611347373],[99.00615074236292,3.276235622454001],[99.00911217838438,3.2750032265969393],[99.01202246456512,3.27808766379061],[99.00743372238843,3.2768819094498203],[99.01079717784755,3.280503229313955],[99.01410517931066,3.2796457014622353],[99.01399852421257,3.2764040447886167],[99.01522583530414,3.278493603372606],[99.01865078730407,3.2745125753748563],[99.02079313339645,3.2757720471207485],[99.02327734237554,3.2686138231555986],[99.01996486228865,3.2683877192042825],[99.01975777360241,3.2653479252562803],[99.01644083557612,3.267029317536897],[99.0180594030191,3.2684440167643474],[99.01680462573295,3.271980291339933],[99.01524141875653,3.2672849147546117],[99.01380239466482,3.2713801242765292],[99.01365833766219,3.268682136557464],[99.01068398287957,3.2696456791898387],[99.01173940744775,3.2714282137241946],[99.00886121537285,3.2693084136378023],[99.0116296685744,3.2684602279435504],[99.00404158035468,3.2686412272969685],[99.00590648829386,3.2605243458168376]]]}},{"type":"Feature","properties":{"code":"1218092028","desa":"Ujung Silau","kecamatan":"Dolok Masihul","kecCode":"121809","kabCode":"1218","province":"Sumatera Utara"},"geometry":{"type":"Polygon","coordinates":[[[99.0163644768392,3.2763853487826293],[99.0199113850025,3.2809772098032735],[99.02031387478551,3.278922115937929],[99.02333330808572,3.2802361279685504],[99.02222621566737,3.2838411062517823],[99.02784148809427,3.286336810362595],[99.0279856647067,3.291855484803912],[99.03028329943476,3.2919119604296756],[99.03019093906066,3.2887432477671235],[99.0326304472374,3.2921177064278426],[99.02838175221615,3.292615422723899],[99.03001111242298,3.295546606447852],[99.03621332828254,3.299970387775511],[99.03848162982341,3.2974914209473525],[99.04145234594905,3.302440016043584],[99.05247703598648,3.291494025690247],[99.05143410659878,3.2828437239295463],[99.05362140080706,3.281893671127868],[99.05156899231518,3.2801929416246263],[99.05098401480053,3.282400442697581],[99.0473564572348,3.282681079739025],[99.04513301028027,3.2805098995855655],[99.04748231105985,3.2791436918027763],[99.04723908581519,3.2751358756992546],[99.03039486483117,3.269658279590942],[99.02444676320762,3.272618514114985],[99.023815329414,3.2753659951234706],[99.02041481199404,3.276563103382133],[99.01865078730407,3.2745125753748563],[99.0163644768392,3.2763853487826293]]]}},{"type":"Feature","properties":{"code":"1218102001","desa":"Kotarih Pekan","kecamatan":"Kotarih","kecCode":"121810","kabCode":"1218","province":"Sumatera Utara"},"geometry":{"type":"MultiPolygon","coordinates":[[[[98.88882289765866,3.301222341189064],[98.8822590302301,3.2943667885548082],[98.8782361954441,3.2828344950867407],[98.8739044570251,3.2813505309746778],[98.87552951937185,3.274267504721654],[98.86206377072648,3.274007627630283],[98.86580433440258,3.3023865504487047],[98.88882289765866,3.301222341189064]]],[[[98.86999106163823,3.326079482906014],[98.87213257675704,3.323424005240712],[98.86861335422299,3.3187733483434547],[98.85115978769407,3.321702047240642],[98.85314087095446,3.32731445711937],[98.86553065271748,3.3230730115376805],[98.86999106163823,3.326079482906014]]]]}},{"type":"Feature","properties":{"code":"1218102002","desa":"Kotarih Baru","kecamatan":"Kotarih","kecCode":"121810","kabCode":"1218","province":"Sumatera Utara"},"geometry":{"type":"MultiPolygon","coordinates":[[[[98.85207496388853,3.321690346161522],[98.86861335422299,3.3187733483434547],[98.87193912808833,3.32233886797259],[98.87999122421569,3.325032418436683],[98.88402917031003,3.320673245304095],[98.88832290697661,3.32030561953912],[98.88848946861413,3.316486584622706],[98.89311752105682,3.313179133548263],[98.89041362568831,3.3039944132595434],[98.88678794410838,3.3013252632012255],[98.84810723506091,3.302510650595677],[98.8543981609464,3.310527222594216],[98.84494684382183,3.3118882970467736],[98.8496088834433,3.3148229872274393],[98.85207496388853,3.321690346161522]]],[[[98.85796943084459,3.3464626161590876],[98.86172050219949,3.344739712971506],[98.88005286015141,3.351787563142038],[98.88404426543059,3.357213879007977],[98.89067661083699,3.360373851159601],[98.89545663701426,3.3582067386396406],[98.8947676852805,3.3455344168831056],[98.88011334135767,3.343011911176773],[98.87328771455644,3.3471036133426444],[98.86002914003284,3.3411706958788883],[98.85796943084459,3.3464626161590876]]]]}},{"type":"Feature","properties":{"code":"1218102003","desa":"Banjaran Godang","kecamatan":"Kotarih","kecCode":"121810","kabCode":"1218","province":"Sumatera Utara"},"geometry":{"type":"Polygon","coordinates":[[[98.86578989758577,3.344577066082998],[98.87328771455644,3.3471036133426444],[98.88011334135767,3.343011911176773],[98.87947315176461,3.34010520520015],[98.86923358066525,3.338730244315927],[98.8645698368286,3.334637572680814],[98.86219037458618,3.337909330562637],[98.86578989758577,3.344577066082998]]]}},{"type":"Feature","properties":{"code":"1218102004","desa":"Si Ujan Ujan","kecamatan":"Kotarih","kecCode":"121810","kabCode":"1218","province":"Sumatera Utara"},"geometry":{"type":"Polygon","coordinates":[[[98.87163094391298,3.322168623611476],[98.8696758420665,3.326138963166771],[98.88001471630616,3.3281361092160813],[98.88011334135767,3.343011911176773],[98.8947676852805,3.3455344168831056],[98.89427327399244,3.3370367156843157],[98.90197170003398,3.342567540865758],[98.90155291543476,3.3470409278981417],[98.9040925945976,3.348833193097084],[98.90701956590033,3.340737248733452],[98.90481619990776,3.33895676914994],[98.90521738837184,3.3269064203183616],[98.90283605284161,3.3256987306365544],[98.90762927656992,3.316071784919952],[98.90678430325306,3.31002230362792],[98.91166552564356,3.3024579764041384],[98.88678794410838,3.3013252632012255],[98.89041362568831,3.3039944132595434],[98.89311752105682,3.3130601604363146],[98.88848946861413,3.316486584622706],[98.88844188008873,3.320174748396533],[98.88402917031003,3.320673245304095],[98.87999122421569,3.325032418436683],[98.87163094391298,3.322168623611476]]]}},{"type":"Feature","properties":{"code":"1218102010","desa":"Sei Kari","kecamatan":"Kotarih","kecCode":"121810","kabCode":"1218","province":"Sumatera Utara"},"geometry":{"type":"Polygon","coordinates":[[[98.8696758420665,3.326138963166771],[98.86553065271748,3.3230730115376805],[98.85314087095446,3.32731445711937],[98.85365116157192,3.333251205695104],[98.85582297395113,3.3346072637292594],[98.85402119662098,3.3392565536570378],[98.85669048697645,3.3441080363615607],[98.86002914003284,3.3411706958788883],[98.86578989758577,3.344577066082998],[98.86219037458618,3.337909330562637],[98.8645698368286,3.334637572680814],[98.86923358066525,3.338730244315927],[98.87947315176461,3.34010520520015],[98.88001471630616,3.3281361092160813],[98.8696758420665,3.326138963166771]]]}},{"type":"Feature","properties":{"code":"1218102013","desa":"Bandar Bayu","kecamatan":"Kotarih","kecCode":"121810","kabCode":"1218","province":"Sumatera Utara"},"geometry":{"type":"Polygon","coordinates":[[[98.84501624540349,3.3118746354455704],[98.8543981609464,3.310527222594216],[98.84810723506091,3.302510650595677],[98.84076485601337,3.303766940540188],[98.84501624540349,3.3118746354455704]]]}},{"type":"Feature","properties":{"code":"1218102014","desa":"Durian Kondot","kecamatan":"Kotarih","kecCode":"121810","kabCode":"1218","province":"Sumatera Utara"},"geometry":{"type":"Polygon","coordinates":[[[98.8326045813364,3.321023365765403],[98.83561209322356,3.3301771161008],[98.83802906259119,3.3310987107556964],[98.84833574290023,3.3259140876893887],[98.8447259406497,3.3199490086705943],[98.85016224978807,3.316392089258186],[98.84737551696661,3.313928297590172],[98.8326045813364,3.321023365765403]]]}},{"type":"Feature","properties":{"code":"1218102015","desa":"Perbahingan","kecamatan":"Kotarih","kecCode":"121810","kabCode":"1218","province":"Sumatera Utara"},"geometry":{"type":"Polygon","coordinates":[[[98.83561209322356,3.3301771161008],[98.83749483112159,3.33325169042967],[98.84144662755989,3.3328732557130767],[98.8454262166466,3.3403746969435235],[98.85242902967603,3.3417399901158187],[98.85760739706376,3.3463034424522937],[98.85448023307633,3.3410843007079585],[98.85582297395113,3.3346072637292594],[98.85365116157192,3.333251205695104],[98.85332213470883,3.3244880273265376],[98.85005626378563,3.3168014165863555],[98.8447259406497,3.3199490086705943],[98.84833574290023,3.3259140876893887],[98.83802906259119,3.3310987107556964],[98.83561209322356,3.3301771161008]]]}},{"type":"Feature","properties":{"code":"1218102022","desa":"Sialtong","kecamatan":"Kotarih","kecCode":"121810","kabCode":"1218","province":"Sumatera Utara"},"geometry":{"type":"Polygon","coordinates":[[[98.86580433440258,3.3023865504487047],[98.86206377072648,3.274007627630283],[98.84473947904377,3.273703124380409],[98.84551553641296,3.2756978224750797],[98.83961365004994,3.278172936607628],[98.83131966057391,3.2777590245356385],[98.83694251338636,3.2883617994224066],[98.8364027978509,3.2927190695895887],[98.84076485601337,3.303766940540188],[98.86580433440258,3.3023865504487047]]]}},{"type":"Feature","properties":{"code":"1218102023","desa":"Huta Galuh","kecamatan":"Kotarih","kecCode":"121810","kabCode":"1218","province":"Sumatera Utara"},"geometry":{"type":"Polygon","coordinates":[[[98.82854423762653,3.2223825798282917],[98.8366315637957,3.237015221295743],[98.84067664780912,3.2532550420893003],[98.84044579543718,3.25913190480997],[98.8243908482591,3.258449284304187],[98.82868050290296,3.2659360225185248],[98.82719279760958,3.2685646644139785],[98.83111661703833,3.2737017646054145],[98.87552951937185,3.274267504721654],[98.87065860141337,3.2638970507995255],[98.86617801620253,3.2613378572503544],[98.89342263494672,3.261065621675452],[98.88039273193908,3.2570676900205062],[98.86299774185237,3.256037872749394],[98.86413017986398,3.2509778597456465],[98.86082185014833,3.248208559385731],[98.86135478839282,3.242401832992661],[98.85828709837097,3.2378019401268583],[98.85363724456322,3.236713359354705],[98.85489956895998,3.2310268903055173],[98.85000023062621,3.23097119439191],[98.84043844078148,3.22240870513372],[98.82854423762653,3.2223825798282917]]]}},{"type":"Feature","properties":{"code":"1218102024","desa":"Rubun Dunia","kecamatan":"Kotarih","kecCode":"121810","kabCode":"1218","province":"Sumatera Utara"},"geometry":{"type":"MultiPolygon","coordinates":[[[[98.82854068890174,3.2223825798282917],[98.78923273780065,3.2223835241164753],[98.79316748758953,3.2325430258650516],[98.7982511752516,3.233419065361753],[98.80303501095703,3.242061097856204],[98.80906422963055,3.2464587502812314],[98.81526968844541,3.2479457388132857],[98.82078060534069,3.257627751817375],[98.84044579543718,3.25913190480997],[98.83954640324394,3.2459976867544413],[98.83369293008472,3.23112605584944],[98.83030219728862,3.2285086482849894],[98.82854068890174,3.2223825798282917]]],[[[98.83181912155526,3.277743334063927],[98.83961365004994,3.278172936607628],[98.84551553641296,3.2756978224750797],[98.84473947904377,3.273703124380409],[98.83182828384827,3.2734129437333754],[98.83181912155526,3.277743334063927]]]]}},{"type":"Feature","properties":{"code":"1218112004","desa":"Batu Masagi","kecamatan":"Silinda","kecCode":"121811","kabCode":"1218","province":"Sumatera Utara"},"geometry":{"type":"Polygon","coordinates":[[[98.79696642985692,3.2993881540930103],[98.80236240530081,3.3060248674994845],[98.80969780740794,3.308987420475685],[98.81361004806529,3.3080791142033763],[98.81963010174786,3.315533519991525],[98.8326045813364,3.321023365765403],[98.83478687801208,3.318737725297918],[98.83146252597487,3.3039900281653187],[98.80840921741151,3.3056175393642335],[98.79696642985692,3.2993881540930103]]]}},{"type":"Feature","properties":{"code":"1218112013","desa":"Damak Gelugur","kecamatan":"Silinda","kecCode":"121811","kabCode":"1218","province":"Sumatera Utara"},"geometry":{"type":"Polygon","coordinates":[[[98.84482562240457,3.311428765065462],[98.84262499394839,3.3061801633295382],[98.84081323144551,3.3063190753105975],[98.83570199575058,3.285889888674975],[98.83006187595485,3.2864649799417736],[98.82446221036275,3.2820820134458417],[98.81957955625158,3.281596603472697],[98.82108029002342,3.2759351805424366],[98.81708392858047,3.2747131142984127],[98.80887953136533,3.280607937379634],[98.80932279191335,3.285359941576186],[98.81375147634962,3.2853607806436367],[98.81601881291795,3.2909069932252915],[98.83248793477041,3.2968874146781],[98.83690520591057,3.306297788357801],[98.84482562240457,3.311428765065462]]]}},{"type":"Feature","properties":{"code":"1218112016","desa":"Kulasar","kecamatan":"Silinda","kecCode":"121811","kabCode":"1218","province":"Sumatera Utara"},"geometry":{"type":"Polygon","coordinates":[[[98.79416688079696,3.273487311371235],[98.79644481317763,3.294072433254921],[98.80103995403071,3.2932201277663293],[98.79772958465263,3.2824626245217354],[98.79853214504254,3.2752704529480567],[98.79416688079696,3.273487311371235]]]}},{"type":"Feature","properties":{"code":"1218112021","desa":"Pagar Manik","kecamatan":"Silinda","kecCode":"121811","kabCode":"1218","province":"Sumatera Utara"},"geometry":{"type":"Polygon","coordinates":[[[98.77255709383483,3.2646434368355983],[98.77247642374799,3.2665192994146044],[98.77634880015705,3.2714359290080623],[98.79079757614726,3.2797051610385535],[98.79557374962887,3.286817892798061],[98.79410386530121,3.273514439420757],[98.79856044041206,3.268801881287755],[98.79418798428809,3.258252234750214],[98.7830532118363,3.259950716847623],[98.78608632742213,3.261236035109051],[98.7854640846998,3.266718357154657],[98.79269056631665,3.2739936350785683],[98.78148638059207,3.2715153715202585],[98.77255709383483,3.2646434368355983]]]}},{"type":"Feature","properties":{"code":"1218112022","desa":"Pamah","kecamatan":"Silinda","kecCode":"121811","kabCode":"1218","province":"Sumatera Utara"},"geometry":{"type":"Polygon","coordinates":[[[98.75797713643577,3.245416055617694],[98.76682498058845,3.2527192242162037],[98.77311041341487,3.262816578314889],[98.77627123542923,3.261496443699806],[98.78123701297784,3.2479085401555556],[98.78120762403267,3.2406899114266086],[98.77317824298159,3.2290639319837724],[98.7627005610821,3.2204137813091807],[98.76572427335657,3.233440218315562],[98.76489622168333,3.236600143702418],[98.76052753102078,3.2380420959851524],[98.75797713643577,3.245416055617694]]]}},{"type":"Feature","properties":{"code":"1218112026","desa":"Silinda","kecamatan":"Silinda","kecCode":"121811","kabCode":"1218","province":"Sumatera Utara"},"geometry":{"type":"MultiPolygon","coordinates":[[[[98.78604846596397,3.21648721535516],[98.77654667978548,3.2142237125991877],[98.77659021596575,3.219672253410805],[98.77741731975357,3.2241325858843544],[98.78718950509165,3.2371984986318805],[98.78922449101746,3.233471576775966],[98.78779313004894,3.2345026315142147],[98.78563388839329,3.2298248960301827],[98.78707420121349,3.229001926426727],[98.78889171038416,3.2322411207565724],[98.79044017387496,3.230748693124783],[98.77984777805254,3.223047480991861],[98.77923655742126,3.219166202198028],[98.78436605744764,3.223690786735104],[98.78348468766825,3.220316081660196],[98.78604846596397,3.21648721535516]]],[[[98.77263934582919,3.26475935764861],[98.78148638059207,3.2715153715202585],[98.79269056631665,3.2739936350785683],[98.78444727791957,3.265171109548944],[98.78660736943459,3.266103408834143],[98.78464585362332,3.262592769433428],[98.78608632742213,3.261236035109051],[98.7830532118363,3.259950716847623],[98.78510635777224,3.2584372064090994],[98.7794921393508,3.250858598850591],[98.77840891044292,3.258610750382783],[98.77263934582919,3.26475935764861]]],[[[98.83556790503485,3.2852817734033093],[98.82986477334066,3.2704915329420454],[98.82719279760958,3.2685646644139785],[98.82870262442661,3.2660584328393716],[98.82700726657214,3.261782796832139],[98.81797783580856,3.259288188994959],[98.81792419394645,3.2572616575978697],[98.8102009214354,3.258807257645561],[98.815447026659,3.2674119071213026],[98.81539198455248,3.2730662541856343],[98.82108029002342,3.2759351805424366],[98.81957955625158,3.281596603472697],[98.82446221036275,3.2820820134458417],[98.8301564585538,3.286488180651962],[98.83556790503485,3.2852817734033093]]],[[[98.84656055582508,3.3136503917897357],[98.83607715243869,3.305312691673996],[98.83248793477041,3.2968874146781],[98.81601881291795,3.2909069932252915],[98.81375147634962,3.2853607806436367],[98.80932279191335,3.285359941576186],[98.80908089226944,3.279361756714252],[98.80444540872867,3.278302362539716],[98.80109830834033,3.271245069487689],[98.80110078237526,3.2695592354555436],[98.80388841991468,3.272684088181917],[98.80610305980842,3.2709927386076285],[98.80607736168093,3.264189414101128],[98.79841139576932,3.248817107231263],[98.7955940437302,3.24891605513926],[98.798751851217,3.2568056464623614],[98.79406426185624,3.2580444113181524],[98.79856044041206,3.268801881287755],[98.79416688079696,3.273487311371235],[98.79853214504254,3.2752704529480567],[98.79772958465263,3.2824626245217354],[98.8030462596772,3.298404435170619],[98.81633016000893,3.2971339422330823],[98.82138203775088,3.298944341361745],[98.82548203436845,3.3038621274833924],[98.83146252597487,3.3039900281653187],[98.83478687801208,3.318737725297918],[98.84656055582508,3.3136503917897357]]]]}},{"type":"Feature","properties":{"code":"1218112028","desa":"Sungai Buaya","kecamatan":"Silinda","kecCode":"121811","kabCode":"1218","province":"Sumatera Utara"},"geometry":{"type":"Polygon","coordinates":[[[98.79644481317763,3.294072433254921],[98.79696642985692,3.2993881540930103],[98.80722424460328,3.3053248666957944],[98.82548203436845,3.3038621274833924],[98.81824114920971,3.29770702171651],[98.8030462596772,3.298404435170619],[98.80103995403071,3.2932201277663293],[98.79644481317763,3.294072433254921]]]}},{"type":"Feature","properties":{"code":"1218112029","desa":"Tarean","kecamatan":"Silinda","kecCode":"121811","kabCode":"1218","province":"Sumatera Utara"},"geometry":{"type":"MultiPolygon","coordinates":[[[[98.75266765778622,3.2369617682913017],[98.75450194470902,3.241792316577271],[98.75920486571202,3.244950702324782],[98.76052753102078,3.2380420959851524],[98.76489622168333,3.236600143702418],[98.7656386129317,3.2301803575650987],[98.75778969343963,3.21218756385207],[98.74795906026247,3.209132485026567],[98.73567361064867,3.214917496389522],[98.73556874070486,3.2202445082158877],[98.73861493513122,3.2261143634192306],[98.75266765778622,3.2369617682913017]]],[[[98.7765997595713,3.214038897422295],[98.76761451070114,3.2149105041606156],[98.7627005610821,3.2204137813091807],[98.77317824298159,3.2290639319837724],[98.78120762403267,3.2406899114266086],[98.78057404805395,3.2530332135149482],[98.78510635777224,3.2584372064090994],[98.79418798428809,3.258252234750214],[98.798751851217,3.2568056464623614],[98.7955940437302,3.24891605513926],[98.79841139576932,3.248817107231263],[98.80059810092168,3.255931003612806],[98.80984066381562,3.2465071976591116],[98.80303501095703,3.242061097856204],[98.7982511752516,3.233419065361753],[98.79316748758953,3.2325430258650516],[98.78703029091525,3.2169757576670204],[98.78579193974626,3.215422060123601],[98.78484021780183,3.2149875050134233],[98.78436605744764,3.223690786735104],[98.77923655742126,3.219166202198028],[98.77984777805254,3.223047480991861],[98.78767756356876,3.2275454923610787],[98.79047584638329,3.232359060547539],[98.78653418620377,3.228820873113947],[98.787631172041,3.23422214286091],[98.78921544743503,3.2336796556155107],[98.78718950509165,3.2371984986318805],[98.78646999169682,3.234511399004815],[98.7845616707845,3.2350990466060776],[98.78529127906933,3.2325660521067596],[98.77741731975357,3.2241325858843544],[98.7765997595713,3.214038897422295]]]]}},{"type":"Feature","properties":{"code":"1218112031","desa":"Tapak Meriah","kecamatan":"Silinda","kecCode":"121811","kabCode":"1218","province":"Sumatera Utara"},"geometry":{"type":"Polygon","coordinates":[[[98.82638120982506,3.262133133130761],[98.8244012174423,3.2584519723777823],[98.82066252885265,3.2575294343340855],[98.81717132829424,3.2497194824746978],[98.80984066381562,3.2465071976591116],[98.80059810092168,3.255931003612806],[98.80607736168093,3.264189414101128],[98.80536478295839,3.2718882448293183],[98.80099058394836,3.269770393573703],[98.80444540872867,3.278302362539716],[98.80833400441082,3.278185507331122],[98.81029573156279,3.2811713815266876],[98.81708392858047,3.2747131142984127],[98.8102009214354,3.258807257645561],[98.81792419394645,3.2572616575978697],[98.81797783580856,3.259288188994959],[98.82638120982506,3.262133133130761]]]}},{"type":"Feature","properties":{"code":"1218122010","desa":"Tanjung Harap","kecamatan":"Serba Jadi","kecCode":"121812","kabCode":"1218","province":"Sumatera Utara"},"geometry":{"type":"Polygon","coordinates":[[[98.96204619057931,3.3826327894349904],[98.95597485305706,3.378950405604016],[98.95598868732809,3.3590289177390367],[98.94682463524879,3.3573276243609564],[98.94701218256624,3.3589931301176157],[98.92921980544975,3.3589826692036024],[98.92502115320372,3.362862948850611],[98.92724989356782,3.368437198696357],[98.94803037340307,3.3675598434915304],[98.94828160441254,3.3832563928309303],[98.96204619057931,3.3826327894349904]]]}},{"type":"Feature","properties":{"code":"1218122011","desa":"Kuala Bali","kecamatan":"Serba Jadi","kecCode":"121812","kabCode":"1218","province":"Sumatera Utara"},"geometry":{"type":"Polygon","coordinates":[[[98.92717680656443,3.3601034969663717],[98.94227514038549,3.3583980217406757],[98.95049388898184,3.3393675434872483],[98.94903134402136,3.334178729580207],[98.94651981543718,3.334257757504914],[98.94282868659468,3.340445697519646],[98.9371125659922,3.338735463081732],[98.93372999184571,3.344475561402435],[98.92042265158415,3.3431842401663263],[98.91586346202922,3.3542835343514397],[98.92241641438606,3.354512826399416],[98.92359914788243,3.3586017055934083],[98.92717680656443,3.3601034969663717]]]}},{"type":"Feature","properties":{"code":"1218122014","desa":"Karang Tengah","kecamatan":"Serba Jadi","kecCode":"121812","kabCode":"1218","province":"Sumatera Utara"},"geometry":{"type":"Polygon","coordinates":[[[98.9575019630452,3.3507475871290744],[98.95574675980521,3.3338601483429833],[98.94903134402136,3.334178729580207],[98.95049388898184,3.3393675434872483],[98.94227514038549,3.3583980217406757],[98.95598868732809,3.3590289177390367],[98.9575019630452,3.3507475871290744]]]}},{"type":"Feature","properties":{"code":"1218122015","desa":"Kelapa Bajohom","kecamatan":"Serba Jadi","kecCode":"121812","kabCode":"1218","province":"Sumatera Utara"},"geometry":{"type":"Polygon","coordinates":[[[98.90455713760188,3.3338714384319688],[98.90486032244597,3.339184016139509],[98.90701956590033,3.340737248733452],[98.90370240484218,3.345662227632828],[98.90425438443235,3.351624277734929],[98.91586346202922,3.3542835343514397],[98.92042265158415,3.3431842401663263],[98.93372999184571,3.344475561402435],[98.9371125659922,3.338735463081732],[98.94282868659468,3.340445697519646],[98.94651981543718,3.334257757504914],[98.94903134402136,3.334178729580207],[98.90455713760188,3.3338714384319688]]]}},{"type":"Feature","properties":{"code":"1218122018","desa":"Manggis","kecamatan":"Serba Jadi","kecCode":"121812","kabCode":"1218","province":"Sumatera Utara"},"geometry":{"type":"Polygon","coordinates":[[[98.8924472851142,3.3607133776072184],[98.91347756693624,3.361629534960991],[98.91723335523523,3.3683690165955076],[98.92724989356782,3.368437198696357],[98.92502115320372,3.362862948850611],[98.92717680656443,3.3601034969663717],[98.92359914788243,3.3586017055934083],[98.92241641438606,3.354512826399416],[98.90511534589655,3.3524419215532477],[98.90155291543476,3.3470409278981417],[98.90197170003398,3.342567540865758],[98.89427327399244,3.3370367156843157],[98.89545663701426,3.3582067386396406],[98.8924472851142,3.3607133776072184]]]}},{"type":"Feature","properties":{"code":"1218122020","desa":"Pulau Gambar","kecamatan":"Serba Jadi","kecCode":"121812","kabCode":"1218","province":"Sumatera Utara"},"geometry":{"type":"Polygon","coordinates":[[[98.91418533968175,3.4502785310199258],[98.91941991469734,3.4566010689678914],[98.92006083633856,3.4679134494177744],[98.9299282958542,3.483826269521247],[98.93184005757269,3.4805314503242224],[98.932246376669,3.446937692614582],[98.93774575076583,3.446902533619223],[98.93447637158732,3.445746114287193],[98.93392387758495,3.431476856482527],[98.9378785428605,3.4304203752120355],[98.93559240596483,3.4234372636382635],[98.93315083923987,3.423630631367751],[98.9306629169601,3.4184181751834575],[98.92501264831513,3.418977458167347],[98.91875140455373,3.412359950682494],[98.91418533968175,3.4502785310199258]]]}},{"type":"Feature","properties":{"code":"1218122021","desa":"Pulau Tagor","kecamatan":"Serba Jadi","kecCode":"121812","kabCode":"1218","province":"Sumatera Utara"},"geometry":{"type":"Polygon","coordinates":[[[98.92194082231116,3.3829289325871374],[98.91723041355283,3.389688589612394],[98.92105667992189,3.400233857351002],[98.91875140455373,3.412359950682494],[98.92245710780934,3.4174427066414155],[98.92689385107043,3.41944610207962],[98.93043448826107,3.418284925333972],[98.93315083923987,3.423630631367751],[98.93559240596483,3.4234372636382635],[98.93699106218781,3.419741285655194],[98.93523501988032,3.4153297647849676],[98.93975381908353,3.406339047147117],[98.9313467398602,3.404320121316509],[98.93491203466272,3.3998929990074784],[98.93885484777309,3.404244860651856],[98.93654305681666,3.3930417100589687],[98.92871625525106,3.3898001505120923],[98.92758373180385,3.3848151040947334],[98.92194082231116,3.3829289325871374]]]}},{"type":"Feature","properties":{"code":"1218122032","desa":"Serba Jadi","kecamatan":"Serba Jadi","kecCode":"121812","kabCode":"1218","province":"Sumatera Utara"},"geometry":{"type":"MultiPolygon","coordinates":[[[[98.91767989740941,3.367888042078671],[98.9161826853827,3.376989486944628],[98.92037892924424,3.384838946021458],[98.92194082231116,3.3829289325871374],[98.92920490728066,3.386044766012769],[98.93161825777644,3.3837981777057924],[98.94828160441254,3.3832563928309303],[98.94803037340307,3.3675598434915304],[98.91767989740941,3.367888042078671]]],[[[98.96204619057931,3.3826327894349904],[98.94828160441254,3.3832563928309303],[98.94867737895794,3.3894988398554875],[98.94546348165443,3.3903038455011343],[98.93932320929872,3.400544671143699],[98.9533078379864,3.3983478836942593],[98.95377267057233,3.390720441150031],[98.9610465455617,3.392303987192137],[98.96204619057931,3.3826327894349904]]]]}},{"type":"Feature","properties":{"code":"1218122033","desa":"Tambak Cekur","kecamatan":"Serba Jadi","kecCode":"121812","kabCode":"1218","province":"Sumatera Utara"},"geometry":{"type":"Polygon","coordinates":[[[98.93161825777644,3.3837981777057924],[98.92871625525106,3.3898001505120923],[98.93654305681666,3.3930417100589687],[98.93910696371545,3.403512070566415],[98.93491203466272,3.3998929990074784],[98.93165163701349,3.4052152291385465],[98.93975381908353,3.406339047147117],[98.93864304304208,3.4089073499292857],[98.9494344723231,3.4085831434326943],[98.9498381537079,3.3998339585151283],[98.93921521960675,3.3999113766534084],[98.94546348165443,3.3903038455011343],[98.94867737895794,3.3894988398554875],[98.94828160441254,3.3832563928309303],[98.93161825777644,3.3837981777057924]]]}},{"type":"Feature","properties":{"code":"1218122038","desa":"Bah Sidua-Dua","kecamatan":"Serba Jadi","kecCode":"121812","kabCode":"1218","province":"Sumatera Utara"},"geometry":{"type":"Polygon","coordinates":[[[98.97310889226162,3.4243759840827894],[99.00672761069075,3.3897043781102574],[98.98645139421653,3.390015789052777],[98.98438669379097,3.39366819937931],[98.96251237484624,3.381817446981792],[98.9610465455617,3.392303987192137],[98.95377267057233,3.390720441150031],[98.9533078379864,3.3983478836942593],[98.9498381537079,3.3998339585151283],[98.95445716706466,3.4080525299362763],[98.97310889226162,3.4243759840827894]]]}},{"type":"Feature","properties":{"code":"1218132001","desa":"Bah Sumbu","kecamatan":"Tebing Tinggi","kecCode":"121813","kabCode":"1218","province":"Sumatera Utara"},"geometry":{"type":"Polygon","coordinates":[[[99.09566046256037,3.2845783281962477],[99.09529882088395,3.291588941937537],[99.09870148498561,3.2926290141779546],[99.09935913041959,3.2980300069336788],[99.10512009661522,3.2978394262031925],[99.10855904476414,3.301159303210329],[99.11536431900817,3.301936575562768],[99.11669717903163,3.3073012851706247],[99.12090093043366,3.3072645919318995],[99.12095451024253,3.3129068943760682],[99.12941884300527,3.3127727703856085],[99.12551153782726,3.3213773191372384],[99.12685430208442,3.325001615757355],[99.12948500612815,3.3233891906856985],[99.12698100217158,3.321464637911907],[99.13025282480805,3.3197461387043607],[99.1337574315603,3.3124377342529234],[99.13238780635226,3.3075159776245155],[99.12623338676144,3.306753681682099],[99.1143990505758,3.2976129922007256],[99.1070835810425,3.298056909253357],[99.09566046256037,3.2845783281962477]]]}},{"type":"Feature","properties":{"code":"1218132002","desa":"Naga Kesiangan","kecamatan":"Tebing Tinggi","kecCode":"121813","kabCode":"1218","province":"Sumatera Utara"},"geometry":{"type":"Polygon","coordinates":[[[99.10289207121217,3.2495699423057216],[99.09255151793825,3.2311471296629315],[99.09095609544748,3.2313128081660363],[99.09520666285727,3.250985425742022],[99.09901112965996,3.2547497432072645],[99.09913652842812,3.2628024157912754],[99.10132015879833,3.2655055557263575],[99.0978071280965,3.2653911205933976],[99.10010599489578,3.275638321529899],[99.09607815628192,3.2872231228149866],[99.10262473604281,3.292685443038941],[99.102166262563,3.284803008520721],[99.10588684959849,3.2766004387368586],[99.1022725192614,3.2618900481806103],[99.10289207121217,3.2495699423057216]]]}},{"type":"Feature","properties":{"code":"1218132003","desa":"Jambu","kecamatan":"Tebing Tinggi","kecCode":"121813","kabCode":"1218","province":"Sumatera Utara"},"geometry":{"type":"Polygon","coordinates":[[[99.09530772687013,3.2905847247677458],[99.07740672603961,3.290364135459236],[99.07753905858071,3.293852239648082],[99.07080144123357,3.294036510735163],[99.07193685600117,3.299323555790534],[99.07627751389622,3.302177844781662],[99.08973835943777,3.3001759134397917],[99.09203270084849,3.3070234333295683],[99.09535497275385,3.308165584917363],[99.088243277905,3.3099821488986603],[99.11276497702215,3.320609868280899],[99.11660021233001,3.3248162726784094],[99.11660054058255,3.3276208381537353],[99.11054231067912,3.327476787446482],[99.11492421777848,3.3358322797496514],[99.12530486013122,3.3356420245736693],[99.12533940129241,3.329078359499689],[99.12846531342355,3.3290857312425044],[99.12551153782726,3.3213773191372384],[99.12941884300527,3.3127727703856085],[99.12095451024253,3.3129068943760682],[99.12090093043366,3.3072645919318995],[99.11669717903163,3.3073012851706247],[99.11536431900817,3.301936575562768],[99.10855904476414,3.301159303210329],[99.10512009661522,3.2978394262031925],[99.09935913041959,3.2980300069336788],[99.09870148498561,3.2926290141779546],[99.09530772687013,3.2905847247677458]]]}},{"type":"Feature","properties":{"code":"1218132004","desa":"Mariah Padang","kecamatan":"Tebing Tinggi","kecCode":"121813","kabCode":"1218","province":"Sumatera Utara"},"geometry":{"type":"MultiPolygon","coordinates":[[[[99.076659840879,3.302720634199277],[99.08031474143223,3.309386571075627],[99.09236913902458,3.316151258908395],[99.09552299309172,3.3149103887396927],[99.0993609920162,3.3195553592236884],[99.1023309536107,3.319080087307918],[99.10987496695623,3.3241730145992126],[99.11026971177785,3.3273665575434284],[99.11660054058255,3.3276208381537353],[99.11660021233001,3.3248162726784094],[99.10717446203188,3.316602675407603],[99.088243277905,3.3099821488986603],[99.09535497275385,3.308165584917363],[99.09203270084849,3.3070234333295683],[99.08973835943777,3.3001759134397917],[99.076659840879,3.302720634199277]]],[[[99.11871175124641,3.340194040231804],[99.11236121559769,3.3322443445184735],[99.11115208070402,3.329074925888092],[99.1101952398185,3.33309359321141],[99.11695948789009,3.3418960935370623],[99.11871175124641,3.340194040231804]]]]}},{"type":"Feature","properties":{"code":"1218132005","desa":"Pertapaan","kecamatan":"Tebing Tinggi","kecCode":"121813","kabCode":"1218","province":"Sumatera Utara"},"geometry":{"type":"Polygon","coordinates":[[[99.08047185569164,3.35621636358605],[99.08231516821051,3.357868416384299],[99.07914670195878,3.3612070190750543],[99.08396322532262,3.365757252276851],[99.08247940330186,3.36728094933615],[99.09527869225793,3.3694015561144792],[99.09632237707609,3.3670727580813926],[99.10136802071764,3.3688068218555483],[99.10789631995925,3.3673844208340467],[99.12093045337774,3.3755631639797437],[99.12763312486884,3.3758290701261364],[99.13209856459713,3.371795277105315],[99.12790293587187,3.3671818827176097],[99.12951385188279,3.3636171580891276],[99.12304984877159,3.359836360547456],[99.1307186718293,3.352597777660976],[99.12940160300161,3.3494478860101937],[99.12097589791944,3.341047176693937],[99.11489964470292,3.3411417619907255],[99.10974980830707,3.3320037641801896],[99.10987496695623,3.3241730145992126],[99.08348504140162,3.3097535601205297],[99.08346880504138,3.3241190660683504],[99.0946697568039,3.3350982764788006],[99.09573530504036,3.343301816631161],[99.10515820538694,3.354855266650491],[99.09700391929549,3.3622938668537032],[99.08463969356706,3.3515169454474805],[99.08047185569164,3.35621636358605]]]}},{"type":"Feature","properties":{"code":"1218132006","desa":"Paya Lombang","kecamatan":"Tebing Tinggi","kecCode":"121813","kabCode":"1218","province":"Sumatera Utara"},"geometry":{"type":"Polygon","coordinates":[[[99.23261383995678,3.410698577310614],[99.2510785556309,3.3955614602425945],[99.24433741743793,3.3863664418171022],[99.24501205556196,3.3820110296492603],[99.23583389042174,3.3640854224874883],[99.22248241323284,3.380273814650707],[99.20336464676109,3.373046690026373],[99.20074839392328,3.3675857079935416],[99.16765714586063,3.3990274581963065],[99.16890207826832,3.4013958326946176],[99.17445999823042,3.4004892926908217],[99.17846547070496,3.403761405804844],[99.20001298321266,3.3811110412065752],[99.20556888509606,3.3882660042299424],[99.20208577034208,3.3920483611960615],[99.21297500269428,3.4012150824533807],[99.22484469932346,3.3887462601884635],[99.22503466042131,3.3966177715411923],[99.23074589140981,3.402836810112263],[99.23261383995678,3.410698577310614]]]}},{"type":"Feature","properties":{"code":"1218132007","desa":"Sei Serimah","kecamatan":"Tebing Tinggi","kecCode":"121813","kabCode":"1218","province":"Sumatera Utara"},"geometry":{"type":"Polygon","coordinates":[[[99.12940160300161,3.3494478860101937],[99.1307186718293,3.352597777660976],[99.12304984877159,3.359836360547456],[99.12951385188279,3.3636171580891276],[99.12790293587187,3.3671818827176097],[99.13210752993858,3.3715148190289455],[99.12771687423441,3.376047136836292],[99.14184125487007,3.379947483056134],[99.14821283555396,3.373991360385598],[99.15225549589445,3.3782609025865833],[99.16023950974562,3.3706775331178402],[99.1545884164223,3.366742470369137],[99.16552007069475,3.355436592917026],[99.15462096018922,3.3411906230567348],[99.14573605227706,3.349475907086425],[99.14007341075937,3.344464286601949],[99.13563571601554,3.3493635961521533],[99.12940160300161,3.3494478860101937]]]}},{"type":"Feature","properties":{"code":"1218132008","desa":"Paya Bagas","kecamatan":"Tebing Tinggi","kecCode":"121813","kabCode":"1218","province":"Sumatera Utara"},"geometry":{"type":"Polygon","coordinates":[[[99.15986559681988,3.3957165825035265],[99.16778784343425,3.3983697192335613],[99.21171074925172,3.357206539640772],[99.20717306968146,3.354095367401345],[99.19881176595032,3.3618141549849763],[99.17715306396279,3.353099843078376],[99.17503431068496,3.3491827379923076],[99.16761641736383,3.350071312239624],[99.1695250800185,3.353722158645109],[99.16849543631537,3.3604178163164296],[99.17020660335214,3.3640369580224925],[99.17645603541774,3.3672009402511387],[99.17658860358125,3.371032736547351],[99.16870945607661,3.3781311708849806],[99.16820069340736,3.373940201551749],[99.16078507806894,3.370323941273464],[99.15225549589445,3.3782609025865833],[99.14821283555396,3.373991360385598],[99.14179809640507,3.3799418676892254],[99.14980722832098,3.383036281961697],[99.15986559681988,3.3957165825035265]]]}},{"type":"Feature","properties":{"code":"1218132009","desa":"Paya Mabar","kecamatan":"Tebing Tinggi","kecCode":"121813","kabCode":"1218","province":"Sumatera Utara"},"geometry":{"type":"Polygon","coordinates":[[[99.21297500269428,3.4012150824533807],[99.20208577034208,3.3920483611960615],[99.20556888509606,3.3882660042299424],[99.20001298321266,3.3811110412065752],[99.17846547070496,3.403761405804844],[99.1965199516345,3.4178833240815276],[99.21297500269428,3.4012150824533807]]]}},{"type":"Feature","properties":{"code":"1218132010","desa":"Sei. Priok","kecamatan":"Tebing Tinggi","kecCode":"121813","kabCode":"1218","province":"Sumatera Utara"},"geometry":{"type":"Polygon","coordinates":[[[99.20809785333329,3.43349842811856],[99.23261383995678,3.410698577310614],[99.23074589140981,3.402836810112263],[99.22503466042131,3.3966177715411923],[99.22484469932346,3.3887462601884635],[99.1965199516345,3.4178833240815276],[99.20150656377695,3.421541685222062],[99.20809785333329,3.43349842811856]]]}},{"type":"Feature","properties":{"code":"1218132011","desa":"Kuta Baru","kecamatan":"Tebing Tinggi","kecCode":"121813","kabCode":"1218","province":"Sumatera Utara"},"geometry":{"type":"Polygon","coordinates":[[[99.23583389042174,3.3640854224874883],[99.23230907770181,3.364362768010325],[99.23078486443,3.3605461603640934],[99.21315506135703,3.3558420801400164],[99.2119016006784,3.3517056250111894],[99.2075173832207,3.3526808318504653],[99.20358945838683,3.3492010185114736],[99.19917767940643,3.3540852041628635],[99.19583088208957,3.353092716850501],[99.19345043688821,3.355515995858992],[99.19234649659357,3.3525405475039998],[99.18696890329231,3.3569922087143746],[99.19881176595032,3.3618141549849763],[99.20717306968146,3.354095367401345],[99.21171074925172,3.357206539640772],[99.20074839392328,3.3675857079935416],[99.20131628072181,3.3712496035618797],[99.22248241323284,3.380273814650707],[99.23583389042174,3.3640854224874883]]]}},{"type":"Feature","properties":{"code":"1218132018","desa":"Kedai Damar","kecamatan":"Tebing Tinggi","kecCode":"121813","kabCode":"1218","province":"Sumatera Utara"},"geometry":{"type":"Polygon","coordinates":[[[99.10262473604281,3.292685443038941],[99.10908816358796,3.298549752123237],[99.11609537430212,3.296543700987083],[99.12046852380335,3.2995069536358432],[99.12220558771774,3.295177823255486],[99.10510906822894,3.2784878953756116],[99.102166262563,3.284803008520721],[99.10262473604281,3.292685443038941]]]}},{"type":"Feature","properties":{"code":"1218132019","desa":"Penonggol","kecamatan":"Tebing Tinggi","kecCode":"121813","kabCode":"1218","province":"Sumatera Utara"},"geometry":{"type":"MultiPolygon","coordinates":[[[[99.11641321000172,3.2452465442040554],[99.10718152980382,3.2429699859898973],[99.10234375096337,3.2485982931844943],[99.1022725192614,3.2618900481806103],[99.10587168163283,3.2772708878180654],[99.10959772035856,3.271324732333817],[99.11669450444788,3.2697746293805596],[99.11916907359392,3.2631352530815487],[99.11651484688275,3.2632130309485983],[99.11918181069206,3.2542372447547137],[99.11641321000172,3.2452465442040554]]],[[[99.10834208601851,3.2822160448061393],[99.12220558771774,3.295177823255486],[99.1335803307677,3.280571165000554],[99.1315899584099,3.274234361106961],[99.12644519508973,3.274665041937798],[99.12811407600385,3.2833471149477194],[99.11672413441136,3.2827392577814423],[99.1178864398074,3.2755224447837623],[99.115662188859,3.2748560534435573],[99.11438239333285,3.2830010432342225],[99.10834208601851,3.2822160448061393]]]]}},{"type":"Feature","properties":{"code":"1218132020","desa":"Gunung Kataran","kecamatan":"Tebing Tinggi","kecCode":"121813","kabCode":"1218","province":"Sumatera Utara"},"geometry":{"type":"MultiPolygon","coordinates":[[[[99.10832716536645,3.237409628871182],[99.10164896532757,3.237205917139452],[99.0956292174145,3.236696479979218],[99.10234375096337,3.2485982931844943],[99.10718152980382,3.2429699859898973],[99.10964247961681,3.2430333324360925],[99.10832716536645,3.237409628871182]]],[[[99.1273475676362,3.2365109075731286],[99.11387732058193,3.2391613103641843],[99.11918181069206,3.2542372447547137],[99.11651484688275,3.2632130309485983],[99.11916907359392,3.2631352530815487],[99.11669450444788,3.2697746293805596],[99.10959772035856,3.271324732333817],[99.10510906822894,3.2784878953756116],[99.1104670554103,3.282915257803672],[99.11438239333285,3.2830010432342225],[99.11480860363423,3.2760350898257156],[99.11758307959553,3.274427228813477],[99.11672413441136,3.2827392577814423],[99.12811407600385,3.2833471149477194],[99.12644519508973,3.274665041937798],[99.1315899584099,3.274234361106961],[99.1335803307677,3.280571165000554],[99.14480498056548,3.266151308524885],[99.14617462196128,3.2586715103787824],[99.1381841446826,3.2548160789999065],[99.1351446502055,3.2469608723559547],[99.12750304782747,3.244955697159439],[99.12635940696111,3.2408779066062543],[99.12901622641778,3.2395394617943114],[99.1273475676362,3.2365109075731286]]]]}},{"type":"Feature","properties":{"code":"1218141012","desa":"Melati Kebun","kecamatan":"Pegajahan","kecCode":"121814","kabCode":"1218","province":"Sumatera Utara"},"geometry":{"type":"MultiPolygon","coordinates":[[[[99.0192373206459,3.4858719250016885],[99.02143730428821,3.4780567175042583],[99.01779011272356,3.4714455052736795],[98.99151901459088,3.4725605674828044],[98.99198709283013,3.482991738233554],[98.99467005557864,3.484819246964134],[98.99813632243335,3.4832179456068517],[98.99908166278857,3.48707196055357],[98.99220312257609,3.4888089462250464],[99.0192373206459,3.4858719250016885]]],[[[98.94421096706252,3.48809062802998],[98.9516757708202,3.5097398844148455],[98.95547946960191,3.509878040965393],[98.95272715743243,3.5120754255646487],[98.9616771429858,3.5121396713329056],[98.96166441308225,3.514583877565406],[98.96175305835702,3.509326734068664],[98.96482702294878,3.506448504225294],[98.97797751874754,3.5040619202542223],[98.9809307709384,3.4983804847104873],[98.98482250795246,3.4976313539435044],[98.98085879639636,3.4957478138522853],[98.98076879764193,3.494046980926999],[98.98456822644253,3.493757548515902],[98.98389320520732,3.4880111342564817],[98.94421096706252,3.48809062802998]]],[[[98.96152377530206,3.5634539395167586],[98.95911742692776,3.5592353322184413],[98.96176576667686,3.558953365978991],[98.96157368857489,3.5563287971130206],[98.96914095299263,3.5548761644816786],[98.96912055456998,3.552960101307968],[98.9797170872738,3.5528601641456996],[98.98006025058015,3.546273322643228],[99.00064827909488,3.546022027782144],[98.99940574967563,3.537255517425349],[98.9656775450827,3.537897214281538],[98.96963037664062,3.532740580815196],[98.96346276399544,3.534043121993099],[98.96189661443725,3.5216849010512665],[98.95353188968498,3.5225808029746113],[98.95923068664695,3.5331622891099603],[98.95610050543404,3.5390764395213323],[98.95808497644053,3.5432666705111937],[98.95377605472123,3.550958187952485],[98.95679915995333,3.552491831513651],[98.95983929744568,3.5626497333684743],[98.96152377530206,3.5634539395167586]]]]}},{"type":"Feature","properties":{"code":"1218142001","desa":"Bengabing","kecamatan":"Pegajahan","kecCode":"121814","kabCode":"1218","province":"Sumatera Utara"},"geometry":{"type":"Polygon","coordinates":[[[98.99218926941933,3.5306760764440117],[99.04152170706118,3.52681453866841],[99.04228804455767,3.5203536840905647],[99.03376599420533,3.5090832039541353],[99.02531923959128,3.507198874258113],[99.0214096609272,3.5031165259407286],[98.9821795749275,3.505719868108483],[98.99218926941933,3.5306760764440117]]]}},{"type":"Feature","properties":{"code":"1218142002","desa":"Bingkat","kecamatan":"Pegajahan","kecCode":"121814","kabCode":"1218","province":"Sumatera Utara"},"geometry":{"type":"MultiPolygon","coordinates":[[[[98.9782395452189,3.4637305002385363],[98.97313638543591,3.4378119615567364],[98.97374682095908,3.4704975272079484],[98.9782395452189,3.4637305002385363]]],[[[98.94421096706252,3.48809062802998],[98.97108505343253,3.4866731642865765],[98.97045157458058,3.4735191215757593],[98.93898534389854,3.4756798345200326],[98.94421096706252,3.48809062802998]]]]}},{"type":"Feature","properties":{"code":"1218142003","desa":"Jati Mulyo","kecamatan":"Pegajahan","kecCode":"121814","kabCode":"1218","province":"Sumatera Utara"},"geometry":{"type":"Polygon","coordinates":[[[99.00059425142365,3.5402500628840774],[98.999491852567,3.5301315954016004],[98.99218926941933,3.5306760764440117],[98.98149780068303,3.5078164908671075],[98.98001220160187,3.508820673862736],[98.98346904266224,3.537553918775206],[98.99940574967563,3.537255517425349],[99.00059425142365,3.5402500628840774]]]}},{"type":"Feature","properties":{"code":"1218142004","desa":"Karang Anyar","kecamatan":"Pegajahan","kecCode":"121814","kabCode":"1218","province":"Sumatera Utara"},"geometry":{"type":"Polygon","coordinates":[[[98.98959472441703,3.5462427978543825],[98.99163560989551,3.554820523426778],[99.0030880876452,3.55869766893648],[99.00059425142365,3.5402500628840774],[99.00064827909488,3.546022027782144],[98.98959472441703,3.5462427978543825]]]}},{"type":"Feature","properties":{"code":"1218142005","desa":"Lestari Dadi","kecamatan":"Pegajahan","kecCode":"121814","kabCode":"1218","province":"Sumatera Utara"},"geometry":{"type":"Polygon","coordinates":[[[98.98482250795246,3.4976313539435044],[98.98512765421793,3.5055590531389873],[99.00869734630555,3.503826918410589],[99.00722072695503,3.496987419574139],[99.00379042398897,3.4951780429746373],[98.98482250795246,3.4976313539435044]]]}},{"type":"Feature","properties":{"code":"1218142006","desa":"Pegajahan","kecamatan":"Pegajahan","kecCode":"121814","kabCode":"1218","province":"Sumatera Utara"},"geometry":{"type":"Polygon","coordinates":[[[98.97045157458058,3.4735191215757593],[98.97113534801798,3.488908051514434],[98.98389320520732,3.4880111342564817],[98.98456822644253,3.493757548515902],[98.98076879764193,3.494046980926999],[98.98237135265583,3.496471601723959],[99.00379042398897,3.4951780429746373],[99.00491581940958,3.490066496119717],[99.00468706785396,3.4877674341699985],[98.99220312257609,3.4888089462250464],[98.99908166278857,3.48707196055357],[98.99813632243335,3.4832179456068517],[98.99467005557864,3.484819246964134],[98.99198709283013,3.482991738233554],[98.99151901459088,3.4725605674828044],[98.99525280097605,3.472090714881691],[98.99032788142665,3.463044261760104],[98.9779425234288,3.4603333525818685],[98.97366371730674,3.4725151355317747],[98.97045157458058,3.4735191215757593]]]}},{"type":"Feature","properties":{"code":"1218142007","desa":"Petuaran Hulu","kecamatan":"Pegajahan","kecCode":"121814","kabCode":"1218","province":"Sumatera Utara"},"geometry":{"type":"Polygon","coordinates":[[[99.00459033587538,3.4918711225001693],[99.00473831572076,3.4960861289131118],[99.00858924599697,3.497258815182268],[99.00459033587538,3.4918711225001693]]]}},{"type":"Feature","properties":{"code":"1218142008","desa":"Petuaran Hilir","kecamatan":"Pegajahan","kecCode":"121814","kabCode":"1218","province":"Sumatera Utara"},"geometry":{"type":"MultiPolygon","coordinates":[[[[99.00848787981185,3.470421725151425],[99.00597167025641,3.4690310423191524],[99.00773807365323,3.4674644538935713],[99.00706500124886,3.463724705906555],[99.00222460088467,3.461587179283266],[99.0008482586403,3.463369438625179],[98.99032788142665,3.463044261760104],[98.99525280097605,3.472090714881691],[99.00848787981185,3.470421725151425]]],[[[99.02476561873839,3.5000348172901],[99.01941922471752,3.485891098547633],[99.00468706785396,3.4877674341699985],[99.00869734630555,3.503826918410589],[99.0214096609272,3.5031165259407286],[99.02476561873839,3.5000348172901]]]]}},{"type":"Feature","properties":{"code":"1218142009","desa":"Pondok Tengah","kecamatan":"Pegajahan","kecCode":"121814","kabCode":"1218","province":"Sumatera Utara"},"geometry":{"type":"Polygon","coordinates":[[[98.93158826538621,3.481294820956417],[98.94122895275403,3.4811369404748516],[98.93898534389854,3.4756798345200326],[98.97342577108253,3.4728720539684157],[98.97335178295849,3.444401169175468],[98.94865558208949,3.444794413927527],[98.94858134035661,3.4358362067815564],[98.93666932432988,3.436072713190968],[98.93550429758533,3.4441114238003694],[98.94012283340209,3.450364648300355],[98.945126140559,3.4649324045816075],[98.94178598743345,3.4650407674921166],[98.94158858084836,3.4609699062152894],[98.93775288958425,3.4587665249365918],[98.93515451796668,3.4624213769225274],[98.93162821596945,3.4629809162132346],[98.93158826538621,3.481294820956417]]]}},{"type":"Feature","properties":{"code":"1218142010","desa":"Sukasari","kecamatan":"Pegajahan","kecCode":"121814","kabCode":"1218","province":"Sumatera Utara"},"geometry":{"type":"Polygon","coordinates":[[[99.00386351458957,3.456929978019453],[98.99022260858658,3.4427789001247806],[98.98229900399588,3.442540953900748],[98.98371478241131,3.4383887966090296],[98.98176362499133,3.433463310492003],[98.97680244837436,3.425551603041206],[98.97309876139876,3.4244639090005013],[98.97313638543591,3.4378119615567364],[98.9779425234288,3.4603333525818685],[98.9929505860008,3.4636402550699517],[99.00222460088467,3.461587179283266],[99.00705504305586,3.463929192853857],[99.00386351458957,3.456929978019453]]]}},{"type":"Feature","properties":{"code":"1218142011","desa":"Tanjung Putus","kecamatan":"Pegajahan","kecCode":"121814","kabCode":"1218","province":"Sumatera Utara"},"geometry":{"type":"Polygon","coordinates":[[[98.97309876139876,3.4244639090005013],[98.95980444691774,3.413838602499258],[98.9498381537079,3.3998339585151283],[98.9494344723231,3.4085831434326943],[98.93864304304208,3.4089073499292857],[98.93567759964158,3.4136879372783553],[98.93789281959799,3.430548867647894],[98.93396670869669,3.4324476764288523],[98.9350480085588,3.4364388155043737],[98.94858134035661,3.4358362067815564],[98.94865558208949,3.444794413927527],[98.97335178295849,3.444401169175468],[98.97309876139876,3.4244639090005013]]]}},{"type":"Feature","properties":{"code":"1218142013","desa":"Sennah","kecamatan":"Pegajahan","kecCode":"121814","kabCode":"1218","province":"Sumatera Utara"},"geometry":{"type":"Polygon","coordinates":[[[98.9350480085588,3.4364388155043737],[98.93447637158732,3.445746114287193],[98.93774575076583,3.446902533619223],[98.932246376669,3.446937692614582],[98.93162821596945,3.4629809162132346],[98.93515451796668,3.4624213769225274],[98.93775288958425,3.4587665249365918],[98.94158858084836,3.4609699062152894],[98.94178598743345,3.4650407674921166],[98.945126140559,3.4649324045816075],[98.94012283340209,3.450364648300355],[98.93757442991608,3.445267842233064],[98.93550429758533,3.4441114238003694],[98.93681776103091,3.4379938305546247],[98.9350480085588,3.4364388155043737]]]}},{"type":"Feature","properties":{"code":"1218152001","desa":"Pon","kecamatan":"Sei Bamban","kecCode":"121815","kabCode":"1218","province":"Sumatera Utara"},"geometry":{"type":"Polygon","coordinates":[[[99.172761951403,3.474915050153505],[99.17850297603154,3.4837550297254443],[99.180477494241,3.4813001404463546],[99.17708579377442,3.4728304018678346],[99.17985890456487,3.469577050410382],[99.17660338303976,3.4624673691512284],[99.16941934043028,3.4568808408616163],[99.16976969921227,3.4497302926100284],[99.16638203400373,3.442292916384151],[99.16530268926776,3.4480741056283843],[99.16223280669873,3.4486988745457166],[99.14962190682559,3.462588022196793],[99.15237312002353,3.465730266012908],[99.1574271228635,3.4600400359989343],[99.1593720812566,3.461880763864262],[99.16104635360637,3.460152513307818],[99.15889438027146,3.4586420371818605],[99.16862473184597,3.4479197226101834],[99.16725750333119,3.4548499243701842],[99.17548036722525,3.472019527246607],[99.172761951403,3.474915050153505]]]}},{"type":"Feature","properties":{"code":"1218152002","desa":"Sei Bamban","kecamatan":"Sei Bamban","kecCode":"121815","kabCode":"1218","province":"Sumatera Utara"},"geometry":{"type":"Polygon","coordinates":[[[99.12850226386841,3.4490712694154273],[99.13875133360722,3.4590036950456233],[99.14777607620498,3.4498840335123244],[99.15516667959866,3.455829054951506],[99.16530268926776,3.4480741056283843],[99.16638203400373,3.442292916384151],[99.16976969921227,3.4497302926100284],[99.16941934043028,3.4568808408616163],[99.17822550100612,3.464714703895523],[99.17986146673336,3.4696912220419676],[99.17725546526758,3.4739395240549564],[99.18079439464566,3.4804265704879978],[99.19278395561514,3.4573548402366536],[99.19303454540801,3.4493694054651725],[99.18597518840426,3.443024299929854],[99.17795231125024,3.4510482580603905],[99.16878581841087,3.442437243183191],[99.1701089774474,3.4409804493887863],[99.15847596079703,3.4327587816019083],[99.1611312837818,3.4298271230358406],[99.16278800855979,3.4311476965200747],[99.1631375660459,3.421992120560875],[99.15787047244442,3.4186999129951054],[99.14909424040694,3.4273140269360263],[99.14361986926161,3.4224656963552844],[99.13984067970362,3.426405027286366],[99.14588301408986,3.432448003782063],[99.12850226386841,3.4490712694154273]]]}},{"type":"Feature","properties":{"code":"1218152003","desa":"Bakaran Batu","kecamatan":"Sei Bamban","kecCode":"121815","kabCode":"1218","province":"Sumatera Utara"},"geometry":{"type":"Polygon","coordinates":[[[99.15786539487213,3.392648557937128],[99.15116444558278,3.3845251446809446],[99.13375027565473,3.40317899765384],[99.1346959343699,3.4060377050141857],[99.12736611435473,3.4139785531972513],[99.13984067970362,3.426405027286366],[99.14361986926161,3.4224656963552844],[99.14909424040694,3.4273140269360263],[99.1560278443096,3.419300142111725],[99.15300897488436,3.4182031212021076],[99.14919985409007,3.4116537229730657],[99.14876469193705,3.399961423925224],[99.15786539487213,3.392648557937128]]]}},{"type":"Feature","properties":{"code":"1218152004","desa":"Gempolan","kecamatan":"Sei Bamban","kecCode":"121815","kabCode":"1218","province":"Sumatera Utara"},"geometry":{"type":"Polygon","coordinates":[[[99.1113962376463,3.4006420425401687],[99.10969351344494,3.4063343553839713],[99.1167763562439,3.415033234024991],[99.11166824659237,3.425218156909888],[99.12850226386841,3.4490712694154273],[99.14588301408986,3.432448003782063],[99.11909298825087,3.404657278050548],[99.1113962376463,3.4006420425401687]]]}},{"type":"Feature","properties":{"code":"1218152005","desa":"Rampah Estate","kecamatan":"Sei Bamban","kecCode":"121815","kabCode":"1218","province":"Sumatera Utara"},"geometry":{"type":"Polygon","coordinates":[[[99.1574271228635,3.4600400359989343],[99.14771456257705,3.470974845980671],[99.15463900058944,3.477360878763018],[99.15147941604226,3.4806816227166015],[99.16259932359996,3.4861712580490907],[99.17018790374878,3.4796742093562316],[99.17246608344306,3.481709355359241],[99.17459045298703,3.479601026125505],[99.172761951403,3.474915050153505],[99.17548036722525,3.472019527246607],[99.16725750333119,3.4548499243701842],[99.16862473184597,3.4479197226101834],[99.15889438027146,3.4586420371818605],[99.16104635360637,3.460152513307818],[99.1593720812566,3.461880763864262],[99.1574271228635,3.4600400359989343]]]}},{"type":"Feature","properties":{"code":"1218152006","desa":"Suka Damai","kecamatan":"Sei Bamban","kecCode":"121815","kabCode":"1218","province":"Sumatera Utara"},"geometry":{"type":"Polygon","coordinates":[[[99.19348886222126,3.4153107522175947],[99.17445999823042,3.4004892926908217],[99.16890207826832,3.4013958326946176],[99.16742073477917,3.397437051226292],[99.16171653828768,3.3970220482766895],[99.15786539487213,3.392648557937128],[99.14876469193705,3.399961423925224],[99.14919985409007,3.4116537229730657],[99.15413448541824,3.4193428572108764],[99.1601533376065,3.4195199795869984],[99.1637471148375,3.4238213811708063],[99.18069923108469,3.4086574822923152],[99.19034683693702,3.4187611352426184],[99.19348886222126,3.4153107522175947]]]}},{"type":"Feature","properties":{"code":"1218152007","desa":"Sei Bamban Estate","kecamatan":"Sei Bamban","kecCode":"121815","kabCode":"1218","province":"Sumatera Utara"},"geometry":{"type":"Polygon","coordinates":[[[99.16309527182938,3.4230967056682244],[99.16278800855979,3.4311476965200747],[99.1611312837818,3.4298271230358406],[99.15847596079703,3.4327587816019083],[99.17010157242969,3.440973606447351],[99.19034683693702,3.4187611352426184],[99.18069923108469,3.4086574822923152],[99.16309527182938,3.4230967056682244]]]}},{"type":"Feature","properties":{"code":"1218152008","desa":"Sei Belutu","kecamatan":"Sei Bamban","kecCode":"121815","kabCode":"1218","province":"Sumatera Utara"},"geometry":{"type":"Polygon","coordinates":[[[99.10848693262591,3.3907221219829373],[99.1113962376463,3.4006420425401687],[99.11909298825087,3.404657278050548],[99.12736611435473,3.4139785531972513],[99.1346959343699,3.4060377050141857],[99.13375027565473,3.40317899765384],[99.15113178040741,3.384062436294182],[99.12677026043922,3.375001142560195],[99.12093045337774,3.3755631639797437],[99.11128778390417,3.3682110236986342],[99.0968428417238,3.3670255355800736],[99.09527869225793,3.3694015561144792],[99.09264018569608,3.3674844650156324],[99.08247940330186,3.36728094933615],[99.08797638969867,3.3684873511888096],[99.10848693262591,3.3907221219829373]]]}},{"type":"Feature","properties":{"code":"1218152009","desa":"Sei Buluh","kecamatan":"Sei Bamban","kecCode":"121815","kabCode":"1218","province":"Sumatera Utara"},"geometry":{"type":"Polygon","coordinates":[[[99.19303454540801,3.4493694054651725],[99.20809785333329,3.43349842811856],[99.20150656377695,3.421541685222062],[99.19348886222126,3.4153107522175947],[99.16878581841087,3.442437243183191],[99.17795231125024,3.4510482580603905],[99.18597518840426,3.443024299929854],[99.19303454540801,3.4493694054651725]]]}},{"type":"Feature","properties":{"code":"1218152010","desa":"Penggalangan","kecamatan":"Sei Bamban","kecCode":"121815","kabCode":"1218","province":"Sumatera Utara"},"geometry":{"type":"Polygon","coordinates":[[[99.14503096490716,3.466596537972854],[99.15516667959866,3.455829054951506],[99.14777607620498,3.4498840335123244],[99.13875133360722,3.4590036950456233],[99.14503096490716,3.466596537972854]]]}},{"type":"Feature","properties":{"code":"1218162001","desa":"Penggalian","kecamatan":"Tebing Syahbandar","kecCode":"121816","kabCode":"1218","province":"Sumatera Utara"},"geometry":{"type":"Polygon","coordinates":[[[99.1894816918267,3.2598041804142976],[99.18785894343557,3.255214280815069],[99.17693941742021,3.255024014847257],[99.17668248291034,3.2607872671133395],[99.15517189836447,3.260776409598267],[99.15792675741396,3.2639514714744093],[99.15430846826125,3.265263848537587],[99.15464331373799,3.2770067848123885],[99.15981921968131,3.2778835257803074],[99.16151582939204,3.282252094130323],[99.15936096024019,3.2829951427823008],[99.1644390703069,3.291109455798649],[99.15947939735634,3.291933539662196],[99.15863379990996,3.2953443866914855],[99.16230672557496,3.2972888909248277],[99.15112819211241,3.3050250767927833],[99.15897434798784,3.305318624501521],[99.16382413727416,3.2995828986846076],[99.16475682686614,3.288737398576564],[99.16207883736847,3.283126732483254],[99.16891002557729,3.283015054671718],[99.16895754755285,3.276217373411031],[99.17428217528219,3.276585687157309],[99.17445477137068,3.2742894211998936],[99.16553351286136,3.275253313668492],[99.16650891755256,3.2711636340778774],[99.171147689914,3.269622602586127],[99.17466191761348,3.263574373150431],[99.17825890272623,3.2644798501556176],[99.17857858923053,3.2605121294261763],[99.1894816918267,3.2598041804142976]]]}},{"type":"Feature","properties":{"code":"1218162002","desa":"Laut Tador","kecamatan":"Tebing Syahbandar","kecCode":"121816","kabCode":"1218","province":"Sumatera Utara"},"geometry":{"type":"Polygon","coordinates":[[[99.20678697184134,3.2247224656028872],[99.18780179241884,3.244294593832836],[99.18970682720834,3.2483416257734983],[99.19477025044677,3.2500355510061256],[99.19415956581138,3.2558206406100547],[99.20014678344732,3.263253525621669],[99.20683015638666,3.263209759215036],[99.21733774703942,3.2781169124414844],[99.21164898291431,3.278434780516307],[99.21057036123322,3.297833656153005],[99.23223183223331,3.306112419198556],[99.23319059676868,3.31134697712138],[99.23781586580964,3.3166250415468195],[99.23727776095994,3.3249754886532847],[99.2439318249938,3.332265682732642],[99.24282724707983,3.343022748007372],[99.253306734818,3.3437076554891423],[99.2549327396543,3.326388607771863],[99.2629115347396,3.3252249246157253],[99.26411250019179,3.318226663062733],[99.26102700179473,3.3065318791881406],[99.24330477629444,3.2803197361404854],[99.23774635541002,3.280472021939663],[99.23675650041224,3.2783209892979444],[99.2234858300071,3.279563051967623],[99.2236047203816,3.2608305523826964],[99.23112193572882,3.261988369261158],[99.23135036442784,3.2569629477805724],[99.20678697184134,3.2247224656028872]]]}},{"type":"Feature","properties":{"code":"1218162003","desa":"Tanah Besih","kecamatan":"Tebing Syahbandar","kecCode":"121816","kabCode":"1218","province":"Sumatera Utara"},"geometry":{"type":"Polygon","coordinates":[[[99.210742639861,3.3342998907427357],[99.21833096640101,3.3333483001003428],[99.22372112323131,3.3248158221180617],[99.23663751560889,3.320262191277608],[99.23662723725728,3.314897364757849],[99.22949605859628,3.3091567870984644],[99.1922803271754,3.3090820417453894],[99.19312040368374,3.3172633236771882],[99.18570418130298,3.319391729376224],[99.18153764294794,3.3312830672783247],[99.18262255898395,3.3363097774874317],[99.19071236818132,3.341144173972437],[99.20405557520468,3.340561793700447],[99.210742639861,3.3342998907427357]]]}},{"type":"Feature","properties":{"code":"1218162004","desa":"Binjai","kecamatan":"Tebing Syahbandar","kecCode":"121816","kabCode":"1218","province":"Sumatera Utara"},"geometry":{"type":"Polygon","coordinates":[[[99.20879393039564,3.3509158682701443],[99.21217285958988,3.351919777871797],[99.21315506135703,3.3558420801400164],[99.229152970833,3.3606216242755202],[99.2292631377836,3.350489742505491],[99.22104427767135,3.3501840431573005],[99.22553416277144,3.34102751841336],[99.23215770471438,3.333200373315155],[99.24035951098273,3.3380113613465974],[99.24259187381598,3.3376308402029053],[99.24389606075465,3.3332518055428833],[99.23727776095994,3.3249754886532847],[99.23781586580964,3.3166250415468195],[99.23634798067486,3.3140289245324532],[99.23477235855755,3.312599885615001],[99.23663751560889,3.320262191277608],[99.22372112323131,3.3248158221180617],[99.21833096640101,3.3333483001003428],[99.210742639861,3.3342998907427357],[99.2141021958597,3.342966132087329],[99.20879393039564,3.3509158682701443]]]}},{"type":"Feature","properties":{"code":"1218162005","desa":"Paya Pasir","kecamatan":"Tebing Syahbandar","kecCode":"121816","kabCode":"1218","province":"Sumatera Utara"},"geometry":{"type":"Polygon","coordinates":[[[99.19365077886039,3.348266003273738],[99.19345043688821,3.355515995858992],[99.19583088208957,3.353092716850501],[99.19888432864887,3.354183473982102],[99.20305408028162,3.349186742673344],[99.2081669770244,3.352652278375522],[99.2141021958597,3.342966132087329],[99.21201216782735,3.3355661883429217],[99.210742639861,3.3342998907427357],[99.20405557520468,3.340561793700447],[99.19071236818132,3.341144173972437],[99.19365077886039,3.348266003273738]]]}},{"type":"Feature","properties":{"code":"1218162006","desa":"Bahilang","kecamatan":"Tebing Syahbandar","kecCode":"121816","kabCode":"1218","province":"Sumatera Utara"},"geometry":{"type":"Polygon","coordinates":[[[99.14528579230551,3.2608904139559445],[99.14480498056548,3.266151308524885],[99.13738934544199,3.2761164155182763],[99.13584070028814,3.2825097570908297],[99.1415593210059,3.2943895279127897],[99.13691550974305,3.304152000562253],[99.1388677760271,3.3086304525763532],[99.14362824824512,3.311698857555934],[99.14619077468456,3.3075419752261705],[99.1493079858749,3.3081847944362006],[99.15651029101718,3.300745770652298],[99.16002976626076,3.2999400266633208],[99.16278368102212,3.2965198203895243],[99.15863379990996,3.2953443866914855],[99.15942540026208,3.2920059233955956],[99.1644390703069,3.291109455798649],[99.15936096024019,3.2829951427823008],[99.16151582939204,3.282252094130323],[99.15981921968131,3.2778835257803074],[99.15625481520759,3.2787073641288638],[99.153679632609,3.2734786086318337],[99.15430846826125,3.265263848537587],[99.15777350484342,3.262458743469084],[99.14528579230551,3.2608904139559445]]]}},{"type":"Feature","properties":{"code":"1218162007","desa":"Penggalangan","kecamatan":"Tebing Syahbandar","kecCode":"121816","kabCode":"1218","province":"Sumatera Utara"},"geometry":{"type":"Polygon","coordinates":[[[99.23216713590465,3.3629449562292435],[99.23712812366404,3.3580850513737777],[99.23938385268269,3.359369960443667],[99.2457084599775,3.3566430981917343],[99.25119556372437,3.3505985856540037],[99.26764946994712,3.3568072811222334],[99.27254012262863,3.363930706720176],[99.28335430295878,3.363021683688144],[99.27231516531269,3.3537023142048583],[99.27040416981663,3.337855552003616],[99.2629115347396,3.3252249246157253],[99.2599265967351,3.3248207683893027],[99.2549327396543,3.326388607771863],[99.253306734818,3.3437076554891423],[99.2434575567209,3.343746345222835],[99.24302402324014,3.3378840470226105],[99.23215770471438,3.333200373315155],[99.22553416277144,3.34102751841336],[99.22104427767135,3.3501840431573005],[99.2292631377836,3.350489742505491],[99.229152970833,3.3606216242755202],[99.23216713590465,3.3629449562292435]]]}},{"type":"Feature","properties":{"code":"1218162008","desa":"Paya Pinang","kecamatan":"Tebing Syahbandar","kecCode":"121816","kabCode":"1218","province":"Sumatera Utara"},"geometry":{"type":"Polygon","coordinates":[[[99.19387675870551,3.2596297515076915],[99.17857858923053,3.2605121294261763],[99.17825890272623,3.2644798501556176],[99.17466191761348,3.263574373150431],[99.171147689914,3.269622602586127],[99.16650891755256,3.2711636340778774],[99.16553351286136,3.275253313668492],[99.17445477137068,3.2742894211998936],[99.17428217528219,3.276585687157309],[99.16895754755285,3.276217373411031],[99.16891002557729,3.283015054671718],[99.16207883736847,3.283126732483254],[99.16475682686614,3.288737398576564],[99.16382413727416,3.2995828986846076],[99.15897434798784,3.305318624501521],[99.15067931619755,3.309300169609426],[99.17260298633879,3.309168573613221],[99.17257414867805,3.3063556507381286],[99.18245611785562,3.306191210601578],[99.19146985994614,3.3094182335068245],[99.20552534621783,3.3089785837373076],[99.2053585525552,3.285755084797025],[99.20841902731632,3.2857634952567847],[99.2082156897024,3.281868540472635],[99.19878340223225,3.2676418574729884],[99.19536938059251,3.266061855659068],[99.19387675870551,3.2596297515076915]]]}},{"type":"Feature","properties":{"code":"1218162009","desa":"Kuta Pinang","kecamatan":"Tebing Syahbandar","kecCode":"121816","kabCode":"1218","province":"Sumatera Utara"},"geometry":{"type":"Polygon","coordinates":[[[99.18785894343557,3.255214280815069],[99.1894816918267,3.2598041804142976],[99.19387675870551,3.2596297515076915],[99.19536938059251,3.266061855659068],[99.19878340223225,3.2676418574729884],[99.2082156897024,3.281868540472635],[99.20841902731632,3.2857634952567847],[99.2053585525552,3.285755084797025],[99.20552534621783,3.3089785837373076],[99.22949605859628,3.3091567870984644],[99.23392642296608,3.313513826139881],[99.23169949203798,3.3055784925996634],[99.21057036123322,3.297833656153005],[99.21164898291431,3.278434780516307],[99.21733774703942,3.2781169124414844],[99.20683015638666,3.263209759215036],[99.20014678344732,3.263253525621669],[99.19405961336054,3.2553222282387715],[99.18785894343557,3.255214280815069]]]}},{"type":"Feature","properties":{"code":"1218162010","desa":"Sibulan","kecamatan":"Tebing Syahbandar","kecCode":"121816","kabCode":"1218","province":"Sumatera Utara"},"geometry":{"type":"Polygon","coordinates":[[[99.18677455260358,3.2304842924434904],[99.16826750584077,3.233616384712352],[99.16816598856956,3.2388811805403455],[99.16457008264327,3.2388240996708415],[99.16462879758103,3.234894870824218],[99.13042355840054,3.235760461997376],[99.1323702138144,3.239424243351844],[99.13454533569876,3.2370754111215567],[99.13503522069891,3.24051603200575],[99.13693856656162,3.239860433429493],[99.13498144843516,3.2465238117345923],[99.13787435701602,3.254131942237147],[99.14617462196128,3.2586715103787824],[99.14528579230551,3.2608904139559445],[99.17668248291034,3.2607872671133395],[99.17693941742021,3.255024014847257],[99.19405961336054,3.2553222282387715],[99.19477025044677,3.2500355510061256],[99.18970682720834,3.2483416257734983],[99.18780179241884,3.244294593832836],[99.18677455260358,3.2304842924434904]]]}},{"type":"Feature","properties":{"code":"1218172001","desa":"Gudang Garam","kecamatan":"Bintang Bayu","kecCode":"121817","kabCode":"1218","province":"Sumatera Utara"},"geometry":{"type":"MultiPolygon","coordinates":[[[[98.91538712531563,3.277548957295076],[98.90362214934277,3.267189775475485],[98.89636268688855,3.2659871795536826],[98.89917824208224,3.2727610611557787],[98.90185838006028,3.271578108226075],[98.91538712531563,3.277548957295076]]],[[[98.91944609935807,3.2855558939572695],[98.91947342256049,3.2815661677166927],[98.91529708429307,3.2778746422771134],[98.91257795171116,3.286170511327274],[98.91441402378824,3.2887762079200518],[98.91944609935807,3.2855558939572695]]]]}},{"type":"Feature","properties":{"code":"1218172002","desa":"Dolok Masango","kecamatan":"Bintang Bayu","kecCode":"121817","kabCode":"1218","province":"Sumatera Utara"},"geometry":{"type":"Polygon","coordinates":[[[98.92321352578364,3.265547896707523],[98.92283483026324,3.271252277553932],[98.92755698057027,3.277396116614212],[98.93410649122164,3.270918422231099],[98.92321352578364,3.265547896707523]]]}},{"type":"Feature","properties":{"code":"1218172003","desa":"Panombean","kecamatan":"Bintang Bayu","kecCode":"121817","kabCode":"1218","province":"Sumatera Utara"},"geometry":{"type":"Polygon","coordinates":[[[98.96363800409067,3.326960435399025],[98.97651201861483,3.3145655787750212],[98.97328555508436,3.3114137445886325],[98.96894802143407,3.315656382671365],[98.96705266155111,3.3137021666591973],[98.95881633300739,3.321944528745694],[98.96363800409067,3.326960435399025]]]}},{"type":"Feature","properties":{"code":"1218172004","desa":"Bandar Negeri","kecamatan":"Bintang Bayu","kecCode":"121817","kabCode":"1218","province":"Sumatera Utara"},"geometry":{"type":"Polygon","coordinates":[[[98.96627033770596,3.286283987782959],[98.96165366258653,3.2904347574208064],[98.95106102304783,3.2836647294137102],[98.94318442602048,3.2832957816453665],[98.94325517838381,3.280681199750761],[98.93585610607448,3.279513685482618],[98.93483912662448,3.276772375622011],[98.93094126432793,3.280743750296952],[98.92303619566393,3.2717617533849834],[98.92297074570342,3.265761504579029],[98.91320509394,3.274690029600846],[98.91947342256049,3.2815661677166927],[98.91995005065439,3.2871843962090734],[98.92455852125879,3.2908035594989333],[98.93802630057336,3.29289406776698],[98.94111228640291,3.290234717621014],[98.94854137088758,3.2954875182915506],[98.94462232506032,3.2999966425833467],[98.94958871055057,3.304556600154378],[98.93990501130729,3.314214188471044],[98.93423023703586,3.3106640373562697],[98.93268316839357,3.3122283019337386],[98.95574675980521,3.3338601483429833],[98.96348271635433,3.3270961341024434],[98.95881633300739,3.321944528745694],[98.95421060263726,3.3262662496117255],[98.94758509927298,3.3188731011446797],[98.9467021718678,3.317251661268875],[98.95285007766897,3.311142700615443],[98.95995426497738,3.3206403930697657],[98.96705266155111,3.3137021666591973],[98.96894802143407,3.315656382671365],[98.97328555508436,3.3114137445886325],[98.97651201861483,3.3145655787750212],[98.98575383057488,3.305566135914747],[98.970294948653,3.2952209232644476],[98.9701539142718,3.28740999024478],[98.96627033770596,3.286283987782959]]]}},{"type":"Feature","properties":{"code":"1218172005","desa":"Ujung Negeri Kahan","kecamatan":"Bintang Bayu","kecCode":"121817","kabCode":"1218","province":"Sumatera Utara"},"geometry":{"type":"Polygon","coordinates":[[[98.98573584323464,3.304708001919986],[98.98063714768625,3.2950294953726056],[98.97364679026718,3.29201141645464],[98.9701539142718,3.28740999024478],[98.970294948653,3.2952209232644476],[98.98573584323464,3.304708001919986]]]}},{"type":"Feature","properties":{"code":"1218172006","desa":"Bandar Magodang","kecamatan":"Bintang Bayu","kecCode":"121817","kabCode":"1218","province":"Sumatera Utara"},"geometry":{"type":"Polygon","coordinates":[[[98.94107552301703,3.3031086089241897],[98.94860085744368,3.295570799110177],[98.9433985438078,3.2923428031384048],[98.93789823801335,3.298612051758613],[98.94107552301703,3.3031086089241897]]]}},{"type":"Feature","properties":{"code":"1218172007","desa":"Ujung Negeri Hulu","kecamatan":"Bintang Bayu","kecCode":"121817","kabCode":"1218","province":"Sumatera Utara"},"geometry":{"type":"Polygon","coordinates":[[[98.96168449044693,3.2934400623683535],[98.95585933064363,3.2883155373970197],[98.95195757787997,3.2920687347451785],[98.95772873159575,3.297135889265282],[98.96168449044693,3.2934400623683535]]]}},{"type":"Feature","properties":{"code":"1218172008","desa":"Pegajahan Hulu","kecamatan":"Bintang Bayu","kecCode":"121817","kabCode":"1218","province":"Sumatera Utara"},"geometry":{"type":"Polygon","coordinates":[[[98.91991412903388,3.286125894161958],[98.91441402378824,3.2887762079200518],[98.92299595909628,3.3012767627633255],[98.92735867556245,3.298268122230237],[98.92478340483034,3.292857247723822],[98.92681710922227,3.2899821475212345],[98.92455852125879,3.2908035594989333],[98.91991412903388,3.286125894161958]]]}},{"type":"Feature","properties":{"code":"1218172009","desa":"Marihat Dolok","kecamatan":"Bintang Bayu","kecCode":"121817","kabCode":"1218","province":"Sumatera Utara"},"geometry":{"type":"MultiPolygon","coordinates":[[[[98.93452500962154,3.3107624717514055],[98.93990501130729,3.314214188471044],[98.94958871055057,3.304556600154378],[98.94462232506032,3.2999966425833467],[98.93452500962154,3.3107624717514055]]],[[[98.95916198293922,3.321552673446229],[98.9589464694041,3.3177614257823875],[98.95285007766897,3.311142700615443],[98.9467021718678,3.317251661268875],[98.95421060263726,3.3262662496117255],[98.95916198293922,3.321552673446229]]]]}},{"type":"Feature","properties":{"code":"1218172010","desa":"Bintang Bayu","kecamatan":"Bintang Bayu","kecCode":"121817","kabCode":"1218","province":"Sumatera Utara"},"geometry":{"type":"Polygon","coordinates":[[[98.9297263710752,3.2966353005346627],[98.92299595909628,3.3012767627633255],[98.92926639033168,3.3093841941674293],[98.93641167395964,3.3014747691959836],[98.9297263710752,3.2966353005346627]]]}},{"type":"Feature","properties":{"code":"1218172011","desa":"Bandar Pinang Kebun","kecamatan":"Bintang Bayu","kecCode":"121817","kabCode":"1218","province":"Sumatera Utara"},"geometry":{"type":"Polygon","coordinates":[[[98.93203691557125,3.3342591208771726],[98.95574675980521,3.3338601483429833],[98.92772579321087,3.3081016692002767],[98.91257795171116,3.286170511327274],[98.91538712531563,3.277548957295076],[98.90185838006028,3.271578108226075],[98.9020782966761,3.2762667470906166],[98.90501990174714,3.279129710942251],[98.90152790438935,3.2818360731481646],[98.90790060742715,3.2898787992304444],[98.90687105455561,3.2979087135708713],[98.9155919773879,3.303459595432588],[98.91175040365829,3.314619583063834],[98.90969991431966,3.333963856362614],[98.924958344552,3.334275002904428],[98.92514974276645,3.3291357560312247],[98.93166707837304,3.3289733852346255],[98.93203691557125,3.3342591208771726]]]}},{"type":"Feature","properties":{"code":"1218172012","desa":"Damak Tolong Buho","kecamatan":"Bintang Bayu","kecCode":"121817","kabCode":"1218","province":"Sumatera Utara"},"geometry":{"type":"Polygon","coordinates":[[[98.89882508281134,3.2725082329505564],[98.89248608636387,3.2606746576040955],[98.86617801620253,3.2613378572503544],[98.87022969944114,3.2634101524483685],[98.87468078778817,3.2703528763684684],[98.8739044570251,3.2813505309746778],[98.8782361954441,3.2828344950867407],[98.8822590302301,3.2943667885548082],[98.88720439586626,3.300403971617886],[98.91157723829895,3.3023396427101828],[98.90671203283408,3.310272392498183],[98.90746124544016,3.314149868059076],[98.91175040365829,3.314619583063834],[98.9155919773879,3.303459595432588],[98.90687105455561,3.2979087135708713],[98.90790060742715,3.2898787992304444],[98.90146103709723,3.281618242060361],[98.90500789130118,3.2788607884696983],[98.90194321041088,3.275918478333397],[98.9025964024021,3.2724723032362055],[98.89882508281134,3.2725082329505564]]]}},{"type":"Feature","properties":{"code":"1218172013","desa":"Bandar Pinang Rambe","kecamatan":"Bintang Bayu","kecCode":"121817","kabCode":"1218","province":"Sumatera Utara"},"geometry":{"type":"MultiPolygon","coordinates":[[[[98.90735676670145,3.3142547577877868],[98.90282666661743,3.325943450554148],[98.90521738837184,3.3269064203183616],[98.90455713760188,3.3338714384319688],[98.90969991431966,3.333963856362614],[98.91175040365829,3.314619583063834],[98.90735676670145,3.3142547577877868]]],[[[98.9260495405539,3.3342971379179267],[98.93203691557125,3.3342591208771726],[98.93166707837304,3.3289733852346255],[98.92514974276645,3.3291357560312247],[98.9260495405539,3.3342971379179267]]]]}},{"type":"Feature","properties":{"code":"1218172014","desa":"Pegajahan Kahan","kecamatan":"Bintang Bayu","kecCode":"121817","kabCode":"1218","province":"Sumatera Utara"},"geometry":{"type":"Polygon","coordinates":[[[98.93778242062227,3.2928315711801552],[98.92681710922227,3.2899821475212345],[98.92478340483034,3.292857247723822],[98.92735867556245,3.298268122230237],[98.9297263710752,3.2966353005346627],[98.9328412593167,3.298246225537085],[98.93778242062227,3.2928315711801552]]]}},{"type":"Feature","properties":{"code":"1218172015","desa":"Huta Durian","kecamatan":"Bintang Bayu","kecCode":"121817","kabCode":"1218","province":"Sumatera Utara"},"geometry":{"type":"Polygon","coordinates":[[[98.93268316839357,3.3122283019337386],[98.93972519636077,3.3045379545103857],[98.93641167395964,3.3014747691959836],[98.92926639033168,3.3093841941674293],[98.93268316839357,3.3122283019337386]]]}},{"type":"Feature","properties":{"code":"1218172016","desa":"Kampung Kristen","kecamatan":"Bintang Bayu","kecCode":"121817","kabCode":"1218","province":"Sumatera Utara"},"geometry":{"type":"Polygon","coordinates":[[[98.96523383037703,3.286885216046334],[98.95378597064608,3.2806396186966333],[98.95106102304783,3.2836647294137102],[98.96165366258653,3.2904347574208064],[98.96523383037703,3.286885216046334]]]}},{"type":"Feature","properties":{"code":"1218172017","desa":"Sarang Ginting Kahan","kecamatan":"Bintang Bayu","kecCode":"121817","kabCode":"1218","province":"Sumatera Utara"},"geometry":{"type":"Polygon","coordinates":[[[98.95403616383794,3.2807895365808886],[98.9526848749071,3.2771620311797927],[98.94277780475193,3.276292727605177],[98.94092299440074,3.280568597436059],[98.9473459974199,3.28379809617503],[98.95403616383794,3.2807895365808886]]]}},{"type":"Feature","properties":{"code":"1218172018","desa":"Sarang Ginting Hulu","kecamatan":"Bintang Bayu","kecCode":"121817","kabCode":"1218","province":"Sumatera Utara"},"geometry":{"type":"Polygon","coordinates":[[[98.94341048860319,3.2754635445857345],[98.93410649122164,3.270918422231099],[98.92755698057027,3.277396116614212],[98.93094126432793,3.280743750296952],[98.93483912662448,3.276772375622011],[98.93585610607448,3.279513685482618],[98.94092299440074,3.280568597436059],[98.94341048860319,3.2754635445857345]]]}},{"type":"Feature","properties":{"code":"1218172019","desa":"Siahap","kecamatan":"Bintang Bayu","kecCode":"121817","kabCode":"1218","province":"Sumatera Utara"},"geometry":{"type":"Polygon","coordinates":[[[98.9433985438078,3.2923428031384048],[98.94111228640291,3.290234717621014],[98.9328412593167,3.298246225537085],[98.93972519636077,3.3045379545103857],[98.94107552301703,3.3031086089241897],[98.93789823801335,3.298612051758613],[98.9433985438078,3.2923428031384048]]]}}]}