{"type":"FeatureCollection","features":[{"type":"Feature","properties":{"code":"1301012001","desa":"Inderapura","kecamatan":"Pancung Soal","kecCode":"130101","kabCode":"1301","province":"Sumatera Barat"},"geometry":{"type":"Polygon","coordinates":[[[100.98163174890612,-2.05768736059159],[100.99681670362803,-2.0839404992340316],[100.98954903126285,-2.083212926115896],[100.98154413065714,-2.0943286787934565],[100.96912160637707,-2.081325047695103],[100.97416647840032,-2.0651562202834945],[100.95351034872367,-2.059732137434301],[100.95979833202745,-2.054427071763944],[100.966474065226,-2.0590043988408615],[100.98163174890612,-2.05768736059159]]]}},{"type":"Feature","properties":{"code":"1301012002","desa":"Muaro Sakai Inderapura","kecamatan":"Pancung Soal","kecCode":"130101","kabCode":"1301","province":"Sumatera Barat"},"geometry":{"type":"Polygon","coordinates":[[[100.93082910677794,-2.04614968827862],[100.93247094957474,-2.052352376275422],[100.92991103026988,-2.059033338124985],[100.92569352463651,-2.0596856757595123],[100.9250103105774,-2.064997602357789],[100.91973040523406,-2.0642623841028933],[100.92213604674123,-2.061587758972011],[100.9219923899369,-2.0607697365391093],[100.92137844435979,-2.0604044463135587],[100.92035836134939,-2.0602786032804876],[100.9147699525713,-2.0640802381138146],[100.9144774957399,-2.059494716414441],[100.908440342348,-2.063551526683519],[100.90239966001631,-2.049469279301281],[100.89881475999324,-2.046315562833871],[100.90563284867709,-2.0447571438497447],[100.90868473041603,-2.049663569735184],[100.91468827704239,-2.0507224198198917],[100.92655222340642,-2.043304869148639],[100.93082910677794,-2.04614968827862]]]}},{"type":"Feature","properties":{"code":"1301012003","desa":"Tiga Sepakat Inderapura","kecamatan":"Pancung Soal","kecCode":"130101","kabCode":"1301","province":"Sumatera Barat"},"geometry":{"type":"Polygon","coordinates":[[[100.94498385122381,-2.065544728306337],[100.95067819744094,-2.079188505829562],[100.9492562038108,-2.085384072994419],[100.97706852679111,-2.1050590593842053],[100.96590980359463,-2.126612873417788],[100.95243830558336,-2.10924696023059],[100.94147471008984,-2.1001451070725876],[100.93568262105617,-2.0908363936564403],[100.93092483331446,-2.0744944287647695],[100.9314614282024,-2.0671525245673017],[100.9350727278242,-2.062552015665995],[100.93954167940507,-2.0631656833519973],[100.93950079262754,-2.0696430602742466],[100.9416617582836,-2.0711332351043175],[100.94498385122381,-2.065544728306337]]]}},{"type":"Feature","properties":{"code":"1301012004","desa":"Inderapura Barat","kecamatan":"Pancung Soal","kecCode":"130101","kabCode":"1301","province":"Sumatera Barat"},"geometry":{"type":"Polygon","coordinates":[[[100.9147699525713,-2.0640802381138146],[100.9219923899369,-2.0607697365391093],[100.91949228274275,-2.063988146637156],[100.92517475880811,-2.086445572481872],[100.9373179500634,-2.1130534478057004],[100.93963944290603,-2.123232299367229],[100.94682743084131,-2.1302070202662207],[100.93821822539086,-2.133311978190261],[100.93163704691227,-2.1309360062193408],[100.92645031403082,-2.126851964478699],[100.92403538882218,-2.120238574090324],[100.9186906333661,-2.124483220359088],[100.91656693201838,-2.117295307075416],[100.91142103825035,-2.1119860514636324],[100.91289129399809,-2.1074119250738352],[100.91913987800301,-2.104267212618789],[100.92171282488702,-2.0920967665230124],[100.9147699525713,-2.0640802381138146]]]}},{"type":"Feature","properties":{"code":"1301012005","desa":"Kudo-Kudo Inderapura","kecamatan":"Pancung Soal","kecCode":"130101","kabCode":"1301","province":"Sumatera Barat"},"geometry":{"type":"Polygon","coordinates":[[[100.98163174890612,-2.05768736059159],[100.966474065226,-2.0590043988408615],[100.95920119927598,-2.0541124205640924],[100.95717497994144,-2.052508163135332],[100.95968320621505,-2.0440830228366695],[100.95764804582068,-2.041243550176252],[100.96274269801717,-2.0226297377192735],[100.97045824355314,-2.0202381013570267],[100.96939900585949,-2.017261432622039],[100.96543226988342,-2.0165164513270293],[100.97514234084639,-2.0118539665462944],[100.97047216865569,-2.0077257150332586],[100.97642243944408,-2.0086084301974574],[100.98550087786327,-2.0008032393491892],[100.99345183803194,-2.021352002541376],[100.98605786937526,-2.0246742051952173],[100.9839292055684,-2.028916464663244],[100.98163174890612,-2.05768736059159]]]}},{"type":"Feature","properties":{"code":"1301012006","desa":"Inderapura Selatan","kecamatan":"Pancung Soal","kecCode":"130101","kabCode":"1301","province":"Sumatera Barat"},"geometry":{"type":"Polygon","coordinates":[[[100.98471321384379,-2.0922210339438996],[100.98954903126285,-2.083212926115896],[101.00059592556158,-2.0841421614108433],[101.01185171078787,-2.072128159579364],[101.01917216166602,-2.073338835010379],[101.02624521894177,-2.0707461246279584],[101.03192970409265,-2.0644950809840914],[101.04785035640892,-2.0568301277175536],[101.0972952209977,-1.9796321417044824],[101.12362016244059,-1.9501951916817866],[101.15444444355626,-1.9233333307253169],[101.15722222182815,-1.9324999980230653],[101.18083333309191,-1.9652777756592206],[101.2011111107892,-1.9986111085893772],[101.18781910486786,-2.0145785625066623],[101.13388916835048,-2.0519095114295633],[101.11199289425673,-2.063994982383942],[101.09985376883638,-2.075780425114973],[101.08746942437448,-2.0748209285325108],[101.08085280091608,-2.0770687570045485],[101.06867601998236,-2.09676765726689],[101.05269306533273,-2.102433822322046],[101.02320415874497,-2.1032047742390985],[101.01132187340579,-2.1002857997112896],[100.99710255583837,-2.0893187913026883],[100.99130167683096,-2.0883286143486828],[100.98471321384379,-2.0922210339438996]]]}},{"type":"Feature","properties":{"code":"1301012009","desa":"Simpang Lama Inderapura","kecamatan":"Pancung Soal","kecCode":"130101","kabCode":"1301","province":"Sumatera Barat"},"geometry":{"type":"Polygon","coordinates":[[[100.95552325899126,-2.054775485311998],[100.95351034872367,-2.059732137434301],[100.96009149572602,-2.0629393060067494],[100.97416647840032,-2.0651562202834945],[100.96912160637707,-2.081325047695103],[100.98154847528194,-2.094335736672867],[100.9754171790596,-2.1026371536405293],[100.96423235843666,-2.097815022109717],[100.9492562038108,-2.085384072994419],[100.95067819744094,-2.079188505829562],[100.94498385122381,-2.065544728306337],[100.94828427679802,-2.0606387916520603],[100.95150825909893,-2.0602759682668124],[100.94893844635224,-2.0588867855038266],[100.95133717656948,-2.0537288003565735],[100.95552325899126,-2.054775485311998]]]}},{"type":"Feature","properties":{"code":"1301012010","desa":"Tigo Sungai Inderapura","kecamatan":"Pancung Soal","kecCode":"130101","kabCode":"1301","province":"Sumatera Barat"},"geometry":{"type":"Polygon","coordinates":[[[100.99681670362803,-2.0839404992340316],[100.98163174890612,-2.05768736059159],[100.9839292055684,-2.028916464663244],[100.98605786937526,-2.0246742051952173],[100.99704461701555,-2.019905961041343],[101.02200756669588,-2.018826394173993],[101.0216793797996,-2.025162058626341],[101.01301722226708,-2.0385695581680574],[101.00997062044786,-2.0504449978547554],[101.01185171078787,-2.072128159579364],[101.00120883062311,-2.0836820592593503],[100.99681670362803,-2.0839404992340316]]]}},{"type":"Feature","properties":{"code":"1301012011","desa":"Tluk Amplu Inderapura","kecamatan":"Pancung Soal","kecCode":"130101","kabCode":"1301","province":"Sumatera Barat"},"geometry":{"type":"Polygon","coordinates":[[[100.92164742438915,-2.0922881818243777],[100.91913987800301,-2.104267212618789],[100.91289129399809,-2.1074119250738352],[100.91142103825035,-2.1119860514636324],[100.91656693201838,-2.117295307075416],[100.9186906333661,-2.124483220359088],[100.9248575364462,-2.1206033804806546],[100.92645031403082,-2.126851964478699],[100.93821822539086,-2.133311978190261],[100.93534006928881,-2.154312163277557],[100.92487694291663,-2.1535802905006687],[100.92163124828352,-2.1760597254538867],[100.9260642215866,-2.182612816299162],[100.92760612542241,-2.191671501998916],[100.94495254222608,-2.1993810202700823],[100.95034920565138,-2.211138036330586],[100.94861456361126,-2.214414581303588],[100.95825146303463,-2.2167274379540585],[100.95728777291241,-2.222316838678165],[100.95246932320076,-2.2271352874852446],[100.94919277732485,-2.2394705172586744],[100.95518635766432,-2.2449756811848047],[100.87906764255774,-2.270890193601149],[100.87770043472733,-2.273972024559435],[100.87701454608445,-2.2517617908685352],[100.87299206113478,-2.241187476826827],[100.85142403688987,-2.2165201712023634],[100.82375867122572,-2.1752808289258776],[100.82053496231875,-2.161425980518615],[100.82134372803068,-2.1464837438402657],[100.82765465393918,-2.1367757080536856],[100.835921703324,-2.1298253551848974],[100.83822443271146,-2.1320778187627156],[100.85119488333726,-2.129347196445329],[100.88717343990236,-2.107511728237118],[100.90899970986878,-2.105349058368177],[100.90895927994687,-2.0997766683205055],[100.91165678023629,-2.096553175254393],[100.90661220678798,-2.095870351501804],[100.91011001556484,-2.084839296974412],[100.91718549201693,-2.0860405052422566],[100.92164742438915,-2.0922881818243777]]]}},{"type":"Feature","properties":{"code":"1301012012","desa":"Inderapura Tengah","kecamatan":"Pancung Soal","kecCode":"130101","kabCode":"1301","province":"Sumatera Barat"},"geometry":{"type":"Polygon","coordinates":[[[100.9200475799319,-2.0643138433103174],[100.92535505489195,-2.064949334844312],[100.92569352463651,-2.0596856757595123],[100.92806953258292,-2.058091851365836],[100.9380674090837,-2.058279585742019],[100.9314614282024,-2.0671525245673017],[100.93092483331446,-2.0744944287647695],[100.93762221769121,-2.095426878714266],[100.95243830558336,-2.10924696023059],[100.96590980359463,-2.126612873417788],[100.95805872483032,-2.1321154661821757],[100.94682743084131,-2.1302070202662207],[100.93963944290603,-2.123232299367229],[100.920888926283,-2.0741238055594815],[100.9200475799319,-2.0643138433103174]]]}},{"type":"Feature","properties":{"code":"1301022001","desa":"Pelangai","kecamatan":"Ranah Pesisir","kecCode":"130102","kabCode":"1301","province":"Sumatera Barat"},"geometry":{"type":"Polygon","coordinates":[[[100.84627833557681,-1.7995176438178766],[100.83140705089475,-1.8102514571208383],[100.8183718562762,-1.814401899405312],[100.8133037772476,-1.8019774820660979],[100.82995552532729,-1.7902491345937945],[100.83849890400126,-1.7876755060266034],[100.84721484009286,-1.7899826277003408],[100.85128116159636,-1.7872717446025348],[100.85151679656296,-1.79260860310587],[100.84221071455288,-1.797727402992877],[100.84627833557681,-1.7995176438178766]]]}},{"type":"Feature","properties":{"code":"1301022002","desa":"Sungai Tunu","kecamatan":"Ranah Pesisir","kecCode":"130102","kabCode":"1301","province":"Sumatera Barat"},"geometry":{"type":"Polygon","coordinates":[[[100.8146399215952,-1.8148769635776525],[100.83111886584304,-1.8276321587596738],[100.83600456955531,-1.8257054017475447],[100.86313283940903,-1.828256294554212],[100.86074214733229,-1.8338345742618511],[100.85585776562345,-1.837667227611883],[100.84917450959601,-1.8539223323832272],[100.83965057941076,-1.8610449279066814],[100.83552288097621,-1.855845378792566],[100.83363021995875,-1.8447402327191829],[100.82977244224445,-1.8390380615072308],[100.81179248543492,-1.8207415775319802],[100.8146399215952,-1.8148769635776525]]]}},{"type":"Feature","properties":{"code":"1301022003","desa":"Sungai Tunu Utara","kecamatan":"Ranah Pesisir","kecCode":"130102","kabCode":"1301","province":"Sumatera Barat"},"geometry":{"type":"Polygon","coordinates":[[[100.81613752572626,-1.8158459965710452],[100.83140705089475,-1.8102514571208383],[100.84555297658862,-1.8017123070685466],[100.85531602121743,-1.814857005822815],[100.87583334863018,-1.8149666709516419],[100.86693675582667,-1.8204119975861643],[100.86313283940903,-1.828256294554212],[100.83600456955531,-1.8257054017475447],[100.83111886584304,-1.8276321587596738],[100.81613752572626,-1.8158459965710452]]]}},{"type":"Feature","properties":{"code":"1301022004","desa":"Sungai Tunu Barat","kecamatan":"Ranah Pesisir","kecCode":"130102","kabCode":"1301","province":"Sumatera Barat"},"geometry":{"type":"MultiPolygon","coordinates":[[[[100.64023901971507,-1.9105385608767746],[100.63729092963274,-1.9099759539985803],[100.63821110156111,-1.9074765698620357],[100.64023901971507,-1.9105385608767746]]],[[[100.81523789431344,-1.8255748453676601],[100.83363021995875,-1.8447402327191829],[100.83442187696812,-1.852886431198476],[100.83965057941076,-1.8610449279066814],[100.83058543027346,-1.86705783467028],[100.79907239707352,-1.8318601145105209],[100.80227672559043,-1.8296719515595716],[100.80467154195816,-1.8307895336691056],[100.80926338859454,-1.8268704419807462],[100.81137702742791,-1.829033335780846],[100.81523789431344,-1.8255748453676601]]]]}},{"type":"Feature","properties":{"code":"1301022005","desa":"Nyiur Melambai Pelangai","kecamatan":"Ranah Pesisir","kecCode":"130102","kabCode":"1301","province":"Sumatera Barat"},"geometry":{"type":"MultiPolygon","coordinates":[[[[100.57118554767493,-1.8882206495588882],[100.56940673003662,-1.8886139716525696],[100.57005752713326,-1.8874984426953483],[100.57118554767493,-1.8882206495588882]]],[[[100.8143815445727,-1.8049413426565115],[100.8183718562762,-1.814401899405312],[100.8146399215952,-1.8148769635776525],[100.81214652064544,-1.8181094192873344],[100.81523789431344,-1.8255748453676601],[100.81137702742791,-1.829033335780846],[100.80926338859454,-1.8268704419807462],[100.80467154195816,-1.8307895336691056],[100.80227672559043,-1.8296719515595716],[100.79907239707352,-1.8318601145105209],[100.78553260094883,-1.8183867953870447],[100.77075530441384,-1.7942915674013482],[100.77546489658778,-1.792060480708481],[100.77560192628795,-1.789045811120523],[100.78149423756906,-1.7882236284238644],[100.79327885563474,-1.7968565462892059],[100.80890032688865,-1.799186063779891],[100.8143815445727,-1.8049413426565115]]]]}},{"type":"Feature","properties":{"code":"1301022006","desa":"Sungai Liku Pelangai","kecamatan":"Ranah Pesisir","kecCode":"130102","kabCode":"1301","province":"Sumatera Barat"},"geometry":{"type":"Polygon","coordinates":[[[100.97569573956679,-1.482726016137672],[100.97870635771233,-1.4889028153507158],[100.97561314313212,-1.4984623784634612],[100.98157116607649,-1.5052647856612236],[100.97876104458658,-1.5191677217174464],[100.98323786793333,-1.5278091372767846],[100.9913958484397,-1.5300690904085112],[100.9920728661699,-1.536016163201131],[101.00147092634222,-1.5482167356860244],[101.00805949904668,-1.5519446701784585],[101.00925171229676,-1.5561931088882137],[101.0203041976806,-1.565444376310005],[101.01916036256073,-1.5737152460057162],[101.01350367005841,-1.5853467176079434],[101.01349914197186,-1.5965416879671097],[100.99568523868287,-1.5977822352791067],[100.9826169966771,-1.6088902402972582],[100.96170780856858,-1.635680136604175],[100.93295767705517,-1.6866462808198421],[100.90682119124504,-1.7082088812296838],[100.88591200493515,-1.714743001775648],[100.87088352685333,-1.7251975953686964],[100.85650845839871,-1.7434931350558291],[100.8486675149939,-1.758521614020343],[100.84853317156865,-1.764315025950336],[100.85174482506368,-1.7704706919946325],[100.84612443459503,-1.7755558050765394],[100.84103932060822,-1.7784998194280595],[100.83137100606712,-1.7778306186058255],[100.8313684483952,-1.7705077854317472],[100.82257031606729,-1.7697030486834027],[100.79949492375181,-1.7727196221361425],[100.79630070541327,-1.7766465550134665],[100.79381373731415,-1.7743042671498181],[100.79177152083906,-1.781783197449881],[100.78568980963705,-1.777255374454241],[100.78682801230296,-1.7740242830161352],[100.78287250256396,-1.7775667566184885],[100.78371269688353,-1.7369072441369908],[100.80441754193606,-1.7245999500042621],[100.81853790889744,-1.7301651958376034],[100.82051214741773,-1.7384961249574293],[100.83126311260264,-1.7471153866174642],[100.84597548797841,-1.7496280636331316],[100.8497511360062,-1.7432477766195722],[100.85222797594042,-1.7265232518211446],[100.85568316134885,-1.7209343259390941],[100.86176959129362,-1.7176163087300356],[100.86344141658816,-1.692911084990347],[100.85798888098213,-1.6655121785862441],[100.86226263471286,-1.651997362945015],[100.87667777156194,-1.632622123290877],[100.89605539534028,-1.6261697888903515],[100.91167399595821,-1.6034380140640108],[100.90843181407699,-1.5901656655386953],[100.9286747133674,-1.600318432264238],[100.93167947242978,-1.5936546429692398],[100.93297910969824,-1.5881616612595826],[100.92612012884092,-1.5629896390164462],[100.9278159570408,-1.5515837011952887],[100.92509366603991,-1.5430940929958608],[100.93704027898578,-1.5236175177337996],[100.93990434540927,-1.5031516009878212],[100.93764690857802,-1.4910082460694036],[100.94445112881657,-1.4838703611719015],[100.94883926821774,-1.4735900220169862],[100.95806417921858,-1.4798727406825445],[100.96399131584661,-1.4784172005430687],[100.97569573956679,-1.482726016137672]]]}},{"type":"Feature","properties":{"code":"1301022007","desa":"Koto Viii Pelangai","kecamatan":"Ranah Pesisir","kecCode":"130102","kabCode":"1301","province":"Sumatera Barat"},"geometry":{"type":"Polygon","coordinates":[[[100.82995552532729,-1.7902491345937945],[100.8133037772476,-1.8019774820660979],[100.80465238280128,-1.7976787289858218],[100.795430612233,-1.7969918510895546],[100.78957903304598,-1.7827424098465756],[100.79314182503526,-1.779453679059947],[100.7914191358845,-1.777484893131391],[100.79381373731415,-1.7743042671498181],[100.79630070541327,-1.7766465550134665],[100.79949492375181,-1.7727196221361425],[100.81194060107794,-1.7701830663215843],[100.8313684483952,-1.7705077854317472],[100.82995552532729,-1.7902491345937945]]]}},{"type":"Feature","properties":{"code":"1301022008","desa":"Pelangai Gadang","kecamatan":"Ranah Pesisir","kecCode":"130102","kabCode":"1301","province":"Sumatera Barat"},"geometry":{"type":"Polygon","coordinates":[[[100.86369599307568,-1.7833512724548184],[100.84721484009286,-1.7899826277003408],[100.83849890400126,-1.7876755060266034],[100.82995552532729,-1.7902491345937945],[100.83137100606712,-1.7778306186058255],[100.84103932060822,-1.7784998194280595],[100.85174482506368,-1.7704706919946325],[100.84853317156865,-1.764315025950336],[100.8486675149939,-1.758521614020343],[100.85650845839871,-1.7434931350558291],[100.87088352685333,-1.7251975953686964],[100.88591200493515,-1.714743001775648],[100.90682119124504,-1.7082088812296838],[100.93295767705517,-1.6866462808198421],[100.96170780856858,-1.635680136604175],[100.9826169966771,-1.6088902402972582],[100.99568523868287,-1.5977822352791067],[101.01349914197186,-1.5965416879671097],[101.0214039992952,-1.610674363933609],[101.04463319816364,-1.6239495794976924],[101.04512375405807,-1.6256678997400653],[101.0257421957458,-1.6382937850024373],[100.98784429258012,-1.680112157575899],[100.96366804644327,-1.7167032378494593],[100.90224730766715,-1.7519874916756688],[100.87284376292938,-1.7735500920855107],[100.86369599307568,-1.7833512724548184]]]}},{"type":"Feature","properties":{"code":"1301022009","desa":"Pelangai Kaciak","kecamatan":"Ranah Pesisir","kecCode":"130102","kabCode":"1301","province":"Sumatera Barat"},"geometry":{"type":"Polygon","coordinates":[[[100.84555297658862,-1.8017123070685466],[100.84627833557681,-1.7995176438178766],[100.84221071455288,-1.797727402992877],[100.85151679656296,-1.79260860310587],[100.85128116159636,-1.7872717446025348],[100.86369599307568,-1.7833512724548184],[100.87284376292938,-1.7735500920855107],[100.90224730766715,-1.7519874916756688],[100.96366804644327,-1.7167032378494593],[100.98784429258012,-1.680112157575899],[101.0257421957458,-1.6382937850024373],[101.04512375405807,-1.6256678997400653],[101.06532886113808,-1.635330455911337],[101.0598629759956,-1.6387139275775253],[101.05935550565215,-1.6433696485570517],[101.06649676391457,-1.657957146755397],[101.05356808230124,-1.6817444019067682],[101.04391243740912,-1.6871488147840767],[101.03406752299789,-1.6973517250089238],[101.01219242793825,-1.7056773787056325],[101.00510898888876,-1.7176655430147487],[101.00627679273985,-1.726618703164995],[100.9922631483257,-1.7433572196158418],[100.97474609595565,-1.7480284359142122],[100.9712426844024,-1.753478183615895],[100.94983295342814,-1.7585386678642334],[100.94632954187493,-1.7628206126154708],[100.92699321856223,-1.7684361539334417],[100.92675916460382,-1.773702383280616],[100.92189216589082,-1.7763233161874248],[100.91547584483442,-1.790294644785886],[100.90927696186236,-1.7958793618407527],[100.90649644335622,-1.808380816005687],[100.8919128338103,-1.8068190056781228],[100.87583334863018,-1.8149666709516419],[100.85531602121743,-1.814857005822815],[100.84555297658862,-1.8017123070685466]]]}},{"type":"Feature","properties":{"code":"1301022010","desa":"Pasia Pelangai","kecamatan":"Ranah Pesisir","kecCode":"130102","kabCode":"1301","province":"Sumatera Barat"},"geometry":{"type":"Polygon","coordinates":[[[100.795430612233,-1.7969918510895546],[100.78149423756906,-1.7882236284238644],[100.77560192628795,-1.789045811120523],[100.77546489658778,-1.792060480708481],[100.77075530441384,-1.7942915674013482],[100.75250392501619,-1.7585271178712045],[100.78034198929146,-1.7370516797540392],[100.78371269688353,-1.7369072441369908],[100.78162377231926,-1.7752881677352534],[100.78287250256396,-1.7775667566184885],[100.78703500566102,-1.7741604574608782],[100.78549691764869,-1.7769469186840312],[100.79177152083906,-1.781783197449881],[100.78944200244648,-1.7845238058392638],[100.795430612233,-1.7969918510895546]]]}},{"type":"Feature","properties":{"code":"1301032001","desa":"Kambang","kecamatan":"Lengayang","kecCode":"130103","kabCode":"1301","province":"Sumatera Barat"},"geometry":{"type":"Polygon","coordinates":[[[100.9296321073359,-1.4145549868438334],[100.94006151362798,-1.4313385179602345],[100.93649631325432,-1.4381792065995382],[100.93854532320813,-1.445587128229585],[100.91933950231623,-1.4588053672453973],[100.88699142701277,-1.4901777860126628],[100.86593553789481,-1.5200960738781817],[100.847949146436,-1.5510111073458475],[100.8114852446484,-1.625990914634915],[100.78027170097829,-1.6674933652664936],[100.7622372083805,-1.6782446982622383],[100.7611735703041,-1.6960533638799296],[100.75096395742075,-1.698508246863636],[100.74895546372375,-1.70094398507964],[100.74176763766637,-1.7014193927930206],[100.7404872207087,-1.698728831675545],[100.73420333561552,-1.6982413487650512],[100.74092014085186,-1.6946549189991125],[100.733577970447,-1.6801768188309607],[100.7285001013986,-1.676880551725611],[100.73313156856709,-1.6759477829942984],[100.73465026989406,-1.672529726100274],[100.73911362229592,-1.672730252433309],[100.73995963522907,-1.669896675728252],[100.74275772199132,-1.672133692550605],[100.74433096989837,-1.6658827172553219],[100.74575911309266,-1.6716487430303497],[100.74903576688718,-1.6733339610268902],[100.75043143286437,-1.6679520815627433],[100.75648494582366,-1.6644501350090184],[100.75231572838823,-1.6616963641422065],[100.75614251906205,-1.660359056073382],[100.7550561290372,-1.6551668337359307],[100.76020297608652,-1.6547606261560026],[100.77909133359822,-1.6419720517369796],[100.78529990496668,-1.6290956666141858],[100.78966195143795,-1.6087393916147175],[100.79212310809504,-1.5666021734033448],[100.79614958603463,-1.548654405148453],[100.81679915785492,-1.5082026567438542],[100.86597164027904,-1.4335153728357841],[100.88641667478976,-1.4055067980310536],[100.89164238428867,-1.4004784042912062],[100.90031479139456,-1.3978613960258317],[100.90514787487456,-1.4015945744651253],[100.91298045638301,-1.3994117390980205],[100.916756272584,-1.4014214234952092],[100.92664418717953,-1.4137856447132484],[100.9296321073359,-1.4145549868438334]]]}},{"type":"Feature","properties":{"code":"1301032002","desa":"Lakitan","kecamatan":"Lengayang","kecCode":"130103","kabCode":"1301","province":"Sumatera Barat"},"geometry":{"type":"Polygon","coordinates":[[[100.74176763766637,-1.7014193927930206],[100.74895546372375,-1.70094398507964],[100.75194324268654,-1.7030293006621724],[100.75851012734056,-1.712510855681438],[100.76321286757985,-1.7135771737363994],[100.766573530644,-1.7201707007987483],[100.76053034999569,-1.7274702595183378],[100.75063579660478,-1.725082750144855],[100.75050299371827,-1.7280616959632866],[100.74827705923894,-1.7276259069832811],[100.74380266675975,-1.7333364850576711],[100.74240508882382,-1.7366007551840383],[100.7450406267236,-1.7396288201739096],[100.74134640511255,-1.7421703006759546],[100.72709051481546,-1.7236269959667943],[100.75087297930462,-1.7067023980936362],[100.74319069339582,-1.704077518062322],[100.74176763766637,-1.7014193927930206]]]}},{"type":"Feature","properties":{"code":"1301032003","desa":"Kambang Utara","kecamatan":"Lengayang","kecCode":"130103","kabCode":"1301","province":"Sumatera Barat"},"geometry":{"type":"Polygon","coordinates":[[[100.90031479139456,-1.3978613960258317],[100.89164238428867,-1.4004784042912062],[100.88641667478976,-1.4055067980310536],[100.86597164027904,-1.4335153728357841],[100.82368436564103,-1.4971911876520727],[100.80136946972532,-1.5362086001323145],[100.79212310809504,-1.5666021734033448],[100.78966195143795,-1.6087393916147175],[100.78529990496668,-1.6290956666141858],[100.77909133359822,-1.6419720517369796],[100.76020297608652,-1.6547606261560026],[100.7550561290372,-1.6551668337359307],[100.75614251906205,-1.660359056073382],[100.75231572838823,-1.6616963641422065],[100.75648494582366,-1.6644501350090184],[100.75043143286437,-1.6679520815627433],[100.74903576688718,-1.6733339610268902],[100.74575911309266,-1.6716487430303497],[100.74394112188531,-1.6659787684469927],[100.7426246493082,-1.6722199447293267],[100.73995963522907,-1.669896675728252],[100.73911362229592,-1.672730252433309],[100.73465026989406,-1.672529726100274],[100.73313156856709,-1.6759477829942984],[100.72401026396254,-1.6776290637589217],[100.72209353079187,-1.6813334135308091],[100.71868049480906,-1.6801281421259635],[100.71593741957633,-1.6851013480691122],[100.7122928108646,-1.6836928460699767],[100.71634660121474,-1.6766727426826862],[100.70966109328486,-1.6786884840138778],[100.7127697582178,-1.6739306971767343],[100.70909098426159,-1.674741456684759],[100.7004087997264,-1.661559740935775],[100.71222363681147,-1.653925640710729],[100.73794790667063,-1.6457884741227793],[100.75016707535029,-1.6332641807751938],[100.75314907167238,-1.6238445917427793],[100.75424182260205,-1.5710121978016034],[100.74119257068064,-1.5511636125796113],[100.73983574642261,-1.5439425889562397],[100.74160597373674,-1.5349313370984385],[100.75511623162885,-1.5223397681667137],[100.75872758970654,-1.5040313519865565],[100.76699647460765,-1.4955324564883692],[100.76933884880889,-1.4906681971156952],[100.76855226307651,-1.4850199132807629],[100.77651009856224,-1.4785065337991234],[100.78775180490192,-1.4631539832364415],[100.80474021958554,-1.4584925362733905],[100.81276894233287,-1.4520507149475517],[100.81371356143177,-1.4404849100424284],[100.8233830190112,-1.4411206713730043],[100.82628905859328,-1.4299638475570788],[100.8351025459458,-1.4271681664843474],[100.836091016887,-1.4185155462717376],[100.84109784129241,-1.4133813742729724],[100.856377366922,-1.4064334468757562],[100.88763186841607,-1.3987464278435895],[100.89277206497889,-1.3903158088751213],[100.8954607438183,-1.3952339070613278],[100.90031479139456,-1.3978613960258317]]]}},{"type":"Feature","properties":{"code":"1301032004","desa":"Kambang Timur","kecamatan":"Lengayang","kecCode":"130103","kabCode":"1301","province":"Sumatera Barat"},"geometry":{"type":"Polygon","coordinates":[[[100.94883926821774,-1.4735900220169862],[100.93680728442871,-1.4943277849313876],[100.93990434540927,-1.5031516009878212],[100.93704027898578,-1.5236175177337996],[100.92509366603991,-1.5430940929958608],[100.8923205045877,-1.556270998271203],[100.88401929085762,-1.5654129072330476],[100.87855242275616,-1.5778800972280218],[100.86521652182506,-1.5833132416460378],[100.84891708765355,-1.6139364199291313],[100.8296541202415,-1.6401142988061053],[100.82026959756392,-1.6420899879306854],[100.81039115282948,-1.6529562767668193],[100.807427619589,-1.6593772661967965],[100.8079215416459,-1.6712314000448274],[100.80440608187524,-1.6809322142752854],[100.7873031016569,-1.6919574007262674],[100.7611735703041,-1.6960533638799296],[100.7622372083805,-1.6782446982622383],[100.78027170097829,-1.6674933652664936],[100.8114852446484,-1.625990914634915],[100.847949146436,-1.5510111073458475],[100.86593553789481,-1.5200960738781817],[100.88699142701277,-1.4901777860126628],[100.91933950231623,-1.4588053672453973],[100.93854532320813,-1.445587128229585],[100.93498145383109,-1.4616976939617103],[100.94151267407074,-1.4710694723361606],[100.94883926821774,-1.4735900220169862]]]}},{"type":"Feature","properties":{"code":"1301032005","desa":"Kambang Barat","kecamatan":"Lengayang","kecCode":"130103","kabCode":"1301","province":"Sumatera Barat"},"geometry":{"type":"Polygon","coordinates":[[[100.7285001013986,-1.676880551725611],[100.733577970447,-1.6801768188309607],[100.74092014085186,-1.6946549189991125],[100.73420333561552,-1.6982413487650512],[100.71268945685301,-1.6968630172217902],[100.70749008759752,-1.700273924505592],[100.68641097978298,-1.6614793568334325],[100.69702712670062,-1.6512902368128197],[100.7003303887365,-1.654866865767151],[100.69936097892611,-1.6598520048145216],[100.70587443935398,-1.6706720720948354],[100.70956673101988,-1.6749803067274047],[100.71290076066161,-1.6741937767538753],[100.70966109328486,-1.6786884840138778],[100.71634660121474,-1.6766727426826862],[100.7122928108646,-1.6836928460699767],[100.71593741957633,-1.6851013480691122],[100.71868049480906,-1.6801281421259635],[100.72180235909167,-1.6814413420687384],[100.72387362456817,-1.6777189087292466],[100.7285001013986,-1.676880551725611]]]}},{"type":"Feature","properties":{"code":"1301032006","desa":"Lakitan Utara","kecamatan":"Lengayang","kecCode":"130103","kabCode":"1301","province":"Sumatera Barat"},"geometry":{"type":"Polygon","coordinates":[[[100.71268945685301,-1.6968630172217902],[100.7404872207087,-1.698728831675545],[100.74319069339582,-1.704077518062322],[100.75087297930462,-1.7067023980936362],[100.72709051481546,-1.7236269959667943],[100.70749008759752,-1.700273924505592],[100.71268945685301,-1.6968630172217902]]]}},{"type":"Feature","properties":{"code":"1301032007","desa":"Lakitan Selatan","kecamatan":"Lengayang","kecCode":"130103","kabCode":"1301","province":"Sumatera Barat"},"geometry":{"type":"Polygon","coordinates":[[[100.7802071674269,-1.7370958841305462],[100.75250392501619,-1.7585271178712045],[100.74134640511255,-1.7421703006759546],[100.7450406267236,-1.7396288201739096],[100.74240508882382,-1.7366007551840383],[100.74380266675975,-1.7333364850576711],[100.74827705923894,-1.7276259069832811],[100.75050299371827,-1.7280616959632866],[100.75063579660478,-1.725082750144855],[100.76053034999569,-1.7274702595183378],[100.766573530644,-1.7201707007987483],[100.7802071674269,-1.7370958841305462]]]}},{"type":"Feature","properties":{"code":"1301032008","desa":"Lakitan Timur","kecamatan":"Lengayang","kecCode":"130103","kabCode":"1301","province":"Sumatera Barat"},"geometry":{"type":"Polygon","coordinates":[[[100.74895546372375,-1.70094398507964],[100.75357379359576,-1.6975727396967768],[100.77290320381984,-1.6946558776763956],[100.77649229558301,-1.70238253612637],[100.76122100864268,-1.7137999474982064],[100.74895546372375,-1.70094398507964]]]}},{"type":"Feature","properties":{"code":"1301032009","desa":"Lakitan Tengah","kecamatan":"Lengayang","kecCode":"130103","kabCode":"1301","province":"Sumatera Barat"},"geometry":{"type":"Polygon","coordinates":[[[100.92509366603991,-1.5430940929958608],[100.9278159570408,-1.5515837011952887],[100.92612012884092,-1.5629896390164462],[100.93297910969824,-1.5881616612595826],[100.93167947242978,-1.5936546429692398],[100.9286747133674,-1.600318432264238],[100.90843181407699,-1.5901656655386953],[100.91167399595821,-1.6034380140640108],[100.89605539534028,-1.6261697888903515],[100.87667777156194,-1.632622123290877],[100.86226263471286,-1.651997362945015],[100.85798888098213,-1.6655121785862441],[100.86344141658816,-1.692911084990347],[100.86176959129362,-1.7176163087300356],[100.85568316134885,-1.7209343259390941],[100.85222797594042,-1.7265232518211446],[100.8497511360062,-1.7432477766195722],[100.84597548797841,-1.7496280636331316],[100.83126311260264,-1.7471153866174642],[100.82051214741773,-1.7384961249574293],[100.81853790889744,-1.7301651958376034],[100.80764812885813,-1.7248793396860858],[100.80441754193606,-1.7245999500042621],[100.78736650296179,-1.7354187600323594],[100.7802071674269,-1.7370958841305462],[100.76438541355606,-1.7188516273837102],[100.76321286757985,-1.7135771737363994],[100.77649229558301,-1.70238253612637],[100.77290320381984,-1.6946558776763956],[100.7873031016569,-1.6919574007262674],[100.80440608187524,-1.6809322142752854],[100.8079215416459,-1.6712314000448274],[100.807427619589,-1.6593772661967965],[100.81039115282948,-1.6529562767668193],[100.82026959756392,-1.6420899879306854],[100.8296541202415,-1.6401142988061053],[100.84891708765355,-1.6139364199291313],[100.86521652182506,-1.5833132416460378],[100.87855242275616,-1.5778800972280218],[100.88744302157824,-1.5605928171632955],[100.8923205045877,-1.556270998271203],[100.92509366603991,-1.5430940929958608]]]}},{"type":"Feature","properties":{"code":"1301042001","desa":"Iv Koto Hilie","kecamatan":"Batang Kapas","kecCode":"130104","kabCode":"1301","province":"Sumatera Barat"},"geometry":{"type":"Polygon","coordinates":[[[100.62526565568548,-1.3676160813898872],[100.62916627260546,-1.3781411782339685],[100.6309112163796,-1.398498849880586],[100.6154596369527,-1.4312441035346921],[100.62048169227631,-1.4455173111612836],[100.62418981021163,-1.4479413527947231],[100.60085677292182,-1.4640757919299323],[100.59806591940674,-1.471385475217051],[100.60196233559337,-1.4740674019435926],[100.59688787857276,-1.4797994882040224],[100.59827300629428,-1.4897236760439692],[100.58614879073416,-1.469867341363912],[100.58955716193354,-1.4616933079680536],[100.59844659973083,-1.4511180523362888],[100.59622896959132,-1.4504327941189687],[100.59767726029736,-1.442331613003331],[100.59133967398684,-1.4402653279745743],[100.5940924726895,-1.4236841398217635],[100.59288068569514,-1.4187483249912065],[100.57267277542832,-1.3948763833809226],[100.59239680636756,-1.3958514706103362],[100.59224693704658,-1.3921717622625778],[100.58722456696023,-1.390135438147751],[100.58646930281611,-1.3818212148342786],[100.57987641066785,-1.3814956485627405],[100.58689223239064,-1.3750296705474891],[100.59513095043309,-1.3612938788892703],[100.5983296455967,-1.3600045370610507],[100.60636911434322,-1.3676508842536959],[100.6163953734478,-1.3692173521701545],[100.62526565568548,-1.3676160813898872]]]}},{"type":"Feature","properties":{"code":"1301042002","desa":"Iv Koto Mudiek","kecamatan":"Batang Kapas","kecCode":"130104","kabCode":"1301","province":"Sumatera Barat"},"geometry":{"type":"Polygon","coordinates":[[[100.61584189558708,-1.435562701954476],[100.61675778764186,-1.425642409078244],[100.62722374687847,-1.4073745550203425],[100.63450987333202,-1.4145153690097656],[100.64166873042763,-1.4147561489975198],[100.6568306040492,-1.4205489161135993],[100.65673042496915,-1.4232730138494778],[100.64401278276375,-1.4326426815150977],[100.6327185973854,-1.436424445827917],[100.63012649584117,-1.4348032253867555],[100.62776027341793,-1.4373317034906992],[100.61847828784276,-1.4336822060683567],[100.61584189558708,-1.435562701954476]]]}},{"type":"Feature","properties":{"code":"1301042003","desa":"Taluak","kecamatan":"Batang Kapas","kecCode":"130104","kabCode":"1301","province":"Sumatera Barat"},"geometry":{"type":"Polygon","coordinates":[[[100.64083731528989,-1.5169772376163362],[100.62099072564153,-1.5186833153876749],[100.62309105360929,-1.5024741965499138],[100.61829636308676,-1.4956046216865462],[100.61370128878349,-1.4942083846414198],[100.6186671077009,-1.4861149484872562],[100.62611120456846,-1.4819807533548148],[100.62696677099973,-1.4897392154295845],[100.63159996576586,-1.49815479143827],[100.63359234541046,-1.4970777138943472],[100.6354317117042,-1.5012026064395523],[100.63826887400938,-1.5000369510701663],[100.64083731528989,-1.5169772376163362]]]}},{"type":"Feature","properties":{"code":"1301042004","desa":"Koto Nan Duo Iv Koto Hilie","kecamatan":"Batang Kapas","kecCode":"130104","kabCode":"1301","province":"Sumatera Barat"},"geometry":{"type":"MultiPolygon","coordinates":[[[[100.43832700029088,-1.50284699791324],[100.43604388691591,-1.4999557989467802],[100.43768829997515,-1.4981456902991903],[100.44037800044441,-1.5010769981295151],[100.43832700029088,-1.50284699791324]]],[[[100.57267277542832,-1.3948763833809226],[100.59288068569514,-1.4187483249912065],[100.5940924726895,-1.4236841398217635],[100.59133967398684,-1.4402653279745743],[100.59767726029736,-1.442331613003331],[100.59622896959132,-1.4504327941189687],[100.59844659973083,-1.4511180523362888],[100.59797995231297,-1.453466006828176],[100.59061237606038,-1.4601714473243848],[100.58614879073416,-1.469867341363912],[100.57524388859463,-1.4612426046313118],[100.57576396113795,-1.4586163927040696],[100.56104879966244,-1.4414353585457922],[100.56377242795524,-1.4380440178117426],[100.57039532598355,-1.4381660558132494],[100.5842496321149,-1.4216876952436623],[100.58080370972351,-1.415404634835779],[100.57314371171299,-1.4173566511061313],[100.56940688112275,-1.411668273695752],[100.56128464237241,-1.4134373336878827],[100.55812116555937,-1.4068529554287814],[100.56473503619304,-1.3979984805844783],[100.57267277542832,-1.3948763833809226]]],[[[100.4939115131059,-1.4112241246179975],[100.49330583769431,-1.4112632424290525],[100.49336317127342,-1.4110089744092549],[100.4939115131059,-1.4112241246179975]]],[[[100.4930843202852,-1.4067561335180434],[100.49308845356931,-1.4122302141763143],[100.49203460281471,-1.4124713071281096],[100.49063234031031,-1.4064119063141356],[100.4930843202852,-1.4067561335180434]]],[[[100.5566493485886,-1.4070333603303176],[100.55565949269152,-1.4080470113883532],[100.55523594888,-1.407928037377039],[100.55520263709207,-1.4076662977897203],[100.5566493485886,-1.4070333603303176]]],[[[100.48998230404015,-1.4019598736839003],[100.48974541182133,-1.4017279870918737],[100.48988620068769,-1.4017014157227203],[100.48998230404015,-1.4019598736839003]]],[[[100.49266542237143,-1.4016551815763818],[100.49213004426615,-1.4010698344409487],[100.49228708837846,-1.4009556196419166],[100.49266542237143,-1.4016551815763818]]],[[[100.49181642728632,-1.3981342593275372],[100.48794947468853,-1.3988604277046788],[100.48790105968622,-1.391632737407025],[100.48303267331926,-1.38674700132465],[100.4866631509837,-1.3859724251397985],[100.4909228510088,-1.389647130558977],[100.49181642728632,-1.3981342593275372]]]]}},{"type":"Feature","properties":{"code":"1301042005","desa":"Koto Nan Tigo Iv Koto Hilie","kecamatan":"Batang Kapas","kecCode":"130104","kabCode":"1301","province":"Sumatera Barat"},"geometry":{"type":"Polygon","coordinates":[[[100.59738022591675,-1.492623354717982],[100.59688787857276,-1.4797994882040224],[100.6019762840783,-1.4736223283628243],[100.59806591940674,-1.471385475217051],[100.60521879241337,-1.4595358820460185],[100.62418981021163,-1.4479413527947231],[100.62603238438707,-1.4526539163235292],[100.62995311194663,-1.4531597894704478],[100.62974696934718,-1.4567329389477897],[100.63706538685817,-1.4542771089779138],[100.62862216657976,-1.4794697904470009],[100.6168109150917,-1.4878497092359093],[100.61556618862873,-1.4926518029722324],[100.61261623784918,-1.4944421984806073],[100.60150564007328,-1.4894401710645104],[100.59738022591675,-1.492623354717982]]]}},{"type":"Feature","properties":{"code":"1301042006","desa":"Teratak Tempatih Iv Koto Mudiek","kecamatan":"Batang Kapas","kecCode":"130104","kabCode":"1301","province":"Sumatera Barat"},"geometry":{"type":"Polygon","coordinates":[[[100.62722374687847,-1.4073745550203425],[100.6309112163796,-1.398498849880586],[100.62916627260546,-1.3781411782339685],[100.62526565568548,-1.3676160813898872],[100.63641068040863,-1.372489405029441],[100.6504457205936,-1.3708548881118714],[100.66447819771071,-1.3656660652118096],[100.67128675358089,-1.3476206045024075],[100.68046512556514,-1.3321787854348508],[100.67935982999221,-1.3279667701672557],[100.68799747020716,-1.305640369249451],[100.71587663979517,-1.2760559951627548],[100.79299705037363,-1.239127371446828],[100.80647701819986,-1.2358810257081692],[100.80986396485014,-1.244175982845497],[100.80782299843271,-1.2497630408356204],[100.80003848838561,-1.2576900583446478],[100.78697153600761,-1.2611568000375564],[100.77353524195792,-1.273371612387679],[100.72650821458251,-1.3045193841053517],[100.71062895985868,-1.3289490061075515],[100.67764896692637,-1.3955197358888796],[100.65932674793112,-1.4187278780052215],[100.6568306040492,-1.4205489161135993],[100.64166873042763,-1.4147561489975198],[100.63450987333202,-1.4145153690097656],[100.62722374687847,-1.4073745550203425]]]}},{"type":"Feature","properties":{"code":"1301042007","desa":"Tuik Iv Koto Mudiek","kecamatan":"Batang Kapas","kecCode":"130104","kabCode":"1301","province":"Sumatera Barat"},"geometry":{"type":"Polygon","coordinates":[[[100.6327185973854,-1.436424445827917],[100.64840484141034,-1.430457305563234],[100.65673042496915,-1.4232730138494778],[100.6568306040492,-1.4205489161135993],[100.67764896692637,-1.3955197358888796],[100.71062895985868,-1.3289490061075515],[100.72650821458251,-1.3045193841053517],[100.77353524195792,-1.273371612387679],[100.78697153600761,-1.2611568000375564],[100.80003848838561,-1.2576900583446478],[100.80078100104241,-1.2670000236170058],[100.7980870818534,-1.2741636345209053],[100.75611846399597,-1.3016287526110892],[100.74587670394679,-1.3107572769628613],[100.72994137559408,-1.3317236763193678],[100.70348429766227,-1.3863975895291443],[100.70072420455848,-1.3992123063405906],[100.69990611557483,-1.4231800311445966],[100.68937346261526,-1.4503893829444987],[100.68981232278053,-1.4560945731805337],[100.68145173131238,-1.467502236800661],[100.67516850182494,-1.4720401250085706],[100.65125699181675,-1.4729849599436553],[100.6327185973854,-1.436424445827917]]]}},{"type":"Feature","properties":{"code":"1301042008","desa":"Sungai Nyalo Iv Koto Mudiek","kecamatan":"Batang Kapas","kecCode":"130104","kabCode":"1301","province":"Sumatera Barat"},"geometry":{"type":"Polygon","coordinates":[[[100.62603238438707,-1.4526539163235292],[100.62048169227631,-1.4455173111612836],[100.61584189558708,-1.435562701954476],[100.61723383387437,-1.4340970219589664],[100.62676886439164,-1.4373611284086951],[100.63063291757514,-1.4348172188377695],[100.63432435488511,-1.4373326091079939],[100.65125699181675,-1.4729849599436553],[100.62862216657976,-1.4794697904470009],[100.63706538685817,-1.4542771089779138],[100.62974696934718,-1.4567329389477897],[100.62995311194663,-1.4531597894704478],[100.62603238438707,-1.4526539163235292]]]}},{"type":"Feature","properties":{"code":"1301042009","desa":"Taluk Tigo Sakato","kecamatan":"Batang Kapas","kecCode":"130104","kabCode":"1301","province":"Sumatera Barat"},"geometry":{"type":"Polygon","coordinates":[[[100.64083731528989,-1.5169772376163362],[100.63826887400938,-1.5000369510701663],[100.6354317117042,-1.5012026064395523],[100.63359234541046,-1.4970777138943472],[100.63159996576586,-1.49815479143827],[100.62696677099973,-1.4897392154295845],[100.62611120456846,-1.4819807533548148],[100.62862216657976,-1.4794697904470009],[100.65125699181675,-1.4729849599436553],[100.67516850182494,-1.4720401250085706],[100.67507898600643,-1.4823606602616175],[100.67079431360672,-1.494332238374193],[100.67157983634041,-1.5045219357594466],[100.65208723963444,-1.522912626416883],[100.64441977635164,-1.5169772403142623],[100.64083731528989,-1.5169772376163362]]]}},{"type":"Feature","properties":{"code":"1301052001","desa":"Painan","kecamatan":"Iv Jurai","kecCode":"130105","kabCode":"1301","province":"Sumatera Barat"},"geometry":{"type":"Polygon","coordinates":[[[100.60161137786285,-1.339297417646029],[100.57682683029405,-1.3505681720752796],[100.5705170815981,-1.3448996409038378],[100.57899908064313,-1.3387087565088696],[100.60161137786285,-1.339297417646029]]]}},{"type":"Feature","properties":{"code":"1301052002","desa":"Tambang","kecamatan":"Iv Jurai","kecCode":"130105","kabCode":"1301","province":"Sumatera Barat"},"geometry":{"type":"Polygon","coordinates":[[[100.67347640761017,-1.3438924919441786],[100.64979119580708,-1.3451877782911856],[100.63369265399287,-1.3379711919227935],[100.62129492582022,-1.3361207819564282],[100.61777915308551,-1.3287191555806688],[100.61582840485704,-1.330418760931262],[100.61670961635575,-1.3254587381499956],[100.60534071530184,-1.3206032696502852],[100.60332747228506,-1.316103079223874],[100.603801176683,-1.3028393614922567],[100.59373496159922,-1.304497326433562],[100.59569928059739,-1.2986589762802603],[100.60027840992073,-1.2953881716799518],[100.61294062780779,-1.2927070786249477],[100.62054702082837,-1.3101254762465373],[100.64181111469122,-1.3261360886285891],[100.67347640761017,-1.3438924919441786]]]}},{"type":"Feature","properties":{"code":"1301052003","desa":"Salido","kecamatan":"Iv Jurai","kecCode":"130105","kabCode":"1301","province":"Sumatera Barat"},"geometry":{"type":"MultiPolygon","coordinates":[[[[100.5188099876908,-1.3462003906321929],[100.51847183900423,-1.3459170763089927],[100.51856780026384,-1.345757141775784],[100.5188099876908,-1.3462003906321929]]],[[[100.52024683362451,-1.3460601251714837],[100.51920670922232,-1.345492901173909],[100.52003302340533,-1.3451360834613246],[100.52024683362451,-1.3460601251714837]]],[[[100.57843093933644,-1.3388626269135302],[100.56623034975091,-1.3477119612330068],[100.56452571269152,-1.3518188412569594],[100.56353519399408,-1.3449111000653164],[100.56649357142122,-1.3439693498048],[100.56902645620607,-1.3382595982073882],[100.55702962871446,-1.324147932202501],[100.55895042412283,-1.3179798114472145],[100.55743134238257,-1.3153946113032076],[100.56240853502595,-1.3004579800992342],[100.57291205264914,-1.3008753329773126],[100.57939356556066,-1.3094120071959394],[100.59894570907726,-1.3024840834190246],[100.603801176683,-1.3028393614922567],[100.60344425644736,-1.3112739042028294],[100.58143329361167,-1.326646496157254],[100.57619622837329,-1.3325870470663992],[100.57843093933644,-1.3388626269135302]]]]}},{"type":"Feature","properties":{"code":"1301052004","desa":"Lumpo","kecamatan":"Iv Jurai","kecCode":"130105","kabCode":"1301","province":"Sumatera Barat"},"geometry":{"type":"Polygon","coordinates":[[[100.5943178598814,-1.2816726291569238],[100.58541169559332,-1.280902488428397],[100.58280233965631,-1.2837865126035675],[100.58286542889647,-1.2752103275702282],[100.58004669999524,-1.2746357390244223],[100.58568241940822,-1.2631592349997638],[100.5835477274457,-1.2578130397349987],[100.58577831141997,-1.2334159704927652],[100.58945415268703,-1.2318528201754133],[100.59174148927836,-1.2382065340211634],[100.59174148927836,-1.2660068024579114],[100.5943178598814,-1.2816726291569238]]]}},{"type":"Feature","properties":{"code":"1301052005","desa":"Bunga Pasang Salido","kecamatan":"Iv Jurai","kecCode":"130105","kabCode":"1301","province":"Sumatera Barat"},"geometry":{"type":"Polygon","coordinates":[[[100.60439830673653,-1.3399148391022038],[100.57843093933644,-1.3388626269135302],[100.57619622837329,-1.3325870470663992],[100.60344425644736,-1.3112739042028294],[100.60534071530184,-1.3206032696502852],[100.61670961635575,-1.3254587381499956],[100.61582840485704,-1.330418760931262],[100.61777915308551,-1.3287191555806688],[100.62018468127809,-1.3348254983073997],[100.6245345788078,-1.3366032871193703],[100.62043469100826,-1.3389582608198085],[100.61025537178801,-1.3357550978277717],[100.60439830673653,-1.3399148391022038]]]}},{"type":"Feature","properties":{"code":"1301052006","desa":"Sago Salido","kecamatan":"Iv Jurai","kecCode":"130105","kabCode":"1301","province":"Sumatera Barat"},"geometry":{"type":"Polygon","coordinates":[[[100.56240853502595,-1.3004579800992342],[100.55743134238257,-1.3153946113032076],[100.55895042412283,-1.3179798114472145],[100.55712174537227,-1.3236576425079247],[100.54664075396765,-1.3121837528124725],[100.53609084301802,-1.3095724426515098],[100.53900891283114,-1.3050176175115198],[100.54233065683438,-1.3043227896082825],[100.54346952140133,-1.2990618105032696],[100.55106567024455,-1.295149054538709],[100.56240853502595,-1.3004579800992342]]]}},{"type":"Feature","properties":{"code":"1301052007","desa":"Salido Sari Bulan","kecamatan":"Iv Jurai","kecCode":"130105","kabCode":"1301","province":"Sumatera Barat"},"geometry":{"type":"Polygon","coordinates":[[[100.80647701819986,-1.2358810257081692],[100.79299705037363,-1.239127371446828],[100.71587663979517,-1.2760559951627548],[100.68799747020716,-1.305640369249451],[100.68425322200864,-1.314822315129295],[100.64014497221272,-1.3056938276497352],[100.63604329386298,-1.3018200204236203],[100.63756254377643,-1.2972622679903805],[100.63365253883364,-1.2917888411392997],[100.63452601256546,-1.2851724128411224],[100.64432129878894,-1.2639425651854492],[100.66187726482399,-1.2624929425849987],[100.66508384794128,-1.2510917612782098],[100.67541616882117,-1.2428971612866113],[100.70249397501696,-1.2354151364193506],[100.76520047542162,-1.2047744582287347],[100.79562026576268,-1.1953440206745323],[100.80132997329967,-1.2050169829011934],[100.79594998690243,-1.2098489754982518],[100.79607496838514,-1.2215090203604233],[100.79891703559274,-1.2264120018423645],[100.80686098015019,-1.2299310319175958],[100.80647701819986,-1.2358810257081692]]]}},{"type":"Feature","properties":{"code":"1301052008","desa":"Koto Rawang","kecamatan":"Iv Jurai","kecCode":"130105","kabCode":"1301","province":"Sumatera Barat"},"geometry":{"type":"Polygon","coordinates":[[[100.68425322200864,-1.314822315129295],[100.67935982999221,-1.3279667701672557],[100.67996086490204,-1.3330930730981105],[100.67347640761017,-1.3438924919441786],[100.66795344159812,-1.3420216179046374],[100.62054702082837,-1.3101254762465373],[100.61294062780779,-1.2927070786249477],[100.6138026558679,-1.2848271730005545],[100.62399775459278,-1.2729861521672878],[100.63418026640623,-1.2664778241776513],[100.64432129878894,-1.2639425651854492],[100.63452601256546,-1.2851724128411224],[100.63365253883364,-1.2917888411392997],[100.63756254377643,-1.2972622679903805],[100.63604329386298,-1.3018200204236203],[100.64014497221272,-1.3056938276497352],[100.68425322200864,-1.314822315129295]]]}},{"type":"Feature","properties":{"code":"1301052009","desa":"Limau Gadang Lumpo","kecamatan":"Iv Jurai","kecCode":"130105","kabCode":"1301","province":"Sumatera Barat"},"geometry":{"type":"Polygon","coordinates":[[[100.79562026576268,-1.1953440206745323],[100.76520047542162,-1.2047744582287347],[100.70249397501696,-1.2354151364193506],[100.67541616882117,-1.2428971612866113],[100.66508384794128,-1.2510917612782098],[100.66187726482399,-1.2624929425849987],[100.648694648839,-1.2628492296975484],[100.63418026640623,-1.2664778241776513],[100.62912333357502,-1.2704194052123114],[100.61611323903479,-1.2630909917450421],[100.61097931524323,-1.2568569425898783],[100.60713168278102,-1.2200737554364882],[100.61025218099341,-1.2177836093656293],[100.61373667530738,-1.2190687144876993],[100.63894522624128,-1.197061616962708],[100.65494270494196,-1.1989827082459263],[100.66418358700298,-1.1966887706333174],[100.67171522028127,-1.1988794112164651],[100.6905365666093,-1.1973652100987038],[100.69687843099483,-1.192571105939424],[100.70199185384104,-1.183986966402573],[100.70995361756546,-1.1830524341008146],[100.72457025381424,-1.1743630406097403],[100.7397814345656,-1.1706352068413775],[100.76618098916138,-1.1583400103889268],[100.7769890253233,-1.1624270010064839],[100.77705800782086,-1.1717679973859703],[100.78636598290387,-1.1842210050722923],[100.79288896265557,-1.1827220195841703],[100.79153299725009,-1.1848619986585127],[100.79562026576268,-1.1953440206745323]]]}},{"type":"Feature","properties":{"code":"1301052010","desa":"Batu Kunik Lumpo","kecamatan":"Iv Jurai","kecCode":"130105","kabCode":"1301","province":"Sumatera Barat"},"geometry":{"type":"Polygon","coordinates":[[[100.62912333357502,-1.2704194052123114],[100.62399775459278,-1.2729861521672878],[100.61476869322068,-1.2833947571288797],[100.61204523579903,-1.2757049933658207],[100.60360203530576,-1.2657540794733935],[100.60209432189548,-1.2355997933155285],[100.59739828520274,-1.2253623113527339],[100.60086926630368,-1.2209357502207314],[100.60713168278102,-1.2200737554364882],[100.61207944241238,-1.2596072582613524],[100.62912333357502,-1.2704194052123114]]]}},{"type":"Feature","properties":{"code":"1301052011","desa":"Taratak Tangah Lumpo","kecamatan":"Iv Jurai","kecCode":"130105","kabCode":"1301","province":"Sumatera Barat"},"geometry":{"type":"Polygon","coordinates":[[[100.61294062780779,-1.2927070786249477],[100.60148066500074,-1.295125640689215],[100.59422888185746,-1.2813701080128588],[100.59174148927836,-1.2660068024579114],[100.59174148927836,-1.2382065340211634],[100.58945415268703,-1.2318528201754133],[100.59739828520274,-1.2253623113527339],[100.60209432189548,-1.2355997933155285],[100.60360203530576,-1.2657540794733935],[100.61204523579903,-1.2757049933658207],[100.61476869322068,-1.2833947571288797],[100.61294062780779,-1.2927070786249477]]]}},{"type":"Feature","properties":{"code":"1301052012","desa":"Ampuan Lumpo","kecamatan":"Iv Jurai","kecCode":"130105","kabCode":"1301","province":"Sumatera Barat"},"geometry":{"type":"Polygon","coordinates":[[[100.57741011528462,-1.2753449066176241],[100.58286542889647,-1.2752103275702282],[100.58280233965631,-1.2837865126035675],[100.57720935242973,-1.2872898423145722],[100.57701869615595,-1.2910125004845403],[100.57137358422356,-1.2921081885988523],[100.57019203963097,-1.2854416239959945],[100.57487040644416,-1.27433190217216],[100.57687569855472,-1.272263245631229],[100.57741011528462,-1.2753449066176241]]]}},{"type":"Feature","properties":{"code":"1301052013","desa":"Ampang Tareh Lumpo","kecamatan":"Iv Jurai","kecCode":"130105","kabCode":"1301","province":"Sumatera Barat"},"geometry":{"type":"Polygon","coordinates":[[[100.60148066500074,-1.295125640689215],[100.59569928059739,-1.2986589762802603],[100.59373496159922,-1.304497326433562],[100.57939356556066,-1.3094120071959394],[100.57559003225423,-1.3032185651292034],[100.57039060993878,-1.3001081312331653],[100.57137358422356,-1.2921081885988523],[100.57701869615595,-1.2910125004845403],[100.57720935242973,-1.2872898423145722],[100.58541169559332,-1.280902488428397],[100.5943178598814,-1.2816726291569238],[100.60148066500074,-1.295125640689215]]]}},{"type":"Feature","properties":{"code":"1301052014","desa":"Balai Sinayan Lumpo","kecamatan":"Iv Jurai","kecCode":"130105","kabCode":"1301","province":"Sumatera Barat"},"geometry":{"type":"Polygon","coordinates":[[[100.58577831141997,-1.2334159704927652],[100.5835477274457,-1.2578130397349987],[100.58568241940822,-1.2631592349997638],[100.58004669999524,-1.2746357390244223],[100.57741011528462,-1.2753449066176241],[100.57743687461213,-1.2724351852143363],[100.57458515588029,-1.274399076133004],[100.5706757615772,-1.2713634271603784],[100.57432974302326,-1.2605930672081715],[100.57750219237231,-1.2352853930264995],[100.58577831141997,-1.2334159704927652]]]}},{"type":"Feature","properties":{"code":"1301052015","desa":"Sungai Gayo Lumpo","kecamatan":"Iv Jurai","kecCode":"130105","kabCode":"1301","province":"Sumatera Barat"},"geometry":{"type":"Polygon","coordinates":[[[100.57750219237231,-1.2352853930264995],[100.57432974302326,-1.2605930672081715],[100.56900797693663,-1.2731558245596122],[100.56534543844128,-1.2710236300168474],[100.56576228859883,-1.268400800439809],[100.56125582359742,-1.2674000456599508],[100.56116119333443,-1.2651288995659355],[100.56496544160188,-1.257959356733781],[100.56730165994371,-1.240961753695735],[100.57750219237231,-1.2352853930264995]]]}},{"type":"Feature","properties":{"code":"1301052016","desa":"Sungai Sariak Lumpo","kecamatan":"Iv Jurai","kecCode":"130105","kabCode":"1301","province":"Sumatera Barat"},"geometry":{"type":"Polygon","coordinates":[[[100.56730165994371,-1.240961753695735],[100.56127719778452,-1.2679129838808665],[100.55673834639764,-1.2664675530205092],[100.54894488359957,-1.2715245946640166],[100.54539210735993,-1.2639568680032462],[100.5524321784024,-1.25343529919957],[100.56730165994371,-1.240961753695735]]]}},{"type":"Feature","properties":{"code":"1301052017","desa":"Bukik Kaciak Lumpo","kecamatan":"Iv Jurai","kecCode":"130105","kabCode":"1301","province":"Sumatera Barat"},"geometry":{"type":"Polygon","coordinates":[[[100.57266273090039,-1.2719882635267745],[100.57448095233417,-1.2781712293910517],[100.56636485955067,-1.2785518575541286],[100.55610490441784,-1.2754555241284824],[100.55440998543251,-1.277686462433189],[100.55566675291838,-1.284370382152882],[100.55242622039383,-1.2857594668898207],[100.54656559492632,-1.2830501755920336],[100.54272532161632,-1.2866241452510159],[100.54387568041834,-1.2813894344435903],[100.53840527798128,-1.2732492991936406],[100.54634126803518,-1.2762408283261122],[100.54758864120288,-1.2710991955516964],[100.55401227464682,-1.269896278571964],[100.55696657634648,-1.2664602370357],[100.56576228859883,-1.268400800439809],[100.56546914108804,-1.271147985571252],[100.56900797693663,-1.2731558245596122],[100.57266273090039,-1.2719882635267745]]]}},{"type":"Feature","properties":{"code":"1301052018","desa":"Gunung Bungkuak Lumpo","kecamatan":"Iv Jurai","kecCode":"130105","kabCode":"1301","province":"Sumatera Barat"},"geometry":{"type":"Polygon","coordinates":[[[100.57039060993878,-1.3001081312331653],[100.55903612771515,-1.3001155614319309],[100.55106567024455,-1.295149054538709],[100.55529074187426,-1.288763702543424],[100.5556212786991,-1.2756757096414257],[100.57448095233417,-1.2781712293910517],[100.57019203963097,-1.2854416239959945],[100.57039060993878,-1.3001081312331653]]]}},{"type":"Feature","properties":{"code":"1301052019","desa":"Painan Selatan Painan","kecamatan":"Iv Jurai","kecCode":"130105","kabCode":"1301","province":"Sumatera Barat"},"geometry":{"type":"Polygon","coordinates":[[[100.62526565568548,-1.3676160813898872],[100.6163953734478,-1.3692173521701545],[100.60636911434322,-1.3676508842536959],[100.5983296455967,-1.3600045370610507],[100.5934253690856,-1.3625822287652636],[100.58058006721636,-1.3565742844608122],[100.57682683029405,-1.3505681720752796],[100.61025537178801,-1.3357550978277717],[100.62043469100826,-1.3389582608198085],[100.6245345788078,-1.3366032871193703],[100.63369265399287,-1.3379711919227935],[100.64979119580708,-1.3451877782911856],[100.67347640761017,-1.3438924919441786],[100.66225786241046,-1.3673939650325397],[100.63641068040863,-1.372489405029441],[100.62526565568548,-1.3676160813898872]]]}},{"type":"Feature","properties":{"code":"1301052020","desa":"Painan Timur Painan","kecamatan":"Iv Jurai","kecCode":"130105","kabCode":"1301","province":"Sumatera Barat"},"geometry":{"type":"MultiPolygon","coordinates":[[[[100.55930499982593,-1.3751399984766248],[100.55894999964283,-1.3750989983845996],[100.55894999964283,-1.3748839983625951],[100.55930499982593,-1.3751399984766248]]],[[[100.58895200992737,-1.3717387409183874],[100.57987641066785,-1.3814956485627405],[100.5802902642843,-1.373125223916681],[100.57821211000095,-1.3694367300918517],[100.56218799787784,-1.3743815912028008],[100.56079839333125,-1.3715452742634595],[100.56262005107453,-1.3655326660748264],[100.56672539236301,-1.365202744386691],[100.5688343799028,-1.3677744798810343],[100.57471799563903,-1.35775441981447],[100.57097490576734,-1.35002438441022],[100.56477623503525,-1.3524612081079612],[100.56623034975091,-1.3477119612330068],[100.5705170815981,-1.3448996409038378],[100.58058006721636,-1.3565742844608122],[100.5934253690856,-1.3625822287652636],[100.58895200992737,-1.3717387409183874]]],[[[100.56031943059729,-1.3538530294818651],[100.55721014333352,-1.3564453603503621],[100.56029842872952,-1.3526674073644764],[100.56031943059729,-1.3538530294818651]]],[[[100.56346507475347,-1.353673938489852],[100.56404966735833,-1.3544694203149785],[100.5633847760866,-1.354569334094854],[100.56346507475347,-1.353673938489852]]]]}},{"type":"Feature","properties":{"code":"1301062005","desa":"Koto Berapak","kecamatan":"Bayang","kecCode":"130106","kabCode":"1301","province":"Sumatera Barat"},"geometry":{"type":"Polygon","coordinates":[[[100.55578396785592,-1.2503532721890962],[100.5524321784024,-1.25343529919957],[100.54650834768216,-1.2512581178701756],[100.53531153639835,-1.2603082492185227],[100.53208152504243,-1.2516151613125324],[100.52696989094777,-1.248440883645249],[100.52920992230014,-1.2474951421935396],[100.53043419098519,-1.2406951757558284],[100.52415980543071,-1.234947687706099],[100.52428378057209,-1.2311618161895075],[100.51977341341232,-1.2298459470589307],[100.53924923056758,-1.234930234563162],[100.54243529295445,-1.2376058390557114],[100.54233939464739,-1.2405730370302137],[100.55088520239023,-1.2445150560348266],[100.55578396785592,-1.2503532721890962]]]}},{"type":"Feature","properties":{"code":"1301062006","desa":"Talaok","kecamatan":"Bayang","kecCode":"130106","kabCode":"1301","province":"Sumatera Barat"},"geometry":{"type":"Polygon","coordinates":[[[100.52696989094777,-1.248440883645249],[100.53208152504243,-1.2516151613125324],[100.53531153639835,-1.2603082492185227],[100.5282043642401,-1.2656698345814437],[100.52879935120916,-1.271827370316294],[100.52243813161454,-1.2668993121384122],[100.52192138656278,-1.2586485638742384],[100.51802401799408,-1.2539644216200438],[100.52241964694922,-1.2489684088698538],[100.52696989094777,-1.248440883645249]]]}},{"type":"Feature","properties":{"code":"1301062007","desa":"Pasar Baru","kecamatan":"Bayang","kecCode":"130106","kabCode":"1301","province":"Sumatera Barat"},"geometry":{"type":"Polygon","coordinates":[[[100.51638952175908,-1.2979974916411918],[100.52380333755406,-1.3020255164102086],[100.52573716683685,-1.3005247898346493],[100.52657366943934,-1.3109587493826298],[100.51717876588742,-1.3103191047794442],[100.50282870488086,-1.3047869692859122],[100.50174486893064,-1.300956587623384],[100.51383654791839,-1.3019466485648834],[100.51638952175908,-1.2979974916411918]]]}},{"type":"Feature","properties":{"code":"1301062008","desa":"Gurun Panjang","kecamatan":"Bayang","kecCode":"130106","kabCode":"1301","province":"Sumatera Barat"},"geometry":{"type":"Polygon","coordinates":[[[100.52423976235518,-1.2694268216725442],[100.52971020975843,-1.2721243273548832],[100.5252273042967,-1.2825508072414546],[100.53396639883026,-1.2880439607215397],[100.52814184067347,-1.294444816129615],[100.52628874622872,-1.291004507310231],[100.52368561539889,-1.291283846630008],[100.52044133989597,-1.2876975625542173],[100.51961462101798,-1.2895657251378139],[100.51914146520652,-1.2863259318595301],[100.51417069282326,-1.2838359069675611],[100.51491712922217,-1.2795295573140015],[100.52053566259082,-1.2771322345384482],[100.52423976235518,-1.2694268216725442]]]}},{"type":"Feature","properties":{"code":"1301062009","desa":"Api-Api Pasar Baru","kecamatan":"Bayang","kecCode":"130106","kabCode":"1301","province":"Sumatera Barat"},"geometry":{"type":"MultiPolygon","coordinates":[[[[100.47189311107826,-1.3288140682306195],[100.4720180044274,-1.3299130532596029],[100.47150247615842,-1.3296228968942971],[100.47189311107826,-1.3288140682306195]]],[[[100.47721519282697,-1.3219207233863226],[100.47446757511857,-1.3297851148061552],[100.4738565784184,-1.3303434948707016],[100.47155602269235,-1.3222557145529066],[100.47436622961787,-1.3183965797659454],[100.47721519282697,-1.3219207233863226]]],[[[100.48615079012694,-1.3019895444278067],[100.48546244903287,-1.3025813253130714],[100.48519875971505,-1.302300063242812],[100.48615079012694,-1.3019895444278067]]],[[[100.49766393074589,-1.2985622218187383],[100.50282870488086,-1.3047869692859122],[100.4903399338409,-1.2988853779071359],[100.48496177486606,-1.2916559941861288],[100.49146917386331,-1.2862299445196932],[100.49507858221084,-1.2778098934845277],[100.49766393074589,-1.2985622218187383]]]]}},{"type":"Feature","properties":{"code":"1301062010","desa":"Tanjung Durian Pasar Baru","kecamatan":"Bayang","kecCode":"130106","kabCode":"1301","province":"Sumatera Barat"},"geometry":{"type":"Polygon","coordinates":[[[100.51638952175908,-1.2979974916411918],[100.51383654791839,-1.3019466485648834],[100.50174486893064,-1.300956587623384],[100.49766393074589,-1.2985622218187383],[100.4971797870176,-1.2921178221366054],[100.5065883009094,-1.2926563901365056],[100.51638952175908,-1.2979974916411918]]]}},{"type":"Feature","properties":{"code":"1301062011","desa":"Asam Kamba Pasar Baru","kecamatan":"Bayang","kecCode":"130106","kabCode":"1301","province":"Sumatera Barat"},"geometry":{"type":"Polygon","coordinates":[[[100.51267042490024,-1.2818759784618352],[100.51987053299875,-1.2873853620069622],[100.51833070929483,-1.2913377106245982],[100.52022518784217,-1.2925302871993374],[100.51641250393396,-1.2966472333349879],[100.49669243270965,-1.2912898352154714],[100.4964272604098,-1.2844642551865326],[100.50387730089675,-1.2845605141216847],[100.50655631562154,-1.2868941091384691],[100.51070064342002,-1.2859226956396193],[100.51267042490024,-1.2818759784618352]]]}},{"type":"Feature","properties":{"code":"1301062012","desa":"Sawah Laweh Pasar Baru","kecamatan":"Bayang","kecCode":"130106","kabCode":"1301","province":"Sumatera Barat"},"geometry":{"type":"Polygon","coordinates":[[[100.52102149434654,-1.275350745016364],[100.51070064342002,-1.2859226956396193],[100.4964272604098,-1.2844642551865326],[100.49507858221084,-1.2778098934845277],[100.49843472528238,-1.2698291073090857],[100.49591902923987,-1.2617106502169693],[100.50704697673665,-1.2619010097143217],[100.5073416180213,-1.265738074238887],[100.51853955165905,-1.271392987875979],[100.52102149434654,-1.275350745016364]]]}},{"type":"Feature","properties":{"code":"1301062013","desa":"Kapeh Panji Jaya Talaok","kecamatan":"Bayang","kecCode":"130106","kabCode":"1301","province":"Sumatera Barat"},"geometry":{"type":"Polygon","coordinates":[[[100.51915823756269,-1.251721683310828],[100.51811578571498,-1.2546671554633986],[100.52169652997092,-1.2581185403330282],[100.52243813161454,-1.2668993121384122],[100.52448290576153,-1.2681838255066307],[100.52102149434654,-1.275350745016364],[100.51853955165905,-1.271392987875979],[100.5073416180213,-1.265738074238887],[100.50704697673665,-1.2619010097143217],[100.49591902923987,-1.2617106502169693],[100.49190317768954,-1.2489858871938178],[100.49729820344938,-1.2471540140533863],[100.4989110709892,-1.2517190905653532],[100.50273197290227,-1.2527403552838001],[100.50541124573249,-1.2574231341657083],[100.51135479858516,-1.2571435951965109],[100.51515129109924,-1.2498496536424561],[100.51915823756269,-1.251721683310828]]]}},{"type":"Feature","properties":{"code":"1301062014","desa":"Aur Begalung Talaok","kecamatan":"Bayang","kecCode":"130106","kabCode":"1301","province":"Sumatera Barat"},"geometry":{"type":"Polygon","coordinates":[[[100.51977341341232,-1.2298459470589307],[100.52428378057209,-1.2311618161895075],[100.52415980543071,-1.234947687706099],[100.53043419098519,-1.2406951757558284],[100.52920992230014,-1.2474951421935396],[100.52271850785293,-1.248795185054793],[100.52001122743626,-1.2520709934829322],[100.51515129109924,-1.2498496536424561],[100.51135479858516,-1.2571435951965109],[100.50541124573249,-1.2574231341657083],[100.50273197290227,-1.2527403552838001],[100.4989110709892,-1.2517190905653532],[100.49729820344938,-1.2471540140533863],[100.5010725033934,-1.2355105994543947],[100.50400400098391,-1.2325029607662363],[100.51076801073515,-1.2344255440246723],[100.51977341341232,-1.2298459470589307]]]}},{"type":"Feature","properties":{"code":"1301062015","desa":"Kapelgam Koto Berapak","kecamatan":"Bayang","kecCode":"130106","kabCode":"1301","province":"Sumatera Barat"},"geometry":{"type":"Polygon","coordinates":[[[100.56459152867615,-1.2434335295447685],[100.55578396785592,-1.2503532721890962],[100.55088520239023,-1.2445150560348266],[100.54233939464739,-1.2405730370302137],[100.54167863396185,-1.2364137436182083],[100.52131677774713,-1.2287334497163238],[100.52136537441253,-1.221676892309956],[100.52231880776687,-1.220074297727644],[100.53362032261985,-1.2261465786319352],[100.53482032040154,-1.229458830287371],[100.5478628552866,-1.2272165020690076],[100.55209564130087,-1.2334370362123983],[100.5591386459318,-1.233570880513712],[100.56459152867615,-1.2434335295447685]]]}},{"type":"Feature","properties":{"code":"1301062016","desa":"Koto Baru Koto Berapak","kecamatan":"Bayang","kecCode":"130106","kabCode":"1301","province":"Sumatera Barat"},"geometry":{"type":"Polygon","coordinates":[[[100.59160050435986,-1.2304907987368494],[100.57569145869392,-1.236011727778306],[100.56459152867615,-1.2434335295447685],[100.5591386459318,-1.233570880513712],[100.55209564130087,-1.2334370362123983],[100.54722986656515,-1.2281066393380238],[100.54868929087813,-1.2256399086856387],[100.55774066420037,-1.2249324174287195],[100.5693715728399,-1.2073686192175326],[100.5872387600608,-1.22316101829995],[100.59160050435986,-1.2304907987368494]]]}},{"type":"Feature","properties":{"code":"1301062017","desa":"Kubang Koto Berapak","kecamatan":"Bayang","kecCode":"130106","kabCode":"1301","province":"Sumatera Barat"},"geometry":{"type":"Polygon","coordinates":[[[100.5693715728399,-1.2073686192175326],[100.56506588778056,-1.2163259603160206],[100.55774066420037,-1.2249324174287195],[100.55439786706796,-1.225187389617668],[100.54865212369663,-1.216115453306976],[100.55235299939147,-1.2060676230749627],[100.54839676389956,-1.19910632096026],[100.55231369002485,-1.192733237516334],[100.55158160140985,-1.1876315724122717],[100.54124144833422,-1.1836060774361206],[100.5353353819224,-1.1870384911072513],[100.53230993755363,-1.1787603773725268],[100.52346342979354,-1.1803675324169],[100.5252076963781,-1.1716949841270772],[100.53930061693002,-1.1697413023122727],[100.54298287306119,-1.1773298554730942],[100.55582732956766,-1.1815986512366339],[100.56217187483225,-1.1880223638137688],[100.56317369890712,-1.1956743290711982],[100.56878515281261,-1.202885711062827],[100.5693715728399,-1.2073686192175326]]]}},{"type":"Feature","properties":{"code":"1301062018","desa":"Kapujan Koto Berapak","kecamatan":"Bayang","kecCode":"130106","kabCode":"1301","province":"Sumatera Barat"},"geometry":{"type":"Polygon","coordinates":[[[100.55439786706796,-1.225187389617668],[100.53482032040154,-1.229458830287371],[100.53362032261985,-1.2261465786319352],[100.52231880776687,-1.220074297727644],[100.5273693392237,-1.2123136485017123],[100.53389439371136,-1.210582062359886],[100.53562474868328,-1.2070335803869707],[100.52346342979354,-1.1803675324169],[100.53230993755363,-1.1787603773725268],[100.5353353819224,-1.1870384911072513],[100.54124144833422,-1.1836060774361206],[100.55158160140985,-1.1876315724122717],[100.55231369002485,-1.192733237516334],[100.54839676389956,-1.19910632096026],[100.55235299939147,-1.2060676230749627],[100.54865212369663,-1.216115453306976],[100.55439786706796,-1.225187389617668]]]}},{"type":"Feature","properties":{"code":"1301062019","desa":"Gurun Panjang Utara","kecamatan":"Bayang","kecCode":"130106","kabCode":"1301","province":"Sumatera Barat"},"geometry":{"type":"Polygon","coordinates":[[[100.5524321784024,-1.25343529919957],[100.54539210735993,-1.2639568680032462],[100.54894488359957,-1.2715245946640166],[100.54697249228671,-1.2757143031476723],[100.53840527798128,-1.2732492991936406],[100.54387568041834,-1.2813894344435903],[100.54235462556557,-1.2865485860114567],[100.53265293628402,-1.287960679003593],[100.5252273042967,-1.2825508072414546],[100.52971020975843,-1.2721243273548832],[100.5269826028649,-1.2681298553920268],[100.53162522162671,-1.2616200300311136],[100.54650834768216,-1.2512581178701756],[100.5524321784024,-1.25343529919957]]]}},{"type":"Feature","properties":{"code":"1301062020","desa":"Gurun Panjang Barat","kecamatan":"Bayang","kecCode":"130106","kabCode":"1301","province":"Sumatera Barat"},"geometry":{"type":"Polygon","coordinates":[[[100.52573716683685,-1.3005247898346493],[100.52380333755406,-1.3020255164102086],[100.51626263191497,-1.2986851528470267],[100.52022518784217,-1.2925302871993374],[100.51833070929483,-1.2913377106245982],[100.52044133989597,-1.2876975625542173],[100.53007947408848,-1.2955442634100618],[100.52585117389265,-1.2964464821714792],[100.52427692234214,-1.2985708652029013],[100.52573716683685,-1.3005247898346493]]]}},{"type":"Feature","properties":{"code":"1301062021","desa":"Gurun Panjang Selatan","kecamatan":"Bayang","kecCode":"130106","kabCode":"1301","province":"Sumatera Barat"},"geometry":{"type":"Polygon","coordinates":[[[100.55106567024455,-1.295149054538709],[100.54346952140133,-1.2990618105032696],[100.54233065683438,-1.3043227896082825],[100.53900891283114,-1.3050176175115198],[100.53699103021194,-1.3090663419760387],[100.52657366943934,-1.3109587493826298],[100.52606413335313,-1.298928859228689],[100.52427692234214,-1.2985708652029013],[100.53004164860327,-1.2956751228615013],[100.52815159202241,-1.2942716129989849],[100.5334331548163,-1.2865558435403202],[100.5429078866897,-1.2865796746752416],[100.54656559492632,-1.2830501755920336],[100.55242622039383,-1.2857594668898207],[100.55566675291838,-1.284370382152882],[100.55482670069176,-1.2902997436970303],[100.55106567024455,-1.295149054538709]]]}},{"type":"Feature","properties":{"code":"1301072001","desa":"Siguntur","kecamatan":"Koto Xi Tarusan","kecCode":"130107","kabCode":"1301","province":"Sumatera Barat"},"geometry":{"type":"Polygon","coordinates":[[[100.47351994059284,-1.0522527353994067],[100.46668652206539,-1.059803536819326],[100.46841388589216,-1.065275145241196],[100.46146494674996,-1.073084376743388],[100.46656246958236,-1.088334226527114],[100.46303279872473,-1.0867965063391516],[100.46176192807057,-1.0921548343576257],[100.45863091768274,-1.0946719917957124],[100.45488801127277,-1.0968143495768776],[100.44794994403475,-1.0952000719018926],[100.43529548639765,-1.1038473537388889],[100.43274922329805,-1.1061800503329218],[100.43267626489778,-1.1128281743372908],[100.42973168217144,-1.1078628914213096],[100.42184971709081,-1.1039367805243756],[100.42063024359095,-1.1020034683539177],[100.42408046204376,-1.0986424806382578],[100.42101690620528,-1.0916230706283336],[100.42614333324826,-1.0851293314408093],[100.42406011128514,-1.0801296377655307],[100.42533780599501,-1.0724078599362954],[100.42843249995997,-1.0726963876294107],[100.42783766677495,-1.0703802205744801],[100.43356856323868,-1.0675905145974514],[100.43648340178758,-1.0572993458065236],[100.44479664395003,-1.0545332218521235],[100.44889194430782,-1.043826388210614],[100.45957904593627,-1.033415506165698],[100.46016469974114,-1.0291811679262546],[100.4649518800253,-1.0356201572869477],[100.46647179723571,-1.0470704991339714],[100.47351994059284,-1.0522527353994067]]]}},{"type":"Feature","properties":{"code":"1301072002","desa":"Sungai Pinang","kecamatan":"Koto Xi Tarusan","kecCode":"130107","kabCode":"1301","province":"Sumatera Barat"},"geometry":{"type":"MultiPolygon","coordinates":[[[[100.33992509396796,-1.2140097527916163],[100.33901355373257,-1.213887225558883],[100.33942236934693,-1.2124826455031463],[100.33992509396796,-1.2140097527916163]]],[[[100.33974351455163,-1.1892576366019736],[100.33785562713551,-1.1909829490732307],[100.34109294188585,-1.1981170559188745],[100.33800234882936,-1.2043488837484961],[100.33883439529113,-1.2117843740958236],[100.33456808255102,-1.2076256562499577],[100.32747936538044,-1.2055501333851715],[100.3283036318072,-1.1997321663661076],[100.3342859391448,-1.1897076816350336],[100.33974351455163,-1.1892576366019736]]],[[[100.32868952100465,-1.1983179275915123],[100.32843101987572,-1.1980517012865632],[100.32885196104922,-1.1981207080656804],[100.32868952100465,-1.1983179275915123]]],[[[100.34167658390726,-1.197417140550781],[100.34174678678482,-1.197327632826334],[100.34175380689271,-1.1973627333657633],[100.34167658390726,-1.197417140550781]]],[[[100.33366117472349,-1.1895249465900513],[100.33369642634902,-1.189241997391629],[100.33422331575349,-1.1893921122273479],[100.33366117472349,-1.1895249465900513]]],[[[100.3374861901356,-1.1697064868579994],[100.33834476120182,-1.1698922894904944],[100.33818253069926,-1.1701109695382474],[100.3374861901356,-1.1697064868579994]]],[[[100.35743885392003,-1.167703875628702],[100.34868717607235,-1.1714294170251602],[100.35562047240694,-1.1615212578020209],[100.35493327435118,-1.1659680959481757],[100.35743885392003,-1.167703875628702]]],[[[100.34679944963493,-1.1634342084220675],[100.34589896296681,-1.161216078261967],[100.3499528189675,-1.156035724277597],[100.35171408183946,-1.1582681626514413],[100.34679944963493,-1.1634342084220675]]],[[[100.36927032306704,-1.1589147734032288],[100.36939437734866,-1.1587620919023078],[100.36939914915148,-1.1589004597935146],[100.36927032306704,-1.1589147734032288]]],[[[100.45799043041409,-1.126491875440952],[100.45546398657375,-1.1393754416502035],[100.45733400356146,-1.1487779372684075],[100.41924761508545,-1.1538090226790998],[100.41196671998817,-1.1573528794387062],[100.41170920181825,-1.1601828696474374],[100.39788248778666,-1.1706530502901054],[100.38010346200524,-1.1782409163687795],[100.38344151791175,-1.1732995779023048],[100.37957281703194,-1.164207822332367],[100.38524009905136,-1.156521126156838],[100.38114859832922,-1.1461817447110783],[100.37862371481265,-1.1454944189523448],[100.37371441918515,-1.1489275754635078],[100.3705561827217,-1.1564871578638414],[100.36797726433933,-1.1529246059975562],[100.3556565154359,-1.1612568706106365],[100.36142489474315,-1.155456541095469],[100.36198453206055,-1.1466430726384842],[100.36706349288596,-1.1377653916881156],[100.3657198122196,-1.1346094035333496],[100.37286256425597,-1.1320739080194913],[100.38156266688361,-1.135487416142575],[100.38669318134531,-1.132966205460065],[100.39678397220263,-1.1338208599777846],[100.4033791513268,-1.1285642030144618],[100.41536203033348,-1.1274303944373327],[100.4228312452658,-1.124102714012971],[100.42944732283574,-1.1166419680046222],[100.44475646044236,-1.1196079860686172],[100.45260788634494,-1.1255267293173923],[100.45799043041409,-1.126491875440952]]]]}},{"type":"Feature","properties":{"code":"1301072003","desa":"Duku","kecamatan":"Koto Xi Tarusan","kecCode":"130107","kabCode":"1301","province":"Sumatera Barat"},"geometry":{"type":"Polygon","coordinates":[[[100.52131677774713,-1.2287334497163238],[100.51076801073515,-1.2344255440246723],[100.49583352259907,-1.2299005565915107],[100.48653197766866,-1.2209544597165973],[100.47756344000084,-1.2185319127563166],[100.47447982928075,-1.220126618485626],[100.47323198486828,-1.2149513555633034],[100.47644676440672,-1.21225063750265],[100.47548951073242,-1.2077963979360684],[100.4777785848139,-1.2063517350967803],[100.493670194424,-1.210282964934832],[100.50876044064188,-1.2094099957235689],[100.51694310663912,-1.2055777857393553],[100.52866242043443,-1.1935562134150424],[100.5354565700647,-1.207915548214558],[100.53389439371136,-1.210582062359886],[100.52812969982585,-1.211571415534909],[100.5228364026779,-1.2184828619332926],[100.52131677774713,-1.2287334497163238]]]}},{"type":"Feature","properties":{"code":"1301072004","desa":"Batu Hampa","kecamatan":"Koto Xi Tarusan","kecCode":"130107","kabCode":"1301","province":"Sumatera Barat"},"geometry":{"type":"Polygon","coordinates":[[[100.49729820344938,-1.2471540140533863],[100.49391807905617,-1.249674195911469],[100.49117542290747,-1.2481535574465017],[100.48114335867909,-1.2260290255494792],[100.47158664730597,-1.2317713730744317],[100.47541262589203,-1.2187929077049466],[100.48653197766866,-1.2209544597165973],[100.49532894177729,-1.2296323625698786],[100.50515556667612,-1.232282003634944],[100.5010725033934,-1.2355105994543947],[100.49729820344938,-1.2471540140533863]]]}},{"type":"Feature","properties":{"code":"1301072005","desa":"Nanggalo","kecamatan":"Koto Xi Tarusan","kecCode":"130107","kabCode":"1301","province":"Sumatera Barat"},"geometry":{"type":"Polygon","coordinates":[[[100.47091043356971,-1.2319282175370216],[100.48089187226213,-1.242456885588935],[100.4808304152915,-1.2461926324919368],[100.48705304126491,-1.250886679879133],[100.48034393242659,-1.2548690937319467],[100.47881158658548,-1.259094713044132],[100.47653134294715,-1.2579077221585249],[100.47666628442153,-1.2533006140321057],[100.46136864644592,-1.247029661196906],[100.47091043356971,-1.2319282175370216]]]}},{"type":"Feature","properties":{"code":"1301072006","desa":"Ampang Pulai","kecamatan":"Koto Xi Tarusan","kecCode":"130107","kabCode":"1301","province":"Sumatera Barat"},"geometry":{"type":"MultiPolygon","coordinates":[[[[100.41856642540029,-1.2745608299947198],[100.41759968477771,-1.2766195193494196],[100.41818720197784,-1.274009525795965],[100.41856642540029,-1.2745608299947198]]],[[[100.41945756541435,-1.2713697323072448],[100.4182963868688,-1.2728470944960963],[100.41863829382224,-1.2712524634105091],[100.41945756541435,-1.2713697323072448]]],[[[100.4592605780133,-1.247907359043423],[100.46143668105805,-1.2572845936047157],[100.45727047365351,-1.26162702765594],[100.45210837500154,-1.2582715329993117],[100.44626767131602,-1.2586365723140402],[100.44173092434272,-1.262157185196098],[100.43896322027642,-1.2695256202931235],[100.42072093572266,-1.27731705870857],[100.42126062517774,-1.2718362349337287],[100.41737601079431,-1.267680987571518],[100.43163426091246,-1.2602177171662263],[100.4445115597607,-1.2569324496687675],[100.44449539084968,-1.2543234049001173],[100.44550929102105,-1.2578116062156735],[100.4478736824246,-1.255498753162466],[100.4501169342492,-1.2568209706074083],[100.45462790575327,-1.250217649028752],[100.4592605780133,-1.247907359043423]]]]}},{"type":"Feature","properties":{"code":"1301072007","desa":"Kapuh","kecamatan":"Koto Xi Tarusan","kecCode":"130107","kabCode":"1301","province":"Sumatera Barat"},"geometry":{"type":"MultiPolygon","coordinates":[[[[100.43677911416484,-1.3151247346500508],[100.4344512802025,-1.3158359149259986],[100.43594221406198,-1.3143369726053025],[100.43677911416484,-1.3151247346500508]]],[[[100.49843472528238,-1.2698291073090857],[100.49146917386331,-1.2862299445196932],[100.48496177486606,-1.2916559941861288],[100.46633222874941,-1.2745505417504943],[100.46839247483291,-1.270410810391602],[100.47436062144556,-1.2711071671422884],[100.4774387427039,-1.2683886425050688],[100.48477230299942,-1.2715647916615225],[100.48763384232801,-1.2704889758664155],[100.49364403674298,-1.2571358043696357],[100.49843472528238,-1.2698291073090857]]]]}},{"type":"Feature","properties":{"code":"1301072008","desa":"Barung-Barung Balantai","kecamatan":"Koto Xi Tarusan","kecCode":"130107","kabCode":"1301","province":"Sumatera Barat"},"geometry":{"type":"Polygon","coordinates":[[[100.45733400356146,-1.1487779372684075],[100.45546398657375,-1.1393754416502035],[100.45803124794378,-1.1263657698058378],[100.47988190482613,-1.1085135383304308],[100.48641749397223,-1.1063110069111777],[100.49088991243956,-1.1078186321862153],[100.49105802360896,-1.1147919996053643],[100.49674863494157,-1.1268041281488643],[100.49400593022955,-1.1305474401489612],[100.4937501117783,-1.1480351566144105],[100.48999749898547,-1.150619448443211],[100.48367838025307,-1.1506695137014047],[100.48320898720503,-1.1532541526684161],[100.47897882541251,-1.1550692471574837],[100.46978251824868,-1.155798396787171],[100.45733400356146,-1.1487779372684075]]]}},{"type":"Feature","properties":{"code":"1301072009","desa":"Barung-Barung Balantai Selatan","kecamatan":"Koto Xi Tarusan","kecCode":"130107","kabCode":"1301","province":"Sumatera Barat"},"geometry":{"type":"Polygon","coordinates":[[[100.55004410065476,-1.1797220431197166],[100.54298287306119,-1.1773298554730942],[100.53930061693002,-1.1697413023122727],[100.52793612974864,-1.1701231778349874],[100.51642834639112,-1.1745573418355593],[100.5122528435939,-1.1818210913498786],[100.50407883357138,-1.181171250233358],[100.49702588873384,-1.1866877312279933],[100.49028987307923,-1.1882239387562354],[100.47924203359304,-1.189904105260886],[100.47609862605081,-1.187631404239069],[100.47932375858466,-1.1828994953937868],[100.47810602797085,-1.1714900142439115],[100.48117472073682,-1.1641222671282379],[100.48413208732603,-1.1661616471393919],[100.49709811508596,-1.1625461216072865],[100.50169499342928,-1.1639107106104076],[100.50275799928231,-1.1603319988262581],[100.50946966759112,-1.1631430376215073],[100.52064684937265,-1.1576807452766555],[100.53054176069377,-1.15998922852402],[100.53513520542543,-1.1566725584994173],[100.5430326928046,-1.15819897960514],[100.55183882999808,-1.156021403473342],[100.55290335570538,-1.1512206254452393],[100.5638782349926,-1.1595560322894123],[100.55876589403086,-1.168085957995491],[100.54973103585864,-1.173140722555616],[100.55004410065476,-1.1797220431197166]]]}},{"type":"Feature","properties":{"code":"1301072010","desa":"Mandeh","kecamatan":"Koto Xi Tarusan","kecCode":"130107","kabCode":"1301","province":"Sumatera Barat"},"geometry":{"type":"Polygon","coordinates":[[[100.45733400356146,-1.1487779372684075],[100.46330970088206,-1.1505756109900547],[100.47500273828581,-1.1622057021328622],[100.48117472073682,-1.1641222671282379],[100.47810602797085,-1.1714900142439115],[100.47932375858466,-1.1828994953937868],[100.46501247544546,-1.1811105055258224],[100.46470849200335,-1.1838849554036905],[100.45844275163175,-1.1860277727384863],[100.45232908841677,-1.1920903166829053],[100.43336150243145,-1.2237370610495162],[100.429988221879,-1.2241390184334444],[100.42652030656694,-1.2165812526635673],[100.4264082150671,-1.2076484954325901],[100.43209355907055,-1.2007087698524617],[100.42830884497727,-1.1964940602159928],[100.420810624211,-1.1954838859369377],[100.41706676631827,-1.201059393034719],[100.41745337587264,-1.1988226064388272],[100.41428363977819,-1.1972824499874877],[100.41094415934555,-1.1988158956976989],[100.41416906075364,-1.1881272652337156],[100.42115346196277,-1.1801869062821246],[100.43318476766296,-1.1787038127139022],[100.43592851558854,-1.1726370032849223],[100.44573105484437,-1.1667838592840154],[100.45093058238051,-1.154971183282995],[100.45733400356146,-1.1487779372684075]]]}},{"type":"Feature","properties":{"code":"1301072011","desa":"Kapuah Utara","kecamatan":"Koto Xi Tarusan","kecCode":"130107","kabCode":"1301","province":"Sumatera Barat"},"geometry":{"type":"Polygon","coordinates":[[[100.49190317768954,-1.2489858871938178],[100.493535700812,-1.2580055944774098],[100.48763384232801,-1.2704889758664155],[100.48477230299942,-1.2715647916615225],[100.4774387427039,-1.2683886425050688],[100.47436062144556,-1.2711071671422884],[100.46839247483291,-1.270410810391602],[100.4708572530598,-1.2656716754936905],[100.468410925324,-1.2594159931467972],[100.47338917287207,-1.2521339001606695],[100.4774607464164,-1.2538995031588753],[100.47653134294715,-1.2579077221585249],[100.47881158658548,-1.259094713044132],[100.48034393242659,-1.2548690937319467],[100.49190317768954,-1.2489858871938178]]]}},{"type":"Feature","properties":{"code":"1301072012","desa":"Taratak Sungai Lundang","kecamatan":"Koto Xi Tarusan","kecCode":"130107","kabCode":"1301","province":"Sumatera Barat"},"geometry":{"type":"Polygon","coordinates":[[[100.53851000763079,-0.9589240136603331],[100.53945599010194,-0.9654619725127671],[100.54551999814947,-0.9703879820350036],[100.55252301622426,-0.9877350157542635],[100.54979899402842,-0.9949179962564043],[100.55057300094329,-1.0053740197714507],[100.5562149904295,-1.0280080014191768],[100.55322200079473,-1.0323060026660837],[100.5601350138199,-1.0435579828482984],[100.5645560369316,-1.045166975207631],[100.57643097660831,-1.0566200114235027],[100.57835198965267,-1.068434015723169],[100.58263412866215,-1.07106599500272],[100.57322943958701,-1.0694633050922941],[100.56209405199894,-1.0735996037389193],[100.5551682002523,-1.0719348426209183],[100.55257260394256,-1.0679927022078721],[100.54579048364394,-1.0647260200998157],[100.54239054988402,-1.076266261775756],[100.53638825241597,-1.0820958615254659],[100.53385766899629,-1.0814399643743564],[100.53162884139793,-1.0857606195435858],[100.5196741786205,-1.0923079727141196],[100.50692712768482,-1.092437629771947],[100.49953645144615,-1.0886803683876531],[100.50058070823314,-1.084206250206651],[100.49607688723857,-1.080108749212341],[100.5001610782712,-1.0631763641096754],[100.50057377805744,-1.0557440762481887],[100.49770116897382,-1.052093361143869],[100.50346830901532,-1.0435851153944147],[100.50366353564374,-1.0341367552512477],[100.50689165392673,-1.0287276425169016],[100.50358851959459,-1.0180782746547496],[100.49655911001497,-1.0116173211517276],[100.49690626181462,-1.0050615431323053],[100.50682324429731,-1.0016497005536376],[100.51074935519863,-0.9974559010540689],[100.52466325310672,-1.0008168896690768],[100.5276372220802,-0.9938291654727114],[100.52418339464798,-0.9918958937717088],[100.52341007031856,-0.987672350994176],[100.52632490976684,-0.9847575106498478],[100.5270982349956,-0.9647997819059306],[100.53188690006044,-0.9594757378425041],[100.53851000763079,-0.9589240136603331]]]}},{"type":"Feature","properties":{"code":"1301072013","desa":"Siguntur Tua","kecamatan":"Koto Xi Tarusan","kecCode":"130107","kabCode":"1301","province":"Sumatera Barat"},"geometry":{"type":"Polygon","coordinates":[[[100.43267626489778,-1.1128281743372908],[100.43274922329805,-1.1061800503329218],[100.43529548639765,-1.1038473537388889],[100.44794994403475,-1.0952000719018926],[100.45488801127277,-1.0968143495768776],[100.45863091768274,-1.0946719917957124],[100.46176192807057,-1.0921548343576257],[100.46303279872473,-1.0867965063391516],[100.46656246958236,-1.088334226527114],[100.46146494674996,-1.073084376743388],[100.46841388589216,-1.065275145241196],[100.46668652206539,-1.059803536819326],[100.47190665396896,-1.056217461386269],[100.47587054808736,-1.0629952946091734],[100.47537447844945,-1.0752364534979346],[100.48015991135088,-1.0819488205724923],[100.47826272044824,-1.0949935353996725],[100.47243081483032,-1.1001015686031341],[100.47731577120595,-1.109821032074783],[100.47655415874748,-1.1127699288456718],[100.45790269255525,-1.1265094203147257],[100.45260788634494,-1.1255267293173923],[100.44279175023917,-1.118894051169215],[100.42944732283574,-1.1166419680046222],[100.43267626489778,-1.1128281743372908]]]}},{"type":"Feature","properties":{"code":"1301072014","desa":"Kampung Baru Korong Nan Ampek","kecamatan":"Koto Xi Tarusan","kecCode":"130107","kabCode":"1301","province":"Sumatera Barat"},"geometry":{"type":"Polygon","coordinates":[[[100.47190665396896,-1.056217461386269],[100.47351994059284,-1.0522527353994067],[100.46647179723571,-1.0470704991339714],[100.4649518800253,-1.0356201572869477],[100.46016469974114,-1.0291811679262546],[100.46549795466694,-1.02708019065033],[100.46389111078622,-1.0207719429299043],[100.47722361138064,-1.0046619428714276],[100.48848949689283,-1.0015307274416432],[100.4977112557699,-1.0059722829700783],[100.49655911001497,-1.0116173211517276],[100.50358851959459,-1.0180782746547496],[100.50689165392673,-1.0287276425169016],[100.50366353564374,-1.0341367552512477],[100.50346830901532,-1.0435851153944147],[100.49770116897382,-1.052093361143869],[100.50057377805744,-1.0557440762481887],[100.5001610782712,-1.0631763641096754],[100.49607688723857,-1.080108749212341],[100.50058070823314,-1.084206250206651],[100.49981475744517,-1.0889960978746414],[100.51317504169485,-1.0933268308467448],[100.52192341633264,-1.0912253157762173],[100.5410268062422,-1.0779108735833187],[100.54579048364394,-1.0647260200998157],[100.55257260394256,-1.0679927022078721],[100.5551682002523,-1.0719348426209183],[100.56209405199894,-1.0735996037389193],[100.57322943958701,-1.0694633050922941],[100.585676113362,-1.0706448514822415],[100.5895460687961,-1.0774194525416518],[100.58815212232263,-1.0848743583525693],[100.57708565607824,-1.0979403727230734],[100.57639618903295,-1.1111828907361403],[100.57176575428622,-1.110185496722722],[100.55478096027313,-1.1155684985408068],[100.50201992837708,-1.1141881516168346],[100.4921689300521,-1.1055844383356757],[100.49088991243956,-1.1078186321862153],[100.48641749397223,-1.1063110069111777],[100.47988190482613,-1.1085135383304308],[100.4767794299268,-1.1122376983681936],[100.47243081483032,-1.1001015686031341],[100.47826272044824,-1.0949935353996725],[100.48015991135088,-1.0819488205724923],[100.47537447844945,-1.0752364534979346],[100.47587054808736,-1.0629952946091734],[100.47190665396896,-1.056217461386269]]]}},{"type":"Feature","properties":{"code":"1301072015","desa":"Duku Utara","kecamatan":"Koto Xi Tarusan","kecCode":"130107","kabCode":"1301","province":"Sumatera Barat"},"geometry":{"type":"Polygon","coordinates":[[[100.5252076963781,-1.1716949841270772],[100.52343648160837,-1.182139976557939],[100.52866242043443,-1.1935562134150424],[100.51694310663912,-1.2055777857393553],[100.50876044064188,-1.2094099957235689],[100.49378735720087,-1.2102874939206154],[100.4777785848139,-1.2063517350967803],[100.4809502256724,-1.196191332227824],[100.47959485831609,-1.1891485326501317],[100.49702588873384,-1.1866877312279933],[100.50407883357138,-1.181171250233358],[100.5122528435939,-1.1818210913498786],[100.51642834639112,-1.1745573418355593],[100.5252076963781,-1.1716949841270772]]]}},{"type":"Feature","properties":{"code":"1301072016","desa":"Pulau Karam Ampang Pulai","kecamatan":"Koto Xi Tarusan","kecCode":"130107","kabCode":"1301","province":"Sumatera Barat"},"geometry":{"type":"Polygon","coordinates":[[[100.45727047365351,-1.26162702765594],[100.46143668105805,-1.2572845936047157],[100.468410925324,-1.2594159931467972],[100.4708572530598,-1.2656716754936905],[100.46633222874941,-1.2745505417504943],[100.45727047365351,-1.26162702765594]]]}},{"type":"Feature","properties":{"code":"1301072017","desa":"Jinang Kampung Pansur Ampang Pulai","kecamatan":"Koto Xi Tarusan","kecCode":"130107","kabCode":"1301","province":"Sumatera Barat"},"geometry":{"type":"Polygon","coordinates":[[[100.46136864644592,-1.247029661196906],[100.46760719041959,-1.2483175614119015],[100.47307080837118,-1.2530113848678281],[100.468410925324,-1.2594159931467972],[100.46303809932886,-1.2587537476812862],[100.45937511656842,-1.2549215574821087],[100.46136864644592,-1.247029661196906]]]}},{"type":"Feature","properties":{"code":"1301072018","desa":"Cerocok Anau Ampang Pulai","kecamatan":"Koto Xi Tarusan","kecCode":"130107","kabCode":"1301","province":"Sumatera Barat"},"geometry":{"type":"MultiPolygon","coordinates":[[[[100.29689547844362,-1.267834723977199],[100.29559240756362,-1.2656082166322415],[100.29781725566187,-1.2643531794434524],[100.29924452291647,-1.2668739611493407],[100.29689547844362,-1.267834723977199]]],[[[100.40095024885493,-1.2644711453147144],[100.4010716006739,-1.2643486027935051],[100.4009752329207,-1.2645413391989662],[100.40095024885493,-1.2644711453147144]]],[[[100.39573412433043,-1.2315004828852685],[100.39602913973305,-1.2303433728739337],[100.39652601426421,-1.2297664748691421],[100.39573412433043,-1.2315004828852685]]],[[[100.40662014700222,-1.2308368236854967],[100.40605905997766,-1.2283863338899643],[100.40771354544381,-1.2274505245508682],[100.40816331888213,-1.2299798669033288],[100.40662014700222,-1.2308368236854967]]],[[[100.3914086712732,-1.2268933738595456],[100.39130828355052,-1.2264704748624076],[100.39150637182166,-1.2268490588664318],[100.3914086712732,-1.2268933738595456]]],[[[100.40327499634405,-1.225015159553526],[100.40200732997435,-1.2246684358315352],[100.40300549560722,-1.2242380859512856],[100.40327499634405,-1.225015159553526]]],[[[100.41112307137269,-1.2238633348578007],[100.41107778960837,-1.2236037896162524],[100.41115850376201,-1.223590659514404],[100.41112307137269,-1.2238633348578007]]],[[[100.39244667597336,-1.188080612003286],[100.38961500762655,-1.192858715424725],[100.39105418909963,-1.1963897523485456],[100.38872947038878,-1.2027962797807374],[100.38481311982967,-1.2089334080997274],[100.38901829305983,-1.209977426565264],[100.3941115558037,-1.2055032184520313],[100.394804181268,-1.2035194408250067],[100.39211102920068,-1.2024954673485342],[100.39425263874836,-1.2002661730045803],[100.39819361094646,-1.201536201891876],[100.40122766632378,-1.2208332149171088],[100.39665616055345,-1.2293340124813774],[100.39560712836635,-1.226889453714739],[100.3914408732977,-1.2264158653299033],[100.39052888070334,-1.2233324902356721],[100.38679640642907,-1.2254005028619848],[100.38572776542412,-1.2223907957330717],[100.3787076980019,-1.2273351478277545],[100.37943840435894,-1.2242346028770177],[100.37670133929544,-1.2230142408482862],[100.37576544272105,-1.2180703294213833],[100.37632320315339,-1.210696294246059],[100.38198561084732,-1.202312906771983],[100.38105293924184,-1.1901519179469595],[100.38444051361887,-1.18775345752906],[100.39244667597336,-1.188080612003286]]],[[[100.5153070806573,-1.7455114826222848],[100.51482403140398,-1.7434625194354256],[100.51529322300388,-1.7427844683850091],[100.5170829323315,-1.743990163370515],[100.5153070806573,-1.7455114826222848]]],[[[100.45892534402945,-1.2479339007349353],[100.45025659896292,-1.256749746999395],[100.4478736824246,-1.255498753162466],[100.44726463725327,-1.257182488177011],[100.44550929102105,-1.2578116062156735],[100.44449539084968,-1.2543234049001173],[100.4445115597607,-1.2569324496687675],[100.43163426091246,-1.2602177171662263],[100.41737601079431,-1.267680987571518],[100.41196406788748,-1.2741005884482548],[100.40665878817259,-1.2699962175328137],[100.40054950015933,-1.2707947354691826],[100.40600921415398,-1.256917513728303],[100.40352039255212,-1.2482210974313932],[100.40680402688439,-1.2368692538313184],[100.41068484433015,-1.2356974354079353],[100.41307977671039,-1.2382083560476236],[100.41873477309139,-1.2383211130456007],[100.42160026224235,-1.2511350483462378],[100.42708065075145,-1.2569930711692003],[100.43287626782558,-1.2548142314899526],[100.43112780410495,-1.250326056006029],[100.43533880943858,-1.2475123848951113],[100.4332065681287,-1.248508729399684],[100.4321267908188,-1.245826769398212],[100.43509070986839,-1.2467270762009162],[100.43854372701146,-1.2441341454846249],[100.44108188632002,-1.2462399746030521],[100.45052801525577,-1.242733694216429],[100.45892534402945,-1.2479339007349353]]],[[[100.42329200032559,-1.2470969979350617],[100.42345799988686,-1.2468599986971811],[100.42348700032488,-1.2471329986958517],[100.42329200032559,-1.2470969979350617]]],[[[100.41704698213259,-1.2187101224127308],[100.41663643892059,-1.2186929939250903],[100.41704393522951,-1.2178821282970222],[100.41704698213259,-1.2187101224127308]]],[[[100.41572226007428,-1.2179081798580398],[100.415888277622,-1.2177041569609026],[100.41577960714324,-1.2179370004316175],[100.41572226007428,-1.2179081798580398]]],[[[100.41767572515465,-1.2154585507137066],[100.41601166730464,-1.216708799911915],[100.41497005812175,-1.2160768139352878],[100.41526652503018,-1.2151452359064325],[100.41767572515465,-1.2154585507137066]]],[[[100.41436568043183,-1.215408038492427],[100.41397913113205,-1.214895102070091],[100.41394715933399,-1.21482658092487],[100.41431972597462,-1.215098116827196],[100.41436568043183,-1.215408038492427]]]]}},{"type":"Feature","properties":{"code":"1301072019","desa":"Sungai Nyalo Mudiak Aia","kecamatan":"Koto Xi Tarusan","kecCode":"130107","kabCode":"1301","province":"Sumatera Barat"},"geometry":{"type":"MultiPolygon","coordinates":[[[[100.3944359511583,-1.1963708126262802],[100.39495685737313,-1.198317916799668],[100.3932963230669,-1.1974860322168022],[100.3944359511583,-1.1963708126262802]]],[[[100.38022578329333,-1.178179745382594],[100.39788248778666,-1.1706530502901054],[100.41170920181825,-1.1601828696474374],[100.41196671998817,-1.1573528794387062],[100.41924761508545,-1.1538090226790998],[100.45733400356146,-1.1487779372684075],[100.45093058238051,-1.154971183282995],[100.44573105484437,-1.1667838592840154],[100.43592851558854,-1.1726370032849223],[100.43318476766296,-1.1787038127139022],[100.41850638755976,-1.181753625109365],[100.41095781105416,-1.1984220510979084],[100.39896524814775,-1.1904812973439363],[100.39858933782773,-1.187465986539363],[100.40222730594547,-1.18618222950106],[100.40065221442819,-1.1816478936152142],[100.39515830191414,-1.182400326692687],[100.39707112213465,-1.1809698362694983],[100.3951006670622,-1.1791018616442288],[100.38621365473641,-1.1837090956757343],[100.38478941909648,-1.1782297234066361],[100.38022578329333,-1.178179745382594]]]]}},{"type":"Feature","properties":{"code":"1301072020","desa":"Batu Hampar Selatan","kecamatan":"Koto Xi Tarusan","kecCode":"130107","kabCode":"1301","province":"Sumatera Barat"},"geometry":{"type":"Polygon","coordinates":[[[100.47158664730597,-1.2317713730744317],[100.48114335867909,-1.2260290255494792],[100.49190317768954,-1.2489858871938178],[100.48705304126491,-1.250886679879133],[100.48333121856092,-1.2488349027135552],[100.48089187226213,-1.242456885588935],[100.473466969625,-1.236392269606374],[100.47158664730597,-1.2317713730744317]]]}},{"type":"Feature","properties":{"code":"1301072021","desa":"Barung-Barung Balantai Timur","kecamatan":"Koto Xi Tarusan","kecCode":"130107","kabCode":"1301","province":"Sumatera Barat"},"geometry":{"type":"Polygon","coordinates":[[[100.49508531543499,-1.1445642285774003],[100.4939778902675,-1.1307613133204772],[100.49674863494157,-1.1268041281488643],[100.49092459839159,-1.1142129738046078],[100.4921689300521,-1.1055844383356757],[100.50201992837708,-1.1141881516168346],[100.55478096027313,-1.1155684985408068],[100.57176575428622,-1.110185496722722],[100.57639618903295,-1.1111828907361403],[100.5734079604091,-1.1137260466751828],[100.57143758807428,-1.12149921985991],[100.56254626170066,-1.1226659067517157],[100.55628001501076,-1.1266562076589113],[100.54066619159151,-1.124633421038881],[100.52668370329036,-1.1259392573327291],[100.51680462992977,-1.1375395017754706],[100.5012268315531,-1.146039286703227],[100.50145830535654,-1.1476998524838058],[100.49508531543499,-1.1445642285774003]]]}},{"type":"Feature","properties":{"code":"1301072022","desa":"Barung-Barung Balantai Tengah","kecamatan":"Koto Xi Tarusan","kecCode":"130107","kabCode":"1301","province":"Sumatera Barat"},"geometry":{"type":"Polygon","coordinates":[[[100.46720958035792,-1.1551938437301974],[100.47897882541251,-1.1550692471574837],[100.48320898720503,-1.1532541526684161],[100.48367838025307,-1.1506695137014047],[100.49158688162936,-1.1499123861628013],[100.4949085114187,-1.1445873006844545],[100.50145830535654,-1.1476998524838058],[100.5012268315531,-1.146039286703227],[100.51680462992977,-1.1375395017754706],[100.5251527702842,-1.1270291565109969],[100.53051153178183,-1.124881868646319],[100.55628001501076,-1.1266562076589113],[100.56254626170066,-1.1226659067517157],[100.56675797839802,-1.123348577619498],[100.57234685842081,-1.1206186028140348],[100.57713172744735,-1.1292608061794547],[100.57693012642424,-1.1431911715579572],[100.57482160293465,-1.147979240366922],[100.56870044566908,-1.1557591503731242],[100.5652878719378,-1.1586898691474803],[100.56279038087143,-1.1602680588274479],[100.55230390270299,-1.1511819527986493],[100.55183882999808,-1.156021403473342],[100.54446448095109,-1.1579029362776887],[100.53513520542543,-1.1566725584994173],[100.53054176069377,-1.15998922852402],[100.52064684937265,-1.1576807452766555],[100.50952185884677,-1.1631334697342592],[100.50275799928231,-1.1603319988262581],[100.50169499342928,-1.1639107106104076],[100.49709811508596,-1.1625461216072865],[100.48413208732603,-1.1661616471393919],[100.47500273828581,-1.1622057021328622],[100.46720958035792,-1.1551938437301974]]]}},{"type":"Feature","properties":{"code":"1301072023","desa":"Setara Nanggalo","kecamatan":"Koto Xi Tarusan","kecCode":"130107","kabCode":"1301","province":"Sumatera Barat"},"geometry":{"type":"Polygon","coordinates":[[[100.4777785848139,-1.2063517350967803],[100.47548951073242,-1.2077963979360684],[100.4763535685624,-1.21242711326617],[100.47323198486828,-1.2149513555633034],[100.47447982928075,-1.220126618485626],[100.47223947057516,-1.2313470846247192],[100.4692120360067,-1.2322494095061047],[100.46082741825079,-1.2483532213295943],[100.44831883874349,-1.2423656655552022],[100.44108188632002,-1.2462399746030521],[100.43865032635154,-1.2441265300255666],[100.43536659579183,-1.2458302416806553],[100.43055383429207,-1.2399542764835556],[100.43567924959773,-1.2338726327374916],[100.43548720567009,-1.2304414835131396],[100.42720318068228,-1.2305439279852628],[100.42713884588107,-1.226746360785528],[100.42148027019833,-1.2260287467596152],[100.4238955866121,-1.2229881443211876],[100.43336150243145,-1.2237370610495162],[100.45232908841677,-1.1920903166829053],[100.45915183109219,-1.185526499623784],[100.46470849200335,-1.1838849554036905],[100.46491491698987,-1.1811366793946536],[100.47782086374195,-1.1839459636125975],[100.47611052408148,-1.1876730464470455],[100.48099940060189,-1.1950174642494793],[100.4777785848139,-1.2063517350967803]]]}},{"type":"Feature","properties":{"code":"1301082001","desa":"Taratak","kecamatan":"Sutera","kecCode":"130108","kabCode":"1301","province":"Sumatera Barat"},"geometry":{"type":"Polygon","coordinates":[[[100.66496302132646,-1.539202447717003],[100.6626067319152,-1.5412166988715514],[100.65080619584931,-1.5408974161631497],[100.64596166939559,-1.5484383906911592],[100.64107788663522,-1.5513494161113888],[100.6430350038624,-1.5568488468594506],[100.63604147993043,-1.5592482254851932],[100.62406981996628,-1.5373010470899526],[100.62740933727116,-1.5358400912331487],[100.63054848022823,-1.5393677152298815],[100.63465161997635,-1.5401050307037842],[100.63824556897788,-1.537661432413117],[100.64212689364126,-1.5406163681315328],[100.64593207720367,-1.5403353758578866],[100.65783343626413,-1.5296992702978727],[100.66496302132646,-1.539202447717003]]]}},{"type":"Feature","properties":{"code":"1301082002","desa":"Surantih","kecamatan":"Sutera","kecCode":"130108","kabCode":"1301","province":"Sumatera Barat"},"geometry":{"type":"MultiPolygon","coordinates":[[[[100.50888470356625,-1.6619108452553553],[100.5066180459861,-1.662991799776685],[100.5072784208625,-1.660882210592802],[100.50888470356625,-1.6619108452553553]]],[[[100.64785765970328,-1.5796012143619176],[100.64993834108161,-1.6002346019597777],[100.66718418220432,-1.6074315543292619],[100.64462783270835,-1.6151425061197195],[100.64417313458254,-1.617832011433141],[100.63682204380234,-1.606139792425372],[100.6404403212639,-1.6032654494520262],[100.64141451816556,-1.5967481084568156],[100.63504922464203,-1.5795640723614879],[100.64391339059057,-1.5758836472539834],[100.64785765970328,-1.5796012143619176]]],[[[100.62876341230168,-1.586300105095699],[100.62823781792105,-1.5861391111612266],[100.62881832400649,-1.58560355319217],[100.62876341230168,-1.586300105095699]]]]}},{"type":"Feature","properties":{"code":"1301082003","desa":"Amping Parak","kecamatan":"Sutera","kecCode":"130108","kabCode":"1301","province":"Sumatera Barat"},"geometry":{"type":"MultiPolygon","coordinates":[[[[100.59035534532296,-1.7209016139989775],[100.58918302597596,-1.7204374334220582],[100.58986081712305,-1.7197704332408674],[100.59035534532296,-1.7209016139989775]]],[[[100.71222363681147,-1.653925640710729],[100.7004087997264,-1.661559740935775],[100.7003303887365,-1.654866865767151],[100.69702712670062,-1.6512902368128197],[100.68641097978298,-1.6614793568334325],[100.66453091866701,-1.6384394931601767],[100.64364208041773,-1.6213176901504063],[100.64439986536154,-1.6155063916042307],[100.66269055682379,-1.6100132309294903],[100.67594674994261,-1.596264070849079],[100.68731849555218,-1.593313155999536],[100.69394169755132,-1.6067371940735364],[100.69109955659934,-1.6171668341777456],[100.69655545297182,-1.6197298354563805],[100.71222363681147,-1.653925640710729]]]]}},{"type":"Feature","properties":{"code":"1301082004","desa":"Amping Parak Timur","kecamatan":"Sutera","kecCode":"130108","kabCode":"1301","province":"Sumatera Barat"},"geometry":{"type":"Polygon","coordinates":[[[100.76878362896139,-1.4873342987786873],[100.76699647460765,-1.4955324564883692],[100.75872758970654,-1.5040313519865565],[100.75511623162885,-1.5223397681667137],[100.74467138487658,-1.5309290482284093],[100.74032997334967,-1.5396518011713785],[100.74119257068064,-1.5511636125796113],[100.75424182260205,-1.5710121978016034],[100.75314907167238,-1.6238445917427793],[100.75016707535029,-1.6332641807751938],[100.73794790667063,-1.6457884741227793],[100.71284136133981,-1.6537309248974366],[100.69655545297182,-1.6197298354563805],[100.69109955659934,-1.6171668341777456],[100.69394169755132,-1.6067371940735364],[100.68467936576019,-1.5859032909345248],[100.68860385428451,-1.5735794025114784],[100.69348649040927,-1.570536021167899],[100.70163059077919,-1.5537953679278964],[100.70149138202174,-1.5369452608998098],[100.70628572001004,-1.5288548158907014],[100.70688501203374,-1.517767909867144],[100.71527510306362,-1.500987729624686],[100.72186731622371,-1.4940958677624085],[100.76878362896139,-1.4873342987786873]]]}},{"type":"Feature","properties":{"code":"1301082005","desa":"Koto Taratak","kecamatan":"Sutera","kecCode":"130108","kabCode":"1301","province":"Sumatera Barat"},"geometry":{"type":"Polygon","coordinates":[[[100.62099072564153,-1.5186833153876749],[100.64441977635164,-1.5169772403142623],[100.65208723963444,-1.522912626416883],[100.65381488944564,-1.5208325970493655],[100.65783343626413,-1.5296992702978727],[100.64593207720367,-1.5403353758578866],[100.64212689364126,-1.5406163681315328],[100.63824556897788,-1.537661432413117],[100.63465161997635,-1.5401050307037842],[100.63054848022823,-1.5393677152298815],[100.62740933727116,-1.5358400912331487],[100.62406981996628,-1.5373010470899526],[100.61934398333824,-1.5269128495442295],[100.62099072564153,-1.5186833153876749]]]}},{"type":"Feature","properties":{"code":"1301082006","desa":"Lansano Taratak","kecamatan":"Sutera","kecCode":"130108","kabCode":"1301","province":"Sumatera Barat"},"geometry":{"type":"Polygon","coordinates":[[[100.63604147993043,-1.5592482254851932],[100.6430350038624,-1.5568488468594506],[100.64563975796852,-1.5662934046690287],[100.64242623927957,-1.568534089826059],[100.64213076792066,-1.5766746738377524],[100.63544155928058,-1.5790477329045594],[100.63604147993043,-1.5592482254851932]]]}},{"type":"Feature","properties":{"code":"1301082007","desa":"Aur Duri Surantih","kecamatan":"Sutera","kecCode":"130108","kabCode":"1301","province":"Sumatera Barat"},"geometry":{"type":"Polygon","coordinates":[[[100.66718418220432,-1.6074315543292619],[100.64993834108161,-1.6002346019597777],[100.65086356899855,-1.595862287933582],[100.6466073592423,-1.5820309019392822],[100.64957312370073,-1.5752761489173133],[100.65363393236014,-1.5752197488345747],[100.65878377684986,-1.5811060922080904],[100.66233975377668,-1.5799006760124459],[100.66535329292019,-1.5821909659748148],[100.66860791602255,-1.5923767306248195],[100.67594674994261,-1.596264070849079],[100.66718418220432,-1.6074315543292619]]]}},{"type":"Feature","properties":{"code":"1301082008","desa":"Rawang Gunung Malelo Surantih","kecamatan":"Sutera","kecCode":"130108","kabCode":"1301","province":"Sumatera Barat"},"geometry":{"type":"Polygon","coordinates":[[[100.64563975796852,-1.5662934046690287],[100.64107788663522,-1.5513494161113888],[100.64596166939559,-1.5484383906911592],[100.65080619584931,-1.5408974161631497],[100.6626067319152,-1.5412166988715514],[100.66496302132646,-1.539202447717003],[100.66633302155172,-1.5496662116969306],[100.67728675957636,-1.5627616635759645],[100.68128374155151,-1.5643356839989102],[100.6712000814187,-1.572083705844071],[100.66928129059914,-1.577995303979247],[100.65878377684986,-1.5811060922080904],[100.65724354035716,-1.5771937535289593],[100.65177272872853,-1.574768548172732],[100.64779578634652,-1.5790604250365416],[100.64259382974147,-1.5759325496888992],[100.64242623927957,-1.568534089826059],[100.64563975796852,-1.5662934046690287]]]}},{"type":"Feature","properties":{"code":"1301082009","desa":"Koto Nan Tigo Selatan Surantih","kecamatan":"Sutera","kecCode":"130108","kabCode":"1301","province":"Sumatera Barat"},"geometry":{"type":"Polygon","coordinates":[[[100.68731849555218,-1.593313155999536],[100.67594674994261,-1.596264070849079],[100.67066814322027,-1.5920410307925694],[100.66919482438169,-1.5930810202953103],[100.66535329292019,-1.5821909659748148],[100.66143569140411,-1.5801417599710317],[100.66928129059914,-1.577995303979247],[100.6712000814187,-1.572083705844071],[100.68128374155151,-1.5643356839989102],[100.69069343985039,-1.572195737089225],[100.68467936576019,-1.5859032909345248],[100.68731849555218,-1.593313155999536]]]}},{"type":"Feature","properties":{"code":"1301082010","desa":"Koto Nan Tigo Utara Surantih","kecamatan":"Sutera","kecCode":"130108","kabCode":"1301","province":"Sumatera Barat"},"geometry":{"type":"Polygon","coordinates":[[[100.65381488944564,-1.5208325970493655],[100.66299859081238,-1.5144347588667317],[100.67953538844749,-1.5321880577226972],[100.7016747286059,-1.541726447197205],[100.70163059077919,-1.5537953679278964],[100.69348649040927,-1.570536021167899],[100.69069343985039,-1.572195737089225],[100.67728675957636,-1.5627616635759645],[100.66633302155172,-1.5496662116969306],[100.66601294833895,-1.541344298280623],[100.65381488944564,-1.5208325970493655]]]}},{"type":"Feature","properties":{"code":"1301082011","desa":"Ganting Mudiak Selatan Surantih","kecamatan":"Sutera","kecCode":"130108","kabCode":"1301","province":"Sumatera Barat"},"geometry":{"type":"Polygon","coordinates":[[[100.67516850182494,-1.4720401250085706],[100.68668775693446,-1.4613935414473873],[100.68981232278053,-1.4560945731805337],[100.68976409843445,-1.4495480168092743],[100.69589300965475,-1.451845435697568],[100.70194046298205,-1.4583353860412092],[100.7121178837334,-1.4831151923567405],[100.72179419144884,-1.4941723191294394],[100.71527510306362,-1.500987729624686],[100.70688501203374,-1.517767909867144],[100.70628572001004,-1.5288548158907014],[100.70149138202174,-1.5369452608998098],[100.7016747286059,-1.541726447197205],[100.67953538844749,-1.5321880577226972],[100.66299859081238,-1.5144347588667317],[100.66337349928762,-1.5108120720332183],[100.67157983634041,-1.5045219357594466],[100.67079431360672,-1.494332238374193],[100.67507898600643,-1.4823606602616175],[100.67516850182494,-1.4720401250085706]]]}},{"type":"Feature","properties":{"code":"1301082012","desa":"Ganting Mudiak Utara Surantih","kecamatan":"Sutera","kecCode":"130108","kabCode":"1301","province":"Sumatera Barat"},"geometry":{"type":"Polygon","coordinates":[[[100.89662470036967,-1.3779508313271538],[100.88763186841607,-1.3987464278435895],[100.856377366922,-1.4064334468757562],[100.84109784129241,-1.4133813742729724],[100.836091016887,-1.4185155462717376],[100.8351025459458,-1.4271681664843474],[100.82628905859328,-1.4299638475570788],[100.8233830190112,-1.4411206713730043],[100.81371356143177,-1.4404849100424284],[100.81276894233287,-1.4520507149475517],[100.80474021958554,-1.4584925362733905],[100.78419909701078,-1.4658740079427257],[100.77651009856224,-1.4785065337991234],[100.76997258666556,-1.482945116168873],[100.76878362896139,-1.4873342987786873],[100.72179419144884,-1.4941723191294394],[100.71064289485378,-1.4804602129159095],[100.70194046298205,-1.4583353860412092],[100.69589300965475,-1.451845435697568],[100.68976409843445,-1.4495480168092743],[100.69990611557483,-1.4231800311445966],[100.70072420455848,-1.3992123063405906],[100.70348429766227,-1.3863975895291443],[100.73526051206306,-1.323014018404651],[100.75611846399597,-1.3016287526110892],[100.7980870818534,-1.2741636345209053],[100.80002825589933,-1.278576206698493],[100.81121803538406,-1.2760880083295776],[100.81759601384505,-1.2790329669692533],[100.82414196677843,-1.2845280018311174],[100.829032980088,-1.2970570085254778],[100.83723239415973,-1.304960781257615],[100.84649700843028,-1.304625955566322],[100.85328703107166,-1.296460010672978],[100.85682702614639,-1.2967769866203005],[100.8652040347385,-1.3076790001253107],[100.87188700658015,-1.3120120191740228],[100.87474801440942,-1.318270990341675],[100.88584298376672,-1.3277559825696932],[100.88962602332236,-1.3292310119171689],[100.89280194405455,-1.325727220854],[100.8946951806381,-1.3326931625711183],[100.88814740477898,-1.3377883300733653],[100.89942304973403,-1.3569761024498677],[100.90399067492979,-1.3601684313091786],[100.9034064015842,-1.3658012441069656],[100.90652958787022,-1.370576461603966],[100.89662470036967,-1.3779508313271538]]]}},{"type":"Feature","properties":{"code":"1301092001","desa":"Punggasan","kecamatan":"Linggo Sari Baganti","kecCode":"130109","kabCode":"1301","province":"Sumatera Barat"},"geometry":{"type":"Polygon","coordinates":[[[100.88618268558253,-1.8939728527541193],[100.86812135901356,-1.9013832942845954],[100.85498690442215,-1.8829274099733813],[100.86100321962293,-1.8824670596090296],[100.86795269566045,-1.8855494877171373],[100.87444772628162,-1.8814277149201466],[100.88618268558253,-1.8939728527541193]]]}},{"type":"Feature","properties":{"code":"1301092002","desa":"Air Haji","kecamatan":"Linggo Sari Baganti","kecCode":"130109","kabCode":"1301","province":"Sumatera Barat"},"geometry":{"type":"Polygon","coordinates":[[[100.86943607521476,-1.9008477758857398],[100.88294797886617,-1.8953007862899514],[100.89291973725612,-1.915171685490636],[100.88042670163104,-1.9229875045268081],[100.86943607521476,-1.9008477758857398]]]}},{"type":"Feature","properties":{"code":"1301092003","desa":"Punggasan Utara","kecamatan":"Linggo Sari Baganti","kecCode":"130109","kabCode":"1301","province":"Sumatera Barat"},"geometry":{"type":"Polygon","coordinates":[[[100.83058543027346,-1.86705783467028],[100.84917450959601,-1.8539223323832272],[100.85567902536677,-1.8577515844972259],[100.85674386493747,-1.8708098745908022],[100.85444605394228,-1.8786560556385512],[100.85636137068076,-1.8823344159026096],[100.85423732669136,-1.8846187217760986],[100.85265097656139,-1.8820149964973005],[100.84794290064438,-1.881941072225166],[100.8425188016015,-1.8852072030488451],[100.83058543027346,-1.86705783467028]]]}},{"type":"Feature","properties":{"code":"1301092004","desa":"Punggasan Timur","kecamatan":"Linggo Sari Baganti","kecCode":"130109","kabCode":"1301","province":"Sumatera Barat"},"geometry":{"type":"Polygon","coordinates":[[[100.88618268558253,-1.8939728527541193],[100.87444772628162,-1.8814277149201466],[100.87942019658486,-1.8731961698794977],[100.89821046504096,-1.868602994050139],[100.89904558898279,-1.8610868866759687],[100.90363876481716,-1.8531532186804018],[100.95040565159962,-1.8009580330788528],[100.96376761758154,-1.7905189950592217],[100.99967790840878,-1.7725638514640774],[101.0151276828963,-1.7533560206086387],[101.03517063321821,-1.7437521056305574],[101.04560967035007,-1.7241267177509478],[101.08611313521305,-1.6898866775432309],[101.09559889996932,-1.6704701706984402],[101.10876009230446,-1.6697852919950458],[101.12234773416064,-1.6754486052999586],[101.1301688699974,-1.6818465864748018],[101.13056000044372,-1.7091663867131355],[101.0944547545833,-1.7464977286396672],[101.09098040642067,-1.7528501537568855],[101.09308803958139,-1.763990502892404],[101.09770114439237,-1.7708028592900027],[101.08168423673817,-1.7794590291267964],[101.04668246442424,-1.783599023087755],[100.99113086140015,-1.8138379984027089],[100.95983132095874,-1.838111111389643],[100.93044807841613,-1.8681331207646492],[100.89387569860467,-1.889978562454272],[100.89245632200169,-1.8944038843205169],[100.88618268558253,-1.8939728527541193]]]}},{"type":"Feature","properties":{"code":"1301092005","desa":"Padang Xi Punggasan","kecamatan":"Linggo Sari Baganti","kecCode":"130109","kabCode":"1301","province":"Sumatera Barat"},"geometry":{"type":"Polygon","coordinates":[[[100.92365171825224,-1.7870421449864613],[100.92803395270481,-1.7678810968637884],[100.94632954187493,-1.7628206126154708],[100.94983295342814,-1.7585386678642334],[100.9712426844024,-1.753478183615895],[100.97474609595565,-1.7480284359142122],[100.9922631483257,-1.7433572196158418],[101.00627679273985,-1.726618703164995],[101.00510898888876,-1.7176655430147487],[101.01219242793825,-1.7056773787056325],[101.03406752299789,-1.6973517250089238],[101.04391243740912,-1.6871488147840767],[101.04993928097308,-1.6854914317041338],[101.05701605334826,-1.6776879648563316],[101.06649676391457,-1.657957146755397],[101.09075383572099,-1.666525285554436],[101.09559889996932,-1.6704701706984402],[101.08611313521305,-1.6898866775432309],[101.04560967035007,-1.7241267177509478],[101.03517063321821,-1.7437521056305574],[101.0151276828963,-1.7533560206086387],[100.99967790840878,-1.7725638514640774],[100.96376761758154,-1.7905189950592217],[100.95040565159962,-1.8009580330788528],[100.90363876481716,-1.8531532186804018],[100.89904558898279,-1.8610868866759687],[100.89821046504096,-1.868602994050139],[100.87942019658486,-1.8731961698794977],[100.87444772628162,-1.8814277149201466],[100.86929775498749,-1.8851571764615123],[100.85636137068076,-1.8823344159026096],[100.85444605394228,-1.8786560556385512],[100.85696804074256,-1.86268347288774],[100.86101963944486,-1.8573573325045794],[100.87111524527238,-1.8523568213454185],[100.87256590839002,-1.8492410625636864],[100.8878883118961,-1.8477326278987367],[100.90709570570232,-1.8327422118404952],[100.9168103892881,-1.8124918805751047],[100.91708404399348,-1.7989460536117752],[100.92365171825224,-1.7870421449864613]]]}},{"type":"Feature","properties":{"code":"1301092006","desa":"Lagan Mudik Punggasan","kecamatan":"Linggo Sari Baganti","kecCode":"130109","kabCode":"1301","province":"Sumatera Barat"},"geometry":{"type":"Polygon","coordinates":[[[100.86464710258177,-1.8250995977336073],[100.86693675582667,-1.8204119975861643],[100.8919128338103,-1.8068190056781228],[100.90649644335622,-1.808380816005687],[100.90927696186236,-1.7958793618407527],[100.91547584483442,-1.790294644785886],[100.92189216589082,-1.7763233161874248],[100.92675916460382,-1.773702383280616],[100.92365171825224,-1.7870421449864613],[100.91708404399348,-1.7989460536117752],[100.9168103892881,-1.8124918805751047],[100.90709570570232,-1.8327422118404952],[100.8878883118961,-1.8477326278987367],[100.87408785986689,-1.8496708719513266],[100.87227283282503,-1.8401427392447063],[100.87434172768864,-1.8328119398759644],[100.86464710258177,-1.8250995977336073]]]}},{"type":"Feature","properties":{"code":"1301092007","desa":"Lagan Hilir Punggasan","kecamatan":"Linggo Sari Baganti","kecCode":"130109","kabCode":"1301","province":"Sumatera Barat"},"geometry":{"type":"Polygon","coordinates":[[[100.84917450959601,-1.8539223323832272],[100.85585776562345,-1.837667227611883],[100.86074214733229,-1.8338345742618511],[100.86464710258177,-1.8250995977336073],[100.86856918182234,-1.8267591697634211],[100.87479008199675,-1.8360624998377122],[100.87227283282503,-1.8401427392447063],[100.87369996697991,-1.8457030280149327],[100.87111524527238,-1.8523568213454185],[100.85730430534947,-1.8612263247604364],[100.85416583328663,-1.8559021296108449],[100.84917450959601,-1.8539223323832272]]]}},{"type":"Feature","properties":{"code":"1301092008","desa":"Air Haji Tenggara","kecamatan":"Linggo Sari Baganti","kecCode":"130109","kabCode":"1301","province":"Sumatera Barat"},"geometry":{"type":"Polygon","coordinates":[[[100.88294797886617,-1.8953007862899514],[100.89245632200169,-1.8944038843205169],[100.89387569860467,-1.889978562454272],[100.91821831662207,-1.874718378560783],[100.92334104925008,-1.88167645930393],[100.92494843991864,-1.8904021134598616],[100.9245711185623,-1.9103837785595164],[100.9090457587548,-1.9201276325444987],[100.90357485629465,-1.918255722485929],[100.89702910301077,-1.9206076178070657],[100.89128794168522,-1.9163012537643442],[100.89279091297033,-1.914784253956322],[100.88294797886617,-1.8953007862899514]]]}},{"type":"Feature","properties":{"code":"1301092009","desa":"Pasar Lama Muara Air Haji","kecamatan":"Linggo Sari Baganti","kecCode":"130109","kabCode":"1301","province":"Sumatera Barat"},"geometry":{"type":"Polygon","coordinates":[[[100.86812135901356,-1.9013832942845954],[100.88042670163104,-1.9229875045268081],[100.8772230943704,-1.9288477846481717],[100.87060049131969,-1.9262999684222386],[100.87438896907571,-1.9333870308324106],[100.87270966771705,-1.9372072636456568],[100.86907125263627,-1.9368954992696397],[100.86844868256071,-1.9450806806616028],[100.8621852813257,-1.9220887985173647],[100.85509170871548,-1.9069854150196737],[100.86812135901356,-1.9013832942845954]]]}},{"type":"Feature","properties":{"code":"1301092010","desa":"Pasar Bukit Air Haji","kecamatan":"Linggo Sari Baganti","kecCode":"130109","kabCode":"1301","province":"Sumatera Barat"},"geometry":{"type":"Polygon","coordinates":[[[100.90679589691318,-1.9322572494193748],[100.9164248067595,-1.9456283444046825],[100.91047120758019,-1.9543770014199098],[100.91716267441795,-1.961485393950373],[100.91696120559521,-1.973429838617518],[100.91906631256035,-1.9776723480970695],[100.91262941861282,-1.9812962696997887],[100.90061799782238,-1.97881945854663],[100.90129430778613,-1.9579358318916702],[100.8849069172205,-1.9581817335184082],[100.89395254567351,-1.9542682212240072],[100.88895418208989,-1.9412972975691265],[100.88655741779064,-1.9413574082545981],[100.88637663967023,-1.9370057579510143],[100.89931381268235,-1.9314338337521992],[100.90679589691318,-1.9322572494193748]]]}},{"type":"Feature","properties":{"code":"1301092011","desa":"Air Haji Barat","kecamatan":"Linggo Sari Baganti","kecCode":"130109","kabCode":"1301","province":"Sumatera Barat"},"geometry":{"type":"Polygon","coordinates":[[[100.8772230943704,-1.9288477846481717],[100.88292331765705,-1.921193149303528],[100.89094068466493,-1.925048026699958],[100.89780309373782,-1.9322586487645155],[100.88637663967023,-1.9370057579510143],[100.88655741779064,-1.9413574082545981],[100.88895418208989,-1.9412972975691265],[100.89395254567351,-1.9542682212240072],[100.8849069172205,-1.9581817335184082],[100.86906767423385,-1.9582313455183369],[100.86887205100442,-1.9373837852746691],[100.87349377941445,-1.9366896192725005],[100.87438896907571,-1.9333870308324106],[100.87060049131969,-1.9262999684222386],[100.8772230943704,-1.9288477846481717]]]}},{"type":"Feature","properties":{"code":"1301092012","desa":"Air Haji Tengah","kecamatan":"Linggo Sari Baganti","kecCode":"130109","kabCode":"1301","province":"Sumatera Barat"},"geometry":{"type":"Polygon","coordinates":[[[100.88292331765705,-1.921193149303528],[100.89128794168522,-1.9163012537643442],[100.89702910301077,-1.9206076178070657],[100.90437140291795,-1.9182548294591864],[100.9105443854151,-1.9208803884785761],[100.90679589691318,-1.9322572494193748],[100.89865633272363,-1.9326172965974342],[100.89140465480101,-1.9253226382836293],[100.88292331765705,-1.921193149303528]]]}},{"type":"Feature","properties":{"code":"1301092013","desa":"Rantau Simalenang Air Haji","kecamatan":"Linggo Sari Baganti","kecCode":"130109","kabCode":"1301","province":"Sumatera Barat"},"geometry":{"type":"Polygon","coordinates":[[[100.91821831662207,-1.874718378560783],[100.93044807841613,-1.8681331207646492],[100.95983132095874,-1.838111111389643],[100.98027183637622,-1.8215031926875622],[101.03727338575823,-1.7877390179480221],[101.04668246442424,-1.783599023087755],[101.08168423673817,-1.7794590291267964],[101.09770114439237,-1.7708028592900027],[101.10723929375848,-1.7763352151173484],[101.10721041472891,-1.7855257890930376],[101.10352220058917,-1.7931795655851386],[101.10679896769824,-1.7987520581554668],[101.11479114469562,-1.8047431158899598],[101.11786910677391,-1.819841197884171],[101.10751157609843,-1.8175782697949927],[101.08050699000563,-1.819332140237818],[101.06767431731595,-1.8238442916474726],[101.0566518117318,-1.8314163530405887],[101.05017409395936,-1.8456513565674284],[101.02261852292656,-1.8417898493689515],[101.01407565956407,-1.8560574695077305],[100.996211674829,-1.8693789776740388],[100.9706619292047,-1.8986900774690556],[100.9539368153318,-1.910670924893988],[100.93216985835232,-1.9219685897368999],[100.91446103544847,-1.9428442331100488],[100.90679589691318,-1.9322572494193748],[100.9105443854151,-1.9208803884785761],[100.9090457587548,-1.9201276325444987],[100.9245711185623,-1.9103837785595164],[100.92494843991864,-1.8904021134598616],[100.92334104925008,-1.88167645930393],[100.91821831662207,-1.874718378560783]]]}},{"type":"Feature","properties":{"code":"1301092014","desa":"Muara Gadang Air Haji","kecamatan":"Linggo Sari Baganti","kecCode":"130109","kabCode":"1301","province":"Sumatera Barat"},"geometry":{"type":"Polygon","coordinates":[[[100.86906767423385,-1.9582313455183369],[100.90129430778613,-1.9579358318916702],[100.90061799782238,-1.97881945854663],[100.89273672881706,-1.979964932230014],[100.88167708932626,-1.977680849388388],[100.88147859995745,-1.9808989186433041],[100.87715261090432,-1.9824469882293196],[100.87395987284992,-1.9873432041116115],[100.87573471008886,-1.9902719353843135],[100.87060726141605,-1.9928258472150548],[100.86776752525117,-1.983457862180893],[100.86959967898207,-1.9824281528284469],[100.86906767423385,-1.9582313455183369]]]}},{"type":"Feature","properties":{"code":"1301092015","desa":"Sungai Sirah Air Haji","kecamatan":"Linggo Sari Baganti","kecCode":"130109","kabCode":"1301","province":"Sumatera Barat"},"geometry":{"type":"Polygon","coordinates":[[[100.91906631256035,-1.9776723480970695],[100.91696120559521,-1.973429838617518],[100.91716267441795,-1.961485393950373],[100.91047120758019,-1.9543770014199098],[100.91642530858121,-1.946073332549873],[100.91446103544847,-1.9428442331100488],[100.93216985835232,-1.9219685897368999],[100.9539368153318,-1.910670924893988],[100.9706619292047,-1.8986900774690556],[100.996211674829,-1.8693789776740388],[101.01407565956407,-1.8560574695077305],[101.02261852292656,-1.8417898493689515],[101.05017409395936,-1.8456513565674284],[101.0566518117318,-1.8314163530405887],[101.06767431731595,-1.8238442916474726],[101.08050699000563,-1.819332140237818],[101.10751157609843,-1.8175782697949927],[101.11786910677391,-1.819841197884171],[101.11502869971478,-1.8256180245169586],[101.1147468063201,-1.8416909095548148],[101.10970491644878,-1.8467727545003776],[101.10814829700638,-1.8531372844924527],[101.08774438399621,-1.8541624882414354],[101.07445373874911,-1.8511241359067507],[101.05974158190854,-1.8557884355192957],[101.0560542464064,-1.8643004269451033],[101.03360306722782,-1.878768461900976],[100.99902708343319,-1.8890126492091062],[100.98293693499163,-1.913291646460127],[100.97014919962588,-1.9231730337653778],[100.95481109125893,-1.9230146442675284],[100.93233598561733,-1.9366861326009295],[100.9301294072464,-1.9432652624166369],[100.93222290306458,-1.9531440263994715],[100.92081269974635,-1.970320883207021],[100.91906631256035,-1.9776723480970695]]]}},{"type":"Feature","properties":{"code":"1301092016","desa":"Muara Kandis Punggasan","kecamatan":"Linggo Sari Baganti","kecCode":"130109","kabCode":"1301","province":"Sumatera Barat"},"geometry":{"type":"Polygon","coordinates":[[[100.85498690442215,-1.8829274099733813],[100.86812135901356,-1.9013832942845954],[100.85509170871548,-1.9069854150196737],[100.8425188016015,-1.8852072030488451],[100.84794290064438,-1.881941072225166],[100.85265097656139,-1.8820149964973005],[100.85391635775375,-1.8846477734754554],[100.85498690442215,-1.8829274099733813]]]}},{"type":"Feature","properties":{"code":"1301102001","desa":"Lunang","kecamatan":"Lunang","kecCode":"130110","kabCode":"1301","province":"Sumatera Barat"},"geometry":{"type":"Polygon","coordinates":[[[101.27530816264164,-2.2167042273513564],[101.21554146956322,-2.2397311542772265],[101.17882689794305,-2.2610476183373422],[101.17520208690682,-2.252659021090568],[101.13811561594297,-2.2574542089329546],[101.13629733065733,-2.262896456288821],[101.11777443334346,-2.2640672036195806],[101.11739847895672,-2.267177480134227],[101.11286373207565,-2.2668446896087837],[101.1130810127786,-2.259247054194587],[101.11140706868133,-2.2593451864174927],[101.11134436165302,-2.2554413634187247],[101.1056368502605,-2.2551626284434216],[101.10574532738502,-2.251220266797082],[101.0759643299899,-2.250985341395865],[101.07502211927545,-2.2725781923014363],[101.05522032036158,-2.2717217031667465],[101.05526580807066,-2.2870196918611296],[101.03362486229763,-2.286306641894588],[101.02571685824648,-2.2763005096284403],[101.01977257424493,-2.263424111915043],[101.03153101124722,-2.2693355247899176],[101.03875849291016,-2.2696554190372744],[101.05359889487319,-2.260197964050149],[101.05853152341115,-2.2605904353851822],[101.06795527181839,-2.2558084091209416],[101.06734069131987,-2.2516947509067555],[101.07279547073443,-2.240034926378288],[101.08300240723536,-2.23542743963721],[101.12469388371578,-2.237733070235027],[101.13095162371853,-2.235498162322819],[101.15374768031126,-2.222535699489716],[101.24850775682756,-2.1800724572516463],[101.2692344527079,-2.1675046861796834],[101.27530816264164,-2.2167042273513564]]]}},{"type":"Feature","properties":{"code":"1301102003","desa":"Lunang Utara","kecamatan":"Lunang","kecCode":"130110","kabCode":"1301","province":"Sumatera Barat"},"geometry":{"type":"Polygon","coordinates":[[[101.24384467758982,-2.141058303914045],[101.21939143486689,-2.154255839637204],[101.19402940743129,-2.1601324055814923],[101.18846213362065,-2.1694111958552873],[101.16155364188711,-2.175906350575715],[101.13835666572761,-2.18796877730202],[101.1342386790718,-2.1913848125201323],[101.13549064957384,-2.1943060776211967],[101.12268162455739,-2.2033855538480793],[101.11658554488706,-2.199589882419186],[101.11634293028207,-2.18996919868219],[101.144507741639,-2.166726669188659],[101.16638625682036,-2.1568194191799592],[101.23140443396748,-2.138947040192534],[101.24384467758982,-2.141058303914045]]]}},{"type":"Feature","properties":{"code":"1301102004","desa":"Lunang Selatan","kecamatan":"Lunang","kecCode":"130110","kabCode":"1301","province":"Sumatera Barat"},"geometry":{"type":"Polygon","coordinates":[[[101.13644493188815,-2.2889890344700254],[101.13649767262956,-2.275925003104475],[101.14053096922889,-2.2672443033594925],[101.16097446320099,-2.2668118895351017],[101.17882689794305,-2.2610476183373422],[101.17999658587382,-2.2728362311785384],[101.17393072072622,-2.2778262733298327],[101.17427239295664,-2.2820811322996923],[101.17139558403903,-2.2792150918673895],[101.16664347371739,-2.2818744546038663],[101.16133556978075,-2.281430980017667],[101.15921852791278,-2.2777791560492133],[101.15144342657292,-2.281465031048271],[101.14809143297333,-2.278867524581411],[101.13644493188815,-2.2889890344700254]]]}},{"type":"Feature","properties":{"code":"1301102005","desa":"Lunang Barat","kecamatan":"Lunang","kecCode":"130110","kabCode":"1301","province":"Sumatera Barat"},"geometry":{"type":"Polygon","coordinates":[[[101.09996229542365,-2.2513434793132334],[101.10574532738502,-2.251220266797082],[101.1056368502605,-2.2551626284434216],[101.11134436165302,-2.2554413634187247],[101.11286373207565,-2.2668446896087837],[101.11482334402216,-2.266956630921699],[101.1112957434039,-2.326057093572925],[101.09968307661272,-2.329750278261658],[101.09583773292508,-2.3274534052618847],[101.09996229542365,-2.2513434793132334]]]}},{"type":"Feature","properties":{"code":"1301102015","desa":"Sindang Lunang","kecamatan":"Lunang","kecCode":"130110","kabCode":"1301","province":"Sumatera Barat"},"geometry":{"type":"Polygon","coordinates":[[[101.17882689794305,-2.2610476183373422],[101.21554146956322,-2.2397311542772265],[101.27530816264164,-2.2167042273513564],[101.28059323638881,-2.2589640879090083],[101.2434386849474,-2.276040670308611],[101.22182520357033,-2.291980662527932],[101.20495492473003,-2.3001395441460963],[101.1856759296005,-2.3349010229670197],[101.17940217537017,-2.3375659381178466],[101.15718574262797,-2.33647376635275],[101.15381050065412,-2.3331069923990055],[101.15054469807937,-2.3357811606743093],[101.09373105664302,-2.3444428784288562],[101.0008582569031,-2.3291696912377717],[100.99250633759749,-2.3295260835710065],[100.98667841327817,-2.3252856542233666],[100.98808452578032,-2.2966336198908848],[100.98050325082441,-2.281390903529439],[100.97755474975195,-2.281729904772943],[100.97612884497028,-2.2649976907709073],[100.97398996486503,-2.266089124192592],[100.9738064528056,-2.262285602581561],[100.97016179373183,-2.2666087155980623],[100.96985828333315,-2.2619919613433],[100.96437289909012,-2.259260230161877],[100.96140172341086,-2.24620454720285],[100.95656579357653,-2.2441131144316966],[100.95818294458728,-2.2423238646596637],[100.96762897729553,-2.242318299654774],[100.9708754948083,-2.244352157828622],[100.98161284875401,-2.244387801558509],[100.98562323422493,-2.252058003268542],[100.99350912664494,-2.253805501115328],[101.00398772765158,-2.2621874910430084],[101.01205826167948,-2.2601838276068946],[101.01977257424493,-2.263424111915043],[101.02571685824648,-2.2763005096284403],[101.03362486229763,-2.286306641894588],[101.05526580807066,-2.2870196918611296],[101.05443574101668,-2.31400164828361],[101.07839557339707,-2.3274496802699076],[101.09795886940633,-2.3296930579971793],[101.1112957434039,-2.326057093572925],[101.11376358472171,-2.2899558218562883],[101.13393699159893,-2.2903510873849684],[101.14809143297333,-2.278867524581411],[101.15144342657292,-2.281465031048271],[101.15921852791278,-2.2777791560492133],[101.16133556978075,-2.281430980017667],[101.16664347371739,-2.2818744546038663],[101.17139558403903,-2.2792150918673895],[101.17427239295664,-2.2820811322996923],[101.17393072072622,-2.2778262733298327],[101.17999658587382,-2.2728362311785384],[101.17882689794305,-2.2610476183373422]]]}},{"type":"Feature","properties":{"code":"1301102016","desa":"Pondok Parian Lunang","kecamatan":"Lunang","kecCode":"130110","kabCode":"1301","province":"Sumatera Barat"},"geometry":{"type":"Polygon","coordinates":[[[101.10113702765175,-2.228966638119547],[101.07279547073443,-2.240034926378288],[101.06734069131987,-2.2516947509067555],[101.06795527181839,-2.2558084091209416],[101.05853152341115,-2.2605904353851822],[101.05359889487319,-2.260197964050149],[101.03875849291016,-2.2696554190372744],[101.03153101124722,-2.2693355247899176],[101.01270051701533,-2.260302544412114],[101.00466595407057,-2.262521465076332],[100.99350912664494,-2.253805501115328],[100.98562323422493,-2.252058003268542],[100.98210818904174,-2.2466622022989973],[100.98864892141063,-2.2466108213326303],[101.02448932232441,-2.2321872326707832],[101.04991401991616,-2.2168714158161977],[101.05987236941438,-2.2190593701244494],[101.07246343743776,-2.21800940714018],[101.0724792879888,-2.2080220931878274],[101.09393395089118,-2.207905728109703],[101.09413339444063,-2.202999812139878],[101.1095081124095,-2.196282764993264],[101.11634293028207,-2.18996919868219],[101.11658554488706,-2.199589882419186],[101.12268162455739,-2.2033855538480793],[101.13549064957384,-2.1943060776211967],[101.1342386790718,-2.1913848125201323],[101.13835666572761,-2.18796877730202],[101.16155364188711,-2.175906350575715],[101.18846213362065,-2.1694111958552873],[101.19402940743129,-2.1601324055814923],[101.21939143486689,-2.154255839637204],[101.24384467758982,-2.141058303914045],[101.26160102156994,-2.1439023532243318],[101.25419783306357,-2.150983264271764],[101.2402631653129,-2.1586785345837787],[101.13714715941391,-2.2096664531851853],[101.1254317189987,-2.2177167281765287],[101.11220360721073,-2.213949386291352],[101.10814313939443,-2.215033761833659],[101.101291259584,-2.2226464321137662],[101.10113702765175,-2.228966638119547]]]}},{"type":"Feature","properties":{"code":"1301102017","desa":"Lunang Tengah","kecamatan":"Lunang","kecCode":"130110","kabCode":"1301","province":"Sumatera Barat"},"geometry":{"type":"Polygon","coordinates":[[[101.2692344527079,-2.1675046861796834],[101.24850775682756,-2.1800724572516463],[101.15374768031126,-2.222535699489716],[101.13095162371853,-2.235498162322819],[101.12469388371578,-2.237733070235027],[101.08300240723536,-2.23542743963721],[101.10113702765175,-2.228966638119547],[101.101291259584,-2.2226464321137662],[101.10814313939443,-2.215033761833659],[101.11220360721073,-2.213949386291352],[101.1254317189987,-2.2177167281765287],[101.13714715941391,-2.2096664531851853],[101.2402631653129,-2.1586785345837787],[101.25419783306357,-2.150983264271764],[101.26160102156994,-2.1439023532243318],[101.26642650038274,-2.144637707276903],[101.2692344527079,-2.1675046861796834]]]}},{"type":"Feature","properties":{"code":"1301102018","desa":"Lunang Satu","kecamatan":"Lunang","kecCode":"130110","kabCode":"1301","province":"Sumatera Barat"},"geometry":{"type":"Polygon","coordinates":[[[101.11482334402216,-2.266956630921699],[101.11739847895672,-2.267177480134227],[101.11777443334346,-2.2640672036195806],[101.13629733065733,-2.262896456288821],[101.13811561594297,-2.2574542089329546],[101.17520208690682,-2.252659021090568],[101.17882689794305,-2.2610476183373422],[101.16097446320099,-2.2668118895351017],[101.14053096922889,-2.2672443033594925],[101.13649767262956,-2.275925003104475],[101.13644493188815,-2.2889890344700254],[101.13393699159893,-2.2903510873849684],[101.11376358472171,-2.2899558218562883],[101.11482334402216,-2.266956630921699]]]}},{"type":"Feature","properties":{"code":"1301102019","desa":"Lunang Dua","kecamatan":"Lunang","kecCode":"130110","kabCode":"1301","province":"Sumatera Barat"},"geometry":{"type":"Polygon","coordinates":[[[101.07469199344081,-2.2801452120952495],[101.0759643299899,-2.250985341395865],[101.09996229542365,-2.2513434793132334],[101.09857627557473,-2.2812932893160127],[101.07469199344081,-2.2801452120952495]]]}},{"type":"Feature","properties":{"code":"1301102020","desa":"Lunang Tiga","kecamatan":"Lunang","kecCode":"130110","kabCode":"1301","province":"Sumatera Barat"},"geometry":{"type":"Polygon","coordinates":[[[101.05443574101668,-2.31400164828361],[101.05522032036158,-2.2717217031667465],[101.07502211927545,-2.2725781923014363],[101.07469199344081,-2.2801452120952495],[101.09857627557473,-2.2812932893160127],[101.09680666879281,-2.3294478632375166],[101.07839557339707,-2.3274496802699076],[101.05443574101668,-2.31400164828361]]]}},{"type":"Feature","properties":{"code":"1301112001","desa":"Tapan","kecamatan":"Basa Ampek Balai Tapan","kecCode":"130111","kabCode":"1301","province":"Sumatera Barat"},"geometry":{"type":"Polygon","coordinates":[[[100.93821822539086,-2.133311978190261],[100.94687992157117,-2.130188089537168],[100.95805872483032,-2.1321154661821757],[100.96125955138723,-2.1423256699088338],[101.00617780166425,-2.170097705029541],[101.031051885736,-2.1688902266884122],[101.05808807940137,-2.1764825731897095],[101.06027080775164,-2.181196215005554],[101.06762630520988,-2.1808268634416836],[101.06752695530479,-2.1852264664960934],[101.05212208396705,-2.1943649481416103],[101.03123412075814,-2.2016757375949236],[101.02000684044339,-2.1993258414666954],[101.0077351630474,-2.1930594526907976],[100.97405332390186,-2.167210598877705],[100.93534006928881,-2.154312163277557],[100.93821822539086,-2.133311978190261]]]}},{"type":"Feature","properties":{"code":"1301112002","desa":"Pasar Tapan","kecamatan":"Basa Ampek Balai Tapan","kecCode":"130111","kabCode":"1301","province":"Sumatera Barat"},"geometry":{"type":"Polygon","coordinates":[[[101.08424613185355,-2.1558052761927726],[101.07927762486258,-2.1601580560448683],[101.07807635364087,-2.1586711934179474],[101.0822939950719,-2.1543563532649626],[101.08424613185355,-2.1558052761927726]]]}},{"type":"Feature","properties":{"code":"1301112007","desa":"Batang Arah Tapan","kecamatan":"Basa Ampek Balai Tapan","kecCode":"130111","kabCode":"1301","province":"Sumatera Barat"},"geometry":{"type":"Polygon","coordinates":[[[101.07327114464765,-2.1659051016282262],[101.08296057257239,-2.158438650320803],[101.08459415059963,-2.1634537763625277],[101.08274262906912,-2.1658006426747423],[101.08590838656282,-2.1688390723512274],[101.08853328638213,-2.1679067658714875],[101.09393788632445,-2.174997209732586],[101.08042140062719,-2.175907254394405],[101.07343742389803,-2.171718701539591],[101.07327114464765,-2.1659051016282262]]]}},{"type":"Feature","properties":{"code":"1301112008","desa":"Ampang Tulak Tapan","kecamatan":"Basa Ampek Balai Tapan","kecCode":"130111","kabCode":"1301","province":"Sumatera Barat"},"geometry":{"type":"Polygon","coordinates":[[[101.11533159857446,-2.0856205461289146],[101.09615111608122,-2.098034980094144],[101.05649778484496,-2.1280947636931558],[101.03012173403083,-2.1346316982178943],[101.02387272374727,-2.1266295486471334],[101.02054459455746,-2.1273324713481117],[101.02128022560197,-2.1298194367464696],[101.01900883039326,-2.1312577800498187],[101.01865890598377,-2.125488137201456],[101.01515085302951,-2.1268132720470554],[101.01028661433583,-2.123872388235562],[101.01052094168818,-2.1211927502835537],[101.01492656390984,-2.1186078100435863],[101.0331534853451,-2.1186078100435863],[101.04765040204448,-2.1151967714587925],[101.06619792729259,-2.106242794724079],[101.07579147579604,-2.104110894259597],[101.10542487735626,-2.085776559617968],[101.11533159857446,-2.0856205461289146]]]}},{"type":"Feature","properties":{"code":"1301112009","desa":"Tanjung Pondok Tapan","kecamatan":"Basa Ampek Balai Tapan","kecCode":"130111","kabCode":"1301","province":"Sumatera Barat"},"geometry":{"type":"Polygon","coordinates":[[[100.97210511985547,-2.1139340882339774],[100.97575786743168,-2.107859992497755],[100.97978527976693,-2.110993551560759],[100.97926411544665,-2.1050325905378062],[100.9804855000059,-2.1081123197805254],[100.98460294257181,-2.107236248807564],[100.99782698133019,-2.116941464320174],[101.00750766604601,-2.115283006550381],[101.01028661433583,-2.123872388235562],[101.01515085302951,-2.1268132720470554],[101.01904005125743,-2.126013931230947],[101.01862810600231,-2.1310573346557855],[101.02339693562014,-2.1264675034051383],[101.02986501266025,-2.1339131542929826],[101.03020495189708,-2.136110086533192],[101.02527023243533,-2.140195404411828],[101.05590860120104,-2.1598162722989414],[101.06254880938012,-2.1589089561802313],[101.06240316057745,-2.16110996234923],[101.06402381804479,-2.159445182345512],[101.06628074855774,-2.162324670340327],[101.0644073483205,-2.1573156192190144],[101.0670356997378,-2.1579100701914955],[101.06685916282015,-2.154842348696725],[101.06880443687533,-2.1558563648794697],[101.06761920596165,-2.1585970254295703],[101.07351569639235,-2.16252356170585],[101.07818168044024,-2.159187755007396],[101.0779376386112,-2.1633126043851774],[101.07327114464765,-2.1659051016282262],[101.07322383221413,-2.1748157858990806],[101.07022285480097,-2.1764774299668987],[101.06836509737137,-2.1830444315255138],[101.06761360138664,-2.174740802225647],[101.06402595843126,-2.175919392544021],[101.06140180684798,-2.170352611567954],[101.05788421928133,-2.169465273888492],[101.05610359040845,-2.171534563552207],[101.05591365269298,-2.168233598388395],[101.05230473357665,-2.1687839457084706],[101.05329544562835,-2.17341866931699],[101.05030764058523,-2.16904502699202],[101.04741232991518,-2.1697809853890133],[101.04820773709746,-2.1671245562410784],[101.04513749659827,-2.1650905685648993],[101.04917360267967,-2.163908120154876],[101.0482586009537,-2.1625027495950935],[101.03932855426945,-2.167590106485486],[101.04088164836945,-2.1642688031536683],[101.03826888220324,-2.1620236501647034],[101.01085286706619,-2.151765132159802],[100.99400417105572,-2.1407151253196837],[100.97210511985547,-2.1139340882339774]]]}},{"type":"Feature","properties":{"code":"1301112010","desa":"Batang Betung Tapan","kecamatan":"Basa Ampek Balai Tapan","kecCode":"130111","kabCode":"1301","province":"Sumatera Barat"},"geometry":{"type":"Polygon","coordinates":[[[101.0822939950719,-2.1543563532649626],[101.07351569639235,-2.16252356170585],[101.06761920596165,-2.1585970254295703],[101.06880443687533,-2.1558563648794697],[101.06685916282015,-2.154842348696725],[101.06668540840491,-2.1582394756688124],[101.06444862270581,-2.1570643837132333],[101.06701098996528,-2.161617978580688],[101.06549615482373,-2.162403490521616],[101.06402381804479,-2.159445182345512],[101.06220670457581,-2.1609009140405258],[101.06254880938012,-2.1589089561802313],[101.05590860120104,-2.1598162722989414],[101.0412948499774,-2.1487001796776344],[101.06817583684546,-2.1357677452075943],[101.06967801582782,-2.13886118191691],[101.08394439671662,-2.1447175014240116],[101.07988090807748,-2.1495553180306106],[101.0822939950719,-2.1543563532649626]]]}},{"type":"Feature","properties":{"code":"1301112016","desa":"Bukit Buai Tapan","kecamatan":"Basa Ampek Balai Tapan","kecCode":"130111","kabCode":"1301","province":"Sumatera Barat"},"geometry":{"type":"Polygon","coordinates":[[[100.98154413065714,-2.0943286787934565],[100.99130167683096,-2.0883286143486828],[100.99710255583837,-2.0893187913026883],[101.01132187340579,-2.1002857997112896],[101.02320415874497,-2.1032047742390985],[101.05269306533273,-2.102433822322046],[101.06867601998236,-2.09676765726689],[101.08085280091608,-2.0770687570045485],[101.08746942437448,-2.0748209285325108],[101.09985376883638,-2.075780425114973],[101.11199289425673,-2.063994982383942],[101.13388916835048,-2.0519095114295633],[101.18781910486786,-2.0145785625066623],[101.2011111107892,-1.9986111085893772],[101.2169444443307,-2.0238888866085647],[101.22551666696069,-2.042799997846476],[101.18465619642637,-2.0654600868133426],[101.13731916374847,-2.072980923722218],[101.11889621528815,-2.0815067152448212],[101.11533159857446,-2.0856205461289146],[101.10542487735626,-2.085776559617968],[101.09806982326381,-2.089081002460061],[101.07579147579604,-2.104110894259597],[101.0331534853451,-2.1186078100435863],[101.01492656390984,-2.1186078100435863],[101.01052094168818,-2.1211927502835537],[101.00738883142945,-2.1190246646972963],[101.00750766604601,-2.115283006550381],[100.99782698133019,-2.116941464320174],[100.98460294257181,-2.107236248807564],[100.9804855000059,-2.1081123197805254],[100.97926411544665,-2.1050325905378062],[100.97922417475593,-2.111061255222306],[100.97575786743168,-2.107859992497755],[100.9754171790596,-2.1026371536405293],[100.98154413065714,-2.0943286787934565]]]}},{"type":"Feature","properties":{"code":"1301112017","desa":"Riak Danau Tapan","kecamatan":"Basa Ampek Balai Tapan","kecCode":"130111","kabCode":"1301","province":"Sumatera Barat"},"geometry":{"type":"Polygon","coordinates":[[[101.03012173403083,-2.1346316982178943],[101.05649778484496,-2.1280947636931558],[101.09615111608122,-2.098034980094144],[101.11432858379715,-2.087023513700193],[101.11143863758308,-2.0922254172395003],[101.09260186878129,-2.106347273462622],[101.08623477301641,-2.11566370935712],[101.08546671421753,-2.1245156984753972],[101.09047915758713,-2.128099486033195],[101.08401223887381,-2.1356722704813307],[101.08467387909631,-2.139647119237184],[101.08056850093561,-2.142236253915166],[101.07106767073645,-2.139605653296319],[101.06730792721915,-2.135768921520821],[101.0412948499774,-2.1487001796776344],[101.02527023243533,-2.140195404411828],[101.03012173403083,-2.1346316982178943]]]}},{"type":"Feature","properties":{"code":"1301112018","desa":"Koto Anau Tapan","kecamatan":"Basa Ampek Balai Tapan","kecCode":"130111","kabCode":"1301","province":"Sumatera Barat"},"geometry":{"type":"Polygon","coordinates":[[[100.96590980359463,-2.126612873417788],[100.97210511985547,-2.1139340882339774],[100.99400417105572,-2.1407151253196837],[101.01085286706619,-2.151765132159802],[101.03826888220324,-2.1620236501647034],[101.04088164836945,-2.1642688031536683],[101.03932855426945,-2.167590106485486],[101.0482586009537,-2.1625027495950935],[101.04917360267967,-2.163908120154876],[101.04513749659827,-2.1650905685648993],[101.04820773709746,-2.1671245562410784],[101.04741232991518,-2.1697809853890133],[101.05030764058523,-2.16904502699202],[101.05329544562835,-2.17341866931699],[101.05230473357665,-2.1687839457084706],[101.05591365269298,-2.168233598388395],[101.05610359040845,-2.171534563552207],[101.05788421928133,-2.169465273888492],[101.06106478770982,-2.1701606944449114],[101.06402595843126,-2.175919392544021],[101.06761360138664,-2.174740802225647],[101.06762630520988,-2.1808268634416836],[101.06027080775164,-2.181196215005554],[101.05808807940137,-2.1764825731897095],[101.031051885736,-2.1688902266884122],[101.00617780166425,-2.170097705029541],[100.98854859574118,-2.1609208610035213],[100.96125955138723,-2.1423256699088338],[100.95805872483032,-2.1321154661821757],[100.96590980359463,-2.126612873417788]]]}},{"type":"Feature","properties":{"code":"1301112019","desa":"Dusun Baru Tapan","kecamatan":"Basa Ampek Balai Tapan","kecCode":"130111","kabCode":"1301","province":"Sumatera Barat"},"geometry":{"type":"Polygon","coordinates":[[[101.06492579758753,-2.1866800605026286],[101.06752695530479,-2.1852264664960934],[101.07343742389803,-2.171718701539591],[101.08324867938313,-2.1762580151729845],[101.07762663865849,-2.1927235756920322],[101.06528482403546,-2.1924178142906494],[101.06492579758753,-2.1866800605026286]]]}},{"type":"Feature","properties":{"code":"1301122001","desa":"Puluik-Puluik","kecamatan":"Iv Nagari Bayang Utara","kecCode":"130112","kabCode":"1301","province":"Sumatera Barat"},"geometry":{"type":"Polygon","coordinates":[[[100.62854865329778,-1.2067002556641604],[100.61373667530738,-1.2190687144876993],[100.61025218099341,-1.2177836093656293],[100.60478015078338,-1.2218630510739497],[100.60028753444219,-1.2218355057390649],[100.58624752820094,-1.211422884405249],[100.579433854289,-1.2008251205413327],[100.58106770391144,-1.1991171056302652],[100.5797937332942,-1.1936223855311265],[100.58232931424651,-1.192777190982034],[100.56279038087143,-1.1602680588274479],[100.56990472692166,-1.1544455601245938],[100.57586715204745,-1.145361601676823],[100.59788150172999,-1.1774484805474477],[100.60555833055258,-1.1849425275517371],[100.619266956405,-1.1922537954443457],[100.62854865329778,-1.2067002556641604]]]}},{"type":"Feature","properties":{"code":"1301122002","desa":"Koto Ranah","kecamatan":"Iv Nagari Bayang Utara","kecCode":"130112","kabCode":"1301","province":"Sumatera Barat"},"geometry":{"type":"Polygon","coordinates":[[[100.57639618903295,-1.1111828907361403],[100.57708565607824,-1.0979403727230734],[100.58815212232263,-1.0848743583525693],[100.5895460687961,-1.0774194525416518],[100.585676113362,-1.0706448514822415],[100.59446277123992,-1.0684341398296435],[100.59446797561662,-1.074632010158179],[100.61957197586604,-1.0607799595419802],[100.62282501706095,-1.0643180147750888],[100.62001599004594,-1.0750979641982257],[100.62287902494711,-1.079511991478828],[100.62135996928718,-1.0912210296073732],[100.62404902494262,-1.1012610141538446],[100.61341794388305,-1.1271835224421216],[100.6114073448731,-1.1418060555292218],[100.61323516207311,-1.1547835541274916],[100.62365371624605,-1.1748895361105565],[100.61653456062153,-1.1907965187139964],[100.60555833055258,-1.1849425275517371],[100.59788150172999,-1.1774484805474477],[100.57586715204745,-1.145361601676823],[100.57713172744735,-1.1292608061794547],[100.57234685842081,-1.1206186028140348],[100.57293322358949,-1.1148003597031308],[100.57639618903295,-1.1111828907361403]]]}},{"type":"Feature","properties":{"code":"1301122003","desa":"Muaro Aie","kecamatan":"Iv Nagari Bayang Utara","kecCode":"130112","kabCode":"1301","province":"Sumatera Barat"},"geometry":{"type":"Polygon","coordinates":[[[100.63999171694422,-1.1967893076433807],[100.62854865329778,-1.2067002556641604],[100.61653456062153,-1.1907965187139964],[100.62365371624605,-1.1748895361105565],[100.61323516207311,-1.1547835541274916],[100.6114073448731,-1.1418060555292218],[100.61341794388305,-1.1271835224421216],[100.62404902494262,-1.1012610141538446],[100.64397198501915,-1.1208890280536845],[100.65305796875032,-1.1190560190695404],[100.64476037659016,-1.1392863817880943],[100.64132619125081,-1.155378816288389],[100.63999171694422,-1.1967893076433807]]]}},{"type":"Feature","properties":{"code":"1301122004","desa":"Pancuang Taba","kecamatan":"Iv Nagari Bayang Utara","kecCode":"130112","kabCode":"1301","province":"Sumatera Barat"},"geometry":{"type":"Polygon","coordinates":[[[100.72821988523957,-1.173187866815848],[100.70995361756546,-1.1830524341008146],[100.70199185384104,-1.183986966402573],[100.69687843099483,-1.192571105939424],[100.6905365666093,-1.1973652100987038],[100.67171522028127,-1.1988794112164651],[100.66418358700298,-1.1966887706333174],[100.65494270494196,-1.1989827082459263],[100.63999171694422,-1.1967893076433807],[100.64132619125081,-1.155378816288389],[100.64476037659016,-1.1392863817880943],[100.65305796875032,-1.1190560190695404],[100.67377302290673,-1.1101909735939948],[100.67383156787264,-1.125826757540806],[100.68112541320731,-1.1330785577631155],[100.67927360479307,-1.1416454303167483],[100.68493843076402,-1.154201506604604],[100.69428068170815,-1.1559142105807858],[100.69874923578868,-1.1634109042898713],[100.72138278308903,-1.1648644371425663],[100.72821988523957,-1.173187866815848]]]}},{"type":"Feature","properties":{"code":"1301122005","desa":"Puluik-Puluik Selatan","kecamatan":"Iv Nagari Bayang Utara","kecCode":"130112","kabCode":"1301","province":"Sumatera Barat"},"geometry":{"type":"Polygon","coordinates":[[[100.60028753444219,-1.2218355057390649],[100.59160050435986,-1.2304907987368494],[100.58046479301584,-1.2160882614056245],[100.57062979003285,-1.2104401844146944],[100.56878515281261,-1.202885711062827],[100.56317369890712,-1.1956743290711982],[100.56217187483225,-1.1880223638137688],[100.55582732956766,-1.1815986512366339],[100.55004410065476,-1.1797220431197166],[100.54973103585864,-1.173140722555616],[100.55876589403086,-1.168085957995491],[100.56279038087143,-1.1602680588274479],[100.58232931424651,-1.192777190982034],[100.57938763273312,-1.195084646304262],[100.58027017342982,-1.2028515817912715],[100.58624752820094,-1.211422884405249],[100.60028753444219,-1.2218355057390649]]]}},{"type":"Feature","properties":{"code":"1301122006","desa":"Limau Gadang Pancung Taba","kecamatan":"Iv Nagari Bayang Utara","kecCode":"130112","kabCode":"1301","province":"Sumatera Barat"},"geometry":{"type":"Polygon","coordinates":[[[100.75480600059649,-1.1632090127860482],[100.7397814345656,-1.1706352068413775],[100.72821988523957,-1.173187866815848],[100.72138278308903,-1.1648644371425663],[100.69874923578868,-1.1634109042898713],[100.69428068170815,-1.1559142105807858],[100.68493843076402,-1.154201506604604],[100.67927360479307,-1.1416454303167483],[100.68112541320731,-1.1330785577631155],[100.67383156787264,-1.125826757540806],[100.67401996594872,-1.1054699654311955],[100.69671198626924,-1.1024719647773478],[100.70206096404229,-1.0997779826388088],[100.70397400459672,-1.0937030424392191],[100.70828548758527,-1.0925854998999092],[100.71698402629181,-1.093822970631202],[100.72041496597795,-1.0913470111360826],[100.72270498884421,-1.094801015730881],[100.72596799992333,-1.0944579981150702],[100.72805900102212,-1.1000270408859862],[100.7371211509204,-1.1041878460583396],[100.73977403224585,-1.1119069825786592],[100.75213200498807,-1.1252069807601885],[100.74836601118255,-1.131288016564629],[100.74781897156834,-1.138919033913684],[100.75480600059649,-1.1632090127860482]]]}},{"type":"Feature","properties":{"code":"1301132001","desa":"Inderapura Utara","kecamatan":"Airpura","kecCode":"130113","kabCode":"1301","province":"Sumatera Barat"},"geometry":{"type":"Polygon","coordinates":[[[100.98651478432987,-2.001620172703064],[100.98012667140881,-2.00436953239524],[100.98078135807326,-1.984759483352332],[100.96781332392582,-1.9701340193745176],[100.95935583590318,-1.9228697104260837],[100.97014919962588,-1.9231730337653778],[100.97327549936489,-1.921095994643617],[100.98293693499163,-1.913291646460127],[100.99902708343319,-1.8890126492091062],[101.03360306722782,-1.878768461900976],[101.0560542464064,-1.8643004269451033],[101.05974158190854,-1.8557884355192957],[101.07445373874911,-1.8511241359067507],[101.08774438399621,-1.8541624882414354],[101.10814829700638,-1.8531372844924527],[101.10970491644878,-1.8467727545003776],[101.1147468063201,-1.8416909095548148],[101.11418282707587,-1.8318386935587354],[101.11800196002251,-1.8146764983985557],[101.11479114469562,-1.8047431158899598],[101.10423609501981,-1.7957524144401562],[101.10844365684932,-1.7793461201433272],[101.10723929375848,-1.7763352151173484],[101.0967101085847,-1.7694264208196495],[101.09308803958139,-1.763990502892404],[101.09098040642067,-1.7528501537568855],[101.0944547545833,-1.7464977286396672],[101.13056000044372,-1.7091663867131355],[101.13305250027274,-1.7452780536929204],[101.13166555592073,-1.7902811090898074],[101.13416750042984,-1.7997222197980443],[101.13805555561947,-1.8799999980061344],[101.12492612733894,-1.8825364674858263],[101.10333580080663,-1.8974263510306693],[101.09365737878505,-1.899287583438479],[101.07578952156922,-1.9093382546289717],[101.05047672572039,-1.9361400399734294],[101.04526526777795,-1.9499131786776283],[101.0277696579434,-1.9793206920911943],[100.9987343909794,-1.9830431632022019],[100.993522933037,-1.9867656316152624],[100.98651478432987,-2.001620172703064]]]}},{"type":"Feature","properties":{"code":"1301132002","desa":"Muara Inderapura","kecamatan":"Airpura","kecCode":"130113","kabCode":"1301","province":"Sumatera Barat"},"geometry":{"type":"Polygon","coordinates":[[[100.91406191002919,-1.9805346932150671],[100.9199641192488,-1.9767956853702509],[100.92081269974635,-1.970320883207021],[100.93222290306458,-1.9531440263994715],[100.92979558879546,-1.9661889210912167],[100.93845138002722,-1.9648342309259135],[100.94470088763592,-1.9680130123979744],[100.94770791928511,-1.965239133589567],[100.95181782643157,-1.9662247383903033],[100.95181487485665,-1.963684066378744],[100.95605528442388,-1.9624015674919513],[100.9566767510313,-1.9817373466933648],[100.95085440340807,-1.9804045406307187],[100.95081909242725,-1.982739516106877],[100.93466532774272,-1.984347989557398],[100.93170054894124,-1.9866912217092287],[100.93885555244185,-1.992955576218672],[100.93366623221088,-1.9960721866584574],[100.91947703473744,-1.9894903049173047],[100.91406191002919,-1.9805346932150671]]]}},{"type":"Feature","properties":{"code":"1301132003","desa":"Damar Lapan Batang Inderapura","kecamatan":"Airpura","kecCode":"130113","kabCode":"1301","province":"Sumatera Barat"},"geometry":{"type":"Polygon","coordinates":[[[100.98012667140881,-2.00436953239524],[100.97726652782806,-2.006491988179601],[100.97176990835464,-1.9940409796860954],[100.95284478565837,-1.9985861757849979],[100.95375600393652,-2.0010367618080203],[100.9452944150053,-2.0059344687662075],[100.94029161056942,-2.01728988807082],[100.92912419902261,-2.0213846047641377],[100.9245623924405,-2.0220153173008177],[100.92147798042453,-2.014995544863979],[100.91818825858132,-2.014030524645553],[100.88218527283215,-2.0156858671638043],[100.88140969120433,-2.0084412417326885],[100.89507545536803,-2.006595983082934],[100.89539072080514,-1.9985433563644461],[100.88682830258415,-2.000441234347024],[100.88167708932626,-1.977680849388388],[100.91406191002919,-1.9805346932150671],[100.91947703473744,-1.9894903049173047],[100.93366623221088,-1.9960721866584574],[100.93885555244185,-1.992955576218672],[100.93170054894124,-1.9866912217092287],[100.93466532774272,-1.984347989557398],[100.95081909242725,-1.982739516106877],[100.95085440340807,-1.9804045406307187],[100.9566767510313,-1.9817373466933648],[100.95605528442388,-1.9624015674919513],[100.95181487485665,-1.963684066378744],[100.95181782643157,-1.9662247383903033],[100.94770791928511,-1.965239133589567],[100.94470088763592,-1.9680130123979744],[100.93845138002722,-1.9648342309259135],[100.92979558879546,-1.9661889210912167],[100.9324266192931,-1.956538005744419],[100.9301294072464,-1.9432652624166369],[100.93233598561733,-1.9366861326009295],[100.95481109125893,-1.9230146442675284],[100.95935583590318,-1.9228697104260837],[100.96781332392582,-1.9701340193745176],[100.98078135807326,-1.984759483352332],[100.98012667140881,-2.00436953239524]]]}},{"type":"Feature","properties":{"code":"1301132004","desa":"Lalang Panjang Inderapura","kecamatan":"Airpura","kecCode":"130113","kabCode":"1301","province":"Sumatera Barat"},"geometry":{"type":"Polygon","coordinates":[[[100.97726652782806,-2.006491988179601],[100.97627984204114,-2.0086660191839076],[100.97047216865569,-2.0077257150332586],[100.974641399581,-2.010519664911037],[100.9736975655902,-2.013045594336379],[100.95108677293626,-2.01617314682744],[100.9434480133152,-2.0129522743856856],[100.9452944150053,-2.0059344687662075],[100.95375600393652,-2.0010367618080203],[100.95284478565837,-1.9985861757849979],[100.97176990835464,-1.9940409796860954],[100.97726652782806,-2.006491988179601]]]}},{"type":"Feature","properties":{"code":"1301132005","desa":"Palokan Inderapura","kecamatan":"Airpura","kecCode":"130113","kabCode":"1301","province":"Sumatera Barat"},"geometry":{"type":"Polygon","coordinates":[[[100.93082910677794,-2.04614968827862],[100.92228144373371,-2.0419381676380643],[100.91313484659594,-2.0413967784649336],[100.90226521406844,-2.0339791711364015],[100.9245623924405,-2.0220153173008177],[100.94029161056942,-2.01728988807082],[100.9434480133152,-2.0129522743856856],[100.94558237522646,-2.0143383481924304],[100.94557461407724,-2.0297736696583235],[100.94139339339044,-2.0325284873360028],[100.94168893039989,-2.037611716338203],[100.93444373838786,-2.040136883138406],[100.93082910677794,-2.04614968827862]]]}},{"type":"Feature","properties":{"code":"1301132006","desa":"Lubuk Betung Inderapura","kecamatan":"Airpura","kecCode":"130113","kabCode":"1301","province":"Sumatera Barat"},"geometry":{"type":"Polygon","coordinates":[[[100.99345183803194,-2.021352002541376],[100.98651478432987,-2.001620172703064],[100.993522933037,-1.9867656316152624],[101.00431809540385,-1.9815541745779484],[101.01250753059809,-1.9822986684403827],[101.0277696579434,-1.9793206920911943],[101.04526526777795,-1.9499131786776283],[101.05047672572039,-1.9361400399734294],[101.07578952156922,-1.9093382546289717],[101.09365737878505,-1.899287583438479],[101.10333580080663,-1.8974263510306693],[101.12492612733894,-1.8825364674858263],[101.13805555561947,-1.8799999980061344],[101.13833333281711,-1.898888886996292],[101.15444444355626,-1.9233333307253169],[101.12362016244059,-1.9501951916817866],[101.0972952209977,-1.9796321417044824],[101.04785035640892,-2.0568301277175536],[101.03192970409265,-2.0644950809840914],[101.02624521894177,-2.0707461246279584],[101.01917216166602,-2.073338835010379],[101.01185171078787,-2.072128159579364],[101.00997062044786,-2.0504449978547554],[101.01301722226708,-2.0385695581680574],[101.0216793797996,-2.025162058626341],[101.02200756669588,-2.018826394173993],[100.99345183803194,-2.021352002541376]]]}},{"type":"Feature","properties":{"code":"1301132007","desa":"Tluk Kualo Inderapura","kecamatan":"Airpura","kecCode":"130113","kabCode":"1301","province":"Sumatera Barat"},"geometry":{"type":"Polygon","coordinates":[[[100.92558487394285,-2.0439114465796036],[100.91468827704239,-2.0507224198198917],[100.90868473041603,-2.049663569735184],[100.90328696172395,-2.041680904875885],[100.89297947562238,-2.0417849573358318],[100.89227443681585,-2.030275715290682],[100.88591894230541,-2.014946443678965],[100.91256513777097,-2.013482136048875],[100.92147798042453,-2.014995544863979],[100.9245623924405,-2.0220153173008177],[100.90226521406844,-2.0339791711364015],[100.91313484659594,-2.0413967784649336],[100.92558487394285,-2.0439114465796036]]]}},{"type":"Feature","properties":{"code":"1301132008","desa":"Tanah Bakali Inderapura","kecamatan":"Airpura","kecCode":"130113","kabCode":"1301","province":"Sumatera Barat"},"geometry":{"type":"Polygon","coordinates":[[[100.92991103026988,-2.059033338124985],[100.93290502444738,-2.049469516722269],[100.93082910677794,-2.04614968827862],[100.93444373838786,-2.040136883138406],[100.94168893039989,-2.037611716338203],[100.94139339339044,-2.0325284873360028],[100.94557461407724,-2.0297736696583235],[100.94558237522646,-2.0143383481924304],[100.95108677293626,-2.01617314682744],[100.9736975655902,-2.013045594336379],[100.96543226988342,-2.0165164513270293],[100.96939900585949,-2.017261432622039],[100.97045824355314,-2.0202381013570267],[100.96274269801717,-2.0226297377192735],[100.96055413396618,-2.031663128187962],[100.95829373476813,-2.031674319351457],[100.95745921337202,-2.0344415791496457],[100.94786067273189,-2.0358841501658818],[100.9462343342472,-2.039959379449782],[100.94239159409688,-2.040487810291576],[100.94462703261155,-2.0448529243455105],[100.95107301690625,-2.045896424801552],[100.94893844635224,-2.0588867855038266],[100.95150801358402,-2.0600750102592826],[100.94595055497422,-2.063334019351683],[100.94313519223539,-2.070413710019069],[100.93950079262754,-2.0696430602742466],[100.94043406857746,-2.063720812367339],[100.93493352626126,-2.0623863317669944],[100.93796616700507,-2.0581301867666375],[100.92991103026988,-2.059033338124985]]]}},{"type":"Feature","properties":{"code":"1301132009","desa":"Inderapura Timur","kecamatan":"Airpura","kecCode":"130113","kabCode":"1301","province":"Sumatera Barat"},"geometry":{"type":"Polygon","coordinates":[[[100.95979833202745,-2.054427071763944],[100.95507135955563,-2.058237986701517],[100.95552325899126,-2.054775485311998],[100.95115213656192,-2.0540764332931167],[100.95107301690625,-2.045896424801552],[100.94462703261155,-2.0448529243455105],[100.94239159409688,-2.040487810291576],[100.9462343342472,-2.039959379449782],[100.94786067273189,-2.0358841501658818],[100.95745921337202,-2.0344415791496457],[100.95829373476813,-2.031674319351457],[100.96055413396618,-2.031663128187962],[100.95717497994144,-2.052508163135332],[100.95979833202745,-2.054427071763944]]]}},{"type":"Feature","properties":{"code":"1301132010","desa":"Pulau Rajo Inderapura","kecamatan":"Airpura","kecCode":"130113","kabCode":"1301","province":"Sumatera Barat"},"geometry":{"type":"Polygon","coordinates":[[[100.90563284867709,-2.0447571438497447],[100.89881475999324,-2.046315562833871],[100.90239966001631,-2.049469279301281],[100.908440342348,-2.063551526683519],[100.9131672635584,-2.059505868007791],[100.91505550800537,-2.060266036154197],[100.91383062328468,-2.0653462892997365],[100.92164742438915,-2.0922881818243777],[100.91718549201693,-2.0860405052422566],[100.91011001556484,-2.084839296974412],[100.90661220678798,-2.095870351501804],[100.91165678023629,-2.096553175254393],[100.90895927994687,-2.0997766683205055],[100.90899970986878,-2.105349058368177],[100.88717343990236,-2.107511728237118],[100.85119488333726,-2.129347196445329],[100.83822443271146,-2.1320778187627156],[100.835921703324,-2.1298253551848974],[100.85654409493405,-2.109424267867042],[100.86644035433892,-2.0964543478555027],[100.87188335083601,-2.0847202923861734],[100.88032825014871,-2.0433777960726216],[100.87801979477773,-2.021217788618664],[100.87060726141605,-1.9928258472150548],[100.87573471008886,-1.9902719353843135],[100.874719043649,-1.985787239377347],[100.88154936940795,-1.9803964233499234],[100.88682830258415,-2.000441234347024],[100.89539072080514,-1.9985433563644461],[100.89507545536803,-2.006595983082934],[100.88234080158679,-2.0075406021807694],[100.8812690318404,-2.01504097141912],[100.88824635268708,-2.017032329431702],[100.88735950243915,-2.021250038307208],[100.89227443681585,-2.030275715290682],[100.89297947562238,-2.0417849573358318],[100.90328696172395,-2.041680904875885],[100.90563284867709,-2.0447571438497447]]]}},{"type":"Feature","properties":{"code":"1301142001","desa":"Sungai Gambir Sako Tapan","kecamatan":"Ranah Ampek Hulu Tapan","kecCode":"130114","kabCode":"1301","province":"Sumatera Barat"},"geometry":{"type":"Polygon","coordinates":[[[101.26642650038274,-2.144637707276903],[101.23140443396748,-2.138947040192534],[101.16638625682036,-2.1568194191799592],[101.15492856030488,-2.162007814002826],[101.13500493383071,-2.1412713137364046],[101.13493877880165,-2.114967463223071],[101.13312788864118,-2.112156890276611],[101.12663364672545,-2.113129346089711],[101.13152703424525,-2.0896170595528187],[101.13166029039012,-2.0755408906882553],[101.14152198435214,-2.0718749185853382],[101.18465619642637,-2.0654600868133426],[101.22551666696069,-2.042799997846476],[101.24368333291955,-2.0728166643493],[101.24105555616904,-2.0976388862898934],[101.2572166674153,-2.095383330842879],[101.2610666668932,-2.1018999973466284],[101.26642650038274,-2.144637707276903]]]}},{"type":"Feature","properties":{"code":"1301142002","desa":"Limau Purut Tapan","kecamatan":"Ranah Ampek Hulu Tapan","kecCode":"130114","kabCode":"1301","province":"Sumatera Barat"},"geometry":{"type":"Polygon","coordinates":[[[101.12663364672545,-2.113129346089711],[101.13312788864118,-2.112156890276611],[101.13493877880165,-2.114967463223071],[101.13500493383071,-2.1412713137364046],[101.13231228988036,-2.145630336682155],[101.1267910838415,-2.1421456265347034],[101.12370637235125,-2.133724063739154],[101.11705037567435,-2.126937052035355],[101.12451827579787,-2.124411465251793],[101.12663364672545,-2.113129346089711]]]}},{"type":"Feature","properties":{"code":"1301142003","desa":"Talang Balarik Tapan","kecamatan":"Ranah Ampek Hulu Tapan","kecCode":"130114","kabCode":"1301","province":"Sumatera Barat"},"geometry":{"type":"Polygon","coordinates":[[[101.11889621528815,-2.0815067152448212],[101.13166029039012,-2.0755408906882553],[101.13117707026566,-2.09197734554866],[101.12648853301941,-2.1081953847619066],[101.1276258237728,-2.1156042965455675],[101.12434731467687,-2.1245839327369223],[101.11787285155094,-2.1264108712972947],[101.10852858792406,-2.13348025753269],[101.10563980183542,-2.126688458737655],[101.1169114699884,-2.1099896320665588],[101.11889621528815,-2.0815067152448212]]]}},{"type":"Feature","properties":{"code":"1301142004","desa":"Tebing Tinggi Tapan","kecamatan":"Ranah Ampek Hulu Tapan","kecCode":"130114","kabCode":"1301","province":"Sumatera Barat"},"geometry":{"type":"Polygon","coordinates":[[[101.11143863758308,-2.0922254172395003],[101.11889621528815,-2.0815067152448212],[101.1169114699884,-2.1099896320665588],[101.10624243394123,-2.123960616224758],[101.10585730557028,-2.1292716461989656],[101.10950093941688,-2.1386508862485556],[101.10323263058149,-2.145271363294607],[101.0996592913433,-2.140396363318698],[101.09677837702054,-2.143268215170016],[101.09197088644731,-2.14095923819487],[101.08620632835942,-2.133444578729163],[101.09056400502486,-2.1275396094967594],[101.08546671421753,-2.1245156984753972],[101.08575175344072,-2.1171953375375896],[101.09260186878129,-2.106347273462622],[101.11143863758308,-2.0922254172395003]]]}},{"type":"Feature","properties":{"code":"1301142005","desa":"Binjai Tapan","kecamatan":"Ranah Ampek Hulu Tapan","kecCode":"130114","kabCode":"1301","province":"Sumatera Barat"},"geometry":{"type":"Polygon","coordinates":[[[101.15492856030488,-2.162007814002826],[101.13951061822053,-2.171031886595758],[101.11395480037378,-2.1544105724916642],[101.09952531484144,-2.1500945677166583],[101.09526888744927,-2.14595192165498],[101.0996592913433,-2.140396363318698],[101.10323263058149,-2.145271363294607],[101.10944414722968,-2.1388519027120925],[101.10852858792406,-2.13348025753269],[101.11302408569303,-2.1319488236058612],[101.11705037567435,-2.126937052035355],[101.12370637235125,-2.133724063739154],[101.12817235886733,-2.1437224699296125],[101.13231228988036,-2.145630336682155],[101.13500493383071,-2.1412713137364046],[101.15492856030488,-2.162007814002826]]]}},{"type":"Feature","properties":{"code":"1301142006","desa":"Sungai Pinang Tapan","kecamatan":"Ranah Ampek Hulu Tapan","kecCode":"130114","kabCode":"1301","province":"Sumatera Barat"},"geometry":{"type":"Polygon","coordinates":[[[101.09163541144515,-2.1487614073211065],[101.08056850093561,-2.142236253915166],[101.08467387909631,-2.139647119237184],[101.08389862572106,-2.1360599529264497],[101.08620632835942,-2.133444578729163],[101.09197088644731,-2.14095923819487],[101.09677837702054,-2.143268215170016],[101.09163541144515,-2.1487614073211065]]]}},{"type":"Feature","properties":{"code":"1301142007","desa":"Talang Koto Pulai Tapan","kecamatan":"Ranah Ampek Hulu Tapan","kecCode":"130114","kabCode":"1301","province":"Sumatera Barat"},"geometry":{"type":"Polygon","coordinates":[[[101.08296057257239,-2.158438650320803],[101.08424613185355,-2.1558052761927726],[101.07988090807748,-2.1495553180306106],[101.08394439671662,-2.1447175014240116],[101.09163541144515,-2.1487614073211065],[101.09047141172634,-2.151317486517966],[101.09294515979134,-2.1556474334827023],[101.08662404456408,-2.1593938895126845],[101.08296057257239,-2.158438650320803]]]}},{"type":"Feature","properties":{"code":"1301142008","desa":"Kampung Tengah Tapan","kecamatan":"Ranah Ampek Hulu Tapan","kecCode":"130114","kabCode":"1301","province":"Sumatera Barat"},"geometry":{"type":"Polygon","coordinates":[[[101.13951061822053,-2.171031886595758],[101.12567915936573,-2.182572967339305],[101.11540915430909,-2.172794464274638],[101.10395408831056,-2.165946327450127],[101.09393788632445,-2.174997209732586],[101.08853328638213,-2.1679067658714875],[101.08537545821088,-2.1686293018868694],[101.08267572130755,-2.165561521036848],[101.0838189233047,-2.1599336023495113],[101.08995750943158,-2.1557149545818355],[101.0906260447562,-2.1577234275922295],[101.09249845124258,-2.156754414383913],[101.09047141172634,-2.151317486517966],[101.0949827069864,-2.1455688041684815],[101.09952531484144,-2.1500945677166583],[101.11395480037378,-2.1544105724916642],[101.13951061822053,-2.171031886595758]]]}},{"type":"Feature","properties":{"code":"1301142009","desa":"Kubu Tapan","kecamatan":"Ranah Ampek Hulu Tapan","kecCode":"130114","kabCode":"1301","province":"Sumatera Barat"},"geometry":{"type":"Polygon","coordinates":[[[100.95825146303463,-2.2167274379540585],[100.94861456361126,-2.214414581303588],[100.95034920565138,-2.211138036330586],[100.94495254222608,-2.1993810202700823],[100.92760612542241,-2.191671501998916],[100.9260642215866,-2.182612816299162],[100.92163124828352,-2.1760597254538867],[100.92487694291663,-2.1535802905006687],[100.94481017594893,-2.1562444187446776],[100.97405332390186,-2.167210598877705],[101.0077351630474,-2.1930594526907976],[101.02783982664675,-2.2016757375949236],[101.05212208396705,-2.1943649481416103],[101.06492579758753,-2.1866800605026286],[101.06528482403546,-2.1924178142906494],[101.07762663865849,-2.1927235756920322],[101.08324867938313,-2.1762580151729845],[101.09386865021808,-2.1750356737363856],[101.10245994926731,-2.165946327450127],[101.11142478442632,-2.169930698227788],[101.12567915936573,-2.182572967339305],[101.1095081124095,-2.196282764993264],[101.09413339444063,-2.202999812139878],[101.09393395089118,-2.207905728109703],[101.0724792879888,-2.2080220931878274],[101.07246343743776,-2.21800940714018],[101.05987236941438,-2.2190593701244494],[101.04181774459327,-2.2149221056057984],[101.03643791108078,-2.219558497456736],[101.0369057033356,-2.222536162640519],[101.01910615592442,-2.218165000645846],[101.00992465699738,-2.2208987696910714],[101.00665927800331,-2.224192596935725],[100.99542029391148,-2.2222641995602115],[100.98850715857856,-2.2142175416421472],[100.97295109141982,-2.2098581265920165],[100.96025414261464,-2.213873421457541],[100.95825146303463,-2.2167274379540585]]]}},{"type":"Feature","properties":{"code":"1301142010","desa":"Simpang Gunung Tapan","kecamatan":"Ranah Ampek Hulu Tapan","kecCode":"130114","kabCode":"1301","province":"Sumatera Barat"},"geometry":{"type":"Polygon","coordinates":[[[100.95518635766432,-2.2449756811848047],[100.94919277732485,-2.2394705172586744],[100.95246932320076,-2.2271352874852446],[100.95728777291241,-2.222316838678165],[100.96025414261464,-2.213873421457541],[100.97234232773627,-2.2098780771522786],[100.98850715857856,-2.2142175416421472],[100.99542029391148,-2.2222641995602115],[101.00665927800331,-2.224192596935725],[101.01613397660178,-2.218438205689908],[101.0369057033356,-2.222536162640519],[101.03643791108078,-2.219558497456736],[101.04181774459327,-2.2149221056057984],[101.04991401991616,-2.2168714158161977],[101.02448932232441,-2.2321872326707832],[100.98864892141063,-2.2466108213326303],[100.96762897729553,-2.242318299654774],[100.95818294458728,-2.2423238646596637],[100.95518635766432,-2.2449756811848047]]]}},{"type":"Feature","properties":{"code":"1301152001","desa":"Silaut","kecamatan":"Silaut","kecCode":"130115","kabCode":"1301","province":"Sumatera Barat"},"geometry":{"type":"MultiPolygon","coordinates":[[[[101.0381247739392,-2.4097979649251218],[101.05302107236469,-2.4102054000796844],[101.05304497724397,-2.414881421455834],[101.07005194943797,-2.414713706887655],[101.0731044418166,-2.4273103147209913],[101.08055758496465,-2.437522166905096],[101.02239169142346,-2.478443517000471],[101.01790603583493,-2.469959095191074],[101.03788668562208,-2.45889286637983],[101.0331448239745,-2.45385614671648],[101.04716703443114,-2.4421302157224],[101.04023102304335,-2.4284135886168148],[101.038148004327,-2.4158143421725606],[101.0381247739392,-2.4097979649251218]]],[[[100.87778137910743,-2.273555184294988],[100.87906764255774,-2.270890193601149],[100.89546514240249,-2.264880685375485],[100.95885024244478,-2.2446386170809327],[100.96168794434323,-2.24683573548084],[100.96437289909012,-2.259260230161877],[100.97003696963047,-2.2622309480828684],[100.97016179373183,-2.2666087155980623],[100.9738064528056,-2.262285602581561],[100.97398996486503,-2.266089124192592],[100.97612884497028,-2.2649976907709073],[100.97755474975195,-2.281729904772943],[100.98050325082441,-2.281390903529439],[100.98592615826566,-2.2904980150233882],[100.98877785181645,-2.30269949042775],[100.9866397730072,-2.324864666285602],[100.98867890840495,-2.327254065134636],[100.99250633759749,-2.3295260835710065],[101.0008582569031,-2.3291696912377717],[101.09373105664302,-2.3444428784288562],[101.15054469807937,-2.3357811606743093],[101.15381050065412,-2.3331069923990055],[101.15718574262797,-2.33647376635275],[101.17940217537017,-2.3375659381178466],[101.1856759296005,-2.3349010229670197],[101.20495492473003,-2.3001395441460963],[101.22182520357033,-2.291980662527932],[101.2434386849474,-2.276040670308611],[101.28059323638881,-2.2589640879090083],[101.28295099439292,-2.268046448261636],[101.23612248156734,-2.299418647594724],[101.22273873940132,-2.311315308583809],[101.2082396850135,-2.3317626930005058],[101.1933688589857,-2.343659353989598],[101.16292585444468,-2.353878411541876],[101.15993807458254,-2.3568366234905063],[101.14662544900534,-2.3559064879741975],[101.14045145926747,-2.3589062899701325],[101.14014496132097,-2.36213203943543],[101.12941206621393,-2.3649036978176827],[101.12160672876757,-2.3748229429837973],[101.12212832925904,-2.377674699484062],[101.11096481357532,-2.388789980916975],[101.10269942883563,-2.358204350228175],[101.05790110944871,-2.3586006274941567],[101.05755485607182,-2.3657178891386526],[101.01567809856544,-2.364901811939309],[101.01611983656123,-2.398811242477883],[100.99571409882668,-2.3992001722827645],[101.00195238829212,-2.4322156542254745],[100.99875523726445,-2.43507120586472],[100.99817523389997,-2.439998282882338],[100.99331344765754,-2.431440899075491],[100.89117192104736,-2.3272188216030005],[100.87778137910743,-2.273555184294988]]]]}},{"type":"Feature","properties":{"code":"1301152010","desa":"Sambungo","kecamatan":"Silaut","kecCode":"130115","kabCode":"1301","province":"Sumatera Barat"},"geometry":{"type":"Polygon","coordinates":[[[101.0380122543621,-2.4063022587670124],[101.04023102304335,-2.4284135886168148],[101.04716703443114,-2.4421302157224],[101.0331448239745,-2.45385614671648],[101.03788668562208,-2.45889286637983],[101.01790603583493,-2.469959095191074],[100.99817523389997,-2.439998282882338],[100.99875523726445,-2.43507120586472],[101.0022092355678,-2.432200917035104],[101.00695545982666,-2.4349961160712774],[101.00504623959232,-2.429801789320153],[101.00642469074694,-2.4291059748606787],[101.00672975157683,-2.43274892791652],[101.00946930236647,-2.429195561725505],[101.01287281992477,-2.430817194056149],[101.01109688641225,-2.42809867031831],[101.01646412402015,-2.421989750134489],[101.01802790656268,-2.4231934567189692],[101.02211150943866,-2.419293603327711],[101.02166571100382,-2.416983370898977],[101.02659402639323,-2.415616001192116],[101.02745226291164,-2.412973694098233],[101.02457299344893,-2.411447538292474],[101.02993663826531,-2.408154979091777],[101.02968451243036,-2.40079334646666],[101.0380122543621,-2.4063022587670124]]]}},{"type":"Feature","properties":{"code":"1301152002","desa":"Sungai Sirah","kecamatan":"Silaut","kecCode":"130115","kabCode":"1301","province":"Sumatera Barat"},"geometry":{"type":"Polygon","coordinates":[[[101.28295099439292,-2.268046448261636],[101.29286944366991,-2.2886666643890754],[101.27761323386368,-2.291385102691388],[101.26730316131192,-2.2984452600839926],[101.26187456296077,-2.3089183212553177],[101.26072686075604,-2.3197108449993946],[101.24466769485826,-2.3271713679759873],[101.23709710115038,-2.3405552297370584],[101.22932918809163,-2.342333778476161],[101.20677508420283,-2.358954748139914],[101.20130532388161,-2.367095109119873],[101.19086916278171,-2.3681724834400537],[101.18131617640046,-2.37781925561028],[101.17509658473965,-2.3778966935335792],[101.1690163160502,-2.382747747261393],[101.1595963277084,-2.3826940793190103],[101.15293374799415,-2.3877031214471303],[101.14818251631016,-2.388018577540219],[101.14173762559102,-2.3828694381246263],[101.13730603634457,-2.3849274206122515],[101.12970484140538,-2.3783084481319166],[101.12091036302292,-2.3875579169097696],[101.11637571776521,-2.3847901184176505],[101.12212832925904,-2.377674699484062],[101.12160672876757,-2.3748229429837973],[101.12665363325861,-2.370479500792468],[101.1265962484182,-2.366773774158581],[101.14014496132097,-2.36213203943543],[101.14045145926747,-2.3589062899701325],[101.14726141538205,-2.355797860663028],[101.15993807458254,-2.3568366234905063],[101.16292585444468,-2.353878411541876],[101.1933688589857,-2.343659353989598],[101.2082396850135,-2.3317626930005058],[101.22273873940132,-2.311315308583809],[101.23612248156734,-2.299418647594724],[101.28295099439292,-2.268046448261636]]]}},{"type":"Feature","properties":{"code":"1301152003","desa":"Sungai Sarik","kecamatan":"Silaut","kecCode":"130115","kabCode":"1301","province":"Sumatera Barat"},"geometry":{"type":"Polygon","coordinates":[[[101.1132693757811,-2.387303317040154],[101.11647540401674,-2.383058975641568],[101.11743632332768,-2.3863074554714765],[101.12091036302292,-2.3875579169097696],[101.12970484140538,-2.3783084481319166],[101.13587807301474,-2.3842263837896236],[101.14173762559102,-2.3828694381246263],[101.14818251631016,-2.388018577540219],[101.14240277316951,-2.394960026221521],[101.10882164010665,-2.4177641002452943],[101.10915495403792,-2.4025073058964983],[101.11276944355501,-2.402484348003259],[101.1132693757811,-2.387303317040154]]]}},{"type":"Feature","properties":{"code":"1301152004","desa":"Sungai Pulai","kecamatan":"Silaut","kecCode":"130115","kabCode":"1301","province":"Sumatera Barat"},"geometry":{"type":"Polygon","coordinates":[[[101.05504725392767,-2.3745702577708294],[101.05790110944871,-2.3586006274941567],[101.10269942883563,-2.358204350228175],[101.10765559263153,-2.3724597512784986],[101.10931652623673,-2.387960432772718],[101.09199952985448,-2.38895622599288],[101.08689542398469,-2.385501812206533],[101.08284787582886,-2.3879880374628604],[101.07094719665588,-2.3867956902151906],[101.06572767808994,-2.3811283722290386],[101.06549917474717,-2.3778035984134456],[101.06106645055632,-2.3780112060082197],[101.05504725392767,-2.3745702577708294]]]}},{"type":"Feature","properties":{"code":"1301152005","desa":"Pasir Binjai","kecamatan":"Silaut","kecCode":"130115","kabCode":"1301","province":"Sumatera Barat"},"geometry":{"type":"Polygon","coordinates":[[[101.09199952985448,-2.38895622599288],[101.1132693757811,-2.387303317040154],[101.11276944355501,-2.402484348003259],[101.10652901730037,-2.4035130788933583],[101.10069362321217,-2.413368870593978],[101.09530928859282,-2.4133772261950814],[101.09423859623428,-2.420767366429755],[101.07864931261577,-2.42097090639098],[101.07825933959691,-2.4146326941592333],[101.09106845184765,-2.4145061604467597],[101.092061712578,-2.4020907920858217],[101.09023994062085,-2.4019201978884888],[101.09023185301764,-2.4059820524549647],[101.07154472600836,-2.4044292047708553],[101.07175223557726,-2.386005056635151],[101.08284787582886,-2.3879880374628604],[101.08717132429723,-2.385520527997595],[101.09199952985448,-2.38895622599288]]]}},{"type":"Feature","properties":{"code":"1301152006","desa":"Talang Binjai","kecamatan":"Silaut","kecCode":"130115","kabCode":"1301","province":"Sumatera Barat"},"geometry":{"type":"Polygon","coordinates":[[[101.08055758496465,-2.437522166905096],[101.0731044418166,-2.4273103147209913],[101.07005194943797,-2.414713706887655],[101.07825933959691,-2.4146326941592333],[101.07864931261577,-2.42097090639098],[101.09423859623428,-2.420767366429755],[101.09530928859282,-2.4133772261950814],[101.10069362321217,-2.413368870593978],[101.10915495403792,-2.4025073058964983],[101.10882164010665,-2.4177641002452943],[101.08055758496465,-2.437522166905096]]]}},{"type":"Feature","properties":{"code":"1301152007","desa":"Durian Seribu","kecamatan":"Silaut","kecCode":"130115","kabCode":"1301","province":"Sumatera Barat"},"geometry":{"type":"Polygon","coordinates":[[[101.05302107236469,-2.4102054000796844],[101.0381247739392,-2.4097979649251218],[101.0380122543621,-2.4063022587670124],[101.02968451243036,-2.40079334646666],[101.02888616356562,-2.3907259164098367],[101.05504725392767,-2.3745702577708294],[101.05646493440922,-2.3798754007829603],[101.05274280323783,-2.3819000633888363],[101.05302107236469,-2.4102054000796844]]]}},{"type":"Feature","properties":{"code":"1301152008","desa":"Lubuk Bunta","kecamatan":"Silaut","kecCode":"130115","kabCode":"1301","province":"Sumatera Barat"},"geometry":{"type":"Polygon","coordinates":[[[101.09106845184765,-2.4145061604467597],[101.05304497724397,-2.414881421455834],[101.05274280323783,-2.3819000633888363],[101.05646493440922,-2.3798754007829603],[101.05661211835462,-2.3748769499705427],[101.06106645055632,-2.3780112060082197],[101.06549917474717,-2.3778035984134456],[101.06572767808994,-2.3811283722290386],[101.07088706888317,-2.385241714781239],[101.07154472600836,-2.4044292047708553],[101.09023185301764,-2.4059820524549647],[101.09023994062085,-2.4019201978884888],[101.092061712578,-2.4020907920858217],[101.09106845184765,-2.4145061604467597]]]}},{"type":"Feature","properties":{"code":"1301152009","desa":"Air Hitam","kecamatan":"Silaut","kecCode":"130115","kabCode":"1301","province":"Sumatera Barat"},"geometry":{"type":"Polygon","coordinates":[[[101.00195238829212,-2.4322156542254745],[100.99571409882668,-2.3992001722827645],[101.01611983656123,-2.398811242477883],[101.01567809856544,-2.364901811939309],[101.056207546641,-2.365674494152027],[101.05457563955416,-2.3760941859558824],[101.04227968226162,-2.3811430986274975],[101.02895708140426,-2.390432763503442],[101.02996493093688,-2.407987481260232],[101.02462983240088,-2.4112847798880153],[101.02745226291164,-2.412973694098233],[101.02659402639323,-2.415616001192116],[101.02166571100382,-2.416983370898977],[101.02211150943866,-2.419293603327711],[101.01802790656268,-2.4231934567189692],[101.01646412402015,-2.421989750134489],[101.01109688641225,-2.42809867031831],[101.01287281992477,-2.430817194056149],[101.00946930236647,-2.429195561725505],[101.00672975157683,-2.43274892791652],[101.00642469074694,-2.4291059748606787],[101.00504623959232,-2.429801789320153],[101.00695545982666,-2.4349961160712774],[101.00195238829212,-2.4322156542254745]]]}}]}