{"type":"FeatureCollection","features":[{"type":"Feature","properties":{"code":"1403011001","desa":"Bengkalis Kota","kecamatan":"Bengkalis","kecCode":"140301","kabCode":"1403","province":"Riau"},"geometry":{"type":"Polygon","coordinates":[[[102.11875677970168,1.476187537677002],[102.11128250428418,1.4636996201075267],[102.10494844601402,1.4685518564437463],[102.11338217125024,1.4785075124614704],[102.11875677970168,1.476187537677002]]]}},{"type":"Feature","properties":{"code":"1403011002","desa":"Damon","kecamatan":"Bengkalis","kecCode":"140301","kabCode":"1403","province":"Riau"},"geometry":{"type":"Polygon","coordinates":[[[102.11338217125024,1.4785075124614704],[102.10654122179999,1.4699860673623106],[102.10382880175786,1.4690812666473123],[102.10191444729395,1.471481537400547],[102.10908846426128,1.4813799254896922],[102.11338217125024,1.4785075124614704]]]}},{"type":"Feature","properties":{"code":"1403011003","desa":"Rimba Sekampung","kecamatan":"Bengkalis","kecCode":"140301","kabCode":"1403","province":"Riau"},"geometry":{"type":"Polygon","coordinates":[[[102.11175783735439,1.4639747541973716],[102.11875677970168,1.476187537677002],[102.12166785188991,1.4752778896162106],[102.12252802644728,1.4653418568056065],[102.11936905164048,1.45977995645032],[102.11175783735439,1.4639747541973716]]]}},{"type":"Feature","properties":{"code":"1403012004","desa":"Kelapapati","kecamatan":"Bengkalis","kecCode":"140301","kabCode":"1403","province":"Riau"},"geometry":{"type":"Polygon","coordinates":[[[102.10908846426128,1.4813799254896922],[102.1022556033135,1.472221697430051],[102.09952505923417,1.4721518246037462],[102.07959401515171,1.487190596309017],[102.08241092562376,1.4902452749361712],[102.09278391924254,1.4926666527777988],[102.10908846426128,1.4813799254896922]]]}},{"type":"Feature","properties":{"code":"1403012005","desa":"Pedekik","kecamatan":"Bengkalis","kecCode":"140301","kabCode":"1403","province":"Riau"},"geometry":{"type":"Polygon","coordinates":[[[102.10353605894204,1.4849332026477085],[102.09278391924254,1.4926666527777988],[102.08074686957241,1.4900982582648397],[102.08356653196994,1.491442653890723],[102.08906919398817,1.5031055828787785],[102.09128455333949,1.5205777194891397],[102.11043506862359,1.5478535509733102],[102.13232162104605,1.5734854685238269],[102.13233683757504,1.541211890396544],[102.11954128260419,1.521160176203524],[102.10894606740713,1.4983977488846496],[102.1099553432645,1.494099695476957],[102.10353605894204,1.4849332026477085]]]}},{"type":"Feature","properties":{"code":"1403012006","desa":"Pangkalan Batang","kecamatan":"Bengkalis","kecCode":"140301","kabCode":"1403","province":"Riau"},"geometry":{"type":"Polygon","coordinates":[[[102.08241092562376,1.4902452749361712],[102.07959401515171,1.487190596309017],[102.06965490215208,1.4953446593595578],[102.08010396942272,1.5078770663906047],[102.07380315459199,1.506849139494431],[102.06264824272226,1.5141778794157004],[102.07685483308416,1.529561595983891],[102.09593006701901,1.595517051890263],[102.13228212102314,1.5834866877935838],[102.13232162104605,1.5734854685238269],[102.11043506862359,1.5478535509733102],[102.09128455333949,1.5205777194891397],[102.08906919398817,1.5031055828787785],[102.08356653196994,1.491442653890723],[102.08074686957241,1.4900982582648397],[102.08241092562376,1.4902452749361712]]]}},{"type":"Feature","properties":{"code":"1403012007","desa":"Sebauk","kecamatan":"Bengkalis","kecCode":"140301","kabCode":"1403","province":"Riau"},"geometry":{"type":"Polygon","coordinates":[[[102.09565880001365,1.5955338332396092],[102.07685483308416,1.529561595983891],[102.05516884026979,1.50896743591431],[102.04302793059456,1.5221401917177086],[102.06379730560121,1.5301326277110199],[102.08630154388116,1.598362855777846],[102.09565880001365,1.5955338332396092]]]}},{"type":"Feature","properties":{"code":"1403012008","desa":"Teluk Latak","kecamatan":"Bengkalis","kecCode":"140301","kabCode":"1403","province":"Riau"},"geometry":{"type":"Polygon","coordinates":[[[102.08017797913048,1.6000593935409653],[102.07232109074579,1.5811298291140952],[102.06031472684322,1.5626146507019163],[102.03255475519784,1.5319108535934138],[102.02302309533961,1.5459744904052215],[102.03123774572543,1.5505164165691123],[102.04852437829749,1.572982991216919],[102.06494519756285,1.5876674381302909],[102.07167724540862,1.6025982372307785],[102.08017797913048,1.6000593935409653]]]}},{"type":"Feature","properties":{"code":"1403012009","desa":"Meskom","kecamatan":"Bengkalis","kecCode":"140301","kabCode":"1403","province":"Riau"},"geometry":{"type":"Polygon","coordinates":[[[102.04614491785371,1.5696422283546834],[102.02946028876136,1.5492386454183333],[102.02302309533961,1.5459744904052215],[102.01816151863926,1.5514104586944428],[102.013070220914,1.565863057686667],[102.02422011456667,1.5742164536698617],[102.03133130579516,1.5674883799356958],[102.04010053121458,1.5722469446863718],[102.04614491785371,1.5696422283546834]]]}},{"type":"Feature","properties":{"code":"1403012010","desa":"Senggoro","kecamatan":"Bengkalis","kecCode":"140301","kabCode":"1403","province":"Riau"},"geometry":{"type":"Polygon","coordinates":[[[102.11936905164048,1.45977995645032],[102.12252802644728,1.4653418568056065],[102.12166785188991,1.4752778896162106],[102.12747894629638,1.4796448760586451],[102.13061261777811,1.4903654387505172],[102.1355545596952,1.4960041654901126],[102.14583299859407,1.492777998739477],[102.15094204983579,1.4941910486102894],[102.12780252236858,1.460788004732012],[102.12730521436418,1.4558880989314722],[102.11936905164048,1.45977995645032]]]}},{"type":"Feature","properties":{"code":"1403012011","desa":"Air Putih","kecamatan":"Bengkalis","kecCode":"140301","kabCode":"1403","province":"Riau"},"geometry":{"type":"Polygon","coordinates":[[[102.12667585620585,1.455661728780857],[102.12780252236858,1.460788004732012],[102.15094204983579,1.4941910486102894],[102.17017729834372,1.4963330673470814],[102.15124225522595,1.473899764917076],[102.14556262101819,1.4483537793866288],[102.12667585620585,1.455661728780857]]]}},{"type":"Feature","properties":{"code":"1403012012","desa":"Sungai Alam","kecamatan":"Bengkalis","kecCode":"140301","kabCode":"1403","province":"Riau"},"geometry":{"type":"Polygon","coordinates":[[[102.14556262101819,1.4483537793866288],[102.15124225522595,1.473899764917076],[102.17017729834372,1.4963330673470814],[102.18941065377874,1.4950389788971432],[102.17935663080391,1.473693245501888],[102.17780599994698,1.4741999990852186],[102.17391699956993,1.459599998511813],[102.1566880773929,1.4547341329499652],[102.15289134026317,1.4461951672587972],[102.14556262101819,1.4483537793866288]]]}},{"type":"Feature","properties":{"code":"1403012013","desa":"Penampi","kecamatan":"Bengkalis","kecCode":"140301","kabCode":"1403","province":"Riau"},"geometry":{"type":"Polygon","coordinates":[[[102.19754899489025,1.4918254826948116],[102.18683747756761,1.4599397785682675],[102.18708741085538,1.4375206476549995],[102.15643462056134,1.4451192489409856],[102.17256695799874,1.4536055773128838],[102.19333834928545,1.4936455162605053],[102.19754899489025,1.4918254826948116]]]}},{"type":"Feature","properties":{"code":"1403012014","desa":"Temeran","kecamatan":"Bengkalis","kecCode":"140301","kabCode":"1403","province":"Riau"},"geometry":{"type":"Polygon","coordinates":[[[102.23722199969558,1.4699999987601078],[102.24528026427281,1.4705203096231487],[102.248302889267,1.4418357261283132],[102.24593656701897,1.4329925980302245],[102.21988006781093,1.4326291145426888],[102.22202770731292,1.479284954785703],[102.23722199969558,1.4699999987601078]]]}},{"type":"Feature","properties":{"code":"1403012015","desa":"Penebal","kecamatan":"Bengkalis","kecCode":"140301","kabCode":"1403","province":"Riau"},"geometry":{"type":"Polygon","coordinates":[[[102.24593656701897,1.4329925980302245],[102.248302889267,1.4418357261283132],[102.24528026427281,1.4705203096231487],[102.30499539741969,1.4799405830395878],[102.30046017839457,1.4533227522209367],[102.29314593283857,1.4296501777175235],[102.27236209133751,1.435463456570761],[102.24593656701897,1.4329925980302245]]]}},{"type":"Feature","properties":{"code":"1403012016","desa":"Pematang Duku","kecamatan":"Bengkalis","kecCode":"140301","kabCode":"1403","province":"Riau"},"geometry":{"type":"Polygon","coordinates":[[[102.29314593283857,1.4296501777175235],[102.30046017839457,1.4533227522209367],[102.30499539741969,1.4799405830395878],[102.31611099992277,1.4822219984919969],[102.34547162541526,1.480965679769276],[102.33356765472355,1.4578533568196146],[102.33814855391269,1.4540806792567555],[102.32781502973988,1.4464151279411337],[102.32685848742932,1.4427459983185758],[102.3325263630013,1.4383059239735712],[102.32358434903851,1.4302871405424167],[102.32331661996606,1.4250342823153883],[102.31476007791531,1.4226833744498872],[102.30969182531756,1.4177388559806308],[102.30929049116331,1.4138992211935903],[102.29314593283857,1.4296501777175235]]]}},{"type":"Feature","properties":{"code":"1403012017","desa":"Ketam Putih","kecamatan":"Bengkalis","kecCode":"140301","kabCode":"1403","province":"Riau"},"geometry":{"type":"Polygon","coordinates":[[[102.31715960223391,1.4061947804947947],[102.30913193888789,1.4163118126588499],[102.30969182531756,1.4177388559806308],[102.31659702143541,1.423877864782074],[102.39418532589211,1.4364548862803983],[102.39480599929749,1.430193998657518],[102.37371497906308,1.3845103750079368],[102.3583876814464,1.400246444154775],[102.34774878527827,1.4206972325052507],[102.3248701205597,1.4156105483077284],[102.31715960223391,1.4061947804947947]]]}},{"type":"Feature","properties":{"code":"1403012018","desa":"Kelemantan","kecamatan":"Bengkalis","kecCode":"140301","kabCode":"1403","province":"Riau"},"geometry":{"type":"Polygon","coordinates":[[[102.45685600000445,1.335199998689953],[102.42914022644037,1.302712962878041],[102.40195871042619,1.320586921974146],[102.43128599984908,1.3628999999132634],[102.45685600000445,1.335199998689953]]]}},{"type":"Feature","properties":{"code":"1403012019","desa":"Sekodi","kecamatan":"Bengkalis","kecCode":"140301","kabCode":"1403","province":"Riau"},"geometry":{"type":"Polygon","coordinates":[[[102.50365061378487,1.309398843119801],[102.50784456257657,1.272870926730209],[102.50779494428133,1.2677106429159137],[102.5057574852198,1.266961308002887],[102.50793031743022,1.2669579796119874],[102.5084673358989,1.2576502815305473],[102.50459994443196,1.25152172464997],[102.50139957922725,1.2512209787675668],[102.49502735642744,1.2537563348865661],[102.45609063107783,1.2829071539091774],[102.47563099977089,1.32629999836512],[102.50365061378487,1.309398843119801]]]}},{"type":"Feature","properties":{"code":"1403012020","desa":"Wonosari","kecamatan":"Bengkalis","kecCode":"140301","kabCode":"1403","province":"Riau"},"geometry":{"type":"Polygon","coordinates":[[[102.12166785188991,1.4752778896162106],[102.10353605894204,1.4849332026477085],[102.1099553432645,1.494099695476957],[102.10894606740713,1.4983977488846496],[102.11954128260419,1.521160176203524],[102.13233683757504,1.541211890396544],[102.13228212102314,1.5834866877935838],[102.15463153471761,1.5766702619637232],[102.15436989855202,1.560207807703138],[102.13840378460701,1.4963130646261993],[102.13061261777811,1.4903654387505172],[102.12659259787019,1.478687143046766],[102.12166785188991,1.4752778896162106]]]}},{"type":"Feature","properties":{"code":"1403012021","desa":"Kuala Alam","kecamatan":"Bengkalis","kecCode":"140301","kabCode":"1403","province":"Riau"},"geometry":{"type":"Polygon","coordinates":[[[102.15289134026317,1.4461951672587972],[102.1566880773929,1.4547341329499652],[102.17391699956993,1.459599998511813],[102.17780599994698,1.4741999990852186],[102.17935663080391,1.473693245501888],[102.18941065377874,1.4950389788971432],[102.19333834928545,1.4936455162605053],[102.17256695799874,1.4536055773128838],[102.15643462056134,1.4451192489409856],[102.15289134026317,1.4461951672587972]]]}},{"type":"Feature","properties":{"code":"1403012022","desa":"Kelebuk","kecamatan":"Bengkalis","kecCode":"140301","kabCode":"1403","province":"Riau"},"geometry":{"type":"Polygon","coordinates":[[[102.18708741085538,1.4375206476549995],[102.18683747756761,1.4599397785682675],[102.19754899489025,1.4918254826948116],[102.20702209269545,1.4867778956239346],[102.19857701621639,1.4449768916571575],[102.1995883659104,1.4349747011196252],[102.18708741085538,1.4375206476549995]]]}},{"type":"Feature","properties":{"code":"1403012023","desa":"Palkun","kecamatan":"Bengkalis","kecCode":"140301","kabCode":"1403","province":"Riau"},"geometry":{"type":"Polygon","coordinates":[[[102.42914022644037,1.302712962878041],[102.45685600000445,1.335199998689953],[102.47563099977089,1.32629999836512],[102.45609063107783,1.2829071539091774],[102.42914022644037,1.302712962878041]]]}},{"type":"Feature","properties":{"code":"1403012024","desa":"Sungai Batang","kecamatan":"Bengkalis","kecCode":"140301","kabCode":"1403","province":"Riau"},"geometry":{"type":"Polygon","coordinates":[[[102.31715960223391,1.4061947804947947],[102.3248701205597,1.4156105483077284],[102.34774878527827,1.4206972325052507],[102.3583876814464,1.400246444154775],[102.37371497906308,1.3845103750079368],[102.36089054596198,1.363996877830602],[102.33771874542383,1.3900796264216027],[102.31715960223391,1.4061947804947947]]]}},{"type":"Feature","properties":{"code":"1403012025","desa":"Prapat Tunggal","kecamatan":"Bengkalis","kecCode":"140301","kabCode":"1403","province":"Riau"},"geometry":{"type":"Polygon","coordinates":[[[102.02422011456667,1.5742164536698617],[102.013070220914,1.565863057686667],[102.00954096284521,1.576524153607667],[101.99918953766706,1.5831914259770228],[102.00237801473365,1.5963379485563907],[102.00923964319502,1.601293207628821],[102.02362824644649,1.5786632882187022],[102.02422011456667,1.5742164536698617]]]}},{"type":"Feature","properties":{"code":"1403012026","desa":"Simpang Ayam","kecamatan":"Bengkalis","kecCode":"140301","kabCode":"1403","province":"Riau"},"geometry":{"type":"Polygon","coordinates":[[[102.07167724540862,1.6025982372307785],[102.06494519756285,1.5876674381302909],[102.04614491785371,1.5696422283546834],[102.04010053121458,1.5722469446863718],[102.03133130579516,1.5674883799356958],[102.02422011456667,1.5742164536698617],[102.02362824644649,1.5786632882187022],[102.00923964319502,1.601293207628821],[102.03286028277591,1.607005117599163],[102.07167724540862,1.6025982372307785]]]}},{"type":"Feature","properties":{"code":"1403012027","desa":"Senderak","kecamatan":"Bengkalis","kecCode":"140301","kabCode":"1403","province":"Riau"},"geometry":{"type":"Polygon","coordinates":[[[102.08630154388116,1.598362855777846],[102.06379730560121,1.5301326277110199],[102.04302793059456,1.5221401917177086],[102.03255475519784,1.5319108535934138],[102.06031472684322,1.5626146507019163],[102.07232109074579,1.5811298291140952],[102.08017797913048,1.6000593935409653],[102.08630154388116,1.598362855777846]]]}},{"type":"Feature","properties":{"code":"1403012028","desa":"Kelemantan Barat","kecamatan":"Bengkalis","kecCode":"140301","kabCode":"1403","province":"Riau"},"geometry":{"type":"Polygon","coordinates":[[[102.37371497906308,1.3845103750079368],[102.39480599929749,1.430193998657518],[102.40324999928811,1.3942220008880015],[102.43128599984908,1.3628999999132634],[102.40195871042619,1.320586921974146],[102.38304897333154,1.3380043339387178],[102.36089054596198,1.363996877830602],[102.37371497906308,1.3845103750079368]]]}},{"type":"Feature","properties":{"code":"1403012029","desa":"Damai","kecamatan":"Bengkalis","kecCode":"140301","kabCode":"1403","province":"Riau"},"geometry":{"type":"Polygon","coordinates":[[[102.22202770731292,1.479284954785703],[102.22118901126389,1.4341546444202762],[102.21889472111457,1.4326178244537167],[102.19963375739205,1.4349477835114888],[102.19857701621639,1.4449768916571575],[102.20670269397418,1.4799430534772327],[102.20600121828164,1.4885224832645523],[102.21194400041537,1.4872219979368797],[102.22202770731292,1.479284954785703]]]}},{"type":"Feature","properties":{"code":"1403012030","desa":"Pangkalan Batang Barat","kecamatan":"Bengkalis","kecCode":"140301","kabCode":"1403","province":"Riau"},"geometry":{"type":"Polygon","coordinates":[[[102.06264824272226,1.5141778794157004],[102.07380315459199,1.506849139494431],[102.08010396942272,1.5078770663906047],[102.06930721795378,1.4950765651626736],[102.05516884026979,1.50896743591431],[102.06264824272226,1.5141778794157004]]]}},{"type":"Feature","properties":{"code":"1403012031","desa":"Pematang Duku Timur","kecamatan":"Bengkalis","kecCode":"140301","kabCode":"1403","province":"Riau"},"geometry":{"type":"Polygon","coordinates":[[[102.32331661996606,1.4250342823153883],[102.32358434903851,1.4302871405424167],[102.3325263630013,1.4383059239735712],[102.32685848742932,1.4427459983185758],[102.32781502973988,1.4464151279411337],[102.33814855391269,1.4540806792567555],[102.33356765472355,1.4578533568196146],[102.34547162541526,1.480965679769276],[102.35166699923268,1.4791669979076183],[102.36426892567044,1.4641226800833012],[102.37930279069127,1.4552922009498253],[102.38388899857846,1.4475000008085583],[102.39222199974559,1.4472219987807098],[102.39418532589211,1.4364548862803983],[102.32331661996606,1.4250342823153883]]]}},{"type":"Feature","properties":{"code":"1403022001","desa":"Bantan Tengah","kecamatan":"Bantan","kecCode":"140302","kabCode":"1403","province":"Riau"},"geometry":{"type":"Polygon","coordinates":[[[102.29462806593256,1.5325500395423934],[102.29840181279347,1.516180175882266],[102.31974378344893,1.5141343855036111],[102.3200114729512,1.5102082746066592],[102.3266680164159,1.504756929709071],[102.32967328179659,1.4935559213017182],[102.28675473794084,1.5006068525493723],[102.25378787960705,1.5104909953773435],[102.2562779512665,1.5165921022511806],[102.25513561801444,1.524609503424346],[102.25968713005703,1.52197575068174],[102.26876477257626,1.5253248412661418],[102.27169597159188,1.523625014682318],[102.29339665663048,1.529692640695686],[102.2927185093518,1.5319412326921362],[102.29462806593256,1.5325500395423934]]]}},{"type":"Feature","properties":{"code":"1403022002","desa":"Bantan Air","kecamatan":"Bantan","kecCode":"140302","kabCode":"1403","province":"Riau"},"geometry":{"type":"Polygon","coordinates":[[[102.33694302080379,1.4820370987789062],[102.32912049281656,1.4820680507456925],[102.32786726326366,1.50207289766959],[102.32295605567747,1.509553923390121],[102.3200114729512,1.5102082746066592],[102.31974378344893,1.5141343855036111],[102.29840181279347,1.516180175882266],[102.29741675657812,1.5237407592281285],[102.30784559359932,1.5282317343015892],[102.307461369047,1.5309762034804357],[102.31570584095186,1.5350015149948986],[102.3144323199956,1.5444789924879405],[102.31703158284131,1.5494594748458415],[102.32593634418697,1.5479765602426359],[102.33540151626704,1.5515334823529159],[102.34168947978571,1.5455806242216787],[102.34271699929013,1.5383999981445693],[102.33448299999054,1.5299999983937478],[102.3392522343032,1.50167856923452],[102.33694302080379,1.4820370987789062]]]}},{"type":"Feature","properties":{"code":"1403022003","desa":"Bantan Tua","kecamatan":"Bantan","kecCode":"140302","kabCode":"1403","province":"Riau"},"geometry":{"type":"Polygon","coordinates":[[[102.15906364826877,1.4963889988830184],[102.14583299859407,1.492777998739477],[102.13840378460701,1.4963130646261993],[102.15196819877343,1.552557610512818],[102.16191745072985,1.5525511237028886],[102.17494499931233,1.5366610825280917],[102.18428914243002,1.5366111143966046],[102.18931798223916,1.5333511906936874],[102.17606854932416,1.520562311404517],[102.16694399996567,1.5045999989115768],[102.15906364826877,1.4963889988830184]]]}},{"type":"Feature","properties":{"code":"1403022004","desa":"Telukpambang","kecamatan":"Bantan","kecCode":"140302","kabCode":"1403","province":"Riau"},"geometry":{"type":"Polygon","coordinates":[[[102.48374716539944,1.483660322909565],[102.49618874631362,1.4686243049284138],[102.48688115344255,1.4416296051128639],[102.47557909899625,1.440978925828147],[102.4662982465669,1.4443398595844748],[102.4619052867996,1.4496178286816448],[102.45523866823002,1.452235917932182],[102.45684039586763,1.4574302347906178],[102.44562337142149,1.4615298410978605],[102.44990009381434,1.4816711646387264],[102.4517203818902,1.482099467662045],[102.45053255463374,1.4843872395226714],[102.47548457485328,1.4788444839351405],[102.48374716539944,1.483660322909565]]]}},{"type":"Feature","properties":{"code":"1403022005","desa":"Selat Baru","kecamatan":"Bantan","kecCode":"140302","kabCode":"1403","province":"Riau"},"geometry":{"type":"Polygon","coordinates":[[[102.2650517578324,1.5612819318734439],[102.2545624009341,1.545151678183089],[102.24943514201824,1.5436969474335116],[102.24011899299715,1.5472145287009524],[102.23751313991954,1.5448883243126943],[102.2353507893075,1.5283508405132349],[102.22798253226811,1.5131967442455083],[102.22364227457138,1.5146711305777614],[102.21410761097752,1.5254386495716166],[102.21075019086867,1.5274350177073215],[102.20843735490007,1.5251864266102029],[102.19829870931807,1.5339197618756695],[102.20424201125984,1.5458953491659098],[102.21286923192957,1.5508007318377317],[102.21136161025015,1.5576852525341727],[102.214218084597,1.5623937025638728],[102.22672265942327,1.5575963041879974],[102.233059062226,1.5651858376097725],[102.23376201640401,1.5635496011884118],[102.25811431742186,1.5633755320106721],[102.2650517578324,1.5612819318734439]]]}},{"type":"Feature","properties":{"code":"1403022006","desa":"Teluk Lancar","kecamatan":"Bantan","kecCode":"140302","kabCode":"1403","province":"Riau"},"geometry":{"type":"Polygon","coordinates":[[[102.45685600000445,1.335199998689953],[102.42028849271979,1.374701715876603],[102.43411743077485,1.3802552138658961],[102.46854585290883,1.380033924884893],[102.47158561358526,1.3846714930489792],[102.47599237524798,1.3847000465238632],[102.47671632679709,1.3876654503508785],[102.49355754044818,1.3899353185082524],[102.49393104238372,1.3817018597103183],[102.49227125001823,1.3810147560841561],[102.49397628187995,1.3806006857315836],[102.4958306173891,1.3690756695778437],[102.49620965105458,1.3434164692944965],[102.49861416840916,1.3373796225780716],[102.49869631788086,1.3327386136078665],[102.49686434941026,1.3324337875013696],[102.49871260100575,1.3319538543994693],[102.5003192614248,1.3169830336693311],[102.50365061378487,1.309398843119801],[102.47222199994542,1.328471998700271],[102.45685600000445,1.335199998689953]]]}},{"type":"Feature","properties":{"code":"1403022007","desa":"Kembung Luar","kecamatan":"Bantan","kecCode":"140302","kabCode":"1403","province":"Riau"},"geometry":{"type":"Polygon","coordinates":[[[102.42028849271979,1.374701715876603],[102.4167614865534,1.3787859743537623],[102.43166602456745,1.4055064519919864],[102.42931500338477,1.4055639258652806],[102.4295370028305,1.413149874589363],[102.45913945692047,1.4204700646559467],[102.45837394590092,1.4392243062500758],[102.46772131758478,1.440622165672189],[102.47212812241496,1.438822549414918],[102.471808908954,1.4434693149455742],[102.47557909899625,1.440978925828147],[102.48688115344255,1.4416296051128639],[102.49220818685842,1.4369960461264362],[102.49553426919123,1.4301787668399824],[102.4921931789721,1.4083788128595371],[102.49355754044818,1.3899353185082524],[102.47671632679709,1.3876654503508785],[102.47599237524798,1.3847000465238632],[102.47158561358526,1.3846714930489792],[102.46854585290883,1.380033924884893],[102.43411743077485,1.3802552138658961],[102.42028849271979,1.374701715876603]]]}},{"type":"Feature","properties":{"code":"1403022008","desa":"Jangkang","kecamatan":"Bantan","kecCode":"140302","kabCode":"1403","province":"Riau"},"geometry":{"type":"Polygon","coordinates":[[[102.15196819877343,1.552557610512818],[102.15436989855202,1.560207807703138],[102.15463153471761,1.5766702619637232],[102.18385758835704,1.5695018558746459],[102.1839787144462,1.5583380308365125],[102.18925754959626,1.5577598225195086],[102.18752530155149,1.5532578847103147],[102.1952228579486,1.5542082396841586],[102.19659104783864,1.5507818154978517],[102.2008401295684,1.5528138741281714],[102.21006563502112,1.5480949074264643],[102.20433460905502,1.5459962477033993],[102.19789039372677,1.5348451354817847],[102.19067116604151,1.535675401285008],[102.18932373879954,1.5337712028670631],[102.18428914243002,1.5366111143966046],[102.17494499931233,1.5366610825280917],[102.16191745072985,1.5525511237028886],[102.15196819877343,1.552557610512818]]]}},{"type":"Feature","properties":{"code":"1403022009","desa":"Muntai","kecamatan":"Bantan","kecCode":"140302","kabCode":"1403","province":"Riau"},"geometry":{"type":"Polygon","coordinates":[[[102.45957957973388,1.5185091205048178],[102.45928486200683,1.5157236026705287],[102.45046895907524,1.5171512782157184],[102.42652290430861,1.5004579778786924],[102.41584388398809,1.5022473337707611],[102.41949200005581,1.5151999984900826],[102.42664699995913,1.5167999985282612],[102.42815276723648,1.5281360068658278],[102.45957957973388,1.5185091205048178]]]}},{"type":"Feature","properties":{"code":"1403022010","desa":"Resam Lapis","kecamatan":"Bantan","kecCode":"140302","kabCode":"1403","province":"Riau"},"geometry":{"type":"Polygon","coordinates":[[[102.21194400041537,1.4872219979368797],[102.19333834928545,1.4936455162605053],[102.19227800002972,1.5201999997336166],[102.19788899977759,1.525699998853189],[102.19487071940826,1.5301128507199075],[102.19831774436847,1.5353855102197],[102.20585326001998,1.526642657428985],[102.21410761097752,1.5254386495716166],[102.22364227457138,1.5146711305777614],[102.22798253226811,1.5131967442455083],[102.22414917294604,1.5086553468829655],[102.22276908502533,1.5021832130083121],[102.21811460780299,1.503105721374356],[102.21563971759895,1.4831630814555756],[102.21194400041537,1.4872219979368797]]]}},{"type":"Feature","properties":{"code":"1403022011","desa":"Berancah","kecamatan":"Bantan","kecCode":"140302","kabCode":"1403","province":"Riau"},"geometry":{"type":"Polygon","coordinates":[[[102.23722199969558,1.4699999987601078],[102.21563971759895,1.4831630814555756],[102.21811460780299,1.503105721374356],[102.22276908502533,1.5021832130083121],[102.22414917294604,1.5086553468829655],[102.22733484862442,1.5110074274644085],[102.2353507893075,1.5283508405132349],[102.23751313991954,1.5448883243126943],[102.2403056742675,1.5472166699867647],[102.25047761634897,1.543725779698236],[102.25766268058828,1.5476008153983396],[102.25976232057468,1.5346349594232496],[102.25528036659567,1.525302237705846],[102.2562779512665,1.5165921022511806],[102.25359893384375,1.5095375350444311],[102.25683551384793,1.5050931610407225],[102.25581130025137,1.501957949023767],[102.2523945788468,1.5012256760486018],[102.25127839877916,1.4941907122638842],[102.24764139293596,1.4941930927692981],[102.23722199969558,1.4699999987601078]]]}},{"type":"Feature","properties":{"code":"1403022012","desa":"Ulu Pulau","kecamatan":"Bantan","kecCode":"140302","kabCode":"1403","province":"Riau"},"geometry":{"type":"Polygon","coordinates":[[[102.31611099992277,1.4822219984919969],[102.23722199969558,1.4699999987601078],[102.24764139293596,1.4941930927692981],[102.25127839877916,1.4941907122638842],[102.2523945788468,1.5012256760486018],[102.25590351403599,1.5020994006902684],[102.25682975458955,1.5053333897440861],[102.25378787960705,1.5104909953773435],[102.28675473794084,1.5006068525493723],[102.32967328179659,1.4935559213017182],[102.32912049281656,1.4820680507456925],[102.31611099992277,1.4822219984919969]]]}},{"type":"Feature","properties":{"code":"1403022013","desa":"Mentayan","kecamatan":"Bantan","kecCode":"140302","kabCode":"1403","province":"Riau"},"geometry":{"type":"MultiPolygon","coordinates":[[[[102.2927185093518,1.5319412326921362],[102.29339665663048,1.529692640695686],[102.27169597159188,1.523625014682318],[102.26876477257626,1.5253248412661418],[102.25968713005703,1.52197575068174],[102.25566584030634,1.524004241701593],[102.25976232057468,1.5346349594232496],[102.25792273304774,1.5514228306678497],[102.2629331934122,1.5556212958502367],[102.2650517578324,1.5612819318734439],[102.26763362778972,1.5585313140297734],[102.28049943060432,1.553216231710497],[102.28060744188002,1.54013428854784],[102.29089955407125,1.5400216997230614],[102.29462806593256,1.5325500395423934],[102.2927185093518,1.5319412326921362]]],[[[102.27851504323472,1.5554062850363655],[102.27794884176568,1.5552480439265957],[102.27748628536386,1.5558477604296486],[102.27851504323472,1.5554062850363655]]],[[[102.27519568243486,1.55644258731876],[102.27681656293407,1.5557271055854183],[102.27480293590685,1.5560475592111143],[102.27519568243486,1.55644258731876]]],[[[102.2709829989663,1.5579948441482336],[102.27423270007908,1.5568438225471364],[102.27457704239661,1.5560875340760043],[102.2709829989663,1.5579948441482336]]]]}},{"type":"Feature","properties":{"code":"1403022014","desa":"Pambang Pesisir","kecamatan":"Bantan","kecCode":"140302","kabCode":"1403","province":"Riau"},"geometry":{"type":"Polygon","coordinates":[[[102.4802417879282,1.4898796942295964],[102.47622537969755,1.4876851730718248],[102.47500709600075,1.4900455984624905],[102.47109526183694,1.4889224927170057],[102.46800196272044,1.491539899382114],[102.4642662086187,1.4897315093388925],[102.46081829243029,1.4916776395465121],[102.46410010023948,1.5153936441101208],[102.4802417879282,1.4898796942295964]]]}},{"type":"Feature","properties":{"code":"1403022015","desa":"Suka Maju","kecamatan":"Bantan","kecCode":"140302","kabCode":"1403","province":"Riau"},"geometry":{"type":"Polygon","coordinates":[[[102.3925155753336,1.4458522134948053],[102.38388899857846,1.4475000008085583],[102.37930279069127,1.4552922009498253],[102.36983166599867,1.4617039462485197],[102.3716919999859,1.5042999985671373],[102.38857799987481,1.509499998241576],[102.40818299924611,1.5054000007292803],[102.41016699990718,1.5102999982606609],[102.41949200005581,1.5151999984900826],[102.41584388398809,1.5022473337707611],[102.42652290430861,1.5004579778786924],[102.43229034832098,1.5035890710006456],[102.43360809793539,1.4900683522095586],[102.4359566252981,1.4890975322632438],[102.43597199920843,1.48369999830025],[102.43905599933497,1.4831999986255457],[102.4370063814394,1.4655374152835998],[102.42787634981374,1.4666385622827154],[102.41960816458521,1.460184863610646],[102.40774412559097,1.4570304357795287],[102.39848649455614,1.4482122746600927],[102.3925155753336,1.4458522134948053]]]}},{"type":"Feature","properties":{"code":"1403022016","desa":"Pambang Baru","kecamatan":"Bantan","kecCode":"140302","kabCode":"1403","province":"Riau"},"geometry":{"type":"Polygon","coordinates":[[[102.48374716539944,1.483660322909565],[102.47548457485328,1.4788444839351405],[102.45053255463374,1.4843872395226714],[102.4517203818902,1.482099467662045],[102.44990009381434,1.4816711646387264],[102.44481476758749,1.461831694944999],[102.4370063814394,1.4655374152835998],[102.43905599933497,1.4831999986255457],[102.43597199920843,1.48369999830025],[102.4359566252981,1.4890975322632438],[102.43360809793539,1.4900683522095586],[102.43211141740807,1.505424997385572],[102.45046895907524,1.5171512782157184],[102.45928486200683,1.5157236026705287],[102.4598436287805,1.518409216617414],[102.46410010023948,1.5153936441101208],[102.46081829243029,1.4916776395465121],[102.4642662086187,1.4897315093388925],[102.46800196272044,1.491539899382114],[102.47109526183694,1.4889224927170057],[102.47500709600075,1.4900455984624905],[102.47622537969755,1.4876851730718248],[102.4802417879282,1.4898796942295964],[102.48374716539944,1.483660322909565]]]}},{"type":"Feature","properties":{"code":"1403022017","desa":"Kembung Baru","kecamatan":"Bantan","kecCode":"140302","kabCode":"1403","province":"Riau"},"geometry":{"type":"Polygon","coordinates":[[[102.40324999928811,1.3942220008880015],[102.3925155753336,1.4458522134948053],[102.39848649455614,1.4482122746600927],[102.40774412559097,1.4570304357795287],[102.41960816458521,1.460184863610646],[102.42832524281577,1.4667565776167215],[102.44007799340471,1.4653330749258155],[102.455752844818,1.4582153276475023],[102.4572186048548,1.456522313428159],[102.45523866823002,1.452235917932182],[102.4619052867996,1.4496178286816448],[102.46566923284888,1.444664534627895],[102.47137749697394,1.4437716175543924],[102.47285385642037,1.440095561353477],[102.45837394590092,1.4392243062500758],[102.45913945692047,1.4204700646559467],[102.4295370028305,1.413149874589363],[102.42931500338477,1.4055639258652806],[102.43166602456745,1.4055064519919864],[102.4167614865534,1.3787859743537623],[102.40324999928811,1.3942220008880015]]]}},{"type":"Feature","properties":{"code":"1403022018","desa":"Pasiran","kecamatan":"Bantan","kecCode":"140302","kabCode":"1403","province":"Riau"},"geometry":{"type":"Polygon","coordinates":[[[102.18638900005237,1.4961109986538315],[102.15906364826877,1.4963889988830184],[102.16694399996567,1.5045999989115768],[102.17606854932416,1.520562311404517],[102.1874795080729,1.5305391932211243],[102.18714065701577,1.5325896223028503],[102.19067116604151,1.535675401285008],[102.19712611657707,1.5344861998658015],[102.19487071940826,1.5301128507199075],[102.19788899977759,1.525699998853189],[102.19227800002972,1.5201999997336166],[102.19333834928545,1.4936455162605053],[102.18638900005237,1.4961109986538315]]]}},{"type":"Feature","properties":{"code":"1403022019","desa":"Bantan Sari","kecamatan":"Bantan","kecCode":"140302","kabCode":"1403","province":"Riau"},"geometry":{"type":"Polygon","coordinates":[[[102.35166699923268,1.4791669979076183],[102.33694302080379,1.4820370987789062],[102.3392522343032,1.50167856923452],[102.33448299999054,1.5299999983937478],[102.34271699929013,1.5383999981445693],[102.34072949666897,1.5493949664755446],[102.35098268620207,1.548113464936876],[102.35172165013408,1.5460962586100804],[102.35372541699445,1.5474363275976344],[102.35166699923268,1.4791669979076183]]]}},{"type":"Feature","properties":{"code":"1403022020","desa":"Bantan Timur","kecamatan":"Bantan","kecCode":"140302","kabCode":"1403","province":"Riau"},"geometry":{"type":"Polygon","coordinates":[[[102.36983166599867,1.4617039462485197],[102.36426892567044,1.4641226800833012],[102.35166699923268,1.4791669979076183],[102.35372541699445,1.5474363275976344],[102.37941410517685,1.5408566240144255],[102.37415299926157,1.5247999987192993],[102.36983166599867,1.4617039462485197]]]}},{"type":"Feature","properties":{"code":"1403022021","desa":"Teluk Papal","kecamatan":"Bantan","kecCode":"140302","kabCode":"1403","province":"Riau"},"geometry":{"type":"MultiPolygon","coordinates":[[[[102.29741675657812,1.5237407592281285],[102.29089955407125,1.5400216997230614],[102.28060744188002,1.54013428854784],[102.28049943060432,1.553216231710497],[102.3012510925639,1.5539229090809932],[102.3092855053219,1.5504455931594554],[102.31703158284131,1.5494594748458415],[102.3144323199956,1.5444789924879405],[102.31570584095186,1.5350015149948986],[102.307461369047,1.5309762034804357],[102.30784559359932,1.5282317343015892],[102.29741675657812,1.5237407592281285]]],[[[102.31384832184261,1.550440537170919],[102.31760606616706,1.5504661759430838],[102.3184444015879,1.5498975517010705],[102.31384832184261,1.550440537170919]]],[[[102.31059284528361,1.5517494230658098],[102.3129069358065,1.5506060726817306],[102.31009828201019,1.551602901920968],[102.31059284528361,1.5517494230658098]]]]}},{"type":"Feature","properties":{"code":"1403022022","desa":"Muntai Barat","kecamatan":"Bantan","kecCode":"140302","kabCode":"1403","province":"Riau"},"geometry":{"type":"Polygon","coordinates":[[[102.42815276723648,1.5281360068658278],[102.42664699995913,1.5167999985282612],[102.42398899969265,1.5175999985474025],[102.41016699990718,1.5102999982606609],[102.40818299924611,1.5054000007292803],[102.38857799987481,1.509499998241576],[102.3716919999859,1.5042999985671373],[102.37415299926157,1.5247999987192993],[102.37941410517685,1.5408566240144255],[102.40889456533199,1.535176818941833],[102.42815276723648,1.5281360068658278]]]}},{"type":"Feature","properties":{"code":"1403022023","desa":"Deluk","kecamatan":"Bantan","kecCode":"140302","kabCode":"1403","province":"Riau"},"geometry":{"type":"Polygon","coordinates":[[[102.23222821096324,1.5644262531234312],[102.22710886788002,1.5576157933960368],[102.21360637743241,1.562029518504455],[102.21136161025015,1.5576852525341727],[102.21286923192957,1.5508007318377317],[102.21006563502112,1.5480949074264643],[102.2008401295684,1.5528138741281714],[102.19659104783864,1.5507818154978517],[102.1952228579486,1.5542082396841586],[102.18752530155149,1.5532578847103147],[102.18925754959626,1.5577598225195086],[102.1839787144462,1.5583380308365125],[102.18385758835704,1.5695018558746459],[102.22207404667995,1.5658515805387367],[102.2288760455931,1.5671816598569637],[102.23222821096324,1.5644262531234312]]]}},{"type":"Feature","properties":{"code":"1403031010","desa":"Sungai Pakning","kecamatan":"Bukit Batu","kecCode":"140303","kabCode":"1403","province":"Riau"},"geometry":{"type":"Polygon","coordinates":[[[101.98365665233268,1.3603452625048897],[102.11047575485225,1.3597544573839708],[102.11336822636264,1.354230301574988],[102.13622438734562,1.3588348340430647],[102.1446661624135,1.3561195235828685],[102.14459073267625,1.359602936907893],[102.15431182303229,1.359612651384609],[102.15439240228761,1.3564267176043336],[102.15914654237906,1.3562825095157776],[102.15792366764322,1.341583572725605],[102.1575290586192,1.3397093648992497],[102.1021281010311,1.3421839277473016],[101.98387784058991,1.3414993395248762],[101.98365665233268,1.3603452625048897]]]}},{"type":"Feature","properties":{"code":"1403032001","desa":"Sejangat","kecamatan":"Bukit Batu","kecCode":"140303","kabCode":"1403","province":"Riau"},"geometry":{"type":"Polygon","coordinates":[[[102.15625233697585,1.3328809843814948],[102.15461761321234,1.323524912666608],[101.98384659004813,1.3252522279280052],[101.98388244871607,1.3302007852525675],[102.11246493560832,1.3305287527139258],[102.12604422186341,1.331186574414288],[102.12637258772479,1.3330544519127974],[102.15625233697585,1.3328809843814948]]]}},{"type":"Feature","properties":{"code":"1403032002","desa":"Dompas","kecamatan":"Bukit Batu","kecCode":"140303","kabCode":"1403","province":"Riau"},"geometry":{"type":"Polygon","coordinates":[[[101.96365863933482,1.3249707059537241],[102.11646514704898,1.3252640980797081],[102.15461761321234,1.323524912666608],[102.15077986609799,1.2958476274188526],[102.11187233094336,1.2965875509267129],[102.10678588685926,1.3101003358987062],[102.08536597825736,1.3090390954160303],[102.07563874193441,1.3042811251172348],[102.04742368905208,1.3036321275647573],[102.04503313457154,1.2973494439727438],[101.93541959164087,1.2970485739839233],[101.94866993826706,1.3115053359378845],[101.96377475709942,1.3184224309780384],[101.96365863933482,1.3249707059537241]]]}},{"type":"Feature","properties":{"code":"1403032003","desa":"Pangkalan Jambi","kecamatan":"Bukit Batu","kecCode":"140303","kabCode":"1403","province":"Riau"},"geometry":{"type":"Polygon","coordinates":[[[102.11187233094336,1.2965875509267129],[102.15002914982544,1.2963787481328946],[102.15142238403585,1.2772610860037694],[102.11494921383517,1.2728352038599655],[102.11472112597926,1.289224825625348],[102.11187233094336,1.2965875509267129]]]}},{"type":"Feature","properties":{"code":"1403032004","desa":"Sungai Selari","kecamatan":"Bukit Batu","kecCode":"140303","kabCode":"1403","province":"Riau"},"geometry":{"type":"Polygon","coordinates":[[[102.15914654237906,1.3562825095157776],[102.15439240228761,1.3564267176043336],[102.15431182303229,1.359612651384609],[102.14459073267625,1.359602936907893],[102.1446661624135,1.3561195235828685],[102.13622438734562,1.3588348340430647],[102.13569075572387,1.3746272708969756],[102.13891341782004,1.3815063875672222],[102.1487054727794,1.379052894036072],[102.15856577009428,1.361964294895536],[102.15914654237906,1.3562825095157776]]]}},{"type":"Feature","properties":{"code":"1403032005","desa":"Buruk Bakul","kecamatan":"Bukit Batu","kecCode":"140303","kabCode":"1403","province":"Riau"},"geometry":{"type":"Polygon","coordinates":[[[102.06016252558015,1.35953602375045],[101.98365665233268,1.3603452625048897],[101.98343126244288,1.3801985853553598],[102.01524637072349,1.43421054807725],[102.03166610720511,1.4436313404024876],[102.03803827694497,1.4402456914776678],[102.05393549832462,1.42445465666683],[102.06569105479836,1.4196043367858864],[102.08324310338655,1.4069117685925407],[102.06016252558015,1.35953602375045]]]}},{"type":"Feature","properties":{"code":"1403032006","desa":"Bukit Batu","kecamatan":"Bukit Batu","kecCode":"140303","kabCode":"1403","province":"Riau"},"geometry":{"type":"Polygon","coordinates":[[[101.98343126244288,1.3801985853553598],[101.98384659004813,1.3252522279280052],[101.96365863933482,1.3249707059537241],[101.96377475709942,1.3184224309780384],[101.94866993826706,1.3115053359378845],[101.93541959164087,1.2970485739839233],[101.87998415944143,1.296984499986209],[101.88001210227672,1.347459310394204],[101.88664351688486,1.3475726393610237],[101.96410414189266,1.410931200339472],[101.98901159081232,1.4517495312952833],[101.99192016288525,1.464909047279511],[101.99634069406783,1.469607118233492],[102.00428320870314,1.4592142882799424],[102.03128523082881,1.443368399320903],[102.01524637072349,1.43421054807725],[101.98343126244288,1.3801985853553598]]]}},{"type":"Feature","properties":{"code":"1403032007","desa":"Sukajadi","kecamatan":"Bukit Batu","kecCode":"140303","kabCode":"1403","province":"Riau"},"geometry":{"type":"Polygon","coordinates":[[[101.99634069406783,1.469607118233492],[101.99192016288525,1.464909047279511],[101.98901159081232,1.4517495312952833],[101.96410414189266,1.410931200339472],[101.88664351688486,1.3475726393610237],[101.88001210227672,1.347459310394204],[101.87998415944143,1.296984499986209],[101.77603198009189,1.2968925002402818],[101.78589862572107,1.301869316961437],[101.79280343602981,1.3089917389157293],[101.79272058328836,1.3117625186603838],[101.78537423193528,1.3171223881167928],[101.78439393942881,1.3237101145519277],[101.78599401681049,1.3272024257692365],[101.79590626256402,1.3325828941971143],[101.79388650575771,1.337334361498214],[101.78573988458804,1.3407273551861714],[101.79279165940761,1.3483400155736305],[101.78819436557757,1.3598309941866265],[101.79667617936224,1.3616409400569267],[101.80044129722812,1.3565120740582195],[101.80561783899212,1.356263161501263],[101.8080964640806,1.3582379279213888],[101.80763558131706,1.3651567955253732],[101.81421205724068,1.366307615678324],[101.81850925809584,1.3559491020553367],[101.82892926467387,1.354329566044377],[101.83223671575188,1.361467947367672],[101.83154667134185,1.3670358866704253],[101.82493177008519,1.3688204824509176],[101.8225523087421,1.3731273060471865],[101.82823922026385,1.380908145053029],[101.83283158041313,1.3822168474862027],[101.83868505357242,1.3794566725471593],[101.84629933005009,1.3800277438444888],[101.85155793944739,1.3832638103321047],[101.85555543403608,1.390592551152757],[101.870683499444,1.3934957120016784],[101.87841674903382,1.3880650173369207],[101.88233398542512,1.3903719357638682],[101.88785249529649,1.3888701767665332],[101.89178782604738,1.3971841284848447],[101.89850652795393,1.3956035070380954],[101.9061588754318,1.398191171324464],[101.90731508702167,1.405199105985153],[101.91636676341545,1.409862429833225],[101.92646158593351,1.4195328847500581],[101.92314147869631,1.4276187917800833],[101.93232273840376,1.440116330296755],[101.93135380793194,1.4664464356175724],[101.94519105842068,1.469820213491412],[101.94930829594112,1.4632390655970529],[101.9598032430253,1.4648444327892485],[101.96848690065,1.4617393489601436],[101.96791965237014,1.4650300699464653],[101.97832891744564,1.483206359530367],[101.99634069406783,1.469607118233492]]]}},{"type":"Feature","properties":{"code":"1403032016","desa":"Batang Duku","kecamatan":"Bukit Batu","kecCode":"140303","kabCode":"1403","province":"Riau"},"geometry":{"type":"Polygon","coordinates":[[[102.13622438734562,1.3588348340430647],[102.11336822636264,1.354230301574988],[102.11047575485225,1.3597544573839708],[102.06016252558015,1.35953602375045],[102.08324310338655,1.4069117685925407],[102.10707061761497,1.3922955550413538],[102.1242071029755,1.3896703620460087],[102.13891341782004,1.3815063875672222],[102.13569075572387,1.3746272708969756],[102.13622438734562,1.3588348340430647]]]}},{"type":"Feature","properties":{"code":"1403032017","desa":"Pakning Asal","kecamatan":"Bukit Batu","kecCode":"140303","kabCode":"1403","province":"Riau"},"geometry":{"type":"Polygon","coordinates":[[[101.98387784058991,1.3414993395248762],[102.1021281010311,1.3421839277473016],[102.1575290586192,1.3397093648992497],[102.15625233697585,1.3328809843814948],[102.12637258772479,1.3330544519127974],[102.12604422186341,1.331186574414288],[102.11246493560832,1.3305287527139258],[101.98759082205885,1.3301480391153264],[101.98388244871607,1.3302007852525675],[101.98387784058991,1.3414993395248762]]]}},{"type":"Feature","properties":{"code":"1403091001","desa":"Air Jamban","kecamatan":"Mandau","kecCode":"140309","kabCode":"1403","province":"Riau"},"geometry":{"type":"Polygon","coordinates":[[[101.18745526704696,1.301316960555978],[101.22853837464633,1.301423363843697],[101.2284825249486,1.2866779689760521],[101.20585064139402,1.2873148994253611],[101.1829319946159,1.276466423461032],[101.17273124455136,1.2741250340200452],[101.1696800426999,1.2652641227278778],[101.157177217055,1.2643274869118277],[101.156977283375,1.2783234245586688],[101.16069077026287,1.2808508315700962],[101.16106567783885,1.2871860148850998],[101.16766534188206,1.293081984601771],[101.17342601669736,1.2892677088977476],[101.17821634730666,1.288608441986792],[101.17933445642007,1.2911725467335922],[101.18410646604065,1.2877282772999394],[101.18412318173948,1.2952376694363539],[101.18151112783636,1.298733097703856],[101.17858480224685,1.2974831210001505],[101.1796113738659,1.307005061874458],[101.18829164644238,1.3042425082286049],[101.18745526704696,1.301316960555978]]]}},{"type":"Feature","properties":{"code":"1403091002","desa":"Babussalam","kecamatan":"Mandau","kecCode":"140309","kabCode":"1403","province":"Riau"},"geometry":{"type":"Polygon","coordinates":[[[101.1696800426999,1.2652641227278778],[101.17273124455136,1.2741250340200452],[101.1829319946159,1.276466423461032],[101.20585064139402,1.2873148994253611],[101.22861654281927,1.2866812829778347],[101.2286874930334,1.2845745284570178],[101.20758526544766,1.2850020436742389],[101.17891204755301,1.2712000745040521],[101.17481627684975,1.2646493299900874],[101.1696800426999,1.2652641227278778]]]}},{"type":"Feature","properties":{"code":"1403091003","desa":"Batang Serosa","kecamatan":"Mandau","kecCode":"140309","kabCode":"1403","province":"Riau"},"geometry":{"type":"Polygon","coordinates":[[[101.20119626489578,1.2713229362845768],[101.21121794285385,1.2575306716985566],[101.20445935871247,1.2541678331781339],[101.20048108443456,1.2577956011811633],[101.2012551875769,1.2604580746725516],[101.19411840164298,1.2624177396769134],[101.19381611971822,1.2676455230066834],[101.20119626489578,1.2713229362845768]]]}},{"type":"Feature","properties":{"code":"1403091004","desa":"Balik Alam","kecamatan":"Mandau","kecCode":"140309","kabCode":"1403","province":"Riau"},"geometry":{"type":"Polygon","coordinates":[[[101.20119626489578,1.2713229362845768],[101.19381611971822,1.2676455230066834],[101.19411840164298,1.2624177396769134],[101.1858109807922,1.263409371733974],[101.18728676557186,1.2670233396402388],[101.19771574558524,1.2751388019899048],[101.20119626489578,1.2713229362845768]]]}},{"type":"Feature","properties":{"code":"1403091006","desa":"Duri Barat","kecamatan":"Mandau","kecCode":"140309","kabCode":"1403","province":"Riau"},"geometry":{"type":"Polygon","coordinates":[[[101.17481627684975,1.2646493299900874],[101.17891204755301,1.2712000745040521],[101.1964234305969,1.2780119794419063],[101.19771574558524,1.2751388019899048],[101.18728676557186,1.2670233396402388],[101.1858109807922,1.263409371733974],[101.17481627684975,1.2646493299900874]]]}},{"type":"Feature","properties":{"code":"1403091007","desa":"Duri Timur","kecamatan":"Mandau","kecCode":"140309","kabCode":"1403","province":"Riau"},"geometry":{"type":"Polygon","coordinates":[[[101.1964234305969,1.2780119794419063],[101.20758526544766,1.2850020436742389],[101.2286874930334,1.2845745284570178],[101.22875876070826,1.2782609126832873],[101.2090754276889,1.2791066117521177],[101.19878869434284,1.2741756766430525],[101.1964234305969,1.2780119794419063]]]}},{"type":"Feature","properties":{"code":"1403091008","desa":"Gajah Sakti","kecamatan":"Mandau","kecCode":"140309","kabCode":"1403","province":"Riau"},"geometry":{"type":"Polygon","coordinates":[[[101.21038335220997,1.259846809975163],[101.19950070559314,1.2751722369848975],[101.20138821439463,1.276799884880746],[101.2044984072757,1.2754644150262082],[101.2090754276889,1.2791066117521177],[101.22875876070826,1.2782609126832873],[101.22939434577249,1.2647001461822314],[101.22332553084863,1.2646485916466481],[101.21889973233687,1.2689851603195705],[101.21747081662492,1.2647073794294443],[101.21038335220997,1.259846809975163]]]}},{"type":"Feature","properties":{"code":"1403091009","desa":"Talang Mandi","kecamatan":"Mandau","kecCode":"140309","kabCode":"1403","province":"Riau"},"geometry":{"type":"Polygon","coordinates":[[[101.2133435057982,1.2540693987829952],[101.21038335220997,1.259846809975163],[101.21747081662492,1.2647073794294443],[101.21889973233687,1.2689851603195705],[101.22332553084863,1.2646485916466481],[101.22939434577249,1.2647001461822314],[101.22843304335031,1.2606931349721004],[101.25087025066158,1.260954755848901],[101.2529957038887,1.2676013051403234],[101.2573108570105,1.2713311120212574],[101.27022290296462,1.2608362584782777],[101.27511715743094,1.262695212903399],[101.37826479428486,1.2566239320452595],[101.37819000126761,1.2546301710441872],[101.37519188100055,1.2548205269441832],[101.37467761987632,1.242302579212994],[101.37107769398044,1.2406892548193997],[101.37035814461274,1.2312876477313845],[101.36726722420309,1.2302540110395321],[101.36697276638012,1.22610928574532],[101.36296813387236,1.2242390295400314],[101.36338929897704,1.2187691253334292],[101.35808687460963,1.214680283911048],[101.3537985788414,1.2203081495383468],[101.34345149289214,1.222484168044344],[101.3346784192737,1.228501823228264],[101.32696182782615,1.2386240507758102],[101.31327040870246,1.2438493465807383],[101.3032267036495,1.2450414573067063],[101.28900704433971,1.241579341726402],[101.27817097990686,1.2425501616727113],[101.2748516316975,1.2395805939846087],[101.26754658620602,1.2386722346523262],[101.25163988956932,1.242467475305928],[101.24055160127544,1.2508788694670467],[101.23579267858929,1.2499806239105056],[101.23285287306167,1.2531277339580909],[101.22095213003684,1.2548004900489904],[101.2133435057982,1.2540693987829952]]]}},{"type":"Feature","properties":{"code":"1403091010","desa":"Pematang Pudu","kecamatan":"Mandau","kecCode":"140309","kabCode":"1403","province":"Riau"},"geometry":{"type":"Polygon","coordinates":[[[101.13772344228312,1.2638368671660984],[101.1690622534203,1.2653291275239449],[101.19332770241158,1.262636408033523],[101.2012551875769,1.2604580746725516],[101.20048108443456,1.2577956011811633],[101.2046572374416,1.2540986645210168],[101.21121794285385,1.2575306716985566],[101.21796488257331,1.2444607569683657],[101.2166453720863,1.2401999948486009],[101.21958067201045,1.2290269148873583],[101.19855880334613,1.2184284108814067],[101.19586224284829,1.2048878197710828],[101.17357868740658,1.1949790948743935],[101.16083220034584,1.194067059113531],[101.14191097441199,1.1765606709237748],[101.1361456330146,1.1664392572627553],[101.14029117759583,1.1487610706834304],[101.13544064457015,1.1486019878082268],[101.13532235224481,1.146549778968119],[101.10429680735182,1.1458405763013384],[101.06590141901533,1.1413526814059418],[101.04059055041363,1.1609641927462506],[101.06102017863837,1.179854479282684],[101.06041469658106,1.1826799441029245],[101.08399594585624,1.1932049519140309],[101.08521559292535,1.1960323628671201],[101.1181522358371,1.2088727319405812],[101.1298020239443,1.2265594629787542],[101.13155938555724,1.2337360681869387],[101.13667881767338,1.238123579856323],[101.13772344228312,1.2638368671660984]]]}},{"type":"Feature","properties":{"code":"1403092011","desa":"Harapan Baru","kecamatan":"Mandau","kecCode":"140309","kabCode":"1403","province":"Riau"},"geometry":{"type":"Polygon","coordinates":[[[101.22973698837137,1.260426635273201],[101.22898021876215,1.3279934298699219],[101.22441442368675,1.3371985548761718],[101.26877412032944,1.3370664948297784],[101.28844058656388,1.3432542351948644],[101.29287125130726,1.334651445517374],[101.28806371756654,1.3067406198243838],[101.31546229844639,1.306959532796614],[101.31550595693443,1.2866369589914686],[101.31373411263924,1.283599155243223],[101.3189561079381,1.2786398815972144],[101.30788261798847,1.2602377686504898],[101.27511715743094,1.262695212903399],[101.26989572690631,1.260877899786961],[101.2573108570105,1.2713311120212574],[101.2529957038887,1.2676013051403234],[101.25095353058106,1.260966653879554],[101.22973698837137,1.260426635273201]]]}},{"type":"Feature","properties":{"code":"1403092021","desa":"Bathin Betuah","kecamatan":"Mandau","kecCode":"140309","kabCode":"1403","province":"Riau"},"geometry":{"type":"Polygon","coordinates":[[[101.37826479428486,1.2566239320452595],[101.30788261798847,1.2602377686504898],[101.3189561079381,1.2786398815972144],[101.31373411263924,1.283599155243223],[101.31550595693443,1.2866369589914686],[101.31546229844639,1.306959532796614],[101.28806371756654,1.3067406198243838],[101.29287125130726,1.334651445517374],[101.28844058656388,1.3432542351948644],[101.3381389997151,1.3558999990716682],[101.38341179242036,1.3581296819227617],[101.38310198406934,1.3639188697370837],[101.41373262136345,1.3653795818776335],[101.41080607544005,1.3583679887748805],[101.41184708927182,1.3448348035816136],[101.40307282764894,1.339183583460184],[101.39310407569258,1.3368183997565084],[101.3817292004423,1.314123536704304],[101.3880095116297,1.293141579975742],[101.37826479428486,1.2566239320452595]]]}},{"type":"Feature","properties":{"code":"1403122001","desa":"Lubuk Muda","kecamatan":"Siak Kecil","kecCode":"140312","kabCode":"1403","province":"Riau"},"geometry":{"type":"MultiPolygon","coordinates":[[[[102.07384123728332,1.2469622841892203],[102.08387941870029,1.2423676595521227],[102.0815856186814,1.2370471848978752],[102.09497722541869,1.2293472498025309],[102.09104635530514,1.2244360422218197],[102.0789766188759,1.218132414318758],[102.0753482060549,1.2249763540072158],[102.06956585038374,1.2220585243163116],[102.0677812546013,1.224437984757433],[102.06958861762062,1.2299884160586212],[102.06674124441297,1.2422390538017498],[102.07110009829096,1.2418036128593355],[102.07384123728332,1.2469622841892203]]],[[[102.14018642436405,1.2770320106924458],[102.15142238403585,1.2772610860037694],[102.15198531826785,1.2678214277007078],[102.14417723609061,1.256973745837746],[102.14806815562092,1.250719835155249],[102.14772551392139,1.2451994861764937],[102.1275642658782,1.2452617615301111],[102.13262794272543,1.2659900671738944],[102.13530840535866,1.264758695644636],[102.14018642436405,1.2770320106924458]]],[[[102.10355720829858,1.2656167855725737],[102.09406167780422,1.2599450851902754],[102.09234426857319,1.2617561992798882],[102.09609440823043,1.2685757241734452],[102.10355720829858,1.2656167855725737]]]]}},{"type":"Feature","properties":{"code":"1403122002","desa":"Tanjung Belit","kecamatan":"Siak Kecil","kecCode":"140312","kabCode":"1403","province":"Riau"},"geometry":{"type":"Polygon","coordinates":[[[102.04503313457154,1.2973494439727438],[102.04742368905208,1.3036321275647573],[102.07563874193441,1.3042811251172348],[102.08536597825736,1.3090390954160303],[102.10678588685926,1.3101003358987062],[102.11472112597926,1.289224825625348],[102.11494921383517,1.2728352038599655],[102.14018642436405,1.2770320106924458],[102.13530840535866,1.264758695644636],[102.13262794272543,1.2659900671738944],[102.13030216731124,1.2606808619241665],[102.1275642658782,1.2452617615301111],[102.11653192440882,1.2435912537442784],[102.11270227658883,1.2477052267212019],[102.08778525528537,1.2389699183431309],[102.07849389877447,1.245829499040623],[102.08337811770605,1.2545075547786235],[102.07248970373688,1.260967791521969],[102.08100460357964,1.2766347189912115],[102.06030424524475,1.2911930359877737],[102.05942380086775,1.2975159588453382],[102.04503313457154,1.2973494439727438]]]}},{"type":"Feature","properties":{"code":"1403122003","desa":"Sungai Siput","kecamatan":"Siak Kecil","kecCode":"140312","kabCode":"1403","province":"Riau"},"geometry":{"type":"Polygon","coordinates":[[[102.1451336282144,1.2455240721869707],[102.14772551392139,1.2451994861764937],[102.1484012806946,1.2495396215606123],[102.14417723609061,1.256973745837746],[102.15198531826785,1.2678214277007078],[102.16380017513801,1.2286727546714091],[102.16857065860904,1.2285086158077023],[102.16848123092409,1.211436929317595],[102.164021756399,1.2006030916181878],[102.15922222212792,1.1999999990602115],[102.15266435137873,1.2063183155901887],[102.1383666938679,1.2033982510841086],[102.13736100001023,1.2083999988110314],[102.13414077058012,1.2092802786110803],[102.13543043886374,1.2156191626363158],[102.13016518977174,1.2168071247897316],[102.13038687895134,1.2190999985043172],[102.1351939999032,1.2190999985043172],[102.13566699923268,1.2248999988676017],[102.13272779894885,1.2294740470163261],[102.13557652383759,1.234365708731712],[102.13996781985905,1.2353787653377915],[102.14001778799057,1.2383654642115411],[102.14874089167886,1.2358813064966419],[102.14408666626666,1.24253427964542],[102.1451336282144,1.2455240721869707]]]}},{"type":"Feature","properties":{"code":"1403122004","desa":"Sepotong","kecamatan":"Siak Kecil","kecCode":"140312","kabCode":"1403","province":"Riau"},"geometry":{"type":"Polygon","coordinates":[[[102.13232689197251,1.1776635203395274],[102.1180121446448,1.1624200269640081],[102.12014418090928,1.1576435648053376],[102.11397721757459,1.1565103893508737],[102.10780100021604,1.1505519985903876],[102.10238152728574,1.148942982848719],[102.09899031874829,1.1509910431161685],[102.09386178639237,1.161051006101887],[102.09784014700521,1.1649558012676935],[102.097631944059,1.171036515114798],[102.09307599566074,1.1786700487669564],[102.10147758362365,1.1758181195969217],[102.12183747481963,1.1887092032391775],[102.13232689197251,1.1776635203395274]]]}},{"type":"Feature","properties":{"code":"1403122005","desa":"Lubuk Gaung","kecamatan":"Siak Kecil","kecCode":"140312","kabCode":"1403","province":"Riau"},"geometry":{"type":"Polygon","coordinates":[[[101.64188567278563,1.2967100313946784],[101.90834373877259,1.2970154159801648],[102.01537397732726,1.1406787411564896],[102.03490430958628,1.153113560953782],[102.04736207559937,1.1515729566400315],[102.05608042187401,1.1554562391232466],[102.06350910166377,1.1802644855989874],[102.06568953584348,1.1764755410989844],[102.07891894805105,1.1841200806543188],[102.0761916253433,1.1891874770919089],[102.08573607625897,1.1944156012646565],[102.07371766683688,1.2150720780566377],[102.08927889160763,1.2239896547315001],[102.09106554503892,1.224453757067467],[102.09324387930165,1.217217430580267],[102.09388633428692,1.200692075037954],[102.10485564856941,1.20059689708792],[102.10930920735409,1.190360454741405],[102.11505599933496,1.1962000000936261],[102.12183747481963,1.1887092032391775],[102.10147758362365,1.1758181195969217],[102.09315898779708,1.1787115470834144],[102.07945329283524,1.17262012500871],[102.07320958675308,1.178254687887252],[102.07035423386087,1.1771696540412169],[102.06453407159017,1.164204981573944],[102.07252906076756,1.1556484431299552],[102.08332705599888,1.1524793950204322],[102.08210428378572,1.1414463682799605],[102.0778983488298,1.1437164918447815],[102.06757148773403,1.1430645211336108],[102.06230336081148,1.1532010227206206],[102.0474364882034,1.1451917577139918],[102.03132063264115,1.1504344464072662],[102.02768005559015,1.1437449877630579],[102.02562182398805,1.1310981527937018],[102.02054051683142,1.123546257798185],[102.01976180286499,1.1115637772045117],[101.9966757293015,1.09804837250743],[101.98960844297534,1.0806162269497592],[101.98062149168855,1.0780537122043217],[101.9771711374381,1.0793942452420473],[101.97758470507011,1.090259351469613],[101.98039427437628,1.0959568983675045],[101.97556872721502,1.1083300957189224],[101.9638617799972,1.1087012917923522],[101.96102546125609,1.0971847004875044],[101.95735157331649,1.0951764352205067],[101.95394418597543,1.0969467533642592],[101.95180267085662,1.1053034210809918],[101.9474339810934,1.105769796003721],[101.94210081520055,1.092154519794866],[101.93272097978944,1.0934965358145996],[101.93073650968222,1.0910266548370857],[101.93195003506611,1.0869292230905767],[101.94145836021521,1.080390463841554],[101.93716105503869,1.0721956012478522],[101.9373894828384,1.058161542238912],[101.93303506891333,1.05629128423497],[101.91011111073925,1.0890833314136472],[101.89234503069866,1.1647729690959356],[101.88723699838881,1.1761589923296318],[101.87911000042622,1.1836929989103646],[101.85684199965861,1.2015189989604207],[101.77699996537615,1.2119722795431767],[101.71275001789905,1.211777818238052],[101.7053517720667,1.2007773577474636],[101.68889291867332,1.211545724801949],[101.67586865891154,1.226039389536648],[101.64188567278563,1.2967100313946784]]]}},{"type":"Feature","properties":{"code":"1403122006","desa":"Langkat","kecamatan":"Siak Kecil","kecCode":"140312","kabCode":"1403","province":"Riau"},"geometry":{"type":"Polygon","coordinates":[[[102.09307599566074,1.1786700487669564],[102.097631944059,1.171036515114798],[102.09784014700521,1.1649558012676935],[102.09386178639237,1.161051006101887],[102.09899031874829,1.1509910431161685],[102.10238152728574,1.148942982848719],[102.10389900013882,1.1377049988155372],[102.1016336339851,1.129519218475129],[102.0824540643037,1.1409609574074755],[102.08332705599888,1.1524793950204322],[102.07252906076756,1.1556484431299552],[102.06453407159017,1.164204981573944],[102.0708110903596,1.1774932606899304],[102.07368547920157,1.178007225037347],[102.07945329283524,1.17262012500871],[102.09307599566074,1.1786700487669564]]]}},{"type":"Feature","properties":{"code":"1403122007","desa":"Sadar Jaya","kecamatan":"Siak Kecil","kecCode":"140312","kabCode":"1403","province":"Riau"},"geometry":{"type":"Polygon","coordinates":[[[102.07025600001445,1.1132869987520768],[102.06679899977411,1.1138399990721228],[102.06531499968753,1.0930839988060805],[102.05270384980285,1.0916318158357865],[102.05310135014724,1.08633176298657],[102.0405482613932,1.0871950896668325],[102.03068441895084,1.1007041523448453],[102.01898976456602,1.1089291134487045],[102.02136418520904,1.123190066013749],[102.02678935624384,1.132469965151429],[102.0290165326869,1.14525242867708],[102.03356606172444,1.149097640160124],[102.0478523464087,1.1448526791287366],[102.06217670029451,1.1526858649728786],[102.06713549730539,1.1429110401354428],[102.07052384959604,1.142292379413507],[102.07025600001445,1.1132869987520768]]]}},{"type":"Feature","properties":{"code":"1403122008","desa":"Sungai Linau","kecamatan":"Siak Kecil","kecCode":"140312","kabCode":"1403","province":"Riau"},"geometry":{"type":"Polygon","coordinates":[[[101.90834373877259,1.2970154159801648],[101.99581454840272,1.2977703941390364],[102.06350910166377,1.1802644855989874],[102.05608042187401,1.1554562391232466],[102.04736207559937,1.1515729566400315],[102.03490430958628,1.153113560953782],[102.01537397732726,1.1406787411564896],[101.90834373877259,1.2970154159801648]]]}},{"type":"Feature","properties":{"code":"1403122009","desa":"Bandar Jaya","kecamatan":"Siak Kecil","kecCode":"140312","kabCode":"1403","province":"Riau"},"geometry":{"type":"Polygon","coordinates":[[[101.97633114007009,1.0798483570094073],[101.96402657356758,1.0806617362425222],[101.9643882530155,1.0689262328648337],[102.01379381633159,1.0215004182680576],[102.0080009997464,1.011864999139506],[101.97895628990089,0.9800161618210669],[101.96118210067344,0.9987854184959674],[101.96302799964252,1.0661999992390994],[101.95916699965737,1.0661999992390994],[101.96517896483743,1.0926927127775041],[101.96172874638461,1.0973088671843387],[101.96263294185684,1.105518009213482],[101.96679699808304,1.109015816187784],[101.97729042171561,1.1059701047007686],[101.97940814167247,1.0966307208057335],[101.97582705297616,1.0880884581999066],[101.97633114007009,1.0798483570094073]]]}},{"type":"Feature","properties":{"code":"1403122010","desa":"Muara Dua","kecamatan":"Siak Kecil","kecCode":"140312","kabCode":"1403","province":"Riau"},"geometry":{"type":"Polygon","coordinates":[[[102.01898976456602,1.1089291134487045],[102.03068441895084,1.1007041523448453],[102.0406432558816,1.088382113827316],[102.03759100002469,1.0873969991570678],[102.03809199974602,1.081329999071895],[102.03484400015054,1.076608999002994],[102.03680498716051,1.066365403448977],[102.03315100031845,1.0665589987069577],[102.03578899966266,1.0535619992095315],[102.03328900038713,1.0322169987619083],[102.02025600011437,1.0322489984389178],[102.01379381633159,1.0215004182680576],[101.96300340678188,1.0715959890661708],[101.96402657356758,1.0806617362425222],[101.97633114007009,1.0798483570094073],[101.97915234930154,1.0774514722036626],[101.99013356161463,1.0804257982046732],[101.99643913385898,1.0965466458857198],[102.01898976456602,1.1089291134487045]]]}},{"type":"Feature","properties":{"code":"1403122011","desa":"Tanjung Damai","kecamatan":"Siak Kecil","kecCode":"140312","kabCode":"1403","province":"Riau"},"geometry":{"type":"Polygon","coordinates":[[[101.99581454840272,1.2977703941390364],[102.0263738128013,1.2974343579602736],[102.0677812546013,1.224437984757433],[102.06956585038374,1.2220585243163116],[102.0753482060549,1.2249763540072158],[102.0789766188759,1.218132414318758],[102.07371766683688,1.2150720780566377],[102.08573607625897,1.1944156012646565],[102.0761916253433,1.1891874770919089],[102.07891894805105,1.1841200806543188],[102.06568953584348,1.1764755410989844],[101.99581454840272,1.2977703941390364]]]}},{"type":"Feature","properties":{"code":"1403122012","desa":"Sumber Jaya","kecamatan":"Siak Kecil","kecCode":"140312","kabCode":"1403","province":"Riau"},"geometry":{"type":"Polygon","coordinates":[[[102.0263738128013,1.2974343579602736],[102.05942380086775,1.2975159588453382],[102.06030424524475,1.2911930359877737],[102.08100460357964,1.2766347189912115],[102.07248970373688,1.260967791521969],[102.08337811770605,1.2545075547786235],[102.07795294667119,1.2448683584974323],[102.07384123728332,1.2469622841892203],[102.07110009829096,1.2418036128593355],[102.06674124441297,1.2422390538017498],[102.06958861762062,1.2299884160586212],[102.06749880182832,1.225892658849774],[102.0263738128013,1.2974343579602736]]]}},{"type":"Feature","properties":{"code":"1403122013","desa":"Lubuk Garam","kecamatan":"Siak Kecil","kecCode":"140312","kabCode":"1403","province":"Riau"},"geometry":{"type":"Polygon","coordinates":[[[102.09106554503892,1.224453757067467],[102.0949486719437,1.2297565168761264],[102.0815856186814,1.2370471848978752],[102.08387941870029,1.2423676595521227],[102.08778525528537,1.2389699183431309],[102.11417992296516,1.2474910747599077],[102.11605589436407,1.2390668949371957],[102.10707969357304,1.2356656886403679],[102.12061280863429,1.2214762375738495],[102.11467781642811,1.218544370365239],[102.11455593041192,1.2162392020189428],[102.13116699855817,1.2057999985241092],[102.12422247328857,1.198416975524249],[102.12168016720601,1.2008792752168982],[102.10930920735409,1.190360454741405],[102.10526015733046,1.2003946422579603],[102.09376736207417,1.200846739543938],[102.09106554503892,1.224453757067467]]]}},{"type":"Feature","properties":{"code":"1403122014","desa":"Liang Banir","kecamatan":"Siak Kecil","kecCode":"140312","kabCode":"1403","province":"Riau"},"geometry":{"type":"Polygon","coordinates":[[[102.11653192440882,1.2435912537442784],[102.12036485565363,1.2449559030019568],[102.12866775831048,1.238279803786787],[102.13252248642368,1.234353692889817],[102.1312306067072,1.2320730490557326],[102.13566699923268,1.2248999988676017],[102.1351939999032,1.2190999985043172],[102.13038687895134,1.2190999985043172],[102.12757821796043,1.2080524764910736],[102.11497008889853,1.2154853102411014],[102.11467781642811,1.218544370365239],[102.12061280863429,1.2214762375738495],[102.10709735805672,1.2355159928886708],[102.11550851660478,1.2383580897707875],[102.11653192440882,1.2435912537442784]]]}},{"type":"Feature","properties":{"code":"1403122015","desa":"Tanjung Datuk","kecamatan":"Siak Kecil","kecCode":"140312","kabCode":"1403","province":"Riau"},"geometry":{"type":"Polygon","coordinates":[[[102.12036485565363,1.2449559030019568],[102.1451336282144,1.2455240721869707],[102.14408666626666,1.24253427964542],[102.14874089167886,1.2358813064966419],[102.14001778799057,1.2383654642115411],[102.13996781985905,1.2353787653377915],[102.13557652383759,1.234365708731712],[102.13272779894885,1.2294740470163261],[102.13252248642368,1.234353692889817],[102.12036485565363,1.2449559030019568]]]}},{"type":"Feature","properties":{"code":"1403122016","desa":"Koto Raja","kecamatan":"Siak Kecil","kecCode":"140312","kabCode":"1403","province":"Riau"},"geometry":{"type":"Polygon","coordinates":[[[102.13016518977174,1.2168071247897316],[102.13543043886374,1.2156191626363158],[102.13414077058012,1.2092802786110803],[102.13736100001023,1.2083999988110314],[102.1383666938679,1.2033982510841086],[102.14813400038388,1.2044649990149785],[102.14690239233158,1.1981486852750982],[102.14912763343358,1.1873115452651999],[102.13413329991192,1.1760636812799916],[102.11505599933496,1.1962000000936261],[102.12168016720601,1.2008792752168982],[102.12422247328857,1.198416975524249],[102.13116699855817,1.2057999985241092],[102.12787802944756,1.2081666930888089],[102.13016518977174,1.2168071247897316]]]}},{"type":"Feature","properties":{"code":"1403122017","desa":"Sungai Nibung","kecamatan":"Siak Kecil","kecCode":"140312","kabCode":"1403","province":"Riau"},"geometry":{"type":"Polygon","coordinates":[[[101.9322550050645,1.0567739296921774],[101.9373894828384,1.058161542238912],[101.93716105503869,1.0721956012478522],[101.94145836021521,1.080390463841554],[101.93195003506611,1.0869292230905767],[101.93135041029325,1.0924115010692383],[101.94210081520055,1.092154519794866],[101.94875696026554,1.1063789392003955],[101.95193592070626,1.105084510806729],[101.95434393642358,1.0964327908154705],[101.95898864341119,1.0955761847689067],[101.96325263769916,1.1081587739700294],[101.96718350691339,1.1099957201860597],[101.97293228459732,1.1092818797154846],[101.97764361785875,1.1068262781734426],[101.98037523842656,1.096137736742323],[101.97758470507011,1.090259351469613],[101.9771711374381,1.0793942452420473],[101.98062149168855,1.0780537122043217],[101.98984463282365,1.080745836343575],[101.99062934976473,1.0843852047016653],[101.9966757293015,1.09804837250743],[102.01976180286499,1.1115637772045117],[102.02054051683142,1.123546257798185],[102.02562182398805,1.1310981527937018],[102.02768005559015,1.1437449877630579],[102.03132063264115,1.1504344464072662],[102.03448055623271,1.1502440887085807],[102.0474364882034,1.1451917577139918],[102.0549127547199,1.1504646429435557],[102.0624508873986,1.1531629517204918],[102.06757148773403,1.1430645211336108],[102.07831237421675,1.143640348945152],[102.1016336339851,1.129519218475129],[102.09462999987466,1.1203669987860976],[102.08941284832433,1.1178995801523908],[102.0769969997118,1.1226639985902884],[102.07025600001445,1.1132869987520768],[102.07052384959604,1.142292379413507],[102.06713549730539,1.1429110401354428],[102.06226236161876,1.1526192395984702],[102.04756681075973,1.1448050897041022],[102.03288077742599,1.1488977631376323],[102.02855015866292,1.1445005190050026],[102.02678935624384,1.132469965151429],[102.02136418520904,1.123190066013749],[102.02026963383662,1.110521818186475],[101.99643913385898,1.0965466458857198],[101.99040719923289,1.0806280521353406],[101.9837090180568,1.0778797752269185],[101.97785554399819,1.0777370069530265],[101.97607689543241,1.0807240241867488],[101.97582705297616,1.0880884581999066],[101.97940814167247,1.0966307208057335],[101.97712385827948,1.1062794346120741],[101.96886713041378,1.1091585826630932],[101.96346575274237,1.1073501917206436],[101.96172874638461,1.0973088671843387],[101.96517896483743,1.0926927127775041],[101.95916699965737,1.0661999992390994],[101.96302799964252,1.0661999992390994],[101.96118210067344,0.9987854184959674],[101.95407851770948,1.0061652363120999],[101.94882400022748,1.0311819986978588],[101.9322550050645,1.0567739296921774]]]}},{"type":"Feature","properties":{"code":"1403131001","desa":"Titian Antui","kecamatan":"Pinggir","kecCode":"140313","kabCode":"1403","province":"Riau"},"geometry":{"type":"Polygon","coordinates":[[[101.22129447585944,1.2535893082997633],[101.23285287306167,1.2531277339580909],[101.23579267858929,1.2499806239105056],[101.24055160127544,1.2508788694670467],[101.25163988956932,1.242467475305928],[101.26754658620602,1.2386722346523262],[101.2748516316975,1.2395805939846087],[101.27817097990686,1.2425501616727113],[101.28900704433971,1.241579341726402],[101.3032267036495,1.2450414573067063],[101.32040165391328,1.2417006935452055],[101.3271545633325,1.2384670066636712],[101.33359338542647,1.2294369517805925],[101.34131711569239,1.2236548623151706],[101.3537985788414,1.2203081495383468],[101.36130419203486,1.2097599985737133],[101.36217888524742,1.2005573026362268],[101.36002784720743,1.1972185722418967],[101.3559697985674,1.196390231887193],[101.34973388601007,1.2125092800247788],[101.31675693458493,1.2176965048296027],[101.28196088758494,1.2176654530380464],[101.27466038456913,1.2188728702252258],[101.27174792382765,1.222132731874909],[101.25860616044599,1.2221232143497314],[101.25110609966679,1.2261968509342285],[101.2416453630431,1.22465496058995],[101.22409374343157,1.2311225735727351],[101.22038892241089,1.2419579257304356],[101.22129447585944,1.2535893082997633]]]}},{"type":"Feature","properties":{"code":"1403131012","desa":"Balai Raja","kecamatan":"Pinggir","kecCode":"140313","kabCode":"1403","province":"Riau"},"geometry":{"type":"Polygon","coordinates":[[[101.2133435057982,1.2540693987829952],[101.22095213003684,1.2548004900489904],[101.22232342438656,1.2481219185975225],[101.22051384543767,1.2411869792093013],[101.22672899624625,1.2230376405084986],[101.24752627991391,1.208785146067337],[101.25441088335565,1.1956158040904503],[101.24198115100938,1.190970228362824],[101.23729272258112,1.182827473387773],[101.22128397627453,1.173653140269051],[101.21049561458102,1.1772793362571017],[101.20856182486834,1.1805081955779266],[101.18058441244074,1.1727013490778728],[101.15117880555749,1.1677540678912957],[101.14171623971275,1.1453617412717076],[101.1416816257065,1.140082011301962],[101.1361456330146,1.1664392572627553],[101.14191097441199,1.1765606709237748],[101.16083220034584,1.194067059113531],[101.17357868740658,1.1949790948743935],[101.19586224284829,1.2048878197710828],[101.19855880334613,1.2184284108814067],[101.21958067201045,1.2290269148873583],[101.2166453720863,1.2401999948486009],[101.21830147543278,1.2431713458922706],[101.2133435057982,1.2540693987829952]]]}},{"type":"Feature","properties":{"code":"1403132003","desa":"Balai Pungut","kecamatan":"Pinggir","kecCode":"140313","kabCode":"1403","province":"Riau"},"geometry":{"type":"Polygon","coordinates":[[[101.30183870978867,1.0461558060764762],[101.29759305717391,1.0474343029801516],[101.29565639412732,1.0509211616078897],[101.29024959534263,1.0503409334135934],[101.28811800244392,1.0568310510311714],[101.27461627462145,1.0659677061535335],[101.2796368559562,1.0728291457496448],[101.27993313220833,1.0826757211977371],[101.28266356387246,1.0812480438539065],[101.28538804742048,1.0843889341901871],[101.28860766261357,1.083684319864483],[101.2902029448101,1.0867712796564526],[101.3009889970446,1.0900503148520824],[101.30912168321917,1.0871228336370873],[101.30451178808862,1.0747653645289423],[101.30647814584984,1.0690482339941543],[101.3025595307978,1.0609704802178643],[101.30183870978867,1.0461558060764762]]]}},{"type":"Feature","properties":{"code":"1403132005","desa":"Muara Basung","kecamatan":"Pinggir","kecCode":"140313","kabCode":"1403","province":"Riau"},"geometry":{"type":"Polygon","coordinates":[[[101.38804878772146,1.1654371570970468],[101.39318614062796,1.1619051318182623],[101.38761820221833,1.1588879747054908],[101.39011187656189,1.155195051719619],[101.38852715690285,1.1497232427488981],[101.38148321787628,1.138271639153031],[101.38945598030932,1.1391424616825072],[101.3818031184192,1.1297601531462205],[101.38596644259728,1.1239128376515652],[101.38624441494785,1.111070116850895],[101.37934026833875,1.1025009087579913],[101.38131855740556,1.0857880436699612],[101.35054988137199,1.0860393807992057],[101.35217149841598,1.092720449667966],[101.34558669656883,1.097587042781333],[101.34433747979091,1.1035333160765897],[101.33914787537418,1.102583910786818],[101.33824939059694,1.1097037337003823],[101.33587621641429,1.1115005638579782],[101.3242518395508,1.1112362630014645],[101.31947534591052,1.1157617279746639],[101.31324635903229,1.1042558610852196],[101.29797010243834,1.1114818471675743],[101.27985603962458,1.111191680909727],[101.2761801695792,1.1208098294577273],[101.27659240171799,1.1264107522958422],[101.2621450538512,1.1265871210400547],[101.25461597464755,1.135161687293709],[101.25858265036909,1.1403762254083285],[101.26012929992731,1.1495990148982367],[101.27217651193655,1.1552478581114576],[101.28006836866035,1.1540060445540052],[101.28230298429537,1.1593911067188722],[101.30843021068573,1.1619130701339715],[101.32462718689521,1.1520531901154754],[101.33003304229112,1.1626396899707752],[101.32611325542246,1.1696939100391412],[101.33280807493274,1.1743510645380155],[101.34816902787837,1.1746932862538244],[101.35050449438694,1.171403101263407],[101.3484332675813,1.1667050797721554],[101.3518460022912,1.1644133194182456],[101.35383264066388,1.166177225395767],[101.36244364385915,1.165710751547588],[101.36787152455126,1.1607840270643572],[101.37083671973885,1.1604371198807013],[101.37509469486434,1.1645304965841465],[101.37835763489697,1.1593855947740663],[101.38804878772146,1.1654371570970468]]]}},{"type":"Feature","properties":{"code":"1403132007","desa":"Pinggir","kecamatan":"Pinggir","kecCode":"140313","kabCode":"1403","province":"Riau"},"geometry":{"type":"Polygon","coordinates":[[[101.22128397627453,1.173653140269051],[101.23729272258112,1.182827473387773],[101.24198115100938,1.190970228362824],[101.25514191166997,1.196088926626453],[101.27197644155962,1.1758684276721632],[101.28212399672515,1.1706362871271114],[101.28218074394624,1.1554084410558292],[101.27770083682422,1.1535137322841367],[101.27010400089898,1.1547553066219236],[101.26012929992731,1.1495990148982367],[101.25858265036909,1.1403762254083285],[101.25073123256038,1.1242943687339357],[101.2382964703059,1.1136930021859428],[101.23783703635017,1.0936632917054685],[101.22908874894664,1.1001742681985933],[101.22512814544761,1.1063340810168316],[101.21658818959334,1.1080323077067449],[101.21139007759007,1.1134243899795337],[101.21151952240807,1.1174180237742282],[101.20766349567384,1.1223817328765902],[101.2136010932159,1.1401743968570202],[101.22218104641819,1.1486206559351864],[101.22499898391601,1.1596049753937934],[101.22128397627453,1.173653140269051]]]}},{"type":"Feature","properties":{"code":"1403132008","desa":"Semunai","kecamatan":"Pinggir","kecCode":"140313","kabCode":"1403","province":"Riau"},"geometry":{"type":"Polygon","coordinates":[[[101.22409374343157,1.2311225735727351],[101.2416453630431,1.22465496058995],[101.25110609966679,1.2261968509342285],[101.25860616044599,1.2221232143497314],[101.27174792382765,1.222132731874909],[101.27466038456913,1.2188728702252258],[101.28196088758494,1.2176654530380464],[101.31675693458493,1.2176965048296027],[101.34973388601007,1.2125092800247788],[101.3559697985674,1.196390231887193],[101.38804878772146,1.1654371570970468],[101.37835763489697,1.1593855947740663],[101.37509469486434,1.1645304965841465],[101.37083671973885,1.1604371198807013],[101.36787152455126,1.1607840270643572],[101.36244364385915,1.165710751547588],[101.3517319853429,1.1644636409832605],[101.34834780770522,1.1668056050910238],[101.35050449438694,1.171403101263407],[101.34898114806155,1.1740324797035704],[101.34231897843819,1.1757135302417354],[101.33280807493274,1.1743510645380155],[101.32611325542246,1.1696939100391412],[101.33003304229112,1.1626396899707752],[101.32462718689521,1.1520531901154754],[101.30843021068573,1.1619130701339715],[101.28230298429537,1.1593911067188722],[101.28189610042477,1.170923494615444],[101.27020994283463,1.1777451032381607],[101.25441088335565,1.1956158040904503],[101.24752627991391,1.208785146067337],[101.22699787555159,1.2226688249405333],[101.22409374343157,1.2311225735727351]]]}},{"type":"Feature","properties":{"code":"1403132011","desa":"Tengganau","kecamatan":"Pinggir","kecCode":"140313","kabCode":"1403","province":"Riau"},"geometry":{"type":"Polygon","coordinates":[[[101.30183870978867,1.0461558060764762],[101.3025595307978,1.0609704802178643],[101.30647814584984,1.0690482339941543],[101.30451178808862,1.0747653645289423],[101.30881235330752,1.088175745498303],[101.3009889970446,1.0900503148520824],[101.2902029448101,1.0867712796564526],[101.28860766261357,1.083684319864483],[101.28538804742048,1.0843889341901871],[101.28266356387246,1.0812480438539065],[101.27993313220833,1.0826757211977371],[101.2796368559562,1.0728291457496448],[101.2746430249557,1.0654873746519555],[101.2692801157848,1.0705766444003135],[101.25315748383088,1.07763646724496],[101.24833312557337,1.0847986437302268],[101.23527101874258,1.092686690917057],[101.23441053841566,1.0956446663440098],[101.23786975458556,1.0936841119101197],[101.2382964703059,1.1136930021859428],[101.25073123256038,1.1242943687339357],[101.25461597464755,1.135161687293709],[101.2621450538512,1.1265871210400547],[101.27659240171799,1.1264107522958422],[101.2761801695792,1.1208098294577273],[101.27985603962458,1.111191680909727],[101.29797010243834,1.1114818471675743],[101.31324635903229,1.1042558610852196],[101.31947534591052,1.1157617279746639],[101.3242518395508,1.1112362630014645],[101.335988050708,1.111469630776891],[101.33851255920729,1.1093653754721102],[101.33914787537418,1.102583910786818],[101.34433747979091,1.1035333160765897],[101.34558669656883,1.097587042781333],[101.35217149841598,1.092720449667966],[101.35014368908001,1.0867198429320628],[101.35218601707105,1.0753259281474121],[101.35140206994964,1.0599357067829307],[101.35498497797442,1.0532241598900383],[101.35315548983402,1.0517189591872758],[101.35658070263736,1.0295067065187364],[101.35148895165383,1.0327198366969226],[101.33962801711937,1.0282094938239545],[101.33283125855581,1.0340613410024342],[101.32548312204852,1.0360910964690646],[101.32222049677858,1.0412492524873314],[101.31018048024504,1.0460566558209476],[101.30183870978867,1.0461558060764762]]]}},{"type":"Feature","properties":{"code":"1403132014","desa":"Sungai Meranti","kecamatan":"Pinggir","kecCode":"140313","kabCode":"1403","province":"Riau"},"geometry":{"type":"Polygon","coordinates":[[[101.20375004542831,1.11116999285931],[101.22512814544761,1.1063340810168316],[101.2363232929856,1.0918041745030496],[101.22670322437436,1.046754359756149],[101.21288450531573,1.0503140337918735],[101.21295663274248,1.0485673615227002],[101.20425970292301,1.0499712428052423],[101.16904658273364,1.0390344192418797],[101.16437046602425,1.0477194519202984],[101.14692425774837,1.0512426422593124],[101.14678382231563,1.0735192018500448],[101.13477784602082,1.073890163200457],[101.13397200040752,1.0971999988548253],[101.17421288571613,1.0973826403703384],[101.18020353606443,1.1050009071314726],[101.1820456353978,1.1212888488484618],[101.187930186429,1.123046594469944],[101.2008841192068,1.1160338583288942],[101.20375004542831,1.11116999285931]]]}},{"type":"Feature","properties":{"code":"1403132015","desa":"Pangkalan Libut","kecamatan":"Pinggir","kecCode":"140313","kabCode":"1403","province":"Riau"},"geometry":{"type":"Polygon","coordinates":[[[101.2692801157848,1.0705766444003135],[101.28234652856952,1.0609326898062033],[101.27616632811362,1.0450665625039468],[101.25897201005027,1.0319604815377095],[101.25467115435038,1.0242440447821342],[101.248461991228,1.0189913853053387],[101.23738623228881,1.0139475565013527],[101.23132176198976,1.0067824014614752],[101.21822966186949,1.0068884252353065],[101.1929834680127,0.9995694177772156],[101.18604077376278,1.0060885807989135],[101.17784029579308,1.0076146601622793],[101.16985559216191,1.0122862496793144],[101.14880562418027,1.0186260285299702],[101.13433615658839,1.020034873170877],[101.11367302928691,1.0193039177024545],[101.08426633602267,1.0078385607745257],[101.0788571792155,1.002965553696386],[100.9960942764298,1.071967616814195],[101.14656967035403,1.0737761840237603],[101.14692425774837,1.0512426422593124],[101.16437046602425,1.0477194519202984],[101.16904658273364,1.0390344192418797],[101.20425970292301,1.0499712428052423],[101.21295663274248,1.0485673615227002],[101.21288450531573,1.0503140337918735],[101.22670322437436,1.046754359756149],[101.2363232929856,1.0918041745030496],[101.24833312557337,1.0847986437302268],[101.25315748383088,1.07763646724496],[101.2692801157848,1.0705766444003135]]]}},{"type":"Feature","properties":{"code":"1403132016","desa":"Buluh Apo","kecamatan":"Pinggir","kecCode":"140313","kabCode":"1403","province":"Riau"},"geometry":{"type":"Polygon","coordinates":[[[100.99153420643852,1.2007285110706254],[101.06590141901533,1.1413526814059418],[101.10429680735182,1.1458405763013384],[101.13532235224481,1.146549778968119],[101.13544064457015,1.1486019878082268],[101.14029117759583,1.1487610706834304],[101.1416816257065,1.140082011301962],[101.14171623971275,1.1453617412717076],[101.15117880555749,1.1677540678912957],[101.18058441244074,1.1727013490778728],[101.20856182486834,1.1805081955779266],[101.21049561458102,1.1772793362571017],[101.22128397627453,1.173653140269051],[101.22500213873774,1.159482131599636],[101.22186524138783,1.1477049347526571],[101.21114543141658,1.1354703373175583],[101.20765245199914,1.122889141166299],[101.21151952240807,1.1174180237742282],[101.21139007759007,1.1134243899795337],[101.21658818959334,1.1080323077067449],[101.20375004542831,1.11116999285931],[101.2008841192068,1.1160338583288942],[101.18999016631317,1.1224996636743345],[101.1820456353978,1.1212888488484618],[101.18020353606443,1.1050009071314726],[101.17421288571613,1.0973826403703384],[101.13397200040752,1.0971999988548253],[101.13477784602082,1.073890163200457],[100.9960942764298,1.071967616814195],[100.98402777755996,1.0820277767514141],[100.98378663964178,1.1018348339791852],[100.99088170063003,1.1170366248922317],[100.98801106555827,1.1255113367212481],[100.98942321700792,1.135238775380797],[100.98766321138818,1.1496754383862882],[100.98819112062374,1.1602331032788469],[100.99037103679399,1.1633491948097878],[100.98829105778616,1.1789388372404122],[100.99283909484842,1.1934058865392128],[100.99153420643852,1.2007285110706254]]]}},{"type":"Feature","properties":{"code":"1403142001","desa":"Paritsatuapi-Api","kecamatan":"Bandar Laksamana","kecCode":"140314","kabCode":"1403","province":"Riau"},"geometry":{"type":"Polygon","coordinates":[[[101.97832891744564,1.483206359530367],[101.96819274230124,1.465367949735402],[101.9459914199681,1.4908635570435365],[101.95143154942649,1.4983227589159027],[101.95624909172226,1.500032464552382],[101.97832891744564,1.483206359530367]]]}},{"type":"Feature","properties":{"code":"1403142002","desa":"Temiang","kecamatan":"Bandar Laksamana","kecCode":"140314","kabCode":"1403","province":"Riau"},"geometry":{"type":"Polygon","coordinates":[[[101.96819274230124,1.465367949735402],[101.96848690065,1.4617393489601436],[101.9598032430253,1.4648444327892485],[101.94930829594112,1.4632390655970529],[101.94519105842068,1.469820213491412],[101.93118819777713,1.466352210049639],[101.93232273840376,1.440116330296755],[101.92314147869631,1.4276187917800833],[101.92646158593351,1.4195328847500581],[101.91636676341545,1.409862429833225],[101.90731508702167,1.405199105985153],[101.90638373382232,1.3985552285795173],[101.90377822338637,1.3965743278836777],[101.89218588307209,1.3973831565472805],[101.88785249529649,1.3888701767665332],[101.88233398542512,1.3903719357638682],[101.87841674903382,1.3880650173369207],[101.87156213978096,1.393442620524775],[101.85824422439153,1.3914253620372683],[101.85419914037811,1.3896883556814834],[101.85155793944739,1.3832638103321047],[101.84629933005009,1.3800277438444888],[101.83868505357242,1.3794566725471593],[101.83283158041313,1.3822168474862027],[101.82823922026385,1.380908145053029],[101.8225523087421,1.3731273060471865],[101.82493177008519,1.3688204824509176],[101.83154667134185,1.3670358866704253],[101.83223671575188,1.361467947367672],[101.82892926467387,1.354329566044377],[101.81850925809584,1.3559491020553367],[101.81421205724068,1.366307615678324],[101.80763558131706,1.3651567955253732],[101.8080964640806,1.3582379279213888],[101.80561783899212,1.356263161501263],[101.80044129722812,1.3565120740582195],[101.79667617936224,1.3616409400569267],[101.78819436557757,1.3598309941866265],[101.79279165940761,1.3483400155736305],[101.78573988458804,1.3407273551861714],[101.79388650575771,1.337334361498214],[101.79590626256402,1.3325828941971143],[101.78599401681049,1.3272024257692365],[101.78439393942881,1.3237101145519277],[101.78537423193528,1.3171223881167928],[101.79272058328836,1.3117625186603838],[101.79280343602981,1.3089917389157293],[101.77899281806418,1.2977720659786725],[101.64188567278563,1.2967100313946784],[101.9459914199681,1.4908635570435365],[101.96819274230124,1.465367949735402]]]}},{"type":"Feature","properties":{"code":"1403142003","desa":"Api-Api","kecamatan":"Bandar Laksamana","kecCode":"140314","kabCode":"1403","province":"Riau"},"geometry":{"type":"Polygon","coordinates":[[[101.95624909172226,1.500032464552382],[101.92140682856234,1.4744367096406787],[101.64188567278563,1.2967100313946784],[101.63086343969603,1.3285695013977592],[101.89203780520063,1.4954941707501772],[101.92206188125088,1.5155222372700472],[101.92953919727618,1.5242668985974124],[101.95624909172226,1.500032464552382]]]}},{"type":"Feature","properties":{"code":"1403142004","desa":"Tenggayun","kecamatan":"Bandar Laksamana","kecCode":"140314","kabCode":"1403","province":"Riau"},"geometry":{"type":"Polygon","coordinates":[[[101.92953919727618,1.5242668985974124],[101.92206188125088,1.5155222372700472],[101.89203780520063,1.4954941707501772],[101.63086343969603,1.3285695013977592],[101.62923483761772,1.3323695732093657],[101.59365055642807,1.3508816264774424],[101.56602343443397,1.3550349960551658],[101.89599510728846,1.5469902575679897],[101.92953919727618,1.5242668985974124]]]}},{"type":"Feature","properties":{"code":"1403142005","desa":"Sepahat","kecamatan":"Bandar Laksamana","kecCode":"140314","kabCode":"1403","province":"Riau"},"geometry":{"type":"Polygon","coordinates":[[[101.89599510728846,1.5469902575679897],[101.89203193532563,1.5438870856975773],[101.72745651530602,1.448593637569281],[101.72874285160138,1.5873842667992928],[101.7551974617935,1.6016277203560563],[101.7760700933602,1.6245086171666352],[101.78546616063488,1.639268033364349],[101.80601278436257,1.6229224298156935],[101.84104506707627,1.58725076963633],[101.87327863709947,1.561513687164497],[101.89599510728846,1.5469902575679897]]]}},{"type":"Feature","properties":{"code":"1403142006","desa":"Bukitkerikil","kecamatan":"Bandar Laksamana","kecCode":"140314","kabCode":"1403","province":"Riau"},"geometry":{"type":"Polygon","coordinates":[[[101.65229243504791,1.4050091286997153],[101.56602343443397,1.3550349960551658],[101.49635942974396,1.3533499003664171],[101.47627860357476,1.364844596776728],[101.46550348080102,1.374085311553609],[101.47303792356138,1.393272521853827],[101.4654637712361,1.401506299011769],[101.46030451174384,1.416958751663152],[101.4350678183252,1.4472429026223066],[101.44432837395533,1.4715844171445267],[101.44932524196639,1.494308268943612],[101.5066432214076,1.4933102759817487],[101.51989829756843,1.4889583774652702],[101.52647344969,1.4835729906450652],[101.54894864886114,1.4829126904131693],[101.65229243504791,1.4050091286997153]]]}},{"type":"Feature","properties":{"code":"1403142007","desa":"Tanjungleban","kecamatan":"Bandar Laksamana","kecCode":"140314","kabCode":"1403","province":"Riau"},"geometry":{"type":"Polygon","coordinates":[[[101.72745651530602,1.448593637569281],[101.65229243504791,1.4050091286997153],[101.54894864886114,1.4829126904131693],[101.52647344969,1.4835729906450652],[101.51989829756843,1.4889583774652702],[101.50712654135685,1.492896385493502],[101.52808540082066,1.5955543350842376],[101.57448489116483,1.5965061199801724],[101.5980444829666,1.6001720156406805],[101.61111100007264,1.5796109982863704],[101.61958914012678,1.552714382130335],[101.61560772541628,1.5519030038887105],[101.61827272060964,1.5454943225802151],[101.64068057135137,1.5478585952706825],[101.64346246132357,1.5532670838755314],[101.64229774484511,1.562215803173567],[101.63637364972418,1.5679424089654281],[101.63287199994289,1.5786529981758437],[101.62425432377808,1.588621603531651],[101.6421669996074,1.6098609983902685],[101.71853055604038,1.622686109565993],[101.72740492209954,1.6654486983410586],[101.72724209264851,1.6664080177569829],[101.72498939434512,1.6713779034032175],[101.72508068992198,1.6714829478153477],[101.74170405359926,1.6683165257261676],[101.76661732742774,1.6561331797550405],[101.78475445155674,1.6414905234377128],[101.78464566956204,1.635882440197487],[101.7551974617935,1.6016277203560563],[101.72874285160138,1.5873842667992928],[101.72745651530602,1.448593637569281]]]}},{"type":"Feature","properties":{"code":"1403152001","desa":"Tasikserai","kecamatan":"Talang Muandau","kecCode":"140315","kabCode":"1403","province":"Riau"},"geometry":{"type":"Polygon","coordinates":[[[101.64188567278563,1.2967100313946784],[101.67200715260805,1.2329780781984794],[101.49097281624256,1.12204788564773],[101.48858232381524,1.148873100129904],[101.45093586120112,1.1745412216878346],[101.4521742870138,1.1704545467323157],[101.44969964772064,1.16536249987753],[101.45131133534989,1.1617782392763187],[101.44690401340955,1.1585656109198559],[101.43992289742386,1.160664817430645],[101.43456911007644,1.1539190450386674],[101.42813733057339,1.1550503301181734],[101.42771095209882,1.1490810242860534],[101.41911248994948,1.1475285228409882],[101.41672707959111,1.149408296571442],[101.41012740655462,1.1469003445938386],[101.40677236695126,1.1448540101253284],[101.40338639336746,1.1369827505830818],[101.40145902931079,1.137577617042399],[101.40216334955899,1.1411587048353304],[101.39823723955703,1.142022449700338],[101.38148321787628,1.138271639153031],[101.38852715690285,1.1497232427488981],[101.39011187656189,1.155195051719619],[101.38761820221833,1.1588879747054908],[101.39318614062796,1.1619051318182623],[101.3559697985674,1.196390231887193],[101.36132979843148,1.1985844238930992],[101.36142519941346,1.208032967498006],[101.37113541606664,1.2053767002280305],[101.37523879233645,1.2013817102556281],[101.38934763538514,1.2022270406024018],[101.40102012328013,1.2064306930743167],[101.41756224040512,1.215731639945158],[101.41979208243873,1.224314018609473],[101.41798048541112,1.229218410228396],[101.42038480671351,1.231237065362912],[101.4246580847029,1.2302175300407718],[101.42765704763467,1.238108543191766],[101.43573803358345,1.2388546189617127],[101.44188056233816,1.2430451323385558],[101.44346507964973,1.2482294001724321],[101.46308338179267,1.2518319035212562],[101.46847859641015,1.2598916339845114],[101.4757612712657,1.2611265218629095],[101.5257499999626,1.2824999984438032],[101.5275273364175,1.326522429485167],[101.52263293895902,1.3282662850777],[101.51878959086696,1.3339284040829953],[101.51346573655456,1.33425308722026],[101.50507896042575,1.329556591878493],[101.50262503161997,1.3344811076267955],[101.4922434818513,1.3389552617807394],[101.4909260469995,1.347346753945006],[101.4783832635768,1.3551064498895804],[101.46652915669529,1.3566213192036713],[101.4622499998377,1.3657999987459168],[101.46550348080102,1.374085311553609],[101.47627860357476,1.364844596776728],[101.49635942974396,1.3533499003664171],[101.56218105221387,1.3556123365263804],[101.59365055642807,1.3508816264774424],[101.62923483761772,1.3323695732093657],[101.64188567278563,1.2967100313946784]]]}},{"type":"Feature","properties":{"code":"1403152002","desa":"Tasikserai Barat","kecamatan":"Talang Muandau","kecCode":"140315","kabCode":"1403","province":"Riau"},"geometry":{"type":"Polygon","coordinates":[[[101.35808687460963,1.214680283911048],[101.36338929897704,1.2187691253334292],[101.36296813387236,1.2242390295400314],[101.36697276638012,1.22610928574532],[101.36726722420309,1.2302540110395321],[101.37035814461274,1.2312876477313845],[101.37107769398044,1.2406892548193997],[101.37467761987632,1.242302579212994],[101.37519188100055,1.2548205269441832],[101.3797520193403,1.256547567912431],[101.3880095116297,1.293141579975742],[101.38155074167342,1.3130527795957454],[101.38513288077786,1.3231364999718975],[101.39310407569258,1.3368183997565084],[101.40307282764894,1.339183583460184],[101.41184708927182,1.3448348035816136],[101.41080607544005,1.3583679887748805],[101.41373262136345,1.3653795818776335],[101.4452424817552,1.3951294330192694],[101.46550348080102,1.374085311553609],[101.4622499998377,1.3657999987459168],[101.46652915669529,1.3566213192036713],[101.4783832635768,1.3551064498895804],[101.4909260469995,1.347346753945006],[101.4922434818513,1.3389552617807394],[101.50262503161997,1.3344811076267955],[101.50507896042575,1.329556591878493],[101.51346573655456,1.33425308722026],[101.51878959086696,1.3339284040829953],[101.52263293895902,1.3282662850777],[101.5275273364175,1.326522429485167],[101.5257499999626,1.2824999984438032],[101.4757612712657,1.2611265218629095],[101.46847859641015,1.2598916339845114],[101.46308338179267,1.2518319035212562],[101.44346507964973,1.2482294001724321],[101.44188056233816,1.2430451323385558],[101.43573803358345,1.2388546189617127],[101.42765704763467,1.238108543191766],[101.4246580847029,1.2302175300407718],[101.42038480671351,1.231237065362912],[101.41798048541112,1.229218410228396],[101.41979208243873,1.224314018609473],[101.41756224040512,1.215731639945158],[101.39803000697928,1.2051734030837862],[101.38934763538514,1.2022270406024018],[101.37489349583818,1.20141504182858],[101.37113541606664,1.2053767002280305],[101.36152805127858,1.208005886213186],[101.35808687460963,1.214680283911048]]]}},{"type":"Feature","properties":{"code":"1403152003","desa":"Kualapenaso","kecamatan":"Talang Muandau","kecCode":"140315","kabCode":"1403","province":"Riau"},"geometry":{"type":"Polygon","coordinates":[[[101.35054988137199,1.0860393807992057],[101.38131855740556,1.0857880436699612],[101.37480573639569,1.0787251442445729],[101.37434174197783,1.0726218250385482],[101.36655138543813,1.0545974066664476],[101.37591694501107,1.0467737401461843],[101.37365169756782,1.037807931031392],[101.37553623141201,1.0328776884002802],[101.37291247822832,1.0299652267627677],[101.37663681094011,1.027985515870035],[101.3753687398755,1.0249185812820452],[101.36818705708707,1.0267040979682824],[101.36476228225358,1.0319742474602451],[101.35926162482416,1.0286031216871416],[101.35658070263736,1.0295067065187364],[101.35315548983402,1.0517189591872758],[101.35498497797442,1.0532241598900383],[101.35140206994964,1.0599357067829307],[101.35054988137199,1.0860393807992057]]]}},{"type":"Feature","properties":{"code":"1403152004","desa":"Beringin","kecamatan":"Talang Muandau","kecCode":"140315","kabCode":"1403","province":"Riau"},"geometry":{"type":"Polygon","coordinates":[[[101.53275380674283,1.0732048672115868],[101.53289862457194,1.0671359263893878],[101.53017334242587,1.064483414688266],[101.52555915303252,1.0654391664937284],[101.51652490729867,1.0624019068353188],[101.52003699191367,1.058432965725996],[101.5184308557994,1.0562486203971455],[101.52017262136945,1.053293331245135],[101.51593358686561,1.0438950885209433],[101.51620724606761,1.0343845222718615],[101.51090881469007,1.0259728637100707],[101.50054181505276,1.0191531427643472],[101.50080457177364,0.979582792916707],[101.49708777358194,0.9796188422408729],[101.49548877628604,0.9712336219484888],[101.48798002625726,0.966875397600822],[101.45616790822243,0.9850323832369394],[101.45834317489766,0.9987105130634822],[101.45513498559114,1.0044229725195657],[101.43993396807821,1.0074056649136225],[101.43337016989749,1.0161471012720062],[101.4225161792783,1.013974968736575],[101.41700821215932,1.0226826328542722],[101.4282710129969,1.0351623090364392],[101.43084083024019,1.0415083309807567],[101.44357689595705,1.0408825332390412],[101.4580202238543,1.0463433965611915],[101.46295284699634,1.0540314345252195],[101.47565817658362,1.0590838230764137],[101.48876837106354,1.0728264801590883],[101.48394915423012,1.0784573171463379],[101.48762542177587,1.0935549971434282],[101.48457286284741,1.0981803956815777],[101.49111638041666,1.0971750723457316],[101.4982322939852,1.099436146032839],[101.50270415667153,1.0976852577419127],[101.50427758983896,1.0949761130336588],[101.50286724872461,1.0849784523812607],[101.50730615395588,1.0875703299914894],[101.52231048793874,1.0839137611999055],[101.53275380674283,1.0732048672115868]]]}},{"type":"Feature","properties":{"code":"1403152005","desa":"Kotopaitberingin","kecamatan":"Talang Muandau","kecCode":"140315","kabCode":"1403","province":"Riau"},"geometry":{"type":"Polygon","coordinates":[[[101.38131855740556,1.0857880436699612],[101.37920204433891,1.1012485371597007],[101.38623391266498,1.1109424796703562],[101.38596644259728,1.1239128376515652],[101.3818031184192,1.1297601531462205],[101.38476071163755,1.1336621307361228],[101.3929143852907,1.1413215001119807],[101.40179215438445,1.1413942741511651],[101.4016113160095,1.137158832443628],[101.40349346934818,1.1370327196138885],[101.40692941106352,1.1449967757013668],[101.41672707959111,1.149408296571442],[101.41911248994948,1.1475285228409882],[101.42771095209882,1.1490810242860534],[101.42813733057339,1.1550503301181734],[101.43456911007644,1.1539190450386674],[101.44004781865196,1.160688611693306],[101.44690401340955,1.1585656109198559],[101.44447653276585,1.146372284272652],[101.46344541827148,1.125890862315446],[101.45473778022443,1.1182849144677174],[101.45307588524395,1.111152420106543],[101.45839992931336,1.1074196409662656],[101.46995697123731,1.1054780010736756],[101.4785894187667,1.0975822350057438],[101.48603118279289,1.0968208078084432],[101.487101940802,1.0887484859372707],[101.48394915423012,1.0784573171463379],[101.48894088171635,1.0731596052323638],[101.47565817658362,1.0590838230764137],[101.46295284699634,1.0540314345252195],[101.4580202238543,1.0463433965611915],[101.44357689595705,1.0408825332390412],[101.43084083024019,1.0415083309807567],[101.4282710129969,1.0351623090364392],[101.41700821215932,1.0226826328542722],[101.40153981900748,1.0233503920632279],[101.39348154903432,1.0205193037822844],[101.37599722569148,1.0240461669525458],[101.37663681094011,1.027985515870035],[101.37291247822832,1.0299652267627677],[101.37553623141201,1.0328776884002802],[101.37365169756782,1.037807931031392],[101.37591694501107,1.0467737401461843],[101.36655138543813,1.0541024800674228],[101.37434174197783,1.0726218250385482],[101.37480573639569,1.0787251442445729],[101.38131855740556,1.0857880436699612]]]}},{"type":"Feature","properties":{"code":"1403152006","desa":"Melibur","kecamatan":"Talang Muandau","kecCode":"140315","kabCode":"1403","province":"Riau"},"geometry":{"type":"Polygon","coordinates":[[[101.48798002625726,0.966875397600822],[101.49548877628604,0.9712336219484888],[101.49708777358194,0.9796188422408729],[101.50080457177364,0.979582792916707],[101.50054181505276,1.0191531427643472],[101.51090881469007,1.0259728637100707],[101.51620724606761,1.0343845222718615],[101.51593358686561,1.0438950885209433],[101.52017262136945,1.053293331245135],[101.51743148237703,1.063679677086763],[101.53017334242587,1.064483414688266],[101.53289862457194,1.0671359263893878],[101.53274078635827,1.0733310708728143],[101.54029728589109,1.0766259422303632],[101.5506021495696,1.0669061828817474],[101.55488993722086,1.069290405233101],[101.557107043955,1.0678659267777897],[101.56054002240415,1.071456745235271],[101.56363759509901,1.067846199249416],[101.56841219656569,1.0679645761108234],[101.57143012799804,1.0641296915428728],[101.57701437381432,1.0631899728508463],[101.5753570725709,1.0597175348521473],[101.57877032259239,1.0552783382454203],[101.58609894830788,1.0609242181925453],[101.5895047474462,1.061035362706136],[101.58993736721577,1.0536604992551915],[101.59358051722717,1.0487975304096513],[101.59307439856467,1.039968043228406],[101.5989975323103,1.0340271829525],[101.547525513092,0.9216684775878805],[101.52591240403426,0.9301829043777602],[101.52241206096788,0.9349217523919117],[101.51887182757287,0.9509819048280225],[101.49888074295198,0.9591159381779769],[101.48798002625726,0.966875397600822]]]}},{"type":"Feature","properties":{"code":"1403152007","desa":"Tasikserai Timur","kecamatan":"Talang Muandau","kecCode":"140315","kabCode":"1403","province":"Riau"},"geometry":{"type":"Polygon","coordinates":[[[101.67252910383512,1.231917004989738],[101.68889291867332,1.211545724801949],[101.6838668613666,1.2064847657115982],[101.68148740092288,1.1954202716927729],[101.66756755489882,1.1806676139002732],[101.66382117260905,1.1669512898664167],[101.642867540005,1.1520287978036667],[101.64226920396067,1.1426904049615285],[101.60086908084344,1.124181985853866],[101.54953081509511,1.0690891720329967],[101.54029728589109,1.0766259422303632],[101.53262267479663,1.0732620047384065],[101.52772529428694,1.080448473710706],[101.52115882871702,1.0843135098489778],[101.50730615395588,1.0875703299914894],[101.50286724872461,1.0849784523812607],[101.50427758983896,1.0949761130336588],[101.50270415667153,1.0976852577419127],[101.4982322939852,1.099436146032839],[101.49130673631691,1.0971929211903828],[101.4785894187667,1.0975822350057438],[101.46995697123731,1.1054780010736756],[101.45839992931336,1.1074196409662656],[101.45307588524395,1.111152420106543],[101.45473778022443,1.1182849144677174],[101.46352156207048,1.1253673804428144],[101.44407202490407,1.1472764779453202],[101.44529982702545,1.1572797332800824],[101.45131133534989,1.1617782392763187],[101.44969964772064,1.16536249987753],[101.4521742870138,1.1704545467323157],[101.45093586120112,1.1745412216878346],[101.48858232381524,1.148873100129904],[101.49097281624256,1.12204788564773],[101.67252910383512,1.231917004989738]]]}},{"type":"Feature","properties":{"code":"1403152008","desa":"Tasiktebingserai","kecamatan":"Talang Muandau","kecCode":"140315","kabCode":"1403","province":"Riau"},"geometry":{"type":"Polygon","coordinates":[[[101.68889291867332,1.211545724801949],[101.7053517720667,1.2007773577474636],[101.65738892186128,1.1315000139502627],[101.63980557866459,1.0990556455734724],[101.5989975323103,1.0340271829525],[101.59307439856467,1.039968043228406],[101.59358051722717,1.0487975304096513],[101.58993736721577,1.0536604992551915],[101.5895047474462,1.061035362706136],[101.58609894830788,1.0609242181925453],[101.57877032259239,1.0552783382454203],[101.5753570725709,1.0597175348521473],[101.57701437381432,1.0631899728508463],[101.57143012799804,1.0641296915428728],[101.56841219656569,1.0679645761108234],[101.56324299956485,1.0680434952175895],[101.5610135352465,1.0713383647765267],[101.557107043955,1.0678659267777897],[101.55488993722086,1.069290405233101],[101.54978837373453,1.0673535218547892],[101.60086908084344,1.124181985853866],[101.64226920396067,1.1426904049615285],[101.642867540005,1.1520287978036667],[101.66382117260905,1.1669512898664167],[101.66756755489882,1.1806676139002732],[101.68148740092288,1.1954202716927729],[101.6838668613666,1.2064847657115982],[101.68889291867332,1.211545724801949]]]}},{"type":"Feature","properties":{"code":"1403152009","desa":"Seraiwangi","kecamatan":"Talang Muandau","kecCode":"140315","kabCode":"1403","province":"Riau"},"geometry":{"type":"Polygon","coordinates":[[[101.51642306986882,1.1199479371961885],[101.51640677235476,1.1126141664673825],[101.50617379508465,1.1126634430202162],[101.5061245482094,1.1199232759870263],[101.51642306986882,1.1199479371961885]]]}},{"type":"Feature","properties":{"code":"1403162001","desa":"Petani","kecamatan":"Bathin Solapan","kecCode":"140316","kabCode":"1403","province":"Riau"},"geometry":{"type":"Polygon","coordinates":[[[101.16106567783885,1.2871860148850998],[101.16069077026287,1.2808508315700962],[101.156977283375,1.2783234245586688],[101.157177217055,1.2643274869118277],[101.13086568000715,1.2641071593060738],[101.12709332169948,1.2735857744414774],[101.08692956944411,1.2775455244794989],[101.07689619130622,1.2873936179833076],[101.07114507358637,1.2837369565615626],[101.03907602373954,1.274675348964515],[100.97906820263552,1.2609951614890782],[100.97886680395987,1.2638017459422841],[100.98386885476388,1.2649103168448248],[100.98728613914408,1.2701144839776664],[100.98832192701536,1.2980871704368475],[100.9842795778403,1.3028428879339098],[100.98325874209735,1.31133757820223],[100.97736165991272,1.3152904799028629],[100.97907831731055,1.3205288554476637],[100.97405532309472,1.3268251826543394],[100.9680568981074,1.3297302545626597],[100.96788273000404,1.334689803401252],[100.97151332997623,1.3404184506541628],[100.9698121274278,1.3431868004305751],[100.97345253720488,1.3487912486111158],[101.01412266442945,1.3495250441385251],[101.06788470921204,1.3788816631186847],[101.07182328022024,1.3780527867680192],[101.07764554420658,1.3752542233681677],[101.08379369642198,1.3655851399174679],[101.09178129856814,1.3631799633624895],[101.09388674098038,1.349707693747917],[101.10389336608603,1.341611021833094],[101.10433451772387,1.338746864581161],[101.11680268259776,1.334455269205127],[101.12340223872239,1.3177969686835584],[101.14922199859642,1.2794999985970537],[101.16106567783885,1.2871860148850998]]]}},{"type":"Feature","properties":{"code":"1403162002","desa":"Airkulim","kecamatan":"Bathin Solapan","kecCode":"140316","kabCode":"1403","province":"Riau"},"geometry":{"type":"Polygon","coordinates":[[[101.12403798566459,1.3175776249360427],[101.11680268259776,1.334455269205127],[101.10539599562877,1.3379026332059651],[101.10389336608603,1.341611021833094],[101.09395336455617,1.3495934798482037],[101.09178129856814,1.3631799633624895],[101.08379369642198,1.3655851399174679],[101.07701850539978,1.3758154956524402],[101.06788470921204,1.3788816631186847],[101.07728841892542,1.3865821575923742],[101.11256361931567,1.3876119514811038],[101.11280346940464,1.390598652153468],[101.12652799976746,1.3933999998543534],[101.1266140720818,1.389255222399503],[101.1356330949914,1.3737737998870814],[101.13539085180643,1.3588019458358909],[101.15448001534048,1.3369983109302865],[101.13801907821795,1.3190110435517797],[101.12403798566459,1.3175776249360427]]]}},{"type":"Feature","properties":{"code":"1403162003","desa":"Buluhmanis","kecamatan":"Bathin Solapan","kecCode":"140316","kabCode":"1403","province":"Riau"},"geometry":{"type":"Polygon","coordinates":[[[101.13772344228312,1.2638368671660984],[101.13667881767338,1.238123579856323],[101.13155938555724,1.2337360681869387],[101.1298020239443,1.2265594629787542],[101.1181522358371,1.2088727319405812],[101.08521559292535,1.1960323628671201],[101.08399594585624,1.1932049519140309],[101.06041469658106,1.1826799441029245],[101.06102017863837,1.179854479282684],[101.04059055041363,1.1609641927462506],[100.99153420643852,1.2007285110706254],[100.98997883165782,1.233011477220602],[100.98362223008189,1.2489974418833782],[100.98257653527895,1.258923914900606],[100.97959433031417,1.2584827057066459],[100.97906820263552,1.2609951614890782],[101.03907602373954,1.274675348964515],[101.07114507358637,1.2837369565615626],[101.07689619130622,1.2873936179833076],[101.0866678739233,1.2776215945340124],[101.12709332169948,1.2735857744414774],[101.1306977765812,1.2642222689305456],[101.13772344228312,1.2638368671660984]]]}},{"type":"Feature","properties":{"code":"1403162004","desa":"Bumbung","kecamatan":"Bathin Solapan","kecCode":"140316","kabCode":"1403","province":"Riau"},"geometry":{"type":"Polygon","coordinates":[[[101.28844058656388,1.3432542351948644],[101.26877412032944,1.3370664948297784],[101.22441442368675,1.3371985548761718],[101.18228102844675,1.4157109468222078],[101.17184209743492,1.4247043471374237],[101.17674211925345,1.4294559313503912],[101.28485244088749,1.4296217438524566],[101.291481619781,1.431673790814511],[101.3015615117544,1.4442844379641397],[101.34028779934255,1.4673905421019033],[101.39769093828623,1.4513589979992543],[101.4350678183252,1.4472429026223066],[101.46030451174384,1.416958751663152],[101.4654637712361,1.401506299011769],[101.47303792356138,1.393272521853827],[101.46550348080102,1.374085311553609],[101.4452424817552,1.3951294330192694],[101.41373262136345,1.3653795818776335],[101.38310198406934,1.3639188697370837],[101.38242686300934,1.3825764998618897],[101.38681696742917,1.382754959529855],[101.38647194522417,1.3969246497931498],[101.37861972432086,1.3971031094610868],[101.3779072948858,1.4299549885355656],[101.30206958824095,1.428355278978386],[101.30098455439372,1.4249098188423357],[101.29757716705267,1.4263926974726309],[101.2866727946138,1.4110327050199933],[101.27713591509045,1.4033042164497296],[101.26362692164521,1.3762659255952865],[101.27131733922391,1.3763039965954666],[101.28844058656388,1.3432542351948644]]]}},{"type":"Feature","properties":{"code":"1403162005","desa":"Pamesi","kecamatan":"Bathin Solapan","kecCode":"140316","kabCode":"1403","province":"Riau"},"geometry":{"type":"Polygon","coordinates":[[[101.38242686300934,1.3825764998618897],[101.38341179242036,1.3581296819227617],[101.3381389997151,1.3558999990716682],[101.28844058656388,1.3432542351948644],[101.27131733922391,1.3763039965954666],[101.26362692164521,1.3762659255952865],[101.27713591509045,1.4033042164497296],[101.2866727946138,1.4110327050199933],[101.29757716705267,1.4263926974726309],[101.30098455439372,1.4249098188423357],[101.30206958824095,1.428355278978386],[101.3779072948858,1.4299549885355656],[101.37861972432086,1.3971031094610868],[101.38647194522417,1.3969246497931498],[101.38681696742917,1.382754959529855],[101.38242686300934,1.3825764998618897]]]}},{"type":"Feature","properties":{"code":"1403162006","desa":"Kesumboampai","kecamatan":"Bathin Solapan","kecCode":"140316","kabCode":"1403","province":"Riau"},"geometry":{"type":"Polygon","coordinates":[[[101.26681780529753,1.4296450983466142],[101.17674211925345,1.4294559313503912],[101.17184209743492,1.4247043471374237],[101.15526498858837,1.438561213623194],[101.17726119444863,1.4519010139998343],[101.20929269759995,1.4566331323871446],[101.20895744922694,1.4653734086201753],[101.24269952586245,1.4809210895836467],[101.24926317205778,1.4761450546029065],[101.25598437228102,1.4635267668131815],[101.26563430378013,1.465207225597485],[101.26442498992138,1.4502713678104655],[101.26543756988796,1.442524080711421],[101.2682429546487,1.439754387347861],[101.26632629881969,1.4373487548366266],[101.26681780529753,1.4296450983466142]]]}},{"type":"Feature","properties":{"code":"1403162007","desa":"Bathinsobanga","kecamatan":"Bathin Solapan","kecCode":"140316","kabCode":"1403","province":"Riau"},"geometry":{"type":"Polygon","coordinates":[[[101.34028779934255,1.4673905421019033],[101.3015615117544,1.4442844379641397],[101.29128888157669,1.4315488677879042],[101.26681780529753,1.4296450983466142],[101.26632629881969,1.4373487548366266],[101.2682429546487,1.439754387347861],[101.26543756988796,1.442524080711421],[101.26442498992138,1.4502713678104655],[101.26448869339855,1.4901131411453552],[101.27709755270996,1.4900003211948094],[101.27736955086414,1.4674484179720844],[101.31713627222126,1.4746794105803371],[101.34028779934255,1.4673905421019033]]]}},{"type":"Feature","properties":{"code":"1403162008","desa":"Sebangar","kecamatan":"Bathin Solapan","kecCode":"140316","kabCode":"1403","province":"Riau"},"geometry":{"type":"Polygon","coordinates":[[[101.22853837464633,1.301423363843697],[101.1966800287604,1.302691500557504],[101.18982084735426,1.318800446610543],[101.19672663792407,1.3189467833944017],[101.19668047662275,1.3254767400792786],[101.18864741644518,1.3265617739253],[101.18338012229486,1.3321194007022255],[101.18025350959185,1.336673688946929],[101.1791827515828,1.3451755027451795],[101.17567304657386,1.3450267863551633],[101.15847787325531,1.3596604710356988],[101.15106260055865,1.358158436845823],[101.1487304309647,1.3611104560629008],[101.14470081259248,1.3615159558763765],[101.13820385382483,1.3575688664941448],[101.13501953342478,1.359887946453133],[101.13448790639181,1.3635309957363497],[101.13828887393242,1.3711706007116573],[101.1496175815862,1.3875165936666505],[101.15043564089217,1.3944175063060162],[101.17184209743492,1.4247043471374237],[101.18228102844675,1.4157109468222078],[101.2286470936885,1.3293354458896798],[101.22853837464633,1.301423363843697]]]}},{"type":"Feature","properties":{"code":"1403162009","desa":"Boncahmahang","kecamatan":"Bathin Solapan","kecCode":"140316","kabCode":"1403","province":"Riau"},"geometry":{"type":"Polygon","coordinates":[[[101.13686796308609,1.3668662889218681],[101.12652799976746,1.3933999998543534],[101.11280346940464,1.390598652153468],[101.11256361931567,1.3876119514811038],[101.07728841892542,1.3865821575923742],[101.10739658968095,1.407164983506171],[101.10529236585005,1.4107220117364687],[101.11139769504763,1.4098991797293354],[101.12415922776619,1.4138969351169346],[101.12357946092344,1.4184273976227317],[101.13172711361545,1.4185251818080418],[101.15526498858837,1.438561213623194],[101.17184209743492,1.4247043471374237],[101.16500174243652,1.4175008854749878],[101.16311340176213,1.40975777482752],[101.1506430029723,1.3947649090161276],[101.14945339955482,1.387181089886592],[101.13686796308609,1.3668662889218681]]]}},{"type":"Feature","properties":{"code":"1403162010","desa":"Balaimakam","kecamatan":"Bathin Solapan","kecCode":"140316","kabCode":"1403","province":"Riau"},"geometry":{"type":"Polygon","coordinates":[[[101.12640197057452,1.3168802744344954],[101.13801907821795,1.3190110435517797],[101.14902440765036,1.3321519984283845],[101.15694565871526,1.3370099769358645],[101.17466506843823,1.3276930482129214],[101.18077730982503,1.3092165325548508],[101.17944197576661,1.3069897149437264],[101.1437058026807,1.3118119301115094],[101.12640197057452,1.3168802744344954]]]}},{"type":"Feature","properties":{"code":"1403162011","desa":"Tambusaibatangdui","kecamatan":"Bathin Solapan","kecCode":"140316","kabCode":"1403","province":"Riau"},"geometry":{"type":"Polygon","coordinates":[[[101.16838953085221,1.2973337247227237],[101.18151112783636,1.298733097703856],[101.18412318173948,1.2952376694363539],[101.18391016022575,1.2875141271373012],[101.17933445642007,1.2911725467335922],[101.17821634730666,1.288608441986792],[101.17315380630316,1.2893666945772817],[101.16697577501208,1.2941955728220336],[101.16838953085221,1.2973337247227237]]]}},{"type":"Feature","properties":{"code":"1403162012","desa":"Simpangpadang","kecamatan":"Bathin Solapan","kecCode":"140316","kabCode":"1403","province":"Riau"},"geometry":{"type":"Polygon","coordinates":[[[101.16766534188206,1.293081984601771],[101.14922199859642,1.2794999985970537],[101.12403798566459,1.3175776249360427],[101.1437058026807,1.3118119301115094],[101.1796113738659,1.307005061874458],[101.17864340207142,1.297288290973038],[101.16838953085221,1.2973337247227237],[101.16766534188206,1.293081984601771]]]}},{"type":"Feature","properties":{"code":"1403162013","desa":"Pematangobo","kecamatan":"Bathin Solapan","kecCode":"140316","kabCode":"1403","province":"Riau"},"geometry":{"type":"Polygon","coordinates":[[[101.1966800287604,1.302691500557504],[101.18745526704696,1.301316960555978],[101.18829164644238,1.3042425082286049],[101.1796113738659,1.307005061874458],[101.18064941363956,1.3105044165820072],[101.17466506843823,1.3276930482129214],[101.15303957301795,1.3373447909359426],[101.14993080556229,1.3438685575872302],[101.13978228632351,1.351591574682181],[101.13501953342478,1.359887946453133],[101.13820385382483,1.3575688664941448],[101.14470081259248,1.3615159558763765],[101.1487304309647,1.3611104560629008],[101.15106260055865,1.358158436845823],[101.15847787325531,1.3596604710356988],[101.17567304657386,1.3450267863551633],[101.1791827515828,1.3451755027451795],[101.18025350959185,1.336673688946929],[101.18338012229486,1.3321194007022255],[101.18864741644518,1.3265617739253],[101.19668047662275,1.3254767400792786],[101.19672663792407,1.3189467833944017],[101.18982084735426,1.318800446610543],[101.1966800287604,1.302691500557504]]]}},{"type":"Feature","properties":{"code":"1403101001","desa":"Batu Panjang","kecamatan":"Rupat","kecCode":"140310","kabCode":"1403","province":"Riau"},"geometry":{"type":"Polygon","coordinates":[[[101.52982708635102,1.7031662577170754],[101.470334949998,1.721563519720749],[101.54961885242818,1.8743339896329312],[101.59984544820895,1.8709079953225205],[101.52982708635102,1.7031662577170754]]]}},{"type":"Feature","properties":{"code":"1403101002","desa":"Pergam","kecamatan":"Rupat","kecCode":"140310","kabCode":"1403","province":"Riau"},"geometry":{"type":"Polygon","coordinates":[[[101.68731770304964,1.7351671515078235],[101.68382526592336,1.732976578373827],[101.6763914716891,1.733556518785078],[101.66311860963617,1.720678791873841],[101.64114365565523,1.7109241882924926],[101.63614224606782,1.7038187392431183],[101.61600116981822,1.6886800339729529],[101.6107446450494,1.8037002964207183],[101.62851149221166,1.8696380716558536],[101.67030379438467,1.8546935273171443],[101.65928010799063,1.8012698417216273],[101.67833344433308,1.7455508137725257],[101.68108886096223,1.7466287114981551],[101.68390289720098,1.737110167363204],[101.68534247167781,1.7380441061124552],[101.68731770304964,1.7351671515078235]]]}},{"type":"Feature","properties":{"code":"1403101003","desa":"Terkul","kecamatan":"Rupat","kecCode":"140310","kabCode":"1403","province":"Riau"},"geometry":{"type":"Polygon","coordinates":[[[101.52982708635102,1.7031662577170754],[101.59984544820895,1.8709079953225205],[101.62851149221166,1.8696380716558536],[101.6107446450494,1.8037002964207183],[101.61600116981822,1.6886800339729529],[101.6082672556294,1.6885885792161774],[101.59130200388442,1.6933436860735982],[101.5560955467721,1.6960430641444155],[101.52982708635102,1.7031662577170754]]]}},{"type":"Feature","properties":{"code":"1403101004","desa":"Tanjung Kapal","kecamatan":"Rupat","kecCode":"140310","kabCode":"1403","province":"Riau"},"geometry":{"type":"MultiPolygon","coordinates":[[[[101.43185101531218,1.7500000036458587],[101.43012850782446,1.7463726493308978],[101.43197443287386,1.7544503518459178],[101.43185101531218,1.7500000036458587]]],[[[101.4105001341739,1.7518907697897061],[101.40902687738854,1.7543114749384032],[101.41183910239272,1.7566019888320186],[101.41164854324576,1.7532768229119824],[101.4105001341739,1.7518907697897061]]],[[[101.41578259718914,1.7539598310255413],[101.41449768811788,1.7551091106398518],[101.41534001742792,1.7561370384353907],[101.41578259718914,1.7539598310255413]]],[[[101.4169675690981,1.7544737953729614],[101.41633225293116,1.7565082336094862],[101.41641077543699,1.7566010328526398],[101.4169675690981,1.7544737953729614]]],[[[101.4169053351132,1.74545669162663],[101.41767558106328,1.7554947318389142],[101.41558097008577,1.76720333559499],[101.41844518669609,1.7640437078838591],[101.41967155260011,1.752965635001339],[101.4169053351132,1.74545669162663]]],[[[101.38036282988077,1.7633591142655038],[101.3747360794066,1.7721720988873035],[101.37187689270449,1.786096519747218],[101.38068447600783,1.7910539497831073],[101.38036282988077,1.7633591142655038]]],[[[101.39700480592711,1.8275362255791245],[101.40418091112019,1.8271761487234468],[101.4065590882314,1.821801242602364],[101.41146005613672,1.79763673264497],[101.41114632584231,1.766954412246103],[101.40548748036298,1.7575389466053335],[101.39712357759112,1.7764363269941799],[101.39353081659397,1.7933306842642882],[101.39374051421345,1.822175761670729],[101.39700480592711,1.8275362255791245]]],[[[101.3817024896782,1.802178422287183],[101.38069807195853,1.791487569598279],[101.37211683992028,1.787784504058364],[101.37295607016652,1.8018639959178613],[101.37768752935608,1.8049495410762157],[101.3817024896782,1.802178422287183]]],[[[101.54961885242818,1.8743339896329312],[101.470334949998,1.721563519720749],[101.45432091297984,1.726359033117662],[101.44590039878442,1.7418326450181723],[101.43814725529165,1.7646771588561245],[101.42830392908314,1.7802477671358234],[101.42085284178529,1.8185811525707873],[101.42805834401742,1.8246568410063115],[101.44514522097523,1.8236502019623344],[101.43384880887548,1.8554011849486698],[101.46074841800515,1.9383190552205003],[101.46821695035203,1.971227740871435],[101.57774110876522,1.9285066144398118],[101.56836851559454,1.87230244181744],[101.54961885242818,1.8743339896329312]]]]}},{"type":"Feature","properties":{"code":"1403102005","desa":"Sungai Cingam","kecamatan":"Rupat","kecCode":"140310","kabCode":"1403","province":"Riau"},"geometry":{"type":"Polygon","coordinates":[[[101.77676222419733,1.9875266588141367],[101.7850900389742,1.9387981420603821],[101.78178546212945,1.9353285054497507],[101.77432814163052,1.9334479789867065],[101.77753196203048,1.9273501915105011],[101.77373589129843,1.9181817669375145],[101.76151818761434,1.9030773717025724],[101.7261423539865,1.907826938736193],[101.73185687829238,1.9402743863918843],[101.74264993444699,1.9566638669638818],[101.7399730403236,1.9776150210132917],[101.74129172793096,1.9874685581134566],[101.73882879331421,1.9949417327524677],[101.75631167864111,1.9966375726417116],[101.75579771609176,1.9928899232114043],[101.75805344421114,1.9928470912003617],[101.76655763762494,1.9948387001237526],[101.76897998044183,1.9852146259427204],[101.77676222419733,1.9875266588141367]]]}},{"type":"Feature","properties":{"code":"1403102006","desa":"Teluk Lecah","kecamatan":"Rupat","kecCode":"140310","kabCode":"1403","province":"Riau"},"geometry":{"type":"Polygon","coordinates":[[[101.7037682727876,1.842726935945267],[101.62851149221166,1.8696380716558536],[101.63326397395332,1.8749021057578983],[101.6379142684288,1.886987313210957],[101.64147565028111,1.887932506975576],[101.64787845722509,1.885372154200351],[101.65212430589207,1.8801662414834077],[101.66020410293709,1.8769694960534677],[101.66704244165543,1.8815521102447086],[101.67679400463965,1.8779954759173938],[101.67827121394544,1.883993505196426],[101.68601264556717,1.888986918905953],[101.71473633521379,1.8760056098801015],[101.72030427542204,1.8855710428678631],[101.73862017578057,1.8826443062915217],[101.74387069038009,1.905444283903176],[101.76151818761434,1.9030773717025724],[101.75430141687694,1.8928891051385694],[101.75040703135949,1.879589569208453],[101.74519389887938,1.8382653012535475],[101.7037682727876,1.842726935945267]]]}},{"type":"Feature","properties":{"code":"1403102007","desa":"Makeruh","kecamatan":"Rupat","kecCode":"140310","kabCode":"1403","province":"Riau"},"geometry":{"type":"Polygon","coordinates":[[[101.77676222419733,1.9875266588141367],[101.76897998044183,1.9852146259427204],[101.76655763762494,1.9948387001237526],[101.75579771609176,1.9928899232114043],[101.75631167864111,1.9966375726417116],[101.71172816862014,1.9905390729024843],[101.71665903358756,1.998169257479408],[101.70701019206678,2.0021547910804878],[101.70794167207055,2.007056797697432],[101.70221192943704,2.0108829723314368],[101.70564787025307,2.0144140919930202],[101.71448043042756,2.013690734896512],[101.70587629895208,2.0325360670221224],[101.71374755580513,2.0303945519056685],[101.72298113357249,2.036394601061983],[101.7154239658434,2.03886924215105],[101.71104575765567,2.0466548358726238],[101.72719435123838,2.0422677100123003],[101.73275148159563,2.04495323402708],[101.7380667051144,2.0413978128852097],[101.77676222419733,1.9875266588141367]]]}},{"type":"Feature","properties":{"code":"1403102008","desa":"Hutan Panjang","kecamatan":"Rupat","kecCode":"140310","kabCode":"1403","province":"Riau"},"geometry":{"type":"Polygon","coordinates":[[[101.71288143223238,2.020648278744449],[101.71444235942737,2.0135479693205545],[101.70564787025307,2.0144140919930202],[101.70219289258796,2.0110257388067807],[101.70799877902049,2.006952101322881],[101.70701019206678,2.0021547910804878],[101.71665903358756,1.998169257479408],[101.71172816862014,1.9905390729024843],[101.71408299933101,1.9785999980871924],[101.70555477063624,1.9783148491470366],[101.7053018093311,1.970573387856173],[101.69750907498388,1.964160743235445],[101.69504811258037,1.9588104632499157],[101.68864259957638,1.9647400873962038],[101.69176067141791,1.9744751550047441],[101.68729140957095,1.9800571767914166],[101.6830736368389,1.9760505873632925],[101.67284794227879,1.9727215642510738],[101.65578313468397,1.9714906756577812],[101.65780686199713,1.9644891540625815],[101.65113613442514,1.9583196213716376],[101.64430719901809,1.9594477102605101],[101.63726839781837,1.9470760318639817],[101.62490570003808,1.9570026343837343],[101.63025377669048,1.975953137725865],[101.65889852025055,2.0039544370154365],[101.65598368170161,2.0078210613564154],[101.71288143223238,2.020648278744449]]]}},{"type":"Feature","properties":{"code":"1403102009","desa":"Pangkalan Nyirih","kecamatan":"Rupat","kecCode":"140310","kabCode":"1403","province":"Riau"},"geometry":{"type":"Polygon","coordinates":[[[101.73882879331421,1.9949417327524677],[101.74129172793096,1.9874685581134566],[101.7399730403236,1.9776150210132917],[101.74264993444699,1.9566638669638818],[101.73185687829238,1.9402743863918843],[101.71625172793493,1.9441295830476522],[101.7027818334149,1.9361945417872692],[101.70956903668178,1.953769345901785],[101.71417053574167,1.9558647563742835],[101.71355353786554,1.9589339248782514],[101.71890732431365,1.9598262232181314],[101.71172816862014,1.9905390729024843],[101.73882879331421,1.9949417327524677]]]}},{"type":"Feature","properties":{"code":"1403102010","desa":"Sukarjo Mesim","kecamatan":"Rupat","kecCode":"140310","kabCode":"1403","province":"Riau"},"geometry":{"type":"Polygon","coordinates":[[[101.68731770304964,1.7351671515078235],[101.68534247167781,1.7380441061124552],[101.68390289720098,1.737110167363204],[101.68108886096223,1.7466287114981551],[101.67833344433308,1.7455508137725257],[101.65928010799063,1.8012698417216273],[101.67030379438467,1.8546935273171443],[101.7037682727876,1.842726935945267],[101.6941774582232,1.8028401902126774],[101.72524322529468,1.7606111584150597],[101.71530346298447,1.754783464328708],[101.70734745492113,1.7423160126309702],[101.68731770304964,1.7351671515078235]]]}},{"type":"Feature","properties":{"code":"1403102011","desa":"Darul Aman","kecamatan":"Rupat","kecCode":"140310","kabCode":"1403","province":"Riau"},"geometry":{"type":"MultiPolygon","coordinates":[[[[101.40649999288041,1.8358296898419018],[101.40345019487063,1.8415787508059354],[101.40338023481006,1.8441657909628673],[101.40605124017266,1.8412361846498109],[101.40649999288041,1.8358296898419018]]],[[[101.35377356240002,1.8877778127919163],[101.36301868116725,1.8882785894809193],[101.36697617121335,1.8817560989675834],[101.36950322299538,1.873263819781601],[101.36711723167497,1.8703047525777299],[101.35376925105015,1.8833008194782932],[101.35377356240002,1.8877778127919163]]],[[[101.46821695035203,1.971227740871435],[101.43384880887548,1.8554011849486698],[101.44514522097523,1.8236502019623344],[101.42805834401742,1.8246568410063115],[101.42085284178529,1.8185811525707873],[101.40913252164857,1.8583482192236538],[101.39227506174477,1.8867094721617383],[101.38304211260343,1.9097309249141305],[101.39134159064196,1.921173370713737],[101.39433686365537,1.9329939697420904],[101.39314418815383,1.938914629446239],[101.39894475779441,1.949726470627787],[101.39793248359727,1.9702053412085598],[101.39995647800913,1.9858138631070723],[101.39655689768271,1.9964783980356555],[101.3994290193338,1.9928998229484143],[101.39808911582007,1.9984190279896106],[101.46821695035203,1.971227740871435]]]]}},{"type":"Feature","properties":{"code":"1403102012","desa":"Parit Kebumen","kecamatan":"Rupat","kecCode":"140310","kabCode":"1403","province":"Riau"},"geometry":{"type":"Polygon","coordinates":[[[101.72012422035652,1.9100493559644878],[101.74387069038009,1.905444283903176],[101.73862017578057,1.8826443062915217],[101.72030427542204,1.8855710428678631],[101.71473633521379,1.8760056098801015],[101.68601264556717,1.888986918905953],[101.69161236331996,1.9000155983238014],[101.70127373329622,1.9000666249573255],[101.70015340465598,1.906703833890019],[101.707125225249,1.907429568793964],[101.70680399730668,1.910806024848839],[101.7127057685564,1.9114317812216979],[101.71320899140187,1.9079885541022779],[101.72012422035652,1.9100493559644878]]]}},{"type":"Feature","properties":{"code":"1403102013","desa":"Sri Tanjung","kecamatan":"Rupat","kecCode":"140310","kabCode":"1403","province":"Riau"},"geometry":{"type":"Polygon","coordinates":[[[101.7037682727876,1.842726935945267],[101.74519389887938,1.8382653012535475],[101.73683095118751,1.7777003034441397],[101.73206666224671,1.7641049112456146],[101.72834944407164,1.7611906266822965],[101.72524322529468,1.7606111584150597],[101.6941774582232,1.8028401902126774],[101.7037682727876,1.842726935945267]]]}},{"type":"Feature","properties":{"code":"1403102014","desa":"Pancur Jaya","kecamatan":"Rupat","kecCode":"140310","kabCode":"1403","province":"Riau"},"geometry":{"type":"Polygon","coordinates":[[[101.73185687829238,1.9402743863918843],[101.7261423539865,1.907826938736193],[101.72012422035652,1.9100493559644878],[101.71320899140187,1.9079885541022779],[101.7127057685564,1.9114317812216979],[101.70680399730668,1.910806024848839],[101.707125225249,1.907429568793964],[101.70015340465598,1.906703833890019],[101.70127373329622,1.9000666249573255],[101.69161236331996,1.9000155983238014],[101.69182293058383,1.9154708595580192],[101.69494522024574,1.9180825402396529],[101.69919644326131,1.9175500372676189],[101.69960362840474,1.9198506109775837],[101.70139340158426,1.9188626742348174],[101.70877804966733,1.9262235883015946],[101.70707591272327,1.9282663542602396],[101.70504385768793,1.9254162821901986],[101.70188596656419,1.9269424865593385],[101.70321318064383,1.9332941958163126],[101.70014398066024,1.9361142395232807],[101.70606763331466,1.9369793018950134],[101.71625172793493,1.9441295830476522],[101.73185687829238,1.9402743863918843]]]}},{"type":"Feature","properties":{"code":"1403102015","desa":"Pangkalan Pinang","kecamatan":"Rupat","kecCode":"140310","kabCode":"1403","province":"Riau"},"geometry":{"type":"Polygon","coordinates":[[[101.69504811258037,1.9588104632499157],[101.69750907498388,1.964160743235445],[101.7053018093311,1.970573387856173],[101.70555477063624,1.9783148491470366],[101.71408299933101,1.9785999980871924],[101.71890732431365,1.9598262232181314],[101.71355353786554,1.9589339248782514],[101.71417053574167,1.9558647563742835],[101.70956903668178,1.953769345901785],[101.7027818334149,1.9361945417872692],[101.6986568356445,1.935546252900575],[101.69604507761831,1.9317115607875],[101.69046901203535,1.935786326021198],[101.70079688666702,1.9551461009334907],[101.69504811258037,1.9588104632499157]]]}},{"type":"Feature","properties":{"code":"1403102016","desa":"Dungun Baru","kecamatan":"Rupat","kecCode":"140310","kabCode":"1403","province":"Riau"},"geometry":{"type":"Polygon","coordinates":[[[101.62851149221166,1.8696380716558536],[101.56836851559454,1.87230244181744],[101.57774110876522,1.9285066144398118],[101.59238758901608,1.9440447769787952],[101.59318708631501,1.9559230468319417],[101.60426585798302,1.9652886054951952],[101.61768601729591,1.990986784194813],[101.63207699655618,1.9803077629867372],[101.6246201643891,1.9577640633795896],[101.63578854720372,1.947024026768105],[101.64119596292339,1.9513777823846252],[101.64430719901809,1.9594477102605101],[101.65113613442514,1.9583196213716376],[101.65747227642447,1.9640717634129818],[101.65578313468397,1.9714906756577812],[101.67284794227879,1.9727215642510738],[101.68853962270549,1.9795995378830598],[101.69176067141791,1.9744751550047441],[101.68870922495084,1.964587802496332],[101.69624735762947,1.9567165447526726],[101.70079688666702,1.9551461009334907],[101.69049930659776,1.9353027182893972],[101.69604507761831,1.9317115607875],[101.70014398066024,1.9361142395232807],[101.70321318064383,1.9332941958163126],[101.70188596656419,1.9269424865593385],[101.70504385768793,1.9254162821901986],[101.70707591272327,1.9282663542602396],[101.7087976629818,1.926386202814448],[101.70139340158426,1.9188626742348174],[101.69960362840474,1.9198506109775837],[101.69919644326131,1.9175500372676189],[101.69494522024574,1.9180825402396529],[101.69182293058383,1.9154708595580192],[101.69170532623986,1.9003236071310232],[101.68733487470477,1.8904194346024525],[101.6784223755922,1.8841704018426852],[101.67638832226332,1.877891720233741],[101.66704244165543,1.8815521102447086],[101.66112033493556,1.8771521204818382],[101.65731523231214,1.8773179096015544],[101.64829187736831,1.8851695873055914],[101.64055248361028,1.8879401359244372],[101.63685022295947,1.8857120970341101],[101.63326397395332,1.8749021057578983],[101.62851149221166,1.8696380716558536]]]}},{"type":"Feature","properties":{"code":"1403112004","desa":"Kador","kecamatan":"Rupat Utara","kecCode":"140311","kabCode":"1403","province":"Riau"},"geometry":{"type":"Polygon","coordinates":[[[101.706368995233,2.0505215168708855],[101.7154239658434,2.03886924215105],[101.72298113357249,2.036394601061983],[101.71374755580513,2.0303945519056685],[101.70598099532674,2.032726422922095],[101.71200352933948,2.0202180529705736],[101.65598368170161,2.0078210613564154],[101.64344331925382,2.025680522481934],[101.67174999956292,2.0635999976437613],[101.69989379826023,2.0550666653056906],[101.69704939281529,2.051729526711319],[101.69769982838443,2.0483989549665464],[101.706368995233,2.0505215168708855]]]}},{"type":"Feature","properties":{"code":"1403112005","desa":"Titi Akar","kecamatan":"Rupat Utara","kecCode":"140311","kabCode":"1403","province":"Riau"},"geometry":{"type":"MultiPolygon","coordinates":[[[[101.57774110876522,1.9285066144398118],[101.39808911582007,1.9984190279896106],[101.3979043069383,2.0067073391371326],[101.40656061258227,2.022721676511231],[101.42918134004685,2.0459011923076758],[101.44609172055651,2.0565240868269115],[101.47410604385891,2.065731427762764],[101.50790887239663,2.0495903992949134],[101.51873603623913,2.0355290008955884],[101.51652283526066,2.0277612254417092],[101.52507245433037,2.035764167315165],[101.54731650884986,2.0402268515157207],[101.55495959780723,2.046734335941423],[101.556070963804,2.043056697832934],[101.56005312225386,2.0452529897558493],[101.56360909558332,2.0431994661069317],[101.56559862257842,2.044651829840963],[101.56475648392467,2.0484163838277394],[101.57763023135014,2.042576717066977],[101.60777497393593,2.0431128622933064],[101.60930338524311,2.0363212820336205],[101.63384898564226,2.0391854491780106],[101.65598368170161,2.0078210613564154],[101.65091163936073,2.0105242534520813],[101.60603287291882,2.0125331329560003],[101.60749240155313,2.0033314100849955],[101.60036115544301,2.0007982761907517],[101.60552659327772,1.9992235587932186],[101.60588351261407,1.9963682050047982],[101.59232058502705,1.9861246256384297],[101.58143455066401,1.9708127936798654],[101.5740463250779,1.9654946995310056],[101.58439698043632,1.955108351890615],[101.59099659591622,1.9425690992201057],[101.57774110876522,1.9285066144398118]]],[[[101.54938074702392,2.098736260832995],[101.55671260310417,2.09764016262787],[101.5535300939387,2.089865785250771],[101.55051950996744,2.0892258330794276],[101.54692541797374,2.0933142644110023],[101.54268321425899,2.09356070653032],[101.54938074702392,2.098736260832995]]]]}},{"type":"Feature","properties":{"code":"1403112006","desa":"Hutan Ayu","kecamatan":"Rupat Utara","kecCode":"140311","kabCode":"1403","province":"Riau"},"geometry":{"type":"Polygon","coordinates":[[[101.65091163936073,2.0105242534520813],[101.65889852025055,2.0039544370154365],[101.63239584489241,1.9782544111083777],[101.61957055024078,1.9913865328438776],[101.61768601729591,1.990986784194813],[101.60426585798302,1.9652886054951952],[101.59318708631501,1.9559230468319417],[101.59099659591622,1.9425690992201057],[101.58439698043632,1.955108351890615],[101.57418909155336,1.964281174148425],[101.59232058502705,1.9861246256384297],[101.60588351261407,1.9963682050047982],[101.60552659327772,1.9992235587932186],[101.60036115544301,2.0007982761907517],[101.60749240155313,2.0033314100849955],[101.60603287291882,2.0125331329560003],[101.65091163936073,2.0105242534520813]]]}},{"type":"Feature","properties":{"code":"1403112001","desa":"Tanjung Medang","kecamatan":"Rupat Utara","kecCode":"140311","kabCode":"1403","province":"Riau"},"geometry":{"type":"MultiPolygon","coordinates":[[[[101.63854697836041,2.032572587591073],[101.5954316889214,2.0933786702585766],[101.61267358831549,2.103950491379523],[101.62057908325812,2.1040860066212472],[101.63515154300939,2.1089009120994304],[101.63850899459446,2.114394822808837],[101.65345152356899,2.1241618415309254],[101.65731519543999,2.1073641757698116],[101.63854697836041,2.032572587591073]]],[[[101.6354763088846,2.111995486451136],[101.62844357361212,2.1081858278664463],[101.62977676638474,2.1108540084556053],[101.6354763088846,2.111995486451136]]],[[[101.63497304287169,2.1148570932257247],[101.63633613090774,2.1206786134662776],[101.64121078824734,2.1220072997346944],[101.64091155592365,2.1179186067004356],[101.63497304287169,2.1148570932257247]]],[[[101.62999106403646,2.1136144648824255],[101.62516617877617,2.1160280536958602],[101.6285470945728,2.121020753343742],[101.63669288476888,2.1250282645769922],[101.64003959575079,2.1237288053757446],[101.63577190884654,2.120409113629025],[101.63464922128458,2.1152290285418354],[101.62999106403646,2.1136144648824255]]]]}},{"type":"Feature","properties":{"code":"1403112002","desa":"Teluk Rhu","kecamatan":"Rupat Utara","kecCode":"140311","kabCode":"1403","province":"Riau"},"geometry":{"type":"Polygon","coordinates":[[[101.64108317804629,2.0290026450961127],[101.63854697836041,2.032572587591073],[101.65731519543999,2.1073641757698116],[101.65345152356899,2.1241618415309254],[101.65570655921037,2.125813732451179],[101.68646935277847,2.1080800100373116],[101.64108317804629,2.0290026450961127]]]}},{"type":"Feature","properties":{"code":"1403112003","desa":"Tanjung Punak","kecamatan":"Rupat Utara","kecCode":"140311","kabCode":"1403","province":"Riau"},"geometry":{"type":"Polygon","coordinates":[[[101.68732136958562,2.0843280649673663],[101.65759665940837,2.044640151064993],[101.64344331925382,2.025680522481934],[101.64108317804629,2.0290026450961127],[101.65114083608078,2.049188483279735],[101.65648128828087,2.0539594209031407],[101.65638016131544,2.057945020154773],[101.66830225244706,2.07828346069895],[101.67207369794288,2.0809722519506515],[101.68646935277847,2.1080800100373116],[101.70672947498537,2.0941633503266224],[101.7149388562433,2.0796436529165074],[101.68732136958562,2.0843280649673663]]]}},{"type":"Feature","properties":{"code":"1403112007","desa":"Suka Damai","kecamatan":"Rupat Utara","kecCode":"140311","kabCode":"1403","province":"Riau"},"geometry":{"type":"MultiPolygon","coordinates":[[[[101.63384898564226,2.0391854491780106],[101.60930338524311,2.0363212820336205],[101.60777497393593,2.0431128622933064],[101.57763023135014,2.042576717066977],[101.56475648392467,2.0484163838277394],[101.57331145126248,2.0691995714988],[101.5838444774407,2.075817557422809],[101.5861775355649,2.085776242357211],[101.5954316889214,2.0933786702585766],[101.63384898564226,2.0391854491780106]]],[[[101.57975816220947,2.0773464327784645],[101.57929725606357,2.0756521145421125],[101.5710164020853,2.0698876598826326],[101.57361140034591,2.073577719427178],[101.57975816220947,2.0773464327784645]]],[[[101.57743705337737,2.078197403673071],[101.57664964116805,2.0768728929570095],[101.57102600774415,2.0747427677541728],[101.57255960544148,2.0770337510938934],[101.57743705337737,2.078197403673071]]],[[[101.5745231815996,2.1022627166104355],[101.57549326140496,2.1026607673394615],[101.5761560869339,2.1004561638821904],[101.5745231815996,2.1022627166104355]]]]}},{"type":"Feature","properties":{"code":"1403112008","desa":"Putri Sembilan","kecamatan":"Rupat Utara","kecCode":"140311","kabCode":"1403","province":"Riau"},"geometry":{"type":"Polygon","coordinates":[[[101.72153517031194,2.0446763660443428],[101.7108913098861,2.046205532780267],[101.706368995233,2.0505215168708855],[101.69849435962702,2.0479037028129197],[101.69699688499831,2.051538852451369],[101.69989379826023,2.0550666653056906],[101.67174999956292,2.0635999976437613],[101.68732136958562,2.0843280649673663],[101.7149388562433,2.0796436529165074],[101.71513768825376,2.066545074094607],[101.72153517031194,2.0446763660443428]]]}}]}