{"type":"FeatureCollection","features":[{"type":"Feature","properties":{"code":"1405011010","desa":"Ukui I","kecamatan":"Ukui","kecCode":"140501","kabCode":"1405","province":"Riau"},"geometry":{"type":"Polygon","coordinates":[[[102.1383634958787,-0.09494950231137486],[102.14188530036635,-0.09500654001346538],[102.14419717226171,-0.09986320730938314],[102.16492566408817,-0.11159819987208446],[102.17145382933079,-0.09812068271351848],[102.17218846932245,-0.11425567852884042],[102.1505402156585,-0.13565962863711792],[102.13044805803149,-0.1172427137490161],[102.10232315768762,-0.08466279865442775],[102.11231100135171,-0.08320641764896197],[102.13028657396626,-0.08679762281492485],[102.1383634958787,-0.09494950231137486]]]}},{"type":"Feature","properties":{"code":"1405012001","desa":"Air Hitam","kecamatan":"Ukui","kecCode":"140501","kabCode":"1405","province":"Riau"},"geometry":{"type":"Polygon","coordinates":[[[102.06620225193244,-0.11235969901513797],[102.07324069070533,-0.11903745388215935],[102.07443039574622,-0.1287541924079538],[102.08630407907002,-0.13094261346425953],[102.08579952163069,-0.1511708636752177],[102.07962644560403,-0.1517693184294289],[102.07986317684417,-0.1467496723951921],[102.05908790858017,-0.14711109553595392],[102.05908744273135,-0.14364510477702325],[102.05148954380745,-0.14388516350842065],[102.05172875627714,-0.15667353378121243],[102.04270619273666,-0.1570334118867091],[102.04270671794075,-0.16061897560545113],[102.03717816444077,-0.1593648809061734],[102.03596763469864,-0.16216181743246896],[102.03782060143965,-0.1683287348948251],[102.04779525204928,-0.18216737571992636],[102.0895357262928,-0.18094117439318708],[102.08977101681904,-0.17587058446308432],[102.1033333859271,-0.17504916169351734],[102.09915557636879,-0.18030840420768215],[102.08949278906101,-0.20906979250293056],[102.09384323697589,-0.21295071246713887],[102.0949039540543,-0.21851275131785083],[102.08621089761488,-0.21701229004229325],[102.04748255597525,-0.23164034316807083],[102.03386909997901,-0.23365714929650444],[102.02202035035894,-0.23088404030785606],[101.99788931673862,-0.23105298964515925],[101.99767894103036,-0.24784689713920655],[101.99037964220678,-0.27391582045223],[101.98576701493585,-0.2440912248569532],[101.98813428327058,-0.20871134971541755],[101.99287556395613,-0.16281311095410803],[102.00145368703807,-0.1379385376789577],[102.0033356317341,-0.08568350759189002],[101.9928516977477,-0.06207885168816431],[101.99782657103945,-0.060929526208441706],[102.01058805159738,-0.07468844303359747],[102.02389964205491,-0.09985720883129164],[102.02369947275253,-0.1063811571455631],[102.02783865642893,-0.11197193742959699],[102.0525042479727,-0.11508150887570054],[102.06620225193244,-0.11235969901513797]]]}},{"type":"Feature","properties":{"code":"1405012002","desa":"Air Emas","kecamatan":"Ukui","kecCode":"140501","kabCode":"1405","province":"Riau"},"geometry":{"type":"Polygon","coordinates":[[[102.10434656484217,-0.13120053453019775],[102.07443039574622,-0.1287541924079538],[102.07309446273933,-0.11877580872367513],[102.06303159133493,-0.11017075994931393],[102.07419020391482,-0.1031779599793965],[102.08333171898369,-0.10795763631503663],[102.0836861238156,-0.08907435999399003],[102.09478550794488,-0.08489046922472569],[102.11348422361806,-0.10281557546332576],[102.11562155329209,-0.10819334232780234],[102.11395986155844,-0.11070323863964003],[102.11453827672015,-0.12964291414407597],[102.10887975589606,-0.1275792335519788],[102.10796622905825,-0.12241599276682721],[102.10410808531991,-0.12235668697458343],[102.10434656484217,-0.13120053453019775]]]}},{"type":"Feature","properties":{"code":"1405012003","desa":"Bukit Gajah","kecamatan":"Ukui","kecCode":"140501","kabCode":"1405","province":"Riau"},"geometry":{"type":"Polygon","coordinates":[[[102.10232315768762,-0.08466279865442775],[102.13044805803149,-0.1172427137490161],[102.16570236537193,-0.15115497715129547],[102.16339924567869,-0.15322226672271116],[102.1655606079358,-0.15938839278172082],[102.15712215586284,-0.1679547401311861],[102.1165319190129,-0.16857389637954218],[102.11640853022952,-0.14406036852989906],[102.1140971952294,-0.14456011549511746],[102.11395986155844,-0.11070323863964003],[102.11562155329209,-0.10819334232780234],[102.11348422361806,-0.10281557546332576],[102.09612257139962,-0.08617223606338174],[102.10232315768762,-0.08466279865442775]]]}},{"type":"Feature","properties":{"code":"1405012004","desa":"Bukit Jaya","kecamatan":"Ukui","kecCode":"140501","kabCode":"1405","province":"Riau"},"geometry":{"type":"Polygon","coordinates":[[[102.1033333859271,-0.17504916169351734],[102.08977101681904,-0.17587058446308432],[102.08956282556403,-0.16500404381687184],[102.08629818761129,-0.1650045546318036],[102.08611272941897,-0.15986023558251114],[102.09825496199697,-0.15992017269879202],[102.09632560324405,-0.15809789622397866],[102.09685876541977,-0.1508672984181853],[102.11646335559942,-0.15113324413473295],[102.11675407763862,-0.17123979448927998],[102.10728436757955,-0.17127409283340997],[102.1033333859271,-0.17504916169351734]]]}},{"type":"Feature","properties":{"code":"1405012005","desa":"Kampung Baru","kecamatan":"Ukui","kecCode":"140501","kabCode":"1405","province":"Riau"},"geometry":{"type":"Polygon","coordinates":[[[102.08956282556403,-0.16500404381687184],[102.0895357262928,-0.18094117439318708],[102.04779525204928,-0.18216737571992636],[102.03782060143965,-0.1683287348948251],[102.03618102223646,-0.16008214509571358],[102.04270671794075,-0.16061897560545113],[102.04270619273666,-0.1570334118867091],[102.05172875627714,-0.15667353378121243],[102.05148954380745,-0.14388516350842065],[102.05908744273135,-0.14364510477702325],[102.05908790858017,-0.14711109553595392],[102.07986317684417,-0.1467496723951921],[102.07962644560403,-0.1517693184294289],[102.08579952163069,-0.1511708636752177],[102.08629818761129,-0.1650045546318036],[102.08956282556403,-0.16500404381687184]]]}},{"type":"Feature","properties":{"code":"1405012006","desa":"Lubuk Kembang Bunga","kecamatan":"Ukui","kecCode":"140501","kabCode":"1405","province":"Riau"},"geometry":{"type":"Polygon","coordinates":[[[101.9995703978556,-0.37986250082874634],[101.98532483986952,-0.3944916897982291],[101.95781400021598,-0.40178051960571215],[101.94279443981162,-0.39999446962150315],[101.93312771976849,-0.3947888698687486],[101.90963052023237,-0.3927083395788042],[101.9014498804077,-0.3867583493855981],[101.89870972167637,-0.38676527776255015],[101.8978275218227,-0.3908661404226667],[101.89108032219917,-0.39404985917274565],[101.87807704362073,-0.39106030495158983],[101.87502752709878,-0.3969480431734852],[101.87029335105736,-0.39627989096079924],[101.86942817896733,-0.40025739721327014],[101.85952010337013,-0.4015794258005454],[101.85652864528083,-0.3970755823279932],[101.84986139538717,-0.3952767098100556],[101.84866214674076,-0.3901513502680517],[101.84553994970894,-0.3901626691353159],[101.84541796476731,-0.38630331221586567],[101.84060148457091,-0.3799390843961203],[101.84149521013592,-0.37721507749178596],[101.83480797280976,-0.37795175894365135],[101.8387264691513,-0.3720485541811402],[101.83187362167034,-0.37222844197249233],[101.82701195503772,-0.3687669316359927],[101.82993769157127,-0.36041013441690883],[101.82080627319102,-0.35374288453065156],[101.81995956508193,-0.3448255533707768],[101.81219909571176,-0.3405097815202337],[101.8112183769266,-0.33596101331418354],[101.80459811840846,-0.33812388283257877],[101.80299819571023,-0.3281367757244451],[101.79340435402774,-0.33303987501754173],[101.79034493776872,-0.33752950470518256],[101.77537728263552,-0.33842694267059154],[101.77511643517538,-0.33480786121921546],[101.76101409692308,-0.3364062110014125],[101.76025366077789,-0.29315884447703283],[101.754362657111,-0.2938503610764699],[101.74436933117977,-0.2902263963063755],[101.73677314006841,-0.28091627994799667],[101.72997740043672,-0.28390964189871293],[101.72510300479989,-0.2762466824293309],[101.74925119658553,-0.24354334167931058],[101.85847586097223,-0.10891658880760323],[101.89771851499749,-0.07465125876500149],[101.90102491476807,-0.06456673889161148],[101.96321198294669,-0.030236499381035637],[101.97278665198247,-0.04363687898988087],[101.97362869440876,-0.05339587575929047],[101.97734597733506,-0.05704922138052658],[101.98143245174627,-0.05708908472959308],[101.98520666805337,-0.06173208569809467],[101.99269180997914,-0.06254137121724791],[102.0033356317341,-0.08568350759189002],[102.00145368703807,-0.1379385376789577],[101.99287556395613,-0.16281311095410803],[101.98813428327058,-0.20871134971541755],[101.98576701493585,-0.2440912248569532],[101.99037964220678,-0.27391582045223],[101.9914223989246,-0.3058937014908374],[101.98347808024926,-0.3593866546682259],[101.99913883029284,-0.37659885483187755],[101.9995703978556,-0.37986250082874634]]]}},{"type":"Feature","properties":{"code":"1405012007","desa":"Lubuk Kembang Sari","kecamatan":"Ukui","kecCode":"140501","kabCode":"1405","province":"Riau"},"geometry":{"type":"Polygon","coordinates":[[[102.0949039540543,-0.21851275131785083],[102.09384323697589,-0.21295071246713887],[102.08949278906101,-0.20906979250293056],[102.09944037727166,-0.17965820875829375],[102.10728436757955,-0.17127409283340997],[102.11675407763862,-0.17123979448927998],[102.116814762991,-0.16857033146691972],[102.15712215586284,-0.1679547401311861],[102.14517167403358,-0.17242215296701685],[102.14634641705355,-0.180957625691325],[102.14328749002573,-0.1886807264232368],[102.14646878600576,-0.1882738227679904],[102.14758502093201,-0.19040084261172005],[102.14556858262404,-0.1989818237294966],[102.14957893392074,-0.2113024808882875],[102.12945848182352,-0.21521077891341833],[102.10511490243084,-0.2142212027066221],[102.0949039540543,-0.21851275131785083]]]}},{"type":"Feature","properties":{"code":"1405012008","desa":"Silikuan Hulu","kecamatan":"Ukui","kecCode":"140501","kabCode":"1405","province":"Riau"},"geometry":{"type":"Polygon","coordinates":[[[102.16769036621746,-0.25768927904861677],[102.16229999984517,-0.26496111077015244],[102.15852164395874,-0.2616790754361482],[102.1586051478094,-0.2646522772846239],[102.15547320662323,-0.26547744932775263],[102.15566859692825,-0.2694554708917134],[102.14943796788798,-0.2691488074702969],[102.14787838158213,-0.2775788157990965],[102.14661352289585,-0.2801204231055598],[102.1435828669558,-0.2801947493746016],[102.14344125071322,-0.282842449702778],[102.14317754340895,-0.27380549612037264],[102.12759187686368,-0.27339283410604664],[102.1144166056419,-0.2667527833157835],[102.09764122056595,-0.2362813404470459],[102.0949039540543,-0.21851275131785083],[102.10511490243084,-0.2142212027066221],[102.12945848182352,-0.21521077891341833],[102.15715853343961,-0.20987382058546808],[102.15292911088981,-0.21451494376957242],[102.14488335408355,-0.2357441448126263],[102.16769036621746,-0.25768927904861677]]]}},{"type":"Feature","properties":{"code":"1405012009","desa":"Tri Mulya Jaya","kecamatan":"Ukui","kecCode":"140501","kabCode":"1405","province":"Riau"},"geometry":{"type":"Polygon","coordinates":[[[102.08611272941897,-0.15986023558251114],[102.08630407907002,-0.13094261346425953],[102.10434656484217,-0.13120053453019775],[102.10410808531991,-0.12235668697458343],[102.10796622905825,-0.12241599276682721],[102.10887975589606,-0.1275792335519788],[102.11453827672015,-0.12964291414407597],[102.1140971952294,-0.14456011549511746],[102.11640853022952,-0.14406036852989906],[102.11646335559942,-0.15113324413473295],[102.09685876541977,-0.1508672984181853],[102.09632560324405,-0.15809789622397866],[102.09825496199697,-0.15992017269879202],[102.08611272941897,-0.15986023558251114]]]}},{"type":"Feature","properties":{"code":"1405012011","desa":"Ukui Dua","kecamatan":"Ukui","kecCode":"140501","kabCode":"1405","province":"Riau"},"geometry":{"type":"Polygon","coordinates":[[[102.18070181693537,-0.23498709011913846],[102.16769036621746,-0.25768927904861677],[102.14488335408355,-0.2357441448126263],[102.15292911088981,-0.21451494376957242],[102.15715853343961,-0.20987382058546808],[102.14957893392074,-0.2113024808882875],[102.14652174438304,-0.20483150534042577],[102.14758502093201,-0.19040084261172005],[102.14323992578197,-0.1882266065619632],[102.14634641705355,-0.180957625691325],[102.14517167403358,-0.17242215296701685],[102.15516352507665,-0.1692572129606007],[102.1655606079358,-0.15938839278172082],[102.16339924567869,-0.15322226672271116],[102.16570236537193,-0.15115497715129547],[102.1505402156585,-0.13565962863711792],[102.15968633075958,-0.12864295616346416],[102.17342874144333,-0.1115963175910997],[102.18696487193137,-0.10987793169823346],[102.18744979357318,-0.10684883428667742],[102.20151737482706,-0.10679324719106603],[102.20151706995688,-0.10380573263221698],[102.21445535722899,-0.10362516045683852],[102.21475179086251,-0.10045840651781617],[102.22359481195103,-0.10009903473061776],[102.24157749460572,-0.10075447592555924],[102.25042054986851,-0.10308373531073499],[102.2504207693031,-0.10523464384593818],[102.2590855402655,-0.10589094749071147],[102.26106505241029,-0.16609836316301543],[102.21439865587331,-0.16530449652028378],[102.20532741382914,-0.17974027369351858],[102.18070181693537,-0.23498709011913846]]]}},{"type":"Feature","properties":{"code":"1405012012","desa":"Bagan Limau","kecamatan":"Ukui","kecCode":"140501","kabCode":"1405","province":"Riau"},"geometry":{"type":"Polygon","coordinates":[[[102.04198975142594,-0.3427864161765891],[102.03245629382297,-0.35163580805262173],[102.02681146697567,-0.3507202379561845],[102.0165195967021,-0.3535899143474348],[102.015280114186,-0.3597988202567847],[102.01100407977452,-0.3592964148956265],[102.01058629432207,-0.36761271834093434],[101.9995703978556,-0.37986250082874634],[101.99913883029284,-0.37659885483187755],[101.98347808024926,-0.3593866546682259],[101.9914223989246,-0.3058937014908374],[101.99037964220678,-0.27391582045223],[101.99767894103036,-0.24784689713920655],[101.99788931673862,-0.23105298964515925],[102.02202035035894,-0.23088404030785606],[102.03386909997901,-0.23365714929650444],[102.04748255597525,-0.23164034316807083],[102.08621089761488,-0.21701229004229325],[102.0949039540543,-0.21851275131785083],[102.09764122056595,-0.2362813404470459],[102.1144166056419,-0.2667527833157835],[102.12759187686368,-0.27339283410604664],[102.14317754340895,-0.27380549612037264],[102.14339519463259,-0.28754718283446123],[102.08723976430372,-0.28831165153886756],[102.08718740757286,-0.29800351931351315],[102.04803045803924,-0.3139694380877788],[102.04714995700499,-0.34184024574824373],[102.04198975142594,-0.3427864161765891]]]}},{"type":"Feature","properties":{"code":"1405021007","desa":"Pangkalan Kerinci Barat","kecamatan":"Pangkalan Kerinci","kecCode":"140502","kabCode":"1405","province":"Riau"},"geometry":{"type":"Polygon","coordinates":[[[101.80096616855388,0.4140815456635987],[101.83407796342732,0.41347348345194973],[101.84971507569024,0.40916679025746394],[101.84420659056178,0.40074909994273683],[101.84201748691754,0.38218930346602803],[101.83470778293787,0.38152305601742964],[101.83822938507814,0.3765547396882336],[101.84199845096781,0.37819180888180304],[101.84515831880144,0.37067551714675906],[101.84917960765283,0.3704851621460734],[101.84756157440717,0.36296606452620184],[101.8533355735779,0.3622262903058166],[101.85398992569459,0.3599360587993936],[101.84218943459477,0.31822983708133634],[101.8252429139294,0.33621142074438015],[101.82396752238334,0.36268911200721804],[101.81047143690732,0.36423432444706255],[101.81055555589427,0.36886111063912924],[101.81291666657096,0.3689722218777944],[101.8142220424134,0.3728473178323525],[101.81063888887365,0.37461111049529744],[101.81080555573185,0.3835555580135297],[101.8128333326922,0.38294444350286355],[101.81438055601791,0.3867888887635346],[101.81498457757624,0.3923603507106968],[101.81177777772233,0.3942499998965584],[101.81391666682077,0.3972888891265013],[101.80609953206783,0.40388618344883515],[101.79453537290918,0.4079205115660602],[101.80096616855388,0.4140815456635987]]]}},{"type":"Feature","properties":{"code":"1405021008","desa":"Pangkalan Kerinci Kota","kecamatan":"Pangkalan Kerinci","kecCode":"140502","kabCode":"1405","province":"Riau"},"geometry":{"type":"Polygon","coordinates":[[[101.84199845096781,0.37819180888180304],[101.83822938507814,0.3765547396882336],[101.83470778293787,0.38152305601742964],[101.8423220576169,0.3829697666130364],[101.84420659056178,0.40074909994273683],[101.84971507569024,0.40916679025746394],[101.84216263389851,0.41000401411530124],[101.84727014909816,0.4198887271133601],[101.84623200860038,0.42853614654658384],[101.85206297892343,0.43291389607515623],[101.85808301461947,0.421278331658419],[101.85794024634538,0.37072668317515173],[101.87153886622576,0.36701472603822893],[101.88726710409365,0.36703851760293976],[101.90752821465541,0.36103037904487467],[101.90781374760644,0.35857612828458424],[101.90535100544464,0.35636322858147845],[101.89061024476705,0.3592399970263815],[101.8853183226825,0.35531864444243183],[101.8734019827154,0.3574887139331268],[101.86477167557246,0.35546141271636245],[101.85781889182846,0.3586594100025384],[101.85202787838392,0.3709296934356433],[101.84673833680483,0.3725001381541231],[101.84199845096781,0.37819180888180304]]]}},{"type":"Feature","properties":{"code":"1405021009","desa":"Pangkalan Kerinci Timur","kecamatan":"Pangkalan Kerinci","kecCode":"140502","kabCode":"1405","province":"Riau"},"geometry":{"type":"Polygon","coordinates":[[[101.90752821465541,0.36103037904487467],[101.88726710409365,0.36703851760293976],[101.87153886622576,0.36701472603822893],[101.85758332790834,0.3712144718551399],[101.85808301461947,0.421278331658419],[101.85252697334118,0.43259266993183365],[101.85360041582658,0.4480712038217949],[101.88525956097999,0.44928788222744],[101.88508936158483,0.4468212711848735],[101.88782574226423,0.4455006698217463],[101.90035360503491,0.44210993792872805],[101.90177890277418,0.4382218989313306],[101.89941847558225,0.4258891530855321],[101.91301227959309,0.3984175364944074],[101.90777746535781,0.39200250956967336],[101.90065335986475,0.39001803856532086],[101.89842618342169,0.38500689382236797],[101.90056769943983,0.37093000280239935],[101.90475079161581,0.37101566502589056],[101.91337395724241,0.37769718985094575],[101.90850558076801,0.3684886779979098],[101.90752821465541,0.36103037904487467]]]}},{"type":"Feature","properties":{"code":"1405022001","desa":"Mekar Jaya","kecamatan":"Pangkalan Kerinci","kecCode":"140502","kabCode":"1405","province":"Riau"},"geometry":{"type":"Polygon","coordinates":[[[101.8219167029935,0.414051457945281],[101.80096616855388,0.4140815456635987],[101.79467378486731,0.4081371825283897],[101.7941689998995,0.4102059991486357],[101.797607000163,0.41766199943450943],[101.81117900011083,0.4242589996785325],[101.81826300033725,0.43289199938202017],[101.8316973365629,0.4324413670916708],[101.8363846390399,0.44746457243154],[101.85360041582658,0.4480712038217949],[101.8534901589437,0.4353855487170657],[101.84906012372579,0.42960653673170107],[101.8219167029935,0.42939367709620807],[101.8219167029935,0.414051457945281]]]}},{"type":"Feature","properties":{"code":"1405022002","desa":"Kuala Terusan","kecamatan":"Pangkalan Kerinci","kecCode":"140502","kabCode":"1405","province":"Riau"},"geometry":{"type":"Polygon","coordinates":[[[101.84218943459477,0.31822983708133634],[101.85413864208469,0.3555340554545903],[101.8533355735779,0.3622262903058166],[101.84756157440717,0.36296606452620184],[101.84917960765283,0.3704851621460734],[101.84515831880144,0.37067551714675906],[101.84199845096781,0.37819180888180304],[101.84673833680483,0.3725001381541231],[101.85202787838392,0.3709296934356433],[101.85781889182846,0.3586594100025384],[101.86477167557246,0.35546141271636245],[101.8734019827154,0.3574887139331268],[101.8853183226825,0.35531864444243183],[101.89061024476705,0.3592399970263815],[101.90535100544464,0.35636322858147845],[101.90390268326227,0.3494352598384929],[101.89827525739724,0.34763876692663986],[101.89137482139095,0.3393820390701843],[101.88418268128576,0.3376356312017156],[101.8835560067044,0.3226668177584903],[101.87538969577787,0.3184837255871638],[101.87606070333885,0.3010660708057144],[101.86587185130496,0.2898504816901071],[101.87178481281892,0.2802017669845189],[101.8710373242132,0.27407637212026104],[101.84489374185279,0.2713597585424456],[101.84480684126277,0.3015736076985122],[101.84218943459477,0.31822983708133634]]]}},{"type":"Feature","properties":{"code":"1405022003","desa":"Makmur","kecamatan":"Pangkalan Kerinci","kecCode":"140502","kabCode":"1405","province":"Riau"},"geometry":{"type":"Polygon","coordinates":[[[101.84223518940252,0.41018076147414323],[101.83407796342732,0.41347348345194973],[101.8219167029935,0.414051457945281],[101.8219167029935,0.42939367709620807],[101.84780035520231,0.4291801177881064],[101.8461619154401,0.4283691262549734],[101.84727014909816,0.4198887271133601],[101.84223518940252,0.41018076147414323]]]}},{"type":"Feature","properties":{"code":"1405022005","desa":"Rantau Baru","kecamatan":"Pangkalan Kerinci","kecCode":"140502","kabCode":"1405","province":"Riau"},"geometry":{"type":"Polygon","coordinates":[[[101.81349427683949,0.36383965696756665],[101.82396752238334,0.36268911200721804],[101.8252429139294,0.33621142074438015],[101.84218943459477,0.31822983708133634],[101.84480684126277,0.3015736076985122],[101.84483658544012,0.2598140669749537],[101.81797841886902,0.2594571476390152],[101.81791893231292,0.25246748090709487],[101.8026195433573,0.2529156130821074],[101.76997333829898,0.23968580968423042],[101.7587561483776,0.3021452140923452],[101.8026055553022,0.3356916665616679],[101.81349427683949,0.36383965696756665]]]}},{"type":"Feature","properties":{"code":"1405031001","desa":"Sorek I","kecamatan":"Pangkalan Kuras","kecCode":"140503","kabCode":"1405","province":"Riau"},"geometry":{"type":"Polygon","coordinates":[[[102.07908954674524,0.15162171739873628],[102.08366281968347,0.1333363112725822],[102.07887808465595,0.12898657922294574],[102.0764938308257,0.11731230708609477],[102.05455547385611,0.10354185915368602],[102.04592975235624,0.11450514706681787],[102.05137520040523,0.12239852543469296],[102.04974644544217,0.13512792985895108],[102.06224086242592,0.13452332823850047],[102.06583887366513,0.15021519570668937],[102.07908954674524,0.15162171739873628]]]}},{"type":"Feature","properties":{"code":"1405032002","desa":"Sorek Ii","kecamatan":"Pangkalan Kuras","kecCode":"140503","kabCode":"1405","province":"Riau"},"geometry":{"type":"Polygon","coordinates":[[[102.07908954674524,0.15162171739873628],[102.06583887366513,0.15021519570668937],[102.06224086242592,0.13452332823850047],[102.04974644544217,0.13512792985895108],[102.04873859501019,0.1408372749627263],[102.0440262176359,0.1394475121369952],[102.04142567595427,0.13453430716208545],[102.02310354059595,0.13469582180406459],[102.01809749320483,0.13270750889595206],[102.00364370259484,0.14067901406785413],[101.99826458674134,0.14782786170111697],[101.9799984009055,0.15631758951026925],[101.97632649956834,0.16459645687686447],[101.9821046922778,0.15903907651422863],[101.99958336967683,0.16158886405412234],[102.00955065124161,0.159624856223555],[102.01834953360418,0.16077810184807706],[102.0307516486697,0.156482611508232],[102.03906115324969,0.1561901519792055],[102.0528656792078,0.16447067050107292],[102.05925980679471,0.16438126709792056],[102.06494050220248,0.16825602220940658],[102.06566173869834,0.18440120914221403],[102.07068231643582,0.19269244668348476],[102.07710313590104,0.1772196468709138],[102.07908954674524,0.15162171739873628]]]}},{"type":"Feature","properties":{"code":"1405032003","desa":"Dundangan","kecamatan":"Pangkalan Kuras","kecCode":"140503","kabCode":"1405","province":"Riau"},"geometry":{"type":"Polygon","coordinates":[[[102.07068231643582,0.19269244668348476],[102.06566173869834,0.18440120914221403],[102.06494050220248,0.16825602220940658],[102.05925980679471,0.16438126709792056],[102.0528656792078,0.16447067050107292],[102.03828846204293,0.1559698099842343],[102.01834953360418,0.16077810184807706],[102.00955065124161,0.159624856223555],[101.99958336967683,0.16158886405412234],[101.9821046922778,0.15903907651422863],[101.97664215171397,0.1650029954073247],[101.97987325844416,0.15641925067292056],[101.99192703280634,0.1495655632328403],[101.91633097939126,0.14698491275906136],[101.91237366831018,0.1514805355288672],[101.93662118032329,0.15543192726779584],[101.94961303841102,0.16409316298554308],[101.95261115867811,0.17351582949781433],[101.95307823327391,0.1920424319978269],[101.9737654462184,0.19185934981447136],[101.99254793733752,0.1837037974867586],[101.99655656373447,0.1859320351273192],[102.00101091482189,0.1837037974867586],[102.01058901387194,0.1837037974867586],[102.0130253933073,0.17972279736819408],[102.01264451693093,0.16902468625120648],[102.01990040368078,0.1691091298932668],[102.02006446969959,0.16171656778449695],[102.03705144187063,0.16165708122843953],[102.03644122668135,0.182299909009664],[102.0159827518026,0.2024677121887053],[102.02719049074864,0.2139150467027323],[102.03047414666457,0.22804904647120475],[102.03596832088134,0.23387050016180252],[102.04095155696882,0.22883456380804854],[102.0397138353253,0.22431245510478717],[102.04575766708273,0.2221709399883517],[102.04706637041669,0.21781652606817142],[102.04987345129881,0.21933887234567392],[102.07068231643582,0.19269244668348476]]]}},{"type":"Feature","properties":{"code":"1405032004","desa":"Palas","kecamatan":"Pangkalan Kuras","kecCode":"140503","kabCode":"1405","province":"Riau"},"geometry":{"type":"MultiPolygon","coordinates":[[[[101.86973147892468,0.26205365495904775],[101.87178481281892,0.2802017669845189],[101.87659179167791,0.2818437680601748],[101.8852785285813,0.2767366206888853],[101.8968920272453,0.27907401264337617],[101.90166289832416,0.25176379288310136],[101.91196120594498,0.2522396871296857],[101.91716079643368,0.2472879812786525],[101.91188734192735,0.2417859577852516],[101.92002985769182,0.23357086943878785],[101.9254074393019,0.23892465678019034],[101.93259341185653,0.23140556005970275],[101.93637141880599,0.2351562258161303],[101.9417390602095,0.22971073280711263],[101.93963862072582,0.2276094821372831],[101.94397193835431,0.22341987078049452],[101.91248202762353,0.22226770973833443],[101.8839437188276,0.22739550914105672],[101.88622114399067,0.23975810528415367],[101.87948726872251,0.2444694376409825],[101.86973147892468,0.26205365495904775]]],[[[101.98799673466164,0.27954216912307955],[101.99887404470144,0.2720405750082091],[102.00924835043111,0.2582527818515041],[102.00116179138365,0.2598319589870826],[101.99888235533648,0.25649895007954365],[101.98858004303462,0.2561081532821797],[101.98350657436896,0.2578808771123128],[101.97845731365419,0.2506712011346274],[101.96920115480953,0.24541671513475424],[101.9417772085514,0.27095211564452193],[101.93515118987555,0.2735821442944963],[101.94379975055811,0.2855382117996346],[101.94953824179646,0.29932973534412133],[101.95284569197514,0.29999598369207187],[101.96134036786371,0.2944756347133069],[101.96358895896333,0.2899427611251463],[101.97025263944784,0.29042103407857434],[101.97577399207614,0.2831018323669937],[101.98799673466164,0.27954216912307955]]]]}},{"type":"Feature","properties":{"code":"1405032005","desa":"Terantang Manuk","kecamatan":"Pangkalan Kuras","kecCode":"140503","kabCode":"1405","province":"Riau"},"geometry":{"type":"MultiPolygon","coordinates":[[[[101.95631930359302,0.20813486919598512],[101.9519924997541,0.1691376222143084],[101.94328367190398,0.1585728131074846],[101.9312911890372,0.15405184024789714],[101.91834692037412,0.15390907017529531],[101.89901007095806,0.14461548695335866],[101.90090463224305,0.14998973926728135],[101.8963858932944,0.14971274897668652],[101.89434335486197,0.15324501077718264],[101.88870156592458,0.15454198695028987],[101.88757643580391,0.15994278455290287],[101.88349620268765,0.1618202542203617],[101.88432044842999,0.16828867749224122],[101.87462482777363,0.16898866840329865],[101.87417250475733,0.179116695678593],[101.86507130899376,0.18483253838420807],[101.86899907374834,0.21199922994333237],[101.8737611809338,0.2154495140428074],[101.87761056977205,0.22487446303449796],[101.88335274643214,0.22801240269512002],[101.91232965458993,0.2222790349009015],[101.94397193835431,0.22341987078049452],[101.95129797941824,0.21633678607179585],[101.9557243705833,0.2168202930795172],[101.95631930359302,0.20813486919598512]]],[[[102.03294878595777,0.23104716583557858],[102.02719049074864,0.2139150467027323],[102.0159827518026,0.2024677121887053],[101.96920115480953,0.24541671513475424],[101.97845731365419,0.2506712011346274],[101.98350657436896,0.2578808771123128],[101.98858004303462,0.2561081532821797],[101.99888235533648,0.25649895007954365],[102.00116179138365,0.2598319589870826],[102.00924835043111,0.2582527818515041],[102.01308827300544,0.26606891295230833],[102.02048797843753,0.2699049432565946],[102.02755203260027,0.26676700269663156],[102.0259796453444,0.2543966750818975],[102.02879692723643,0.24127751617448928],[102.03920278657938,0.23666445543553694],[102.03294878595777,0.23104716583557858]]]]}},{"type":"Feature","properties":{"code":"1405032006","desa":"Kemang","kecamatan":"Pangkalan Kuras","kecCode":"140503","kabCode":"1405","province":"Riau"},"geometry":{"type":"Polygon","coordinates":[[[101.87178481281892,0.2802017669845189],[101.86591944162899,0.2902668875821005],[101.87606070333885,0.3010660708057144],[101.87514699034136,0.3177127808647412],[101.8835560067044,0.3226668177584903],[101.88376189299701,0.33701947689033024],[101.89137482139095,0.3393820390701843],[101.89827525739724,0.34763876692663986],[101.90390268326227,0.3494352598384929],[101.90535100544464,0.35636322858147845],[101.91741802142461,0.35465817693658125],[101.92258740098782,0.34630032031613894],[101.92284109164314,0.33211548996639917],[101.93292904963602,0.3102503908957646],[101.95181030430219,0.2994716546581431],[101.94953824179646,0.29932973534412133],[101.94379975055811,0.2855382117996346],[101.93338499692014,0.27099325872877006],[101.92385418242463,0.2787963406666606],[101.91599485507857,0.2813122120742191],[101.89381583143552,0.2795207103998026],[101.88832170668148,0.27657831212999007],[101.87985334585528,0.2785936802424703],[101.87707870531807,0.2818261350527974],[101.87178481281892,0.2802017669845189]]]}},{"type":"Feature","properties":{"code":"1405032007","desa":"Talau","kecamatan":"Pangkalan Kuras","kecCode":"140503","kabCode":"1405","province":"Riau"},"geometry":{"type":"Polygon","coordinates":[[[102.03905543805807,0.018891230924467987],[102.01493075724868,0.0011411255612263527],[101.9770315824416,-0.019703421953241554],[101.96930186988544,-0.026874954985041048],[101.96321198294669,-0.030236499381035637],[101.96026544509425,-0.02653487365576594],[101.95560334072165,-0.017052881566115893],[101.96213462301448,0.0026013745509210324],[101.96704923183665,0.0060589512528964225],[101.97136200355366,0.023250556042365058],[101.98156394342129,0.04835387008095564],[101.98197451361294,0.06152390723372555],[101.99131224726244,0.06384185134898882],[102.0203218655617,0.08205093830838527],[102.02557558084844,0.05133091653119698],[102.02986937866892,0.043193899230766275],[102.01960148522043,0.0294941856751576],[102.02897203693003,0.026241812680205014],[102.03905543805807,0.018891230924467987]]]}},{"type":"Feature","properties":{"code":"1405032008","desa":"Tanjung Beringin","kecamatan":"Pangkalan Kuras","kecCode":"140503","kabCode":"1405","province":"Riau"},"geometry":{"type":"Polygon","coordinates":[[[102.0203218655617,0.08205093830838527],[102.0764938308257,0.11731230708609477],[102.07703433956317,0.10722329599837989],[102.08630353857751,0.08840203063033987],[102.07434364444367,0.0738338471717814],[102.07613466408355,0.07206106398635756],[102.06159836427315,0.05229095810275797],[102.04756664168724,0.027568903551288028],[102.04580947702577,0.016778545374822408],[102.01960148522043,0.0294941856751576],[102.02986937866892,0.043193899230766275],[102.02557558084844,0.05133091653119698],[102.0203218655617,0.08205093830838527]]]}},{"type":"Feature","properties":{"code":"1405032009","desa":"Betung","kecamatan":"Pangkalan Kuras","kecCode":"140503","kabCode":"1405","province":"Riau"},"geometry":{"type":"Polygon","coordinates":[[[101.91237366831018,0.1514805355288672],[101.91633097939126,0.14698491275906136],[101.97991202821758,0.14950842480671617],[101.97722538004727,0.1367475701912306],[101.9804381738827,0.12612063501819124],[101.98389810681226,0.12735632509183806],[101.99081797087274,0.12043646013978745],[101.98982941899254,0.1157408371404413],[101.99378362741254,0.10906811128231894],[102.0203218655617,0.08205093830838527],[101.99131224726244,0.06384185134898882],[101.95745433704808,0.055439157229344796],[101.91447546397153,0.11167815429845247],[101.90941063958938,0.1100517132928132],[101.91117239169255,0.11324302771691314],[101.9131297796157,0.11282710476087024],[101.91086487931078,0.11543598495360907],[101.91232985693738,0.1181140742730101],[101.9089692235509,0.11783780523871551],[101.91218034644588,0.12420475530625577],[101.90666756255803,0.12455654311065077],[101.90874786981838,0.1269410901172051],[101.90713392399147,0.1316773390906173],[101.90370735141317,0.13112839471293167],[101.90598432421723,0.13442375440239007],[101.9008059046688,0.13882927769367623],[101.90453876385293,0.1394216080648117],[101.90502008370993,0.14224157443001248],[101.90019944055177,0.14283065555051452],[101.90161901590494,0.14604775623557933],[101.91237366831018,0.1514805355288672]]]}},{"type":"Feature","properties":{"code":"1405032010","desa":"Kesuma","kecamatan":"Pangkalan Kuras","kecCode":"140503","kabCode":"1405","province":"Riau"},"geometry":{"type":"Polygon","coordinates":[[[101.96321198294669,-0.030236499381035637],[101.90102491476807,-0.06456673889161148],[101.89771851499749,-0.07465125876500149],[101.85847586097223,-0.10891658880760323],[101.74925119658553,-0.24354334167931058],[101.72510300479989,-0.2762466824293309],[101.7143419609128,-0.26175130808350394],[101.70903707869826,-0.26293679979924656],[101.70003700540353,-0.2581307634351413],[101.69181358842644,-0.25789995602953636],[101.68344860916602,-0.25095002674150285],[101.68498488414512,-0.24633596595638285],[101.68257120899415,-0.24344249260450102],[101.67372070015021,-0.24038268154651998],[101.68421878676764,-0.23168702157948484],[101.6856779646664,-0.20037531514447857],[101.67966651929446,-0.18728446959299],[101.68263816801709,-0.17757797164732533],[101.68229484643007,-0.1444892875888435],[101.69482231080103,-0.12635803155646513],[101.69551277159717,-0.105880736588194],[101.69180107076289,-0.09956741309421198],[101.69475746158763,-0.09063529977775825],[101.70096397440795,-0.08241653410350817],[101.70353889530384,-0.06984329155644843],[101.70867347739913,-0.06280708311008923],[101.70930671703144,-0.0551471705437062],[101.71310234080043,-0.04767417936650854],[101.70381993524187,-0.039531357841640226],[101.78338633541114,0.010681743555712667],[101.78824033892055,0.0163827798231667],[101.79685662743145,0.04093785365326978],[101.91447546397153,0.11167815429845247],[101.95745433704808,0.055439157229344796],[101.98197451361294,0.06152390723372555],[101.98297064408001,0.058624546919754245],[101.98156394342129,0.04835387008095564],[101.97136200355366,0.023250556042365058],[101.96704923183665,0.0060589512528964225],[101.96213462301448,0.0026013745509210324],[101.95560334072165,-0.017052881566115893],[101.96321198294669,-0.030236499381035637]]]}},{"type":"Feature","properties":{"code":"1405032011","desa":"Surya Indah","kecamatan":"Pangkalan Kuras","kecCode":"140503","kabCode":"1405","province":"Riau"},"geometry":{"type":"Polygon","coordinates":[[[102.01058901387194,0.1837037974867586],[102.00101091482189,0.1837037974867586],[101.99655656373447,0.1859320351273192],[101.99254793733752,0.1837037974867586],[101.9737654462184,0.19185934981447136],[101.96364901658893,0.19194888002207836],[101.96659278902604,0.2012081145377577],[101.97649574298417,0.21208000165351984],[101.9740161897954,0.2168903349783518],[101.97619819599004,0.22364997851347923],[101.98386832756131,0.23242862971745815],[102.01084284841879,0.2076612727172845],[102.00716420126696,0.19824051096905396],[102.01123308044237,0.19529759379044606],[102.01058901387194,0.1837037974867586]]]}},{"type":"Feature","properties":{"code":"1405032012","desa":"Sialang Indah","kecamatan":"Pangkalan Kuras","kecCode":"140503","kabCode":"1405","province":"Riau"},"geometry":{"type":"Polygon","coordinates":[[[101.95129797941824,0.21633678607179585],[101.93963862072582,0.2276094821372831],[101.95781175460883,0.24569338616596387],[101.97033366656551,0.23480735181513226],[101.95129797941824,0.21633678607179585]]]}},{"type":"Feature","properties":{"code":"1405032013","desa":"Beringin Indah","kecamatan":"Pangkalan Kuras","kecCode":"140503","kabCode":"1405","province":"Riau"},"geometry":{"type":"Polygon","coordinates":[[[101.96364901658893,0.19194888002207836],[101.95307823327391,0.1920424319978269],[101.95631930359302,0.20813486919598512],[101.9557243705833,0.2168202930795172],[101.95188391471093,0.21690532577751556],[101.97564415605302,0.2395762884469325],[101.98386832756131,0.23242862971745815],[101.97619819599004,0.22364997851347923],[101.9740161897954,0.2168903349783518],[101.97649574298417,0.21208000165351984],[101.96659278902604,0.2012081145377577],[101.96364901658893,0.19194888002207836]]]}},{"type":"Feature","properties":{"code":"1405032014","desa":"Meranti","kecamatan":"Pangkalan Kuras","kecCode":"140503","kabCode":"1405","province":"Riau"},"geometry":{"type":"Polygon","coordinates":[[[101.93515118987555,0.2735821442944963],[101.9417772085514,0.27095211564452193],[101.97564415605302,0.2395762884469325],[101.97033366656551,0.23480735181513226],[101.95781175460883,0.24569338616596387],[101.9417390602095,0.22971073280711263],[101.93637141880599,0.2351562258161303],[101.9406486798927,0.23940253313261112],[101.9247975038018,0.2552556913115144],[101.91716079643368,0.2472879812786525],[101.91196120594498,0.2522396871296857],[101.90166289832416,0.25176379288310136],[101.8968920272453,0.27907401264337617],[101.91599485507857,0.2813122120742191],[101.92385418242463,0.2787963406666606],[101.93134365278742,0.2715224360078716],[101.93400904727974,0.2710790378640251],[101.93515118987555,0.2735821442944963]]]}},{"type":"Feature","properties":{"code":"1405032015","desa":"Harapan Jaya","kecamatan":"Pangkalan Kuras","kecCode":"140503","kabCode":"1405","province":"Riau"},"geometry":{"type":"Polygon","coordinates":[[[101.9406486798927,0.23940253313261112],[101.93259341185653,0.23140556005970275],[101.9254074393019,0.23892465678019034],[101.92002985769182,0.23357086943878785],[101.91188734192735,0.2417859577852516],[101.9247975038018,0.2552556913115144],[101.9406486798927,0.23940253313261112]]]}},{"type":"Feature","properties":{"code":"1405032016","desa":"Batang Kulim","kecamatan":"Pangkalan Kuras","kecCode":"140503","kabCode":"1405","province":"Riau"},"geometry":{"type":"Polygon","coordinates":[[[102.04851004220473,0.14082595069954304],[102.05137520040523,0.12239852543469296],[102.04592975235624,0.11450514706681787],[102.05455547385611,0.10354185915368602],[102.0203218655617,0.08205093830838527],[101.99378362741254,0.10906811128231894],[101.98982941899254,0.1157408371404413],[101.99081797087274,0.12043646013978745],[101.98389810681226,0.12735632509183806],[101.9804381738827,0.12612063501819124],[101.97722538004727,0.1367475701912306],[101.97991202821758,0.14950842480671617],[101.99365655230808,0.14955967986806507],[102.01631260784065,0.13305739643285508],[102.04124066292631,0.13448910903469963],[102.0440262176359,0.1394475121369952],[102.04851004220473,0.14082595069954304]]]}},{"type":"Feature","properties":{"code":"1405032017","desa":"Sidomukti","kecamatan":"Pangkalan Kuras","kecCode":"140503","kabCode":"1405","province":"Riau"},"geometry":{"type":"Polygon","coordinates":[[[102.01084284841879,0.2076612727172845],[102.03644122668135,0.182299909009664],[102.03705144187063,0.16165708122843953],[102.02006446969959,0.16171656778449695],[102.01990040368078,0.1691091298932668],[102.01264451693093,0.16902468625120648],[102.01123308044237,0.19529759379044606],[102.00716420126696,0.19824051096905396],[102.01084284841879,0.2076612727172845]]]}},{"type":"Feature","properties":{"code":"1405041001","desa":"Pangkalan Lesung","kecamatan":"Pangkalan Lesung","kecCode":"140504","kabCode":"1405","province":"Riau"},"geometry":{"type":"Polygon","coordinates":[[[102.1383634958787,-0.09494950231137486],[102.13505595756645,-0.09030341217162195],[102.12645354739334,-0.08573345234099254],[102.11231100135171,-0.08320641764896197],[102.09478550794488,-0.08489046922472569],[102.0836861238156,-0.08907435999399003],[102.08333171898369,-0.10795763631503663],[102.07419020391482,-0.1031779599793965],[102.06303159133493,-0.11017075994931393],[102.06620225193244,-0.11235969901513797],[102.0525042479727,-0.11508150887570054],[102.03044660492691,-0.11325800482628623],[102.02369947275253,-0.1063811571455631],[102.02389964205491,-0.09985720883129164],[102.00718734442044,-0.07048117258910001],[101.9977223252252,-0.06086635602933919],[101.99028995371845,-0.06297625368063252],[101.98395910872595,-0.06100596858224788],[101.98130684793273,-0.0570002739796877],[101.9772560190501,-0.05697919836752287],[101.97353141834037,-0.05316795877474409],[101.97278665198247,-0.04363687898988087],[101.96321198294669,-0.030236499381035637],[101.9770315824416,-0.019703421953241554],[102.01493075724868,0.0011411255612263527],[102.03905543805807,0.018891230924467987],[102.0614941130629,0.01267563585778324],[102.1116087810205,0.012701098362819827],[102.10843420927141,-0.01961816802200944],[102.1326407310849,0.008199656979454415],[102.13255496723797,0.011234849096482384],[102.13638114097694,0.006786119676137642],[102.14810749196727,0.0006213111239276991],[102.15239724823446,-0.0110627177578372],[102.15234042007438,-0.02087179777184433],[102.16001107595046,-0.022089542773451782],[102.15268418772513,-0.027156167592617457],[102.15309986696535,-0.03420702599510219],[102.14389052502776,-0.040917124080186],[102.14382239868479,-0.045609559882178706],[102.13103486296859,-0.05057155038007265],[102.13102102779823,-0.05850693338278406],[102.1439364875789,-0.05891253122234869],[102.14412716543636,-0.07095885468797823],[102.13448699877601,-0.07143060575786328],[102.13471702107368,-0.08167171198847488],[102.13835906042236,-0.08168403449913],[102.1383634958787,-0.09494950231137486]]]}},{"type":"Feature","properties":{"code":"1405042002","desa":"Dusun Tua","kecamatan":"Pangkalan Lesung","kecCode":"140504","kabCode":"1405","province":"Riau"},"geometry":{"type":"Polygon","coordinates":[[[102.12991882859114,0.014305218195291713],[102.1326407310849,0.008199656979454415],[102.10843420927141,-0.01961816802200944],[102.11306169334254,0.022912673555458972],[102.08972766140248,0.08784006317012087],[102.09573466772082,0.08548878928062983],[102.09762885758579,0.08025956433767811],[102.10587915439952,0.07710330548692823],[102.11228991224971,0.07657289433797228],[102.11891807400997,0.0806789847571122],[102.12662973807203,0.07778241234148504],[102.12532506639877,0.05240852017846881],[102.1322478856315,0.04196107439715668],[102.14345625320357,0.03292839888971182],[102.1292246437024,0.030808585313542556],[102.13114768741588,0.029388763547768256],[102.12991882859114,0.014305218195291713]]]}},{"type":"Feature","properties":{"code":"1405042003","desa":"Genduang","kecamatan":"Pangkalan Lesung","kecCode":"140504","kabCode":"1405","province":"Riau"},"geometry":{"type":"Polygon","coordinates":[[[102.17145382933079,-0.09812068271351848],[102.17374257066312,-0.09413027568628317],[102.17332612699921,-0.08259818546538389],[102.16229116040881,-0.08026394383609911],[102.16013151136025,-0.07587181864458505],[102.16020162430556,-0.058627181733419687],[102.15457495387108,-0.058340686508156915],[102.15122659623052,-0.04055831436928965],[102.14389052502776,-0.040917124080186],[102.15309986696535,-0.03420702599510219],[102.15268418772513,-0.027156167592617457],[102.16001107595046,-0.022089542773451782],[102.15744603320793,-0.020641052419472367],[102.16122910244123,-0.020470081406159767],[102.16783871028832,-0.025804629551111583],[102.16800979101907,-0.03113930899702966],[102.17302384777241,-0.03079498556562853],[102.17308066693931,-0.02488670952615834],[102.16362218221798,-0.01966695894095701],[102.18025973359987,-0.01920774891693256],[102.18008862768806,-0.0025155574441669587],[102.18755265173354,-0.0022287339663759845],[102.18761761336225,0.005854497580485355],[102.18295413662416,0.00635419328431483],[102.18610169543695,0.01766848569232871],[102.21671198377112,0.017393871410598824],[102.24376713244725,0.007328701350342531],[102.24736612035024,0.005737981416325797],[102.24439037971227,-0.005624738584478934],[102.26226557539604,-0.003637397843505867],[102.25382488940716,-0.011676144425415728],[102.26367235699377,-0.013082927820193033],[102.27610699873905,-0.01858307442852619],[102.2715816057066,-0.028215952072910087],[102.25598432621574,-0.04131766593122801],[102.2453781770613,-0.06502552983151075],[102.2280929582235,-0.07719813519932661],[102.21496913182004,-0.09131229592349838],[102.19022551959209,-0.10375682390215725],[102.18696487193137,-0.10987793169823346],[102.17342874144333,-0.1115963175910997],[102.17145382933079,-0.09812068271351848]]]}},{"type":"Feature","properties":{"code":"1405042004","desa":"Mayang Sari","kecamatan":"Pangkalan Lesung","kecCode":"140504","kabCode":"1405","province":"Riau"},"geometry":{"type":"Polygon","coordinates":[[[102.16122910244123,-0.020470081406159767],[102.15234042007438,-0.02087179777184433],[102.15239724823446,-0.0110627177578372],[102.14810749196727,0.0006213111239276991],[102.16593785195039,0.0012013864335464735],[102.16846472656596,0.004874444294739931],[102.18761761336225,0.005854497580485355],[102.18755265173354,-0.0022287339663759845],[102.18008862768806,-0.0025155574441669587],[102.18025973359987,-0.01920774891693256],[102.16362218221798,-0.01966695894095701],[102.17308066693931,-0.02488670952615834],[102.17302384777241,-0.03079498556562853],[102.16800979101907,-0.03113930899702966],[102.16783871028832,-0.025804629551111583],[102.16122910244123,-0.020470081406159767]]]}},{"type":"Feature","properties":{"code":"1405042005","desa":"Rawang Sari","kecamatan":"Pangkalan Lesung","kecCode":"140504","kabCode":"1405","province":"Riau"},"geometry":{"type":"MultiPolygon","coordinates":[[[[102.19436864499704,-0.07882772023484744],[102.18608389155837,-0.08695452393482661],[102.18197644855432,-0.0829634765902861],[102.18814848856196,-0.07650985885724751],[102.19436864499704,-0.07882772023484744]]],[[[102.19939034778638,-0.05037385960954106],[102.20879205291095,-0.062036567364227434],[102.21073869933154,-0.06155845179217637],[102.21444264441256,-0.06973196358117952],[102.20575422937422,-0.0754685653374972],[102.19943870882939,-0.06600456688335034],[102.18147266543122,-0.07748976285551876],[102.17688563826164,-0.07140757951622703],[102.17911714044374,-0.06959097686415701],[102.17641047336474,-0.06610165769136798],[102.19939034778638,-0.05037385960954106]]]]}},{"type":"Feature","properties":{"code":"1405042006","desa":"Mulya Subur","kecamatan":"Pangkalan Lesung","kecCode":"140504","kabCode":"1405","province":"Riau"},"geometry":{"type":"Polygon","coordinates":[[[102.14412716543636,-0.07095885468797823],[102.1439364875789,-0.05891253122234869],[102.13102102779823,-0.05850693338278406],[102.13103486296859,-0.05057155038007265],[102.14382239868479,-0.045609559882178706],[102.14389052502776,-0.040917124080186],[102.15122659623052,-0.04055831436928965],[102.15457495387108,-0.058340686508156915],[102.16020162430556,-0.058627181733419687],[102.16013151136025,-0.07587181864458505],[102.15248446358719,-0.07573853462088648],[102.15348125775392,-0.07088650962533175],[102.14412716543636,-0.07095885468797823]]]}},{"type":"Feature","properties":{"code":"1405042007","desa":"Sari Mulya","kecamatan":"Pangkalan Lesung","kecCode":"140504","kabCode":"1405","province":"Riau"},"geometry":{"type":"Polygon","coordinates":[[[102.14810749196727,0.0006213111239276991],[102.13638114097694,0.006786119676137642],[102.12991882859114,0.014305218195291713],[102.13114768741588,0.029388763547768256],[102.1292246437024,0.030808585313542556],[102.13896826297503,0.031869526321944196],[102.15053015584208,0.024927036225861048],[102.16267377607396,0.025472881539807785],[102.17371310257766,0.01588839821326323],[102.17967200236107,0.014788877188427772],[102.16593785195039,0.0012013864335464735],[102.14810749196727,0.0006213111239276991]]]}},{"type":"Feature","properties":{"code":"1405042008","desa":"Sari Makmur","kecamatan":"Pangkalan Lesung","kecCode":"140504","kabCode":"1405","province":"Riau"},"geometry":{"type":"Polygon","coordinates":[[[102.17374257066312,-0.09413027568628317],[102.16492566408817,-0.11159819987208446],[102.14419717226171,-0.09986320730938314],[102.14188530036635,-0.09500654001346538],[102.1383634958787,-0.09494950231137486],[102.13835906042236,-0.08168403449913],[102.13471702107368,-0.08167171198847488],[102.13448699877601,-0.07143060575786328],[102.15348125775392,-0.07088650962533175],[102.15248446358719,-0.07573853462088648],[102.16172104868753,-0.07590443705513968],[102.16428553744765,-0.08192729661571552],[102.17332612699921,-0.08259818546538389],[102.17374257066312,-0.09413027568628317]]]}},{"type":"Feature","properties":{"code":"1405042009","desa":"Tanjung Kuyo","kecamatan":"Pangkalan Lesung","kecCode":"140504","kabCode":"1405","province":"Riau"},"geometry":{"type":"Polygon","coordinates":[[[102.27610699873905,-0.01858307442852619],[102.26367235699377,-0.013082927820193033],[102.25382488940716,-0.011676144425415728],[102.26226557539604,-0.003637397843505867],[102.27423474064085,0.0026896798818167077],[102.28019780698328,0.0005101441273076378],[102.28316034557355,-0.00419301878808357],[102.29104926870882,-0.0016028498897788625],[102.29385323973531,-0.0030199637968698983],[102.27610699873905,-0.01858307442852619]]]}},{"type":"Feature","properties":{"code":"1405042010","desa":"Pesaguan","kecamatan":"Pangkalan Lesung","kecCode":"140504","kabCode":"1405","province":"Riau"},"geometry":{"type":"Polygon","coordinates":[[[102.04580947702577,0.016778545374822408],[102.04756664168724,0.027568903551288028],[102.06159836427315,0.05229095810275797],[102.07613466408355,0.07206106398635756],[102.07434364444367,0.0738338471717814],[102.08630353857751,0.08840203063033987],[102.08972766140248,0.08784006317012087],[102.10953041629574,0.036357766557029596],[102.11315071003729,0.022105975385787544],[102.1116087810205,0.012701098362819827],[102.0614941130629,0.01267563585778324],[102.04580947702577,0.016778545374822408]]]}},{"type":"Feature","properties":{"code":"1405051001","desa":"Langgam","kecamatan":"Langgam","kecCode":"140505","kabCode":"1405","province":"Riau"},"geometry":{"type":"Polygon","coordinates":[[[101.61227920681999,0.2682955569942279],[101.65286606221905,0.2714999313730243],[101.66050798115843,0.2792156369797164],[101.66161956209316,0.2836285464029687],[101.6650608475801,0.27825139197689586],[101.66680560609393,0.3162524608285904],[101.65477434176249,0.31630252428822686],[101.65936699778877,0.3210664975616272],[101.67001776141062,0.3255514390834188],[101.6676815457668,0.31838097894285683],[101.7587561483776,0.3021452140923452],[101.76997333829898,0.23968580968423042],[101.8026195433573,0.2529156130821074],[101.81045612684885,0.25183949961147556],[101.80645561233672,0.2517795553005603],[101.79754447929434,0.23866844172822843],[101.78908729614187,0.233304976782219],[101.78529930132174,0.22837638890372994],[101.78606605520434,0.22183799657810374],[101.78256416260608,0.21557807842440022],[101.7642055867185,0.19347953063938678],[101.74498569143655,0.19164402783521667],[101.74049326844964,0.19792580491053458],[101.74127373069818,0.20555911732948481],[101.73621624388458,0.20788343044342353],[101.73401294534119,0.21250906820118642],[101.73174374897489,0.21102842348689854],[101.7226446900005,0.21738634346181465],[101.71824744586297,0.21765284316068267],[101.71678058325737,0.2294722227081878],[101.70623259865556,0.23606471375148094],[101.68731532074554,0.262411567146543],[101.6831972756338,0.251757690083647],[101.64247216655728,0.21366905604306202],[101.62016443643967,0.2292746317623661],[101.61698788528275,0.24592038943934635],[101.61802889911444,0.2542782469590484],[101.61502482893273,0.2613571426256743],[101.61612533021986,0.2654319699125516],[101.61227920681999,0.2682955569942279]]]}},{"type":"Feature","properties":{"code":"1405052002","desa":"Tambak","kecamatan":"Langgam","kecCode":"140505","kabCode":"1405","province":"Riau"},"geometry":{"type":"Polygon","coordinates":[[[101.64247216655728,0.21366905604306202],[101.6831972756338,0.251757690083647],[101.68731532074554,0.262411567146543],[101.70623259865556,0.23606471375148094],[101.71678058325737,0.2294722227081878],[101.71824744586297,0.21765284316068267],[101.7226446900005,0.21738634346181465],[101.73174374897489,0.21102842348689854],[101.73401294534119,0.21250906820118642],[101.73621624388458,0.20788343044342353],[101.74127373069818,0.20555911732948481],[101.74049326844964,0.19792580491053458],[101.74344379929197,0.19291941937987447],[101.7642055867185,0.19347953063938678],[101.76005363536704,0.18907356308295364],[101.75111579875515,0.16958046008046254],[101.73636126765841,0.15164681118177276],[101.70106611041273,0.1664568610091346],[101.64247216655728,0.21366905604306202]]]}},{"type":"Feature","properties":{"code":"1405052003","desa":"Penarikan","kecamatan":"Langgam","kecCode":"140505","kabCode":"1405","province":"Riau"},"geometry":{"type":"Polygon","coordinates":[[[101.87207257159196,0.2586646308786446],[101.87948726872251,0.2444694376409825],[101.88641150079019,0.23878252702486893],[101.8856405542682,0.22940744993721143],[101.87761056977205,0.22487446303449796],[101.8737611809338,0.2154495140428074],[101.86899907374834,0.21199922994333237],[101.86595544778572,0.19768526684047133],[101.86739845587407,0.1918282998216131],[101.86513834805639,0.18435975938916707],[101.87417250475733,0.179116695678593],[101.87372384108244,0.17213118021721263],[101.85359299102377,0.1644404730654398],[101.83570797294465,0.16365718784590813],[101.808684624296,0.16483284277711197],[101.80894571996907,0.1738398983981525],[101.79406329538482,0.17357880272537446],[101.7966742476185,0.1932914868963748],[101.80646531602156,0.21483183717921917],[101.8234365005941,0.23637218746203323],[101.85985927368658,0.251124062844311],[101.87207257159196,0.2586646308786446]]]}},{"type":"Feature","properties":{"code":"1405052004","desa":"Segati","kecamatan":"Langgam","kecCode":"140505","kabCode":"1405","province":"Riau"},"geometry":{"type":"Polygon","coordinates":[[[101.52227261658804,-0.004992221108542213],[101.517434939371,0.01850639213563698],[101.51654125607416,0.03616245089595494],[101.51851636783618,0.04391767990792103],[101.51465711703236,0.043691352025438446],[101.51719717480984,0.052959166972769554],[101.51484671930069,0.05795904500910399],[101.51293907287999,0.05645921235961223],[101.49711186462093,0.0651042953541322],[101.49546441994708,0.07120367822750655],[101.49768070470081,0.08125642865040537],[101.50118564330283,0.0838870868257675],[101.5040237310104,0.09238630877779427],[101.50796563490623,0.09475172990244808],[101.50379618184837,0.10121464482678826],[101.51479328967861,0.10996987498674654],[101.52240513888609,0.1078111918124904],[101.52654259496484,0.11070880204577455],[101.53977624657658,0.11188829978006624],[101.55848279984137,0.13255091714282913],[101.56756829973727,0.13088361094348797],[101.56995344029912,0.15195088275702748],[101.57797207714968,0.15876939591329078],[101.58586390689385,0.15992923716566312],[101.58965893531166,0.17297134485816465],[101.59912315141236,0.16452580703633043],[101.62773159833465,0.16395924404048434],[101.62774711703588,0.17139840452099292],[101.63270685563691,0.16766960578014656],[101.65649629436852,0.18541088249879953],[101.66441663531951,0.19729139616029545],[101.70106611041273,0.1664568610091346],[101.73636126765841,0.15164681118177276],[101.7372751002657,0.1438139562881993],[101.75046040522356,0.13428361844401251],[101.7128313148134,0.07610412631925663],[101.70610474563756,0.04499374121785282],[101.70190063990263,0.008838429240261103],[101.70375658699696,-0.03957486794147394],[101.71310234080043,-0.04767417936650854],[101.70930671703144,-0.0551471705437062],[101.70867347739913,-0.06280708311008923],[101.70353889530384,-0.06984329155644843],[101.70096397440795,-0.08241653410350817],[101.69475746158763,-0.09063529977775825],[101.69180107076289,-0.09956741309421198],[101.69551277159717,-0.105880736588194],[101.69482231080103,-0.12635803155646513],[101.68229484643007,-0.1444892875888435],[101.68263816801709,-0.17757797164732533],[101.67966651929446,-0.18728446959299],[101.6856779646664,-0.20037531514447857],[101.68421878676764,-0.23168702157948484],[101.67372070015021,-0.24038268154651998],[101.66982486222763,-0.24039825870367146],[101.6652919886344,-0.23639838451331788],[101.65985254086212,-0.24041967515883655],[101.65668148276427,-0.23825407889601669],[101.65222955355112,-0.2427263984329366],[101.64807965535186,-0.24024054459664118],[101.64640451425697,-0.24264284871695826],[101.63986004430564,-0.24284082007600774],[101.63890302535441,-0.23948911156522895],[101.62407358972445,-0.2288602176687757],[101.62055008371942,-0.22981105108195582],[101.61851992805231,-0.2345166727437853],[101.61442900829216,-0.2338219284775392],[101.60678265209775,-0.2233527460823853],[101.60623632834393,-0.21689964815751286],[101.6024605508138,-0.21586582350739578],[101.59842212987745,-0.2096411533819093],[101.59855300012094,-0.20559035867801564],[101.59434135357066,-0.1990682566719309],[101.59564291988487,-0.19539912794871714],[101.58644392284883,-0.18760639271090485],[101.58312695514489,-0.18896030586196022],[101.58405732358663,-0.18305448407227737],[101.58170141998458,-0.1797389426969208],[101.5775540192027,-0.17725478588124982],[101.5712294119079,-0.17739993286211514],[101.56796479104234,-0.17103725367489456],[101.56273046064227,-0.16976574090617536],[101.55954674188871,-0.15674057194439614],[101.56164066758281,-0.15567457314879835],[101.56127780013041,-0.15104874203675878],[101.5561817162133,-0.14949934055477349],[101.55608724423097,-0.14645971388075713],[101.55181182765381,-0.1425079048564174],[101.55159482124405,-0.13511063659540695],[101.54959607439935,-0.13088090648215422],[101.54740391036222,-0.1307938251285567],[101.5490455930797,-0.12779344486853914],[101.5332992302753,-0.11925853601913607],[101.52718395457589,-0.1193222997507648],[101.52664655839203,-0.11586688591833572],[101.52153010123321,-0.11405986104607631],[101.52074487887313,-0.10963406253922195],[101.51660461690959,-0.11091897160907029],[101.5158622247619,-0.10772097702091224],[101.51280699664561,-0.10656455768889253],[101.51890141436881,-0.0995760285993726],[101.51513538908699,-0.06403158291950556],[101.52212618627453,-0.055516386309987335],[101.52713437944811,-0.05536929589432721],[101.54669199623866,-0.043654518292503594],[101.54077974428981,-0.035662523866406594],[101.543636641318,-0.024504859184453057],[101.53400118530651,-0.0025304160430004155],[101.52227261658804,-0.004992221108542213]]]}},{"type":"Feature","properties":{"code":"1405052005","desa":"Sotol","kecamatan":"Langgam","kecCode":"140505","kabCode":"1405","province":"Riau"},"geometry":{"type":"Polygon","coordinates":[[[101.58492370976147,0.2503107114901563],[101.58503396394633,0.2681140009604395],[101.6117689998395,0.26842199987514553],[101.61564943777142,0.26632426735311976],[101.62016443643967,0.2292746317623661],[101.66441663531951,0.19729139616029545],[101.65649629436852,0.18541088249879953],[101.63270685563691,0.16766960578014656],[101.62774711703588,0.17139840452099292],[101.62773159833465,0.16395924404048434],[101.59912315141236,0.16452580703633043],[101.58965893531166,0.17297134485816465],[101.58586390689385,0.15992923716566312],[101.57797207714968,0.15876939591329078],[101.56995344029912,0.15195088275702748],[101.57041031208627,0.157483172034568],[101.5657451850923,0.1573419964599263],[101.56781640020677,0.20237475016823123],[101.5695773015513,0.19225807233710893],[101.57427337061961,0.19332270146522834],[101.57622874586002,0.19639048861048566],[101.58474422216818,0.19574350733802356],[101.57819375643675,0.23452924456658997],[101.58936869081248,0.24181588632360315],[101.58492370976147,0.2503107114901563]]]}},{"type":"Feature","properties":{"code":"1405052006","desa":"Pangkalan Gondai","kecamatan":"Langgam","kecCode":"140505","kabCode":"1405","province":"Riau"},"geometry":{"type":"Polygon","coordinates":[[[101.87372384108244,0.17213118021721263],[101.87462482777363,0.16898866840329865],[101.88432044842999,0.16828867749224122],[101.88349620268765,0.1618202542203617],[101.88757643580391,0.15994278455290287],[101.88870156592458,0.15454198695028987],[101.89434335486197,0.15324501077718264],[101.8963858932944,0.14971274897668652],[101.90112271064464,0.14971112210310417],[101.89872188230908,0.1449351698600574],[101.90148961875099,0.14613064405050172],[101.90054639809783,0.14208477313480272],[101.90502008370993,0.14224157443001248],[101.90453876385293,0.1394216080648117],[101.9008059046688,0.13882927769367623],[101.90598432421723,0.13442375440239007],[101.90325450589079,0.13184468673546007],[101.90713392399147,0.1316773390906173],[101.90874786981838,0.1269410901172051],[101.90666756255803,0.12455654311065077],[101.91218034644588,0.12420475530625577],[101.9089692235509,0.11783780523871551],[101.9126827877805,0.11751851713439944],[101.91086487931078,0.11543598495360907],[101.91305148823567,0.11254284075361352],[101.91132294269971,0.11334749116698425],[101.90939509570717,0.11035992085020573],[101.91152496730346,0.10991564047151556],[101.79685662743145,0.04093785365326978],[101.78824033892055,0.0163827798231667],[101.78338633541114,0.010681743555712667],[101.70375658699696,-0.03957486794147394],[101.70190063990263,0.008838429240261103],[101.70610474563756,0.04499374121785282],[101.7128313148134,0.07610412631925663],[101.75046040522356,0.13428361844401251],[101.77009631879012,0.13315566805066906],[101.77309718109012,0.14500207042702246],[101.78161190466574,0.14323434053220727],[101.78156951422174,0.14642524756334652],[101.78588228773742,0.1469903689459582],[101.79251503424149,0.15243338612136814],[101.79632217292999,0.15249287177805107],[101.79864214771696,0.1466037054326521],[101.79916580585733,0.17366832124174025],[101.80894571996907,0.1738398983981525],[101.808684624296,0.16483284277711197],[101.83570797294465,0.16365718784590813],[101.85359299102377,0.1644404730654398],[101.87372384108244,0.17213118021721263]]]}},{"type":"Feature","properties":{"code":"1405052007","desa":"Langkan","kecamatan":"Langgam","kecCode":"140505","kabCode":"1405","province":"Riau"},"geometry":{"type":"Polygon","coordinates":[[[101.73636126765841,0.15164681118177276],[101.74732736956251,0.16522375738567835],[101.76664387271659,0.1627087097571363],[101.77942237384354,0.16386454722775523],[101.77009631879012,0.13315566805066906],[101.75046040522356,0.13428361844401251],[101.74523850255491,0.1370254822868773],[101.7372751002657,0.1438139562881993],[101.73636126765841,0.15164681118177276]]]}},{"type":"Feature","properties":{"code":"1405052008","desa":"Padang Luas","kecamatan":"Langgam","kecCode":"140505","kabCode":"1405","province":"Riau"},"geometry":{"type":"Polygon","coordinates":[[[101.84489374185279,0.2713597585424456],[101.8710373242132,0.27407637212026104],[101.86911281820204,0.2648138298980846],[101.87207257159196,0.2586646308786446],[101.85985927368658,0.251124062844311],[101.8234365005941,0.23637218746203323],[101.80646531602156,0.21483183717921917],[101.7966742476185,0.1932914868963748],[101.79406329538482,0.17357880272537446],[101.79916580585733,0.17366832124174025],[101.79864214771696,0.1466037054326521],[101.79632217292999,0.15249287177805107],[101.79251503424149,0.15243338612136814],[101.78588228773742,0.1469903689459582],[101.78156951422174,0.14642524756334652],[101.78161190466574,0.14323434053220727],[101.77309718109012,0.14500207042702246],[101.77942237384354,0.16386454722775523],[101.76664387271659,0.1627087097571363],[101.74732736956251,0.16522375738567835],[101.76005363536704,0.18907356308295364],[101.78256416260608,0.21557807842440022],[101.78606605520434,0.22183799657810374],[101.78529930132174,0.22837638890372994],[101.79754447929434,0.23866844172822843],[101.80645561233672,0.2517795553005603],[101.81791893231292,0.25246748090709487],[101.81797841886902,0.2594571476390152],[101.84483658544012,0.2598140669749537],[101.84489374185279,0.2713597585424456]]]}},{"type":"Feature","properties":{"code":"1405061001","desa":"Pelalawan","kecamatan":"Pelalawan","kecCode":"140506","kabCode":"1405","province":"Riau"},"geometry":{"type":"Polygon","coordinates":[[[102.12728165482457,0.37200721164735034],[102.12135184990801,0.39695401846909945],[102.11392067809686,0.41323275562492195],[102.10633217978629,0.41716857740127766],[102.07939988839422,0.4183693809741301],[102.00951422869876,0.41570087572981296],[102.01086353282585,0.4207574749068692],[102.00494326701822,0.4199962887279421],[101.98032383227911,0.45939340666652967],[102.00398191063674,0.46943577081903004],[102.00289159866838,0.5309017544186428],[102.00832511541182,0.5595885133733006],[102.17271078387563,0.5760134677031663],[102.17238905591027,0.5610774984003061],[102.16999571892732,0.5581508634473492],[102.1672906049775,0.5584714654611068],[102.16637862137632,0.5535067787956678],[102.1635921997203,0.5531552832710181],[102.16602238192746,0.547220820772222],[102.1609508459049,0.533539965999826],[102.16152727536354,0.5226008653530807],[102.15752580936866,0.5131450228505889],[102.16265458993746,0.5087083092720674],[102.16272173242209,0.5044952373010843],[102.15906423192881,0.5048324848665918],[102.15740361308632,0.4985086608883728],[102.15916249455351,0.48345523203254126],[102.15802902142224,0.43111677993323205],[102.16941293755707,0.39221764898656747],[102.1598682609116,0.37182849387392986],[102.12728165482457,0.37200721164735034]]]}},{"type":"Feature","properties":{"code":"1405062002","desa":"Sungai Ara","kecamatan":"Pelalawan","kecCode":"140506","kabCode":"1405","province":"Riau"},"geometry":{"type":"Polygon","coordinates":[[[102.27956741010797,0.24493788999759605],[102.27237726559838,0.25185577194461495],[102.27585570927361,0.255803881158028],[102.26972328889872,0.26449386010767445],[102.26456964837064,0.261351080295734],[102.25930094138538,0.26863563292758935],[102.25336512180297,0.26395958726983826],[102.25141875956814,0.26620749668080407],[102.26911151968096,0.279653050135313],[102.26651337739052,0.28505578397837006],[102.26017131605346,0.28986603186761456],[102.26377228696151,0.2950724616946853],[102.30707544927265,0.5907903883050079],[102.38482043541484,0.6004060502275449],[102.38156343540429,0.5737100953029687],[102.35704356640751,0.47464999866758334],[102.33044742630773,0.29651209552509505],[102.3246463710333,0.2718466613902308],[102.32157332644789,0.26622534282748644],[102.31473090840478,0.2614483212904984],[102.30090808484033,0.25850028966747934],[102.28910826823204,0.24725090762669572],[102.28470704639312,0.2506485957756392],[102.27956741010797,0.24493788999759605]]]}},{"type":"Feature","properties":{"code":"1405062003","desa":"Ransang","kecamatan":"Pelalawan","kecCode":"140506","kabCode":"1405","province":"Riau"},"geometry":{"type":"Polygon","coordinates":[[[102.30707544927265,0.5907903883050079],[102.26377228696151,0.2950724616946853],[102.26017131605346,0.28986603186761456],[102.26651337739052,0.28505578397837006],[102.26911151968096,0.279653050135313],[102.25141875956814,0.26620749668080407],[102.24535193394468,0.274101582815159],[102.23859255300395,0.2727377276589254],[102.23209106165325,0.2763910391059677],[102.2297431026621,0.27137245427174606],[102.22459198832968,0.2741570619921051],[102.21190798976198,0.2869418520638389],[102.20991886476384,0.2938454590719482],[102.21556780421086,0.3024990802299755],[102.21270482866498,0.30262002825315415],[102.23005708836399,0.3240732755986872],[102.24201044172854,0.3880115467614413],[102.2535951620871,0.5240948533086315],[102.25604823743627,0.5844792375730741],[102.30707544927265,0.5907903883050079]]]}},{"type":"Feature","properties":{"code":"1405062004","desa":"Kuala Tolam","kecamatan":"Pelalawan","kecCode":"140506","kabCode":"1405","province":"Riau"},"geometry":{"type":"Polygon","coordinates":[[[102.12728165482457,0.37200721164735034],[102.1598682609116,0.37182849387392986],[102.16941293755707,0.39221764898656747],[102.15802902142224,0.43111677993323205],[102.15916249455351,0.48345523203254126],[102.15740361308632,0.4985086608883728],[102.15906423192881,0.5048324848665918],[102.16272173242209,0.5044952373010843],[102.16265458993746,0.5087083092720674],[102.15752580936866,0.5131450228505889],[102.16152727536354,0.5226008653530807],[102.1609508459049,0.533539965999826],[102.16602238192746,0.547220820772222],[102.1635921997203,0.5531552832710181],[102.16637862137632,0.5535067787956678],[102.1672906049775,0.5584714654611068],[102.16999571892732,0.5581508634473492],[102.17238905591027,0.5610774984003061],[102.17271078387563,0.5760134677031663],[102.25604823743627,0.5844792375730741],[102.2535951620871,0.5240948533086315],[102.24201044172854,0.3880115467614413],[102.22841526085568,0.32014716560103756],[102.21270482866498,0.30262002825315415],[102.20539777858464,0.3026404689439076],[102.2004510396838,0.3056858386885239],[102.18564070025815,0.3221233862249623],[102.18771605675067,0.3183685638020168],[102.18527797220071,0.31781441864497334],[102.18544189342867,0.31541983880165253],[102.16420763637335,0.307541278563145],[102.12728165482457,0.37200721164735034]]]}},{"type":"Feature","properties":{"code":"1405062005","desa":"Sering","kecamatan":"Pelalawan","kecCode":"140506","kabCode":"1405","province":"Riau"},"geometry":{"type":"Polygon","coordinates":[[[101.90535100544464,0.35636322858147845],[101.90781374760644,0.35857612828458424],[101.90850558076801,0.3684886779979098],[101.91337395724241,0.37769718985094575],[101.9016955626002,0.3704445928292544],[101.89892587103219,0.3734998209421288],[101.89828341694619,0.3829795935050027],[101.90065335986475,0.39001803856532086],[101.90777746535781,0.39200250956967336],[101.91301227959309,0.3984175364944074],[101.90327291771104,0.4176503082479152],[101.91040539409374,0.425502423921733],[101.91169620991225,0.4497373409025066],[101.96513890363757,0.44746495374409884],[101.96528167191167,0.4590767238981995],[101.98032383227911,0.45939340666652967],[102.00494326701822,0.4199962887279421],[101.99072125777991,0.413179816133372],[101.98179827976685,0.40389991789510077],[101.95722781041519,0.38823515149675203],[101.91438985840527,0.35554025358209984],[101.90535100544464,0.35636322858147845]]]}},{"type":"Feature","properties":{"code":"1405062006","desa":"Telayap","kecamatan":"Pelalawan","kecCode":"140506","kabCode":"1405","province":"Riau"},"geometry":{"type":"Polygon","coordinates":[[[101.99072125777991,0.413179816133372],[102.01086353282585,0.4207574749068692],[102.00951422869876,0.41570087572981296],[102.10489607489397,0.41737373794081],[102.10597135199635,0.4123371270954931],[102.10083171661053,0.4013440158647233],[102.08112977931592,0.3876026286247844],[102.0740108494212,0.35138893086138684],[102.06664848294122,0.3402957916367957],[102.06317710883657,0.3296070091874101],[102.05436897334947,0.3177700038271591],[102.04267311117518,0.3099880217830178],[102.038870701122,0.3092408065720148],[102.03704394692068,0.32261209491133513],[102.027070706448,0.3345823492217443],[101.99238092244165,0.30957012751308055],[101.9905509864389,0.3142303504987212],[101.99538129191312,0.31759015020996895],[101.99406782936687,0.32261557079105563],[101.97406607968588,0.3416476903064784],[101.96321627091423,0.34705432990515134],[101.96019432940483,0.35279944104667815],[101.96130795899516,0.36952544882703],[101.95798318157864,0.374097432132308],[101.95722781041519,0.38823515149675203],[101.98179827976685,0.40389991789510077],[101.99072125777991,0.413179816133372]]]}},{"type":"Feature","properties":{"code":"1405062007","desa":"Batang Nilo Kecil","kecamatan":"Pelalawan","kecCode":"140506","kabCode":"1405","province":"Riau"},"geometry":{"type":"Polygon","coordinates":[[[101.98367968936621,0.28208173137125997],[101.97577399207614,0.2831018323669937],[101.97025263944784,0.29042103407857434],[101.96358895896333,0.2899427611251463],[101.96134036786371,0.2944756347133069],[101.95403542309634,0.299656911402131],[101.93476610557137,0.30815417373142023],[101.92284109164314,0.33211548996639917],[101.92249222303775,0.3466096520260765],[101.91831031976552,0.35399192768928955],[101.91438985840527,0.35554025358209984],[101.95755295040838,0.3866223136363549],[101.95798318157864,0.374097432132308],[101.96130795899516,0.36952544882703],[101.96019432940483,0.35279944104667815],[101.96321627091423,0.34705432990515134],[101.97406607968588,0.3416476903064784],[101.99406782936687,0.32261557079105563],[101.99538129191312,0.31759015020996895],[101.9905509864389,0.3142303504987212],[101.99238092244165,0.30957012751308055],[102.00048715056158,0.3037663077291013],[101.98688357631606,0.2916526511227075],[101.98678640906557,0.2853367061048603],[101.98367968936621,0.28208173137125997]]]}},{"type":"Feature","properties":{"code":"1405062008","desa":"Delik","kecamatan":"Pelalawan","kecCode":"140506","kabCode":"1405","province":"Riau"},"geometry":{"type":"MultiPolygon","coordinates":[[[[101.88792607243033,0.44938653515781274],[101.83669077455964,0.4476115180564596],[101.8316973365629,0.4324413670916708],[101.82894923681789,0.43154250010355577],[101.82139724918375,0.4329160607433158],[101.82419899978409,0.43242799956879946],[101.8360389999,0.4475869998395083],[101.85031312035424,0.46131619137312296],[101.8414007696299,0.4753012391292274],[101.84148825567854,0.48753773233515874],[101.82186096661036,0.4875279558051925],[101.82186099898598,0.4998329890421696],[101.8346109628257,0.4998610191116324],[101.83250000127411,0.5070830032108662],[101.87333477278162,0.5250985911397015],[101.8744486469875,0.5103690306354074],[101.88468808588652,0.5097769862486912],[101.88314648512227,0.4814759752974682],[101.88592976005043,0.4495121929305234],[101.88792607243033,0.44938653515781274]]],[[[102.00832511541182,0.5595885133733006],[102.00357777239634,0.5425666942906671],[102.00347619127325,0.510769096745099],[101.96944026655511,0.5068858043694304],[101.92095525378198,0.5051460712691427],[101.91786314626722,0.5175352828481616],[101.92587429536252,0.5175270558500429],[101.92874781096275,0.5225554046237034],[101.9344541271563,0.5245645701120928],[101.92973066383911,0.5363107907105558],[101.93226700022194,0.551988999275516],[102.00832511541182,0.5595885133733006]]]]}},{"type":"Feature","properties":{"code":"1405062010","desa":"Lalang Kabung","kecamatan":"Pelalawan","kecCode":"140506","kabCode":"1405","province":"Riau"},"geometry":{"type":"Polygon","coordinates":[[[101.90327291771104,0.4176503082479152],[101.89941847558225,0.4258891530855321],[101.90177890277418,0.4382218989313306],[101.90035360503491,0.44210993792872805],[101.88782574226423,0.4455006698217463],[101.88508936158483,0.4468212711848735],[101.88525956097999,0.44928788222744],[101.89363800039347,0.44902699969400567],[101.89380227685365,0.4538074107757461],[101.91256749919079,0.45395095966122795],[101.91366832962977,0.46787301620339994],[101.91034807760178,0.46790932633094723],[101.91039746656986,0.47659265119678634],[101.91928754198653,0.4768000744305317],[101.91913420667834,0.5004253050240498],[101.92095525378198,0.5051460712691427],[101.96944026655511,0.5068858043694304],[102.00347619127325,0.510769096745099],[102.00398191063674,0.46943577081903004],[101.98032383227911,0.45939340666652967],[101.96528167191167,0.4590767238981995],[101.96513890363757,0.44746495374409884],[101.91169620991225,0.4497373409025066],[101.91040539409374,0.425502423921733],[101.90327291771104,0.4176503082479152]]]}},{"type":"Feature","properties":{"code":"1405071001","desa":"Kerumutan","kecamatan":"Kerumutan","kecCode":"140507","kabCode":"1405","province":"Riau"},"geometry":{"type":"Polygon","coordinates":[[[102.48616749913083,-0.06444991066273036],[102.46741668033557,-0.11702780995449874],[102.45738887979303,-0.13369445978186206],[102.44841660004613,-0.1433610898819386],[102.41466660038337,-0.16552781976783268],[102.26106505241029,-0.16609836316301543],[102.2590855402655,-0.10589094749071147],[102.2504207693031,-0.10523464384593818],[102.25042054986851,-0.10308373531073499],[102.24157749460572,-0.10075447592555924],[102.22359481195103,-0.10009903473061776],[102.21475179086251,-0.10045840651781617],[102.21445535722899,-0.10362516045683852],[102.20151706995688,-0.10380573263221698],[102.20151737482706,-0.10679324719106603],[102.18744979357318,-0.10684883428667742],[102.21496913182004,-0.09131229592349838],[102.2280929582235,-0.07719813519932661],[102.24284386595171,-0.06748125188270647],[102.2401097533625,-0.07203676050745039],[102.23876937770466,-0.09012296320326928],[102.24770406309209,-0.09347346932051064],[102.26299075002315,-0.09040217302064785],[102.26313035358298,-0.09368287645867569],[102.292586892671,-0.09403188715660593],[102.29600720057192,-0.09717298793428003],[102.30380353940187,-0.09740808960262469],[102.30677519981566,-0.09422721720686004],[102.31199741544843,-0.09362928046211305],[102.31336159706012,-0.08556376286159215],[102.31680380974808,-0.08878960765491556],[102.32139013544644,-0.08861740816761764],[102.32139448007126,-0.08341629333387983],[102.31448458409635,-0.08341629333387983],[102.31380676956682,-0.07141596659364768],[102.30675674482796,-0.07169517551171692],[102.30661713857018,-0.06785605333818376],[102.29921810493164,-0.06792585601734591],[102.29942751027141,-0.06450554452303392],[102.2831982313134,-0.06387088935855642],[102.2833567602064,-0.06859998872166936],[102.27726072190484,-0.06847920887174767],[102.27707042356127,-0.062480742522269025],[102.26954528158956,-0.06157307207069317],[102.26952736259778,-0.05964924235187357],[102.2539837123785,-0.05943221435865894],[102.25399779576172,-0.05663604495407121],[102.2512630068823,-0.055474710827130305],[102.2675723264018,-0.05605414492009205],[102.2675005029459,-0.05858540102983373],[102.28154969756054,-0.06015832697780879],[102.31666409287362,-0.06203843975275259],[102.33448375991765,-0.06780077650869247],[102.3496401620639,-0.06692916437450935],[102.3496153110978,-0.05180154234925392],[102.34130884532702,-0.05208075036797204],[102.3420068676229,-0.04893965138899619],[102.33425882058815,-0.04886984870984048],[102.33418901880822,-0.04712479252234637],[102.3420068676229,-0.04384408908431624],[102.35115095924941,-0.04530993455512612],[102.3494757066386,-0.03400197427358173],[102.33530585358231,-0.03518861262492687],[102.33488704200344,-0.038539118742164584],[102.32594439491794,-0.03852056392972619],[102.29083252759915,-0.033966305362636465],[102.26596265775048,-0.033344511402754955],[102.2715816057066,-0.028215952072910087],[102.27886033523633,-0.015426181555743046],[102.29357533483392,-0.004748097441383063],[102.29163008955702,-0.0013061077891099752],[102.29918349542203,-0.0035830796913300105],[102.30093889471429,-0.011726994791816086],[102.31217641201185,-0.01946964408696304],[102.3239263270384,-0.015096224793980125],[102.3345543216247,-0.014685199545878377],[102.3392185708804,-0.01065971176429419],[102.35795385658525,-0.00835171594954936],[102.36602416488334,-0.003457712399634132],[102.38204057521244,-0.002709558296400426],[102.38517374667111,-0.010375284979762917],[102.38390177704542,-0.024999476416713025],[102.39183920961186,-0.03279876591355025],[102.39960558662857,-0.036564403583378785],[102.40539692562766,-0.034614335244623595],[102.4142785573096,-0.037600254406116265],[102.41575974341748,-0.04065874525939071],[102.41388027275644,-0.04805670689767438],[102.41819076559142,-0.052376680380857396],[102.4211718562962,-0.05222358968840189],[102.42176018738279,-0.04648881265652071],[102.42868995657629,-0.042089462311724966],[102.46661567667216,-0.03671646095475342],[102.47265434272377,-0.040336609002143024],[102.48616749913083,-0.06444991066273036]]]}},{"type":"Feature","properties":{"code":"1405072002","desa":"Pangkalan Panduk","kecamatan":"Kerumutan","kecCode":"140507","kabCode":"1405","province":"Riau"},"geometry":{"type":"Polygon","coordinates":[[[102.30244425280013,0.1925760123576045],[102.31281222280592,0.18133157748747214],[102.32586684727725,0.17595230785586194],[102.33441223143939,0.1759507709144984],[102.36895111280369,0.18705619577757],[102.36715753009598,0.150747832677713],[102.3608031894157,0.12645743382207128],[102.28146611906618,0.129463225302772],[102.27940865458578,0.14045487603463158],[102.2714568994164,0.14487721395016992],[102.25483975994699,0.14476013211245436],[102.24598589843055,0.14149084017184127],[102.23777721594581,0.1850510961241315],[102.24222962269896,0.190019358494028],[102.25257175338379,0.19494146495853054],[102.27560081532545,0.17752890303785698],[102.29084378441318,0.17776242100009032],[102.30244425280013,0.1925760123576045]]]}},{"type":"Feature","properties":{"code":"1405072003","desa":"Pangkalan Tampui","kecamatan":"Kerumutan","kecCode":"140507","kabCode":"1405","province":"Riau"},"geometry":{"type":"Polygon","coordinates":[[[102.26226557539604,-0.003637397843505867],[102.24439037971227,-0.005624738584478934],[102.25779176927477,0.03572015981760829],[102.26191965476829,0.06223324479881681],[102.28982070036511,0.05847742053114268],[102.28791267443044,0.06846117586601931],[102.29571052502075,0.06724184535968727],[102.3068202207766,0.07315574485995714],[102.31144901605933,0.07268940051415215],[102.313050207701,0.05576988381073599],[102.31137550637457,0.02651944418734542],[102.30364628035163,0.013599369999750406],[102.30336134275183,0.003873015023372649],[102.29958703381463,0.0016027403723966782],[102.29918349542203,-0.0035830796913300105],[102.29163008955702,-0.0013061077891099752],[102.28316034557355,-0.00419301878808357],[102.28019780698328,0.0005101441273076378],[102.27423474064085,0.0026896798818167077],[102.26226557539604,-0.003637397843505867]]]}},{"type":"Feature","properties":{"code":"1405072004","desa":"Bukit Lembah Subur","kecamatan":"Kerumutan","kecCode":"140507","kabCode":"1405","province":"Riau"},"geometry":{"type":"Polygon","coordinates":[[[102.2401097533625,-0.07203676050745039],[102.25192763375337,-0.052156024522510065],[102.26987874570763,-0.052017952508282],[102.26989336238883,-0.0588290246739289],[102.2675005029459,-0.05858540102983373],[102.2675723264018,-0.05605414492009205],[102.25120608968932,-0.05649280903260662],[102.25399779576172,-0.05663604495407121],[102.2539837123785,-0.05943221435865894],[102.26952736259778,-0.05964924235187357],[102.26954528158956,-0.06157307207069317],[102.27707042356127,-0.062480742522269025],[102.27942129006054,-0.0738561699436276],[102.28443006329684,-0.07392749157773196],[102.28452558029136,-0.08124031619665975],[102.27536260380117,-0.0812948375956996],[102.27545227430305,-0.09372522193655217],[102.26313035358298,-0.09368287645867569],[102.26299075002315,-0.09040217302064785],[102.24770406309209,-0.09347346932051064],[102.23876937770466,-0.09012296320326928],[102.2401097533625,-0.07203676050745039]]]}},{"type":"Feature","properties":{"code":"1405072005","desa":"Banjar Panjang","kecamatan":"Kerumutan","kecCode":"140507","kabCode":"1405","province":"Riau"},"geometry":{"type":"Polygon","coordinates":[[[102.27951586906214,-0.06857464672579683],[102.2833567602064,-0.06859998872166936],[102.2831982313134,-0.06387088935855642],[102.29942751027141,-0.06450554452303392],[102.29921810493164,-0.06792585601734591],[102.30661713857018,-0.06785605333818376],[102.30675674482796,-0.07169517551171692],[102.31380676956682,-0.07141596659364768],[102.31448458409635,-0.08341629333387983],[102.32139448007126,-0.08341629333387983],[102.32139013544644,-0.08861740816761764],[102.31680380974808,-0.08878960765491556],[102.31336159706012,-0.08556376286159215],[102.31199741544843,-0.09362928046211305],[102.30677519981566,-0.09422721720686004],[102.30380353940187,-0.09740808960262469],[102.29600720057192,-0.09717298793428003],[102.292586892671,-0.09403188715660593],[102.27545227430305,-0.09372522193655217],[102.27536260380117,-0.0812948375956996],[102.28452558029136,-0.08124031619665975],[102.28443006329684,-0.07392749157773196],[102.27942129006054,-0.0738561699436276],[102.27951586906214,-0.06857464672579683]]]}},{"type":"Feature","properties":{"code":"1405072006","desa":"Beringin Makmur","kecamatan":"Kerumutan","kecCode":"140507","kabCode":"1405","province":"Riau"},"geometry":{"type":"Polygon","coordinates":[[[102.3208815238633,-0.038163600526982984],[102.33488704200344,-0.038539118742164584],[102.33530585358231,-0.03518861262492687],[102.3494757066386,-0.03400197427358173],[102.35115095924941,-0.04530993455512612],[102.3420068676229,-0.04384408908431624],[102.33418901880822,-0.04712479252234637],[102.33425882058815,-0.04886984870984048],[102.3420068676229,-0.04893965138899619],[102.34130884532702,-0.05208075036797204],[102.3496153110978,-0.05180154234925392],[102.3496401620639,-0.06692916437450935],[102.33448375991765,-0.06780077650869247],[102.31666409287362,-0.06203843975275259],[102.3067719793434,-0.061251357595499274],[102.3067373752297,-0.056857178352424896],[102.3136618654028,-0.05651821757843938],[102.31332290462842,-0.052934914755262366],[102.30668895303279,-0.05322545153375922],[102.3067373752297,-0.04954530251821874],[102.31356501921033,-0.049206342643483295],[102.31351659701339,-0.04576830910895492],[102.32097373944657,-0.045429346536220265],[102.3208815238633,-0.038163600526982984]]]}},{"type":"Feature","properties":{"code":"1405072007","desa":"Pematang Tinggi","kecamatan":"Kerumutan","kecCode":"140507","kabCode":"1405","province":"Riau"},"geometry":{"type":"Polygon","coordinates":[[[102.25192763375337,-0.052156024522510065],[102.25598432621574,-0.04131766593122801],[102.26596265775048,-0.033344511402754955],[102.29083252759915,-0.033966305362636465],[102.3208815238633,-0.038163600526982984],[102.32097373944657,-0.045429346536220265],[102.31351659701339,-0.04576830910895492],[102.31356501921033,-0.049206342643483295],[102.3067373752297,-0.04954530251821874],[102.30668895303279,-0.05322545153375922],[102.31332290462842,-0.052934914755262366],[102.3136618654028,-0.05651821757843938],[102.3067373752297,-0.056857178352424896],[102.3067719793434,-0.061251357595499274],[102.26989336238883,-0.0588290246739289],[102.26987874570763,-0.052017952508282],[102.25192763375337,-0.052156024522510065]]]}},{"type":"Feature","properties":{"code":"1405072008","desa":"Tanjung Air Hitam","kecamatan":"Kerumutan","kecCode":"140507","kabCode":"1405","province":"Riau"},"geometry":{"type":"Polygon","coordinates":[[[102.24598589843055,0.14149084017184127],[102.26118999342349,0.1453566794046585],[102.2714568994164,0.14487721395016992],[102.27940865458578,0.14045487603463158],[102.28296717479532,0.12348666374044469],[102.28332008225607,0.09693134120000572],[102.26331341867937,0.09659599659993033],[102.25422723439942,0.10014206299377071],[102.24598589843055,0.14149084017184127]]]}},{"type":"Feature","properties":{"code":"1405072009","desa":"Mak Teduh","kecamatan":"Kerumutan","kecCode":"140507","kabCode":"1405","province":"Riau"},"geometry":{"type":"Polygon","coordinates":[[[102.46661567667216,-0.03671646095475342],[102.42868995657629,-0.042089462311724966],[102.42176018738279,-0.04648881265652071],[102.4215136085662,-0.051688327596364596],[102.41912119069046,-0.05270159824116781],[102.4140132114406,-0.04849636835839344],[102.41575974341748,-0.04065874525939071],[102.4142785573096,-0.037600254406116265],[102.40539692562766,-0.034614335244623595],[102.39960558662857,-0.036564403583378785],[102.39183920961186,-0.03279876591355025],[102.38390177704542,-0.024999476416713025],[102.38517374667111,-0.010375284979762917],[102.38204057521244,-0.002709558296400426],[102.36602416488334,-0.003457712399634132],[102.35795385658525,-0.00835171594954936],[102.3392185708804,-0.01065971176429419],[102.3345543216247,-0.014685199545878377],[102.3239263270384,-0.015096224793980125],[102.31656309001465,-0.019354847426584106],[102.31135034604169,-0.019412306011375672],[102.30108132394399,-0.011870380000716583],[102.29913601391598,9.717994085676512e-05],[102.30310022459577,0.003299470590429636],[102.3033851567996,0.01293023932470233],[102.31137550637457,0.02651944418734542],[102.31244589386294,0.07132717133215659],[102.30820889272626,0.07344241185571795],[102.29571052502075,0.06724184535968727],[102.28791267443044,0.06846117586601931],[102.28624488529329,0.08919640718867812],[102.28296448941973,0.09923001014583303],[102.28146611906618,0.129463225302772],[102.3608031894157,0.12645743382207128],[102.36829773735076,0.1624342978228558],[102.39835797334183,0.16967517218161737],[102.43689787643592,0.1856604713459739],[102.46186122091865,0.19967498179160695],[102.47496527572694,0.1849203095178395],[102.504100903434,0.13292407373831314],[102.4929114063364,0.13700659022869807],[102.48277069501164,0.13510582542234514],[102.4821447677669,0.12806254111011237],[102.47424538731484,0.12129699892172009],[102.47445270982475,0.10862389385612055],[102.46362935461109,0.10132322807117676],[102.45893976156081,0.10334992944005794],[102.4558826754452,0.10191663133346121],[102.44790224359372,0.09045779628910965],[102.44375704974811,0.07673813487120984],[102.43427192890645,0.06515487232662624],[102.43125288141538,0.0649687018714542],[102.42836230028,0.06921258101839745],[102.42444589576155,0.06668958608095185],[102.42803395600231,0.05689732248979701],[102.43197857585068,0.05564979284146117],[102.4345986004451,0.050832520347714676],[102.43207768923399,0.04469654406026863],[102.43740373789223,0.04529843152674414],[102.44559181061362,0.03921936253970925],[102.44651724357601,0.03400084312642401],[102.44372594759447,0.029441926970482576],[102.44675904969044,0.024739465526252877],[102.44242982037997,0.02030958589600274],[102.44611800304347,0.01358569221077901],[102.44730949413793,-0.005084990674062336],[102.46133232063016,-0.03190040614307161],[102.46661567667216,-0.03671646095475342]]]}},{"type":"Feature","properties":{"code":"1405072010","desa":"Lipai Bulan","kecamatan":"Kerumutan","kecCode":"140507","kabCode":"1405","province":"Riau"},"geometry":{"type":"Polygon","coordinates":[[[102.28624488529329,0.08919640718867812],[102.28982070036511,0.05847742053114268],[102.26276737641336,0.062350603627734036],[102.2630526098901,0.06808626379393272],[102.25956310905029,0.06944872949760227],[102.2604837953909,0.0941647253164636],[102.25422723439942,0.10014206299377071],[102.26331341867937,0.09659599659993033],[102.28332008225607,0.09693134120000572],[102.28624488529329,0.08919640718867812]]]}},{"type":"Feature","properties":{"code":"1405081011","desa":"Pangkalan Bunut","kecamatan":"Bunut","kecCode":"140508","kabCode":"1405","province":"Riau"},"geometry":{"type":"Polygon","coordinates":[[[102.1475679158267,0.2919319131007289],[102.1495491375827,0.2953273916154528],[102.15289093107168,0.29448112507441454],[102.15134462955109,0.29169595707645124],[102.1475679158267,0.2919319131007289]]]}},{"type":"Feature","properties":{"code":"1405082001","desa":"Petani","kecamatan":"Bunut","kecCode":"140508","kabCode":"1405","province":"Riau"},"geometry":{"type":"Polygon","coordinates":[[[102.20539777858464,0.3026404689439076],[102.21556780421086,0.3024990802299755],[102.20517218275012,0.28695147480971606],[102.19756405493723,0.2869032207860375],[102.1868982375637,0.27657505208760613],[102.1849638758822,0.2679112524026742],[102.1866753226081,0.26145324328005315],[102.17794974488486,0.2580361342715394],[102.16451607865416,0.26328621988862955],[102.1583544447019,0.2570110780112991],[102.13493894497638,0.2672556106588867],[102.1451777966181,0.28294066036664595],[102.14254205727019,0.2850471450907925],[102.14334663304072,0.2885939741097905],[102.1475679158267,0.2919319131007289],[102.15134462955109,0.29169595707645124],[102.15289093107168,0.29448112507441454],[102.15070281128577,0.29570042770177735],[102.14255914978497,0.29202708925209786],[102.14320932455075,0.3011708957833322],[102.15077303844502,0.30173958657509375],[102.1747317952362,0.31298842452607634],[102.18544189342867,0.31541983880165253],[102.18527797220071,0.31781441864497334],[102.18771605675067,0.3183685638020168],[102.18552716534644,0.3220728560171878],[102.2004510396838,0.3056858386885239],[102.20539777858464,0.3026404689439076]]]}},{"type":"Feature","properties":{"code":"1405082002","desa":"Merbau","kecamatan":"Bunut","kecCode":"140508","kabCode":"1405","province":"Riau"},"geometry":{"type":"Polygon","coordinates":[[[102.24535193394468,0.274101582815159],[102.25336512180297,0.26395958726983826],[102.25930094138538,0.26863563292758935],[102.26456964837064,0.261351080295734],[102.26972328889872,0.26449386010767445],[102.27585570927361,0.255803881158028],[102.27237726559838,0.25185577194461495],[102.27956741010797,0.24493788999759605],[102.27300009827599,0.238418165799035],[102.27071581488302,0.24017896731680619],[102.26429127042587,0.23494415308736694],[102.25753360089504,0.2392747718455705],[102.24692120504966,0.23384960081681136],[102.25025245039033,0.2266160397449501],[102.23821237809881,0.22575943369834486],[102.23740336057669,0.22399863307988088],[102.25187048363597,0.21800239075383085],[102.26048413263668,0.2076279411442808],[102.25482101627694,0.1970631338361406],[102.23487637264657,0.18430486117419032],[102.22712884811789,0.18803585605955944],[102.22575827862168,0.19344199113858893],[102.2153076861009,0.19875294736825538],[102.20877844526909,0.20596747338976312],[102.19499660740756,0.20823272083045946],[102.19063505286543,0.20470976521447679],[102.1891392419825,0.21163978890836357],[102.1830421568701,0.21372569534547706],[102.17889131078543,0.22638984316348226],[102.1847836643347,0.23940618617874246],[102.1859592734018,0.24991695772187061],[102.19256573002444,0.2529407833075914],[102.18749231891543,0.25483883216126413],[102.19067143943543,0.2639409883906138],[102.18780070993489,0.2627483362727641],[102.18492605309496,0.2647029300000956],[102.1868982375637,0.27657505208760613],[102.19756405493723,0.2869032207860375],[102.20517218275012,0.28695147480971606],[102.20991886476384,0.2938454590719482],[102.21190798976198,0.2869418520638389],[102.22459198832968,0.2741570619921051],[102.2297431026621,0.27137245427174606],[102.23209106165325,0.2763910391059677],[102.23859255300395,0.2727377276589254],[102.24535193394468,0.274101582815159]]]}},{"type":"Feature","properties":{"code":"1405082003","desa":"Sungai Buluh","kecamatan":"Bunut","kecCode":"140508","kabCode":"1405","province":"Riau"},"geometry":{"type":"Polygon","coordinates":[[[102.10489607489397,0.41737373794081],[102.11392067809686,0.41323275562492195],[102.12135184990801,0.39695401846909945],[102.12600490440288,0.3720191636373221],[102.13932150588283,0.35257391086284773],[102.16420763637335,0.307541278563145],[102.14249408023765,0.2995054988446109],[102.13100247388513,0.3059752540124836],[102.12446391787556,0.29109706974832433],[102.1122709806213,0.2914888000420402],[102.10815819024832,0.28577264886896375],[102.10816311133857,0.2653801752580002],[102.09940908895832,0.2554840831381247],[102.09044515761796,0.2540645086859372],[102.05562262198647,0.30189283824616076],[102.04267578126235,0.30470149833462656],[102.038870701122,0.3092408065720148],[102.04632759084569,0.31140327499276316],[102.05336570676201,0.3168201443797216],[102.06317710883657,0.3296070091874101],[102.06664848294122,0.3402957916367957],[102.0740108494212,0.35138893086138684],[102.08112977931592,0.3876026286247844],[102.10083171661053,0.4013440158647233],[102.10597135199635,0.4123371270954931],[102.10489607489397,0.41737373794081]]]}},{"type":"Feature","properties":{"code":"1405082008","desa":"Lubuk Mas","kecamatan":"Bunut","kecCode":"140508","kabCode":"1405","province":"Riau"},"geometry":{"type":"Polygon","coordinates":[[[102.14668751461716,0.2923959066187019],[102.14741700958739,0.2903796167010903],[102.1424764274452,0.2863573457945313],[102.1451777966181,0.28294066036664595],[102.14028057798633,0.2754385365511007],[102.13617589859886,0.27988941984773924],[102.13987952172259,0.283457390129339],[102.133887811973,0.289416102847067],[102.12951263539985,0.2879692465613269],[102.12446391787556,0.29109706974832433],[102.13100247388513,0.3059752540124836],[102.14249408023765,0.2995054988446109],[102.14255914978497,0.29202708925209786],[102.14668751461716,0.2923959066187019]]]}},{"type":"Feature","properties":{"code":"1405082009","desa":"Balam Merah","kecamatan":"Bunut","kecCode":"140508","kabCode":"1405","province":"Riau"},"geometry":{"type":"Polygon","coordinates":[[[102.15449085556861,0.23182066373331067],[102.14555482659402,0.2266198501723851],[102.14470363536452,0.22040257517215417],[102.13581033677768,0.21932907243335514],[102.12915406400889,0.19906166933787764],[102.13111760509344,0.18831433922469515],[102.12474438944207,0.19105227123164847],[102.11339155657515,0.18900442320412658],[102.10724302844307,0.18462621412193578],[102.10516813869872,0.17724036725084727],[102.09098298277848,0.18645126320666544],[102.0864620063166,0.19275683184665654],[102.09500605588481,0.19664249213732235],[102.09696673172937,0.20657912119837868],[102.10350073177342,0.21072414416817253],[102.10380102259914,0.21776672970719443],[102.13232476957249,0.22259679145972344],[102.14648488476968,0.2367569039430945],[102.15414351760933,0.23834150129262943],[102.15449085556861,0.23182066373331067]]]}},{"type":"Feature","properties":{"code":"1405082010","desa":"Bagan Laguh","kecamatan":"Bunut","kecCode":"140508","kabCode":"1405","province":"Riau"},"geometry":{"type":"Polygon","coordinates":[[[102.07231954301255,0.1891804088371693],[102.04987345129881,0.21933887234567392],[102.04706637041669,0.21781652606817142],[102.04575766708273,0.2221709399883517],[102.0397138353253,0.22431245510478717],[102.04095155696882,0.22883456380804854],[102.03596832088134,0.23387050016180252],[102.03920278657938,0.23666445543553694],[102.02879692723643,0.24127751617448928],[102.0259796453444,0.2543966750818975],[102.02673548685327,0.26798653555040286],[102.01742987339003,0.2694750277488527],[102.01210909565829,0.26475860972587845],[102.00924835043111,0.2582527818515041],[101.99887404470144,0.2720405750082091],[101.98367968936621,0.28208173137125997],[101.98678640906557,0.2853367061048603],[101.98688357631606,0.2916526511227075],[102.00038998241182,0.30266506809982024],[101.99750731980701,0.3075882636433325],[101.99238092244165,0.30957012751308055],[102.027070706448,0.3345823492217443],[102.03704394692068,0.32261209491133513],[102.04001955176095,0.30703861059993826],[102.05562262198647,0.30189283824616076],[102.09044515761796,0.2540645086859372],[102.09940908895832,0.2554840831381247],[102.10816311133857,0.2653801752580002],[102.10815819024832,0.28577264886896375],[102.11122628496513,0.2907430831015469],[102.11520962602349,0.29189616864670687],[102.12267630486764,0.2917173798268849],[102.1299697976681,0.287901593261872],[102.133887811973,0.289416102847067],[102.13987952172259,0.283457390129339],[102.13617589859886,0.27988941984773924],[102.14028057798633,0.2754385365511007],[102.13493894497638,0.2672556106588867],[102.1583544447019,0.2570110780112991],[102.1561029415975,0.25437597088975394],[102.154258859259,0.25720158140014016],[102.15140350636676,0.25613082429158085],[102.14337877391135,0.24489976773610525],[102.14513957543112,0.24085468372722801],[102.15414351760933,0.23834150129262943],[102.14648488476968,0.2367569039430945],[102.13232476957249,0.22259679145972344],[102.10337271957542,0.21751688635189123],[102.10350073177342,0.21072414416817253],[102.09696673172937,0.20657912119837868],[102.09500605588481,0.19664249213732235],[102.08312091609747,0.19027188722493038],[102.07231954301255,0.1891804088371693]]]}},{"type":"Feature","properties":{"code":"1405082013","desa":"Lubuk Mandian Gajah","kecamatan":"Bunut","kecCode":"140508","kabCode":"1405","province":"Riau"},"geometry":{"type":"Polygon","coordinates":[[[102.17889131078543,0.22638984316348226],[102.1830421568701,0.21372569534547706],[102.19000022143312,0.2095535686078662],[102.19049276932589,0.20371377684145273],[102.18733059293258,0.1952102147612393],[102.17862176598179,0.19083200567901307],[102.15706384831797,0.1913554893502739],[102.15639759996928,0.2077261794872546],[102.15173385703194,0.2151976867830924],[102.14470363536452,0.22040257517215417],[102.14555482659402,0.2266198501723851],[102.15449085556861,0.23182066373331067],[102.16208133778355,0.22972673804152],[102.16905431490477,0.2229520524458478],[102.17889131078543,0.22638984316348226]]]}},{"type":"Feature","properties":{"code":"1405082017","desa":"Keriung","kecamatan":"Bunut","kecCode":"140508","kabCode":"1405","province":"Riau"},"geometry":{"type":"Polygon","coordinates":[[[102.1561029415975,0.25437597088975394],[102.16346737382031,0.26311454200816187],[102.16717933276003,0.2634357690507994],[102.17794974488486,0.2580361342715394],[102.19067143943543,0.2639409883906138],[102.18749231891543,0.25483883216126413],[102.19256573002444,0.2529407833075914],[102.1859592734018,0.24991695772187061],[102.1847836643347,0.23940618617874246],[102.1776203735814,0.22512925895630406],[102.16905431490477,0.2229520524458478],[102.16208133778355,0.22972673804152],[102.15496674981569,0.2310354431727213],[102.15420532171828,0.23895904685521593],[102.14375948840971,0.24261548614435732],[102.14556787755554,0.24946833271829488],[102.15140350636676,0.25613082429158085],[102.154258859259,0.25720158140014016],[102.1561029415975,0.25437597088975394]]]}},{"type":"Feature","properties":{"code":"1405082018","desa":"Sialang Kayu Batu","kecamatan":"Bunut","kecCode":"140508","kabCode":"1405","province":"Riau"},"geometry":{"type":"Polygon","coordinates":[[[102.12363673404808,0.18986607534668498],[102.13111760509344,0.18831433922469515],[102.12915406400889,0.19906166933787764],[102.13581033677768,0.21932907243335514],[102.14169223031222,0.22107185513470579],[102.15173385703194,0.2151976867830924],[102.15639759996928,0.2077261794872546],[102.15706384831797,0.1913554893502739],[102.17618437840639,0.18337543792097447],[102.12261573103119,0.18224723122085945],[102.12133863167259,0.18484521702634438],[102.12363673404808,0.18986607534668498]]]}},{"type":"Feature","properties":{"code":"1405091001","desa":"Teluk Meranti","kecamatan":"Teluk Meranti","kecCode":"140509","kabCode":"1405","province":"Riau"},"geometry":{"type":"Polygon","coordinates":[[[102.55460479437585,0.08001261859798901],[102.53347236036119,0.06819443964541436],[102.48616749913083,-0.06444991066273036],[102.48468971335967,-0.06392288186395725],[102.47265434272377,-0.040336609002143024],[102.46133232063016,-0.03190040614307161],[102.44730949413793,-0.005084990674062336],[102.44611800304347,0.01358569221077901],[102.44242982037997,0.02030958589600274],[102.44675904969044,0.024739465526252877],[102.44372594759447,0.029441926970482576],[102.44651724357601,0.03400084312642401],[102.44559181061362,0.03921936253970925],[102.43740373789223,0.04529843152674414],[102.43207768923399,0.04469654406026863],[102.4345986004451,0.050832520347714676],[102.43197857585068,0.05564979284146117],[102.42803395600231,0.05689732248979701],[102.42444589576155,0.06668958608095185],[102.42836230028,0.06921258101839745],[102.43125288141538,0.0649687018714542],[102.43427192890645,0.06515487232662624],[102.44375704974811,0.07673813487120984],[102.44790224359372,0.09045779628910965],[102.4558826754452,0.10191663133346121],[102.45893976156081,0.10334992944005794],[102.46362935461109,0.10132322807117676],[102.47445270982475,0.10862389385612055],[102.47424538731484,0.12129699892172009],[102.4821447677669,0.12806254111011237],[102.48277069501164,0.13510582542234514],[102.4929114063364,0.13700659022869807],[102.50607463203869,0.13264790722678052],[102.50852449321086,0.13534611078300054],[102.50668040187912,0.13955357727967665],[102.51642554280458,0.15171026914389393],[102.52132353755125,0.16230199226154246],[102.52639618603524,0.16468608421119105],[102.52921815609307,0.17168268471608986],[102.53819026586812,0.17382282476910133],[102.54804823933482,0.16955479522795605],[102.5576774288703,0.17281773705557152],[102.5588983053126,0.18306144592417836],[102.55605587837613,0.18590387375682138],[102.5239453266156,0.20540115321084113],[102.52021464109288,0.21259604883075264],[102.51901549137187,0.23360336913888055],[102.51278717358922,0.2425852950039755],[102.52675576556618,0.2617920988334477],[102.53070861241257,0.2768129182718708],[102.53624259871701,0.33531504757628333],[102.56061848535488,0.46905302655125314],[102.56470309457222,0.5213623639987536],[102.57023707997735,0.5382278458364195],[102.57432168739604,0.5794692106874033],[102.58705192460667,0.6254184616932214],[102.72755769063498,0.6427965076338221],[102.78325803882751,0.32325529453458496],[102.7945089254466,0.29360524026117263],[102.79049680158619,0.2647742606273996],[102.7993410403568,0.25549228495513027],[102.78923970494851,0.24771285069037668],[102.78958605365352,0.24051297102775515],[102.7843933159988,0.22988670584960766],[102.78189112957203,0.21373774266357348],[102.78621439907532,0.21219300866302934],[102.78695731462841,0.2075160600859448],[102.77954485770908,0.1960354902264164],[102.78012066843417,0.191975828207161],[102.7887443862445,0.19146954946591177],[102.7898860027369,0.11976644273318773],[102.69544461088014,0.08593125033087187],[102.67277759980645,0.08849996949904862],[102.60091656035104,0.08927774996833494],[102.58300008038945,0.08819442033758056],[102.55460479437585,0.08001261859798901]]]}},{"type":"Feature","properties":{"code":"1405092002","desa":"Kuala Panduk","kecamatan":"Teluk Meranti","kecCode":"140509","kabCode":"1405","province":"Riau"},"geometry":{"type":"Polygon","coordinates":[[[102.35593705585052,0.18349580048555234],[102.33441223143939,0.1759507709144984],[102.32586684727725,0.17595230785586194],[102.31281222280592,0.18133157748747214],[102.30244425280013,0.1925760123576045],[102.33152996723425,0.21989804831031032],[102.36749231621747,0.2966287726678615],[102.38986520671398,0.4088246719636994],[102.39583131096627,0.4505873998845547],[102.40743206803558,0.49798478061610035],[102.42845406440357,0.6058027487203222],[102.45972347036194,0.6096702130280185],[102.44937966873681,0.5392136314008501],[102.43655705856146,0.482224254406367],[102.42330702759732,0.3826353177377048],[102.41433120182357,0.29330447009712923],[102.40749247639671,0.2782022835973127],[102.40606774343166,0.2650947268435713],[102.39509728790955,0.24614575864448654],[102.36831227938825,0.21651128332684527],[102.36318323531809,0.20796287745215603],[102.35593705585052,0.18349580048555234]]]}},{"type":"Feature","properties":{"code":"1405092003","desa":"Petodaan","kecamatan":"Teluk Meranti","kecCode":"140509","kabCode":"1405","province":"Riau"},"geometry":{"type":"Polygon","coordinates":[[[102.36829773735076,0.1624342978228558],[102.36895111280369,0.18705619577757],[102.35593705585052,0.18349580048555234],[102.36318323531809,0.20796287745215603],[102.40136611655309,0.25640384767263036],[102.40606774343166,0.2650947268435713],[102.40749247639671,0.2782022835973127],[102.41661077726565,0.30384750391922827],[102.42017261327554,0.3558503110449698],[102.43655705856146,0.482224254406367],[102.44937966873681,0.5392136314008501],[102.45972347036194,0.6096702130280185],[102.51206834637712,0.6161443362030526],[102.48941338621886,0.5038158138851688],[102.47489867463416,0.37294545814918534],[102.47323424176695,0.25207796114697195],[102.47936373394923,0.22744578034400054],[102.47620261965523,0.22390038304576734],[102.47988483531695,0.2052692037810888],[102.46186122091865,0.19967498179160695],[102.43689787643592,0.1856604713459739],[102.39835797334183,0.16967517218161737],[102.36829773735076,0.1624342978228558]]]}},{"type":"Feature","properties":{"code":"1405092004","desa":"Teluk Binjai","kecamatan":"Teluk Meranti","kecCode":"140509","kabCode":"1405","province":"Riau"},"geometry":{"type":"Polygon","coordinates":[[[102.50380354259947,0.13284429128242337],[102.47496527572694,0.1849203095178395],[102.46186122091865,0.19967498179160695],[102.47988483531695,0.2052692037810888],[102.47620261965523,0.22390038304576734],[102.47936373394923,0.22744578034400054],[102.47323424176695,0.25207796114697195],[102.47489867463416,0.37294545814918534],[102.48941338621886,0.5038158138851688],[102.51206834637712,0.6161443362030526],[102.58705192460667,0.6254184616932214],[102.57432168739604,0.5794692106874033],[102.57023707997735,0.5382278458364195],[102.56470309457222,0.5213623639987536],[102.56061848535488,0.46905302655125314],[102.53624259871701,0.33531504757628333],[102.53070861241257,0.2768129182718708],[102.52675576556618,0.2617920988334477],[102.51278717358922,0.2425852950039755],[102.51901549137187,0.23360336913888055],[102.52021464109288,0.21259604883075264],[102.5239453266156,0.20540115321084113],[102.55605587837613,0.18590387375682138],[102.5588983053126,0.18306144592417836],[102.5576774288703,0.17281773705557152],[102.54804823933482,0.16955479522795605],[102.53819026586812,0.17382282476910133],[102.52921815609307,0.17168268471608986],[102.52639618603524,0.16468608421119105],[102.52132353755125,0.16230199226154246],[102.51642554280458,0.15171026914389393],[102.50668040187912,0.13955357727967665],[102.50827631899698,0.13456892476549764],[102.50380354259947,0.13284429128242337]]]}},{"type":"Feature","properties":{"code":"1405092005","desa":"Pulau Muda","kecamatan":"Teluk Meranti","kecCode":"140509","kabCode":"1405","province":"Riau"},"geometry":{"type":"Polygon","coordinates":[[[102.83267733029464,0.1440787688589531],[102.7898860027369,0.11976644273318773],[102.7887443862445,0.19146954946591177],[102.78012066843417,0.191975828207161],[102.77954485770908,0.1960354902264164],[102.78695731462841,0.2075160600859448],[102.78621439907532,0.21219300866302934],[102.78189112957203,0.21373774266357348],[102.7843933159988,0.22988670584960766],[102.78958605365352,0.24051297102775515],[102.78923970494851,0.24771285069037668],[102.7993410403568,0.25549228495513027],[102.79049680158619,0.2647742606273996],[102.7945089254466,0.29360524026117263],[102.78325803882751,0.32325529453458496],[102.72755769063498,0.6427965076338221],[102.80967399975533,0.6529519993050912],[102.98757190192178,0.3461704797965436],[102.98350705530639,0.33942624164803126],[102.9898507695974,0.33605065074100493],[102.99251144624628,0.3314050426378453],[102.98496501282511,0.32252494520926644],[102.96859439191768,0.312931660217895],[103.00297312021335,0.26142989328247646],[102.89792219685194,0.18593218081754015],[102.83267733029464,0.1440787688589531]]]}},{"type":"Feature","properties":{"code":"1405092006","desa":"Gambut Mutiara","kecamatan":"Teluk Meranti","kecCode":"140509","kabCode":"1405","province":"Riau"},"geometry":{"type":"Polygon","coordinates":[[[103.10417394697015,0.32221673495393993],[103.07355933289692,0.3133704169606227],[103.05572335484902,0.3001004156659298],[103.0416218008055,0.31940184706031144],[103.03486861259641,0.3357848273322904],[103.00474321982381,0.38081428322662103],[103.02112007123435,0.39314460719805483],[103.01238441480893,0.4259357442627144],[103.03824851665576,0.43991675226420907],[103.06435840681507,0.39417537595190116],[103.08944300059407,0.4089625946904748],[103.10815740583966,0.3839455580115872],[103.10560310999556,0.37461752266143256],[103.10690498387794,0.3635616297586955],[103.11858177233097,0.3535099027643307],[103.12766103003258,0.333431359996275],[103.10417394697015,0.32221673495393993]]]}},{"type":"Feature","properties":{"code":"1405092007","desa":"Labuhan Bilik","kecamatan":"Teluk Meranti","kecCode":"140509","kabCode":"1405","province":"Riau"},"geometry":{"type":"MultiPolygon","coordinates":[[[[103.22640148973703,0.3851685298728967],[103.21136997014803,0.36876055654193884],[103.16556534536448,0.3535914928575609],[103.12766103003258,0.333431359996275],[103.11858177233097,0.3535099027643307],[103.10690498387794,0.3635616297586955],[103.10560310999556,0.37461752266143256],[103.10815740583966,0.3839455580115872],[103.08944300059407,0.4089625946904748],[103.09391070031863,0.4118777839718251],[103.11049198381808,0.3849820203732566],[103.1283447531079,0.3872951216392729],[103.14140697774991,0.3927679873134185],[103.15530407632212,0.4033943253365731],[103.1778545046817,0.43155821036035863],[103.19453620917875,0.4219188683891032],[103.1964130403296,0.4179439530834618],[103.216814041335,0.4010868061624628],[103.21487998991965,0.39475440984657145],[103.22640148973703,0.3851685298728967]]],[[[103.17173142376623,0.4282621105289161],[103.15604601701011,0.40808428080843107],[103.14960797193044,0.40266239230511897],[103.17173142376623,0.4282621105289161]]]]}},{"type":"Feature","properties":{"code":"1405092008","desa":"Pangkalan Terap","kecamatan":"Teluk Meranti","kecCode":"140509","kabCode":"1405","province":"Riau"},"geometry":{"type":"Polygon","coordinates":[[[102.27300009827599,0.238418165799035],[102.28470704639312,0.2506485957756392],[102.28910826823204,0.24725090762669572],[102.30090808484033,0.25850028966747934],[102.31473090840478,0.2614483212904984],[102.32157332644789,0.26622534282748644],[102.3246463710333,0.2718466613902308],[102.33044742630773,0.29651209552509505],[102.35704356640751,0.47464999866758334],[102.38156343540429,0.5737100953029687],[102.38482043541484,0.6004060502275449],[102.42845406440357,0.6058027487203222],[102.40743206803558,0.49798478061610035],[102.39583131096627,0.4505873998845547],[102.38986520671398,0.4088246719636994],[102.36616651587205,0.2923199211004851],[102.33152996723425,0.21989804831031032],[102.30865990273234,0.19967958721977624],[102.29084378441318,0.17776242100009032],[102.27560081532545,0.17752890303785698],[102.25257175338379,0.19494146495853054],[102.26048413263668,0.2076279411442808],[102.25187048363597,0.21800239075383085],[102.23740336057669,0.22399863307988088],[102.24068701739202,0.2266636291695772],[102.25025245039033,0.2266160397449501],[102.24692120504966,0.23384960081681136],[102.25753360089504,0.2392747718455705],[102.26429127042587,0.23494415308736694],[102.27071581488302,0.24017896731680619],[102.27300009827599,0.238418165799035]]]}},{"type":"Feature","properties":{"code":"1405092009","desa":"Segamai","kecamatan":"Teluk Meranti","kecCode":"140509","kabCode":"1405","province":"Riau"},"geometry":{"type":"Polygon","coordinates":[[[103.05572335484902,0.3001004156659298],[103.00297312021335,0.26142989328247646],[102.96859439191768,0.312931660217895],[102.98496501282511,0.32252494520926644],[102.99251144624628,0.3314050426378453],[102.99114181024639,0.33483371692793756],[102.98324051064111,0.3401725872146037],[102.98757190192178,0.3461704797965436],[102.80771100006267,0.6558919990829628],[102.80309698693645,0.6685691070309394],[102.80231716590453,0.6799064634521831],[102.80371011592916,0.6840290564308489],[102.80702405471641,0.6851521765655197],[102.80595700011554,0.6871859996656328],[102.81430280133327,0.6941707839782337],[102.82059030080183,0.6921790995117519],[102.82715414484794,0.6935269440376317],[102.83237435319391,0.6995527776562903],[102.8406911611682,0.6973670689552379],[102.85991382906002,0.7087533718780277],[102.87848022568191,0.7073860381441324],[102.88636599939144,0.7094719994398152],[102.89056303285776,0.713129877644271],[102.91595994769347,0.6416925502533266],[102.94594115575977,0.5877977584023792],[103.03824851665576,0.43991675226420907],[103.01238441480893,0.4259357442627144],[103.02112007123435,0.39314460719805483],[103.00474321982381,0.38081428322662103],[103.03486861259641,0.3357848273322904],[103.0416218008055,0.31940184706031144],[103.05572335484902,0.3001004156659298]]]}},{"type":"Feature","properties":{"code":"1405101001","desa":"Teluk Dalam","kecamatan":"Kuala Kampar","kecCode":"140510","kabCode":"1405","province":"Riau"},"geometry":{"type":"Polygon","coordinates":[[[103.25149920462468,0.6159522536047721],[103.26503357873672,0.5596446877262072],[103.27302856791415,0.5558185157902206],[103.29250453975277,0.5385682014589304],[103.28317351144848,0.5291945857696431],[103.21176650731854,0.5213222785172092],[103.18816894344207,0.5684762100732139],[103.20242644532424,0.5792746207792429],[103.23355520900576,0.6199837164819492],[103.23825272868055,0.6156102657126948],[103.25149920462468,0.6159522536047721]]]}},{"type":"Feature","properties":{"code":"1405102002","desa":"Tanjung Sum","kecamatan":"Kuala Kampar","kecCode":"140510","kabCode":"1405","province":"Riau"},"geometry":{"type":"Polygon","coordinates":[[[103.29250453975277,0.5385682014589304],[103.27302856791415,0.5558185157902206],[103.26503357873672,0.5596446877262072],[103.25149920462468,0.6159522536047721],[103.26915470582507,0.622238118998092],[103.27238125479111,0.6184404987383397],[103.27510335873308,0.6206105664303831],[103.27736860437767,0.6176600355913301],[103.28193717026426,0.620286960680969],[103.29069311089842,0.6128873119144744],[103.29791195727107,0.6172893764132311],[103.30145862981198,0.5974435889822228],[103.3000662607494,0.5533288236473916],[103.29250453975277,0.5385682014589304]]]}},{"type":"Feature","properties":{"code":"1405102003","desa":"Sungai Solok","kecamatan":"Kuala Kampar","kecCode":"140510","kabCode":"1405","province":"Riau"},"geometry":{"type":"MultiPolygon","coordinates":[[[[103.23825272868055,0.6156102657126948],[103.2057299007144,0.6363892418582968],[103.21458197887527,0.6497320945339156],[103.25076515189032,0.6852937766201562],[103.2642494904217,0.6734623083856948],[103.27808876168704,0.6568922151689898],[103.29791195727107,0.6172893764132311],[103.29069311089842,0.6128873119144744],[103.28193717026426,0.620286960680969],[103.27736860437767,0.6176600355913301],[103.27510335873308,0.6206105664303831],[103.27238125479111,0.6184404987383397],[103.26915470582507,0.622238118998092],[103.25149920462468,0.6159522536047721],[103.23825272868055,0.6156102657126948]]],[[[103.30289637506769,0.6846481623172255],[103.30264986190167,0.6849441669737734],[103.30274504075106,0.6850688516800655],[103.30289637506769,0.6846481623172255]]],[[[103.28833356684072,0.7094477132480426],[103.28751972355643,0.7093513248105446],[103.28742405817383,0.7103912612533126],[103.28833356684072,0.7094477132480426]]],[[[103.27479400903631,0.7238947688190551],[103.27606476367794,0.7230587617439002],[103.27368243529621,0.7237360879407894],[103.27479400903631,0.7238947688190551]]]]}},{"type":"Feature","properties":{"code":"1405102004","desa":"Sungai Upih","kecamatan":"Kuala Kampar","kecCode":"140510","kabCode":"1405","province":"Riau"},"geometry":{"type":"Polygon","coordinates":[[[103.23355520900576,0.6199837164819492],[103.22338111304798,0.60633585873473],[103.16124443298423,0.6335396284425918],[103.14840275718154,0.6350803361783278],[103.14968669408573,0.6657794280336234],[103.15900875075329,0.6821585807910071],[103.17946035391223,0.6959452363053569],[103.20429513401331,0.7023620627735524],[103.22622959961636,0.6994199558841402],[103.24935225220474,0.6865509982621699],[103.25076515189032,0.6852937766201562],[103.23825021057881,0.6717391812669955],[103.21458197887527,0.6497320945339156],[103.2057299007144,0.6363892418582968],[103.23355520900576,0.6199837164819492]]]}},{"type":"Feature","properties":{"code":"1405102005","desa":"Teluk","kecamatan":"Kuala Kampar","kecCode":"140510","kabCode":"1405","province":"Riau"},"geometry":{"type":"Polygon","coordinates":[[[103.18816894344207,0.5684762100732139],[103.21176650731854,0.5213222785172092],[103.19410992243502,0.5159833740563499],[103.17599119213986,0.5007247298023473],[103.16815504302086,0.49868726714587597],[103.16327579913887,0.502180901265892],[103.1471148722536,0.5275074144456038],[103.13852463620304,0.5581490971787755],[103.14644861671034,0.5669288644414312],[103.15115994997177,0.5668003738042556],[103.15197372580684,0.5629884768070316],[103.15969745607282,0.562578019930473],[103.17892350091886,0.5646005619348596],[103.18816894344207,0.5684762100732139]]]}},{"type":"Feature","properties":{"code":"1405102006","desa":"Serapung","kecamatan":"Kuala Kampar","kecCode":"140510","kabCode":"1405","province":"Riau"},"geometry":{"type":"MultiPolygon","coordinates":[[[[103.09391070031863,0.4118777839718251],[103.06435840681507,0.39417537595190116],[103.03214454273653,0.45120889706821987],[102.94594115575977,0.5877977584023792],[102.91595994769347,0.6416925502533266],[102.89056303285776,0.713129877644271],[102.89592755811037,0.7171189365877456],[102.89426803464215,0.7188190248742612],[102.89666799962855,0.7181529995581739],[102.89792154034689,0.7235885352735104],[102.915145327395,0.7131863622632697],[102.96701064982169,0.6476060756356696],[103.02022230141812,0.5919826123455952],[103.03099404723751,0.5685096702491972],[103.09956697013962,0.48832517062393627],[103.10639741370973,0.46911294388248787],[103.10733559456207,0.45581156973826537],[103.0757045010619,0.44140924914378626],[103.09391070031863,0.4118777839718251]]],[[[103.03386598542691,0.6591984285274659],[103.04875153515529,0.6572140051871602],[103.054436246036,0.6522809728591473],[103.06123550741279,0.6336500166263148],[103.07607562608933,0.6096450365074385],[103.08381980334131,0.5906987329994481],[103.07886472592638,0.5783662947218932],[103.06937148510599,0.5641058646629655],[103.06710409008171,0.5640813707277825],[103.0638919986169,0.5688392690808018],[103.044502948952,0.6146852356476655],[103.02846115705681,0.6369068349701127],[103.02805585419435,0.6434961954733629],[103.03386598542691,0.6591984285274659]]],[[[103.10908634525867,0.6663615573947416],[103.11408817033286,0.6486879735457094],[103.10403631472423,0.6303204889944225],[103.09368000083144,0.65110376929538],[103.09899274042272,0.6602564728195733],[103.10908634525867,0.6663615573947416]]],[[[102.9691939501407,0.6555084535192062],[102.96615178197918,0.6580784056579092],[102.96469807825376,0.6610459813477109],[102.96868774334472,0.6579579495638593],[102.9691939501407,0.6555084535192062]]],[[[102.96564085284312,0.6754083261779537],[102.97315300230929,0.6724772045073562],[102.97452191615355,0.6675825903177198],[102.96641521858754,0.6727555185999193],[102.96564085284312,0.6754083261779537]]],[[[102.96733941768001,0.6776553074885965],[102.96334432787847,0.6801725368724066],[102.96220920539058,0.683000361513689],[102.96566226120444,0.6812712233264312],[102.96733941768001,0.6776553074885965]]]]}},{"type":"Feature","properties":{"code":"1405102007","desa":"Teluk Beringin","kecamatan":"Kuala Kampar","kecCode":"140510","kabCode":"1405","province":"Riau"},"geometry":{"type":"Polygon","coordinates":[[[103.22338111304798,0.60633585873473],[103.19638804637128,0.5738611319438337],[103.18447216325977,0.5865642159097709],[103.14523907712173,0.6022457321812045],[103.14840275718154,0.6350803361783278],[103.16124443298423,0.6335396284425918],[103.22338111304798,0.60633585873473]]]}},{"type":"Feature","properties":{"code":"1405102008","desa":"Sokoi","kecamatan":"Kuala Kampar","kecCode":"140510","kabCode":"1405","province":"Riau"},"geometry":{"type":"Polygon","coordinates":[[[103.3473602033108,0.5384974544916377],[103.35160561130998,0.4847665550901967],[103.26911894428387,0.4379910555528121],[103.25666723880208,0.4595479929315122],[103.23158727743093,0.493036919366868],[103.24976847643408,0.5025621418672247],[103.27914061234945,0.5046894872655058],[103.29498622883148,0.5104041788388796],[103.30407891970644,0.5168709887270366],[103.32056519163037,0.5349725887156542],[103.32561360698242,0.5446523570114368],[103.3473602033108,0.5384974544916377]]]}},{"type":"Feature","properties":{"code":"1405102009","desa":"Sungai Mas","kecamatan":"Kuala Kampar","kecCode":"140510","kabCode":"1405","province":"Riau"},"geometry":{"type":"Polygon","coordinates":[[[103.26911894428387,0.4379910555528121],[103.22640148973703,0.3851685298728967],[103.21487998991965,0.39475440984657145],[103.216814041335,0.4010868061624628],[103.20836067220733,0.40960502539343],[103.1964130403296,0.4179439530834618],[103.19453620917875,0.4219188683891032],[103.1778545046817,0.43155821036035863],[103.18805449302049,0.461752856292737],[103.19506226491166,0.47386068619165617],[103.23158727743093,0.493036919366868],[103.25666723880208,0.4595479929315122],[103.26911894428387,0.4379910555528121]]]}},{"type":"Feature","properties":{"code":"1405102010","desa":"Teluk Bakau","kecamatan":"Kuala Kampar","kecCode":"140510","kabCode":"1405","province":"Riau"},"geometry":{"type":"Polygon","coordinates":[[[103.19638804637128,0.5738611319438337],[103.18401554777937,0.5658378815801011],[103.1737838646337,0.5638867232629666],[103.15197372580684,0.5629884768070316],[103.15115994997177,0.5668003738042556],[103.14644861671034,0.5669288644414312],[103.13852463620304,0.5581490971787755],[103.1387847740981,0.5795710661035991],[103.14523907712173,0.6022457321812045],[103.18447216325977,0.5865642159097709],[103.19638804637128,0.5738611319438337]]]}},{"type":"Feature","properties":{"code":"1405111001","desa":"Sei Kijang","kecamatan":"Bandar Sei Kijang","kecCode":"140511","kabCode":"1405","province":"Riau"},"geometry":{"type":"Polygon","coordinates":[[[101.61427035709134,0.34039935306685964],[101.62368588389648,0.3460136892932726],[101.63431850639402,0.3573137508291988],[101.63563468039627,0.36306212471117216],[101.63672499955912,0.383334999281995],[101.61118326329705,0.38264420663679233],[101.61016485392491,0.3856577934410248],[101.61356640196794,0.3976073273714826],[101.6219592098497,0.39598366257300216],[101.62147222156585,0.42486111107611885],[101.63202305521985,0.42986219780131735],[101.64880435333826,0.47141995224166955],[101.6539144765719,0.47108981831352725],[101.6581680000532,0.46953599936168194],[101.6553860003637,0.4627649991877347],[101.6524580002366,0.46307199985490916],[101.65158300035523,0.4591109997592889],[101.65369298524314,0.4556690946432536],[101.65080557961386,0.4524444270625205],[101.65077996422404,0.44819900018232345],[101.6667221930748,0.44933330428594087],[101.66708795544484,0.4403266047964248],[101.6696388887238,0.44327777775137356],[101.6715126477905,0.44166035065060794],[101.66802518571382,0.4387764433873296],[101.67136307434646,0.43384933579289797],[101.66956941969299,0.4321251106019506],[101.67131824224315,0.4261596484722821],[101.67027326959578,0.4120363542334492],[101.67415147271237,0.41205697478860803],[101.67468888058744,0.37108423113724903],[101.66957226874523,0.3519045058946056],[101.67772586955329,0.35205499664692863],[101.67659359072171,0.33973076198506974],[101.67001776141062,0.3255514390834188],[101.65936699778877,0.3210664975616272],[101.65477434176249,0.31630252428822686],[101.64439308787074,0.3161777064822504],[101.64439151225854,0.31862855061063466],[101.63704267697801,0.318579886496165],[101.62070579143919,0.33966743082728207],[101.62200697014559,0.34081947405820107],[101.61427035709134,0.34039935306685964]]]}},{"type":"Feature","properties":{"code":"1405112002","desa":"Lubuk Ogung","kecamatan":"Bandar Sei Kijang","kecCode":"140511","kabCode":"1405","province":"Riau"},"geometry":{"type":"Polygon","coordinates":[[[101.79453537290918,0.4079205115660602],[101.80609953206783,0.40388618344883515],[101.81391666682077,0.3972888891265013],[101.81177777772233,0.3942499998965584],[101.81498457757624,0.3923603507106968],[101.81438055601791,0.3867888887635346],[101.8107222218531,0.38086111092545233],[101.81063888887365,0.37461111049529744],[101.8142220424134,0.3728473178323525],[101.81291666657096,0.3689722218777944],[101.81055555589427,0.36886111063912924],[101.81287355307205,0.36103475604527235],[101.8026055553022,0.3356916665616679],[101.76006867472961,0.3018879270484263],[101.6676815457668,0.31838097894285683],[101.67659359072171,0.33973076198506974],[101.67772586955329,0.35205499664692863],[101.66957226874523,0.3519045058946056],[101.67468888058744,0.37108423113724903],[101.67432499959908,0.40676111098147605],[101.67415147271237,0.41205697478860803],[101.67027326959578,0.4120363542334492],[101.66959215275567,0.4152817952540656],[101.67131824224315,0.4261596484722821],[101.66956941969299,0.4321251106019506],[101.67136307434646,0.43384933579289797],[101.66802518571382,0.4387764433873296],[101.6715126477905,0.44166035065060794],[101.6696388887238,0.44327777775137356],[101.66708795544484,0.4403266047964248],[101.66737247396055,0.4479807958759355],[101.67530556639883,0.45180551810477454],[101.67797224872038,0.44994449793690267],[101.67524999459162,0.44350003710094316],[101.67774954060887,0.44131718015005106],[101.67688939393042,0.4382639908003123],[101.6808036130963,0.43779627858568054],[101.68765409266229,0.4306597093963241],[101.70103810102762,0.4345703627459135],[101.69904272484193,0.43790325114431644],[101.70876912659394,0.44184945109701984],[101.7274751447622,0.4439226492143023],[101.7327908539148,0.44236214290377784],[101.74346552871123,0.4344707754199505],[101.74159594339812,0.4275457672451419],[101.74347286627983,0.4253747966337612],[101.74960428121265,0.4260350905704194],[101.78205399969238,0.40775299934536646],[101.78852109287418,0.40574160713557134],[101.79453537290918,0.4079205115660602]]]}},{"type":"Feature","properties":{"code":"1405112003","desa":"Simpang Beringin","kecamatan":"Bandar Sei Kijang","kecCode":"140511","kabCode":"1405","province":"Riau"},"geometry":{"type":"Polygon","coordinates":[[[101.59960431208941,0.44181254022234123],[101.5982067206637,0.45590495623876937],[101.59387085165855,0.455076468395244],[101.59209044132086,0.4622567931993803],[101.58463501389484,0.4704128410536048],[101.57878552113493,0.4846192470385415],[101.58203198288976,0.48910373710071214],[101.58337212472384,0.5034171030537712],[101.58704679417428,0.5063974158416658],[101.59276118268252,0.5040635582227881],[101.59735377036024,0.5063339416917295],[101.605037999704,0.5057229998509123],[101.60903827589578,0.4997229452987109],[101.61039530879651,0.513510394015105],[101.64461199185,0.5135613514008291],[101.64575781986751,0.5104388486030683],[101.67475499244898,0.5099061972428657],[101.67360310659814,0.4914285034729795],[101.66794396793983,0.49222185750211694],[101.65837721833401,0.48804074833596717],[101.64829675439175,0.4884220114203765],[101.6439023422194,0.48523452810821405],[101.64066666693323,0.4932222228755909],[101.63380555558199,0.47863888853849584],[101.61247815933962,0.46124076793117486],[101.59960431208941,0.44181254022234123]]]}},{"type":"Feature","properties":{"code":"1405112004","desa":"Muda Setia","kecamatan":"Bandar Sei Kijang","kecCode":"140511","kabCode":"1405","province":"Riau"},"geometry":{"type":"Polygon","coordinates":[[[101.62186950697223,0.39568867594898416],[101.60895619567195,0.39722066565682873],[101.6039583860707,0.40445661892537804],[101.5921417728246,0.4142049254536137],[101.59042010620301,0.4357262937460369],[101.59363129205053,0.4416444893077502],[101.59909553323233,0.4406649549308277],[101.61247815933962,0.46124076793117486],[101.63380555558199,0.47863888853849584],[101.64066666693323,0.4932222228755909],[101.64880435333826,0.47141995224166955],[101.63202305521985,0.42986219780131735],[101.62147222156585,0.42486111107611885],[101.62186950697223,0.39568867594898416]]]}},{"type":"Feature","properties":{"code":"1405112005","desa":"Kiab Jaya","kecamatan":"Bandar Sei Kijang","kecCode":"140511","kabCode":"1405","province":"Riau"},"geometry":{"type":"Polygon","coordinates":[[[101.77096228138426,0.4130080833943097],[101.74960428121265,0.4260350905704194],[101.74347286627983,0.4253747966337612],[101.74159594339812,0.4275457672451419],[101.74346552871123,0.4344707754199505],[101.7327908539148,0.44236214290377784],[101.7274751447622,0.4439226492143023],[101.70876912659394,0.44184945109701984],[101.69904272484193,0.43790325114431644],[101.69302263878382,0.4485020258461479],[101.70768562159422,0.4533337000830709],[101.71017002392752,0.4567480292872025],[101.72713054613786,0.450707919830483],[101.72763252162365,0.4543535996306707],[101.73317303880475,0.45434086163324017],[101.73401295793172,0.4502068256808522],[101.74029300022185,0.4437033207553438],[101.7520930776335,0.4382741279583489],[101.75201100010764,0.4319879999630092],[101.77395829184178,0.42039239961927277],[101.77096228138426,0.4130080833943097]]]}},{"type":"Feature","properties":{"code":"1405121002","desa":"Rawang Empat","kecamatan":"Bandar Petalangan","kecCode":"140512","kabCode":"1405","province":"Riau"},"geometry":{"type":"Polygon","coordinates":[[[102.12665695605375,0.07766381694474647],[102.11891807400997,0.0806789847571122],[102.11228991224971,0.07657289433797228],[102.10587915439952,0.07710330548692823],[102.09762885758579,0.08025956433767811],[102.09582731857597,0.08365343576386301],[102.09484717805486,0.09126021548448533],[102.1004516990867,0.09989536726569119],[102.10023896985261,0.10534497557231069],[102.09012931931272,0.11346528526774989],[102.09104968909196,0.11709084993177846],[102.10103377089187,0.11395097493009566],[102.10842775573639,0.12774042643665817],[102.11472434285416,0.12103662630387649],[102.12674301397897,0.1167570197900029],[102.12685985389919,0.10903624380564605],[102.14353211281677,0.10908458686215676],[102.14527411940513,0.10626419601695009],[102.13678290140984,0.10197119589993148],[102.1323643676215,0.09609746012220742],[102.12665695605375,0.07766381694474647]]]}},{"type":"Feature","properties":{"code":"1405122001","desa":"Kuala Semundam","kecamatan":"Bandar Petalangan","kecCode":"140512","kabCode":"1405","province":"Riau"},"geometry":{"type":"Polygon","coordinates":[[[102.08630353857751,0.08840203063033987],[102.07993545805498,0.1008366148051372],[102.09304408321793,0.11145461881094137],[102.09984161070184,0.1063445054756118],[102.1004516990867,0.09989536726569119],[102.09484717805486,0.09126021548448533],[102.09526663085039,0.085850178247126],[102.08630353857751,0.08840203063033987]]]}},{"type":"Feature","properties":{"code":"1405122003","desa":"Tambun","kecamatan":"Bandar Petalangan","kecCode":"140512","kabCode":"1405","province":"Riau"},"geometry":{"type":"Polygon","coordinates":[[[102.13935302891923,0.031732323052816896],[102.14345625320357,0.03292839888971182],[102.13537000082495,0.03987666623058355],[102.13715151463077,0.04522245230375546],[102.13396276506961,0.05374213113436553],[102.13661730744286,0.06254798952814943],[102.15112072084463,0.04980857205227701],[102.16480501104245,0.054161809659247426],[102.21425108791743,0.056388215380800424],[102.26191965476829,0.06223324479881681],[102.25779176927477,0.03572015981760829],[102.24736612035024,0.005737981416325797],[102.22066580728125,0.016256520403970482],[102.20552818477796,0.018076438856407737],[102.19413064571279,0.016312111996182873],[102.18610169543695,0.01766848569232871],[102.18295413662416,0.00635419328431483],[102.16846472656596,0.004874444294739931],[102.17532738834835,0.008574748915985333],[102.17967200236107,0.014788877188427772],[102.17371310257766,0.01588839821326323],[102.16571259426085,0.024325560648914963],[102.15053015584208,0.024927036225861048],[102.13935302891923,0.031732323052816896]]]}},{"type":"Feature","properties":{"code":"1405122004","desa":"Terbangiang","kecamatan":"Bandar Petalangan","kecCode":"140512","kabCode":"1405","province":"Riau"},"geometry":{"type":"Polygon","coordinates":[[[102.13537000082495,0.03987666623058355],[102.12529240841798,0.05252146603414394],[102.12662431336143,0.07750568735089407],[102.13225554066072,0.0959054368791169],[102.13678290140984,0.10197119589993148],[102.14527411940513,0.10626419601695009],[102.14353211281677,0.10908458686215676],[102.25248674496736,0.10912629022407762],[102.25422723439942,0.10014206299377071],[102.2604837953909,0.0941647253164636],[102.25956310905029,0.06944872949760227],[102.2630526098901,0.06808626379393272],[102.26276737641336,0.062350603627734036],[102.21425108791743,0.056388215380800424],[102.16480501104245,0.054161809659247426],[102.15112072084463,0.04980857205227701],[102.13661730744286,0.06254798952814943],[102.13396276506961,0.05374213113436553],[102.13715151463077,0.04522245230375546],[102.13537000082495,0.03987666623058355]]]}},{"type":"Feature","properties":{"code":"1405122005","desa":"Lubuk Terap","kecamatan":"Bandar Petalangan","kecCode":"140512","kabCode":"1405","province":"Riau"},"geometry":{"type":"Polygon","coordinates":[[[102.07529242380639,0.1124975742777687],[102.07758328394146,0.12209072796814124],[102.08230780755933,0.12096330727551236],[102.08850482623683,0.11803318205369799],[102.09304408321793,0.11145461881094137],[102.07993545805498,0.1008366148051372],[102.07529242380639,0.1124975742777687]]]}},{"type":"Feature","properties":{"code":"1405122006","desa":"Angkasa","kecamatan":"Bandar Petalangan","kecCode":"140512","kabCode":"1405","province":"Riau"},"geometry":{"type":"Polygon","coordinates":[[[102.07758328394146,0.12209072796814124],[102.07930555760544,0.12981117929726904],[102.08366281968347,0.1333363112725822],[102.07966360379237,0.14466082717362416],[102.07710313590104,0.1772196468709138],[102.07231954301255,0.1891804088371693],[102.08312091609747,0.19027188722493038],[102.0864620063166,0.19275683184665654],[102.09098298277848,0.18645126320666544],[102.10516813869872,0.17724036725084727],[102.10724302844307,0.18462621412193578],[102.11177352243016,0.1882429951075469],[102.12363673404808,0.18986607534668498],[102.12132776966091,0.18470968020096723],[102.12389186271933,0.17933941907832002],[102.12098150729076,0.17162462988073773],[102.12244106200545,0.16434536166526448],[102.11821301092174,0.16103538799258482],[102.11279993037253,0.14772947227210687],[102.1168716550029,0.139366259289551],[102.10782617583743,0.13345354419640243],[102.1072409743915,0.12430209522646811],[102.10103377089187,0.11395097493009566],[102.09104968909196,0.11709084993177846],[102.09012931931272,0.11346528526774989],[102.08850482623683,0.11803318205369799],[102.07758328394146,0.12209072796814124]]]}},{"type":"Feature","properties":{"code":"1405122007","desa":"Sialang Godang","kecamatan":"Bandar Petalangan","kecCode":"140512","kabCode":"1405","province":"Riau"},"geometry":{"type":"Polygon","coordinates":[[[102.12674301397897,0.1167570197900029],[102.10969007743518,0.1251184620074916],[102.1087291662181,0.13471344222086634],[102.1168716550029,0.139366259289551],[102.12022060439743,0.13635775725222035],[102.14264714934653,0.13666158780915447],[102.1467148459135,0.13436876175862758],[102.12674301397897,0.1167570197900029]]]}},{"type":"Feature","properties":{"code":"1405122008","desa":"Lubuk Raja","kecamatan":"Bandar Petalangan","kecCode":"140512","kabCode":"1405","province":"Riau"},"geometry":{"type":"Polygon","coordinates":[[[102.24007239372605,0.17334669400076647],[102.2488495313808,0.12643545798857625],[102.1909021326274,0.12551138929876454],[102.1718530123067,0.13663694008984226],[102.1580794347182,0.13658223343057585],[102.15865941200228,0.17328352022442972],[102.17206654463541,0.17330492678708545],[102.17841550467188,0.1636175016633286],[102.20446090444722,0.15427916188123617],[102.21300781835617,0.15757604322355667],[102.22153240659536,0.17478081049048735],[102.24007239372605,0.17334669400076647]]]}},{"type":"Feature","properties":{"code":"1405122009","desa":"Lubuk Keranji Timur","kecamatan":"Bandar Petalangan","kecCode":"140512","kabCode":"1405","province":"Riau"},"geometry":{"type":"Polygon","coordinates":[[[102.23777721594581,0.1850510961241315],[102.24007239372605,0.17334669400076647],[102.22153240659536,0.17478081049048735],[102.21300781835617,0.15757604322355667],[102.20273024730311,0.15428659477793863],[102.17841550467188,0.1636175016633286],[102.17206654463541,0.17330492678708545],[102.17490778266807,0.1733094629674337],[102.1741804056013,0.18219454084158426],[102.17618437840639,0.18337543792097447],[102.15789702073094,0.19050500049229532],[102.18119158322504,0.19126030870232053],[102.18733059293258,0.1952102147612393],[102.19277533411446,0.20676163590947028],[102.20190656183841,0.2082898277803197],[102.20877844526909,0.20596747338976312],[102.2153076861009,0.19875294736825538],[102.22138007133327,0.19717298602392427],[102.22724306201773,0.19148131439697894],[102.22712884811789,0.18803585605955944],[102.23487637264657,0.18430486117419032],[102.23777721594581,0.1850510961241315]]]}},{"type":"Feature","properties":{"code":"1405122010","desa":"Airterjun","kecamatan":"Bandar Petalangan","kecCode":"140512","kabCode":"1405","province":"Riau"},"geometry":{"type":"Polygon","coordinates":[[[102.2488495313808,0.12643545798857625],[102.25248674496736,0.10912629022407762],[102.12685985389919,0.10903624380564605],[102.12674301397897,0.1167570197900029],[102.1467148459135,0.13436876175862758],[102.14264714934653,0.13666158780915447],[102.1718530123067,0.13663694008984226],[102.1909021326274,0.12551138929876454],[102.2488495313808,0.12643545798857625]]]}},{"type":"Feature","properties":{"code":"1405122011","desa":"Sialang Bungkuk","kecamatan":"Bandar Petalangan","kecCode":"140512","kabCode":"1405","province":"Riau"},"geometry":{"type":"Polygon","coordinates":[[[102.12261573103119,0.18224723122085945],[102.17469563439607,0.1822005761918269],[102.17490778266807,0.1733094629674337],[102.15865941200228,0.17328352022442972],[102.1580794347182,0.13658223343057585],[102.11773717063396,0.13751967413981722],[102.11279993037253,0.14772947227210687],[102.11821301092174,0.16103538799258482],[102.12244106200545,0.16434536166526448],[102.12098150729076,0.17162462988073773],[102.12381046058437,0.17785414015745557],[102.12261573103119,0.18224723122085945]]]}}]}