{"type":"FeatureCollection","features":[{"type":"Feature","properties":{"code":"1504011001","desa":"Kembang Paseban","kecamatan":"Mersam","kecCode":"150401","kabCode":"1504","province":"Jambi"},"geometry":{"type":"Polygon","coordinates":[[[103.09383035128972,-1.501143341116825],[103.08141945974033,-1.5136658286256366],[103.07551632062177,-1.5110852761779525],[103.07290505272607,-1.5154642703683838],[103.07418281758305,-1.5191178273303778],[103.06271150443246,-1.5290821950806892],[103.05953697944811,-1.5240270734897194],[103.05465096906704,-1.5254481650982352],[103.05696020864677,-1.535705893498324],[103.05454375099337,-1.5431167136433284],[103.0506831628977,-1.5453672940407763],[103.05646745031265,-1.5520101749975495],[103.05436253400381,-1.5607457198973727],[103.05281309294992,-1.5633160659390972],[103.04433238443202,-1.5646926815759095],[103.0450035358845,-1.5736561452588531],[103.04743291409778,-1.5729492070850037],[103.05129898266198,-1.5762249120911507],[103.05250317038507,-1.5796196189876126],[103.05039366843312,-1.5835424122855015],[103.05407709458227,-1.5869059360893698],[103.05179484185851,-1.6194218329444157],[103.04709043427619,-1.6211391720264514],[103.04473757128193,-1.631483082458107],[103.03420774129427,-1.6358581349199957],[103.02888621442732,-1.6439563599640334],[103.02994058499009,-1.6854670870564015],[103.02829962262955,-1.6946827251374488],[103.00392715341548,-1.6919083768829526],[103.00417869559038,-1.68596386625885],[102.9879243768086,-1.6890051207058039],[102.98945080600993,-1.6795263131154492],[102.99479627103112,-1.6739742162697526],[102.99604120343882,-1.666080819016062],[103.00456811642549,-1.664561838900873],[103.01239665098471,-1.638420371774872],[103.02089512291167,-1.6310691020377515],[103.02588377201852,-1.6298844853623304],[103.02548994360608,-1.6085539595029317],[103.03516808234122,-1.5550727820478314],[103.06480540044889,-1.4833107319490237],[103.084692810325,-1.4973339289463925],[103.09383035128972,-1.501143341116825]]]}},{"type":"Feature","properties":{"code":"1504012002","desa":"Sengkati Kecil","kecamatan":"Mersam","kecCode":"150401","kabCode":"1504","province":"Jambi"},"geometry":{"type":"Polygon","coordinates":[[[102.93860193962786,-1.6220231102686604],[102.95147615470086,-1.6383834087395137],[102.96533875707803,-1.6492651803039566],[102.95859967563455,-1.655466450969194],[102.9528912280478,-1.6653656025827799],[102.93875680198487,-1.6307467355540377],[102.93301778374376,-1.629903105825235],[102.93860193962786,-1.6220231102686604]]]}},{"type":"Feature","properties":{"code":"1504012003","desa":"Sengkati Gedang","kecamatan":"Mersam","kecCode":"150401","kabCode":"1504","province":"Jambi"},"geometry":{"type":"Polygon","coordinates":[[[102.98105701157185,-1.6544292088952488],[102.97842284423895,-1.655824431505127],[102.97655255205869,-1.6783872749806272],[102.97455003165867,-1.6829640570683153],[102.97157148423668,-1.6839899586912481],[102.97290160402588,-1.6772137298588612],[102.965470041909,-1.6494020031598784],[102.97728836836359,-1.6488490442085644],[102.98105701157185,-1.6544292088952488]]]}},{"type":"Feature","properties":{"code":"1504012004","desa":"Sengkati Baru","kecamatan":"Mersam","kecCode":"150401","kabCode":"1504","province":"Jambi"},"geometry":{"type":"Polygon","coordinates":[[[102.96533875707803,-1.6492651803039566],[102.95147615470086,-1.6383834087395137],[102.93860193962786,-1.6220231102686604],[102.96186630738424,-1.6075017266298013],[102.96265781240815,-1.602570961492584],[102.97653017242958,-1.588815303810378],[102.9909470944329,-1.566636503223812],[103.00017921529859,-1.5426507964754468],[102.95652730489125,-1.5320573691424608],[102.97412741594752,-1.4976404979389604],[102.99551157200152,-1.4721989497783123],[103.00258187375452,-1.450129014823287],[102.99913859177262,-1.4355751665580074],[103.00291518588715,-1.4368070776804618],[103.0035509427219,-1.4413943179842066],[103.00624319636648,-1.4428020114929343],[103.0106120605982,-1.4384331526619982],[103.01663631591332,-1.4372982208315848],[103.02196648976178,-1.44037729446858],[103.01955301695823,-1.4482277041285305],[103.02231261093829,-1.4525041801023488],[103.03108274557229,-1.4547758352126463],[103.03665908364985,-1.4886472415153476],[103.0033228018059,-1.6090324932596924],[102.98774087644034,-1.649566464880238],[102.98106883495882,-1.6544386005153813],[102.97728836836359,-1.6488490442085644],[102.96533875707803,-1.6492651803039566]]]}},{"type":"Feature","properties":{"code":"1504012005","desa":"Kembang Tanjung","kecamatan":"Mersam","kecCode":"150401","kabCode":"1504","province":"Jambi"},"geometry":{"type":"Polygon","coordinates":[[[102.9879243768086,-1.6890051207058039],[103.00417869559038,-1.68596386625885],[103.00353624240368,-1.6966229000344057],[102.99412360422104,-1.6981971848580895],[102.98891284325315,-1.7126533460648925],[102.97306470507215,-1.7156043013839704],[102.9735184912854,-1.7078519088336772],[102.96870331330734,-1.6880804683560047],[102.9879243768086,-1.6890051207058039]]]}},{"type":"Feature","properties":{"code":"1504012006","desa":"Mersam","kecamatan":"Mersam","kecCode":"150401","kabCode":"1504","province":"Jambi"},"geometry":{"type":"Polygon","coordinates":[[[103.00392715341548,-1.6919083768829526],[103.02829962262955,-1.6946827251374488],[103.03913224895416,-1.7041507291720377],[103.02903291183945,-1.7324037693864431],[103.01411933473959,-1.739036243388569],[103.00457595581577,-1.7376464400933225],[102.9875948274394,-1.7445152181573558],[102.9525220365628,-1.748539517934551],[102.94602542943011,-1.732259273514744],[102.94711998170185,-1.7227890166784228],[102.9518760994025,-1.7158769290633054],[102.98810165296895,-1.7131345418149586],[102.99412360422104,-1.6981971848580895],[103.00353624240368,-1.6966229000344057],[103.00392715341548,-1.6919083768829526]]]}},{"type":"Feature","properties":{"code":"1504012007","desa":"Benteng Rendah","kecamatan":"Mersam","kecCode":"150401","kabCode":"1504","province":"Jambi"},"geometry":{"type":"Polygon","coordinates":[[[103.02829962262955,-1.6946827251374488],[103.02994058499009,-1.6854670870564015],[103.02888621442732,-1.6439563599640334],[103.03420774129427,-1.6358581349199957],[103.0509884449608,-1.6296801090315973],[103.04966406104762,-1.6419682251217103],[103.05434028207843,-1.6506550789273111],[103.05652664998496,-1.6705669053748633],[103.04921650443816,-1.683680986710139],[103.05498901702957,-1.6905329744315962],[103.03913224895416,-1.7041507291720377],[103.02829962262955,-1.6946827251374488]]]}},{"type":"Feature","properties":{"code":"1504012008","desa":"Sungai Puar","kecamatan":"Mersam","kecCode":"150401","kabCode":"1504","province":"Jambi"},"geometry":{"type":"Polygon","coordinates":[[[102.96886513461834,-1.6880322880767573],[102.9735184912854,-1.7078519088336772],[102.97306470507215,-1.7156043013839704],[102.95134689874043,-1.7165079293830505],[102.93738886390503,-1.6992931418696888],[102.91921762759146,-1.6586458871476644],[102.9258967764152,-1.6464166478732465],[102.94196811643548,-1.6516711869331484],[102.9528912280478,-1.6653656025827799],[102.95077053403298,-1.6708362397368506],[102.95788292135978,-1.6837434473241406],[102.9643108265834,-1.6886478982983328],[102.96886513461834,-1.6880322880767573]]]}},{"type":"Feature","properties":{"code":"1504012009","desa":"Rantau Gedang","kecamatan":"Mersam","kecCode":"150401","kabCode":"1504","province":"Jambi"},"geometry":{"type":"Polygon","coordinates":[[[102.95134689874043,-1.7165079293830505],[102.94711998170185,-1.7227890166784228],[102.94602542943011,-1.732259273514744],[102.9525220365628,-1.748539517934551],[102.93961847841013,-1.7469775286418878],[102.92267700294138,-1.7485568127967506],[102.91880656457136,-1.6945200350814582],[102.91379020465426,-1.684760599442878],[102.9038872183205,-1.6847679253202432],[102.89706788497494,-1.679102584943419],[102.89568292722538,-1.675229498973583],[102.89907365822279,-1.6654737091864444],[102.91338688659563,-1.661253096400125],[102.9211150334321,-1.6645624054737538],[102.93738886390503,-1.6992931418696888],[102.95134689874043,-1.7165079293830505]]]}},{"type":"Feature","properties":{"code":"1504012010","desa":"Pematang Gadung","kecamatan":"Mersam","kecCode":"150401","kabCode":"1504","province":"Jambi"},"geometry":{"type":"Polygon","coordinates":[[[103.06480540044889,-1.4833107319490237],[103.03516808234122,-1.5550727820478314],[103.02548994360608,-1.6085539595029317],[103.02588377201852,-1.6298844853623304],[103.02089512291167,-1.6310691020377515],[103.01239665098471,-1.638420371774872],[103.00456811642549,-1.664561838900873],[102.98667511506453,-1.6667743977609495],[102.98385000727205,-1.6649535179331982],[102.98106883495882,-1.6544386005153813],[102.98774087644034,-1.649566464880238],[103.0033228018059,-1.6090324932596924],[103.03665908364985,-1.4886472415153476],[103.03108274557229,-1.4547758352126463],[103.03584778904428,-1.4529332340595145],[103.04284172396642,-1.4643119547982415],[103.06480540044889,-1.4833107319490237]]]}},{"type":"Feature","properties":{"code":"1504012011","desa":"Teluk Melintang","kecamatan":"Mersam","kecCode":"150401","kabCode":"1504","province":"Jambi"},"geometry":{"type":"Polygon","coordinates":[[[102.99604120343882,-1.666080819016062],[102.99479627103112,-1.6739742162697526],[102.98945080600993,-1.6795263131154492],[102.9879243768086,-1.6890051207058039],[102.97283479429039,-1.6876632791545503],[102.97157148423668,-1.6839899586912481],[102.97455003165867,-1.6829640570683153],[102.97655255205869,-1.6783872749806272],[102.97855714179872,-1.6553532443101664],[102.98138461840546,-1.6548174857922868],[102.98510239326089,-1.6660160498423953],[102.99604120343882,-1.666080819016062]]]}},{"type":"Feature","properties":{"code":"1504012012","desa":"Bukit Harapan","kecamatan":"Mersam","kecCode":"150401","kabCode":"1504","province":"Jambi"},"geometry":{"type":"Polygon","coordinates":[[[102.95652730489125,-1.5320573691424608],[103.00017921529859,-1.5426507964754468],[102.9909470944329,-1.566636503223812],[102.97653017242958,-1.588815303810378],[102.96265781240815,-1.602570961492584],[102.95092160844551,-1.587090454489942],[102.95652730489125,-1.5320573691424608]]]}},{"type":"Feature","properties":{"code":"1504012013","desa":"Belanti Jaya","kecamatan":"Mersam","kecCode":"150401","kabCode":"1504","province":"Jambi"},"geometry":{"type":"Polygon","coordinates":[[[102.99913859177262,-1.4355751665580074],[103.00258187375452,-1.450129014823287],[102.99551157200152,-1.4721989497783123],[102.97412741594752,-1.4976404979389604],[102.95706877770198,-1.5320835645949338],[102.92456124540517,-1.5277159081575853],[102.92341466555443,-1.5302478234704555],[102.914887655441,-1.5168482793317117],[102.94394737856874,-1.4495272946307003],[102.94781400291396,-1.4352505283868202],[102.94918753117969,-1.4102131976064385],[102.96083333259229,-1.421333331780971],[102.97085034486759,-1.4240140947848208],[102.98369530229643,-1.4233082753675501],[102.99913859177262,-1.4355751665580074]]]}},{"type":"Feature","properties":{"code":"1504012014","desa":"Tapah Sari","kecamatan":"Mersam","kecCode":"150401","kabCode":"1504","province":"Jambi"},"geometry":{"type":"Polygon","coordinates":[[[102.95652730489125,-1.5320573691424608],[102.95385331827606,-1.567250242855452],[102.94048256501843,-1.5650470648237285],[102.9378413640877,-1.5606569595094666],[102.92931099590578,-1.5614064904747023],[102.92802519830433,-1.5639004193237025],[102.93120070804628,-1.5785277736763768],[102.9296260392104,-1.5879775862246968],[102.92178362541404,-1.5960430165910737],[102.92095239823463,-1.6015767178042923],[102.91964582989117,-1.5905208258007306],[102.90759624007448,-1.588636291958641],[102.90434113673416,-1.590863468399233],[102.90404359873314,-1.5619691333258143],[102.8995821088273,-1.5468000696413033],[102.914887655441,-1.5168482793317117],[102.92341466555443,-1.5302478234704555],[102.92456124540517,-1.5277159081575853],[102.95652730489125,-1.5320573691424608]]]}},{"type":"Feature","properties":{"code":"1504012015","desa":"Bukit Kemuning","kecamatan":"Mersam","kecCode":"150401","kabCode":"1504","province":"Jambi"},"geometry":{"type":"Polygon","coordinates":[[[102.93860193962786,-1.6220231102686604],[102.93301778374376,-1.629903105825235],[102.92304257555445,-1.6159706576167914],[102.92076755337996,-1.602808120809768],[102.92178362541404,-1.5960430165910737],[102.9296260392104,-1.5879775862246968],[102.93120070804628,-1.5785277736763768],[102.92802519830433,-1.5639004193237025],[102.93013190965996,-1.5609781874514361],[102.93284449607671,-1.5623701716026575],[102.9378413640877,-1.5606569595094666],[102.94048256501843,-1.5650470648237285],[102.95385331827606,-1.567250242855452],[102.95092160844551,-1.587090454489942],[102.96375205081654,-1.603558271407876],[102.96186630738424,-1.6075017266298013],[102.93860193962786,-1.6220231102686604]]]}},{"type":"Feature","properties":{"code":"1504012016","desa":"Simpang Rantau Gedang","kecamatan":"Mersam","kecCode":"150401","kabCode":"1504","province":"Jambi"},"geometry":{"type":"Polygon","coordinates":[[[102.9237422058382,-1.6496371632841187],[102.91920335175335,-1.657789282000435],[102.92284501698401,-1.666601155959481],[102.91338688659563,-1.661253096400125],[102.90130295166993,-1.663474848130107],[102.89740803555246,-1.6679721427395886],[102.89568292722538,-1.675229498973583],[102.9038872183205,-1.6847679253202432],[102.89504380422824,-1.691456535004452],[102.88626385259478,-1.6917587359898933],[102.88543276570965,-1.6742215145437147],[102.89276678555878,-1.644375533069945],[102.89040237886672,-1.6437402753596626],[102.89167774972844,-1.6312219714968843],[102.88863669402825,-1.6233526293092297],[102.89271968266729,-1.619638354619342],[102.88751793200701,-1.5917457419963066],[102.88666127469816,-1.556908735412339],[102.86307001686782,-1.5135022113687358],[102.85295336420644,-1.49961951365581],[102.85297776101491,-1.4973513236333873],[102.85543550744279,-1.49886809231565],[102.85858553759255,-1.4957718614126903],[102.8547520802444,-1.4943724074926128],[102.85514723155954,-1.492180381953523],[102.84998663297677,-1.4871576404527642],[102.84659591277119,-1.4866344652489567],[102.84886905806063,-1.483245944788858],[102.84618489291852,-1.483644503634832],[102.84518964108912,-1.4793547887411547],[102.83971256478308,-1.4765128789180397],[102.83809878443138,-1.4714911041885435],[102.82335841316029,-1.4637719892518894],[102.82289815272765,-1.442696681995654],[102.80988888916096,-1.4308888875146646],[102.80862256457975,-1.423088967592939],[102.81710461938273,-1.4233413047683137],[102.81823616976351,-1.4204792357422569],[102.81585013527557,-1.4110417223222151],[102.82225297459519,-1.3963995813164456],[102.8333777142102,-1.3980062642167566],[102.84513532113823,-1.3857035062645395],[102.85729509409339,-1.3895836024497057],[102.85519727703273,-1.3788232015898747],[102.86499152274062,-1.3793872770610158],[102.86561733667082,-1.3715453345180584],[102.89127777804707,-1.370777776642417],[102.9036111111639,-1.3800833316394387],[102.91833333321681,-1.3818333314001863],[102.94918753117969,-1.4102131976064385],[102.94781400291396,-1.4352505283868202],[102.94394737856874,-1.4495272946307003],[102.8995821088273,-1.5468000696413033],[102.90404359873314,-1.5619691333258143],[102.90434113673416,-1.590863468399233],[102.90759624007448,-1.588636291958641],[102.91964582989117,-1.5905208258007306],[102.92304257555445,-1.6159706576167914],[102.93301778374376,-1.629903105825235],[102.9239649139497,-1.6366551743709319],[102.9237422058382,-1.6496371632841187]]]}},{"type":"Feature","properties":{"code":"1504012017","desa":"Tanjung Putra","kecamatan":"Mersam","kecCode":"150401","kabCode":"1504","province":"Jambi"},"geometry":{"type":"Polygon","coordinates":[[[102.93301778374376,-1.629903105825235],[102.93875680198487,-1.6307467355540377],[102.9528912280478,-1.6653656025827799],[102.94196811643548,-1.6516711869331484],[102.9258967764152,-1.6464166478732465],[102.9237422058382,-1.6496371632841187],[102.9239649139497,-1.6366551743709319],[102.93301778374376,-1.629903105825235]]]}},{"type":"Feature","properties":{"code":"1504012018","desa":"Sengkati Mudo","kecamatan":"Mersam","kecCode":"150401","kabCode":"1504","province":"Jambi"},"geometry":{"type":"Polygon","coordinates":[[[102.95077053403298,-1.6708362397368506],[102.95859967563455,-1.655466450969194],[102.96533875707803,-1.6492651803039566],[102.96933938490474,-1.6587650005538923],[102.97283479429039,-1.6876632791545503],[102.9643108265834,-1.6886478982983328],[102.95788292135978,-1.6837434473241406],[102.95077053403298,-1.6708362397368506]]]}},{"type":"Feature","properties":{"code":"1504021001","desa":"Kampung Baru","kecamatan":"Muara Tembesi","kecCode":"150402","kabCode":"1504","province":"Jambi"},"geometry":{"type":"Polygon","coordinates":[[[103.13638335041134,-1.7011550784466904],[103.15189535888379,-1.7266028067485308],[103.14789786339571,-1.7425927850856102],[103.13294645631396,-1.740450293305461],[103.12120908682992,-1.72802978981575],[103.12371837430355,-1.7176969320520699],[103.13638335041134,-1.7011550784466904]]]}},{"type":"Feature","properties":{"code":"1504021002","desa":"Pasar Muara Tembesi","kecamatan":"Muara Tembesi","kecCode":"150402","kabCode":"1504","province":"Jambi"},"geometry":{"type":"Polygon","coordinates":[[[103.11220303124497,-1.7060788864286163],[103.11079353729194,-1.7090136899237522],[103.10833073937219,-1.7089771414758197],[103.09798213536732,-1.6996785571239459],[103.1038498663783,-1.696000731956549],[103.11025284599214,-1.700848001337112],[103.11220303124497,-1.7060788864286163]]]}},{"type":"Feature","properties":{"code":"1504022003","desa":"Jebak","kecamatan":"Muara Tembesi","kecCode":"150402","kabCode":"1504","province":"Jambi"},"geometry":{"type":"Polygon","coordinates":[[[103.12362330786941,-1.7835032587798156],[103.1555629057036,-1.7981617800372598],[103.17211329299414,-1.801845919344803],[103.17874838582941,-1.8444355720879462],[103.18246686935059,-1.8513882029394897],[103.1825502706785,-1.8587028199073747],[103.17734255481513,-1.8656629816817445],[103.17674231670462,-1.8745095478880234],[103.16713498878873,-1.8762837538009711],[103.15158013571477,-1.875078271954785],[103.14473992280926,-1.8630286920438996],[103.14167419780601,-1.8669275516842574],[103.13759591082271,-1.863226480840625],[103.13309208263354,-1.8759548249643365],[103.10538244694241,-1.8599623635989857],[103.10147465972783,-1.8556636231092767],[103.08236751874601,-1.8060811730940718],[103.08524487804873,-1.795484829259571],[103.07491127833288,-1.7859744590627182],[103.08221855684097,-1.784058478626681],[103.08811023230145,-1.7777837720211926],[103.11674564539527,-1.795459955810469],[103.12362330786941,-1.7835032587798156]]]}},{"type":"Feature","properties":{"code":"1504022004","desa":"Ampelu","kecamatan":"Muara Tembesi","kecCode":"150402","kabCode":"1504","province":"Jambi"},"geometry":{"type":"Polygon","coordinates":[[[103.12362330786941,-1.7835032587798156],[103.11674564539527,-1.795459955810469],[103.08811023230145,-1.7777837720211926],[103.08221855684097,-1.784058478626681],[103.07491127833288,-1.7859744590627182],[103.07043660796312,-1.7794264089175154],[103.06386496769413,-1.7795491366991054],[103.0573302212128,-1.7734025619012868],[103.0448421498454,-1.7433357303155539],[103.0591293617307,-1.7356059170438236],[103.08609285959784,-1.7630949759863135],[103.10187182732301,-1.7674286938083672],[103.10736812843648,-1.7768602204415584],[103.12362330786941,-1.7835032587798156]]]}},{"type":"Feature","properties":{"code":"1504022005","desa":"Rambutan Masam","kecamatan":"Muara Tembesi","kecCode":"150402","kabCode":"1504","province":"Jambi"},"geometry":{"type":"Polygon","coordinates":[[[103.09798213536732,-1.6996785571239459],[103.10021882843625,-1.7030098033602694],[103.10586946940053,-1.7048252081153792],[103.10783705563567,-1.70965849213888],[103.10348018836002,-1.7107580311501962],[103.09157328857644,-1.7069612670449712],[103.0715416274442,-1.7060635098203083],[103.05795593981479,-1.6915413257848442],[103.06242250999087,-1.6864995330458143],[103.069969373288,-1.686882869966874],[103.08441438561545,-1.6821841559976072],[103.08914043628214,-1.6877357078541273],[103.09758411701347,-1.6884125996784753],[103.09798213536732,-1.6996785571239459]]]}},{"type":"Feature","properties":{"code":"1504022006","desa":"Rantau Kapas Mudo","kecamatan":"Muara Tembesi","kecCode":"150402","kabCode":"1504","province":"Jambi"},"geometry":{"type":"Polygon","coordinates":[[[103.1135154209,-1.689564474736138],[103.09798213536732,-1.6996785571239459],[103.09758411701347,-1.6884125996784753],[103.09477025704176,-1.688407846761421],[103.10326317925238,-1.6765299105568117],[103.10618991673134,-1.673674555869115],[103.11001325940447,-1.6788126417173963],[103.11950789777131,-1.6797652234126423],[103.11963336668657,-1.690031315507702],[103.1135154209,-1.689564474736138]]]}},{"type":"Feature","properties":{"code":"1504022007","desa":"Rantau Kapas Tuo","kecamatan":"Muara Tembesi","kecCode":"150402","kabCode":"1504","province":"Jambi"},"geometry":{"type":"Polygon","coordinates":[[[103.1203025000604,-1.6844463763203326],[103.11950789777131,-1.6797652234126423],[103.11001325940447,-1.6788126417173963],[103.10618991673134,-1.673674555869115],[103.10175626623874,-1.6785447858408888],[103.10167835437261,-1.6735329009558262],[103.09623322558296,-1.664985340443789],[103.10009675985764,-1.6500499610960413],[103.1006373036687,-1.6084383147818118],[103.12152155357687,-1.619769290513207],[103.11536749461425,-1.660892291992914],[103.12041484337037,-1.6661932342716839],[103.12434509295173,-1.684643773911943],[103.1203025000604,-1.6844463763203326]]]}},{"type":"Feature","properties":{"code":"1504022008","desa":"Sungai Pulai","kecamatan":"Muara Tembesi","kecCode":"150402","kabCode":"1504","province":"Jambi"},"geometry":{"type":"Polygon","coordinates":[[[103.04473757128193,-1.631483082458107],[103.04709043427619,-1.6211391720264514],[103.05179484185851,-1.6194218329444157],[103.05422698728567,-1.5889896095098133],[103.05039366843312,-1.5835424122855015],[103.05250317038507,-1.5796196189876126],[103.05139431529544,-1.576366282818695],[103.04743291409778,-1.5729492070850037],[103.0450035358845,-1.5736561452588531],[103.04433238443202,-1.5646926815759095],[103.05281309294992,-1.5633160659390972],[103.05436253400381,-1.5607457198973727],[103.05646745031265,-1.5520101749975495],[103.0506831628977,-1.5453672940407763],[103.05454375099337,-1.5431167136433284],[103.05696020864677,-1.535705893498324],[103.05465096906704,-1.5254481650982352],[103.05953697944811,-1.5240270734897194],[103.0625022196018,-1.5292020953937104],[103.06453084192486,-1.5257183646080095],[103.06738589444352,-1.5260035603129651],[103.07449846793003,-1.5186093866190082],[103.07290505272607,-1.5154642703683838],[103.07551632062177,-1.5110852761779525],[103.08475894826687,-1.5155600023007691],[103.09611712400613,-1.533974262390307],[103.0994538228357,-1.5481073889172172],[103.0991057339425,-1.5691695948499236],[103.08340982220555,-1.5715193084156738],[103.08025376569877,-1.576460259274428],[103.08239776924171,-1.586394304583351],[103.08531548472187,-1.5878044721269586],[103.08661467143003,-1.5925158053831556],[103.07567873278737,-1.6315364365371001],[103.07712942558258,-1.6472823100928944],[103.08039087543865,-1.6516285248939842],[103.07400115902635,-1.6593143055597621],[103.07085566595627,-1.6599441664383965],[103.07142131164426,-1.6714826454431908],[103.06734086359006,-1.6871307797797934],[103.06242250999087,-1.6864995330458143],[103.05795593981479,-1.6915413257848442],[103.06035108443507,-1.6948211658737355],[103.05051404358828,-1.6947233942789635],[103.05535665358673,-1.6888445179763443],[103.04921650443816,-1.683680986710139],[103.05652664998496,-1.6705669053748633],[103.05434028207843,-1.6506550789273111],[103.04966406104762,-1.6419682251217103],[103.0509884449608,-1.6296801090315973],[103.04473757128193,-1.631483082458107]]]}},{"type":"Feature","properties":{"code":"1504022009","desa":"Pulau","kecamatan":"Muara Tembesi","kecCode":"150402","kabCode":"1504","province":"Jambi"},"geometry":{"type":"Polygon","coordinates":[[[103.03160264094917,-1.7268776323709374],[103.03913224895416,-1.7041507291720377],[103.05051404358828,-1.6947233942789635],[103.06035108443507,-1.6948211658737355],[103.0715416274442,-1.7060635098203083],[103.09157328857644,-1.7069612670449712],[103.10348018836002,-1.7107580311501962],[103.10783705563567,-1.70965849213888],[103.11531335003114,-1.716446680155824],[103.11438249055954,-1.720340536867607],[103.10983991867738,-1.7224446401869997],[103.08931857309375,-1.718941474152612],[103.08365375431737,-1.727867877673453],[103.07200024031891,-1.7330798140493913],[103.05322373238943,-1.7372452714147464],[103.0448421498454,-1.7433357303155539],[103.03160264094917,-1.7268776323709374]]]}},{"type":"Feature","properties":{"code":"1504022010","desa":"Tanjung Marwo","kecamatan":"Muara Tembesi","kecCode":"150402","kabCode":"1504","province":"Jambi"},"geometry":{"type":"Polygon","coordinates":[[[103.12371837430355,-1.7176969320520699],[103.12172298642672,-1.7288860793010183],[103.13294645631396,-1.740450293305461],[103.14524882757138,-1.7428690999853371],[103.14406712559742,-1.7517317163921717],[103.14729576728585,-1.7566481184569858],[103.13752817658417,-1.7590786567930017],[103.12391832686932,-1.7571235936195462],[103.10459892340168,-1.760905407395037],[103.10298899934293,-1.7664946282547231],[103.09918462427106,-1.7677801299777842],[103.08609285959784,-1.7630949759863135],[103.0591293617307,-1.7356059170438236],[103.08365375431737,-1.727867877673453],[103.08931857309375,-1.718941474152612],[103.10983991867738,-1.7224446401869997],[103.12371837430355,-1.7176969320520699]]]}},{"type":"Feature","properties":{"code":"1504022011","desa":"Suka Ramai","kecamatan":"Muara Tembesi","kecCode":"150402","kabCode":"1504","province":"Jambi"},"geometry":{"type":"Polygon","coordinates":[[[103.13638335041134,-1.7011550784466904],[103.12371837430355,-1.7176969320520699],[103.11641128285447,-1.7203229173501584],[103.11438249055954,-1.720340536867607],[103.11365472858289,-1.713059487994419],[103.10789788038294,-1.7099084820836954],[103.12943496974809,-1.6962757590270061],[103.13638335041134,-1.7011550784466904]]]}},{"type":"Feature","properties":{"code":"1504022012","desa":"Ampelu Mudo","kecamatan":"Muara Tembesi","kecCode":"150402","kabCode":"1504","province":"Jambi"},"geometry":{"type":"Polygon","coordinates":[[[103.17211329299414,-1.801845919344803],[103.1555629057036,-1.7981617800372598],[103.13369713841229,-1.786833539144208],[103.10917930458128,-1.7781221581284277],[103.10187182732301,-1.7674286938083672],[103.10459892340168,-1.760905407395037],[103.12391832686932,-1.7571235936195462],[103.13752817658417,-1.7590786567930017],[103.14729576728585,-1.7566481184569858],[103.16930762674565,-1.7896225283615785],[103.17211329299414,-1.801845919344803]]]}},{"type":"Feature","properties":{"code":"1504022013","desa":"Pelayangan","kecamatan":"Muara Tembesi","kecCode":"150402","kabCode":"1504","province":"Jambi"},"geometry":{"type":"Polygon","coordinates":[[[103.09477025704176,-1.688407846761421],[103.08914043628214,-1.6877357078541273],[103.08441438561545,-1.6821841559976072],[103.06848826901847,-1.6870962179342588],[103.06680515633298,-1.6843317343432953],[103.07142131164426,-1.6714826454431908],[103.07080500444742,-1.660065619880566],[103.07400115902635,-1.6593143055597621],[103.08039087543865,-1.6516285248939842],[103.07712942558258,-1.6472823100928944],[103.07567873278737,-1.6315364365371001],[103.08586384364149,-1.596579059294702],[103.0905812329376,-1.600561238424514],[103.09038254841596,-1.6040661851166012],[103.1006373036687,-1.6084383147818118],[103.10009675985764,-1.6500499610960413],[103.09623322558296,-1.664985340443789],[103.10167835437261,-1.6735329009558262],[103.10175626623874,-1.6785447858408888],[103.09477025704176,-1.688407846761421]]]}},{"type":"Feature","properties":{"code":"1504022015","desa":"Pematang Lima Suku","kecamatan":"Muara Tembesi","kecCode":"150402","kabCode":"1504","province":"Jambi"},"geometry":{"type":"Polygon","coordinates":[[[103.11220303124497,-1.7060788864286163],[103.11025284599214,-1.700848001337112],[103.1038498663783,-1.696000731956549],[103.1135154209,-1.689564474736138],[103.11963336668657,-1.690031315507702],[103.1203025000604,-1.6844463763203326],[103.12434509295173,-1.684643773911943],[103.12943496974809,-1.6962757590270061],[103.11220303124497,-1.7060788864286163]]]}},{"type":"Feature","properties":{"code":"1504031001","desa":"Muara Bulian","kecamatan":"Muara Bulian","kecCode":"150403","kabCode":"1504","province":"Jambi"},"geometry":{"type":"Polygon","coordinates":[[[103.25063626555128,-1.6834800898564382],[103.25408398568743,-1.706995601362014],[103.25733036560392,-1.7116630072329737],[103.26469215022263,-1.7145709686629962],[103.26995728240274,-1.7270454872333632],[103.27790782078937,-1.7362091058293188],[103.2783212652143,-1.7408159477564988],[103.27329321141264,-1.7445511901398374],[103.2745270470856,-1.7483796373606124],[103.27015272576773,-1.7489146980046006],[103.25933125283512,-1.7487638187451098],[103.2515936703117,-1.7428894894147362],[103.24821089471708,-1.7440362743097184],[103.24797136478674,-1.7508418642081975],[103.2628054777906,-1.7597235840138903],[103.25191864033303,-1.7610468500683356],[103.24412166568236,-1.765830379998982],[103.24117580591876,-1.7383745132345656],[103.2444276977801,-1.738618783491177],[103.25082559082843,-1.7301213188143028],[103.2542278313494,-1.732107610046507],[103.25166431385708,-1.7272375356574527],[103.25635418659647,-1.7252286840325017],[103.2531917008364,-1.722281105667654],[103.25453930884207,-1.7179855478786885],[103.25161327463297,-1.7181245920600665],[103.24880587629019,-1.712037843762039],[103.24244583930407,-1.7138869227318063],[103.23347242281416,-1.7100143511741632],[103.23985114321572,-1.6927523303676262],[103.24007809342929,-1.6806827909033435],[103.25063626555128,-1.6834800898564382]]]}},{"type":"Feature","properties":{"code":"1504031002","desa":"Teratai","kecamatan":"Muara Bulian","kecCode":"150403","kabCode":"1504","province":"Jambi"},"geometry":{"type":"Polygon","coordinates":[[[103.27741906533765,-1.6704801504751359],[103.29158136858534,-1.6917401838754216],[103.3021441173572,-1.6975233273463146],[103.31269933340756,-1.7125592284156559],[103.3159710912929,-1.7243375602071953],[103.30780252936329,-1.7357070646935444],[103.29519562697662,-1.7277857920537076],[103.28468826834899,-1.7127241254078018],[103.25763354055549,-1.6839007711253728],[103.25816338333352,-1.6776594563474565],[103.27741906533765,-1.6704801504751359]]]}},{"type":"Feature","properties":{"code":"1504031003","desa":"Sridadi","kecamatan":"Muara Bulian","kecCode":"150403","kabCode":"1504","province":"Jambi"},"geometry":{"type":"Polygon","coordinates":[[[103.19233333331674,-1.915305554073658],[103.18850000007501,-1.9218888864212742],[103.17677777787218,-1.923583330562732],[103.16492403971273,-1.9196802207264054],[103.16000377865151,-1.9214063695671961],[103.16423910255259,-1.900684790852186],[103.16343855934213,-1.882822001335809],[103.15831183732149,-1.8756274600487042],[103.17674231670462,-1.8745095478880234],[103.17734255481513,-1.8656629816817445],[103.1825502706785,-1.8587028199073747],[103.1754825194028,-1.8203893040936636],[103.18354195040075,-1.818263876049955],[103.19012372423055,-1.8097360340730613],[103.20585792280498,-1.765371999149924],[103.21117551963458,-1.747881229485925],[103.21288201289462,-1.7313988804230878],[103.20538492527413,-1.721958368663341],[103.21092986082446,-1.7126737678699635],[103.23795970257827,-1.7225118779997108],[103.2402919243329,-1.735116507785577],[103.24640054774714,-1.7363670708472343],[103.24117580591876,-1.7383745132345656],[103.24412166568236,-1.765830379998982],[103.2349665016028,-1.7657133916907264],[103.2318875107001,-1.7736459930904036],[103.23456713336657,-1.7982316132933909],[103.2332510969606,-1.8267573675219881],[103.23549030273533,-1.8350889711333958],[103.24287256671562,-1.8366178437911111],[103.24288896675245,-1.8402786429935354],[103.21886015996849,-1.8485309057161767],[103.20145638980061,-1.871389639634352],[103.18864636923462,-1.89304294386699],[103.18840677455307,-1.900732536758877],[103.18500478674156,-1.9074173899748843],[103.19233333331674,-1.915305554073658]]]}},{"type":"Feature","properties":{"code":"1504031004","desa":"Pasar Baru","kecamatan":"Muara Bulian","kecCode":"150403","kabCode":"1504","province":"Jambi"},"geometry":{"type":"Polygon","coordinates":[[[103.23880388629038,-1.712948638458431],[103.24880587629019,-1.712037843762039],[103.25161327463297,-1.7181245920600665],[103.25453930884207,-1.7179855478786885],[103.2531917008364,-1.722281105667654],[103.25638341726095,-1.725919804930197],[103.25393584666203,-1.7248658813316617],[103.25166431385708,-1.7272375356574527],[103.2542278313494,-1.732107610046507],[103.25082559082843,-1.7301213188143028],[103.24619183128806,-1.7360363550576823],[103.2402919243329,-1.735116507785577],[103.23880388629038,-1.712948638458431]]]}},{"type":"Feature","properties":{"code":"1504031005","desa":"Rengas Condong","kecamatan":"Muara Bulian","kecCode":"150403","kabCode":"1504","province":"Jambi"},"geometry":{"type":"Polygon","coordinates":[[[103.27649369442848,-1.7527023924469431],[103.27319886623474,-1.744803648723637],[103.27825310289842,-1.7410832379594527],[103.27790782078937,-1.7362091058293188],[103.26995728240274,-1.7270454872333632],[103.26435524170107,-1.714134263273861],[103.25733036560392,-1.7116630072329737],[103.25408398568743,-1.706995601362014],[103.25063626555128,-1.6834800898564382],[103.2564425935509,-1.6805829211902554],[103.25950607834288,-1.6875878251356506],[103.28468826834899,-1.7127241254078018],[103.29519562697662,-1.7277857920537076],[103.30780252936329,-1.7357070646935444],[103.30080980043196,-1.744323627488218],[103.29401160025519,-1.747287125651831],[103.28088508937542,-1.7489162178588593],[103.27649369442848,-1.7527023924469431]]]}},{"type":"Feature","properties":{"code":"1504032006","desa":"Pasar Terusan","kecamatan":"Muara Bulian","kecCode":"150403","kabCode":"1504","province":"Jambi"},"geometry":{"type":"Polygon","coordinates":[[[103.14789807563574,-1.720707132009456],[103.14117649859656,-1.7067949509226108],[103.12810413859518,-1.6951707107689533],[103.12538352303125,-1.6898651900416133],[103.11976924525453,-1.665515199409036],[103.13133423178941,-1.6639398938548675],[103.14473109326542,-1.6653860828436855],[103.16078766461908,-1.659288513003466],[103.16393413705082,-1.662052545134825],[103.16568553076267,-1.6825537171035874],[103.17498205657671,-1.7167744110954604],[103.1662664694221,-1.7202751606515945],[103.14789807563574,-1.720707132009456]]]}},{"type":"Feature","properties":{"code":"1504032007","desa":"Simpang Terusan","kecamatan":"Muara Bulian","kecCode":"150403","kabCode":"1504","province":"Jambi"},"geometry":{"type":"Polygon","coordinates":[[[103.14524882757138,-1.7428690999853371],[103.148802058868,-1.7409747509424827],[103.1517050020842,-1.728363608266321],[103.14789807563574,-1.720707132009456],[103.1662664694221,-1.7202751606515945],[103.17498205657671,-1.7167744110954604],[103.18600025440827,-1.727241523251405],[103.18601436477115,-1.7384109591597516],[103.18253041364773,-1.7454056773837006],[103.17873485732787,-1.7472097668688003],[103.16255028996396,-1.7802673703578065],[103.14406712559742,-1.7517317163921717],[103.14524882757138,-1.7428690999853371]]]}},{"type":"Feature","properties":{"code":"1504032008","desa":"Malapari","kecamatan":"Muara Bulian","kecCode":"150403","kabCode":"1504","province":"Jambi"},"geometry":{"type":"Polygon","coordinates":[[[103.20484372855526,-1.693263165074316],[103.20392293609467,-1.7031495427176089],[103.18990250269837,-1.7064665472900298],[103.17673900989746,-1.6921308313853183],[103.1763510279776,-1.6879901818186025],[103.1842545857806,-1.675637123885032],[103.18916928543423,-1.6771743548417812],[103.20103844696683,-1.674981741146074],[103.20484372855526,-1.693263165074316]]]}},{"type":"Feature","properties":{"code":"1504032009","desa":"Napal Sisik","kecamatan":"Muara Bulian","kecCode":"150403","kabCode":"1504","province":"Jambi"},"geometry":{"type":"Polygon","coordinates":[[[103.20484372855526,-1.693263165074316],[103.20103844696683,-1.674981741146074],[103.18916928543423,-1.6771743548417812],[103.1842545857806,-1.675637123885032],[103.19266029803441,-1.6625732588941395],[103.19709188098557,-1.6596251787076675],[103.20151767769873,-1.66053889170409],[103.21292481342947,-1.6700900479543552],[103.22002999988467,-1.667859998179837],[103.22755999999406,-1.6505779980348858],[103.22647999965233,-1.6360969984524585],[103.22198136235004,-1.6270283923312427],[103.23189256129272,-1.6299315360930613],[103.23385373626098,-1.6333473644670407],[103.23422275057953,-1.6647815900412766],[103.22910323842376,-1.6885812495415262],[103.22442387066512,-1.6912029162951696],[103.20484372855526,-1.693263165074316]]]}},{"type":"Feature","properties":{"code":"1504032010","desa":"Rambahan","kecamatan":"Muara Bulian","kecCode":"150403","kabCode":"1504","province":"Jambi"},"geometry":{"type":"Polygon","coordinates":[[[103.24007809342929,-1.6806827909033435],[103.23985114321572,-1.6927523303676262],[103.23347242281416,-1.7100143511741632],[103.23880388629038,-1.712948638458431],[103.23795970257827,-1.7225118779997108],[103.2162759625657,-1.7148052510489553],[103.22175249837913,-1.7029142081248916],[103.21957648796462,-1.6920936057479932],[103.22844666857894,-1.6897648239027152],[103.23088308398718,-1.6788516183348223],[103.24007809342929,-1.6806827909033435]]]}},{"type":"Feature","properties":{"code":"1504032011","desa":"Olak","kecamatan":"Muara Bulian","kecCode":"150403","kabCode":"1504","province":"Jambi"},"geometry":{"type":"Polygon","coordinates":[[[103.25063626555128,-1.6834800898564382],[103.23088308398718,-1.6788516183348223],[103.23422275057953,-1.6647815900412766],[103.23342573540941,-1.6476738991929258],[103.25569677858353,-1.6487889254291863],[103.26144149762705,-1.6510020760431854],[103.27412166957949,-1.670814351137636],[103.25816338333352,-1.6776594563474565],[103.254964093718,-1.6820682540703753],[103.25063626555128,-1.6834800898564382]]]}},{"type":"Feature","properties":{"code":"1504032012","desa":"Muaro Singoan","kecamatan":"Muara Bulian","kecCode":"150403","kabCode":"1504","province":"Jambi"},"geometry":{"type":"Polygon","coordinates":[[[103.23342573540941,-1.6476738991929258],[103.23385373626098,-1.6333473644670407],[103.23189256129272,-1.6299315360930613],[103.22198136235004,-1.6270283923312427],[103.21606800063778,-1.6181359984721624],[103.20714330491967,-1.6158146063562218],[103.21322769070542,-1.6058821960148102],[103.2250459308251,-1.5972548854224051],[103.24039521686579,-1.590786765222009],[103.25139663964323,-1.6025859244127256],[103.27298886104715,-1.6453374119564708],[103.27719459185698,-1.6587241479506987],[103.26955345532774,-1.6623869148697588],[103.26144149762705,-1.6510020760431854],[103.25569677858353,-1.6487889254291863],[103.23342573540941,-1.6476738991929258]]]}},{"type":"Feature","properties":{"code":"1504032013","desa":"Aro","kecamatan":"Muara Bulian","kecCode":"150403","kabCode":"1504","province":"Jambi"},"geometry":{"type":"Polygon","coordinates":[[[103.28462211781651,-1.668740348127061],[103.27412166957949,-1.670814351137636],[103.26955345532774,-1.6623869148697588],[103.27719459185698,-1.6587241479506987],[103.27298886104715,-1.6453374119564708],[103.25139663964323,-1.6025859244127256],[103.24039521686579,-1.590786765222009],[103.27256341157226,-1.5786897586638475],[103.27536274839218,-1.5844223548398266],[103.26883348058071,-1.6054185208567506],[103.28092513528685,-1.6072367305973934],[103.28621059933975,-1.6108192842852864],[103.28315227935427,-1.6488993082170254],[103.28462211781651,-1.668740348127061]]]}},{"type":"Feature","properties":{"code":"1504032014","desa":"Rantau Puri","kecamatan":"Muara Bulian","kecCode":"150403","kabCode":"1504","province":"Jambi"},"geometry":{"type":"Polygon","coordinates":[[[103.32145840727974,-1.6343701283553573],[103.32144959482298,-1.644830813056616],[103.31857871963228,-1.6481880505994118],[103.31458069444359,-1.6445526383589442],[103.31037678655952,-1.6498160528280779],[103.32772303608931,-1.664584562970351],[103.33996027304822,-1.6713208394208763],[103.33294086303043,-1.6731292294640017],[103.32108584333707,-1.6828211368089387],[103.31156927500211,-1.6862089090330938],[103.30398862777304,-1.6658530135474863],[103.30643872366824,-1.630587351405996],[103.32145840727974,-1.6343701283553573]]]}},{"type":"Feature","properties":{"code":"1504032015","desa":"Sungai Baung","kecamatan":"Muara Bulian","kecCode":"150403","kabCode":"1504","province":"Jambi"},"geometry":{"type":"Polygon","coordinates":[[[103.28462211781651,-1.668740348127061],[103.28315227935427,-1.6488993082170254],[103.28621059933975,-1.6108192842852864],[103.29742454270854,-1.6156623799122694],[103.30197820592952,-1.6208190529485877],[103.32047423869523,-1.6227611029320372],[103.32145840727974,-1.6343701283553573],[103.30643872366824,-1.630587351405996],[103.30398862777304,-1.6658530135474863],[103.28462211781651,-1.668740348127061]]]}},{"type":"Feature","properties":{"code":"1504032016","desa":"Bajubang Laut","kecamatan":"Muara Bulian","kecCode":"150403","kabCode":"1504","province":"Jambi"},"geometry":{"type":"Polygon","coordinates":[[[103.3008573826621,-1.696454800556421],[103.29158136858534,-1.6917401838754216],[103.27741906533765,-1.6704801504751359],[103.30398862777304,-1.6658530135474863],[103.31156927500211,-1.6862089090330938],[103.30422002693274,-1.6909730540770787],[103.3008573826621,-1.696454800556421]]]}},{"type":"Feature","properties":{"code":"1504032017","desa":"Singkawang","kecamatan":"Muara Bulian","kecCode":"150403","kabCode":"1504","province":"Jambi"},"geometry":{"type":"Polygon","coordinates":[[[103.24412166568236,-1.765830379998982],[103.25191864033303,-1.7610468500683356],[103.2628054777906,-1.7597235840138903],[103.27686024460468,-1.7763428071940823],[103.27983290956121,-1.784841378037054],[103.27327635631883,-1.809961789986726],[103.27597715981811,-1.8093791588038741],[103.27518552259386,-1.8118446717741887],[103.27954415973522,-1.8153601504267416],[103.28026285744498,-1.8241182098539503],[103.28557128838429,-1.8336540281667868],[103.27813402636428,-1.834034470170127],[103.2781436212312,-1.822467459274104],[103.27135401227792,-1.8220013586446144],[103.26627862266037,-1.8179895882221573],[103.26516979365114,-1.8131497643287673],[103.26275702141947,-1.8155768141945139],[103.25747461686012,-1.813230665541246],[103.25447649569378,-1.815015261321789],[103.25629678376966,-1.8199026737405068],[103.25117618343417,-1.821159030234764],[103.25249800158154,-1.8249225643903975],[103.24282948109573,-1.8270012510701377],[103.24287256671562,-1.8366178437911111],[103.23549030273533,-1.8350889711333958],[103.2331362850116,-1.824879305201386],[103.23456713336657,-1.7982316132933909],[103.2318875107001,-1.7736459930904036],[103.2349665016028,-1.7657133916907264],[103.24412166568236,-1.765830379998982]]]}},{"type":"Feature","properties":{"code":"1504032018","desa":"Tenam","kecamatan":"Muara Bulian","kecCode":"150403","kabCode":"1504","province":"Jambi"},"geometry":{"type":"Polygon","coordinates":[[[103.1754825194028,-1.8203893040936636],[103.16930762674565,-1.7896225283615785],[103.16255028996396,-1.7802673703578065],[103.17873485732787,-1.7472097668688003],[103.18253041364773,-1.7454056773837006],[103.18601436477115,-1.7384109591597516],[103.18600025440827,-1.727241523251405],[103.19443853021407,-1.7259601323293805],[103.19860486442303,-1.7202905408571938],[103.19793544686343,-1.715474939303713],[103.18990250269837,-1.7064665472900298],[103.19784337157436,-1.704684473208557],[103.20113896599054,-1.7114657589287698],[103.21092986082446,-1.7126737678699635],[103.20538492527413,-1.721958368663341],[103.21288201289462,-1.7313988804230878],[103.21117551963458,-1.747881229485925],[103.19012372423055,-1.8097360340730613],[103.18354195040075,-1.818263876049955],[103.1754825194028,-1.8203893040936636]]]}},{"type":"Feature","properties":{"code":"1504032019","desa":"Sungai Buluh","kecamatan":"Muara Bulian","kecCode":"150403","kabCode":"1504","province":"Jambi"},"geometry":{"type":"Polygon","coordinates":[[[103.30780252936329,-1.7357070646935444],[103.3159710912929,-1.7243375602071953],[103.31210446784696,-1.711310010739722],[103.3008573826621,-1.696454800556421],[103.30422002693274,-1.6909730540770787],[103.31402399521124,-1.6842240369310846],[103.32108584333707,-1.6828211368089387],[103.32618740592407,-1.6788698412974554],[103.33169838037598,-1.6793181722226647],[103.34974499403631,-1.6959973846798786],[103.35729978305858,-1.7083705829306826],[103.36142115476252,-1.7096139037518814],[103.36103113497894,-1.7123718088020943],[103.35677974738752,-1.710883501863929],[103.35346614944329,-1.7189161258614742],[103.3481052232775,-1.7208934580473918],[103.34412200542624,-1.719923034702099],[103.34093951244857,-1.7230051282624554],[103.32925221541745,-1.7224590266417612],[103.32325719436409,-1.7244878252296698],[103.32343072844543,-1.7295038676805337],[103.31777052229181,-1.7295587901771357],[103.31766741322059,-1.7326774897420163],[103.31300473058387,-1.7355541817445936],[103.30780252936329,-1.7357070646935444]]]}},{"type":"Feature","properties":{"code":"1504032020","desa":"Kilangan","kecamatan":"Muara Bulian","kecCode":"150403","kabCode":"1504","province":"Jambi"},"geometry":{"type":"Polygon","coordinates":[[[103.2628054777906,-1.7597235840138903],[103.24797136478674,-1.7508418642081975],[103.24821089471708,-1.7440362743097184],[103.2515936703117,-1.7428894894147362],[103.25933125283512,-1.7487638187451098],[103.2745270470856,-1.7483796373606124],[103.27649369442848,-1.7527023924469431],[103.27968096370556,-1.749305852732188],[103.29082635535207,-1.748456455651103],[103.30080980043196,-1.744323627488218],[103.30780252936329,-1.7357070646935444],[103.31296341662839,-1.747135170803114],[103.312810873623,-1.7762457847345863],[103.31561195962428,-1.7852388037372724],[103.29452834081034,-1.7985213892454937],[103.27494696483063,-1.8057427788928746],[103.27968793974667,-1.783925922154462],[103.2717607387671,-1.7689334160718018],[103.2628054777906,-1.7597235840138903]]]}},{"type":"Feature","properties":{"code":"1504032021","desa":"Pelayangan","kecamatan":"Muara Bulian","kecCode":"150403","kabCode":"1504","province":"Jambi"},"geometry":{"type":"Polygon","coordinates":[[[103.2162759625657,-1.7148052510489553],[103.20052030526796,-1.7103236181329295],[103.19784337157436,-1.704684473208557],[103.20456538928136,-1.702507087733026],[103.20484372855526,-1.693263165074316],[103.21957648796462,-1.6920936057479932],[103.22175249837913,-1.7029142081248916],[103.2162759625657,-1.7148052510489553]]]}},{"type":"Feature","properties":{"code":"1504041003","desa":"Durian Luncuk","kecamatan":"Batin XXIV","kecCode":"150404","kabCode":"1504","province":"Jambi"},"geometry":{"type":"Polygon","coordinates":[[[103.07056312908519,-1.9527530974017167],[103.05344444400593,-1.9524999976012936],[103.04430555585678,-1.946805554263718],[103.04046295869863,-1.9311715878465967],[103.0315743518749,-1.9191373134975627],[103.02300401062666,-1.912265327551812],[102.98442774344566,-1.902508310190152],[102.98236521758075,-1.8983320240880286],[102.98699928558864,-1.8956738970200673],[102.98363877630857,-1.8827478657230219],[102.98663800633898,-1.8703316528987834],[103.00468845290982,-1.8709252585085037],[103.01632184457752,-1.8785082646509372],[103.01890619576437,-1.875908339907147],[103.0352572564173,-1.8781377196866866],[103.06352914105706,-1.8861243271737886],[103.07208919765837,-1.907997665833262],[103.07586516944205,-1.9316462149483837],[103.07056312908519,-1.9527530974017167]]]}},{"type":"Feature","properties":{"code":"1504041012","desa":"Muara Jangga","kecamatan":"Batin XXIV","kecCode":"150404","kabCode":"1504","province":"Jambi"},"geometry":{"type":"Polygon","coordinates":[[[103.03129846235417,-1.8184058367327396],[103.03170954426012,-1.820623357152498],[103.03704722744764,-1.822372310102439],[103.04876531726563,-1.8216122372841825],[103.05406740708524,-1.84951350228465],[103.05672900284128,-1.8553546601213387],[103.06656307592527,-1.8646711787534826],[103.06575582557095,-1.8792481953533993],[103.04584896875497,-1.8699996196024788],[103.03867489333174,-1.8706539717183812],[103.03558159331595,-1.8666326828714024],[103.03641184293222,-1.863850925102567],[103.0232048274409,-1.858303975076982],[103.02244934835879,-1.853206336237681],[103.0204236056649,-1.855368608606254],[103.01391391339644,-1.8494403442348981],[103.01108384134625,-1.8510687871314506],[103.01285802657674,-1.8468980876178924],[103.00212440122021,-1.841889286508192],[103.01803353591902,-1.8392243758539937],[103.0263483608882,-1.843724795607573],[103.02104217735466,-1.8308203363484716],[103.00760456220085,-1.82536215030808],[103.0118584993703,-1.8209476382928331],[103.01206044033711,-1.8158731722846317],[103.03129846235417,-1.8184058367327396]]]}},{"type":"Feature","properties":{"code":"1504042001","desa":"Jelutih","kecamatan":"Batin XXIV","kecCode":"150404","kabCode":"1504","province":"Jambi"},"geometry":{"type":"Polygon","coordinates":[[[102.83519444366867,-1.9873333304548348],[102.80994444388101,-1.9874999982121646],[102.80083333309192,-1.9906111083983369],[102.80036111077668,-1.9815833305986104],[102.79727777794714,-1.9806111086092297],[102.79727777794714,-1.9652222200399112],[102.80513888864884,-1.9612222199443705],[102.80241666689574,-1.9509166646985565],[102.80358333310443,-1.9369166648139604],[102.80180555598166,-1.932416665043788],[102.79022222237774,-1.9382499978793926],[102.76666666673333,-1.936944442173968],[102.76308333332922,-1.9405833311934368],[102.73205340963722,-1.9448898876910887],[102.73753539624157,-1.9353046381420502],[102.73919123428811,-1.8986828622083058],[102.75022031931233,-1.873108631670242],[102.76758617676067,-1.8508173807544173],[102.77411882782172,-1.859310250794947],[102.7752252772248,-1.8687329173073552],[102.78029352982257,-1.8700535177712934],[102.78097167530262,-1.8726590273050192],[102.78354149344523,-1.8695895233539268],[102.79674750259522,-1.8652351085343983],[102.79382076601557,-1.870838740130519],[102.79489152222602,-1.8756214561747597],[102.79738995668122,-1.8765851382019438],[102.80617016731941,-1.8678049266741523],[102.82133923192009,-1.8652708008276953],[102.82310300659857,-1.8728404610310316],[102.82949185966162,-1.8675580582761468],[102.83495272298984,-1.8665229916622756],[102.83616624837373,-1.869556805118685],[102.84273356020572,-1.8729975060424475],[102.85071665225178,-1.871082040018611],[102.85485691421529,-1.8800288131837943],[102.86395835279579,-1.8862392056725692],[102.91331313229529,-1.896456612069463],[102.92467624890979,-1.894242920063575],[102.94980335633987,-1.8958609533074204],[102.9771578893252,-1.901229735944752],[102.99126183286734,-1.9209311794897335],[102.99066232770433,-1.9315624260128121],[102.98326546323062,-1.9442176210800357],[102.9793611114262,-1.9434999980608811],[102.96561111136377,-1.9575555535648745],[102.955388889086,-1.9508888864392175],[102.94819444401844,-1.9656944414552404],[102.94194444358129,-1.9729166647742131],[102.9254722217657,-1.9727499979161824],[102.91113888904857,-1.968055553928018],[102.90747222176567,-1.9642499980504657],[102.89833333271717,-1.96694444154127],[102.89775000006249,-1.9740833309815926],[102.88802777835933,-1.9799444420765508],[102.83519444366867,-1.9873333304548348]]]}},{"type":"Feature","properties":{"code":"1504042002","desa":"Olak Besar","kecamatan":"Batin XXIV","kecCode":"150404","kabCode":"1504","province":"Jambi"},"geometry":{"type":"Polygon","coordinates":[[[102.98363877630857,-1.8827478657230219],[102.98699928558864,-1.8956738970200673],[102.9771578893252,-1.901229735944752],[102.94980335633987,-1.8958609533074204],[102.92467624890979,-1.894242920063575],[102.91331313229529,-1.896456612069463],[102.86395835279579,-1.8862392056725692],[102.85485691421529,-1.8800288131837943],[102.85071665225178,-1.871082040018611],[102.84273356020572,-1.8729975060424475],[102.83616624837373,-1.869556805118685],[102.83495272298984,-1.8665229916622756],[102.82949185966162,-1.8675580582761468],[102.82310300659857,-1.8728404610310316],[102.82133923192009,-1.8652708008276953],[102.80617016731941,-1.8678049266741523],[102.79738995668122,-1.8765851382019438],[102.79489152222602,-1.8756214561747597],[102.79382076601557,-1.870838740130519],[102.79674750259522,-1.8652351085343983],[102.78354149344523,-1.8695895233539268],[102.78097167530262,-1.8726590273050192],[102.78029352982257,-1.8700535177712934],[102.7752252772248,-1.8687329173073552],[102.77411882782172,-1.859310250794947],[102.76758617676067,-1.8508173807544173],[102.76205496036816,-1.8522075599662902],[102.757040973762,-1.8490412412991715],[102.7527155755634,-1.8496139475638884],[102.74928915227264,-1.8531117545381812],[102.74650518306781,-1.8503277862358023],[102.74764164644488,-1.8467862578209129],[102.74110512290315,-1.8476352538043657],[102.7526531086541,-1.8219820942670322],[102.7542446083021,-1.8121313198842042],[102.74700439133967,-1.7920989923764206],[102.74985988992205,-1.7816141186101566],[102.75445014475842,-1.7761106328190275],[102.76135052770472,-1.773770819889577],[102.76144570655418,-1.771438947973848],[102.76613324465357,-1.7735804630902632],[102.77017832866699,-1.772152785746436],[102.77328649987213,-1.7838128890646558],[102.77655825775747,-1.7855379982891253],[102.77768850142324,-1.7838723747212564],[102.7869089140152,-1.784645699949225],[102.79593896800901,-1.7909631693179366],[102.79705731544281,-1.797720838841271],[102.80029338193407,-1.7935091931950293],[102.80738417563923,-1.8014090026149379],[102.81835000684741,-1.8077972774069404],[102.82772554259975,-1.8077279450731571],[102.82935086305196,-1.817377857675869],[102.83230615400583,-1.8165141137102188],[102.83726494921807,-1.821021407881546],[102.84545029609433,-1.8216686220784046],[102.850873514701,-1.8254332659974057],[102.84559131878439,-1.8285531949355196],[102.84666088699038,-1.8323841278824837],[102.85164466806701,-1.8334168139909457],[102.8546903777588,-1.8307042275771912],[102.86121010106534,-1.8302283360285179],[102.85981034227352,-1.837261149534322],[102.86861434897308,-1.838736416302884],[102.86932818674649,-1.8431622130111112],[102.87442023360693,-1.8421152510645353],[102.88184415058714,-1.8453037281275553],[102.88032129709023,-1.8516806840522624],[102.88788798234458,-1.8478259568426536],[102.89745341534291,-1.8517282725775934],[102.90068948273353,-1.8567727300077492],[102.90576102505133,-1.8533895002593013],[102.91868784237009,-1.8574044434898942],[102.92201908861011,-1.8550011887861406],[102.92204288287279,-1.8596649317183498],[102.92470312065255,-1.8570570425784951],[102.93864914144478,-1.8535187840985534],[102.93907268525629,-1.8589820270268194],[102.94462158861546,-1.8576019400069022],[102.94537468809142,-1.8607023770390478],[102.94956848759568,-1.8636172164840754],[102.9542322314324,-1.8625940488001862],[102.95698050834386,-1.8663417000291742],[102.95951463509238,-1.8639860329513926],[102.96088758329539,-1.865623103044319],[102.96024237728392,-1.8642054693290455],[102.98363877630857,-1.8827478657230219]]]}},{"type":"Feature","properties":{"code":"1504042004","desa":"Aur Gading","kecamatan":"Batin XXIV","kecCode":"150404","kabCode":"1504","province":"Jambi"},"geometry":{"type":"Polygon","coordinates":[[[103.00495220068359,-1.8711247668089435],[102.98663800633898,-1.8703316528987834],[102.98363877630857,-1.8827478657230219],[102.94365707741223,-1.8531315036503309],[102.91017615040907,-1.841667644992871],[102.86098965205086,-1.8182801672687743],[102.81604662005554,-1.8022615239407955],[102.84865213079125,-1.7721120464577753],[102.89235444460199,-1.7951133472017455],[102.98016301441163,-1.8509819728764543],[102.9894873175857,-1.8531998161528762],[103.00925788394426,-1.852448215847563],[103.01063681623612,-1.8618620222392444],[103.00495220068359,-1.8711247668089435]]]}},{"type":"Feature","properties":{"code":"1504042005","desa":"Paku Aji","kecamatan":"Batin XXIV","kecCode":"150404","kabCode":"1504","province":"Jambi"},"geometry":{"type":"Polygon","coordinates":[[[103.00212440122021,-1.841889286508192],[103.01285802657674,-1.8468980876178924],[103.01178881540159,-1.8523642659333055],[102.99747383964602,-1.8462541685370168],[103.00212440122021,-1.841889286508192]]]}},{"type":"Feature","properties":{"code":"1504042006","desa":"Hajran","kecamatan":"Batin XXIV","kecCode":"150404","kabCode":"1504","province":"Jambi"},"geometry":{"type":"MultiPolygon","coordinates":[[[[102.96083047634544,-1.8649758888474681],[102.95698050834386,-1.8663417000291742],[102.9542322314324,-1.8625940488001862],[102.94956848759568,-1.8636172164840754],[102.94462158861546,-1.8576019400069022],[102.93907268525629,-1.8589820270268194],[102.93716435804873,-1.8532332493492099],[102.92204288287279,-1.8596649317183498],[102.92201908861011,-1.8550011887861406],[102.91868784237009,-1.8574044434898942],[102.90576102505133,-1.8533895002593013],[102.90068948273353,-1.8567727300077492],[102.89745341534291,-1.8517282725775934],[102.88788798234458,-1.8478259568426536],[102.88032129709023,-1.8516806840522624],[102.88184415058714,-1.8453037281275553],[102.87442023360693,-1.8421152510645353],[102.86932818674649,-1.8431622130111112],[102.86861434897308,-1.838736416302884],[102.85981034227352,-1.837261149534322],[102.86121010106534,-1.8302283360285179],[102.8546903777588,-1.8307042275771912],[102.85164466806701,-1.8334168139909457],[102.84666088699038,-1.8323841278824837],[102.84559131878439,-1.8285531949355196],[102.850873514701,-1.8254332659974057],[102.84545029609433,-1.8216686220784046],[102.83726494921807,-1.821021407881546],[102.83230615400583,-1.8165141137102188],[102.82935086305196,-1.817377857675869],[102.82723790140805,-1.8074447980238844],[102.81835000684741,-1.8077972774069404],[102.81349482162874,-1.8051645346030003],[102.81604662005554,-1.8022615239407955],[102.86098965205086,-1.8182801672687743],[102.91017615040907,-1.841667644992871],[102.94365707741223,-1.8531315036503309],[102.96083047634544,-1.8649758888474681]]],[[[102.90251438882802,-1.74932254684728],[102.94203258523567,-1.747269758843852],[102.943871983905,-1.7496505170066143],[102.9361387343152,-1.7602986051335723],[102.9348002886025,-1.766098540745699],[102.94041432895817,-1.7715532068396724],[102.94867130683542,-1.7738232494654884],[102.95102583267611,-1.7722848916582468],[102.95610512535131,-1.7755165802462307],[102.9542205924065,-1.7821600358698555],[102.95872729123157,-1.7941025496925629],[102.95851604587885,-1.811027286960637],[102.97600422461532,-1.8214352857792426],[102.98084511960667,-1.8235441231298912],[102.98316925735543,-1.8221919546635807],[102.98209296671712,-1.8264165712317055],[102.99034880605261,-1.8266855665492798],[102.99418536875982,-1.8335515009570031],[102.99386604558161,-1.8398618315073063],[103.00022373443784,-1.8425165186685213],[102.99747383964602,-1.8462541685370168],[103.00893174480422,-1.8524778287238646],[102.9894873175857,-1.8531998161528762],[102.98016301441163,-1.8509819728764543],[102.88056390360134,-1.78848613423357],[102.90141380840059,-1.7624824900095795],[102.90251438882802,-1.74932254684728]]]]}},{"type":"Feature","properties":{"code":"1504042007","desa":"Mata Gual","kecamatan":"Batin XXIV","kecCode":"150404","kabCode":"1504","province":"Jambi"},"geometry":{"type":"MultiPolygon","coordinates":[[[[103.01206044033711,-1.8158731722846317],[103.00769254287661,-1.8265299343727297],[103.02104217735466,-1.8308203363484716],[103.0263483608882,-1.843724795607573],[103.01803353591902,-1.8392243758539937],[102.99997925643758,-1.8432137333723881],[102.99386604558161,-1.8398618315073063],[102.99418536875982,-1.8335515009570031],[102.99034880605261,-1.8266855665492798],[102.98209296671712,-1.8264165712317055],[102.98316925735543,-1.8221919546635807],[102.98084511960667,-1.8235441231298912],[102.97600422461532,-1.8214352857792426],[102.95726308882051,-1.808659157977307],[103.01206044033711,-1.8158731722846317]]],[[[102.94203258523567,-1.747269758843852],[102.95744438495046,-1.7482712483698086],[102.96425648684743,-1.7595192103812298],[102.97197049993865,-1.7610179494550768],[102.97894232143106,-1.7704882026941997],[102.97619404272098,-1.7789590843106624],[102.97044090242576,-1.7801243071062207],[102.96566651499772,-1.7843340488877635],[102.9617118497221,-1.7837915319646895],[102.9648670159001,-1.7900875857775769],[102.95991516255474,-1.7943601802774494],[102.95490587760422,-1.785852958855776],[102.9554388770026,-1.7744696182996476],[102.94041432895817,-1.7715532068396724],[102.9348002886025,-1.766098540745699],[102.9365848825863,-1.759525279905678],[102.94327711834438,-1.7528033017763573],[102.94203258523567,-1.747269758843852]]]]}},{"type":"Feature","properties":{"code":"1504042008","desa":"Jangga","kecamatan":"Batin XXIV","kecCode":"150404","kabCode":"1504","province":"Jambi"},"geometry":{"type":"Polygon","coordinates":[[[103.08810796421125,-1.82037622255522],[103.10067588368513,-1.8542759898781545],[103.10538244694241,-1.8599623635989857],[103.13309208263354,-1.8759548249643365],[103.13759591082271,-1.863226480840625],[103.14167419780601,-1.8669275516842574],[103.14473992280926,-1.8630286920438996],[103.14759487190588,-1.8654962140996854],[103.1492191410506,-1.8737129392123655],[103.15831183732149,-1.8756274600487042],[103.1625316497159,-1.879523451751063],[103.16414244431843,-1.905997470183001],[103.16000377865151,-1.9214063695671961],[103.14663413156,-1.9089644810985282],[103.1373228649583,-1.9049167117139525],[103.13162727767678,-1.909490129437949],[103.12636695776894,-1.9223233569951512],[103.08758723696148,-1.9219041092455331],[103.0799096302253,-1.897055377089772],[103.06575582557095,-1.8792481953533993],[103.06656307592527,-1.8646711787534826],[103.05672900284128,-1.8553546601213387],[103.05406740708524,-1.84951350228465],[103.04841308429644,-1.8225788205243132],[103.0625330708446,-1.8238161707464497],[103.08810796421125,-1.82037622255522]]]}},{"type":"Feature","properties":{"code":"1504042009","desa":"Koto Boyo","kecamatan":"Batin XXIV","kecCode":"150404","kabCode":"1504","province":"Jambi"},"geometry":{"type":"Polygon","coordinates":[[[102.95744438495046,-1.7482712483698086],[102.99408256905537,-1.7422330490730447],[103.02071063958441,-1.7857776613188716],[103.02602816986422,-1.7893215702392127],[103.03289536602836,-1.8010930294116938],[103.03522451120226,-1.8152340034227779],[103.03129846235417,-1.8184058367327396],[102.95726308882051,-1.808659157977307],[102.95794206977077,-1.7958157617857204],[102.9648670159001,-1.7900875857775769],[102.9617118497221,-1.7837915319646895],[102.96566651499772,-1.7843340488877635],[102.97044090242576,-1.7801243071062207],[102.97619404272098,-1.7789590843106624],[102.97894232143106,-1.7704882026941997],[102.97197049993865,-1.7610179494550768],[102.96425648684743,-1.7595192103812298],[102.95744438495046,-1.7482712483698086]]]}},{"type":"Feature","properties":{"code":"1504042010","desa":"Simpang Karmeo","kecamatan":"Batin XXIV","kecCode":"150404","kabCode":"1504","province":"Jambi"},"geometry":{"type":"Polygon","coordinates":[[[103.07197954332132,-1.785472054600852],[103.08524487804873,-1.795484829259571],[103.08236751874601,-1.8060811730940718],[103.08810796421125,-1.82037622255522],[103.0625330708446,-1.8238161707464497],[103.03170954426012,-1.820623357152498],[103.03147159893518,-1.8171017541168328],[103.035439395212,-1.8148950381521118],[103.03391455601201,-1.8076652686219326],[103.04779608642029,-1.8093018117121034],[103.05945068679982,-1.8053138355523448],[103.0611638988949,-1.8012211630180297],[103.06346721733826,-1.8014115198173506],[103.06230520422183,-1.798745688257421],[103.0666461777789,-1.79822066224884],[103.06698267441095,-1.7939786276113618],[103.07055186687522,-1.7919560856068812],[103.06844364465856,-1.7891440836376618],[103.07158171292576,-1.7883452770189439],[103.07197954332132,-1.785472054600852]]]}},{"type":"Feature","properties":{"code":"1504042011","desa":"Karmeo","kecamatan":"Batin XXIV","kecCode":"150404","kabCode":"1504","province":"Jambi"},"geometry":{"type":"Polygon","coordinates":[[[102.9925264010726,-1.7411678749557271],[103.00457595581577,-1.7376464400933225],[103.01411933473959,-1.739036243388569],[103.02113468701623,-1.7373986462929127],[103.02903291183945,-1.7324037693864431],[103.03160264094917,-1.7268776323709374],[103.0438347625643,-1.7411647983750265],[103.0573302212128,-1.7734025619012868],[103.06386496769413,-1.7795491366991054],[103.07043660796312,-1.7794264089175154],[103.07491127833288,-1.7859744590627182],[103.07197954332132,-1.785472054600852],[103.07158171292576,-1.7883452770189439],[103.06844364465856,-1.7891440836376618],[103.07055186687522,-1.7919560856068812],[103.06698267441095,-1.7939786276113618],[103.0666461777789,-1.79822066224884],[103.06230520422183,-1.798745688257421],[103.06346721733826,-1.8014115198173506],[103.0611638988949,-1.8012211630180297],[103.05945068679982,-1.8053138355523448],[103.04779608642029,-1.8093018117121034],[103.03420445876883,-1.807841041115623],[103.03289536602836,-1.8010930294116938],[103.02602816986422,-1.7893215702392127],[103.02071063958441,-1.7857776613188716],[102.9925264010726,-1.7411678749557271]]]}},{"type":"Feature","properties":{"code":"1504042013","desa":"Jangga Baru","kecamatan":"Batin XXIV","kecCode":"150404","kabCode":"1504","province":"Jambi"},"geometry":{"type":"Polygon","coordinates":[[[103.13277777767233,-1.9581666644782487],[103.13286111065179,-1.970138886505451],[103.12024641294164,-1.9683466195078778],[103.12073567021508,-1.9614211859536332],[103.11040357596431,-1.9465534014493773],[103.10924894178525,-1.9393711179217683],[103.10446705940734,-1.934434885805777],[103.1042043647397,-1.9213369490998677],[103.12636695776894,-1.9223233569951512],[103.13162727767678,-1.909490129437949],[103.1373228649583,-1.9049167117139525],[103.14663413156,-1.9089644810985282],[103.15966988375817,-1.9215476116916244],[103.14754790301338,-1.9278818120477115],[103.13823561388256,-1.9399569416979228],[103.13277777767233,-1.9581666644782487]]]}},{"type":"Feature","properties":{"code":"1504042014","desa":"Terentang Baru","kecamatan":"Batin XXIV","kecCode":"150404","kabCode":"1504","province":"Jambi"},"geometry":{"type":"Polygon","coordinates":[[[103.09537516982829,-1.9658173410072886],[103.08719444366871,-1.9801666645538836],[103.0794444442058,-1.98024999753317],[103.07958333280463,-1.953555553469396],[103.07056312908519,-1.9527530974017167],[103.07506826039194,-1.9377815850928575],[103.07477373242187,-1.9217106237048565],[103.1042043647397,-1.9213369490998677],[103.10446705940734,-1.934434885805777],[103.10924894178525,-1.9393711179217683],[103.11040357596431,-1.9465534014493773],[103.12073567021508,-1.9614211859536332],[103.1208522646204,-1.967311542102093],[103.09537516982829,-1.9658173410072886]]]}},{"type":"Feature","properties":{"code":"1504042015","desa":"Bulian Baru","kecamatan":"Batin XXIV","kecCode":"150404","kabCode":"1504","province":"Jambi"},"geometry":{"type":"Polygon","coordinates":[[[103.15472222215287,-1.961472219781697],[103.13277777767233,-1.9581666644782487],[103.13823561388256,-1.9399569416979228],[103.14754790301338,-1.9278818120477115],[103.16492403971273,-1.9196802207264054],[103.17677777787218,-1.923583330562732],[103.17413888909851,-1.9333611087737634],[103.16966666668337,-1.9376944416859556],[103.17325000008748,-1.9475277755163913],[103.1690277784093,-1.9583888869555952],[103.15472222215287,-1.961472219781697]]]}},{"type":"Feature","properties":{"code":"1504042016","desa":"Simpang Jelutih","kecamatan":"Batin XXIV","kecCode":"150404","kabCode":"1504","province":"Jambi"},"geometry":{"type":"Polygon","coordinates":[[[102.99434722244642,-1.9476923748330572],[102.98326546323062,-1.9442176210800357],[102.98959815632992,-1.9344427737594647],[102.99160929223511,-1.925007175895385],[102.98845044333336,-1.9154346814308874],[102.98209137042045,-1.9105656088865712],[102.9771578893252,-1.901229735944752],[102.9823582307478,-1.898302584780845],[102.98552785622563,-1.9036046629034336],[103.01199366657453,-1.9083419353053708],[103.0284729957322,-1.9160096369000392],[103.04046295869863,-1.9311715878465967],[103.04430555585678,-1.946805554263718],[103.02783333314186,-1.9448611084862888],[103.0126111114137,-1.94872221998321],[102.99434722244642,-1.9476923748330572]]]}},{"type":"Feature","properties":{"code":"1504042017","desa":"Simpang Aur Gading","kecamatan":"Batin XXIV","kecCode":"150404","kabCode":"1504","province":"Jambi"},"geometry":{"type":"Polygon","coordinates":[[[103.07477373242187,-1.9217106237048565],[103.06790294976138,-1.8932298949337347],[103.06352914105706,-1.8861243271737886],[103.04755724267267,-1.8804364947526069],[103.01890619576437,-1.875908339907147],[103.01632184457752,-1.8785082646509372],[103.01258133126349,-1.8763953030094558],[103.00495220068359,-1.8711247668089435],[103.01063681623612,-1.8618620222392444],[103.00856666322102,-1.8517697475116932],[103.01178881540159,-1.8523642659333055],[103.01391391339644,-1.8494403442348981],[103.0204236056649,-1.855368608606254],[103.02244934835879,-1.853206336237681],[103.0232048274409,-1.858303975076982],[103.03676190493805,-1.8641774689371695],[103.03558159331595,-1.8666326828714024],[103.03867489333174,-1.8706539717183812],[103.04584896875497,-1.8699996196024788],[103.0589834332389,-1.8749757078727918],[103.0717860775655,-1.884703323698858],[103.0799096302253,-1.897055377089772],[103.08758723696148,-1.9219041092455331],[103.07477373242187,-1.9217106237048565]]]}},{"type":"Feature","properties":{"code":"1504051002","desa":"Jembatan Mas","kecamatan":"Pemayung","kecCode":"150405","kabCode":"1504","province":"Jambi"},"geometry":{"type":"Polygon","coordinates":[[[103.38564570708375,-1.5775611544633361],[103.38844970958648,-1.6298931233505525],[103.38617953205983,-1.6437929432559235],[103.38844601607087,-1.658148151965871],[103.38419906393575,-1.6649270787644121],[103.37419217173141,-1.6671445263391156],[103.37174361637483,-1.6617175629614473],[103.3680242533167,-1.621735115873579],[103.35810242258877,-1.6026366048072471],[103.35551474570899,-1.588913773279036],[103.35947025634731,-1.5851302193154417],[103.3760824837197,-1.5824240324773622],[103.37754070743773,-1.5789540361379375],[103.38564570708375,-1.5775611544633361]]]}},{"type":"Feature","properties":{"code":"1504052001","desa":"Tebing Tinggi","kecamatan":"Pemayung","kecCode":"150405","kabCode":"1504","province":"Jambi"},"geometry":{"type":"Polygon","coordinates":[[[103.32144959482298,-1.644830813056616],[103.32047423869523,-1.6227611029320372],[103.33817395866133,-1.6230500605010612],[103.3481027807188,-1.6313089746095037],[103.35922807341689,-1.6452924872229866],[103.37127677470346,-1.6452949882376398],[103.3728085719581,-1.666615566695931],[103.38520706005784,-1.663914384585076],[103.39346692565816,-1.6660684407474418],[103.39482016341985,-1.6708429118071453],[103.38739360243288,-1.6765817267950907],[103.39237483842811,-1.6785552332650249],[103.38783006770353,-1.6794356335742933],[103.387663506066,-1.68509874992778],[103.38240251706259,-1.6857804657155426],[103.37870483486029,-1.6818258022430037],[103.364982919726,-1.682020759074557],[103.36487439583675,-1.6861642729820632],[103.36167249908664,-1.6881930221072974],[103.365434362306,-1.6905948289025687],[103.36646916901702,-1.7032579101247114],[103.35997667538334,-1.7099172306885078],[103.33969177055882,-1.6854087840082226],[103.33169838037598,-1.6793181722226647],[103.32618740592407,-1.6788698412974554],[103.33294086303043,-1.6731292294640017],[103.33996027304822,-1.6713208394208763],[103.32934165209565,-1.6648414120443942],[103.3311815885595,-1.6600915563283603],[103.32804843238931,-1.6556414680323341],[103.33048618958604,-1.6551203657658808],[103.3300155338898,-1.6504663777798902],[103.32537804396162,-1.646597137311086],[103.32593394729389,-1.6411371499286076],[103.32144959482298,-1.644830813056616]]]}},{"type":"Feature","properties":{"code":"1504052003","desa":"Serasah","kecamatan":"Pemayung","kecCode":"150405","kabCode":"1504","province":"Jambi"},"geometry":{"type":"MultiPolygon","coordinates":[[[[103.38564648679598,-1.6634729082924729],[103.38855728828827,-1.656379659445999],[103.38633836402435,-1.644342603493932],[103.41475522207587,-1.6440449305949527],[103.41631893357197,-1.6584888412369228],[103.41906603237156,-1.6639906282087047],[103.4177351931247,-1.6748228714101523],[103.4119561019926,-1.677254227229852],[103.40316260027383,-1.6770626527484962],[103.39482016341985,-1.6708429118071453],[103.39346692565816,-1.6660684407474418],[103.38564648679598,-1.6634729082924729]]],[[[103.3881320924222,-1.631991308231557],[103.38707987393707,-1.584357690886778],[103.40251314496572,-1.589507080313928],[103.40730390904821,-1.58504658955978],[103.40695609894486,-1.5952008077911142],[103.4175013262253,-1.6088627534182502],[103.41876467135255,-1.6127426796315623],[103.41694838885711,-1.6160129068672007],[103.4243061229293,-1.6215390411846469],[103.41436411321331,-1.632229265247395],[103.3881320924222,-1.631991308231557]]]]}},{"type":"Feature","properties":{"code":"1504052004","desa":"Lubuk Ruso","kecamatan":"Pemayung","kecCode":"150405","kabCode":"1504","province":"Jambi"},"geometry":{"type":"Polygon","coordinates":[[[103.37754070743773,-1.5789540361379375],[103.3760824837197,-1.5824240324773622],[103.36875949405542,-1.5822936370760743],[103.34984259386066,-1.5562569436663434],[103.32071729037074,-1.54395829471643],[103.29002171842762,-1.5236228480155263],[103.28102519385766,-1.5262895546158033],[103.26017487087364,-1.522387881896147],[103.26011272232431,-1.5167362157109365],[103.257057949265,-1.514545773877967],[103.25049860542633,-1.5151367831449536],[103.24970117207147,-1.5120169882058359],[103.2447587112456,-1.5105238420157288],[103.24365064486142,-1.4985670892271359],[103.23972337023741,-1.4914962451907396],[103.23316646985676,-1.48619030627873],[103.23341413505436,-1.4817210066651665],[103.22993234320312,-1.4768960152902673],[103.20492214134379,-1.4730396549118319],[103.20263238557617,-1.4695120201232552],[103.20403518857313,-1.4661874567490634],[103.19537835862438,-1.4518969884344315],[103.17767228135072,-1.4475377073832947],[103.17784781822229,-1.4421961382311672],[103.17457761436548,-1.4376633860514112],[103.17607857386713,-1.4317491448087452],[103.17282250465489,-1.426405878635922],[103.16012632566945,-1.4193699786569018],[103.16058888027264,-1.4153657481505508],[103.12453579059432,-1.4000185863255414],[103.12119480829381,-1.397399001502411],[103.12263889017271,-1.3941388898412306],[103.12830555165992,-1.3934722224092406],[103.13522221773121,-1.3845000002289252],[103.15005555282157,-1.377222224887983],[103.17019444192003,-1.3891111067411694],[103.17652778073254,-1.38152777414486],[103.19071666704059,-1.3770694426629828],[103.19713888944824,-1.3702499987083716],[103.20708333272965,-1.369527776556342],[103.20711111098905,-1.3597499983453598],[103.21241666679576,-1.3601944424007448],[103.21783333294202,-1.3660833317549046],[103.22060277809578,-1.3744861095115422],[103.22074935140148,-1.3897557281925217],[103.23270721036954,-1.3944303538207667],[103.23871888686723,-1.3921877288261937],[103.24516652861244,-1.3961862315504083],[103.28958895566579,-1.4568751505414337],[103.36329487156115,-1.501798034975102],[103.35145282009164,-1.5198597203534676],[103.35269100938262,-1.5393840622067356],[103.37754070743773,-1.5789540361379375]]]}},{"type":"Feature","properties":{"code":"1504052005","desa":"Kuap","kecamatan":"Pemayung","kecCode":"150405","kabCode":"1504","province":"Jambi"},"geometry":{"type":"Polygon","coordinates":[[[103.09383035128972,-1.501143341116825],[103.084692810325,-1.4973339289463925],[103.06077588370015,-1.4805584179839466],[103.03587460323041,-1.4556307595269364],[103.04063888857387,-1.441611109455776],[103.04197222164078,-1.4151388878693971],[103.06044444395597,-1.4084444424845268],[103.06221458673382,-1.4053476566999104],[103.06097222189061,-1.3983333314567825],[103.05357307134022,-1.3915128092150748],[103.05517128262862,-1.3872988532104715],[103.07733333426602,-1.3883333298690668],[103.09169444074593,-1.3966111081567694],[103.10997222333947,-1.4005277788701769],[103.12119480829381,-1.397399001502411],[103.16058888027264,-1.4153657481505508],[103.16012632566945,-1.4193699786569018],[103.17438602459544,-1.428457676485794],[103.17775081464843,-1.4476451520859557],[103.19537835862438,-1.4518969884344315],[103.20403518857313,-1.4661874567490634],[103.20263238557617,-1.4695120201232552],[103.20492214134379,-1.4730396549118319],[103.21941894562791,-1.4766664984118663],[103.22340033425807,-1.4748727061641655],[103.2318244817145,-1.479012214491164],[103.23316646985676,-1.48619030627873],[103.23972337023741,-1.4914962451907396],[103.24365064486142,-1.4985670892271359],[103.2448226548417,-1.5105879420938406],[103.24970117207147,-1.5120169882058359],[103.25049860542633,-1.5151367831449536],[103.257057949265,-1.514545773877967],[103.26011272232431,-1.5167362157109365],[103.26017487087364,-1.522387881896147],[103.26348382381944,-1.5240125953041568],[103.27746031993786,-1.5243057778881115],[103.28102519385766,-1.5262895546158033],[103.29002171842762,-1.5236228480155263],[103.31269861125196,-1.537554986857166],[103.32071729037074,-1.54395829471643],[103.31604903643392,-1.5547254719679162],[103.33620359801768,-1.5676824696208933],[103.34051729423781,-1.5793784846669559],[103.35551474570899,-1.588913773279036],[103.35530050741255,-1.592979375320428],[103.34560068782156,-1.600342978360142],[103.34417341786899,-1.5952458728187904],[103.3296469728296,-1.5987694471683955],[103.30115249159427,-1.599797437916374],[103.29742454270854,-1.6156623799122694],[103.28092513528685,-1.6072367305973934],[103.26952932741659,-1.6069841883765854],[103.26883506878346,-1.6035296414905877],[103.27082007578592,-1.6026138726439345],[103.27536274839218,-1.5844223548398266],[103.27084157587808,-1.5759708401235752],[103.26174409881115,-1.575624124495517],[103.25417318044799,-1.5696291115427108],[103.25053639583808,-1.5702569786243903],[103.23524880328972,-1.5586350928958486],[103.239639744079,-1.555736547367634],[103.24366158241615,-1.5442570989625553],[103.24742337908572,-1.5440078545557638],[103.25332404866595,-1.534801198903329],[103.2291620423944,-1.503656305016144],[103.11628267890256,-1.501997349921282],[103.1115741659151,-1.5051504989164097],[103.10602799829356,-1.5140764150046526],[103.09383035128972,-1.501143341116825]]]}},{"type":"Feature","properties":{"code":"1504052006","desa":"Senaning","kecamatan":"Pemayung","kecCode":"150405","kabCode":"1504","province":"Jambi"},"geometry":{"type":"Polygon","coordinates":[[[103.36875949405542,-1.5822936370760743],[103.35947025634731,-1.5851302193154417],[103.35551474570899,-1.588913773279036],[103.34321094363018,-1.5823805700415976],[103.33620359801768,-1.5676824696208933],[103.31604903643392,-1.5547254719679162],[103.32071729037074,-1.54395829471643],[103.34984259386066,-1.5562569436663434],[103.36875949405542,-1.5822936370760743]]]}},{"type":"Feature","properties":{"code":"1504052007","desa":"Kubu Kandang","kecamatan":"Pemayung","kecCode":"150405","kabCode":"1504","province":"Jambi"},"geometry":{"type":"Polygon","coordinates":[[[103.33817395866133,-1.6230500605010612],[103.29870771339034,-1.6193615010257292],[103.29749448478269,-1.6143835655479033],[103.30115249159427,-1.599797437916374],[103.3296469728296,-1.5987694471683955],[103.34417341786899,-1.5952458728187904],[103.34682684957949,-1.6090056008326197],[103.34144213005032,-1.6192801132799697],[103.33817395866133,-1.6230500605010612]]]}},{"type":"Feature","properties":{"code":"1504052008","desa":"Ture","kecamatan":"Pemayung","kecCode":"150405","kabCode":"1504","province":"Jambi"},"geometry":{"type":"Polygon","coordinates":[[[103.38707987393707,-1.584357690886778],[103.38564570708375,-1.5775611544633361],[103.38924454390065,-1.5459529199660211],[103.36849538295566,-1.5226478839931972],[103.36908492902631,-1.5130204391532445],[103.37304110606226,-1.5063799962584716],[103.39305453703729,-1.5124523886787036],[103.40230244280355,-1.5308778489250472],[103.41248550590142,-1.5411593140311504],[103.41168103804957,-1.5487336615009604],[103.41462180944899,-1.5620541939027994],[103.41359971285651,-1.5781433971390497],[103.40251314496572,-1.589507080313928],[103.38707987393707,-1.584357690886778]]]}},{"type":"Feature","properties":{"code":"1504052009","desa":"Pulau Betung","kecamatan":"Pemayung","kecCode":"150405","kabCode":"1504","province":"Jambi"},"geometry":{"type":"Polygon","coordinates":[[[103.4175013262253,-1.6088627534182502],[103.40695609894486,-1.5952008077911142],[103.40730390904821,-1.58504658955978],[103.41445270542805,-1.5749104683859987],[103.4134847992841,-1.5564412165519839],[103.42941026926854,-1.5543169612242433],[103.43466417431229,-1.5666146155238825],[103.4315864874265,-1.5798460925602418],[103.45059460855441,-1.5931073533440807],[103.44862232156292,-1.5942452043737843],[103.44960577068979,-1.59878308089058],[103.44495178899393,-1.6008353409920357],[103.43903189820361,-1.5988459093273255],[103.43550461234803,-1.6024586550549262],[103.4216606915877,-1.6050887592479464],[103.4175013262253,-1.6088627534182502]]]}},{"type":"Feature","properties":{"code":"1504052010","desa":"Lopak Aur","kecamatan":"Pemayung","kecCode":"150405","kabCode":"1504","province":"Jambi"},"geometry":{"type":"Polygon","coordinates":[[[103.4134847992841,-1.5564412165519839],[103.41248550590142,-1.5411593140311504],[103.41895925406641,-1.54596745660757],[103.43413573267799,-1.5309334782888218],[103.44221535435518,-1.5303759498822034],[103.43593124083417,-1.547098335193473],[103.44673286572925,-1.5596047149452663],[103.45151429934549,-1.5827806631309482],[103.45555585891583,-1.5882540009491721],[103.45059460855441,-1.5931073533440807],[103.43206412455974,-1.5808256269371799],[103.43466417431229,-1.5666146155238825],[103.42941026926854,-1.5543169612242433],[103.4134847992841,-1.5564412165519839]]]}},{"type":"Feature","properties":{"code":"1504052011","desa":"Selat","kecamatan":"Pemayung","kecCode":"150405","kabCode":"1504","province":"Jambi"},"geometry":{"type":"Polygon","coordinates":[[[103.44904015467944,-1.5669214794941257],[103.44393095774757,-1.554595751957531],[103.43593124083417,-1.547098335193473],[103.44221535435518,-1.5303759498822034],[103.4567910615583,-1.5313275072495809],[103.46537876961456,-1.5275628273577244],[103.46637676887285,-1.5330597121250675],[103.45663760574097,-1.558966440009468],[103.45322872732396,-1.5648958249360576],[103.44904015467944,-1.5669214794941257]]]}},{"type":"Feature","properties":{"code":"1504052012","desa":"Teluk","kecamatan":"Pemayung","kecCode":"150405","kabCode":"1504","province":"Jambi"},"geometry":{"type":"Polygon","coordinates":[[[103.4577874888016,-1.5176679825974275],[103.42188276028122,-1.5249657067000144],[103.41596487138179,-1.522596050667857],[103.41455421640404,-1.5179135199987948],[103.41679461198179,-1.5125292636264311],[103.43379772968154,-1.5146789454864158],[103.44189416598306,-1.511838673328703],[103.44719346700498,-1.5064935401633077],[103.45115710481662,-1.4913842346300354],[103.45842566661128,-1.4799264374032126],[103.46839995929076,-1.4749761722661172],[103.46672755123556,-1.4980567455502989],[103.45949833927699,-1.50000001411509],[103.45675156513266,-1.5079901874140966],[103.4577874888016,-1.5176679825974275]]]}},{"type":"Feature","properties":{"code":"1504052013","desa":"Pulau Raman","kecamatan":"Pemayung","kecCode":"150405","kabCode":"1504","province":"Jambi"},"geometry":{"type":"Polygon","coordinates":[[[103.46839995929076,-1.4749761722661172],[103.45842566661128,-1.4799264374032126],[103.45115710481662,-1.4913842346300354],[103.44719346700498,-1.5064935401633077],[103.4408403718857,-1.512603446903335],[103.43028653899262,-1.5146567610101969],[103.41782478268759,-1.5124493102993728],[103.41488016129044,-1.5145441676887879],[103.40900206289496,-1.5114254780164729],[103.4211114819094,-1.4989481733463856],[103.4208748172191,-1.482332968337191],[103.42283109807674,-1.4776276335590577],[103.42002464132416,-1.4746872407773912],[103.42512099233998,-1.4744236611771457],[103.42992495487282,-1.4674179514392456],[103.43583826622307,-1.4679581517086615],[103.43846280361555,-1.4733897726751983],[103.44282101537759,-1.4713838591352786],[103.44399811462137,-1.4757886413853385],[103.44622180978875,-1.4725369545730569],[103.44514410901348,-1.46965397810806],[103.45138836907802,-1.4674716175829463],[103.45910218162044,-1.469441167035927],[103.45976745240608,-1.4717223864361249],[103.46764436329681,-1.4711347181505203],[103.46839995929076,-1.4749761722661172]]]}},{"type":"Feature","properties":{"code":"1504052014","desa":"Kaos","kecamatan":"Pemayung","kecCode":"150405","kabCode":"1504","province":"Jambi"},"geometry":{"type":"Polygon","coordinates":[[[103.42039394342584,-1.4760361689863504],[103.42283109807674,-1.4776276335590577],[103.4208748172191,-1.482332968337191],[103.4211114819094,-1.4989481733463856],[103.40900206289496,-1.5114254780164729],[103.39952112300148,-1.5033497773923477],[103.3936042674231,-1.5013852056869184],[103.38247049771536,-1.5025015134570483],[103.37701033675766,-1.498665580279516],[103.37212696408818,-1.4984120290194667],[103.36828013022385,-1.4956185683727992],[103.3650213036903,-1.4842300252387486],[103.33164803632785,-1.4657765457147482],[103.30211422389237,-1.4368331643149799],[103.29358327294976,-1.422391262758528],[103.27734287027732,-1.4060972020542837],[103.2588527523527,-1.397185221860465],[103.25298335309934,-1.3910693526152906],[103.25169378194255,-1.388405083177804],[103.25577615364664,-1.3868510196103323],[103.25542604577542,-1.3844345736507933],[103.26396205000867,-1.3775714460271926],[103.26262487503799,-1.3662469436159452],[103.2731653278177,-1.3598336586778965],[103.27652864298257,-1.360154347925947],[103.28596804409,-1.3698128157792235],[103.3136424812156,-1.3819665129011596],[103.31256311219794,-1.3868187024726364],[103.30095952316348,-1.3988701484766712],[103.30453412774784,-1.4094334098503276],[103.32359692495815,-1.4141611530359077],[103.32579060075567,-1.4192249629771712],[103.32405628427016,-1.4224691377523804],[103.32815547329653,-1.42707069166589],[103.33354855112479,-1.4270932835349224],[103.33645559614887,-1.4330945827488681],[103.35269318394336,-1.4389428416323566],[103.35938658882009,-1.4469552155953895],[103.36687463105942,-1.4509115590015529],[103.36780855721916,-1.4572353856777687],[103.37040858808591,-1.4568506673980117],[103.37768308270817,-1.4649985907769933],[103.37930489310638,-1.4706955531155836],[103.38166543900887,-1.470673537711927],[103.37986797212925,-1.4725781678043885],[103.38424904465772,-1.4837406501546622],[103.3942979387989,-1.4835903140857116],[103.40026888500107,-1.478967393179739],[103.41028587479337,-1.4805451430912109],[103.42039394342584,-1.4760361689863504]]]}},{"type":"Feature","properties":{"code":"1504052015","desa":"Simpang Kubu Kandang","kecamatan":"Pemayung","kecCode":"150405","kabCode":"1504","province":"Jambi"},"geometry":{"type":"Polygon","coordinates":[[[103.35551474570899,-1.588913773279036],[103.35810242258877,-1.6026366048072471],[103.3680242533167,-1.621735115873579],[103.37127677470346,-1.6452949882376398],[103.35922807341689,-1.6452924872229866],[103.3481027807188,-1.6313089746095037],[103.33817395866133,-1.6230500605010612],[103.34662340584553,-1.6097991509139349],[103.34560068782156,-1.600342978360142],[103.35530050741255,-1.592979375320428],[103.35551474570899,-1.588913773279036]]]}},{"type":"Feature","properties":{"code":"1504052016","desa":"Awin","kecamatan":"Pemayung","kecCode":"150405","kabCode":"1504","province":"Jambi"},"geometry":{"type":"Polygon","coordinates":[[[103.40313154398564,-1.6769820941777127],[103.4119561019926,-1.677254227229852],[103.4177351931247,-1.6748228714101523],[103.41863573465149,-1.6842301577169694],[103.41189150818661,-1.7008691210160185],[103.40261519193763,-1.7085927091805164],[103.40313154398564,-1.6769820941777127]]]}},{"type":"Feature","properties":{"code":"1504052017","desa":"Olak Rambahan","kecamatan":"Pemayung","kecCode":"150405","kabCode":"1504","province":"Jambi"},"geometry":{"type":"Polygon","coordinates":[[[103.36329487156115,-1.501798034975102],[103.28958895566579,-1.4568751505414337],[103.26214401743249,-1.4174787250805128],[103.24516652861244,-1.3961862315504083],[103.23871888686723,-1.3921877288261937],[103.24311363178873,-1.3882633248424507],[103.2514058361105,-1.3888112745699392],[103.2588527523527,-1.397185221860465],[103.27734287027732,-1.4060972020542837],[103.29358327294976,-1.422391262758528],[103.30211422389237,-1.4368331643149799],[103.32744805758188,-1.4620428042998816],[103.33921905721377,-1.4710100550279466],[103.3650213036903,-1.4842300252387486],[103.36828013022385,-1.4956185683727992],[103.37212696408818,-1.4984120290194667],[103.37701033675766,-1.498665580279516],[103.38247049771536,-1.5025015134570483],[103.3936042674231,-1.5013852056869184],[103.39952112300148,-1.5033497773923477],[103.41488016129044,-1.5145441676887879],[103.41477672036939,-1.520377108419906],[103.41977641584896,-1.524767862145342],[103.4577874888016,-1.5176679825974275],[103.46582355541284,-1.527865773881192],[103.4567910615583,-1.5313275072495809],[103.43546548734241,-1.5302435399995429],[103.42032694573203,-1.5453772711194935],[103.41756637059159,-1.5457421053888272],[103.40230244280355,-1.5308778489250472],[103.39305453703729,-1.5124523886787036],[103.36329487156115,-1.501798034975102]]]}},{"type":"Feature","properties":{"code":"1504052019","desa":"Teluk Ketapang","kecamatan":"Pemayung","kecCode":"150405","kabCode":"1504","province":"Jambi"},"geometry":{"type":"Polygon","coordinates":[[[103.38564570708375,-1.5775611544633361],[103.37754070743773,-1.5789540361379375],[103.35332342973254,-1.5424663814968738],[103.35145282009164,-1.5198597203534676],[103.36329487156115,-1.501798034975102],[103.37304110606226,-1.5063799962584716],[103.3687511366557,-1.5144015801785153],[103.36924280231351,-1.5243647293474818],[103.38924454390065,-1.5459529199660211],[103.38564570708375,-1.5775611544633361]]]}},{"type":"Feature","properties":{"code":"1504052020","desa":"Kampung Pulau","kecamatan":"Pemayung","kecCode":"150405","kabCode":"1504","province":"Jambi"},"geometry":{"type":"Polygon","coordinates":[[[103.32934165209565,-1.6648414120443942],[103.31037678655952,-1.6498160528280779],[103.31458069444359,-1.6445526383589442],[103.31857871963228,-1.6481880505994118],[103.32593394729389,-1.6411371499286076],[103.32537804396162,-1.646597137311086],[103.3300155338898,-1.6504663777798902],[103.33048618958604,-1.6551203657658808],[103.32804843238931,-1.6556414680323341],[103.3311815885595,-1.6600915563283603],[103.32934165209565,-1.6648414120443942]]]}},{"type":"Feature","properties":{"code":"1504061014","desa":"Simpang S. Rengas","kecamatan":"Maro Sebo Ulu","kecCode":"150406","kabCode":"1504","province":"Jambi"},"geometry":{"type":"Polygon","coordinates":[[[102.85295336420644,-1.49961951365581],[102.86307001686782,-1.5135022113687358],[102.88666127469816,-1.556908735412339],[102.88751793200701,-1.5917457419963066],[102.89271968266729,-1.619638354619342],[102.88863669402825,-1.6233526293092297],[102.89167774972844,-1.6312219714968843],[102.89040237886672,-1.6437402753596626],[102.87666161933834,-1.6457323690176147],[102.87491815944553,-1.63793864812277],[102.86543147288421,-1.626427995940711],[102.86291810608576,-1.6189012324996583],[102.86338271204261,-1.6079424115190275],[102.84856170395953,-1.5944557653421665],[102.8466650724352,-1.5901382452095212],[102.85557418200295,-1.5723053185810778],[102.86027777300086,-1.5526082124663412],[102.85673263470339,-1.5418854806097102],[102.85250853524076,-1.5403407870786223],[102.85118165480958,-1.535249901248599],[102.85611196759329,-1.5284826935155797],[102.84934156096432,-1.5148453074742378],[102.850590612267,-1.5093649693332052],[102.85581436034454,-1.5067467766606701],[102.85295336420644,-1.49961951365581]]]}},{"type":"Feature","properties":{"code":"1504062001","desa":"Batu Sawar","kecamatan":"Maro Sebo Ulu","kecCode":"150406","kabCode":"1504","province":"Jambi"},"geometry":{"type":"Polygon","coordinates":[[[102.6642425812302,-1.9315590589510392],[102.66138888938583,-1.9283333310695676],[102.62786111130127,-1.9214166650059346],[102.62188888896111,-1.9165277759003896],[102.61561111116389,-1.9053888872638942],[102.60449999987515,-1.909916665293368],[102.59594444438068,-1.9076388866993645],[102.57699999975021,-1.9111666644801433],[102.5671666668083,-1.9079444421560219],[102.5624166671955,-1.9116388867948575],[102.55369444394347,-1.9116388867948575],[102.54774999986267,-1.9178611089657474],[102.53683333279211,-1.9139444418496416],[102.52811111133877,-1.9139444418496416],[102.51933333336672,-1.907916664795995],[102.47711111028957,-1.8914444420992986],[102.4886197605935,-1.8897602151556765],[102.49597865389183,-1.8794398399818437],[102.4969640770306,-1.8520971331116527],[102.51962530096692,-1.8570864243289653],[102.53073201187287,-1.8689530713439948],[102.55243201432607,-1.8818530681671435],[102.56573201072375,-1.8869530740221137],[102.57333201136328,-1.8858530682626953],[102.58053201064381,-1.8807530749981982],[102.5902796795636,-1.8820286086358113],[102.59611178393175,-1.8779947049984664],[102.61338383309749,-1.8629795827650095],[102.63312331259083,-1.8372073529888844],[102.65108902683716,-1.8261252835192083],[102.66432344557062,-1.8133512286546198],[102.6677777784218,-1.7569444423729208],[102.67354721802974,-1.7523360059478077],[102.6785291977643,-1.7421203784099566],[102.69566666698313,-1.729666664755782],[102.69845622457518,-1.7222404140431369],[102.707351514261,-1.7229781036349823],[102.71053649386413,-1.7161156181272803],[102.71414765858763,-1.7184320109119784],[102.70671250727645,-1.7045760545400748],[102.71341716896723,-1.7038313322498118],[102.71607943202025,-1.706008715027394],[102.71855395799884,-1.7025201422917933],[102.72178626982054,-1.7051974420064493],[102.72416354940833,-1.7021088679314473],[102.72723370267327,-1.7046538081254556],[102.72749932823147,-1.7008520671721516],[102.73288490301593,-1.6954117299762945],[102.73135033405072,-1.6896809738132004],[102.73692690595202,-1.6957079396782688],[102.73019122124794,-1.769398086779259],[102.72503254991231,-1.800768901156147],[102.70885221565725,-1.849309905666191],[102.68328006522289,-1.9113730049301756],[102.6642425812302,-1.9315590589510392]]]}},{"type":"Feature","properties":{"code":"1504062002","desa":"Peninjauan","kecamatan":"Maro Sebo Ulu","kecCode":"150406","kabCode":"1504","province":"Jambi"},"geometry":{"type":"Polygon","coordinates":[[[102.68749999992512,-1.941833331279472],[102.6688888890111,-1.9368111086875373],[102.6642425812302,-1.9315590589510392],[102.68328006522289,-1.9113730049301756],[102.71741827433395,-1.825515295859133],[102.72836379525302,-1.7841126735717545],[102.73692690595202,-1.6957079396782688],[102.72694444383107,-1.6830555540931744],[102.73454461714044,-1.6758704035269374],[102.75711111098906,-1.667972220081258],[102.7790511011275,-1.642521364836689],[102.78333683742517,-1.6523957131483067],[102.78716825241297,-1.6760304378848487],[102.77944429102126,-1.7115341379811668],[102.78820161391342,-1.7180329691301666],[102.79451817407454,-1.7317170407775604],[102.79775898359026,-1.7339743894727655],[102.80256337959634,-1.7294459054753888],[102.80797327384754,-1.7495281903227031],[102.80336470791501,-1.761217982959619],[102.80333185657997,-1.789037792765197],[102.81604662005554,-1.8022615239407955],[102.81349482162874,-1.8051645346030003],[102.80029338193407,-1.7935091931950293],[102.79705731544281,-1.797720838841271],[102.79593896800901,-1.7909631693179366],[102.7869089140152,-1.784645699949225],[102.77768850142324,-1.7838723747212564],[102.77655825775747,-1.7855379982891253],[102.77328649987213,-1.7838128890646558],[102.77017832866699,-1.772152785746436],[102.76613324465357,-1.7735804630902632],[102.76144570655418,-1.771438947973848],[102.76058910140597,-1.7744370691368359],[102.75445014475842,-1.7761106328190275],[102.74985988992205,-1.7816141186101566],[102.74700439133967,-1.7920989923764206],[102.7542446083021,-1.8121313198842042],[102.7526531086541,-1.8219820942670322],[102.74110512290315,-1.8476352538043657],[102.74764164644488,-1.8467862578209129],[102.74650518306781,-1.8503277862358023],[102.74928915227264,-1.8531117545381812],[102.7527155755634,-1.8496139475638884],[102.757040973762,-1.8490412412991715],[102.76205496036816,-1.8522075599662902],[102.76758617676067,-1.8508173807544173],[102.75022031931233,-1.873108631670242],[102.73919123428811,-1.8986828622083058],[102.73638689903623,-1.9390969137309226],[102.73205340963722,-1.9448898876910887],[102.7234444443057,-1.9470555541010794],[102.72280555603163,-1.953388886611382],[102.69641666739534,-1.950249998165861],[102.69016666695819,-1.946416664928405],[102.68749999992512,-1.941833331279472]]]}},{"type":"Feature","properties":{"code":"1504062003","desa":"Teluk Leban","kecamatan":"Maro Sebo Ulu","kecCode":"150406","kabCode":"1504","province":"Jambi"},"geometry":{"type":"Polygon","coordinates":[[[102.78638073498297,-1.6679570790952754],[102.7790511011275,-1.642521364836689],[102.78711880768691,-1.6335041001117423],[102.79688339735094,-1.5978765103098085],[102.80410259086193,-1.6192225350853422],[102.8070760373293,-1.6431548328960959],[102.8056067222725,-1.6479934651878032],[102.79899468895377,-1.644011303145069],[102.79490201641498,-1.6447489351803384],[102.79406223308564,-1.6594764389353156],[102.78638073498297,-1.6679570790952754]]]}},{"type":"Feature","properties":{"code":"1504062004","desa":"Kampung Baru","kecamatan":"Maro Sebo Ulu","kecCode":"150406","kabCode":"1504","province":"Jambi"},"geometry":{"type":"Polygon","coordinates":[[[102.80203182990509,-1.729445525062175],[102.79775898359026,-1.7339743894727655],[102.79316805696031,-1.7305886847899414],[102.78820161391342,-1.7180329691301666],[102.78048388662211,-1.7140608561119373],[102.77902470332748,-1.7070654481080076],[102.78677865081414,-1.6791383258000765],[102.78638073498297,-1.6679570790952754],[102.79319967802279,-1.6615882098744488],[102.79442107067592,-1.6458765860994407],[102.79778116356987,-1.643844740608447],[102.8056067222725,-1.6479934651878032],[102.80651484508411,-1.6570826864682746],[102.8112193048271,-1.6620007468829738],[102.80727011372483,-1.664076651959587],[102.80241022325326,-1.6954735322865464],[102.80203182990509,-1.729445525062175]]]}},{"type":"Feature","properties":{"code":"1504062005","desa":"Rengas IX","kecamatan":"Maro Sebo Ulu","kecCode":"150406","kabCode":"1504","province":"Jambi"},"geometry":{"type":"Polygon","coordinates":[[[102.80651484508411,-1.6570826864682746],[102.8070760373293,-1.6431548328960959],[102.80410259086193,-1.6192225350853422],[102.79688339735094,-1.5978765103098085],[102.80214427663712,-1.58642188319316],[102.8219770212226,-1.6078788465375344],[102.81961120259494,-1.609327145335916],[102.81961834141337,-1.6132441344093342],[102.82357522531646,-1.6178920150993055],[102.82031845733098,-1.6218591710544188],[102.82229341081232,-1.6256425145766678],[102.81912265938331,-1.6418245143582129],[102.82088327744134,-1.6423404743012435],[102.82123838194582,-1.6572907239389452],[102.81108747680564,-1.6613723563957958],[102.80651484508411,-1.6570826864682746]]]}},{"type":"Feature","properties":{"code":"1504062006","desa":"Kembang Seri","kecamatan":"Maro Sebo Ulu","kecCode":"150406","kabCode":"1504","province":"Jambi"},"geometry":{"type":"Polygon","coordinates":[[[102.82123838194582,-1.6572907239389452],[102.82088327744134,-1.6423404743012435],[102.83518193859567,-1.6384600165885752],[102.84341864125736,-1.6404006447438901],[102.84677368176006,-1.64350584188759],[102.84545308039542,-1.645668770761265],[102.84832911589604,-1.6585207572769676],[102.83052125425252,-1.6595438817934234],[102.82123838194582,-1.6572907239389452]]]}},{"type":"Feature","properties":{"code":"1504062007","desa":"Buluh Kasab","kecamatan":"Maro Sebo Ulu","kecCode":"150406","kabCode":"1504","province":"Jambi"},"geometry":{"type":"Polygon","coordinates":[[[102.8466650724352,-1.5901382452095212],[102.84856170395953,-1.5944557653421665],[102.86338271204261,-1.6079424115190275],[102.86291810608576,-1.6189012324996583],[102.86543147288421,-1.626427995940711],[102.87491815944553,-1.63793864812277],[102.87666161933834,-1.6457323690176147],[102.86020589288772,-1.6555469762650825],[102.84832911589604,-1.6585207572769676],[102.84545308039542,-1.645668770761265],[102.84698783372157,-1.6439698372041922],[102.83832977080232,-1.635247006919495],[102.83520077399658,-1.6202157373587016],[102.83935158770565,-1.6020297773648358],[102.8466650724352,-1.5901382452095212]]]}},{"type":"Feature","properties":{"code":"1504062008","desa":"Tebing Tinggi","kecamatan":"Maro Sebo Ulu","kecCode":"150406","kabCode":"1504","province":"Jambi"},"geometry":{"type":"MultiPolygon","coordinates":[[[[102.80203182990509,-1.729445525062175],[102.8013822702756,-1.7101022599040452],[102.80462899643112,-1.6807376432528587],[102.80953388358193,-1.6950987227371759],[102.8119502306187,-1.6963325871871044],[102.81739689994701,-1.691257871167386],[102.82860454986013,-1.691129547804085],[102.83328414694584,-1.6966897997020547],[102.82084728387512,-1.700581016004305],[102.80203182990509,-1.729445525062175]]],[[[102.89207674204806,-1.6430787268687432],[102.88864239842802,-1.6631497665931334],[102.87755019178796,-1.6629420510797823],[102.86505779378223,-1.6705788582641623],[102.85851615489668,-1.6662754583869444],[102.86692226824812,-1.6519900775371272],[102.87666161933834,-1.6457323690176147],[102.89207674204806,-1.6430787268687432]]]]}},{"type":"Feature","properties":{"code":"1504062009","desa":"Olak Kemang","kecamatan":"Maro Sebo Ulu","kecCode":"150406","kabCode":"1504","province":"Jambi"},"geometry":{"type":"Polygon","coordinates":[[[102.88864239842802,-1.6631497665931334],[102.88494168640977,-1.684705539349946],[102.8687075124418,-1.6851214029507466],[102.8609043549521,-1.6909971577064975],[102.85185150943965,-1.7052521351759382],[102.84582259833428,-1.7089899109495423],[102.82969403804947,-1.7121812226756594],[102.82061605108993,-1.7101875345196793],[102.81643085180241,-1.706557561378949],[102.82084728387512,-1.700581016004305],[102.8264278388737,-1.697790758742817],[102.84725601065645,-1.6947265329128784],[102.85736839423606,-1.6836823734646842],[102.86449351596303,-1.6709354052808456],[102.87081988682837,-1.6660966210037274],[102.87755019178796,-1.6629420510797823],[102.88864239842802,-1.6631497665931334]]]}},{"type":"Feature","properties":{"code":"1504062010","desa":"Padang Kelapo","kecamatan":"Maro Sebo Ulu","kecCode":"150406","kabCode":"1504","province":"Jambi"},"geometry":{"type":"MultiPolygon","coordinates":[[[[102.84414022129425,-1.7757952064035956],[102.81591900805584,-1.802406646639921],[102.8105809462537,-1.797672261960996],[102.80306387479806,-1.7870947436348814],[102.80336470791501,-1.761217982959619],[102.80797214339974,-1.7505013107348624],[102.85025043920648,-1.7504798744945345],[102.83433678001842,-1.7719089336745777],[102.84414022129425,-1.7757952064035956]]],[[[102.88494168640977,-1.684705539349946],[102.88657419604237,-1.6919154293664154],[102.87990324903573,-1.690432253959804],[102.8694703830518,-1.6957391650390063],[102.86705285070853,-1.698956197375612],[102.86717658303292,-1.7080076660160093],[102.85248995434794,-1.716966098891434],[102.80256337959634,-1.7294459054753888],[102.81643085180241,-1.706557561378949],[102.82061605108993,-1.7101875345196793],[102.82969403804947,-1.7121812226756594],[102.84582259833428,-1.7089899109495423],[102.85185150943965,-1.7052521351759382],[102.8609043549521,-1.6909971577064975],[102.8687075124418,-1.6851214029507466],[102.88494168640977,-1.684705539349946]]]]}},{"type":"Feature","properties":{"code":"1504062011","desa":"Sungai Lingkar","kecamatan":"Maro Sebo Ulu","kecCode":"150406","kabCode":"1504","province":"Jambi"},"geometry":{"type":"Polygon","coordinates":[[[102.87462893567691,-1.691854100099515],[102.89351913320148,-1.691887808488443],[102.89725229185983,-1.7105514262994745],[102.85025043920648,-1.7504798744945345],[102.80797214339974,-1.7505013107348624],[102.80256337959634,-1.7294459054753888],[102.85248995434794,-1.716966098891434],[102.86622479723667,-1.7091688427616205],[102.86839962594206,-1.7024159333498776],[102.86705285070853,-1.698956197375612],[102.87462893567691,-1.691854100099515]]]}},{"type":"Feature","properties":{"code":"1504062012","desa":"Sungai Ruan Ulu","kecamatan":"Maro Sebo Ulu","kecCode":"150406","kabCode":"1504","province":"Jambi"},"geometry":{"type":"Polygon","coordinates":[[[102.89351913320148,-1.691887808488443],[102.90092472559563,-1.6870587431846897],[102.90455179393018,-1.7273383280749814],[102.90141380840059,-1.7624824900095795],[102.89562487688663,-1.7705498539183477],[102.88056390360134,-1.78848613423357],[102.84865213079125,-1.7721120464577753],[102.84385563802732,-1.775802495408766],[102.83433678001842,-1.7719089336745777],[102.85025043920648,-1.7504798744945345],[102.89725229185983,-1.7105514262994745],[102.89351913320148,-1.691887808488443]]]}},{"type":"Feature","properties":{"code":"1504062013","desa":"Sungai Ruan Ilir","kecamatan":"Maro Sebo Ulu","kecCode":"150406","kabCode":"1504","province":"Jambi"},"geometry":{"type":"Polygon","coordinates":[[[102.9038872183205,-1.6847679253202432],[102.91379020465426,-1.684760599442878],[102.91880656457136,-1.6945200350814582],[102.92268910242016,-1.7375205242150906],[102.92267700294138,-1.7485568127967506],[102.92068689588358,-1.7491701153579347],[102.90251438882802,-1.74932254684728],[102.90455179393018,-1.7273383280749814],[102.90092472559563,-1.6870587431846897],[102.9038872183205,-1.6847679253202432]]]}},{"type":"Feature","properties":{"code":"1504062015","desa":"Rawa Mekar","kecamatan":"Maro Sebo Ulu","kecCode":"150406","kabCode":"1504","province":"Jambi"},"geometry":{"type":"Polygon","coordinates":[[[102.83328414694584,-1.6966897997020547],[102.82860454986013,-1.691129547804085],[102.81739689994701,-1.691257871167386],[102.81747778766982,-1.6815306717274978],[102.8226612955824,-1.681466010472442],[102.82280575997787,-1.6775188518422948],[102.82854956980685,-1.6775252756996557],[102.82826494607046,-1.6815427810987953],[102.83393843071406,-1.6818310803640475],[102.83407252772504,-1.6872588360444096],[102.84633227471477,-1.6810737648672038],[102.85563303903358,-1.6857415637418842],[102.84725601065645,-1.6947265329128784],[102.83328414694584,-1.6966897997020547]]]}},{"type":"Feature","properties":{"code":"1504062016","desa":"Mekar Sari","kecamatan":"Maro Sebo Ulu","kecCode":"150406","kabCode":"1504","province":"Jambi"},"geometry":{"type":"Polygon","coordinates":[[[102.80462899643112,-1.6807376432528587],[102.80727011372483,-1.664076651959587],[102.81238663473545,-1.660452006402674],[102.82123838194582,-1.6572907239389452],[102.83052125425252,-1.6595438817934234],[102.84832911589604,-1.6585207572769676],[102.86692226824812,-1.6519900775371272],[102.85851615489668,-1.6662754583869444],[102.86505779378223,-1.6705788582641623],[102.85563303903358,-1.6857415637418842],[102.84633227471477,-1.6810737648672038],[102.83407252772504,-1.6872588360444096],[102.83393843071406,-1.6818310803640475],[102.82826494607046,-1.6815427810987953],[102.82854956980685,-1.6775252756996557],[102.82280575997787,-1.6775188518422948],[102.8226612955824,-1.681466010472442],[102.81747778766982,-1.6815306717274978],[102.81739689994701,-1.691257871167386],[102.8119502306187,-1.6963325871871044],[102.80776118583013,-1.693016694176719],[102.80462899643112,-1.6807376432528587]]]}},{"type":"Feature","properties":{"code":"1504062017","desa":"Kembang Seri Baru","kecamatan":"Maro Sebo Ulu","kecCode":"150406","kabCode":"1504","province":"Jambi"},"geometry":{"type":"Polygon","coordinates":[[[102.82335841316029,-1.4637719892518894],[102.83809878443138,-1.4714911041885435],[102.83971256478308,-1.4765128789180397],[102.84518964108912,-1.4793547887411547],[102.84618489291852,-1.483644503634832],[102.84886905806063,-1.483245944788858],[102.84659591277119,-1.4866344652489567],[102.84998663297677,-1.4871576404527642],[102.85514723155954,-1.492180381953523],[102.8547520802444,-1.4943724074926128],[102.85858553759255,-1.4957718614126903],[102.85543550744279,-1.49886809231565],[102.85286812376495,-1.4975066041749563],[102.85244461142975,-1.5015143267488478],[102.85581436034454,-1.5067467766606701],[102.850590612267,-1.5093649693332052],[102.84934156096432,-1.5148453074742378],[102.85611428244823,-1.5281346217098997],[102.85278192644482,-1.5307927928446436],[102.85151105668996,-1.5376136496341708],[102.85673263470339,-1.5418854806097102],[102.86027777300086,-1.5526082124663412],[102.85557418200295,-1.5723053185810778],[102.85073412787779,-1.5842440345668216],[102.84310494603646,-1.593328320367878],[102.83598178842885,-1.6142397378725268],[102.83606591191237,-1.628955713218228],[102.84257071996278,-1.640085819974918],[102.83274299159585,-1.6386087320792977],[102.82088327744134,-1.6423404743012435],[102.81912265938331,-1.6418245143582129],[102.82229341081232,-1.6255116443334034],[102.82031845733098,-1.6218591710544188],[102.82357522531646,-1.6178920150993055],[102.81931614942083,-1.6105739825062841],[102.8219770212226,-1.6078788465375344],[102.80214427663712,-1.58642188319316],[102.80461111071422,-1.579583331343059],[102.80002777795966,-1.5561388869634607],[102.80092325090737,-1.5472913494894205],[102.7934874358965,-1.5267090119074749],[102.79961930588632,-1.5219066438779256],[102.80461111071422,-1.5074166654642793],[102.81170658628997,-1.5007336036977685],[102.80902046782039,-1.4889792271475932],[102.81200000000007,-1.4800833313285573],[102.81947222226528,-1.4780555543704594],[102.81794444408085,-1.4758055540357236],[102.82409604339773,-1.466813194236122],[102.82335841316029,-1.4637719892518894]]]}},{"type":"Feature","properties":{"code":"1504071004","desa":"Bajubang","kecamatan":"Bajubang","kecCode":"150407","kabCode":"1504","province":"Jambi"},"geometry":{"type":"Polygon","coordinates":[[[103.30997997869315,-1.787484540386196],[103.31561195962428,-1.7852388037372724],[103.312810873623,-1.7762457847345863],[103.31296512623965,-1.7472027080901444],[103.32475032436804,-1.7481009788276667],[103.32485917291257,-1.755090230072871],[103.34406947332758,-1.7541722228137082],[103.34863204703139,-1.764912611959464],[103.34518350131759,-1.7676381989726426],[103.34302966009079,-1.7755948833173547],[103.34218561397495,-1.797677919595994],[103.32704931257574,-1.7988367599030106],[103.31561498134636,-1.7965713164100343],[103.30997997869315,-1.787484540386196]]]}},{"type":"Feature","properties":{"code":"1504072001","desa":"Bungku","kecamatan":"Bajubang","kecCode":"150407","kabCode":"1504","province":"Jambi"},"geometry":{"type":"Polygon","coordinates":[[[103.23046944440938,-2.1357583302051437],[103.23063888927338,-2.1228611086897704],[103.21752777838435,-2.0948055533011343],[103.2100833325798,-2.0591944417767722],[103.19158333290453,-2.0409166645993375],[103.2058611109016,-2.013916665078723],[103.1863333327172,-1.9921666648403717],[103.18083333269219,-1.9758611090016402],[103.18919444396846,-1.9707222200588208],[103.1995555557444,-1.956083331001451],[103.20281388944949,-1.9189194419403226],[103.19944444360623,-1.9096111089374723],[103.19233333331674,-1.915305554073658],[103.18500478674156,-1.9074173899748843],[103.18840677455307,-1.900732536758877],[103.18864636923462,-1.89304294386699],[103.20145638980061,-1.871389639634352],[103.2044284549093,-1.8701333820654595],[103.20872933039435,-1.871388546958026],[103.2090468693176,-1.8750775453025432],[103.21300867341158,-1.8751013386658888],[103.21521879601067,-1.8820545208018493],[103.21163532680895,-1.8870965986259183],[103.21723062978981,-1.8908359221327182],[103.2235455208092,-1.8859361161568893],[103.22370100909433,-1.8912112514903103],[103.22798403843268,-1.8905687983043529],[103.23123914177302,-1.893214757545048],[103.24009073699796,-1.8915300998261606],[103.24863776062419,-1.894722147197701],[103.25098866759299,-1.8907532060883003],[103.25192460463683,-1.8931213755412182],[103.26197107780307,-1.892381790178427],[103.27993957005515,-1.8972324778821041],[103.28421308186832,-1.9007953247260958],[103.29992704299872,-1.8979637660996989],[103.30378295821703,-1.900568681181558],[103.30798270763592,-1.8988435719570516],[103.30837293965948,-1.8940941668014109],[103.31383618169451,-1.8927426341558036],[103.30990843672505,-1.889863970839293],[103.30993396128332,-1.8864406232336761],[103.31453898658502,-1.8868110027227016],[103.31426190905988,-1.9654032175946663],[103.3349070643096,-1.9654240548864785],[103.33284503756845,-2.0017257414199383],[103.36952363630684,-2.001927548387568],[103.3693761897594,-2.050806709677907],[103.37459767514264,-2.05229925691948],[103.37488970839337,-2.0558688432829024],[103.38454547829127,-2.057762501646446],[103.44140776315781,-2.0585134679296937],[103.4417949239966,-2.065751807099688],[103.44652875559761,-2.0622862075457147],[103.44703487965603,-2.174058247370366],[103.44788119925799,-2.177900116972765],[103.45844724494447,-2.1809964719820947],[103.45377777782225,-2.193733330886979],[103.45619444411835,-2.2034722197148966],[103.45208333277964,-2.2219444411104976],[103.4569166671705,-2.229027775830795],[103.45833333321684,-2.2518055536779302],[103.4623611106768,-2.2555555539360936],[103.46313888934831,-2.2655277754659244],[103.45911111098904,-2.2729444412043045],[103.46002777825942,-2.276194441787793],[103.45563888882373,-2.277555553112514],[103.46205555611908,-2.2900833304338204],[103.46163888942328,-2.296499997722166],[103.45747222156581,-2.3045555535325337],[103.45430555575682,-2.303111108329155],[103.45358333270467,-2.312416664225619],[103.44761111126383,-2.3161666644837897],[103.44924999978768,-2.322749997730778],[103.45536111072674,-2.3252777752629243],[103.45469444419331,-2.335144441565685],[103.46194444398095,-2.339674997601063],[103.45380555608159,-2.359602775323889],[103.4383888892359,-2.342391664238883],[103.43025000043723,-2.3442027756305857],[103.4057777784218,-2.335144441565685],[103.40397222214038,-2.322011108443306],[103.38669444429325,-2.302444441796398],[103.38297222229028,-2.2947499970620786],[103.3773888892859,-2.287999997856403],[103.35949999962536,-2.284972219750259],[103.34930555560697,-2.2654444415872517],[103.33836111117643,-2.2713055535815556],[103.33222222197803,-2.260388886523012],[103.33266666693316,-2.248999997149777],[103.32242222240768,-2.23567499781521],[103.31343055597544,-2.2370194411051436],[103.30669444409335,-2.2315861087287208],[103.30108888884119,-2.2218138865292403],[103.30336111142621,-2.199252775147879],[103.29427499999132,-2.188844441781439],[103.28594722208668,-2.16283333048634],[103.27758333280461,-2.1478861088657792],[103.26791388871503,-2.146436108550133],[103.26491111085913,-2.1374277758916165],[103.25894999964282,-2.1330611087085014],[103.25036944389477,-2.136244441649414],[103.23046944440938,-2.1357583302051437]]]}},{"type":"Feature","properties":{"code":"1504072002","desa":"Pompa Air","kecamatan":"Bajubang","kecCode":"150407","kabCode":"1504","province":"Jambi"},"geometry":{"type":"Polygon","coordinates":[[[103.20145638980061,-1.871389639634352],[103.21886015996849,-1.8485309057161767],[103.24288896675245,-1.8402786429935354],[103.2490327356723,-1.8393268589969758],[103.2497108820516,-1.8493039386644177],[103.26075158092077,-1.8490659933397247],[103.2636545223384,-1.8514502129931207],[103.26992916240096,-1.839752781514781],[103.27814053295928,-1.8399088435672317],[103.27813402636428,-1.834034470170127],[103.2856686283046,-1.8333487640903863],[103.28026285744498,-1.8241182098539503],[103.27954415973522,-1.8153601504267416],[103.27518552259386,-1.8118446717741887],[103.27597715981811,-1.8093791588038741],[103.27327635631883,-1.809961789986726],[103.2744014423727,-1.8058570791275486],[103.29452834081034,-1.7985213892454937],[103.31126752097934,-1.788422785988716],[103.31685676882489,-1.7965830777437484],[103.31185407500561,-1.8007379500886451],[103.31889430432874,-1.8043513990861273],[103.31365443140692,-1.8203726360588885],[103.30518221698577,-1.8316224722574563],[103.30412236055854,-1.8387309493241377],[103.29349299990206,-1.8517006867731565],[103.29381156225384,-1.86699045296603],[103.2969560238015,-1.879443581161624],[103.30993396128332,-1.8864406232336761],[103.30990843672505,-1.889863970839293],[103.31393136144321,-1.8920383130090825],[103.30837293965948,-1.8940941668014109],[103.30798270763592,-1.8988435719570516],[103.30262892028851,-1.900473502332241],[103.29965578408724,-1.8979851807562362],[103.28626893566292,-1.9011189304755518],[103.27993957005515,-1.8972324778821041],[103.26197107780307,-1.892381790178427],[103.25192460463683,-1.8931213755412182],[103.25098866759299,-1.8907532060883003],[103.24863776062419,-1.894722147197701],[103.24009073699796,-1.8915300998261606],[103.23123914177302,-1.893214757545048],[103.22798403843268,-1.8905687983043529],[103.22370100909433,-1.8912112514903103],[103.2231886005735,-1.8858647315702537],[103.21723062978981,-1.8908359221327182],[103.21138786305949,-1.886696849976876],[103.21521879601067,-1.8820545208018493],[103.21273503489402,-1.8744707817119597],[103.2090468693176,-1.8750775453025432],[103.20884830440576,-1.8715194181006993],[103.2045593260521,-1.8701214840348082],[103.20145638980061,-1.871389639634352]]]}},{"type":"Feature","properties":{"code":"1504072003","desa":"Ladang Peris","kecamatan":"Bajubang","kecCode":"150407","kabCode":"1504","province":"Jambi"},"geometry":{"type":"Polygon","coordinates":[[[103.31685676882489,-1.7965830777437484],[103.32704931257574,-1.7988367599030106],[103.34218561397495,-1.797677919595994],[103.3434827502288,-1.7863242602646945],[103.36139670669273,-1.798611682078122],[103.36293146001888,-1.8055858831688971],[103.36849939842857,-1.8107455059815576],[103.36797115734309,-1.8160279087363886],[103.37290853969738,-1.819091464571419],[103.37406852664122,-1.8267354843186965],[103.379779233325,-1.8295610939297413],[103.37805412409857,-1.8310780002082925],[103.38025512577347,-1.8354800026538707],[103.38254535638318,-1.8372051118783421],[103.38550382823917,-1.835490132617369],[103.38589510437559,-1.8426220091443821],[103.39849965683372,-1.8438092725245543],[103.39774407522897,-1.8662704692265832],[103.39551662719064,-1.8686820948199339],[103.33078765942298,-1.8685402096802433],[103.32316217199673,-1.85360463158226],[103.30412236055854,-1.8387309493241377],[103.3067837332827,-1.8282182622249454],[103.31535054199394,-1.8163062543052613],[103.31889430432874,-1.8043513990861273],[103.31185407500561,-1.8007379500886451],[103.31685676882489,-1.7965830777437484]]]}},{"type":"Feature","properties":{"code":"1504072005","desa":"Penerokan","kecamatan":"Bajubang","kecCode":"150407","kabCode":"1504","province":"Jambi"},"geometry":{"type":"Polygon","coordinates":[[[103.3434827502288,-1.7863242602646945],[103.34302966009079,-1.7755948833173547],[103.34518350131759,-1.7676381989726426],[103.34863204703139,-1.764912611959464],[103.34406947332758,-1.7541722228137082],[103.35017554086856,-1.7542119593582775],[103.35008988044369,-1.7512709460443987],[103.343143023232,-1.751292034247061],[103.34306181355193,-1.746744776002715],[103.34565533332703,-1.7443994637189335],[103.35250437487707,-1.7458975723681207],[103.35759749193079,-1.7433777727218411],[103.35908227532677,-1.7464901077846369],[103.36206611975568,-1.7465614914719572],[103.36216605691804,-1.7492598002489306],[103.3684954710892,-1.749115604750814],[103.37828055630267,-1.7440707273372333],[103.39388980127336,-1.7457966594414043],[103.39779152795673,-1.7420139076730456],[103.39598579271023,-1.7576273497624502],[103.40123503926571,-1.7668067046955385],[103.41716087077764,-1.7783923684300735],[103.42232936900524,-1.7860839137501223],[103.43001064587469,-1.810140477183218],[103.42765227363354,-1.8137356573526615],[103.41509578814015,-1.8174781203927248],[103.39984081759974,-1.8261954890946597],[103.39849965683372,-1.8438092725245543],[103.38589510437559,-1.8426220091443821],[103.38550382823917,-1.835490132617369],[103.38254535638318,-1.8372051118783421],[103.38025512577347,-1.8354800026538707],[103.37805412409857,-1.8310780002082925],[103.379779233325,-1.8295610939297413],[103.37469313458058,-1.827508808647291],[103.37290853969738,-1.819091464571419],[103.36690040023336,-1.8140945965658983],[103.36849939842857,-1.8107455059815576],[103.36293146001888,-1.8055858831688971],[103.36289576772553,-1.8000821887350602],[103.3434827502288,-1.7863242602646945]]]}},{"type":"Feature","properties":{"code":"1504072006","desa":"Petajen","kecamatan":"Bajubang","kecCode":"150407","kabCode":"1504","province":"Jambi"},"geometry":{"type":"Polygon","coordinates":[[[103.36103113497894,-1.7123718088020943],[103.36646916901702,-1.7032579101247114],[103.365434362306,-1.6905948289025687],[103.36167249908664,-1.6881930221072974],[103.36487439583675,-1.6861642729820632],[103.364982919726,-1.682020759074557],[103.37870483486029,-1.6818258022430037],[103.38107477777885,-1.6859375098277],[103.387663506066,-1.68509874992778],[103.38783006770353,-1.6794356335742933],[103.39237483842811,-1.6785552332650249],[103.38739360243288,-1.6765817267950907],[103.39009055593448,-1.6732014450242525],[103.39566801186929,-1.67071966781473],[103.40277489264724,-1.676056977777737],[103.40261519193763,-1.7085927091805164],[103.3978697348005,-1.7129866608951723],[103.39691065999902,-1.7180038760619472],[103.4008534551229,-1.7324214446618744],[103.3980341425617,-1.742215489810129],[103.3944989435714,-1.7453873923678211],[103.38357245860215,-1.74612978361541],[103.36726521831524,-1.7379353167233333],[103.36897010268814,-1.731902193200199],[103.37226803534162,-1.7304887934931152],[103.37385243933868,-1.7191609716841743],[103.36909861670784,-1.7158603203838303],[103.36337390757983,-1.7184202459810138],[103.36103113497894,-1.7123718088020943]]]}},{"type":"Feature","properties":{"code":"1504072007","desa":"Batin","kecamatan":"Bajubang","kecCode":"150407","kabCode":"1504","province":"Jambi"},"geometry":{"type":"Polygon","coordinates":[[[103.34135548936437,-1.7309469558069164],[103.34238073987927,-1.7203361877462287],[103.35310923100627,-1.719201661510038],[103.35677974738752,-1.710883501863929],[103.36201761482111,-1.713273471782475],[103.36337390757983,-1.7184202459810138],[103.36909861670784,-1.7158603203838303],[103.37385243933868,-1.7191609716841743],[103.37405263202339,-1.7253491581129148],[103.36656565727928,-1.7367289301591826],[103.37828055630267,-1.7440707273372333],[103.3684954710892,-1.749115604750814],[103.36216605691804,-1.7492598002489306],[103.36206611975568,-1.7465614914719572],[103.35908227532677,-1.7464901077846369],[103.35759749193079,-1.7433777727218411],[103.35250437487707,-1.7458975723681207],[103.3460360478254,-1.7441900709699651],[103.34519963425576,-1.7468104382031995],[103.33951765641478,-1.746339573864804],[103.33824315429818,-1.7294669307255168],[103.34135548936437,-1.7309469558069164]]]}},{"type":"Feature","properties":{"code":"1504072008","desa":"Mekar Jaya","kecamatan":"Bajubang","kecCode":"150407","kabCode":"1504","province":"Jambi"},"geometry":{"type":"Polygon","coordinates":[[[103.24288896675245,-1.8402786429935354],[103.24282948109573,-1.8270012510701377],[103.25249800158154,-1.8249225643903975],[103.25092871968472,-1.8217681716328764],[103.25629678376966,-1.8199026737405068],[103.25447649569378,-1.815015261321789],[103.25686785506753,-1.8132544598039653],[103.26275702141947,-1.8155768141945139],[103.26516979365114,-1.8131497643287673],[103.26627862266037,-1.8179895882221573],[103.27135401227792,-1.8220013586446144],[103.2781436212312,-1.822467459274104],[103.27814053295928,-1.8399088435672317],[103.26992916240096,-1.839752781514781],[103.2636545223384,-1.8514502129931207],[103.26075158092077,-1.8490659933397247],[103.2497108820516,-1.8493039386644177],[103.2490327356723,-1.8393268589969758],[103.24288896675245,-1.8402786429935354]]]}},{"type":"Feature","properties":{"code":"1504072009","desa":"Sungkai","kecamatan":"Bajubang","kecCode":"150407","kabCode":"1504","province":"Jambi"},"geometry":{"type":"Polygon","coordinates":[[[103.31453898658502,-1.8868110027227016],[103.30029564722639,-1.8817561761093158],[103.29516617238102,-1.8745334518679782],[103.29375543736359,-1.8494096377830496],[103.30412236055854,-1.8387309493241377],[103.32316217199673,-1.85360463158226],[103.33078765942298,-1.8685402096802433],[103.31464871736449,-1.868475422520094],[103.31453898658502,-1.8868110027227016]]]}},{"type":"Feature","properties":{"code":"1504072010","desa":"Mekar Sari Nes","kecamatan":"Bajubang","kecCode":"150407","kabCode":"1504","province":"Jambi"},"geometry":{"type":"MultiPolygon","coordinates":[[[[103.30780252936329,-1.7357070646935444],[103.31766741322059,-1.7326774897420163],[103.31777052229181,-1.7295587901771357],[103.32343072844543,-1.7295038676805337],[103.32325719436409,-1.7244878252296698],[103.32925221541745,-1.7224590266417612],[103.34093951244857,-1.7230051282624554],[103.34135548936437,-1.7309469558069164],[103.33824315429818,-1.7294669307255168],[103.33951765641478,-1.746339573864804],[103.34305499669078,-1.7463629958081526],[103.343143023232,-1.751292034247061],[103.35008988044369,-1.7512709460443987],[103.35017554086856,-1.7542119593582775],[103.32485917291257,-1.755090230072871],[103.32475032436804,-1.7481009788276667],[103.31296512623965,-1.7472027080901444],[103.30780252936329,-1.7357070646935444]]],[[[103.30569520467002,-1.737647173940107],[103.3065751103531,-1.737663167483385],[103.30576213041802,-1.7390016320803316],[103.30569520467002,-1.737647173940107]]]]}},{"type":"Feature","properties":{"code":"1504081008","desa":"Terusan","kecamatan":"Maro Sebo Ilir","kecCode":"150408","kabCode":"1504","province":"Jambi"},"geometry":{"type":"MultiPolygon","coordinates":[[[[103.16568553076267,-1.6825537171035874],[103.16406679064993,-1.6628717303910776],[103.16927263772209,-1.662455181506899],[103.17241647244231,-1.6828760512116687],[103.16568553076267,-1.6825537171035874]]],[[[103.22164199957864,-1.6251629978608495],[103.22647999965233,-1.6360969984524585],[103.22755999999406,-1.6505779980348858],[103.22002999988467,-1.667859998179837],[103.21292481342947,-1.6700900479543552],[103.19916201061835,-1.659596626132043],[103.1896924822223,-1.6662753918371553],[103.18204888334934,-1.635510152147164],[103.17661958532568,-1.6297820121119238],[103.16900794296224,-1.6284803135987191],[103.1666345142715,-1.6222256600762404],[103.17202399930818,-1.6215329986398814],[103.17256099979038,-1.6257349981578457],[103.17604499857788,-1.6263219982471973],[103.18112999925012,-1.6202359981850494],[103.18587699962387,-1.6226509980347124],[103.2058339999392,-1.6154059984856837],[103.21606800063778,-1.6181359984721624],[103.22164199957864,-1.6251629978608495]]]]}},{"type":"Feature","properties":{"code":"1504082001","desa":"Bulian Jaya","kecamatan":"Maro Sebo Ilir","kecCode":"150408","kabCode":"1504","province":"Jambi"},"geometry":{"type":"Polygon","coordinates":[[[103.27256341157226,-1.5786897586638475],[103.2250459308251,-1.5972548854224051],[103.21322769070542,-1.6058821960148102],[103.20714330491967,-1.6158146063562218],[103.18587699962387,-1.6226509980347124],[103.18112999925012,-1.6202359981850494],[103.17604499857788,-1.6263219982471973],[103.17256099979038,-1.6257349981578457],[103.17202399930818,-1.6215329986398814],[103.16352799871822,-1.6223079984054167],[103.16507999924261,-1.59847699843115],[103.18234399857674,-1.5836529974208244],[103.17980399925523,-1.5799419971624606],[103.18475500004325,-1.5674109984697073],[103.19308380227572,-1.5582719295669671],[103.23529593406015,-1.5586647930064363],[103.25053639583808,-1.5702569786243903],[103.25417318044799,-1.5696291115427108],[103.26174409881115,-1.575624124495517],[103.27084157587808,-1.5759708401235752],[103.27256341157226,-1.5786897586638475]]]}},{"type":"Feature","properties":{"code":"1504082002","desa":"Tidar Kuranji","kecamatan":"Maro Sebo Ilir","kecCode":"150408","kabCode":"1504","province":"Jambi"},"geometry":{"type":"Polygon","coordinates":[[[103.08141945974033,-1.5136658286256366],[103.09383035128972,-1.501143341116825],[103.10756149077027,-1.51553912723742],[103.11750937755578,-1.5166813336838412],[103.11787085555561,-1.5327392773851394],[103.12838317664233,-1.5325596360079654],[103.12686398428548,-1.552583205917571],[103.14216328690623,-1.5539668002934721],[103.14178999900928,-1.5615839986599935],[103.151720000078,-1.5717149981947136],[103.1456950010235,-1.576258998195266],[103.14084600044264,-1.575135998569808],[103.14093899933538,-1.5819049986515652],[103.1273163648584,-1.5742776919052404],[103.12002351507323,-1.574809502399348],[103.11771262164024,-1.579611839851895],[103.11274868590316,-1.5791533232051904],[103.11250202614764,-1.5704268722499006],[103.10705246459963,-1.568122016867729],[103.10587859841866,-1.5709198662058996],[103.0991057339425,-1.5691695948499236],[103.0994538228357,-1.5481073889172172],[103.09611712400613,-1.533974262390307],[103.0872482905762,-1.5184745116945426],[103.08141945974033,-1.5136658286256366]]]}},{"type":"Feature","properties":{"code":"1504082003","desa":"Kehidupan Baru","kecamatan":"Maro Sebo Ilir","kecCode":"150408","kabCode":"1504","province":"Jambi"},"geometry":{"type":"Polygon","coordinates":[[[103.11689661278852,-1.6177546679386292],[103.09028617886413,-1.6039519703175429],[103.0905812329376,-1.600561238424514],[103.08480152127322,-1.594457445275793],[103.0866003937932,-1.593101152518571],[103.08550108230916,-1.5881471138261876],[103.08220503373535,-1.5857804030737022],[103.08025376569877,-1.576460259274428],[103.08330274802347,-1.5715906921030498],[103.08915519055967,-1.5719879676164064],[103.09478261642464,-1.5686311419631824],[103.10587859841866,-1.5709198662058996],[103.10705246459963,-1.568122016867729],[103.11250202614764,-1.5704268722499006],[103.11253929315392,-1.5790581452551613],[103.11770905313034,-1.5795547320027314],[103.11505397835843,-1.5852974878199078],[103.1013605051832,-1.587887491242903],[103.1008323639225,-1.591599450178528],[103.10292628871728,-1.5952162311642],[103.11528521024432,-1.596948478307802],[103.11813223541441,-1.6011787633027172],[103.11987982229601,-1.6157168986132615],[103.11689661278852,-1.6177546679386292]]]}},{"type":"Feature","properties":{"code":"1504082004","desa":"Bukit Sari","kecamatan":"Maro Sebo Ilir","kecCode":"150408","kabCode":"1504","province":"Jambi"},"geometry":{"type":"Polygon","coordinates":[[[103.19414305255985,-1.5025898970289813],[103.2291620423944,-1.503656305016144],[103.25332404866595,-1.534801198903329],[103.24742337908572,-1.5440078545557638],[103.24366158241615,-1.5442570989625553],[103.24140193235336,-1.5475360208436284],[103.239639744079,-1.555736547367634],[103.23529593406015,-1.5586647930064363],[103.19308380227572,-1.5582719295669671],[103.19414305255985,-1.5025898970289813]]]}},{"type":"Feature","properties":{"code":"1504082005","desa":"Karya Mukti","kecamatan":"Maro Sebo Ilir","kecCode":"150408","kabCode":"1504","province":"Jambi"},"geometry":{"type":"Polygon","coordinates":[[[103.10602799829356,-1.5140764150046526],[103.1115741659151,-1.5051504989164097],[103.11628267890256,-1.501997349921282],[103.19414305255985,-1.5025898970289813],[103.19308380227572,-1.5582719295669671],[103.18475500004325,-1.5674109984697073],[103.1419390265649,-1.5578998791375784],[103.14216328690623,-1.5539668002934721],[103.12686398428548,-1.552583205917571],[103.12838317664233,-1.5325596360079654],[103.11787085555561,-1.5327392773851394],[103.11750937755578,-1.5166813336838412],[103.10602799829356,-1.5140764150046526]]]}},{"type":"Feature","properties":{"code":"1504082006","desa":"Terusan","kecamatan":"Maro Sebo Ilir","kecCode":"150408","kabCode":"1504","province":"Jambi"},"geometry":{"type":"Polygon","coordinates":[[[103.17498205657671,-1.7167744110954604],[103.16593675277898,-1.6837474142336415],[103.17834999965281,-1.6821309970714857],[103.18078599957425,-1.6770349976963141],[103.17268099992828,-1.6417879982858592],[103.16673900020476,-1.6365209982197217],[103.16392299984663,-1.6288219984192491],[103.15670099955156,-1.6250279979307933],[103.15339199984099,-1.6177319978285407],[103.14409500008423,-1.6135229979876784],[103.12799899975408,-1.598386997878186],[103.12500300008844,-1.5990959981974917],[103.12571799978593,-1.5958449984672667],[103.12276199836758,-1.5929979984813485],[103.12634299982965,-1.592805996821982],[103.13714899992647,-1.5797979986158819],[103.14093899933538,-1.5819049986515652],[103.14084600044264,-1.575135998569808],[103.1456950010235,-1.576258998195266],[103.151720000078,-1.5717149981947136],[103.14178999900928,-1.5615839986599935],[103.1419390265649,-1.5578998791375784],[103.18475500004325,-1.5674109984697073],[103.17980399925523,-1.5799419971624606],[103.18234399857674,-1.5836529974208244],[103.16507999924261,-1.59847699843115],[103.16352799871822,-1.6223079984054167],[103.1666345142715,-1.6222256600762404],[103.16900794296224,-1.6284803135987191],[103.17661958532568,-1.6297820121119238],[103.18204888334934,-1.635510152147164],[103.1896924822223,-1.6662753918371553],[103.1761914279921,-1.69015897966793],[103.1989522914152,-1.7180780899157624],[103.1959050555739,-1.724628220192776],[103.18862377556682,-1.7276051677175879],[103.1826278659833,-1.7254292993982954],[103.17498205657671,-1.7167744110954604]]]}},{"type":"Feature","properties":{"code":"1504082007","desa":"Danau Embat","kecamatan":"Maro Sebo Ilir","kecCode":"150408","kabCode":"1504","province":"Jambi"},"geometry":{"type":"Polygon","coordinates":[[[103.11976924525453,-1.665515199409036],[103.11536749461425,-1.660892291992914],[103.12181077464759,-1.626645265851488],[103.12152155357687,-1.619769290513207],[103.11689661278852,-1.6177546679386292],[103.11987982229601,-1.6157168986132615],[103.1182987970519,-1.6015642361136009],[103.11528521024432,-1.596948478307802],[103.10292628871728,-1.5952162311642],[103.1008323639225,-1.591599450178528],[103.1013605051832,-1.587887491242903],[103.11444301942987,-1.585920212578101],[103.12002351507323,-1.574809502399348],[103.1273163648584,-1.5742776919052404],[103.13714899992647,-1.5797979986158819],[103.12634299982965,-1.592805996821982],[103.12276199836758,-1.5929979984813485],[103.12571799978593,-1.5958449984672667],[103.12500300008844,-1.5990959981974917],[103.12799899975408,-1.598386997878186],[103.14409500008423,-1.6135229979876784],[103.15339199984099,-1.6177319978285407],[103.15670099955156,-1.6250279979307933],[103.16617599942289,-1.6311969982230545],[103.16673900020476,-1.6365209982197217],[103.17268099992828,-1.6417879982858592],[103.18078599957425,-1.6770349976963141],[103.17834999965281,-1.6821309970714857],[103.17241647244231,-1.6828760512116687],[103.16927263772209,-1.662455181506899],[103.16406679064993,-1.6628717303910776],[103.16078766461908,-1.659288513003466],[103.14473109326542,-1.6653860828436855],[103.13133423178941,-1.6639398938548675],[103.11976924525453,-1.665515199409036]]]}}]}