{"type":"FeatureCollection","features":[{"type":"Feature","properties":{"code":"1602021011","desa":"Tanjung Lubuk","kecamatan":"Tanjung Lubuk","kecCode":"160202","kabCode":"1602","province":"Sumatera Selatan"},"geometry":{"type":"Polygon","coordinates":[[[104.76584094480381,-3.5434188050243027],[104.75877777737259,-3.5474999959141997],[104.74263888837406,-3.5355555521459383],[104.74233333291703,-3.525694440055844],[104.75289699989666,-3.514640996006526],[104.76468951940585,-3.530926056296331],[104.76584094480381,-3.5434188050243027]]]}},{"type":"Feature","properties":{"code":"1602022001","desa":"Ulak Kapal","kecamatan":"Tanjung Lubuk","kecCode":"160202","kabCode":"1602","province":"Sumatera Selatan"},"geometry":{"type":"MultiPolygon","coordinates":[[[[104.71713800021858,-3.631796996330121],[104.71441499875321,-3.642481996231545],[104.71854025283045,-3.647306523556415],[104.71735786917037,-3.656759659999434],[104.70781287776212,-3.6634140342922725],[104.70265265599532,-3.659697294560505],[104.69824630082614,-3.6601793122908886],[104.69488263312708,-3.655746670842371],[104.69509533538148,-3.6478780768903487],[104.69990143290488,-3.6439522106088473],[104.70216819390707,-3.6281216730765173],[104.71713800021858,-3.631796996330121]]],[[[104.69518161633856,-3.625473464631257],[104.68702119956878,-3.631072485403527],[104.68754042764868,-3.6362884624335923],[104.68341896781116,-3.6355427032250196],[104.68085699985072,-3.637830115356895],[104.6798251366208,-3.6326603481914215],[104.6767580131718,-3.633806703210457],[104.67541371107399,-3.6320374786422938],[104.67619444401845,-3.623534422880003],[104.67116690642763,-3.6192969819793213],[104.6587940247245,-3.6158228856305845],[104.66449173800339,-3.6196620626628726],[104.66454051992912,-3.627374456966122],[104.66639371599722,-3.6209720646164905],[104.6728540921427,-3.6241951637797416],[104.6711202909687,-3.6270762561651635],[104.66702517407258,-3.627369389286468],[104.67067811140578,-3.630593527166649],[104.66632816621194,-3.630252390033252],[104.66782627036616,-3.634438563282053],[104.66175578809919,-3.6304907688311525],[104.6593685467211,-3.623737851325244],[104.65679195128756,-3.623384611115756],[104.65924920668562,-3.625766910716633],[104.65675331281517,-3.630355127684362],[104.64736554178636,-3.6218678388361503],[104.64769855714273,-3.6256533137517883],[104.65337289973957,-3.6309060667583433],[104.65175733603228,-3.6355744519911264],[104.66092275777912,-3.633510292060344],[104.66149014815186,-3.635846930383024],[104.65840473968706,-3.6372163523427994],[104.65976400200714,-3.640866640269346],[104.66181603638101,-3.6385676583593334],[104.66481269794768,-3.6395072232672994],[104.66131442871796,-3.641161446129666],[104.66463575543582,-3.645837007053005],[104.66062467388963,-3.645125181063824],[104.66001944364244,-3.6503805519968373],[104.64432524601335,-3.631707883408046],[104.63932704610636,-3.628801627092464],[104.63583343626414,-3.6176255362005456],[104.63205656335975,-3.6153486461365127],[104.63138230834691,-3.6035103961140047],[104.6493086862469,-3.606996298762514],[104.69518161633856,-3.625473464631257]]]]}},{"type":"Feature","properties":{"code":"1602022002","desa":"Tanjung Merindu","kecamatan":"Tanjung Lubuk","kecCode":"160202","kabCode":"1602","province":"Sumatera Selatan"},"geometry":{"type":"Polygon","coordinates":[[[104.71735786917037,-3.656759659999434],[104.71854025283045,-3.647306523556415],[104.71441499875321,-3.642481996231545],[104.71872222165324,-3.6222222175873364],[104.72388888886121,-3.6294444400072603],[104.73048735230951,-3.633129630622326],[104.73438367496668,-3.6268393711412],[104.73045463137616,-3.6187144218429133],[104.73846292242597,-3.6125167916331082],[104.75060304159717,-3.626859004240761],[104.74912571268156,-3.6401126378748723],[104.75793511531337,-3.6414058252042247],[104.75231598659354,-3.685428318300745],[104.74808030835959,-3.682221487873279],[104.74500285080097,-3.6846414546787005],[104.73838778676702,-3.683525840285798],[104.73408527361653,-3.6782665240269905],[104.7217540727923,-3.6791083335280703],[104.71913353018834,-3.6719267703571012],[104.7109669647537,-3.665459821973068],[104.71432921512127,-3.6646155780072487],[104.71944879832347,-3.65733295891741],[104.71735786917037,-3.656759659999434]]]}},{"type":"Feature","properties":{"code":"1602022003","desa":"Tanjung Baru","kecamatan":"Tanjung Lubuk","kecCode":"160202","kabCode":"1602","province":"Sumatera Selatan"},"geometry":{"type":"Polygon","coordinates":[[[104.69516635214553,-3.6253079713885445],[104.6493086862469,-3.606996298762514],[104.63195103691088,-3.60272056382991],[104.63552746442097,-3.5906215409912106],[104.64551743678031,-3.5872547886211152],[104.64336082114504,-3.583998715815073],[104.64812320082514,-3.583310168776975],[104.64747082991495,-3.5794247288200745],[104.65126317025914,-3.576145708912747],[104.64712725202111,-3.5734020032581912],[104.6433076019643,-3.581686417643531],[104.64316890492108,-3.578776855420094],[104.63946519366378,-3.576035130972089],[104.64002340555577,-3.572291791992123],[104.64576757961015,-3.571883915270404],[104.64682944332424,-3.5606290959280664],[104.65192304241452,-3.5633107213818445],[104.65474555656225,-3.5613815442940244],[104.65431804674051,-3.572875292819413],[104.659281497743,-3.580279084762923],[104.65629799955308,-3.5848599956383107],[104.70218974885789,-3.5977035096416166],[104.70606620369237,-3.611382304967085],[104.71872222165324,-3.6222222175873364],[104.71713800021858,-3.631796996330121],[104.70216819390707,-3.6281216730765173],[104.70600456415933,-3.6217785055801026],[104.69987097106849,-3.617822743135847],[104.69809288098173,-3.6218194732965556],[104.69541982066823,-3.6217573103581504],[104.69516635214553,-3.6253079713885445]]]}},{"type":"Feature","properties":{"code":"1602022004","desa":"Seritanjung","kecamatan":"Tanjung Lubuk","kecCode":"160202","kabCode":"1602","province":"Sumatera Selatan"},"geometry":{"type":"Polygon","coordinates":[[[104.71872222165324,-3.6222222175873364],[104.70606620369237,-3.611382304967085],[104.70218974885789,-3.5977035096416166],[104.73558272486292,-3.607859790918072],[104.72744572643916,-3.6124588779913593],[104.71872222165324,-3.6222222175873364]]]}},{"type":"Feature","properties":{"code":"1602022005","desa":"Pengaraian","kecamatan":"Tanjung Lubuk","kecCode":"160202","kabCode":"1602","province":"Sumatera Selatan"},"geometry":{"type":"Polygon","coordinates":[[[104.73057470435919,-3.606074320097125],[104.65629799955308,-3.5848599956383107],[104.65922337455913,-3.5799674004265256],[104.65431804674051,-3.572875292819413],[104.65474555656225,-3.5613815442940244],[104.65192304241452,-3.5633107213818445],[104.64931413973578,-3.5606611657521765],[104.64918666083575,-3.5471573425237874],[104.65561543840181,-3.547364774750791],[104.65550862232509,-3.5445427480386713],[104.65817108322896,-3.544397236832442],[104.66244008674067,-3.5482938409732436],[104.66513484769513,-3.547758710182128],[104.66793950400493,-3.543741049200176],[104.6657982865617,-3.5409550592217705],[104.67668099972845,-3.5427419959375586],[104.6805762800713,-3.54731050516202],[104.69535799857285,-3.5524069964665297],[104.68993899868588,-3.557797995955808],[104.71258299970572,-3.57952799617188],[104.7180479999153,-3.579514996471714],[104.73972099392881,-3.587933497076027],[104.73197727173375,-3.598618725405195],[104.73057470435919,-3.606074320097125]]]}},{"type":"Feature","properties":{"code":"1602022006","desa":"Sukarami","kecamatan":"Tanjung Lubuk","kecCode":"160202","kabCode":"1602","province":"Sumatera Selatan"},"geometry":{"type":"Polygon","coordinates":[[[104.73972099392881,-3.587933497076027],[104.7180479999153,-3.579514996471714],[104.71258299970572,-3.57952799617188],[104.68993899868588,-3.557797995955808],[104.69535799857285,-3.5524069964665297],[104.69961000040125,-3.551540996101841],[104.71252777863413,-3.5679444404477687],[104.72036111107649,-3.5714166608107005],[104.72463708073673,-3.569498139789881],[104.72745376188168,-3.5724974030920458],[104.73429222200849,-3.5732996909864165],[104.74153753992556,-3.5855537830259703],[104.73972099392881,-3.587933497076027]]]}},{"type":"Feature","properties":{"code":"1602022008","desa":"Sukamulya","kecamatan":"Tanjung Lubuk","kecCode":"160202","kabCode":"1602","province":"Sumatera Selatan"},"geometry":{"type":"Polygon","coordinates":[[[104.75603949282838,-3.5659999739858974],[104.7560249993543,-3.570922995960501],[104.76505555606911,-3.570249997301264],[104.77398599935445,-3.573631995878024],[104.7748749522173,-3.5843175452651326],[104.76185045323587,-3.582670737313108],[104.7592909728002,-3.579817980766693],[104.7555833324049,-3.581972217692855],[104.75413888899855,-3.573583329065535],[104.74997222204045,-3.5691944387352286],[104.75238888833661,-3.5659722182096436],[104.75603949282838,-3.5659999739858974]]]}},{"type":"Feature","properties":{"code":"1602022010","desa":"Pulau Gemantung","kecamatan":"Tanjung Lubuk","kecCode":"160202","kabCode":"1602","province":"Sumatera Selatan"},"geometry":{"type":"Polygon","coordinates":[[[104.70619444341888,-3.5606388850485042],[104.69961000040125,-3.551540996101841],[104.70257599868347,-3.5489149973139043],[104.69980889896158,-3.543487362142496],[104.71003899930041,-3.5320839972813243],[104.71074792767479,-3.533809834057359],[104.72057399769186,-3.5324359964263685],[104.72906640998688,-3.528202706796311],[104.73277283180077,-3.5321231501658814],[104.73094410538623,-3.5368115354216103],[104.73610946857718,-3.538517869499806],[104.7359949929746,-3.5407560149714694],[104.73307248140996,-3.5414878256951527],[104.73314702171773,-3.5451379868172963],[104.73934490284506,-3.5484143869995144],[104.74603797587194,-3.558448311015083],[104.75545153226243,-3.559653825236876],[104.75603949282838,-3.5659999739858974],[104.75238888833661,-3.5659722182096436],[104.73200594122123,-3.5521541367851013],[104.72823248843865,-3.556564794306217],[104.71064049826042,-3.5529515566493224],[104.70619444341888,-3.5606388850485042]]]}},{"type":"Feature","properties":{"code":"1602022012","desa":"Bumiagung","kecamatan":"Tanjung Lubuk","kecCode":"160202","kabCode":"1602","province":"Sumatera Selatan"},"geometry":{"type":"Polygon","coordinates":[[[104.72906640998688,-3.528202706796311],[104.72057399769186,-3.5324359964263685],[104.71074792767479,-3.533809834057359],[104.71003899930041,-3.5320839972813243],[104.72453899887574,-3.5212799954896568],[104.72785500070778,-3.5144029958232053],[104.72986602869433,-3.5195091368533302],[104.73922799997227,-3.5204379962316876],[104.74233333291703,-3.525694440055844],[104.72906640998688,-3.528202706796311]]]}},{"type":"Feature","properties":{"code":"1602022013","desa":"Kotabumi","kecamatan":"Tanjung Lubuk","kecCode":"160202","kabCode":"1602","province":"Sumatera Selatan"},"geometry":{"type":"Polygon","coordinates":[[[104.69535799857285,-3.5524069964665297],[104.6805762800713,-3.54731050516202],[104.67668099972845,-3.5427419959375586],[104.6657982865617,-3.5409550592217705],[104.69527393444457,-3.5261905078946234],[104.70758200020917,-3.5107299964177363],[104.70328800004125,-3.4906599954095023],[104.71654299975965,-3.499192995898008],[104.71708799881213,-3.5024299949827684],[104.72765899976308,-3.510426995935013],[104.72785500070778,-3.5144029958232053],[104.72453899887574,-3.5212799954896568],[104.7107140007506,-3.5312279946797682],[104.69980889896158,-3.543487362142496],[104.70257599868347,-3.5489149973139043],[104.69535799857285,-3.5524069964665297]]]}},{"type":"Feature","properties":{"code":"1602022014","desa":"Tanjung Beringin","kecamatan":"Tanjung Lubuk","kecCode":"160202","kabCode":"1602","province":"Sumatera Selatan"},"geometry":{"type":"Polygon","coordinates":[[[104.6657982865617,-3.5409550592217705],[104.66793950400493,-3.543741049200176],[104.66513484769513,-3.547758710182128],[104.66244008674067,-3.5482938409732436],[104.65817108322896,-3.544397236832442],[104.65550862232509,-3.5445427480386713],[104.65561543840181,-3.547364774750791],[104.64918666083575,-3.5471573425237874],[104.64904686572032,-3.5285853782190286],[104.65951836657939,-3.5170707105635652],[104.66041019907145,-3.509483375084553],[104.65810611530505,-3.5062559429877496],[104.66075944269421,-3.495893667500252],[104.66656961979218,-3.5000669633566646],[104.66823754922358,-3.4990408351045557],[104.67164353362222,-3.4937289633647852],[104.67082073578835,-3.491303744518602],[104.67979763085604,-3.4808366737311296],[104.68647969528179,-3.479331886716447],[104.68708635724964,-3.4759011637706836],[104.70089998434683,-3.466632630264574],[104.69744444370615,-3.4763611067421434],[104.71383333434096,-3.4855833287601765],[104.70328800004125,-3.4906599954095023],[104.70758200020917,-3.5107299964177363],[104.69527393444457,-3.5261905078946234],[104.6657982865617,-3.5409550592217705]]]}},{"type":"Feature","properties":{"code":"1602022015","desa":"Tanjung Laga","kecamatan":"Tanjung Lubuk","kecCode":"160202","kabCode":"1602","province":"Sumatera Selatan"},"geometry":{"type":"Polygon","coordinates":[[[104.74758551306104,-3.5194390014249666],[104.74233333291703,-3.525694440055844],[104.73922799997227,-3.5204379962316876],[104.72986602869433,-3.5195091368533302],[104.72765899976308,-3.510426995935013],[104.73639586397798,-3.5065476884551288],[104.73717935874049,-3.5107384212666943],[104.74758551306104,-3.5194390014249666]]]}},{"type":"Feature","properties":{"code":"1602022016","desa":"Tanjung Laut","kecamatan":"Tanjung Lubuk","kecCode":"160202","kabCode":"1602","province":"Sumatera Selatan"},"geometry":{"type":"Polygon","coordinates":[[[104.72765899976308,-3.510426995935013],[104.71708799881213,-3.5024299949827684],[104.71654299975965,-3.499192995898008],[104.73505993816563,-3.4994940322614183],[104.737522003138,-3.502889373180008],[104.73639586397798,-3.5065476884551288],[104.72765899976308,-3.510426995935013]]]}},{"type":"Feature","properties":{"code":"1602022017","desa":"Ulak Balam","kecamatan":"Tanjung Lubuk","kecCode":"160202","kabCode":"1602","province":"Sumatera Selatan"},"geometry":{"type":"Polygon","coordinates":[[[104.71654299975965,-3.499192995898008],[104.70328800004125,-3.4906599954095023],[104.72761111086412,-3.4808055517924466],[104.72961529141263,-3.4907775709750832],[104.7362182029078,-3.49513339323381],[104.73649724814952,-3.4977433921833185],[104.73505993816563,-3.4994940322614183],[104.71654299975965,-3.499192995898008]]]}},{"type":"Feature","properties":{"code":"1602022018","desa":"Jambu Ilir","kecamatan":"Tanjung Lubuk","kecCode":"160202","kabCode":"1602","province":"Sumatera Selatan"},"geometry":{"type":"Polygon","coordinates":[[[104.75289699989666,-3.514640996006526],[104.74758551306104,-3.5194390014249666],[104.74498369793935,-3.518870066916901],[104.73706831674946,-3.51046557595142],[104.737522003138,-3.502889373180008],[104.73490459377204,-3.5000054650172445],[104.74215784730687,-3.4831243691494773],[104.75193000026933,-3.489124996570021],[104.75392584590111,-3.497863712479719],[104.75201490166641,-3.5003119944397425],[104.75289699989666,-3.514640996006526]]]}},{"type":"Feature","properties":{"code":"1602022031","desa":"Jukdadak","kecamatan":"Tanjung Lubuk","kecCode":"160202","kabCode":"1602","province":"Sumatera Selatan"},"geometry":{"type":"Polygon","coordinates":[[[104.71383333434096,-3.4855833287601765],[104.69744444370615,-3.4763611067421434],[104.70089998434683,-3.466632630264574],[104.72600039180467,-3.4664683672943717],[104.72491666467236,-3.4808333291524645],[104.71383333434096,-3.4855833287601765]]]}},{"type":"Feature","properties":{"code":"1602022032","desa":"Atar Balam","kecamatan":"Tanjung Lubuk","kecCode":"160202","kabCode":"1602","province":"Sumatera Selatan"},"geometry":{"type":"Polygon","coordinates":[[[104.7362182029078,-3.49513339323381],[104.73110078797104,-3.4930313358720135],[104.72761111086412,-3.4808055517924466],[104.72491666467236,-3.4808333291524645],[104.72600039180467,-3.4664683672943717],[104.73273050161139,-3.4752580199053646],[104.73299268366549,-3.4816069277743384],[104.74003244893845,-3.486600017728074],[104.7362182029078,-3.49513339323381]]]}},{"type":"Feature","properties":{"code":"1602022033","desa":"Tanjung Harapan","kecamatan":"Tanjung Lubuk","kecCode":"160202","kabCode":"1602","province":"Sumatera Selatan"},"geometry":{"type":"Polygon","coordinates":[[[104.73846292242597,-3.6125167916331082],[104.73074919172187,-3.618083791144525],[104.73437345327231,-3.626998558337736],[104.73048735230951,-3.633129630622326],[104.72822499978396,-3.6327339972709676],[104.71872222165324,-3.6222222175873364],[104.72744572643916,-3.6124588779913593],[104.73558272486292,-3.607859790918072],[104.73846292242597,-3.6125167916331082]]]}},{"type":"Feature","properties":{"code":"1602022034","desa":"Pulau Gemantung Ilir","kecamatan":"Tanjung Lubuk","kecCode":"160202","kabCode":"1602","province":"Sumatera Selatan"},"geometry":{"type":"Polygon","coordinates":[[[104.74233333291703,-3.525694440055844],[104.74263888837406,-3.5355555521459383],[104.75877777737259,-3.5474999959141997],[104.75551753530607,-3.5597652242586695],[104.74603797587194,-3.558448311015083],[104.73934490284506,-3.5484143869995144],[104.73302280735673,-3.5449383777927332],[104.73610946857718,-3.538517869499806],[104.73094410538623,-3.5368115354216103],[104.73277283180077,-3.5321231501658814],[104.72906640998688,-3.528202706796311],[104.74233333291703,-3.525694440055844]]]}},{"type":"Feature","properties":{"code":"1602022035","desa":"Pulau Gemantung Ulu","kecamatan":"Tanjung Lubuk","kecCode":"160202","kabCode":"1602","province":"Sumatera Selatan"},"geometry":{"type":"Polygon","coordinates":[[[104.73555555544459,-3.575749997320334],[104.7247545339946,-3.56953640504352],[104.72036111107649,-3.5714166608107005],[104.71252777863413,-3.5679444404477687],[104.70619444341888,-3.5606388850485042],[104.71036299085938,-3.5530875071628767],[104.72823248843865,-3.556564794306217],[104.73277777807203,-3.5522499964212173],[104.75238888833661,-3.5659722182096436],[104.74997222204045,-3.5691944387352286],[104.74187114523721,-3.567490272023122],[104.73555555544459,-3.575749997320334]]]}},{"type":"Feature","properties":{"code":"1602022036","desa":"Pulau Gemantung Darat","kecamatan":"Tanjung Lubuk","kecCode":"160202","kabCode":"1602","province":"Sumatera Selatan"},"geometry":{"type":"Polygon","coordinates":[[[104.73972099392881,-3.587933497076027],[104.74153753992556,-3.5855537830259703],[104.73541675677797,-3.5750651123216732],[104.74187114523721,-3.567490272023122],[104.74834060633395,-3.5673707584185843],[104.75413888899855,-3.573583329065535],[104.7555833324049,-3.581972217692855],[104.75365575880629,-3.584622518860498],[104.74649503291948,-3.586103577263018],[104.74522823799288,-3.5891737682962517],[104.73972099392881,-3.587933497076027]]]}},{"type":"Feature","properties":{"code":"1602032002","desa":"Pedamaran VI","kecamatan":"Pedamaran","kecCode":"160203","kabCode":"1602","province":"Sumatera Selatan"},"geometry":{"type":"MultiPolygon","coordinates":[[[[104.83489699699884,-3.6181333977485313],[104.83485560929898,-3.6249388554469792],[104.80225453671756,-3.6251504758167603],[104.80608507126907,-3.6175326722061634],[104.81532960187968,-3.6176933612705167],[104.81529913464745,-3.6148775704574594],[104.82143052080191,-3.6146897929137816],[104.81946512801328,-3.6091307488051396],[104.8272926958013,-3.6096313851997617],[104.83240530116375,-3.606398860242192],[104.831566108689,-3.6129937416837583],[104.83489699699884,-3.6181333977485313]]],[[[104.85958899983251,-3.567981996136363],[104.86583299999302,-3.594082996469322],[104.8436796160215,-3.5881252649115867],[104.81667399930568,-3.574380996243258],[104.84472222165329,-3.5518055523658663],[104.84472222165329,-3.519361108444703],[104.86153589086871,-3.5376310687155414],[104.85958899983251,-3.567981996136363]]],[[[104.83713905542311,-3.4894359740393726],[104.83939687266758,-3.4920229710289146],[104.81393163723531,-3.4933099170632853],[104.81440699998312,-3.4862839959614154],[104.82431163657282,-3.485761179587077],[104.83713905542311,-3.4894359740393726]]]]}},{"type":"Feature","properties":{"code":"1602032003","desa":"Pedamaran V","kecamatan":"Pedamaran","kecCode":"160203","kabCode":"1602","province":"Sumatera Selatan"},"geometry":{"type":"Polygon","coordinates":[[[104.83821060843292,-3.4926932870105074],[104.84170824094264,-3.4907504959855777],[104.85364391273646,-3.492739469895522],[104.8571652873482,-3.4995413267084254],[104.86203139033647,-3.4966495458805222],[104.87407875792837,-3.4954228894967483],[104.88474347183381,-3.500991870214635],[104.87437198368015,-3.500999558518771],[104.874359433641,-3.5070065054753896],[104.86967762242438,-3.5072101632477657],[104.86698085058582,-3.514469182328443],[104.8686712549745,-3.520406348189587],[104.88676239227067,-3.520557937913503],[104.89822830769033,-3.532029742081626],[104.91309649420788,-3.5363555027023543],[104.91436344741521,-3.5402904593310867],[104.89504732197638,-3.5333049483659815],[104.89535927970707,-3.553804538428024],[104.8873635306025,-3.5601348663035517],[104.88552834705564,-3.5680459748059774],[104.85958899983251,-3.567981996136363],[104.86153589086871,-3.5376310687155414],[104.84472222165329,-3.519361108444703],[104.83821060843292,-3.4926932870105074]]]}},{"type":"Feature","properties":{"code":"1602032004","desa":"Pedamaran IV","kecamatan":"Pedamaran","kecCode":"160203","kabCode":"1602","province":"Sumatera Selatan"},"geometry":{"type":"Polygon","coordinates":[[[104.83824289499364,-3.490042481323221],[104.84031621092447,-3.488337316363628],[104.840631577985,-3.489438115325157],[104.83824289499364,-3.490042481323221]]]}},{"type":"Feature","properties":{"code":"1602032005","desa":"Pedamaran III","kecamatan":"Pedamaran","kecCode":"160203","kabCode":"1602","province":"Sumatera Selatan"},"geometry":{"type":"Polygon","coordinates":[[[104.8400644547109,-3.487456094973313],[104.83578499927835,-3.4884489959738896],[104.82431163657282,-3.485761179587077],[104.8400644547109,-3.487456094973313]]]}},{"type":"Feature","properties":{"code":"1602032006","desa":"Pedamaran II","kecamatan":"Pedamaran","kecCode":"160203","kabCode":"1602","province":"Sumatera Selatan"},"geometry":{"type":"Polygon","coordinates":[[[104.8400644547109,-3.487456094973313],[104.83761849659639,-3.487525416515204],[104.82699858892265,-3.484641173895351],[104.8286649209494,-3.482572526256841],[104.8400644547109,-3.487456094973313]]]}},{"type":"Feature","properties":{"code":"1602032007","desa":"Pedamaran I","kecamatan":"Pedamaran","kecCode":"160203","kabCode":"1602","province":"Sumatera Selatan"},"geometry":{"type":"Polygon","coordinates":[[[104.83963375769184,-3.4857161433377355],[104.8286649209494,-3.482572526256841],[104.82254499935232,-3.478338996507788],[104.83224414984771,-3.4735893530316284],[104.8357228983931,-3.474581322334498],[104.84241317632711,-3.4790129358578565],[104.83963375769184,-3.4857161433377355]]]}},{"type":"Feature","properties":{"code":"1602032008","desa":"Cinta Jaya","kecamatan":"Pedamaran","kecCode":"160203","kabCode":"1602","province":"Sumatera Selatan"},"geometry":{"type":"Polygon","coordinates":[[[104.91436344741521,-3.5402904593310867],[104.91309649420788,-3.5363555027023543],[104.89822830769033,-3.532029742081626],[104.88676239227067,-3.520557937913503],[104.8686712549745,-3.520406348189587],[104.86698085058582,-3.514469182328443],[104.86967762242438,-3.5072101632477657],[104.874359433641,-3.5070065054753896],[104.87437198368015,-3.500999558518771],[104.88474347183381,-3.500991870214635],[104.87407875792837,-3.4954228894967483],[104.86203139033647,-3.4966495458805222],[104.8571652873482,-3.4995413267084254],[104.85364391273646,-3.492739469895522],[104.8415327544331,-3.4906735814676835],[104.83959913739032,-3.4846392267724124],[104.84255649228832,-3.479476106496224],[104.83752767855958,-3.4755387010135164],[104.8396165006011,-3.472029405199987],[104.90859120821773,-3.444662845610316],[104.9276668693306,-3.467916601341613],[104.9329340924345,-3.4651733741263624],[104.9335140859064,-3.4241365735625844],[104.93508424194425,-3.4228682929572893],[104.9333411615654,-3.4058094074164766],[104.9653424358048,-3.406076280334058],[104.96537727374226,-3.3785426033261063],[104.98956405903414,-3.3785504274278875],[104.9896174832603,-3.3696885349750447],[105.05685628978603,-3.3720630410510597],[105.05629339962074,-3.384171769373201],[105.06511860603888,-3.3865308205998983],[105.05474623205303,-3.4013829784846976],[105.05357597934801,-3.407380987978771],[105.04112186638109,-3.4176263426071687],[105.03869688405399,-3.428311297542406],[105.03318307493902,-3.4313843331312177],[105.04003869772777,-3.4544231643835888],[105.04605737185028,-3.4596850760857367],[105.05914477571086,-3.46471189151551],[105.05803810867184,-3.495445817712284],[104.95301860582407,-3.501916059413616],[104.96598847908513,-3.598570572105559],[104.93450099922183,-3.5405809961096315],[104.91436344741521,-3.5402904593310867]]]}},{"type":"Feature","properties":{"code":"1602032009","desa":"Sukadamai","kecamatan":"Pedamaran","kecCode":"160203","kabCode":"1602","province":"Sumatera Selatan"},"geometry":{"type":"Polygon","coordinates":[[[104.83752767855958,-3.4755387010135164],[104.83224414984771,-3.4735893530316284],[104.82254499935232,-3.478338996507788],[104.82473264789341,-3.470105678903097],[104.82686238908803,-3.4695757893609165],[104.82588831629282,-3.464360102811848],[104.83195590723938,-3.462402738273176],[104.82971736426502,-3.466793259973676],[104.8317880074107,-3.4687251008533644],[104.90484148584596,-3.441642687459811],[104.90859120821773,-3.444662845610316],[104.8396165006011,-3.472029405199987],[104.83752767855958,-3.4755387010135164]]]}},{"type":"Feature","properties":{"code":"1602032010","desa":"Serinanti","kecamatan":"Pedamaran","kecCode":"160203","kabCode":"1602","province":"Sumatera Selatan"},"geometry":{"type":"Polygon","coordinates":[[[104.90484148584596,-3.441642687459811],[104.8317880074107,-3.4687251008533644],[104.82971736426502,-3.466793259973676],[104.83195590723938,-3.462402738273176],[104.82402999858562,-3.4651729964111038],[104.81904227578046,-3.4560017182889573],[104.84750099997125,-3.4579409983606095],[104.9015932065613,-3.438760772194702],[104.90484148584596,-3.441642687459811]]]}},{"type":"Feature","properties":{"code":"1602032011","desa":"Sukaraja","kecamatan":"Pedamaran","kecCode":"160203","kabCode":"1602","province":"Sumatera Selatan"},"geometry":{"type":"Polygon","coordinates":[[[104.82431163657282,-3.485761179587077],[104.81440699998312,-3.4862839959614154],[104.81301599968866,-3.4768729963535923],[104.79583595206758,-3.4638821859899447],[104.81609699967684,-3.450585996436741],[104.82690324259062,-3.468262420345552],[104.82254499935232,-3.478338996507788],[104.8286649209494,-3.482572526256841],[104.82431163657282,-3.485761179587077]]]}},{"type":"Feature","properties":{"code":"1602032017","desa":"Burnai Timur","kecamatan":"Pedamaran","kecCode":"160203","kabCode":"1602","province":"Sumatera Selatan"},"geometry":{"type":"Polygon","coordinates":[[[104.8436796160215,-3.5881252649115867],[104.86583299999302,-3.594082996469322],[104.85958899983251,-3.567981996136363],[104.88552834705564,-3.5680459748059774],[104.88491141123268,-3.5744712108349095],[104.8829292739669,-3.5746720267496106],[104.88112742738893,-3.580809176652593],[104.88364251099313,-3.5862958028535497],[104.87617365309166,-3.5900217678308355],[104.88058992778298,-3.5951783311501138],[104.87412544982969,-3.6069932257791093],[104.87686024680299,-3.60872422826104],[104.83954099801872,-3.608481395121047],[104.83945902931083,-3.61735441488561],[104.8354794474186,-3.61737404618652],[104.831566108689,-3.6129937416837583],[104.83204270530665,-3.6058626268822813],[104.83803907534308,-3.5998789381924254],[104.83717244635136,-3.594412198699854],[104.8436796160215,-3.5881252649115867]]]}},{"type":"Feature","properties":{"code":"1602032018","desa":"Suka Pulih","kecamatan":"Pedamaran","kecCode":"160203","kabCode":"1602","province":"Sumatera Selatan"},"geometry":{"type":"Polygon","coordinates":[[[104.84472222165329,-3.519361108444703],[104.84472222165329,-3.5518055523658663],[104.81667399930568,-3.574380996243258],[104.79441526335376,-3.549768988131979],[104.79429715898675,-3.5452934472233277],[104.80046725106284,-3.539034341157142],[104.80106892539067,-3.534975029873286],[104.80461111121389,-3.534166663461136],[104.80464705172012,-3.5211456061991573],[104.80739947900281,-3.519448095369497],[104.84472222165329,-3.519361108444703]]]}},{"type":"Feature","properties":{"code":"1602032019","desa":"Menang Raya","kecamatan":"Pedamaran","kecCode":"160203","kabCode":"1602","province":"Sumatera Selatan"},"geometry":{"type":"Polygon","coordinates":[[[104.80888452320225,-3.4938061072098137],[104.83158710066425,-3.4911360137626457],[104.83243799961406,-3.4929449973583684],[104.83821060843292,-3.4926932870105074],[104.84472222165329,-3.519361108444703],[104.80739947900281,-3.519448095369497],[104.81164684122882,-3.503906077436387],[104.80888452320225,-3.4938061072098137]]]}},{"type":"Feature","properties":{"code":"1602032021","desa":"Lebuh Rarak","kecamatan":"Pedamaran","kecCode":"160203","kabCode":"1602","province":"Sumatera Selatan"},"geometry":{"type":"Polygon","coordinates":[[[104.84170824094264,-3.4907504959855777],[104.83875000021243,-3.4906388838245808],[104.83730555590675,-3.48977777307379],[104.840631577985,-3.489438115325157],[104.84170824094264,-3.4907504959855777]]]}},{"type":"Feature","properties":{"code":"1602042001","desa":"Pematang Panggang","kecamatan":"Mesuji","kecCode":"160204","kabCode":"1602","province":"Sumatera Selatan"},"geometry":{"type":"Polygon","coordinates":[[[105.13541347794973,-3.9867667532008713],[105.12657414857811,-3.9992075157189144],[105.11874584694333,-3.996379339442599],[105.11559628893762,-3.9977143740253145],[105.11037678655953,-4.007884655048237],[105.10119459065788,-4.007579160745398],[105.09744590160716,-4.00463178023135],[105.09036645464823,-4.006634474198362],[105.08465470834817,-4.02115432539321],[105.08057794841363,-4.022492335832553],[105.07545777795416,-4.030087600634167],[105.06683571039981,-4.027621033658291],[105.0575894108227,-4.03014863042681],[105.05748501841889,-4.034812230367022],[105.05107296284699,-4.042887986749522],[105.04785391242821,-4.0523422212648565],[105.04365502276113,-4.052698750295058],[105.04722222232778,-4.055305551255459],[105.04847222331449,-4.062249995578692],[105.02983887486425,-4.058935226720737],[105.0297483652949,-4.04576432981522],[105.02096787137019,-4.04567246676635],[105.0209809484121,-4.043350968530239],[105.00262981801177,-4.043305612122221],[105.00255966099962,-4.03862334585361],[104.99885358092808,-4.03855509450493],[104.99904915379544,-4.004535909803336],[104.9886572609239,-4.001158740585969],[104.99244825408373,-3.997349381475313],[105.01046699865311,-3.9992399947345225],[105.03019699929212,-4.003979995679859],[105.03506300065703,-4.008504995703754],[105.05586799960854,-4.013350995241862],[105.05949899977907,-4.011582995550276],[105.06613354222924,-3.98403318470444],[105.08013888859887,-3.989222218046145],[105.08016666685823,-3.9721111079745857],[105.09255555559444,-3.9721111070752886],[105.09266666683328,-3.962666662579767],[105.10174999936304,-3.9627777738184173],[105.10191666712058,-3.9410833282992086],[105.11730555480754,-3.9412499960565492],[105.11452607771638,-3.938984796279796],[105.13839833591453,-3.9369053577667126],[105.13588079176519,-3.948733642401817],[105.14339389810999,-3.9560834912104714],[105.14320538402131,-3.9646292323944268],[105.14103237914105,-3.972363528786883],[105.13347480581767,-3.979642744842131],[105.13541347794973,-3.9867667532008713]]]}},{"type":"Feature","properties":{"code":"1602042002","desa":"Sungai Sodong","kecamatan":"Mesuji","kecCode":"160204","kabCode":"1602","province":"Sumatera Selatan"},"geometry":{"type":"Polygon","coordinates":[[[105.13839833591453,-3.9369053577667126],[105.12016000028387,-3.9388589955148237],[105.14225920819598,-3.8813968665018383],[105.15387300003897,-3.883045995604069],[105.14517899931143,-3.85908899611363],[105.14522971927619,-3.849747983545919],[105.15542944231498,-3.8170969014988776],[105.19178807485979,-3.8174883107345603],[105.191730691818,-3.82212688793822],[105.19434773695855,-3.8234772145930354],[105.22509671694,-3.823906179517391],[105.22484447329383,-3.8265612596823715],[105.24504136326833,-3.8276428005616423],[105.24792943169797,-3.8336103482194743],[105.256082155667,-3.836074058049161],[105.27168128686195,-3.831823309880174],[105.27229198588651,-3.834191133993494],[105.28382578842944,-3.8320116800771262],[105.29220838720738,-3.838690683203557],[105.29171591755562,-3.849268362508714],[105.28557743844806,-3.8568272551295317],[105.2775609042124,-3.8763893388318595],[105.26377020982737,-3.885467544317024],[105.25296887361468,-3.9025865441408127],[105.24105278725636,-3.906438674108581],[105.2360875421064,-3.9027188640912995],[105.23349453764284,-3.8926104186536516],[105.22984304012427,-3.889563001152579],[105.21824880493847,-3.894087957109648],[105.20498165807713,-3.890917669734186],[105.1777396599574,-3.90709918927851],[105.17023461513543,-3.9173641194499607],[105.17217897458005,-3.927951606761416],[105.16537415179573,-3.9376300278734044],[105.15520472601736,-3.9383991730524723],[105.15074294473116,-3.931232421715588],[105.14293581673462,-3.932922588681463],[105.13839833591453,-3.9369053577667126]]]}},{"type":"Feature","properties":{"code":"1602042005","desa":"Pagar Dewa","kecamatan":"Mesuji","kecCode":"160204","kabCode":"1602","province":"Sumatera Selatan"},"geometry":{"type":"Polygon","coordinates":[[[105.28382578842944,-3.8320116800771262],[105.27229198588651,-3.834191133993494],[105.27168128686195,-3.831823309880174],[105.256082155667,-3.836074058049161],[105.24792943169797,-3.8336103482194743],[105.24504136326833,-3.8276428005616423],[105.22484447329383,-3.8265612596823715],[105.22509671694,-3.823906179517391],[105.191730691818,-3.82212688793822],[105.19210889540925,-3.787023101964679],[105.20993783356425,-3.7848793520328297],[105.21000084096607,-3.7603446676308154],[105.21914280030006,-3.7605178410838485],[105.21932155224788,-3.7308963321899404],[105.25764381131289,-3.731359501928906],[105.25811057294464,-3.7289287819298056],[105.27713016762317,-3.7393368041311175],[105.29057868435888,-3.7306019220312883],[105.29591323700635,-3.732333260859693],[105.2984044553014,-3.738013737726159],[105.29851029921099,-3.751343276838861],[105.3090395023712,-3.7563846118230906],[105.30900270571038,-3.7768302290727487],[105.3022594702984,-3.7943344004345363],[105.29801157927103,-3.796377141212185],[105.28687487417614,-3.794391848227457],[105.28419462917883,-3.797318739487309],[105.28439499543276,-3.8118584198338152],[105.281568848024,-3.8244201942268403],[105.28382578842944,-3.8320116800771262]]]}},{"type":"Feature","properties":{"code":"1602042006","desa":"Surya Adi","kecamatan":"Mesuji","kecCode":"160204","kabCode":"1602","province":"Sumatera Selatan"},"geometry":{"type":"Polygon","coordinates":[[[105.06613354222924,-3.98403318470444],[105.05949899977907,-4.011582995550276],[105.05586799960854,-4.013350995241862],[105.03506300065703,-4.008504995703754],[105.03019699929212,-4.003979995679859],[104.99244825408373,-3.997349381475313],[104.99767999983219,-3.974121995664717],[105.00462399899838,-3.9591139960612107],[105.01452999985968,-3.9622399954232446],[105.02143099884158,-3.9597169968884125],[105.04635599893025,-3.9666169958169046],[105.05255623358335,-3.9694105832680315],[105.05058333235495,-3.9736388834594467],[105.06613354222924,-3.98403318470444]]]}},{"type":"Feature","properties":{"code":"1602042007","desa":"Makarti Mulya","kecamatan":"Mesuji","kecCode":"160204","kabCode":"1602","province":"Sumatera Selatan"},"geometry":{"type":"Polygon","coordinates":[[[105.14225920819598,-3.8813968665018383],[105.12016000028387,-3.9388589955148237],[105.07350979693962,-3.9208611359203736],[105.0804444440559,-3.9016388835357967],[105.07776542303588,-3.9004766105165443],[105.07873199998185,-3.8977699956010987],[105.08191004671136,-3.8910144026120146],[105.08523299940344,-3.8923349967806584],[105.0937649998549,-3.8717539955903217],[105.09744999981767,-3.8756619959400744],[105.14225920819598,-3.8813968665018383]]]}},{"type":"Feature","properties":{"code":"1602042008","desa":"Marga Bakti","kecamatan":"Mesuji","kecCode":"160204","kabCode":"1602","province":"Sumatera Selatan"},"geometry":{"type":"Polygon","coordinates":[[[105.12016000028387,-3.9388589955148237],[105.11452607771638,-3.938984796279796],[105.11730555480754,-3.9412499960565492],[105.10191666712058,-3.9410833282992086],[105.10174999936304,-3.9627777738184173],[105.09266666683328,-3.962666662579767],[105.09255555559444,-3.9721111070752886],[105.08016666685823,-3.9721111079745857],[105.08013888859887,-3.989222218046145],[105.0589166662712,-3.9804722174433502],[105.05058333235495,-3.9736388834594467],[105.07350979693962,-3.9208611359203736],[105.12016000028387,-3.9388589955148237]]]}},{"type":"Feature","properties":{"code":"1602042009","desa":"Jaya Bakti","kecamatan":"Mesuji","kecCode":"160204","kabCode":"1602","province":"Sumatera Selatan"},"geometry":{"type":"Polygon","coordinates":[[[105.05255623358335,-3.9694105832680315],[105.02143099884158,-3.9597169968884125],[105.01452999985968,-3.9622399954232446],[105.01520999974173,-3.9591679958534147],[104.99748006795085,-3.9473985106923135],[105.00080994182541,-3.946551393392553],[105.00053957504146,-3.9434884535929258],[105.00662219905529,-3.937709350775714],[105.00887939306959,-3.9379081063436705],[105.00901537775752,-3.933997245250391],[105.01805884873693,-3.9341854994347956],[105.02323269343411,-3.9292388684578223],[105.02395216276214,-3.920395515528815],[105.02934232858564,-3.91950332061095],[105.03189756332193,-3.915898612124214],[105.03053261099124,-3.9110319434675653],[105.04387936044417,-3.904204675410822],[105.0445274164072,-3.891762429011519],[105.07507347875811,-3.9080145102627877],[105.07776542303588,-3.9004766105165443],[105.0804444440559,-3.9016388835357967],[105.05255623358335,-3.9694105832680315]]]}},{"type":"Feature","properties":{"code":"1602042025","desa":"Sukamukti","kecamatan":"Mesuji","kecCode":"160204","kabCode":"1602","province":"Sumatera Selatan"},"geometry":{"type":"Polygon","coordinates":[[[105.15536689356736,-3.821828287838172],[105.14522971927619,-3.849747983545919],[105.14517899931143,-3.85908899611363],[105.15387300003897,-3.883045995604069],[105.09744999981767,-3.8756619959400744],[105.0937649998549,-3.8717539955903217],[105.09727900002588,-3.8534519960721196],[105.10736359455433,-3.8473233465610517],[105.11163935107525,-3.820826543804036],[105.1341939154169,-3.8231878604230007],[105.15536689356736,-3.821828287838172]]]}},{"type":"Feature","properties":{"code":"1602042026","desa":"Mekar Wangi","kecamatan":"Mesuji","kecCode":"160204","kabCode":"1602","province":"Sumatera Selatan"},"geometry":{"type":"Polygon","coordinates":[[[105.11163935107525,-3.820826543804036],[105.10700599982708,-3.848026996813616],[105.09727900002588,-3.8534519960721196],[105.09720499931132,-3.858718996138557],[105.09456262296675,-3.860243295743618],[105.08533486920889,-3.860045340572343],[105.06951358658277,-3.867831803039345],[105.06874510869987,-3.8530555785118943],[105.06377777802207,-3.8530833288923176],[105.0599430832068,-3.845777137672292],[105.06025000023737,-3.82488888580324],[105.07840429422286,-3.8251003227112625],[105.07838277884223,-3.83008923171689],[105.10184578975144,-3.829942528009661],[105.10151448580494,-3.8136274105783126],[105.10400287033627,-3.8136911428336404],[105.10402839669318,-3.8207314548869142],[105.11163935107525,-3.820826543804036]]]}},{"type":"Feature","properties":{"code":"1602042035","desa":"Karya Mukti","kecamatan":"Mesuji","kecCode":"160204","kabCode":"1602","province":"Sumatera Selatan"},"geometry":{"type":"Polygon","coordinates":[[[105.0937649998549,-3.8717539955903217],[105.08523299940344,-3.8923349967806584],[105.08191004671136,-3.8910144026120146],[105.07507347875811,-3.9080145102627877],[105.0445274164072,-3.891762429011519],[105.048068520346,-3.890260816603646],[105.04877332802677,-3.881021409440557],[105.05437509173713,-3.878405121532005],[105.05975108784247,-3.868292211859659],[105.07044882665207,-3.8676813293740757],[105.08533486920889,-3.860045340572343],[105.09456262296675,-3.860243295743618],[105.0937649998549,-3.8717539955903217]]]}},{"type":"Feature","properties":{"code":"1602042037","desa":"Kalideras","kecamatan":"Mesuji","kecCode":"160204","kabCode":"1602","province":"Sumatera Selatan"},"geometry":{"type":"Polygon","coordinates":[[[105.00262981801177,-4.043305612122221],[105.0209809484121,-4.043350968530239],[105.02096787137019,-4.04567246676635],[105.0297483652949,-4.04576432981522],[105.02983887486425,-4.058935226720737],[105.0374457076533,-4.061335927350003],[105.03808333237991,-4.066722216190421],[105.03202777795963,-4.066694439729803],[105.02985340071392,-4.073613128369025],[105.02059298178072,-4.08259093084313],[105.02044444255705,-4.0896944391559105],[105.01774999996256,-4.0896944391559105],[105.01766666698312,-4.091999995110138],[105.01150000132407,-4.091888884770709],[105.01138890897101,-4.096277773302533],[105.00098479431284,-4.0961678896384415],[105.00101760337974,-4.084840844843114],[104.99644125476016,-4.084747463738598],[104.9968117646513,-4.070329872654825],[104.99383696740216,-4.070416547514898],[104.994106392596,-4.059345688993283],[105.00262775856426,-4.0521051464839335],[105.00262981801177,-4.043305612122221]]]}},{"type":"Feature","properties":{"code":"1602042038","desa":"Sumber Deras","kecamatan":"Mesuji","kecCode":"160204","kabCode":"1602","province":"Sumatera Selatan"},"geometry":{"type":"Polygon","coordinates":[[[105.0374457076533,-4.061335927350003],[105.04853310831635,-4.062270860749511],[105.0484335974326,-4.071570063835418],[105.05755555584426,-4.071638884454884],[105.03795021742866,-4.095804788362719],[105.01138890897101,-4.096277773302533],[105.01150000132407,-4.091888884770709],[105.01766666698312,-4.091999995110138],[105.01774999996256,-4.0896944391559105],[105.02044444255705,-4.0896944391559105],[105.02059298178072,-4.08259093084313],[105.02985340071392,-4.073613128369025],[105.03202777795963,-4.066694439729803],[105.03808333237991,-4.066722216190421],[105.0374457076533,-4.061335927350003]]]}},{"type":"Feature","properties":{"code":"1602042047","desa":"Kembang Jajar","kecamatan":"Mesuji","kecCode":"160204","kabCode":"1602","province":"Sumatera Selatan"},"geometry":{"type":"Polygon","coordinates":[[[105.0484335974326,-4.071570063835418],[105.04722222232778,-4.055305551255459],[105.05224625975715,-4.044762112737693],[105.05789325127256,-4.041353954681267],[105.05887614281976,-4.030893554165235],[105.06291304659987,-4.03116855965206],[105.06387972876654,-4.033384402836331],[105.07018240429458,-4.032797684234808],[105.0700964354022,-4.049058044644849],[105.06527069668539,-4.057736589614543],[105.06991666632115,-4.062166662599325],[105.06185695833203,-4.067275459327546],[105.05877777767238,-4.066694439729803],[105.05755555584426,-4.071638884454884],[105.0545570542647,-4.07166860165256],[105.0484335974326,-4.071570063835418]]]}},{"type":"Feature","properties":{"code":"1602042050","desa":"Kota Baru","kecamatan":"Mesuji","kecCode":"160204","kabCode":"1602","province":"Sumatera Selatan"},"geometry":{"type":"Polygon","coordinates":[[[105.00098479431284,-4.0961678896384415],[105.02743802494496,-4.096221392105537],[105.04177568969641,-4.138620128673186],[105.03291763643983,-4.140563274031037],[105.03206342708556,-4.144176655579534],[105.02693882206904,-4.146453715615387],[105.02440439494693,-4.154274829860174],[105.0259194288386,-4.156167383856334],[105.0214730043757,-4.156972090027706],[105.02331319984438,-4.1609188511577235],[105.02159037489592,-4.166109885490971],[105.01840232141006,-4.16632910603135],[105.01477656518637,-4.172359089122282],[104.99007967633604,-4.156280808151291],[104.97547478793119,-4.130777450484436],[104.97828411262174,-4.1075846867738015],[104.99035513867874,-4.110071467811331],[104.9921388890985,-4.103388884483795],[104.99763888822417,-4.10088888341229],[105.00098479431284,-4.0961678896384415]]]}},{"type":"Feature","properties":{"code":"1602042051","desa":"Sido Basuki","kecamatan":"Mesuji","kecCode":"160204","kabCode":"1602","province":"Sumatera Selatan"},"geometry":{"type":"Polygon","coordinates":[[[105.04722222232778,-4.055305551255459],[105.04365502276113,-4.052698750295058],[105.04785391242821,-4.0523422212648565],[105.05107296284699,-4.042887986749522],[105.05748501841889,-4.034812230367022],[105.0575894108227,-4.03014863042681],[105.06175957344561,-4.028385705609563],[105.06793520444619,-4.027849900326872],[105.08461111101398,-4.034166662828841],[105.09022222227782,-4.039361106491975],[105.09109463840689,-4.063741759510876],[105.08303712656222,-4.069026961855568],[105.08372001866398,-4.0728909457871385],[105.07823964993997,-4.085859389112426],[105.06144577929932,-4.097198369709924],[105.06408850368153,-4.1026697308185724],[105.06193126571536,-4.107219918155053],[105.04321565987487,-4.087674996215125],[105.05755555584426,-4.071638884454884],[105.05877777767238,-4.066694439729803],[105.06185695833203,-4.067275459327546],[105.06991666632115,-4.062166662599325],[105.06527069668539,-4.057736589614543],[105.0700964354022,-4.049058044644849],[105.07018240429458,-4.032797684234808],[105.06387972876654,-4.033384402836331],[105.06291304659987,-4.03116855965206],[105.05887614281976,-4.030893554165235],[105.05789325127256,-4.041353954681267],[105.05224625975715,-4.044762112737693],[105.04722222232778,-4.055305551255459]]]}},{"type":"Feature","properties":{"code":"1602042052","desa":"Pematang Kasih","kecamatan":"Mesuji","kecCode":"160204","kabCode":"1602","province":"Sumatera Selatan"},"geometry":{"type":"Polygon","coordinates":[[[105.07342592526629,-4.030517040400584],[105.08057794841363,-4.022492335832553],[105.08458571955536,-4.021255260802864],[105.09036645464823,-4.006634474198362],[105.09722390935599,-4.004621266257351],[105.10119459065788,-4.007579160745398],[105.10583376591562,-4.00667026901442],[105.10852645842935,-4.010288427761587],[105.10538884342041,-4.024801197694595],[105.10840615791788,-4.030504612669253],[105.1124258432781,-4.027735662145472],[105.1207398723473,-4.034060300010533],[105.119764637628,-4.047112814658596],[105.1151286315811,-4.050583240874061],[105.11012550608727,-4.050870686682716],[105.10969362556045,-4.047446525190525],[105.09813296656323,-4.04487410980854],[105.09472952724592,-4.045894172133555],[105.09547082761668,-4.0477376276426185],[105.0898532628179,-4.055287936234479],[105.09022222227782,-4.039361106491975],[105.08461111101398,-4.034166662828841],[105.07342592526629,-4.030517040400584]]]}},{"type":"Feature","properties":{"code":"1602042053","desa":"Labuhan Jaya","kecamatan":"Mesuji","kecCode":"160204","kabCode":"1602","province":"Sumatera Selatan"},"geometry":{"type":"Polygon","coordinates":[[[105.02743802494496,-4.096221392105537],[105.03795021742866,-4.095804788362719],[105.04321565987487,-4.087674996215125],[105.05875000031232,-4.105694439538702],[105.0641181921009,-4.108269200352565],[105.0629928704247,-4.1121378760472735],[105.06575649606549,-4.120277115572956],[105.06205321738211,-4.127112803082724],[105.05918572723958,-4.126143681056397],[105.05307897261656,-4.1319192225583565],[105.04949984264368,-4.1416478285384395],[105.04177568969641,-4.138620128673186],[105.02743802494496,-4.096221392105537]]]}},{"type":"Feature","properties":{"code":"1602051001","desa":"Jua-jua","kecamatan":"Kayu Agung","kecCode":"160205","kabCode":"1602","province":"Sumatera Selatan"},"geometry":{"type":"Polygon","coordinates":[[[104.8496829009452,-3.4310635782326586],[104.83107899989595,-3.4212949964885717],[104.8294119976656,-3.417492996530233],[104.82411199966911,-3.4164899961431687],[104.82585346126831,-3.412568531143795],[104.82469412003768,-3.4115079318776953],[104.82487339359231,-3.41396523223916],[104.82024383298659,-3.4138351219229977],[104.8220774930819,-3.4101365511945225],[104.82030555525722,-3.3993055526544316],[104.8278525687411,-3.39997242782983],[104.82988252925537,-3.396099748353388],[104.83176968102599,-3.3978818260322545],[104.83535753532203,-3.3953198796583277],[104.83633223584405,-3.405317958495802],[104.83158157433024,-3.4080610535106617],[104.83078131800346,-3.4113586381229717],[104.83756931627101,-3.414366273213977],[104.84476072432803,-3.410553336600386],[104.84942622544001,-3.4168289146491517],[104.8496829009452,-3.4310635782326586]]]}},{"type":"Feature","properties":{"code":"1602051002","desa":"Kayuagung","kecamatan":"Kayu Agung","kecCode":"160205","kabCode":"1602","province":"Sumatera Selatan"},"geometry":{"type":"Polygon","coordinates":[[[104.85828264822567,-3.3738653516773174],[104.85918251256294,-3.3766731493160327],[104.84036184342438,-3.3820963319439636],[104.83837230923473,-3.3808901342374056],[104.83940029638666,-3.375521951447782],[104.83579074774484,-3.367617413392314],[104.84136998883399,-3.365944300270389],[104.84357500058587,-3.3710099960901756],[104.85828264822567,-3.3738653516773174]]]}},{"type":"Feature","properties":{"code":"1602051003","desa":"Sidakersa","kecamatan":"Kayu Agung","kecCode":"160205","kabCode":"1602","province":"Sumatera Selatan"},"geometry":{"type":"Polygon","coordinates":[[[104.83535753532203,-3.3953198796583277],[104.83176968102599,-3.3978818260322545],[104.82988252925537,-3.396099748353388],[104.8278525687411,-3.39997242782983],[104.82030555525722,-3.3993055526544316],[104.82081199857492,-3.39220699510962],[104.82689999963532,-3.3939349965538907],[104.83456128727363,-3.3923076832058006],[104.83535753532203,-3.3953198796583277]]]}},{"type":"Feature","properties":{"code":"1602051004","desa":"Cintaraja","kecamatan":"Kayu Agung","kecCode":"160205","kabCode":"1602","province":"Sumatera Selatan"},"geometry":{"type":"Polygon","coordinates":[[[104.83456128727363,-3.3923076832058006],[104.82689999963532,-3.3939349965538907],[104.82081199857492,-3.39220699510962],[104.81958907617495,-3.3894527260183547],[104.82418199929987,-3.382499996241198],[104.82749099990978,-3.382293996634225],[104.82867224772612,-3.3898032322888207],[104.83456128727363,-3.3923076832058006]]]}},{"type":"Feature","properties":{"code":"1602051005","desa":"Mangun Jaya","kecamatan":"Kayu Agung","kecCode":"160205","kabCode":"1602","province":"Sumatera Selatan"},"geometry":{"type":"Polygon","coordinates":[[[104.83445862966208,-3.3911935769760015],[104.82895662324961,-3.390169862504286],[104.82749099990978,-3.382293996634225],[104.83511566985231,-3.386092285989699],[104.83445862966208,-3.3911935769760015]]]}},{"type":"Feature","properties":{"code":"1602051006","desa":"Paku","kecamatan":"Kayu Agung","kecCode":"160205","kabCode":"1602","province":"Sumatera Selatan"},"geometry":{"type":"Polygon","coordinates":[[[104.83511566985231,-3.386092285989699],[104.82749099990978,-3.382293996634225],[104.82681291558367,-3.3794445693780104],[104.83462026031678,-3.3782558140225305],[104.8374640218472,-3.3821334280790163],[104.83511566985231,-3.386092285989699]]]}},{"type":"Feature","properties":{"code":"1602051007","desa":"Kedaton","kecamatan":"Kayu Agung","kecCode":"160205","kabCode":"1602","province":"Sumatera Selatan"},"geometry":{"type":"Polygon","coordinates":[[[104.9015932065613,-3.438760772194702],[104.8496829009452,-3.4310635782326586],[104.84942622544001,-3.4168289146491517],[104.84476072432803,-3.410553336600386],[104.83756931627101,-3.414366273213977],[104.83078131800346,-3.4113586381229717],[104.83158157433024,-3.4080610535106617],[104.83649908796258,-3.4046286074637897],[104.83468742888181,-3.3931602953631983],[104.85249569881749,-3.394904463919879],[104.86131137242194,-3.391319782435922],[104.88398090699333,-3.402267879900804],[104.88963702213088,-3.4134563733430325],[104.87911183804094,-3.425163963563507],[104.88864183505267,-3.4282372023991234],[104.9015932065613,-3.438760772194702]]]}},{"type":"Feature","properties":{"code":"1602051008","desa":"Sukadana","kecamatan":"Kayu Agung","kecCode":"160205","kabCode":"1602","province":"Sumatera Selatan"},"geometry":{"type":"Polygon","coordinates":[[[104.83630726257017,-3.3661242725981246],[104.83967159127097,-3.376953417635441],[104.8374640218472,-3.3821334280790163],[104.83462026031678,-3.3782558140225305],[104.82745500004823,-3.3786049964909393],[104.83033699985269,-3.3635219961269707],[104.83630726257017,-3.3661242725981246]]]}},{"type":"Feature","properties":{"code":"1602051009","desa":"Perigi","kecamatan":"Kayu Agung","kecCode":"160205","kabCode":"1602","province":"Sumatera Selatan"},"geometry":{"type":"Polygon","coordinates":[[[104.83837230923473,-3.3808901342374056],[104.84404682540072,-3.38211642999299],[104.85902412486352,-3.3766336295080928],[104.86612137030504,-3.3794865461338026],[104.86796429971268,-3.3728052821118646],[104.87270791234033,-3.372863095928862],[104.87449993472427,-3.3774150369432796],[104.87319040131602,-3.388251622071856],[104.86830111560408,-3.3878740902746336],[104.87017693681621,-3.390531809050442],[104.86810314064746,-3.392275361571489],[104.8609426153095,-3.3912837762791526],[104.86197063303838,-3.3867555962525597],[104.85983043542633,-3.3842947004015262],[104.84533299981814,-3.3884429960043936],[104.84452799866824,-3.3906879952093645],[104.84088099955852,-3.3896279975897357],[104.83711731790991,-3.3825542019781394],[104.83837230923473,-3.3808901342374056]]]}},{"type":"Feature","properties":{"code":"1602051010","desa":"Kutaraja","kecamatan":"Kayu Agung","kecCode":"160205","kabCode":"1602","province":"Sumatera Selatan"},"geometry":{"type":"Polygon","coordinates":[[[104.83468742888181,-3.3931602953631983],[104.83711731790991,-3.3825542019781394],[104.84088099955852,-3.3896279975897357],[104.84452799866824,-3.3906879952093645],[104.84533299981814,-3.3884429960043936],[104.85983043542633,-3.3842947004015262],[104.86197063303838,-3.3867555962525597],[104.8609426153095,-3.3912837762791526],[104.85529909967373,-3.3945690203943317],[104.83468742888181,-3.3931602953631983]]]}},{"type":"Feature","properties":{"code":"1602051025","desa":"Tanjung Rancing","kecamatan":"Kayu Agung","kecCode":"160205","kabCode":"1602","province":"Sumatera Selatan"},"geometry":{"type":"Polygon","coordinates":[[[104.82081649698381,-3.3903811213465778],[104.8220774930819,-3.4101365511945225],[104.82059929721989,-3.4132927309050585],[104.81432804040679,-3.416622177598074],[104.80577783587846,-3.412130675521759],[104.81476716857003,-3.3879368584567864],[104.82081649698381,-3.3903811213465778]]]}},{"type":"Feature","properties":{"code":"1602052011","desa":"Kijang Ulu","kecamatan":"Kayu Agung","kecCode":"160205","kabCode":"1602","province":"Sumatera Selatan"},"geometry":{"type":"Polygon","coordinates":[[[104.83888099995823,-3.3365159963290068],[104.8298259996702,-3.3593699962165653],[104.82066551520143,-3.35966174168394],[104.81809574292423,-3.3532138103639673],[104.82241266231453,-3.3332413453282452],[104.83213900740935,-3.336807995405211],[104.83888099995823,-3.3365159963290068]]]}},{"type":"Feature","properties":{"code":"1602052012","desa":"Muarabaru","kecamatan":"Kayu Agung","kecCode":"160205","kabCode":"1602","province":"Sumatera Selatan"},"geometry":{"type":"Polygon","coordinates":[[[104.81333280836247,-3.41623347981833],[104.82487339359231,-3.41396523223916],[104.82469412003768,-3.4115079318776953],[104.82585346126831,-3.412568531143795],[104.82411199966911,-3.4164899961431687],[104.8294119976656,-3.417492996530233],[104.83107899989595,-3.4212949964885717],[104.82726199924194,-3.424288996058737],[104.82090507570877,-3.4221285852867123],[104.81997671365446,-3.4188969479600066],[104.81506561308765,-3.4215171964828297],[104.81333280836247,-3.41623347981833]]]}},{"type":"Feature","properties":{"code":"1602052013","desa":"Tanjung Lubuk","kecamatan":"Kayu Agung","kecCode":"160205","kabCode":"1602","province":"Sumatera Selatan"},"geometry":{"type":"Polygon","coordinates":[[[104.85828264822567,-3.3738653516773174],[104.84357500058587,-3.3710099960901756],[104.84143098265376,-3.3650004249119014],[104.8448590013419,-3.356242995009816],[104.85658169568876,-3.3661972444881765],[104.8599959997157,-3.360520996233987],[104.8646834415876,-3.3594771810152317],[104.8665539442092,-3.3612858291638763],[104.85828264822567,-3.3738653516773174]]]}},{"type":"Feature","properties":{"code":"1602052014","desa":"Arisan Buntal","kecamatan":"Kayu Agung","kecCode":"160205","kabCode":"1602","province":"Sumatera Selatan"},"geometry":{"type":"Polygon","coordinates":[[[104.84136998883399,-3.365944300270389],[104.83838599871494,-3.3675129967069233],[104.83033699985269,-3.3635219961269707],[104.8298259996702,-3.3593699962165653],[104.83742794284534,-3.3453349020874046],[104.8448590013419,-3.356242995009816],[104.84136998883399,-3.365944300270389]]]}},{"type":"Feature","properties":{"code":"1602052015","desa":"Celikah","kecamatan":"Kayu Agung","kecCode":"160205","kabCode":"1602","province":"Sumatera Selatan"},"geometry":{"type":"Polygon","coordinates":[[[104.82749099990978,-3.382293996634225],[104.82418199929987,-3.382499996241198],[104.81956999975573,-3.3895809963216554],[104.81476716857003,-3.3879368584567864],[104.81741666664588,-3.3780833294501913],[104.81585099372842,-3.368610838697516],[104.82066551520143,-3.35966174168394],[104.8298259996702,-3.3593699962165653],[104.82749099990978,-3.382293996634225]]]}},{"type":"Feature","properties":{"code":"1602052016","desa":"Banding Anyar","kecamatan":"Kayu Agung","kecCode":"160205","kabCode":"1602","province":"Sumatera Selatan"},"geometry":{"type":"Polygon","coordinates":[[[104.81506561308765,-3.4215171964828297],[104.82042925970262,-3.419035867135613],[104.82421084595381,-3.424240421876394],[104.82238096930632,-3.4271220691435125],[104.82793983805315,-3.4307327518265143],[104.83045894522421,-3.436549837510217],[104.83466742166422,-3.436153714927641],[104.82969001228429,-3.439129075149127],[104.81600368242408,-3.4386754328279068],[104.81506561308765,-3.4215171964828297]]]}},{"type":"Feature","properties":{"code":"1602052017","desa":"Buluh Cawang","kecamatan":"Kayu Agung","kecCode":"160205","kabCode":"1602","province":"Sumatera Selatan"},"geometry":{"type":"Polygon","coordinates":[[[104.84298699955048,-3.457677997923776],[104.81904227578046,-3.4560017182889573],[104.81609699967684,-3.450585996436741],[104.81603153802513,-3.438675467901454],[104.82969001228429,-3.439129075149127],[104.837148999227,-3.4464939983938736],[104.84298699955048,-3.457677997923776]]]}},{"type":"Feature","properties":{"code":"1602052018","desa":"Lubuk Dalam","kecamatan":"Kayu Agung","kecCode":"160205","kabCode":"1602","province":"Sumatera Selatan"},"geometry":{"type":"Polygon","coordinates":[[[104.9015549997635,-3.4387779960105194],[104.84750099997125,-3.4579409983606095],[104.84298699955048,-3.457677997923776],[104.837148999227,-3.4464939983938736],[104.82969001228429,-3.439129075149127],[104.85070386259328,-3.430840676767184],[104.9015549997635,-3.4387779960105194]]]}},{"type":"Feature","properties":{"code":"1602052019","desa":"Anyar","kecamatan":"Kayu Agung","kecCode":"160205","kabCode":"1602","province":"Sumatera Selatan"},"geometry":{"type":"Polygon","coordinates":[[[104.83107899989595,-3.4212949964885717],[104.83916599961123,-3.4257909960743747],[104.8496829009452,-3.4310635782326586],[104.83045894522421,-3.436549837510217],[104.82793983805315,-3.4307327518265143],[104.82210952873179,-3.4265523234469306],[104.83107899989595,-3.4212949964885717]]]}},{"type":"Feature","properties":{"code":"1602052020","desa":"Tanjung Menang","kecamatan":"Kayu Agung","kecCode":"160205","kabCode":"1602","province":"Sumatera Selatan"},"geometry":{"type":"Polygon","coordinates":[[[104.98911163259584,-3.3304573761264367],[104.98956405903414,-3.3785504274278875],[104.96537727374226,-3.3785426033261063],[104.89458399935216,-3.3382559965279897],[104.87067341474636,-3.3302078763121234],[104.87546996057029,-3.3237288050669678],[104.88503138169295,-3.3239552129891323],[104.8874259993105,-3.320865995898754],[104.92613073104842,-3.3255161275919303],[104.92603566731223,-3.3302753236668736],[104.98911163259584,-3.3304573761264367]]]}},{"type":"Feature","properties":{"code":"1602052021","desa":"Teloko","kecamatan":"Kayu Agung","kecCode":"160205","kabCode":"1602","province":"Sumatera Selatan"},"geometry":{"type":"Polygon","coordinates":[[[104.96537727374226,-3.3785426033261063],[104.9653424358048,-3.406076280334058],[104.9333411615654,-3.4058094074164766],[104.93331954276277,-3.4123230072323096],[104.93500662955239,-3.4123059309052834],[104.93505985233037,-3.424098682426842],[104.93352083531835,-3.424136406288673],[104.89930599857301,-3.3684659974862075],[104.89160299857956,-3.3481619964792726],[104.87620205727916,-3.3363385762773157],[104.87700713577078,-3.3318637809066773],[104.89458399935216,-3.3382559965279897],[104.96537727374226,-3.3785426033261063]]]}},{"type":"Feature","properties":{"code":"1602052022","desa":"Tanjung Serang","kecamatan":"Kayu Agung","kecCode":"160205","kabCode":"1602","province":"Sumatera Selatan"},"geometry":{"type":"Polygon","coordinates":[[[104.93352083531835,-3.424136406288673],[104.9329340924345,-3.4651733741263624],[104.92756691867838,-3.467959231005218],[104.9070229065819,-3.4432466840852074],[104.88906103423936,-3.428503711091236],[104.87911183804094,-3.425163963563507],[104.88943560097225,-3.414137929950845],[104.88893377927052,-3.40894459245387],[104.88398090699333,-3.402267879900804],[104.86370058331534,-3.392467829978975],[104.87017693681621,-3.390531809050442],[104.86846145393302,-3.387794350086856],[104.87319040131602,-3.388251622071856],[104.87449993472427,-3.3774150369432796],[104.87270791234033,-3.372863095928862],[104.86721307172591,-3.3731304544803735],[104.86612137030504,-3.3794865461338026],[104.85918965767661,-3.3766647712318267],[104.85800495736294,-3.3732451369268532],[104.86257739573028,-3.365283579155779],[104.86634399927618,-3.366204996644182],[104.86895400002714,-3.3619529966189234],[104.88075599928997,-3.356760997313215],[104.8813944999563,-3.353646501179494],[104.87424678006492,-3.346563185344789],[104.8734819992949,-3.3421769974771807],[104.87763312237075,-3.3421731744592216],[104.87620205727916,-3.3363385762773157],[104.89160299857956,-3.3481619964792726],[104.89930599857301,-3.3684659974862075],[104.93352083531835,-3.424136406288673]]]}},{"type":"Feature","properties":{"code":"1602052023","desa":"Serigeni Baru","kecamatan":"Kayu Agung","kecCode":"160205","kabCode":"1602","province":"Sumatera Selatan"},"geometry":{"type":"Polygon","coordinates":[[[104.8638902476369,-3.3653431295636],[104.8665539442092,-3.3612858291638763],[104.85739899866489,-3.327470996511913],[104.87546996057029,-3.3237288050669678],[104.87067341474636,-3.3302078763121234],[104.87700713577078,-3.3318637809066773],[104.87763312237075,-3.3421731744592216],[104.8734819992949,-3.3421769974771807],[104.8744740000751,-3.347114994962501],[104.8813944999563,-3.353646501179494],[104.88075599928997,-3.356760997313215],[104.86895400002714,-3.3619529966189234],[104.86634399927618,-3.366204996644182],[104.8638902476369,-3.3653431295636]]]}},{"type":"Feature","properties":{"code":"1602052024","desa":"Serigeni","kecamatan":"Kayu Agung","kecCode":"160205","kabCode":"1602","province":"Sumatera Selatan"},"geometry":{"type":"Polygon","coordinates":[[[104.8365389989757,-3.3455869964458453],[104.83888099995823,-3.3365159963290068],[104.85739899866489,-3.327470996511913],[104.8665539442092,-3.3612858291638763],[104.8646834415876,-3.3594771810152317],[104.8599959997157,-3.360520996233987],[104.85658169568876,-3.3661972444881765],[104.8448590013419,-3.356242995009816],[104.83929499926484,-3.3455229961925053],[104.8365389989757,-3.3455869964458453]]]}},{"type":"Feature","properties":{"code":"1602082001","desa":"Tanjung Alai","kecamatan":"Sirah Pulau Padang","kecCode":"160208","kabCode":"1602","province":"Sumatera Selatan"},"geometry":{"type":"Polygon","coordinates":[[[104.83888099995823,-3.3365159963290068],[104.83213900740935,-3.336807995405211],[104.82241266231453,-3.3332413453282452],[104.82646666760269,-3.3193689394563193],[104.83283333259226,-3.319388885520031],[104.84466666693315,-3.324999995878383],[104.86066666643357,-3.3257777745491186],[104.83888099995823,-3.3365159963290068]]]}},{"type":"Feature","properties":{"code":"1602082002","desa":"Batu Ampar","kecamatan":"Sirah Pulau Padang","kecCode":"160208","kabCode":"1602","province":"Sumatera Selatan"},"geometry":{"type":"Polygon","coordinates":[[[104.83253599963672,-3.3022929973736876],[104.85433629358518,-3.3026834794083677],[104.85033333291705,-3.3069999958977445],[104.84711111058937,-3.306305552005065],[104.83202777656072,-3.316416663033127],[104.82558591475822,-3.3164502590067406],[104.8209424083655,-3.309752348533768],[104.81865680836505,-3.2989874429694197],[104.83253599963672,-3.3022929973736876]]]}},{"type":"Feature","properties":{"code":"1602082003","desa":"Awal Terusan","kecamatan":"Sirah Pulau Padang","kecCode":"160208","kabCode":"1602","province":"Sumatera Selatan"},"geometry":{"type":"Polygon","coordinates":[[[104.84466315508057,-3.3022116644865527],[104.83253599963672,-3.3022929973736876],[104.81717737593522,-3.298597900726234],[104.81363355334588,-3.2868810681731504],[104.83334129936155,-3.2841569776317217],[104.83481822088424,-3.288964628279082],[104.839473274572,-3.288657793087151],[104.8368760927575,-3.29085669124541],[104.83969634331162,-3.2942929962831333],[104.84384202998574,-3.2926578255583605],[104.84466315508057,-3.3022116644865527]]]}},{"type":"Feature","properties":{"code":"1602082004","desa":"Ulak Jermun","kecamatan":"Sirah Pulau Padang","kecCode":"160208","kabCode":"1602","province":"Sumatera Selatan"},"geometry":{"type":"Polygon","coordinates":[[[104.91915181300583,-3.3239150465686027],[104.8874259993105,-3.320865995898754],[104.88503138169295,-3.3239552129891323],[104.86066666643357,-3.3257777745491186],[104.88692245001111,-3.3023489864662214],[104.88727986667254,-3.299540888453961],[104.88278190566047,-3.294791739604975],[104.8981993414265,-3.294775264025077],[104.898185999984,-3.2916929959961396],[104.91915181300583,-3.3239150465686027]]]}},{"type":"Feature","properties":{"code":"1602082005","desa":"Mangun Jaya","kecamatan":"Sirah Pulau Padang","kecCode":"160208","kabCode":"1602","province":"Sumatera Selatan"},"geometry":{"type":"Polygon","coordinates":[[[104.88278190566047,-3.294791739604975],[104.88727986667254,-3.299540888453961],[104.88692245001111,-3.3023489864662214],[104.86066666643357,-3.3257777745491186],[104.85808333237992,-3.3065555500437545],[104.85433629358518,-3.3026834794083677],[104.8634509998638,-3.3027989964257514],[104.87445900028268,-3.296493996157003],[104.88278190566047,-3.294791739604975]]]}},{"type":"Feature","properties":{"code":"1602082006","desa":"Terusan Menang","kecamatan":"Sirah Pulau Padang","kecCode":"160208","kabCode":"1602","province":"Sumatera Selatan"},"geometry":{"type":"Polygon","coordinates":[[[104.89601499969257,-3.2888069960103787],[104.8981993414265,-3.294775264025077],[104.88160099958651,-3.2947929959578754],[104.8634509998638,-3.3027989964257514],[104.85433629358518,-3.3026834794083677],[104.8565168626631,-3.2907823802647997],[104.85127541682708,-3.2845944267602567],[104.84922722705494,-3.2772335504647963],[104.86030100029097,-3.277059996598538],[104.87622099969946,-3.2810789966709764],[104.89601499969257,-3.2888069960103787]]]}},{"type":"Feature","properties":{"code":"1602082007","desa":"Belanti","kecamatan":"Sirah Pulau Padang","kecCode":"160208","kabCode":"1602","province":"Sumatera Selatan"},"geometry":{"type":"Polygon","coordinates":[[[104.94623784799835,-3.3303323784560277],[104.92603566731223,-3.3302753236668736],[104.92613073104842,-3.3255161275919303],[104.91915181300583,-3.3239150465686027],[104.89601499969257,-3.2888069960103787],[104.87808374926566,-3.282222860567937],[104.8803500534123,-3.2776155644831033],[104.88676065927706,-3.2757173501539945],[104.88243133014184,-3.2727259397319655],[104.89854878290008,-3.263692944065514],[104.90745723596272,-3.267704223458174],[104.91371070958166,-3.2620977284205126],[104.94623784799835,-3.3303323784560277]]]}},{"type":"Feature","properties":{"code":"1602082008","desa":"Terate","kecamatan":"Sirah Pulau Padang","kecCode":"160208","kabCode":"1602","province":"Sumatera Selatan"},"geometry":{"type":"Polygon","coordinates":[[[104.87808374926566,-3.282222860567937],[104.87622099969946,-3.2810789966709764],[104.86030100029097,-3.277059996598538],[104.88090499986589,-3.2747429967713484],[104.88243133014184,-3.2727259397319655],[104.88642405742438,-3.2743531649465014],[104.88627176173247,-3.2761429381240785],[104.8803500534123,-3.2776155644831033],[104.87808374926566,-3.282222860567937]]]}},{"type":"Feature","properties":{"code":"1602082009","desa":"Rengas Pitu","kecamatan":"Sirah Pulau Padang","kecCode":"160208","kabCode":"1602","province":"Sumatera Selatan"},"geometry":{"type":"Polygon","coordinates":[[[104.89033327456104,-3.2674065370693928],[104.88243133014184,-3.2727259397319655],[104.87880618995376,-3.26986419536107],[104.88880723476613,-3.2664281412342104],[104.89033327456104,-3.2674065370693928]]]}},{"type":"Feature","properties":{"code":"1602082010","desa":"Pantai","kecamatan":"Sirah Pulau Padang","kecCode":"160208","kabCode":"1602","province":"Sumatera Selatan"},"geometry":{"type":"Polygon","coordinates":[[[104.89854878290008,-3.263692944065514],[104.89189090574074,-3.2684053394211707],[104.88880723476613,-3.2664281412342104],[104.8784899136786,-3.2687667400789335],[104.88711360720727,-3.2613091974554713],[104.8901932483198,-3.2639400354953705],[104.89384646624148,-3.2615674530692185],[104.89854878290008,-3.263692944065514]]]}},{"type":"Feature","properties":{"code":"1602082011","desa":"Sirah Pulau Padang","kecamatan":"Sirah Pulau Padang","kecCode":"160208","kabCode":"1602","province":"Sumatera Selatan"},"geometry":{"type":"Polygon","coordinates":[[[104.88243133014184,-3.2727259397319655],[104.88090499986589,-3.2747429967713484],[104.86030100029097,-3.277059996598538],[104.87049797680025,-3.2684649356944426],[104.88243133014184,-3.2727259397319655]]]}},{"type":"Feature","properties":{"code":"1602082012","desa":"Serdang Menang","kecamatan":"Sirah Pulau Padang","kecCode":"160208","kabCode":"1602","province":"Sumatera Selatan"},"geometry":{"type":"Polygon","coordinates":[[[104.88749868161892,-3.2612745204967553],[104.8796034146659,-3.26607130463586],[104.87880618995376,-3.26986419536107],[104.87049797680025,-3.2684649356944426],[104.87027099870765,-3.2512259959878036],[104.88048999871455,-3.2488879951922565],[104.8877600003238,-3.2546949967778067],[104.88749868161892,-3.2612745204967553]]]}},{"type":"Feature","properties":{"code":"1602082013","desa":"Bungin Tinggi","kecamatan":"Sirah Pulau Padang","kecCode":"160208","kabCode":"1602","province":"Sumatera Selatan"},"geometry":{"type":"Polygon","coordinates":[[[104.90913677923902,-3.2664367360549513],[104.90745723596272,-3.267704223458174],[104.89399400002316,-3.261569996351948],[104.88947859126404,-3.263623716952444],[104.88749868161892,-3.2612745204967553],[104.8877600003238,-3.2546949967778067],[104.88048999871455,-3.2488879951922565],[104.87027099870765,-3.2512259959878036],[104.87421399887698,-3.2391659965313666],[104.88370699867909,-3.223307996401901],[104.89364599926351,-3.252931996417535],[104.90913677923902,-3.2664367360549513]]]}},{"type":"Feature","properties":{"code":"1602082014","desa":"Penyandingan","kecamatan":"Sirah Pulau Padang","kecCode":"160208","kabCode":"1602","province":"Sumatera Selatan"},"geometry":{"type":"Polygon","coordinates":[[[104.91116066663153,-3.2642428102482914],[104.90913677923902,-3.2664367360549513],[104.89364599926351,-3.252931996417535],[104.88370699867909,-3.223307996401901],[104.89704350125663,-3.2165515445604855],[104.90009399983829,-3.253189996623779],[104.91116066663153,-3.2642428102482914]]]}},{"type":"Feature","properties":{"code":"1602082015","desa":"Berkat","kecamatan":"Sirah Pulau Padang","kecCode":"160208","kabCode":"1602","province":"Sumatera Selatan"},"geometry":{"type":"Polygon","coordinates":[[[104.91371070958166,-3.2620977284205126],[104.91116066663153,-3.2642428102482914],[104.90009399983829,-3.253189996623779],[104.89704350125663,-3.2165515445604855],[104.9103800002369,-3.209794996491464],[104.90945100865717,-3.2381399959830195],[104.90609599963072,-3.2459899964516916],[104.91371070958166,-3.2620977284205126]]]}},{"type":"Feature","properties":{"code":"1602082016","desa":"Sukaraja","kecamatan":"Sirah Pulau Padang","kecCode":"160208","kabCode":"1602","province":"Sumatera Selatan"},"geometry":{"type":"Polygon","coordinates":[[[104.91741600004842,-3.2700779965867603],[104.90609599963072,-3.2459899964516916],[104.90945100865717,-3.2381399959830195],[104.91055731866538,-3.2095357462276066],[104.91565799991685,-3.21074599627924],[104.91744999981768,-3.222955997256858],[104.92004900006133,-3.2483999951715066],[104.91741600004842,-3.2700779965867603]]]}},{"type":"Feature","properties":{"code":"1602082017","desa":"Pematang Buluran","kecamatan":"Sirah Pulau Padang","kecCode":"160208","kabCode":"1602","province":"Sumatera Selatan"},"geometry":{"type":"Polygon","coordinates":[[[104.83334129936155,-3.2841569776317217],[104.81363355334588,-3.2868810681731504],[104.80894074342064,-3.2729342020332646],[104.80224442384115,-3.2756130980445906],[104.81366666638358,-3.261833329537875],[104.82761730789251,-3.2636220136365286],[104.83261067034624,-3.2726997532727204],[104.82922438829497,-3.2781730515209215],[104.83334129936155,-3.2841569776317217]]]}},{"type":"Feature","properties":{"code":"1602082018","desa":"Rawang Besar","kecamatan":"Sirah Pulau Padang","kecCode":"160208","kabCode":"1602","province":"Sumatera Selatan"},"geometry":{"type":"Polygon","coordinates":[[[104.85019875656741,-3.285836844662147],[104.83969634331162,-3.2942929962831333],[104.8368760927575,-3.29085669124541],[104.839473274572,-3.288657793087151],[104.83440410556504,-3.288547149495926],[104.82922438829497,-3.2781730515209215],[104.83261067034624,-3.2726997532727204],[104.82761730789251,-3.2636220136365286],[104.83419299960728,-3.2602709967042522],[104.84472899984353,-3.2590719962719876],[104.83626199969162,-3.2650139950897676],[104.84062999877544,-3.272008996600312],[104.86030100029097,-3.277059996598538],[104.84922722705494,-3.2772335504647963],[104.85019875656741,-3.285836844662147]]]}},{"type":"Feature","properties":{"code":"1602082019","desa":"Batu Ampar Baru","kecamatan":"Sirah Pulau Padang","kecCode":"160208","kabCode":"1602","province":"Sumatera Selatan"},"geometry":{"type":"Polygon","coordinates":[[[104.86066666643357,-3.3257777745491186],[104.84466666693315,-3.324999995878383],[104.83283333259226,-3.319388885520031],[104.82647589284822,-3.3193895717027164],[104.82558591475822,-3.3164502590067406],[104.83202777656072,-3.316416663033127],[104.84711111058937,-3.306305552005065],[104.85033333291705,-3.3069999958977445],[104.85433629358518,-3.3026834794083677],[104.85808333237992,-3.3065555500437545],[104.86066666643357,-3.3257777745491186]]]}},{"type":"Feature","properties":{"code":"1602082020","desa":"Terusan Laut","kecamatan":"Sirah Pulau Padang","kecCode":"160208","kabCode":"1602","province":"Sumatera Selatan"},"geometry":{"type":"Polygon","coordinates":[[[104.85433629358518,-3.3026834794083677],[104.84466315508057,-3.3022116644865527],[104.84384202998574,-3.2926578255583605],[104.85019875656741,-3.285836844662147],[104.84922722705494,-3.2772335504647963],[104.85127541682708,-3.2845944267602567],[104.8565168626631,-3.2907823802647997],[104.85433629358518,-3.3026834794083677]]]}},{"type":"Feature","properties":{"code":"1602122001","desa":"Ulak Kemang","kecamatan":"Pampangan","kecCode":"160212","kabCode":"1602","province":"Sumatera Selatan"},"geometry":{"type":"Polygon","coordinates":[[[104.9616560706712,-3.3303782933430357],[104.94623784799835,-3.3303323784560277],[104.91741600004842,-3.2700779965867603],[104.92004900006133,-3.2483999951715066],[104.91565799991685,-3.21074599627924],[104.92049915840947,-3.2123817587579744],[104.92067629607423,-3.2165878861642443],[104.9267222205541,-3.2198888855023666],[104.92916666690819,-3.252277774703284],[104.92249999977525,-3.262166663253963],[104.92627634028092,-3.2798108302796307],[104.9616560706712,-3.3303782933430357]]]}},{"type":"Feature","properties":{"code":"1602122002","desa":"Sepang","kecamatan":"Pampangan","kecCode":"160212","kabCode":"1602","province":"Sumatera Selatan"},"geometry":{"type":"Polygon","coordinates":[[[104.93624899889225,-3.221822996270875],[104.94753200030163,-3.2303129965749875],[104.95340100025601,-3.2306129951207563],[104.95168500026261,-3.249795996594362],[104.94119444366866,-3.2623888866306316],[104.93351531527962,-3.2320295109787445],[104.93291666627117,-3.221666663522494],[104.93624899889225,-3.221822996270875]]]}},{"type":"Feature","properties":{"code":"1602122003","desa":"Keman","kecamatan":"Pampangan","kecCode":"160212","kabCode":"1602","province":"Sumatera Selatan"},"geometry":{"type":"Polygon","coordinates":[[[104.95131333474266,-3.250141450473597],[104.95340100025601,-3.2306129951207563],[104.97226599967621,-3.221632996502379],[104.9671110002725,-3.228619997644045],[104.97241697876063,-3.2494505346212095],[104.96654691221026,-3.247642761512939],[104.95869061108289,-3.251465634735856],[104.95131333474266,-3.250141450473597]]]}},{"type":"Feature","properties":{"code":"1602122004","desa":"Kandis","kecamatan":"Pampangan","kecCode":"160212","kabCode":"1602","province":"Sumatera Selatan"},"geometry":{"type":"Polygon","coordinates":[[[104.98979622171834,-3.3696919766805324],[104.9847339999742,-3.2473379965603844],[104.97408999925415,-3.24878899602283],[104.97157400014004,-3.247202996630205],[104.9671110002725,-3.228619997644045],[104.97226599967621,-3.221632996502379],[104.99996399993869,-3.241639996403948],[105.0021209995845,-3.2544599967328622],[105.01860098434798,-3.2802841362773405],[105.0242156380413,-3.3656088576441845],[104.99947503224699,-3.358766617674166],[104.98979622171834,-3.3696919766805324]]]}},{"type":"Feature","properties":{"code":"1602122005","desa":"Ulak Depati","kecamatan":"Pampangan","kecCode":"160212","kabCode":"1602","province":"Sumatera Selatan"},"geometry":{"type":"Polygon","coordinates":[[[104.99996399993869,-3.241639996403948],[104.98764399927119,-3.2323319961499752],[104.97464099858325,-3.225126996646572],[104.98003041257358,-3.2209187414443625],[104.99146199997136,-3.2189129951783073],[104.993478998557,-3.2153919964869786],[105.0033759999025,-3.2249149967629944],[104.99996399993869,-3.241639996403948]]]}},{"type":"Feature","properties":{"code":"1602122006","desa":"Pulau Layang","kecamatan":"Pampangan","kecCode":"160212","kabCode":"1602","province":"Sumatera Selatan"},"geometry":{"type":"Polygon","coordinates":[[[104.95340100025601,-3.2306129951207563],[104.94753200030163,-3.2303129965749875],[104.93624899889225,-3.221822996270875],[104.94232500569449,-3.2013339570552355],[104.95797799998479,-3.193679996201893],[104.96247397259582,-3.193936033188171],[104.95887299988907,-3.1966079963258456],[104.96898399941209,-3.2014679965094457],[104.97226599967621,-3.221632996502379],[104.95340100025601,-3.2306129951207563]]]}},{"type":"Feature","properties":{"code":"1602122007","desa":"Tapus","kecamatan":"Pampangan","kecCode":"160212","kabCode":"1602","province":"Sumatera Selatan"},"geometry":{"type":"Polygon","coordinates":[[[104.97464099858325,-3.225126996646572],[104.970692999982,-3.2156914977077133],[104.96898399941209,-3.2014679965094457],[104.9910099998117,-3.2086919977882435],[104.99146199997136,-3.2189129951783073],[104.98003041257358,-3.2209187414443625],[104.97464099858325,-3.225126996646572]]]}},{"type":"Feature","properties":{"code":"1602122008","desa":"Pulau Betung","kecamatan":"Pampangan","kecCode":"160212","kabCode":"1602","province":"Sumatera Selatan"},"geometry":{"type":"Polygon","coordinates":[[[105.0021209995845,-3.2544599967328622],[104.99996399993869,-3.241639996403948],[105.0033759999025,-3.2249149967629944],[104.993478998557,-3.2153919964869786],[104.99146199997136,-3.2189129951783073],[104.9910099998117,-3.2086919977882435],[104.99794199932388,-3.1946329960819],[104.98985799884763,-3.1822739963271927],[104.98057899992097,-3.1820949961666773],[105.00991499927783,-3.1791939963884936],[105.00795399877808,-3.2004149965146054],[105.00318599923452,-3.21143199643733],[105.00639100044437,-3.2292159963497835],[105.01487799972,-3.234693996253641],[105.0021209995845,-3.2544599967328622]]]}},{"type":"Feature","properties":{"code":"1602122009","desa":"Bangsal","kecamatan":"Pampangan","kecCode":"160212","kabCode":"1602","province":"Sumatera Selatan"},"geometry":{"type":"Polygon","coordinates":[[[104.98057899992097,-3.1820949961666773],[104.98985799884763,-3.1822739963271927],[104.99794199932388,-3.1946329960819],[104.99366199980152,-3.2045519966325684],[104.98130983667964,-3.19827454439674],[104.98057899992097,-3.1820949961666773]]]}},{"type":"Feature","properties":{"code":"1602122010","desa":"Kuro","kecamatan":"Pampangan","kecCode":"160212","kabCode":"1602","province":"Sumatera Selatan"},"geometry":{"type":"Polygon","coordinates":[[[104.9910099998117,-3.2086919977882435],[104.95887299988907,-3.1966079963258456],[104.96464953424866,-3.192765730122337],[104.96566527533224,-3.189458893284909],[104.9608068219773,-3.179103912198531],[104.95757932242789,-3.1773371562693957],[104.98057899992097,-3.1820949961666773],[104.98130983667964,-3.19827454439674],[104.99366199980152,-3.2045519966325684],[104.9910099998117,-3.2086919977882435]]]}},{"type":"Feature","properties":{"code":"1602122011","desa":"Menggeris","kecamatan":"Pampangan","kecCode":"160212","kabCode":"1602","province":"Sumatera Selatan"},"geometry":{"type":"Polygon","coordinates":[[[105.00991499927783,-3.1791939963884936],[104.98057899992097,-3.1820949961666773],[104.95757932242789,-3.1773371562693957],[104.95571934457217,-3.173740309656178],[104.96097335483653,-3.1715030644059112],[104.96251029711262,-3.165010882843965],[104.96833003760122,-3.160443899769077],[104.98299645941917,-3.158467553240062],[104.98418437480909,-3.1529188063688918],[105.00044470286082,-3.157199596390761],[105.00651842988167,-3.155445294273303],[105.00991499927783,-3.1791939963884936]]]}},{"type":"Feature","properties":{"code":"1602122012","desa":"Pampangan","kecamatan":"Pampangan","kecCode":"160212","kabCode":"1602","province":"Sumatera Selatan"},"geometry":{"type":"Polygon","coordinates":[[[105.01487799972,-3.234693996253641],[105.00639100044437,-3.2292159963497835],[105.00318599923452,-3.21143199643733],[105.00795399877808,-3.2004149965146054],[105.02811870831181,-3.2097943426843574],[105.02988888886118,-3.217249996731475],[105.01487799972,-3.234693996253641]]]}},{"type":"Feature","properties":{"code":"1602122013","desa":"Serimenang","kecamatan":"Pampangan","kecCode":"160212","kabCode":"1602","province":"Sumatera Selatan"},"geometry":{"type":"Polygon","coordinates":[[[105.00795399877808,-3.2004149965146054],[105.00991499927783,-3.1791939963884936],[105.02475699933609,-3.195810996445027],[105.02811870831181,-3.2097943426843574],[105.00795399877808,-3.2004149965146054]]]}},{"type":"Feature","properties":{"code":"1602122014","desa":"Secondong","kecamatan":"Pampangan","kecCode":"160212","kabCode":"1602","province":"Sumatera Selatan"},"geometry":{"type":"Polygon","coordinates":[[[105.02475699933609,-3.195810996445027],[105.00991499927783,-3.1791939963884936],[105.01691899941233,-3.1668469962878727],[105.03064700025891,-3.1730219968570332],[105.05365500007827,-3.1620659952507038],[105.06619444431821,-3.19097221846304],[105.04116666700814,-3.1914166634177685],[105.02475699933609,-3.195810996445027]]]}},{"type":"Feature","properties":{"code":"1602122015","desa":"Jermun","kecamatan":"Pampangan","kecCode":"160212","kabCode":"1602","province":"Sumatera Selatan"},"geometry":{"type":"Polygon","coordinates":[[[105.00991499927783,-3.1791939963884936],[105.00651842988167,-3.155445294273303],[105.01977391523405,-3.155058344775568],[105.02080002729947,-3.1515697909256564],[105.0270384498646,-3.1523585844927964],[105.02823277921941,-3.1484555259177323],[105.0317625130296,-3.1465878885381815],[105.05003703827873,-3.1483396338830225],[105.05342200012522,-3.1547489977771677],[105.05365500007827,-3.1620659952507038],[105.03064700025891,-3.1730219968570332],[105.01691899941233,-3.1668469962878727],[105.00991499927783,-3.1791939963884936]]]}},{"type":"Feature","properties":{"code":"1602122016","desa":"Serdang","kecamatan":"Pampangan","kecCode":"160212","kabCode":"1602","province":"Sumatera Selatan"},"geometry":{"type":"Polygon","coordinates":[[[105.0151359630543,-3.274582339183276],[105.0021209995845,-3.2544599967328622],[105.01487799972,-3.234693996253641],[105.02988888886118,-3.217249996731475],[105.03680555583178,-3.2175277748282185],[105.04174999966283,-3.205249996444707],[105.04573761429951,-3.2496369541886563],[105.0495753677091,-3.2541904375403066],[105.05059913524195,-3.262013548279795],[105.0151359630543,-3.274582339183276]]]}},{"type":"Feature","properties":{"code":"1602122017","desa":"Jungkal","kecamatan":"Pampangan","kecCode":"160212","kabCode":"1602","province":"Sumatera Selatan"},"geometry":{"type":"Polygon","coordinates":[[[105.05803810867184,-3.495445817712284],[105.05914477571086,-3.46471189151551],[105.04605737185028,-3.4596850760857367],[105.04003869772777,-3.4544231643835888],[105.03318307493902,-3.4313843331312177],[105.03869688405399,-3.428311297542406],[105.04112186638109,-3.4176263426071687],[105.05357597934801,-3.407380987978771],[105.05474623205303,-3.4013829784846976],[105.06511860603888,-3.3865308205998983],[105.05629339962074,-3.384171769373201],[105.05685628978603,-3.3720630410510597],[104.98979622171834,-3.3696919766805324],[104.99947503224699,-3.358766617674166],[105.0242156380413,-3.3656088576441845],[105.01860098434798,-3.2802841362773405],[105.0151359630543,-3.274582339183276],[105.0465550737577,-3.263833852541494],[105.0540453768927,-3.264918094084887],[105.08313888844901,-3.283777773994771],[105.0926618185881,-3.2962845854215472],[105.15896811178897,-3.470237164282693],[105.15150428829234,-3.466773681732724],[105.14780490097547,-3.4600742684926336],[105.14357845787957,-3.4610769882912082],[105.14213012670405,-3.4651578437339703],[105.1363233499427,-3.467772902269267],[105.12933697831896,-3.4634315878737794],[105.12012091035176,-3.464906277277631],[105.12064163940022,-3.470361673621242],[105.1124408754461,-3.479156263510232],[105.10689000616888,-3.4800333174421576],[105.10351748104698,-3.4846606558181286],[105.0966876319287,-3.4851388927986693],[105.10003717667443,-3.4946218399687594],[105.0975715746685,-3.503241775221353],[105.06515524531835,-3.5053895100491124],[105.05803810867184,-3.495445817712284]]]}},{"type":"Feature","properties":{"code":"1602122035","desa":"Tanjung Kemang","kecamatan":"Pampangan","kecCode":"160212","kabCode":"1602","province":"Sumatera Selatan"},"geometry":{"type":"Polygon","coordinates":[[[105.06619444431821,-3.19097221846304],[105.05003571987264,-3.1483745896316004],[105.05174325634624,-3.140606914901606],[105.04747781235125,-3.1315093164360435],[105.05076934722763,-3.130524624447205],[105.06422222207794,-3.1338888856952325],[105.06514809031215,-3.1467323268531673],[105.06769107898015,-3.149942032413137],[105.0768819236619,-3.154601808435953],[105.08116006068832,-3.152658179242955],[105.08630199923793,-3.161440995207646],[105.06619444431821,-3.19097221846304]]]}},{"type":"Feature","properties":{"code":"1602122036","desa":"Ulak Pianggu","kecamatan":"Pampangan","kecCode":"160212","kabCode":"1602","province":"Sumatera Selatan"},"geometry":{"type":"Polygon","coordinates":[[[104.98911163259584,-3.3304573761264367],[104.97937764596168,-3.330416780729291],[104.98069444409337,-3.271222218413901],[104.96288888831161,-3.250333330724456],[104.96612403659508,-3.247697299099746],[104.9720991439604,-3.2496030587407696],[104.97279599983557,-3.247730996696768],[104.9847339999742,-3.2473379965603844],[104.98911163259584,-3.3304573761264367]]]}},{"type":"Feature","properties":{"code":"1602122037","desa":"Ulak Kemang Baru","kecamatan":"Pampangan","kecCode":"160212","kabCode":"1602","province":"Sumatera Selatan"},"geometry":{"type":"Polygon","coordinates":[[[104.97937764596168,-3.330416780729291],[104.9616560706712,-3.3303782933430357],[104.92627634028092,-3.2798108302796307],[104.92249999977525,-3.262166663253963],[104.92916666690819,-3.252277774703284],[104.9267222205541,-3.2198888855023666],[104.93291666627117,-3.221666663522494],[104.93597222084139,-3.2472777743589205],[104.94119444366866,-3.2623888866306316],[104.93863888787445,-3.2923611086387052],[104.97937764596168,-3.330416780729291]]]}},{"type":"Feature","properties":{"code":"1602122038","desa":"Keman Baru","kecamatan":"Pampangan","kecCode":"160212","kabCode":"1602","province":"Sumatera Selatan"},"geometry":{"type":"Polygon","coordinates":[[[104.94119444366866,-3.2623888866306316],[104.95131333474266,-3.250141450473597],[104.95266544295588,-3.2518463627236605],[104.96288415607899,-3.250306395129859],[104.98069444409337,-3.271222218413901],[104.97937764596168,-3.330416780729291],[104.93863888787445,-3.2923611086387052],[104.94119444366866,-3.2623888866306316]]]}},{"type":"Feature","properties":{"code":"1602122039","desa":"Sri Mulya","kecamatan":"Pampangan","kecCode":"160212","kabCode":"1602","province":"Sumatera Selatan"},"geometry":{"type":"Polygon","coordinates":[[[105.02988888886118,-3.217249996731475],[105.02475699933609,-3.195810996445027],[105.04116666700814,-3.1914166634177685],[105.06619444431821,-3.19097221846304],[105.0560555559192,-3.199444439170308],[105.04174999966283,-3.205249996444707],[105.03680555583178,-3.2175277748282185],[105.02988888886118,-3.217249996731475]]]}},{"type":"Feature","properties":{"code":"1602132005","desa":"Tebing Suluh","kecamatan":"Lempuing","kecCode":"160213","kabCode":"1602","province":"Sumatera Selatan"},"geometry":{"type":"Polygon","coordinates":[[[104.9431562940278,-3.910302462887283],[104.94241666639607,-3.9150555516662573],[104.95116666700812,-3.9159166624170263],[104.96477633416055,-3.922406048886147],[104.9645161566953,-3.9242987575656865],[104.95084399925122,-3.927068995918552],[104.91199899935441,-3.924150995356313],[104.90100099939666,-3.9061849960440758],[104.89089311602453,-3.9032569194776467],[104.90930999765833,-3.894656995939147],[104.92134699966437,-3.8980739970292233],[104.93398499970799,-3.905851995976458],[104.93784799978545,-3.893602995898183],[104.95540983299746,-3.8914529803897056],[104.9431562940278,-3.910302462887283]]]}},{"type":"Feature","properties":{"code":"1602132006","desa":"Cahya Bumi","kecamatan":"Lempuing","kecCode":"160213","kabCode":"1602","province":"Sumatera Selatan"},"geometry":{"type":"Polygon","coordinates":[[[104.93485100007366,-3.9257349955561653],[104.95084399925122,-3.927068995918552],[104.9645161566953,-3.9242987575656865],[104.96769299923261,-3.9260929958772564],[104.95798000007699,-3.950573994350519],[104.943404229022,-4.010276375946875],[104.90394444358127,-4.015361106817133],[104.90561218865166,-4.009418831907346],[104.91122502841239,-4.006509936980892],[104.91667132722006,-3.995588411784235],[104.91500508401747,-3.9923263117217793],[104.91913338319915,-3.9876668972263727],[104.92038783313204,-3.977232735330348],[104.92572903356812,-3.9748479464060478],[104.92287638044064,-3.970951767644528],[104.9278279316138,-3.9636528384499856],[104.92429082875879,-3.956927609271145],[104.92970949589657,-3.9493629645866104],[104.92778764828141,-3.945136669883334],[104.91817005640301,-3.9484285473980143],[104.91519583472005,-3.9456863957718755],[104.90851198603941,-3.946889039357731],[104.90750412031895,-3.944218705791571],[104.90498953224117,-3.947569328820843],[104.90369284474905,-3.9434380816659034],[104.90207104424337,-3.9451146580769674],[104.89995331709196,-3.9437635660991006],[104.89824713769531,-3.934861306676796],[104.93485100007366,-3.9257349955561653]]]}},{"type":"Feature","properties":{"code":"1602132007","desa":"Kutapandan","kecamatan":"Lempuing","kecCode":"160213","kabCode":"1602","province":"Sumatera Selatan"},"geometry":{"type":"Polygon","coordinates":[[[104.87953011722117,-3.949016811934141],[104.86703302385502,-3.9576889276505236],[104.85449546999,-3.9536179305759633],[104.85813433293315,-3.946808687631009],[104.86515982776388,-3.9419827096996016],[104.86808076821296,-3.9465823948220677],[104.87539585913163,-3.9405262486542743],[104.87953011722117,-3.949016811934141]]]}},{"type":"Feature","properties":{"code":"1602132008","desa":"Cahaya Maju","kecamatan":"Lempuing","kecCode":"160213","kabCode":"1602","province":"Sumatera Selatan"},"geometry":{"type":"Polygon","coordinates":[[[104.88875035804266,-3.900981544771271],[104.90100099939666,-3.9061849960440758],[104.91199899935441,-3.924150995356313],[104.93485100007366,-3.9257349955561653],[104.89824713769531,-3.934861306676796],[104.89557201793433,-3.9261937550198125],[104.89771783271186,-3.9250971495970233],[104.88902858759928,-3.9111022911359252],[104.88404901085323,-3.9099445066329785],[104.88676453805306,-3.901955857684495],[104.88875035804266,-3.900981544771271]]]}},{"type":"Feature","properties":{"code":"1602132009","desa":"Bumiagung","kecamatan":"Lempuing","kecCode":"160213","kabCode":"1602","province":"Sumatera Selatan"},"geometry":{"type":"Polygon","coordinates":[[[104.90930999765833,-3.894656995939147],[104.89089311602453,-3.9032569194776467],[104.8869603654286,-3.9018147342704865],[104.88510751470011,-3.909806048809547],[104.87583155098537,-3.908340652999769],[104.8850910013487,-3.884897995571958],[104.90577699930913,-3.852291994740326],[104.90612199993039,-3.8610029953432994],[104.90080500025061,-3.8732259960212536],[104.90172799874817,-3.8777149970830225],[104.89571299925558,-3.883582996985038],[104.89715400005711,-3.8876209970344178],[104.90115499930386,-3.885999996027716],[104.90106399870461,-3.8903809957064643],[104.90930999765833,-3.894656995939147]]]}},{"type":"Feature","properties":{"code":"1602132010","desa":"Sumberagung","kecamatan":"Lempuing","kecCode":"160213","kabCode":"1602","province":"Sumatera Selatan"},"geometry":{"type":"Polygon","coordinates":[[[104.93784799978545,-3.893602995898183],[104.93398499970799,-3.905851995976458],[104.92134699966437,-3.8980739970292233],[104.90930999765833,-3.894656995939147],[104.91206100041488,-3.889273996818755],[104.91449999957534,-3.8892399961501996],[104.91202399870865,-3.8843489954362793],[104.91523699938807,-3.882445995814595],[104.91285300006598,-3.8809569954990653],[104.91357999941748,-3.8737919960415197],[104.91086453786818,-3.867655860573762],[104.9221956997718,-3.8576162060779864],[104.9271154976821,-3.8590832548416967],[104.9288777588016,-3.862786829398093],[104.92494368530288,-3.866701049459088],[104.92047339283289,-3.866652026515117],[104.9175989976956,-3.8750249953436984],[104.93100954865179,-3.8719716719947157],[104.92887043022625,-3.8827566027632168],[104.92559045073874,-3.8862225485562587],[104.92661111021464,-3.891916662742214],[104.93784799978545,-3.893602995898183]]]}},{"type":"Feature","properties":{"code":"1602132011","desa":"Tugumulyo","kecamatan":"Lempuing","kecCode":"160213","kabCode":"1602","province":"Sumatera Selatan"},"geometry":{"type":"Polygon","coordinates":[[[104.90577699930913,-3.852291994740326],[104.8850910013487,-3.884897995571958],[104.87583155098537,-3.908340652999769],[104.85985722892804,-3.9121821349944677],[104.85787986976027,-3.9067378632644907],[104.85937893079306,-3.8962801328356806],[104.86651355565611,-3.8924143718437176],[104.86999238603983,-3.8855680057840196],[104.86836686863613,-3.8780999338979987],[104.87681624027732,-3.867167196853455],[104.87718898768166,-3.8578091826024146],[104.87293517461865,-3.8525056187996474],[104.8753766181365,-3.846916835010227],[104.87342212962761,-3.842099151526074],[104.88213599997648,-3.8453669946590616],[104.88817899986098,-3.842658995686954],[104.89659839799769,-3.8433010207956255],[104.90445358936171,-3.8464886435028576],[104.90577699930913,-3.852291994740326]]]}},{"type":"Feature","properties":{"code":"1602132013","desa":"Dabuk Rejo","kecamatan":"Lempuing","kecCode":"160213","kabCode":"1602","province":"Sumatera Selatan"},"geometry":{"type":"Polygon","coordinates":[[[104.99244825408373,-3.997349381475313],[104.9847220003201,-4.00216099543504],[104.97068899979757,-3.997295995920129],[104.9671111108891,-4.000999996755126],[104.96717300133297,-4.007851074363072],[104.943404229022,-4.010276375946875],[104.95798000007699,-3.950573994350519],[104.96769299923261,-3.9260929958772564],[104.97099999885091,-3.9273333282513114],[104.97253538709849,-3.918747828939104],[105.01126024836185,-3.9329042919744492],[105.00896273863951,-3.9341010575913633],[105.00887939306959,-3.9379081063436705],[105.00053957504146,-3.9434884535929258],[105.00080994182541,-3.946551393392553],[104.99748006795085,-3.9473985106923135],[105.01520999974173,-3.9591679958534147],[105.01452999985968,-3.9622399954232446],[105.00462399899838,-3.9591139960612107],[104.99767999983219,-3.974121995664717],[104.99244825408373,-3.997349381475313]]]}},{"type":"Feature","properties":{"code":"1602132014","desa":"Suka Mulya","kecamatan":"Lempuing","kecCode":"160213","kabCode":"1602","province":"Sumatera Selatan"},"geometry":{"type":"Polygon","coordinates":[[[105.0445274164072,-3.891762429011519],[105.04387936044417,-3.904204675410822],[105.03053261099124,-3.9110319434675653],[105.03189756332193,-3.915898612124214],[105.02934232858564,-3.91950332061095],[105.02395216276214,-3.920395515528815],[105.02323269343411,-3.9292388684578223],[105.01819379290929,-3.934129740568694],[104.98255899859896,-3.9222899958727897],[104.9975944617151,-3.8874257227421634],[105.00598599975415,-3.889177996888406],[105.00720600025676,-3.8674509959112306],[105.02141900008682,-3.867793995540544],[105.04883700002762,-3.878449995903362],[105.048068520346,-3.890260816603646],[105.0445274164072,-3.891762429011519]]]}},{"type":"Feature","properties":{"code":"1602132015","desa":"Bumi Arjo","kecamatan":"Lempuing","kecCode":"160213","kabCode":"1602","province":"Sumatera Selatan"},"geometry":{"type":"Polygon","coordinates":[[[104.98255899859896,-3.9222899958727897],[104.97253538709849,-3.918747828939104],[104.96655825625857,-3.911970904930485],[104.96947556974179,-3.90650772405516],[104.97153464490798,-3.9080014395161884],[104.97279307973692,-3.9055886726830367],[104.97726438124624,-3.908256387423448],[104.97752777738509,-3.9001111071516563],[104.9557830984113,-3.891461365668434],[104.95588408957911,-3.8812399330063028],[104.95243855929213,-3.8791277456809587],[104.95512878406616,-3.876149882646148],[104.95173301866394,-3.872042566450837],[104.95278878767249,-3.8706589037264596],[104.95537390957833,-3.8726519128944097],[104.95428692779956,-3.865658585022029],[104.95654790526167,-3.861841818195794],[104.95913472868482,-3.861906179077243],[104.95722449401524,-3.858676343092591],[104.9596438223046,-3.8578323824132044],[104.95644445175007,-3.8488775315370556],[104.95292729585809,-3.8480043177102186],[104.9538317350466,-3.8453273867175444],[104.95617888194987,-3.8462611518976524],[104.95218990214232,-3.8431316155020006],[104.95432103638676,-3.84103556471211],[104.95019334694547,-3.842101862982006],[104.95028058927784,-3.8392519689776727],[104.94764338133704,-3.8409020369721647],[104.94849916270623,-3.8345072870611627],[104.94505341298469,-3.834970769764199],[104.94767403293031,-3.8330585529908623],[104.94690328875582,-3.830277824046345],[104.94950420725341,-3.829486965635806],[104.94703027302876,-3.826049987905126],[104.95087886866492,-3.8242045107200515],[104.949383954406,-3.8220495858124885],[104.96019110293713,-3.830085892534166],[104.96928169929105,-3.8302672066503076],[104.96931285270603,-3.8402154855296793],[104.98295655470127,-3.8427926439360425],[104.98186299977766,-3.844636996069239],[104.99885700015051,-3.851364996059307],[105.00720600025676,-3.8674509959112306],[105.00598599975415,-3.889177996888406],[104.9975944617151,-3.8874257227421634],[104.98255899859896,-3.9222899958727897]]]}},{"type":"Feature","properties":{"code":"1602132016","desa":"Tulung Harapan","kecamatan":"Lempuing","kecCode":"160213","kabCode":"1602","province":"Sumatera Selatan"},"geometry":{"type":"Polygon","coordinates":[[[104.87618237201887,-3.8643668959632693],[104.87565544933959,-3.870846715444407],[104.86791627501611,-3.879622267585135],[104.8696268772786,-3.886684139985075],[104.86594625701423,-3.8930562575574883],[104.85937893079306,-3.8962801328356806],[104.85787986976027,-3.9067378632644907],[104.85985722892804,-3.9121821349944677],[104.85233728233978,-3.90940446554353],[104.8493305132926,-3.9109619798097324],[104.85125048582131,-3.898351404605236],[104.8604706502004,-3.888851017781966],[104.86059730891871,-3.8739251136906026],[104.86439361887044,-3.870997846514094],[104.87094354590799,-3.871106078123594],[104.8728726447568,-3.8660033886914267],[104.87618237201887,-3.8643668959632693]]]}},{"type":"Feature","properties":{"code":"1602132017","desa":"Kepayang","kecamatan":"Lempuing","kecCode":"160213","kabCode":"1602","province":"Sumatera Selatan"},"geometry":{"type":"Polygon","coordinates":[[[104.9431562940278,-3.910302462887283],[104.94501898333947,-3.908521836714189],[104.94603196440367,-3.904083341578478],[104.94963104943344,-3.8980795269605415],[104.95219254165255,-3.898078204057811],[104.95540678969166,-3.893671548519742],[104.95402821892725,-3.8851999105729704],[104.95601708941722,-3.884069154294814],[104.95524428399659,-3.880785896782044],[104.95193401804055,-3.8796506645779876],[104.95422521542137,-3.875524674859742],[104.95130781920057,-3.872823343461244],[104.95150578966052,-3.871196838603689],[104.95261181728159,-3.8701945594728877],[104.95503008437093,-3.8718717078528453],[104.95408159908658,-3.8652694366819507],[104.94056779426835,-3.8695683408484745],[104.93808621130965,-3.8683009469746548],[104.93464604907598,-3.871416769608422],[104.91930999925711,-3.8731939954448986],[104.91845199926041,-3.8755709944417016],[104.91715063079704,-3.8734436526405767],[104.92047339283289,-3.866652026515117],[104.92494368530288,-3.866701049459088],[104.9288421069777,-3.862914884763421],[104.9271154976821,-3.8590832548416967],[104.92267651420978,-3.8576134829308675],[104.92865063501885,-3.8518728270304265],[104.9272446133483,-3.8450981387363927],[104.93176290263592,-3.8434570954385943],[104.9321551590334,-3.8380934020645645],[104.93808321656722,-3.834283090571908],[104.93718802690597,-3.830066399728801],[104.94276877256083,-3.825622001443185],[104.94643894000512,-3.818302489465102],[104.95147670288759,-3.821391537482912],[104.94908522840063,-3.8223784067305036],[104.95066009958401,-3.824501510026856],[104.94708761829901,-3.8257772244281365],[104.94950420725341,-3.829486965635806],[104.94690328875582,-3.830277824046345],[104.94767403293031,-3.8330585529908623],[104.94505341298469,-3.834970769764199],[104.94849916270623,-3.8345072870611627],[104.94764338133704,-3.8409020369721647],[104.95028058927784,-3.8392519689776727],[104.95019334694547,-3.842101862982006],[104.95432103638676,-3.84103556471211],[104.95218990214232,-3.8431316155020006],[104.95617888194987,-3.8462611518976524],[104.9538317350466,-3.8453273867175444],[104.95292729585809,-3.8480043177102186],[104.95644445175007,-3.8488775315370556],[104.9596438223046,-3.8578323824132044],[104.95722449401524,-3.858676343092591],[104.95913472868482,-3.861906179077243],[104.95654790526167,-3.861841818195794],[104.95428692779956,-3.865658585022029],[104.95537390957833,-3.8726519128944097],[104.95278878767249,-3.8706589037264596],[104.95169984627097,-3.872339075627101],[104.95512878406616,-3.876149882646148],[104.95243855929213,-3.8791277456809587],[104.95528793978666,-3.880284936631306],[104.95588408957911,-3.8812399330063028],[104.95628975486835,-3.8844715307628808],[104.95454591096505,-3.8850511186400176],[104.95578583774625,-3.8940534663105866],[104.95253819967826,-3.898410842597862],[104.95033981413114,-3.8985973071313795],[104.94523937569669,-3.908958833483783],[104.9431562940278,-3.910302462887283]]]}},{"type":"Feature","properties":{"code":"1602132025","desa":"Tugu Jaya","kecamatan":"Lempuing","kecCode":"160213","kabCode":"1602","province":"Sumatera Selatan"},"geometry":{"type":"Polygon","coordinates":[[[104.87176265382344,-3.7984432077057617],[104.90797222194054,-3.798361106797622],[104.90892699978127,-3.8237919961945823],[104.89699299892781,-3.823250995528537],[104.8910149993428,-3.83232299479223],[104.87542212293266,-3.824443634156627],[104.87712315640863,-3.8099785426812454],[104.87176265382344,-3.7984432077057617]]]}},{"type":"Feature","properties":{"code":"1602132026","desa":"Tugu Agung","kecamatan":"Lempuing","kecCode":"160213","kabCode":"1602","province":"Sumatera Selatan"},"geometry":{"type":"MultiPolygon","coordinates":[[[[104.92527500004125,-3.839944995538839],[104.91309699872754,-3.8448349971059916],[104.90948500033255,-3.843374995429757],[104.90688785089367,-3.8457724656942402],[104.90664849183452,-3.841645860839672],[104.91026100014511,-3.838814994691143],[104.9233799998871,-3.836553995647704],[104.92527500004125,-3.839944995538839]]],[[[104.90445358936171,-3.8464886435028576],[104.89172399966293,-3.8426519953641867],[104.88213599997648,-3.8453669946590616],[104.87322815035888,-3.8419908596619785],[104.87164645062323,-3.838546817756654],[104.87541173126645,-3.8251178262162013],[104.8910149993428,-3.83232299479223],[104.89699299892781,-3.823250995528537],[104.90892699978127,-3.8237919961945823],[104.91097299970426,-3.828348995895526],[104.90321468421035,-3.8389032136872014],[104.90627582267115,-3.841612941156261],[104.90621046264278,-3.8457843214567955],[104.90803111224606,-3.846706475490027],[104.90577699930913,-3.852291994740326],[104.90445358936171,-3.8464886435028576]]]]}},{"type":"Feature","properties":{"code":"1602132027","desa":"Sindang Sari","kecamatan":"Lempuing","kecCode":"160213","kabCode":"1602","province":"Sumatera Selatan"},"geometry":{"type":"Polygon","coordinates":[[[104.90930999765833,-3.894656995939147],[104.90106399870461,-3.8903809957064643],[104.90115499930386,-3.885999996027716],[104.89715400005711,-3.8876209970344178],[104.89571299925558,-3.883582996985038],[104.90172799874817,-3.8777149970830225],[104.90080500025061,-3.8732259960212536],[104.90612199993039,-3.8610029953432994],[104.90488867507236,-3.8540589934864675],[104.90948500033255,-3.843374995429757],[104.91309699872754,-3.8448349971059916],[104.9226945896836,-3.839445954541403],[104.93205785958263,-3.8402588922075274],[104.93104510874484,-3.8442823610112704],[104.9272446133483,-3.8450981387363927],[104.92860912231322,-3.85196716411427],[104.91086453786818,-3.867655860573762],[104.91357999941748,-3.8737919960415197],[104.91285300006598,-3.8809569954990653],[104.91523699938807,-3.882445995814595],[104.91202399870865,-3.8843489954362793],[104.91449999957534,-3.8892399961501996],[104.91206100041488,-3.889273996818755],[104.90930999765833,-3.894656995939147]]]}},{"type":"Feature","properties":{"code":"1602132028","desa":"Mekar Jaya","kecamatan":"Lempuing","kecCode":"160213","kabCode":"1602","province":"Sumatera Selatan"},"geometry":{"type":"Polygon","coordinates":[[[104.9392390135697,-3.8287436453885646],[104.9370656903294,-3.830419609361307],[104.9381378234019,-3.8342041148078905],[104.93205785958263,-3.8402588922075274],[104.92527500004125,-3.839944995538839],[104.9233799998871,-3.836553995647704],[104.91026100014511,-3.838814994691143],[104.90664849183452,-3.841645860839672],[104.90799424993473,-3.846675985774718],[104.90321468421035,-3.8389032136872014],[104.91097299970426,-3.828348995895526],[104.9080139999462,-3.8151209947383014],[104.92790390184364,-3.816870468395714],[104.9392390135697,-3.8287436453885646]]]}},{"type":"Feature","properties":{"code":"1602132034","desa":"Bumiarjo Makmur","kecamatan":"Lempuing","kecCode":"160213","kabCode":"1602","province":"Sumatera Selatan"},"geometry":{"type":"Polygon","coordinates":[[[104.9645161566953,-3.9242987575656865],[104.96477633416055,-3.922406048886147],[104.95116666700812,-3.9159166624170263],[104.94241666639607,-3.9150555516662573],[104.94676946603806,-3.903361776830818],[104.95265834820422,-3.898285206408815],[104.9557830984113,-3.891461365668434],[104.97858570206853,-3.9015553832825],[104.97726438124624,-3.908256387423448],[104.97279307973692,-3.9055886726830367],[104.96632951189751,-3.910764490487301],[104.9725389996752,-3.918672995452452],[104.97099999885091,-3.9273333282513114],[104.9645161566953,-3.9242987575656865]]]}},{"type":"Feature","properties":{"code":"1602132035","desa":"Cahaya Makmur","kecamatan":"Lempuing","kecCode":"160213","kabCode":"1602","province":"Sumatera Selatan"},"geometry":{"type":"Polygon","coordinates":[[[104.89557201793433,-3.9261937550198125],[104.9003087714327,-3.9417419854698172],[104.89585807519005,-3.944616409382238],[104.89235141708429,-3.944990380763542],[104.89224264498216,-3.942876343532787],[104.88622469841118,-3.946353006546692],[104.88475659114378,-3.9444887677051192],[104.87953011722117,-3.949016811934141],[104.87740402367683,-3.946093888483093],[104.87539585913163,-3.9405262486542743],[104.89557201793433,-3.9261937550198125]]]}},{"type":"Feature","properties":{"code":"1602132036","desa":"Sumber Makmur","kecamatan":"Lempuing","kecCode":"160213","kabCode":"1602","province":"Sumatera Selatan"},"geometry":{"type":"Polygon","coordinates":[[[104.95540983299746,-3.8914529803897056],[104.94046099977537,-3.893677995759505],[104.92661111021464,-3.891916662742214],[104.92559045073874,-3.8862225485562587],[104.92887043022625,-3.8827566027632168],[104.93100954865179,-3.8719716719947157],[104.93808621130965,-3.8683009469746548],[104.94056779426835,-3.8695683408484745],[104.95408159908658,-3.8652694366819507],[104.95503008437093,-3.8718717078528453],[104.95261181728159,-3.8701945594728877],[104.95130781920057,-3.872823343461244],[104.95422521542137,-3.875524674859742],[104.95192974266354,-3.8796001730411254],[104.95535337176075,-3.8809512326433664],[104.95540983299746,-3.8914529803897056]]]}},{"type":"Feature","properties":{"code":"1602172001","desa":"Tanjung Aur","kecamatan":"Jejawi","kecCode":"160217","kabCode":"1602","province":"Sumatera Selatan"},"geometry":{"type":"Polygon","coordinates":[[[104.93624899889225,-3.221822996270875],[104.92067629607423,-3.2165878861642443],[104.91941851505247,-3.1564985883464116],[104.9232383054035,-3.1594015855188244],[104.92553572339499,-3.1579241531827984],[104.93414402502681,-3.1611686481167807],[104.94031196232726,-3.1609527514707434],[104.94252676859554,-3.158128312776878],[104.96159716867447,-3.1685392766604914],[104.96097335483653,-3.1715030644059112],[104.95645069574304,-3.1726311838718457],[104.95578814720527,-3.17492601541057],[104.9608068219773,-3.179103912198531],[104.96562676726154,-3.188986638594624],[104.96310246380773,-3.193975083549946],[104.95797799998479,-3.193679996201893],[104.94232500569449,-3.2013339570552355],[104.93624899889225,-3.221822996270875]]]}},{"type":"Feature","properties":{"code":"1602172002","desa":"Lubuk Ketepeng","kecamatan":"Jejawi","kecCode":"160217","kabCode":"1602","province":"Sumatera Selatan"},"geometry":{"type":"Polygon","coordinates":[[[104.91055731866538,-3.2095357462276066],[104.88370699867909,-3.223307996401901],[104.87382499982397,-3.2156439964165253],[104.87454155534857,-3.21244154119093],[104.8814555063666,-3.217249789887447],[104.88715609297935,-3.2151778903911206],[104.90486199938181,-3.173440996393806],[104.91946050170083,-3.156271795514428],[104.92049915840947,-3.2123817587579744],[104.91055731866538,-3.2095357462276066]]]}},{"type":"Feature","properties":{"code":"1602172003","desa":"Talang Cempedak","kecamatan":"Jejawi","kecCode":"160217","kabCode":"1602","province":"Sumatera Selatan"},"geometry":{"type":"Polygon","coordinates":[[[104.91946050170083,-3.156271795514428],[104.90486199938181,-3.173440996393806],[104.88715609297935,-3.2151778903911206],[104.8814555063666,-3.217249789887447],[104.87454155534857,-3.21244154119093],[104.87816000008398,-3.1958949976206874],[104.88991037376478,-3.1643151942895447],[104.88958970340212,-3.1476606259538817],[104.8864864595825,-3.145676477806094],[104.86615803386621,-3.1459669237531585],[104.87057400009007,-3.1405439965327098],[104.88307711261872,-3.1437695202681577],[104.89716929662579,-3.1400443152179944],[104.90261413673306,-3.1414551419647267],[104.90191944912334,-3.148869797718456],[104.91460297914419,-3.152398712242444],[104.91946050170083,-3.156271795514428]]]}},{"type":"Feature","properties":{"code":"1602172004","desa":"Bubusan","kecamatan":"Jejawi","kecCode":"160217","kabCode":"1602","province":"Sumatera Selatan"},"geometry":{"type":"Polygon","coordinates":[[[104.87049797680025,-3.2684649356944426],[104.86030100029097,-3.277059996598538],[104.84062999877544,-3.272008996600312],[104.83626199969162,-3.2650139950897676],[104.84472899984353,-3.2590719962719876],[104.87027099870765,-3.2512259959878036],[104.87049797680025,-3.2684649356944426]]]}},{"type":"Feature","properties":{"code":"1602172005","desa":"Air Itam","kecamatan":"Jejawi","kecCode":"160217","kabCode":"1602","province":"Sumatera Selatan"},"geometry":{"type":"Polygon","coordinates":[[[104.87421399887698,-3.2391659965313666],[104.87027099870765,-3.2512259959878036],[104.86187500003125,-3.2550209965225387],[104.83419299960728,-3.2602709967042522],[104.83571699973982,-3.2500429962934017],[104.83016969897248,-3.2438097124611094],[104.83296619933071,-3.2402692884136512],[104.85849399879906,-3.23631599640708],[104.87421399887698,-3.2391659965313666]]]}},{"type":"Feature","properties":{"code":"1602172006","desa":"Jejawi","kecamatan":"Jejawi","kecCode":"160217","kabCode":"1602","province":"Sumatera Selatan"},"geometry":{"type":"Polygon","coordinates":[[[104.88370699867909,-3.223307996401901],[104.87421399887698,-3.2391659965313666],[104.85849399879906,-3.23631599640708],[104.83296619933071,-3.2402692884136512],[104.83168893359748,-3.2360486585399504],[104.82009424875065,-3.2286624231615155],[104.82594293931525,-3.2220523170971047],[104.83071602002836,-3.2090820490477414],[104.83791213243903,-3.2095814677603687],[104.84582484983702,-3.2023767857176972],[104.87382499982397,-3.2156439964165253],[104.88370699867909,-3.223307996401901]]]}},{"type":"Feature","properties":{"code":"1602172007","desa":"Karang Agung","kecamatan":"Jejawi","kecCode":"160217","kabCode":"1602","province":"Sumatera Selatan"},"geometry":{"type":"Polygon","coordinates":[[[104.87816000008398,-3.1958949976206874],[104.87382499982397,-3.2156439964165253],[104.848565060729,-3.2025171393120204],[104.843643163801,-3.203427566185707],[104.83791213243903,-3.2095814677603687],[104.83367404402196,-3.2086493672253913],[104.8335012060159,-3.2059260518995574],[104.83455880874209,-3.2022260242693767],[104.84909499883521,-3.194190996383839],[104.86738300132454,-3.1915359962585863],[104.8895359976882,-3.165808996085489],[104.87816000008398,-3.1958949976206874]]]}},{"type":"Feature","properties":{"code":"1602172008","desa":"Muara Batun","kecamatan":"Jejawi","kecCode":"160217","kabCode":"1602","province":"Sumatera Selatan"},"geometry":{"type":"Polygon","coordinates":[[[104.86738300132454,-3.1915359962585863],[104.85445242034297,-3.192206588331995],[104.84337935936996,-3.1755508283946168],[104.83526209476992,-3.1772429531845514],[104.82850329658991,-3.1824732132473623],[104.81947704582903,-3.1816407827759354],[104.80039674691237,-3.1892636064020707],[104.79906133011632,-3.1846175108662313],[104.80419679804385,-3.1834771165537776],[104.80706582332913,-3.1782966240736195],[104.7994209330297,-3.1743071424486575],[104.7993682786232,-3.171877378428891],[104.80563075355649,-3.1650045624087015],[104.80831655006881,-3.1682948292374435],[104.81602521309314,-3.169367855335575],[104.8195972258314,-3.174660015734747],[104.85761199769559,-3.156240996432317],[104.8572881248471,-3.179065766554702],[104.86738300132454,-3.1915359962585863]]]}},{"type":"Feature","properties":{"code":"1602172009","desa":"Lingkis","kecamatan":"Jejawi","kecCode":"160217","kabCode":"1602","province":"Sumatera Selatan"},"geometry":{"type":"Polygon","coordinates":[[[104.86608820240865,-3.1461687406133194],[104.8864864595825,-3.145676477806094],[104.8895761713033,-3.1475976922965114],[104.88983784883771,-3.1532096426216913],[104.8895359976882,-3.165808996085489],[104.86738300132454,-3.1915359962585863],[104.8572881248471,-3.179065766554702],[104.85761199769559,-3.156240996432317],[104.86608820240865,-3.1461687406133194]]]}},{"type":"Feature","properties":{"code":"1602172010","desa":"Terusan Jawa","kecamatan":"Jejawi","kecCode":"160217","kabCode":"1602","province":"Sumatera Selatan"},"geometry":{"type":"Polygon","coordinates":[[[104.85127492309925,-3.1593479337642605],[104.8195972258314,-3.174660015734747],[104.81602521309314,-3.169367855335575],[104.8093084618161,-3.167093704606543],[104.81230703803942,-3.157553051538172],[104.80527852598323,-3.1538968154956506],[104.81678860800791,-3.1530213596590193],[104.81926808655298,-3.143327462114119],[104.81756624008993,-3.1372520048041923],[104.825598999894,-3.128317997515292],[104.82887433078582,-3.1291607836800264],[104.83381589408827,-3.121421210965309],[104.83607699925413,-3.1415219966662016],[104.84506840128574,-3.1543882473292393],[104.8494315683123,-3.155296978081598],[104.85127492309925,-3.1593479337642605]]]}},{"type":"Feature","properties":{"code":"1602172011","desa":"Tanjung Ali","kecamatan":"Jejawi","kecCode":"160217","kabCode":"1602","province":"Sumatera Selatan"},"geometry":{"type":"Polygon","coordinates":[[[104.86281885920306,-3.1100590341546024],[104.85562180430287,-3.1248608875613693],[104.83867258207407,-3.1163851469076436],[104.83386799990829,-3.1183939967339946],[104.8316867113727,-3.109276445909621],[104.83406799833949,-3.103452450734672],[104.8373733791782,-3.1032563067979972],[104.83765164290905,-3.098154619210666],[104.84718364810692,-3.101677073904367],[104.85485253861384,-3.1099815152922834],[104.86026317660433,-3.1082620520115194],[104.86281885920306,-3.1100590341546024]]]}},{"type":"Feature","properties":{"code":"1602172012","desa":"Sukadarma","kecamatan":"Jejawi","kecCode":"160217","kabCode":"1602","province":"Sumatera Selatan"},"geometry":{"type":"Polygon","coordinates":[[[104.88434315571214,-3.1385623943656378],[104.88307711261872,-3.1437695202681577],[104.87057400009007,-3.1405439965327098],[104.86174899871735,-3.1509099961127025],[104.86441399930668,-3.1315499963694724],[104.8559034296996,-3.124487383827553],[104.86281885920306,-3.1100590341546024],[104.87747529225099,-3.0990554161439667],[104.88003573316261,-3.0989252122982776],[104.87999022117185,-3.1020511765866776],[104.88691325534249,-3.1072793924904465],[104.88316728674096,-3.111283888296943],[104.88476350243376,-3.114395969750986],[104.88198199827063,-3.116326712558453],[104.88384541063726,-3.130564757592732],[104.88841754683237,-3.1322754317991732],[104.88653737919674,-3.134585753260847],[104.88882389740502,-3.1366672179464676],[104.887414540149,-3.1397296343404992],[104.88434315571214,-3.1385623943656378]]]}},{"type":"Feature","properties":{"code":"1602172013","desa":"Ulak Tembaga","kecamatan":"Jejawi","kecCode":"160217","kabCode":"1602","province":"Sumatera Selatan"},"geometry":{"type":"Polygon","coordinates":[[[104.85761199769559,-3.156240996432317],[104.85127492309925,-3.1593479337642605],[104.8494315683123,-3.155296978081598],[104.84506840128574,-3.1543882473292393],[104.83607699925413,-3.1415219966662016],[104.83386799990829,-3.1183939967339946],[104.83867258207407,-3.1163851469076436],[104.85633899924545,-3.124869996794395],[104.86441399930668,-3.1315499963694724],[104.86174899871735,-3.1509099961127025],[104.85761199769559,-3.156240996432317]]]}},{"type":"Feature","properties":{"code":"1602172014","desa":"Pedu","kecamatan":"Jejawi","kecCode":"160217","kabCode":"1602","province":"Sumatera Selatan"},"geometry":{"type":"Polygon","coordinates":[[[104.83765164290905,-3.098154619210666],[104.8373733791782,-3.1032563067979972],[104.83406799833949,-3.103452450734672],[104.83174857034032,-3.1086876408809054],[104.83377199997788,-3.1210309978278907],[104.79386720570704,-3.104670612122372],[104.79727941791087,-3.0992160449537445],[104.7934757569007,-3.0940592091400116],[104.7971513652434,-3.0888195421686335],[104.79495098500001,-3.081551285251952],[104.79639054958426,-3.072907424435852],[104.83009839172745,-3.074040900263863],[104.82945130973023,-3.089105308943051],[104.83765164290905,-3.098154619210666]]]}},{"type":"Feature","properties":{"code":"1602172015","desa":"Pematang Kijang","kecamatan":"Jejawi","kecCode":"160217","kabCode":"1602","province":"Sumatera Selatan"},"geometry":{"type":"Polygon","coordinates":[[[104.82761730789251,-3.2636220136365286],[104.81366666638358,-3.261833329537875],[104.8107252366804,-3.2477439793098277],[104.83133376973774,-3.246748946016743],[104.83571699973982,-3.2500429962934017],[104.83419299960728,-3.2602709967042522],[104.82761730789251,-3.2636220136365286]]]}},{"type":"Feature","properties":{"code":"1602172016","desa":"Simpang Empat","kecamatan":"Jejawi","kecCode":"160217","kabCode":"1602","province":"Sumatera Selatan"},"geometry":{"type":"Polygon","coordinates":[[[104.83381589408827,-3.121421210965309],[104.82887433078582,-3.1291607836800264],[104.825598999894,-3.128317997515292],[104.81756624008993,-3.1372520048041923],[104.81926808655298,-3.143327462114119],[104.81678860800791,-3.1530213596590193],[104.80639687701431,-3.1543482526792874],[104.81819537971306,-3.1434032326943844],[104.81413584539301,-3.1328399569313286],[104.79792816815052,-3.135149360185156],[104.79305607567737,-3.1310312179511626],[104.79595701610344,-3.1214972648319934],[104.79991232259567,-3.1205530207514007],[104.79190686261164,-3.113645089802688],[104.7946982458274,-3.1104215166967304],[104.79386720570704,-3.104670612122372],[104.83381589408827,-3.121421210965309]]]}},{"type":"Feature","properties":{"code":"1602172017","desa":"Padang Bulan","kecamatan":"Jejawi","kecCode":"160217","kabCode":"1602","province":"Sumatera Selatan"},"geometry":{"type":"Polygon","coordinates":[[[104.83296619933071,-3.2402692884136512],[104.83016631392427,-3.243704269649269],[104.83133376973774,-3.246748946016743],[104.81061111091411,-3.247777774033611],[104.802325278289,-3.24307143381327],[104.79614244371885,-3.2427627765948515],[104.79066764629488,-3.2378054832557948],[104.81336507873544,-3.23762650737693],[104.80913514267273,-3.2295234961407138],[104.80947094502811,-3.2238650005037774],[104.82524626870041,-3.2209381065459533],[104.82343629225113,-3.225991935811307],[104.82012134622323,-3.2265865531583837],[104.82038203630202,-3.229780817358864],[104.83168893359748,-3.2360486585399504],[104.83296619933071,-3.2402692884136512]]]}},{"type":"Feature","properties":{"code":"1602172018","desa":"Batun Baru","kecamatan":"Jejawi","kecCode":"160217","kabCode":"1602","province":"Sumatera Selatan"},"geometry":{"type":"Polygon","coordinates":[[[104.83367404402196,-3.2086493672253913],[104.83068037090243,-3.2091190912234153],[104.83133975922253,-3.2116144077263824],[104.82726858857455,-3.2150684977568598],[104.82623000021442,-3.2203184664622846],[104.80970046190686,-3.224000715394937],[104.81200148438108,-3.211676110211892],[104.80838922338404,-3.2094194647865057],[104.81100542136316,-3.203414250823503],[104.80680026432083,-3.2011126536850005],[104.80372423938218,-3.188839632715127],[104.80039674691237,-3.1892636064020707],[104.81947704582903,-3.1816407827759354],[104.82850329658991,-3.1824732132473623],[104.83526209476992,-3.1772429531845514],[104.84337935936996,-3.1755508283946168],[104.85554329258895,-3.192713364398269],[104.83455880874209,-3.2022260242693767],[104.83367404402196,-3.2086493672253913]]]}},{"type":"Feature","properties":{"code":"1602172019","desa":"Danau Ceper","kecamatan":"Jejawi","kecCode":"160217","kabCode":"1602","province":"Sumatera Selatan"},"geometry":{"type":"Polygon","coordinates":[[[104.81366666638358,-3.261833329537875],[104.80666635706677,-3.272016653428203],[104.80224442384115,-3.2756130980445906],[104.79886925920901,-3.2739470580905614],[104.80178324879795,-3.2667693323268883],[104.78778917722882,-3.2578505460635703],[104.790797348319,-3.256560187102093],[104.78731193579726,-3.2480592465452878],[104.7930863891256,-3.247933399015594],[104.79063913868538,-3.2378092936833127],[104.79614244371885,-3.2427627765948515],[104.802325278289,-3.24307143381327],[104.8107252366804,-3.2477439793098277],[104.81366666638358,-3.261833329537875]]]}},{"type":"Feature","properties":{"code":"1602192001","desa":"Deling","kecamatan":"Pangkalan Lampam","kecCode":"160219","kabCode":"1602","province":"Sumatera Selatan"},"geometry":{"type":"Polygon","coordinates":[[[105.04360401771129,-3.2642551120745855],[105.04573498468186,-3.263482030562862],[105.0497637612886,-3.2631676113881087],[105.05072053472497,-3.2596665200895742],[105.04573761429951,-3.2496369541886563],[105.04174999966283,-3.205249996444707],[105.0560555559192,-3.199444439170308],[105.06619444431821,-3.19097221846304],[105.06852408321993,-3.225817077028752],[105.06695675285191,-3.2318173033516615],[105.08313888844901,-3.283777773994771],[105.05375677005894,-3.264768499956546],[105.04360401771129,-3.2642551120745855]]]}},{"type":"Feature","properties":{"code":"1602192002","desa":"Pangkalan Lampan","kecamatan":"Pangkalan Lampam","kecCode":"160219","kabCode":"1602","province":"Sumatera Selatan"},"geometry":{"type":"Polygon","coordinates":[[[105.06695675285191,-3.2318173033516615],[105.06852408321993,-3.225817077028752],[105.06619444431821,-3.19097221846304],[105.0888070985688,-3.200696869224595],[105.09572222140343,-3.2015833282665107],[105.11216666585898,-3.1976388855888094],[105.11757756555225,-3.2160396891232157],[105.11055555469517,-3.2439166634360483],[105.06695675285191,-3.2318173033516615]]]}},{"type":"Feature","properties":{"code":"1602192003","desa":"Lirik","kecamatan":"Pangkalan Lampam","kecCode":"160219","kabCode":"1602","province":"Sumatera Selatan"},"geometry":{"type":"Polygon","coordinates":[[[105.11216666585898,-3.1976388855888094],[105.09572222140343,-3.2015833282665107],[105.0888070985688,-3.200696869224595],[105.06619444431821,-3.19097221846304],[105.08509427358193,-3.1827414621276096],[105.10027777769731,-3.179249995373581],[105.10522222332702,-3.192638885244513],[105.11216666585898,-3.1976388855888094]]]}},{"type":"Feature","properties":{"code":"1602192004","desa":"Lebung Batang","kecamatan":"Pangkalan Lampam","kecCode":"160219","kabCode":"1602","province":"Sumatera Selatan"},"geometry":{"type":"Polygon","coordinates":[[[105.11757756555225,-3.2160396891232157],[105.11216666585898,-3.1976388855888094],[105.12680555583182,-3.1862777744747346],[105.12411886809132,-3.1966427632167584],[105.13999999970031,-3.2102777732497443],[105.13022222057907,-3.2102777741490325],[105.11757756555225,-3.2160396891232157]]]}},{"type":"Feature","properties":{"code":"1602192005","desa":"Sungai Bungin","kecamatan":"Pangkalan Lampam","kecCode":"160219","kabCode":"1602","province":"Sumatera Selatan"},"geometry":{"type":"Polygon","coordinates":[[[105.16244510036114,-3.4793589383235957],[105.0926618185881,-3.2962845854215472],[105.08313888844901,-3.283777773994771],[105.06695675285191,-3.2318173033516615],[105.11055555469517,-3.2439166634360483],[105.12643700016746,-3.257421996625991],[105.14553500043995,-3.250030996639327],[105.15497699968887,-3.239423997636972],[105.20243500017517,-3.217066996386533],[105.18566999867159,-3.233017996308022],[105.17237399976034,-3.263342995374732],[105.16244510036114,-3.4793589383235957]]]}},{"type":"Feature","properties":{"code":"1602192006","desa":"Sukaraja","kecamatan":"Pangkalan Lampam","kecCode":"160219","kabCode":"1602","province":"Sumatera Selatan"},"geometry":{"type":"Polygon","coordinates":[[[105.16244510036114,-3.4793589383235957],[105.17237399976034,-3.263342995374732],[105.18566999867159,-3.233017996308022],[105.20243500017517,-3.217066996386533],[105.20999259328363,-3.213560095467597],[105.21683000120366,-3.2192705386438623],[105.22914245925715,-3.2443176567467615],[105.22477099958199,-3.2480849968334313],[105.21802043289671,-3.2649823551416035],[105.21244399769239,-3.2662499963288956],[105.1993609996105,-3.278693996406031],[105.19147950667394,-3.3702259887149753],[105.1820841426691,-3.372615341698672],[105.16244510036114,-3.4793589383235957]]]}},{"type":"Feature","properties":{"code":"1602192007","desa":"Darat","kecamatan":"Pangkalan Lampam","kecCode":"160219","kabCode":"1602","province":"Sumatera Selatan"},"geometry":{"type":"Polygon","coordinates":[[[105.11055555469517,-3.2439166634360483],[105.11724075865413,-3.2162134048674],[105.13022222057907,-3.2102777741490325],[105.16198699920072,-3.2090039977867018],[105.17769300133101,-3.211680996228561],[105.19059921967828,-3.2226430107021526],[105.15497699968887,-3.239423997636972],[105.14553500043995,-3.250030996639327],[105.13539799971794,-3.2550599965223337],[105.12643700016746,-3.257421996625991],[105.11055555469517,-3.2439166634360483]]]}},{"type":"Feature","properties":{"code":"1602192008","desa":"Pulauan","kecamatan":"Pangkalan Lampam","kecCode":"160219","kabCode":"1602","province":"Sumatera Selatan"},"geometry":{"type":"Polygon","coordinates":[[[105.20999259328363,-3.213560095467597],[105.19059921967828,-3.2226430107021526],[105.17769300133101,-3.211680996228561],[105.16198699920072,-3.2090039977867018],[105.13999999970031,-3.2102777732497443],[105.14609200004581,-3.1874699967167324],[105.1373859987649,-3.1833019960685003],[105.1853279999873,-3.180702996727008],[105.1955431652849,-3.1954742210235563],[105.19902569368087,-3.204712104734943],[105.20999259328363,-3.213560095467597]]]}},{"type":"Feature","properties":{"code":"1602192009","desa":"Riding","kecamatan":"Pangkalan Lampam","kecCode":"160219","kabCode":"1602","province":"Sumatera Selatan"},"geometry":{"type":"Polygon","coordinates":[[[105.19231000000654,-3.1903019969103354],[105.1853279999873,-3.180702996727008],[105.16300699767487,-3.180804995135337],[105.17208440097436,-3.1737520431108575],[105.18592898543436,-3.1560684740884697],[105.1904959694135,-3.130656036981723],[105.20260422020868,-3.123476002658384],[105.20716301586053,-3.11387848365845],[105.21091393343134,-3.1147764738075776],[105.21112604842847,-3.107968833454663],[105.21696716310413,-3.101764457430278],[105.21746152313086,-3.080896093169233],[105.22627929755161,-3.0618422145562567],[105.224728854653,-3.0437647820483518],[105.23376159402237,-3.036201435985008],[105.23271196378617,-3.0207739296274254],[105.24071550371758,-3.0175882512545216],[105.25431345270374,-3.003976486897819],[105.25752608106386,-2.996792433504313],[105.25678625198401,-2.988541767078131],[105.26235577859639,-2.9806876719962636],[105.26999811032458,-2.9789849855682418],[105.27483055888325,-2.974985027740799],[105.28175992158315,-2.9755829051302536],[105.2864214153161,-2.9812079001216807],[105.28625147312704,-2.9900275469213873],[105.292287375562,-2.994026566755929],[105.2989620025944,-2.991016405469259],[105.30498281440543,-2.9790832445955457],[105.29935838328281,-2.965982376998856],[105.29090426681852,-2.9636391025788003],[105.2885058720484,-2.9579640198460946],[105.28965541066871,-2.938629199321578],[105.2982671342209,-2.9372412594215653],[105.30075041240168,-2.9347770531660755],[105.29659015491177,-2.925383424862991],[105.30215307690304,-2.914671668332325],[105.29896564664732,-2.9040645731026093],[105.28999891841539,-2.8975839811039483],[105.28840248688532,-2.8865300109513323],[105.28523807207944,-2.8827234811080227],[105.27998503757948,-2.882572959778693],[105.27061529975633,-2.8980139694567497],[105.25889538161663,-2.881792617140808],[105.25660980499855,-2.859242019733253],[105.25831984878205,-2.8534662569982325],[105.26142770612381,-2.8504528491589975],[105.27860331199331,-2.8515914574179657],[105.27806011877952,-2.8254520371484024],[105.2752179949146,-2.8214557971182965],[105.45308654231015,-2.823906791433518],[105.45203400186773,-2.9051575128887546],[105.44702209089684,-2.923119388809052],[105.42949520893681,-2.9425183786594817],[105.4297525049742,-2.967253744976716],[105.37573352388306,-2.9760335554070565],[105.37088710975235,-2.9847636009527916],[105.37787318010321,-2.9990238736307324],[105.37498461794581,-3.0104100848230386],[105.34836016089275,-3.0466968435106696],[105.28538545387566,-3.0787554063282987],[105.28401355698013,-3.0930302264397356],[105.25224278437706,-3.092662369549074],[105.22912458343285,-3.1270934086729287],[105.19231000000654,-3.1903019969103354]]]}},{"type":"Feature","properties":{"code":"1602192010","desa":"Sunggutan","kecamatan":"Pangkalan Lampam","kecCode":"160219","kabCode":"1602","province":"Sumatera Selatan"},"geometry":{"type":"Polygon","coordinates":[[[105.21439606432699,-3.1046871596480137],[105.21110106975863,-3.1080289207577527],[105.21091393343134,-3.1147764738075776],[105.20716301586053,-3.11387848365845],[105.20260422020868,-3.123476002658384],[105.1904959694135,-3.130656036981723],[105.18592898543436,-3.1560684740884697],[105.17208440097436,-3.1737520431108575],[105.16300699767487,-3.180804995135337],[105.14747222196553,-3.1454722174879706],[105.16066666673333,-3.13524999522131],[105.18236695786884,-3.0747151696651382],[105.18909881415902,-3.1068271018502576],[105.1915679397087,-3.110373076513389],[105.20340288293676,-3.112478800411176],[105.21439606432699,-3.1046871596480137]]]}},{"type":"Feature","properties":{"code":"1602192011","desa":"Suka Damai","kecamatan":"Pangkalan Lampam","kecCode":"160219","kabCode":"1602","province":"Sumatera Selatan"},"geometry":{"type":"Polygon","coordinates":[[[105.13999999970031,-3.2102777732497443],[105.12411886809132,-3.1966427632167584],[105.12680555583182,-3.1862777744747346],[105.13261111131378,-3.1819722189224264],[105.14609200004581,-3.1874699967167324],[105.13999999970031,-3.2102777732497443]]]}},{"type":"Feature","properties":{"code":"1602192012","desa":"Air Pedara","kecamatan":"Pangkalan Lampam","kecCode":"160219","kabCode":"1602","province":"Sumatera Selatan"},"geometry":{"type":"Polygon","coordinates":[[[105.11216666585898,-3.1976388855888094],[105.10522222332702,-3.192638885244513],[105.11108333262973,-3.173444441696506],[105.11505555626893,-3.1641666631598935],[105.12536111062684,-3.1616111073684254],[105.13443487706796,-3.174718217159538],[105.13261111131378,-3.1819722189224264],[105.11216666585898,-3.1976388855888094]]]}},{"type":"Feature","properties":{"code":"1602192013","desa":"Rimba Samak","kecamatan":"Pangkalan Lampam","kecCode":"160219","kabCode":"1602","province":"Sumatera Selatan"},"geometry":{"type":"Polygon","coordinates":[[[105.16300699767487,-3.180804995135337],[105.1373859987649,-3.1833019960685003],[105.13261111131378,-3.1819722189224264],[105.13443487706796,-3.174718217159538],[105.12536111062684,-3.1616111073684254],[105.13559465626844,-3.1470160152943514],[105.14765799492055,-3.1455132472576266],[105.16300699767487,-3.180804995135337]]]}},{"type":"Feature","properties":{"code":"1602192014","desa":"Talang Daya","kecamatan":"Pangkalan Lampam","kecCode":"160219","kabCode":"1602","province":"Sumatera Selatan"},"geometry":{"type":"Polygon","coordinates":[[[105.06619444431821,-3.19097221846304],[105.08630199923793,-3.161440995207646],[105.08112599976516,-3.1525999967039113],[105.0877109985638,-3.152256996175257],[105.08771499964756,-3.1469229966165595],[105.10311100007266,-3.1469139962015658],[105.11505555626893,-3.1641666631598935],[105.10522222332702,-3.192638885244513],[105.10027777769731,-3.179249995373581],[105.08509427358193,-3.1827414621276096],[105.06619444431821,-3.19097221846304]]]}},{"type":"Feature","properties":{"code":"1602192015","desa":"Air Rumbai","kecamatan":"Pangkalan Lampam","kecCode":"160219","kabCode":"1602","province":"Sumatera Selatan"},"geometry":{"type":"Polygon","coordinates":[[[105.12536111062684,-3.1616111073684254],[105.11505555626893,-3.1641666631598935],[105.10311100007266,-3.1469139962015658],[105.13566666588399,-3.119611107713593],[105.13559465626844,-3.1470160152943514],[105.12536111062684,-3.1616111073684254]]]}},{"type":"Feature","properties":{"code":"1602192016","desa":"Rambai","kecamatan":"Pangkalan Lampam","kecCode":"160219","kabCode":"1602","province":"Sumatera Selatan"},"geometry":{"type":"Polygon","coordinates":[[[105.10311100007266,-3.1469139962015658],[105.08771499964756,-3.1469229966165595],[105.0877109985638,-3.152256996175257],[105.08112599976516,-3.1525999967039113],[105.07972199977051,-3.1345209966776446],[105.09526099959548,-3.1181399967122356],[105.12942197684282,-2.9892769826350802],[105.12913012795308,-2.942002695707614],[105.13634687171083,-2.9458196576866795],[105.14089694393886,-2.95184494181972],[105.15190528160355,-2.9807185879901787],[105.13775000026237,-3.107111107752099],[105.13566666588399,-3.119611107713593],[105.10311100007266,-3.1469139962015658]]]}},{"type":"Feature","properties":{"code":"1602192017","desa":"Perigi","kecamatan":"Pangkalan Lampam","kecCode":"160219","kabCode":"1602","province":"Sumatera Selatan"},"geometry":{"type":"Polygon","coordinates":[[[105.08116006068832,-3.152658179242955],[105.0768819236619,-3.154601808435953],[105.06514809031215,-3.1467323268531673],[105.06355555734312,-3.130944440568384],[105.0554584870196,-3.107618719288607],[105.06264263305114,-3.109126562199599],[105.06248517525067,-3.1040710745844238],[105.07707252507701,-3.106584930611328],[105.08425067892574,-3.1049319389209],[105.08327555392371,-3.0000576748985104],[105.11677786410718,-2.948435516618568],[105.12327632923927,-2.9432075624175504],[105.12913012795308,-2.942002695707614],[105.12942197684282,-2.9892769826350802],[105.09526099959548,-3.1181399967122356],[105.07972199977051,-3.1345209966776446],[105.08116006068832,-3.152658179242955]]]}},{"type":"Feature","properties":{"code":"1602192018","desa":"Bukit Batu","kecamatan":"Pangkalan Lampam","kecCode":"160219","kabCode":"1602","province":"Sumatera Selatan"},"geometry":{"type":"Polygon","coordinates":[[[105.18236695786884,-3.0747151696651382],[105.16066666673333,-3.13524999522131],[105.14747222196553,-3.1454722174879706],[105.13559465626844,-3.1470160152943514],[105.13566666588399,-3.119611107713593],[105.15190528160355,-2.9807185879901787],[105.18063102710028,-3.0593603968772016],[105.18236695786884,-3.0747151696651382]]]}},{"type":"Feature","properties":{"code":"1602192019","desa":"Rawa Tenam","kecamatan":"Pangkalan Lampam","kecCode":"160219","kabCode":"1602","province":"Sumatera Selatan"},"geometry":{"type":"Polygon","coordinates":[[[105.06422222207794,-3.1338888856952325],[105.05070525434404,-3.1306010794115213],[105.04878835389944,-3.121171404482177],[105.04442072803425,-3.114014056456753],[105.0554584870196,-3.107618719288607],[105.06422222207794,-3.1338888856952325]]]}},{"type":"Feature","properties":{"code":"1602202001","desa":"Catur Tunggal","kecamatan":"Mesuji Makmur","kecCode":"160220","kabCode":"1602","province":"Sumatera Selatan"},"geometry":{"type":"Polygon","coordinates":[[[104.9607926549571,-4.029078079262923],[104.95794444268194,-4.062055550461375],[104.96155555524474,-4.066111105277102],[104.95705555457026,-4.0665555511311],[104.95491402865957,-4.081765600519296],[104.94724991804934,-4.083639055613178],[104.92399989987551,-4.081889052255072],[104.92330555490747,-4.07330555033707],[104.90975477356403,-4.059631042978889],[104.91891385868769,-4.0547510868390155],[104.93448041374019,-4.033293023622691],[104.94361111086413,-4.026861106530173],[104.95325500341573,-4.031469074408669],[104.9607926549571,-4.029078079262923]]]}},{"type":"Feature","properties":{"code":"1602202002","desa":"Surya Karta","kecamatan":"Mesuji Makmur","kecCode":"160220","kabCode":"1602","province":"Sumatera Selatan"},"geometry":{"type":"Polygon","coordinates":[[[104.994106392596,-4.059345688993283],[104.99383696740216,-4.070416547514898],[104.9968117646513,-4.070329872654825],[104.99644125476016,-4.084747463738598],[105.00101760337974,-4.084840844843114],[105.00098479431284,-4.0961678896384415],[104.99763888822417,-4.10088888341229],[104.9921388890985,-4.103388884483795],[104.99035513867874,-4.110071467811331],[104.97041177478366,-4.105491050663606],[104.96942705581402,-4.0885366627468755],[104.96593391092131,-4.08479020042142],[104.96318266624712,-4.086054114818216],[104.95485690821981,-4.081018267497052],[104.95705555457026,-4.0665555511311],[104.96155555524474,-4.066111105277102],[104.95794444268194,-4.062055550461375],[104.95824999993759,-4.046388884693911],[104.97041666709555,-4.04549999568382],[104.97328220840723,-4.053710525367389],[104.994106392596,-4.059345688993283]]]}},{"type":"Feature","properties":{"code":"1602202003","desa":"Tegal Sari","kecamatan":"Mesuji Makmur","kecCode":"160220","kabCode":"1602","province":"Sumatera Selatan"},"geometry":{"type":"Polygon","coordinates":[[[104.9886572609239,-4.001158740585969],[104.99904915379544,-4.004535909803336],[104.99885358092808,-4.03855509450493],[105.00255966099962,-4.03862334585361],[105.00262775856426,-4.0521051464839335],[104.99405555482006,-4.059388883431123],[104.97328220840723,-4.053710525367389],[104.97041666709555,-4.04549999568382],[104.95824999993759,-4.046388884693911],[104.96075199840605,-4.022031064562453],[104.96778993265934,-4.021667682698183],[104.96899077580372,-4.005149474966633],[104.9671111108891,-4.000999996755126],[104.97068899979757,-3.997295995920129],[104.9847220003201,-4.00216099543504],[104.9886572609239,-4.001158740585969]]]}},{"type":"Feature","properties":{"code":"1602202004","desa":"Mukti Karya","kecamatan":"Mesuji Makmur","kecCode":"160220","kabCode":"1602","province":"Sumatera Selatan"},"geometry":{"type":"Polygon","coordinates":[[[104.92399989987551,-4.081889052255072],[104.94728686579627,-4.083637980923336],[104.95504870933054,-4.080943143529341],[104.96318266624712,-4.086054114818216],[104.96593391092131,-4.08479020042142],[104.96942705581402,-4.0885366627468755],[104.96951138434297,-4.104905141451881],[104.97825754035323,-4.107579011152384],[104.96894440136309,-4.124383007242235],[104.951637589803,-4.133371112349658],[104.94420087007414,-4.119160951694349],[104.91672245907425,-4.119323852191595],[104.90597783590844,-4.112886788278977],[104.92399989987551,-4.081889052255072]]]}},{"type":"Feature","properties":{"code":"1602202005","desa":"Pematang Jaya","kecamatan":"Mesuji Makmur","kecCode":"160220","kabCode":"1602","province":"Sumatera Selatan"},"geometry":{"type":"Polygon","coordinates":[[[104.89039148407977,-4.081913965274341],[104.88741565171102,-4.095854209706388],[104.87720624477242,-4.104917565585964],[104.87054463992324,-4.098499588884452],[104.86384627078883,-4.099917988822153],[104.86438534600698,-4.096774868167012],[104.85421996807713,-4.099003743427065],[104.84441651690877,-4.095929294103877],[104.83803290869183,-4.097059161851914],[104.8385047299094,-4.061631295286576],[104.8846666670331,-4.063638884263478],[104.88446645456327,-4.0817429349057575],[104.89039148407977,-4.081913965274341]]]}},{"type":"Feature","properties":{"code":"1602202006","desa":"Pematang Sukatani","kecamatan":"Mesuji Makmur","kecCode":"160220","kabCode":"1602","province":"Sumatera Selatan"},"geometry":{"type":"Polygon","coordinates":[[[104.90951226507906,-4.0600436546311816],[104.92330555490747,-4.07330555033707],[104.92399989987551,-4.081889052255072],[104.90608035232646,-4.110791384101609],[104.90445951769266,-4.1060682643304975],[104.89612144165125,-4.1050270616422235],[104.89319424731673,-4.100536956212977],[104.88648817908626,-4.0972748516539035],[104.89296464320374,-4.07677070832405],[104.89733900858845,-4.070697292474986],[104.90506388369134,-4.06742885758809],[104.90951226507906,-4.0600436546311816]]]}},{"type":"Feature","properties":{"code":"1602202007","desa":"Kampung Baru","kecamatan":"Mesuji Makmur","kecCode":"160220","kabCode":"1602","province":"Sumatera Selatan"},"geometry":{"type":"Polygon","coordinates":[[[104.82457387438484,-4.200704847642326],[104.83569681175851,-4.1963068660653695],[104.84151522574713,-4.20362764069171],[104.84696421802431,-4.201160450485626],[104.84804409425959,-4.202882716053919],[104.85093146301664,-4.199106963708773],[104.85262432165517,-4.201443664984104],[104.85476772265234,-4.200491353085407],[104.85466666673335,-4.209027773695746],[104.84536111082667,-4.217111105967207],[104.84386518393113,-4.23873053004162],[104.82741971065121,-4.238724388571336],[104.82348695915589,-4.243361373075748],[104.82155117384762,-4.240570966526613],[104.81514159321,-4.2416279289343946],[104.80724952964215,-4.247897650598147],[104.8064087426694,-4.251104851546289],[104.79685079562779,-4.250515616641692],[104.7948897330748,-4.2545501578985165],[104.79712329740232,-4.255686399141845],[104.79685604407125,-4.26129622167124],[104.79252964672587,-4.266598443685619],[104.79152666342485,-4.263473477644512],[104.77739858837424,-4.255528785758891],[104.77409167329215,-4.250296459953171],[104.76881538772004,-4.251269563278194],[104.7636180113622,-4.245854308173966],[104.75826535626123,-4.2491786350266745],[104.75551189655685,-4.246813311928006],[104.74775627273385,-4.247836920279712],[104.7496874391241,-4.243640021716134],[104.74324193236937,-4.233458977606919],[104.74464269300591,-4.227247902532415],[104.76003869612896,-4.2128076305467],[104.76152430060603,-4.200083901743086],[104.769568749798,-4.194516407604382],[104.76990045034556,-4.1858521915327795],[104.77309162897556,-4.184686119777178],[104.776793198947,-4.174378896288482],[104.7859123766549,-4.1707376906152245],[104.78495439992567,-4.165138273241893],[104.80317207183373,-4.177153874068549],[104.80615042859942,-4.187107246708163],[104.81769185289674,-4.1926218211403645],[104.82457387438484,-4.200704847642326]]]}},{"type":"Feature","properties":{"code":"1602202008","desa":"Cahaya Mas","kecamatan":"Mesuji Makmur","kecCode":"160220","kabCode":"1602","province":"Sumatera Selatan"},"geometry":{"type":"Polygon","coordinates":[[[104.83222325769725,-4.192004262087899],[104.82729518872202,-4.200192501175222],[104.82639504559495,-4.2000591775813865],[104.82589498656444,-4.200492633719989],[104.82526492333761,-4.200247007285762],[104.82457387438484,-4.200704847642326],[104.81769185289674,-4.1926218211403645],[104.80615042859942,-4.187107246708163],[104.80317207183373,-4.177153874068549],[104.79132843126217,-4.17059803849213],[104.7838010086097,-4.162485588870868],[104.78486685811907,-4.157824043881462],[104.78866375263016,-4.156006453773634],[104.78987204126173,-4.149809010622719],[104.78675725194567,-4.135872455209712],[104.79045793428628,-4.1269868278492945],[104.80264711507239,-4.119731226192294],[104.80416905935465,-4.110121990824452],[104.81348049323024,-4.106620753835653],[104.82143441756436,-4.109865909771449],[104.82451221326806,-4.105235353621116],[104.82612601700212,-4.127380919762632],[104.85114112466322,-4.127098437312367],[104.8490794117855,-4.134306918091532],[104.850354103659,-4.149684989616086],[104.84279515167498,-4.162363352119094],[104.84490560870694,-4.17525921835679],[104.84281043925046,-4.186760401577695],[104.83222325769725,-4.192004262087899]]]}},{"type":"Feature","properties":{"code":"1602202009","desa":"Karya Usaha","kecamatan":"Mesuji Makmur","kecCode":"160220","kabCode":"1602","province":"Sumatera Selatan"},"geometry":{"type":"Polygon","coordinates":[[[104.89039148407977,-4.081913965274341],[104.88446645456327,-4.0817429349057575],[104.8846666670331,-4.063638884263478],[104.8385047299094,-4.061631295286576],[104.83916069630912,-4.092522456252224],[104.83803290869183,-4.097059161851914],[104.83446671456727,-4.096993084164643],[104.83414909920161,-4.094137087360855],[104.82993814243139,-4.0914607795983],[104.8319652323097,-4.0854750314608665],[104.8282084169849,-4.07738083807711],[104.83007795733192,-4.074983169961699],[104.82577510243907,-4.069737411881978],[104.83015191308037,-4.060409414302824],[104.83645756626373,-4.058893965825252],[104.84104518698585,-4.054399642575667],[104.84692115938405,-4.0537510353289035],[104.84824388494741,-4.048042392595267],[104.8517631902191,-4.045990410384192],[104.85085462673969,-4.0440385703808595],[104.865944443981,-4.05444443960531],[104.87097222169074,-4.052749995463846],[104.88197222174067,-4.054083328529289],[104.8971944425695,-4.049305551561556],[104.90774533557884,-4.063679551606385],[104.90506388369134,-4.06742885758809],[104.89617212294517,-4.071757603958083],[104.89039148407977,-4.081913965274341]]]}},{"type":"Feature","properties":{"code":"1602202010","desa":"Pematang Binatani","kecamatan":"Mesuji Makmur","kecCode":"160220","kabCode":"1602","province":"Sumatera Selatan"},"geometry":{"type":"Polygon","coordinates":[[[104.9121266077568,-4.12628262811102],[104.90341131018384,-4.1594494083986735],[104.86124999998758,-4.173812999690228],[104.87322500003381,-4.145288997339508],[104.87331699977977,-4.142056997585963],[104.86203600026123,-4.139848995590576],[104.866822520443,-4.129035344073178],[104.86293817855415,-4.123748404238371],[104.88057599998244,-4.1115589977353135],[104.88101732069286,-4.1091421497786715],[104.89088399959697,-4.105014997236969],[104.9101500004222,-4.117339997222746],[104.9121266077568,-4.12628262811102]]]}},{"type":"Feature","properties":{"code":"1602202011","desa":"Bina Karsa","kecamatan":"Mesuji Makmur","kecCode":"160220","kabCode":"1602","province":"Sumatera Selatan"},"geometry":{"type":"Polygon","coordinates":[[[104.90445951769266,-4.1060682643304975],[104.90597783590844,-4.112886788278977],[104.91519721068276,-4.118597004826207],[104.91966451020902,-4.119161210699046],[104.92044500123586,-4.124761641608317],[104.92436379435367,-4.127971904748031],[104.9120911465892,-4.126277731302483],[104.9101500004222,-4.117339997222746],[104.89088399959697,-4.105014997236969],[104.88101732069286,-4.1091421497786715],[104.88057599998244,-4.1115589977353135],[104.86293817855415,-4.123748404238371],[104.866822520443,-4.129035344073178],[104.86203600026123,-4.139848995590576],[104.87331699977977,-4.142056997585963],[104.87322500003381,-4.145288997339508],[104.86124999998758,-4.173812999690228],[104.85237686869759,-4.17977469006365],[104.84393646689448,-4.180300740400045],[104.84335901580602,-4.1595034648481715],[104.85050927898008,-4.148581026839541],[104.8490794117855,-4.134306918091532],[104.85114112466322,-4.127098437312367],[104.84912474031455,-4.12093966321072],[104.85273623688789,-4.120685519297408],[104.85261752637778,-4.118056081501879],[104.8605721755655,-4.11311691849512],[104.8600441404248,-4.1101408406145294],[104.86311842067865,-4.107496623360509],[104.8644023863611,-4.108657350445191],[104.87296389087095,-4.102285402844617],[104.87720624477242,-4.104917565585964],[104.88659775068574,-4.097155441471432],[104.89319424731673,-4.100536956212977],[104.89612144165125,-4.1050270616422235],[104.90445951769266,-4.1060682643304975]]]}},{"type":"Feature","properties":{"code":"1602202012","desa":"Pematang Sari","kecamatan":"Mesuji Makmur","kecCode":"160220","kabCode":"1602","province":"Sumatera Selatan"},"geometry":{"type":"Polygon","coordinates":[[[104.83446671456727,-4.096993084164643],[104.84441651690877,-4.095929294103877],[104.85421996807713,-4.099003743427065],[104.86438534600698,-4.096774868167012],[104.86384627078883,-4.099917988822153],[104.87054463992324,-4.098499588884452],[104.87359724921374,-4.10167627853366],[104.8600441404248,-4.1101408406145294],[104.8605721755655,-4.11311691849512],[104.85261752637778,-4.118056081501879],[104.85273623688789,-4.120685519297408],[104.84912474031455,-4.12093966321072],[104.84972794079192,-4.127383354227472],[104.82612601700212,-4.127380919762632],[104.82507877626455,-4.105291925474365],[104.83357479843822,-4.101053056450211],[104.83446671456727,-4.096993084164643]]]}},{"type":"Feature","properties":{"code":"1602202013","desa":"Pematang Sukaramah","kecamatan":"Mesuji Makmur","kecCode":"160220","kabCode":"1602","province":"Sumatera Selatan"},"geometry":{"type":"Polygon","coordinates":[[[104.92968191099145,-4.039327736248163],[104.91891385868769,-4.0547510868390155],[104.90994848843206,-4.059390256695904],[104.90774533557884,-4.063679551606385],[104.88713888894864,-4.035305551676282],[104.8886111106143,-4.0299166628958085],[104.90394444358127,-4.015361106817133],[104.91813888769956,-4.027305551484885],[104.9210277772102,-4.026527773713426],[104.92968191099145,-4.039327736248163]]]}},{"type":"Feature","properties":{"code":"1602202014","desa":"Cahaya Mulya","kecamatan":"Mesuji Makmur","kecCode":"160220","kabCode":"1602","province":"Sumatera Selatan"},"geometry":{"type":"Polygon","coordinates":[[[104.90394444358127,-4.015361106817133],[104.96717300133297,-4.007851074363072],[104.96712898941138,-4.002979246295761],[104.96890899955075,-4.0029530688297115],[104.96778993265934,-4.021667682698183],[104.96075199840605,-4.022031064562453],[104.96080800008917,-4.029073065542517],[104.95325500341573,-4.031469074408669],[104.94361111086413,-4.026861106530173],[104.9435555714325,-4.015364415422924],[104.9263730012131,-4.016034741297079],[104.92099999985015,-4.02311110627183],[104.9210277772102,-4.026527773713426],[104.91813888769956,-4.027305551484885],[104.90394444358127,-4.015361106817133]]]}},{"type":"Feature","properties":{"code":"1602202015","desa":"Gading Sari","kecamatan":"Mesuji Makmur","kecCode":"160220","kabCode":"1602","province":"Sumatera Selatan"},"geometry":{"type":"Polygon","coordinates":[[[104.90552367737585,-4.012018290802558],[104.8886111106143,-4.0299166628958085],[104.88713888894864,-4.035305551676282],[104.8971944425695,-4.049305551561556],[104.88197222174067,-4.054083328529289],[104.87097222169074,-4.052749995463846],[104.865944443981,-4.05444443960531],[104.85085462673969,-4.0440385703808595],[104.85358754412994,-4.041320405472392],[104.85307196100229,-4.036312075607159],[104.85941391711862,-4.035348065327272],[104.86013918617452,-4.032670318649435],[104.8614684147356,-4.034076009367988],[104.86253028384556,-4.031401021810218],[104.86777833879937,-4.030147123163065],[104.86898176389735,-4.024148177474622],[104.87264864431955,-4.021033406148276],[104.8774228770642,-4.021104813217945],[104.88412438483253,-4.017643557389322],[104.8843631692249,-4.015287737426735],[104.89140370881415,-4.015070007962333],[104.89196509261501,-4.011998612736837],[104.8958479838974,-4.010822574694411],[104.90552367737585,-4.012018290802558]]]}},{"type":"Feature","properties":{"code":"1602202017","desa":"Karya Jaya","kecamatan":"Mesuji Makmur","kecCode":"160220","kabCode":"1602","province":"Sumatera Selatan"},"geometry":{"type":"Polygon","coordinates":[[[104.97828411262174,-4.1075846867738015],[104.97547478793119,-4.130777450484436],[104.99007967633604,-4.156280808151291],[105.01477656518637,-4.172359089122282],[105.01412752986168,-4.17438378410384],[105.00918859887479,-4.17310640955401],[105.00824508144541,-4.176047449847679],[105.00617032659936,-4.174194998420089],[105.00012553796324,-4.17765260210191],[104.99536184887027,-4.17439424771581],[104.99096423241343,-4.176802258034682],[104.9895925873281,-4.174081055216282],[104.98190470943483,-4.171896674813742],[104.97124779355089,-4.171592599641177],[104.96974340943086,-4.173649584780738],[104.96758846023931,-4.171057815988412],[104.95782768909663,-4.178524896821599],[104.95317284764889,-4.178199153383698],[104.94930546157786,-4.182158446566312],[104.9462971394015,-4.192015133992107],[104.94064142716019,-4.190003216578153],[104.93808549275131,-4.19156469865326],[104.93681984985624,-4.189342643851635],[104.93281274601149,-4.194008062221035],[104.92991899926243,-4.1792639956511755],[104.93065278669677,-4.153737567675881],[104.92817944872262,-4.151537239595526],[104.91587579503198,-4.151151076105249],[104.90773581085904,-4.146729606035139],[104.9121266077568,-4.12628262811102],[104.92436379435367,-4.127971904748031],[104.92044500123586,-4.124761641608317],[104.91968650582766,-4.1191974812564505],[104.94420087007414,-4.119160951694349],[104.951637589803,-4.133371112349658],[104.96894440136309,-4.124383007242235],[104.97828411262174,-4.1075846867738015]]]}},{"type":"Feature","properties":{"code":"1602202018","desa":"Mesuji Jaya","kecamatan":"Mesuji Makmur","kecCode":"160220","kabCode":"1602","province":"Sumatera Selatan"},"geometry":{"type":"Polygon","coordinates":[[[104.84386518393113,-4.23873053004162],[104.84536111082667,-4.217111105967207],[104.85466666673335,-4.209027773695746],[104.85476772265234,-4.200491353085407],[104.86361018076529,-4.2011085829859836],[104.86726024386523,-4.196972607195671],[104.88258960632534,-4.199120924784242],[104.88721394366858,-4.194904392221724],[104.89285096979648,-4.1947952675854925],[104.90773581085904,-4.146729606035139],[104.91587579503198,-4.151151076105249],[104.9302024736653,-4.152901815108815],[104.93196785992887,-4.156612510497156],[104.93006084483214,-4.160037714303661],[104.92991899926243,-4.1792639956511755],[104.93315312231879,-4.192544996554661],[104.92764383769304,-4.191806309614608],[104.92555313786708,-4.195006561501353],[104.92144720662331,-4.195533325000079],[104.91985377163434,-4.199208325397166],[104.91642320156956,-4.199548252043136],[104.91625713096185,-4.197786891146924],[104.90606245941501,-4.201037462800054],[104.90216088022049,-4.210348223073566],[104.89877840410014,-4.21149962958459],[104.89267917500398,-4.208352693105989],[104.8902099981929,-4.212355017949184],[104.89120626805487,-4.217368537801947],[104.87507057075032,-4.218069722113428],[104.87661533712814,-4.23325114967824],[104.87273147637659,-4.235641805779662],[104.86996521572217,-4.231925825974918],[104.86374808820375,-4.231352211394871],[104.86050766179919,-4.23527940777376],[104.86192523256346,-4.237170667645497],[104.85556288611836,-4.241295472956709],[104.84386518393113,-4.23873053004162]]]}},{"type":"Feature","properties":{"code":"1602202019","desa":"Sumber Mulya","kecamatan":"Mesuji Makmur","kecCode":"160220","kabCode":"1602","province":"Sumatera Selatan"},"geometry":{"type":"Polygon","coordinates":[[[104.94361111086413,-4.026861106530173],[104.92968191099145,-4.039327736248163],[104.9210277772102,-4.026527773713426],[104.92099999985015,-4.02311110627183],[104.9263730012131,-4.016034741297079],[104.9435555714325,-4.015364415422924],[104.94361111086413,-4.026861106530173]]]}},{"type":"Feature","properties":{"code":"1602202020","desa":"Beringin Jaya","kecamatan":"Mesuji Makmur","kecCode":"160220","kabCode":"1602","province":"Sumatera Selatan"},"geometry":{"type":"Polygon","coordinates":[[[104.86361018076529,-4.2011085829859836],[104.85262432165517,-4.201443664984104],[104.85093146301664,-4.199106963708773],[104.84804409425959,-4.202882716053919],[104.84696421802431,-4.201160450485626],[104.84151522574713,-4.20362764069171],[104.83569681175851,-4.1963068660653695],[104.82716245238531,-4.199923170410529],[104.83222325769725,-4.192004262087899],[104.8421284095985,-4.187746409274724],[104.84393646689448,-4.180300740400045],[104.85237686869759,-4.17977469006365],[104.86124999998758,-4.173812999690228],[104.90341131018384,-4.1594494083986735],[104.89285096979648,-4.1947952675854925],[104.88721394366858,-4.194904392221724],[104.88258960632534,-4.199120924784242],[104.86726024386523,-4.196972607195671],[104.86361018076529,-4.2011085829859836]]]}},{"type":"Feature","properties":{"code":"1602212001","desa":"Embacang","kecamatan":"Mesuji Raya","kecCode":"160221","kabCode":"1602","province":"Sumatera Selatan"},"geometry":{"type":"Polygon","coordinates":[[[105.2112023846824,-3.661618993785454],[105.20740529681704,-3.6774910026545986],[105.20097581598115,-3.677689588250658],[105.19435790469362,-3.6722239126560607],[105.18401442142844,-3.677435974038022],[105.18045652894573,-3.6821351682454173],[105.1777995494097,-3.6995977108889937],[105.1804449924425,-3.704437657090389],[105.18491093669041,-3.7051181587934257],[105.1862308176981,-3.7111830706531497],[105.1813856958932,-3.7216935741988855],[105.1710831506669,-3.7258113243285487],[105.16825795024425,-3.719601298762896],[105.16264027392958,-3.7177165715664926],[105.15569639797046,-3.722600006284055],[105.15576118602996,-3.7328754423356583],[105.16491341382304,-3.740620294970194],[105.16799401181424,-3.7469267206644776],[105.16815907787917,-3.7568155750410046],[105.1661858717806,-3.759733754568299],[105.15457147559317,-3.757349988173121],[105.15147683558757,-3.753644988191329],[105.12427823425314,-3.75169037108153],[105.12441974527508,-3.7470378849631234],[105.11142459926587,-3.746752771995809],[105.11709778533456,-3.7392663926109524],[105.11680555603164,-3.7349166641583733],[105.12927615896763,-3.732627464174236],[105.13216203844739,-3.72732479159961],[105.14285874393596,-3.7222392180646446],[105.13816332867474,-3.71278013170699],[105.14314408083469,-3.707207479057184],[105.14014471770463,-3.7031823033401174],[105.13033158083782,-3.6973505470158994],[105.12055555539462,-3.6984444400833945],[105.13371635562538,-3.6759982530654827],[105.15225638862148,-3.6794361157290285],[105.1578412423795,-3.660906627303707],[105.17028396273473,-3.661189125042486],[105.17037053057561,-3.6564258406495243],[105.18847860930042,-3.656709745827264],[105.18843780705919,-3.661444338249778],[105.2112023846824,-3.661618993785454]]]}},{"type":"Feature","properties":{"code":"1602212002","desa":"Balian","kecamatan":"Mesuji Raya","kecCode":"160221","kabCode":"1602","province":"Sumatera Selatan"},"geometry":{"type":"Polygon","coordinates":[[[105.19178807485979,-3.8174883107345603],[105.15542944231498,-3.8170969014988776],[105.15536689356736,-3.821828287838172],[105.13558234724756,-3.821641660527382],[105.14165586022983,-3.8111643770387285],[105.15359209769717,-3.8014793135341836],[105.1554460024311,-3.7969258922356244],[105.15425760320589,-3.789052209020184],[105.14896091021791,-3.784884108547127],[105.14949331156714,-3.7775605361300255],[105.14681284623595,-3.7729525430704856],[105.15444467478198,-3.7665725798125957],[105.16390369100259,-3.7662964097037026],[105.16815907787917,-3.7568155750410046],[105.16579514423057,-3.741837855610827],[105.15747916543118,-3.735497449932378],[105.15479451555449,-3.7303622958737814],[105.15569639797046,-3.722600006284055],[105.16264027392958,-3.7177165715664926],[105.16825795024425,-3.719601298762896],[105.1710831506669,-3.7258113243285487],[105.1813856958932,-3.7216935741988855],[105.1862308176981,-3.7111830706531497],[105.18491093669041,-3.7051181587934257],[105.1804449924425,-3.704437657090389],[105.1777995494097,-3.6995977108889937],[105.18129937086935,-3.6806211622804526],[105.19435790469362,-3.6722239126560607],[105.20097581598115,-3.677689588250658],[105.20740529681704,-3.6774910026545986],[105.20958071367903,-3.6745181956083943],[105.20999672656774,-3.662751734867386],[105.21290562329595,-3.659162262694803],[105.21999689094383,-3.657613518617206],[105.2212298857507,-3.6686002032932112],[105.22683404165774,-3.6707078697265807],[105.23971421743725,-3.6677206627358414],[105.24278759567107,-3.670842864260858],[105.24593763301539,-3.694381143903581],[105.2585130123657,-3.7061140176641763],[105.25807851031503,-3.7127177349448153],[105.25099976932398,-3.723152618996373],[105.25811057294464,-3.7289287819298056],[105.25764381131289,-3.731359501928906],[105.21932155224788,-3.7308963321899404],[105.21914280030006,-3.7605178410838485],[105.21000084096607,-3.7603446676308154],[105.20993783356425,-3.7848793520328297],[105.19210889540925,-3.787023101964679],[105.19178807485979,-3.8174883107345603]]]}},{"type":"Feature","properties":{"code":"1602212003","desa":"Sumbu Sari","kecamatan":"Mesuji Raya","kecCode":"160221","kabCode":"1602","province":"Sumatera Selatan"},"geometry":{"type":"Polygon","coordinates":[[[105.01498227701052,-3.8080322236159256],[105.00736478185928,-3.807953088671886],[105.00731284421245,-3.810304885966993],[104.96961111106401,-3.8101388846072823],[104.96966196232978,-3.770321375878638],[104.99685918590279,-3.7702154861037713],[104.99689689357683,-3.767246282640993],[105.00088888881123,-3.7638888850187664],[105.03182528031249,-3.763057102059265],[105.0318333328421,-3.796694440016162],[105.01495739187021,-3.7968623425426724],[105.01498227701052,-3.8080322236159256]]]}},{"type":"Feature","properties":{"code":"1602212004","desa":"Suka Sari","kecamatan":"Mesuji Raya","kecCode":"160221","kabCode":"1602","province":"Sumatera Selatan"},"geometry":{"type":"Polygon","coordinates":[[[105.04483813037545,-3.7647440899216833],[105.01019414974029,-3.76343869159756],[105.01055555579431,-3.729944440274669],[105.02422222197805,-3.7290833277252577],[105.02425000023737,-3.7264444398536822],[105.0365277777348,-3.7265277737323563],[105.03538888888619,-3.7298888846552956],[105.0521102849617,-3.72990929656778],[105.05206591331131,-3.752796899623797],[105.0610833327297,-3.7528611067211815],[105.06113888834908,-3.761472217825914],[105.04483813037545,-3.761471180907609],[105.04483813037545,-3.7647440899216833]]]}},{"type":"Feature","properties":{"code":"1602212005","desa":"Ciptasari","kecamatan":"Mesuji Raya","kecCode":"160221","kabCode":"1602","province":"Sumatera Selatan"},"geometry":{"type":"Polygon","coordinates":[[[105.01019414974029,-3.76343869159756],[105.00088888881123,-3.7638888850187664],[104.99689689357683,-3.767246282640993],[104.99685918590279,-3.7702154861037713],[104.96966196232978,-3.770321375878638],[104.96983024167234,-3.72846853858473],[104.97889155699981,-3.7284746953434103],[104.97889161185843,-3.7261483677479514],[104.98293138807315,-3.7261526719032854],[104.98292656590837,-3.714634480704007],[105.02424989231871,-3.714694567107821],[105.02422222197805,-3.7290833277252577],[105.01055555579431,-3.729944440274669],[105.01019414974029,-3.76343869159756]]]}},{"type":"Feature","properties":{"code":"1602212006","desa":"Mataram Jaya","kecamatan":"Mesuji Raya","kecCode":"160221","kabCode":"1602","province":"Sumatera Selatan"},"geometry":{"type":"Polygon","coordinates":[[[105.07840429422286,-3.8251003227112625],[105.0329999999501,-3.824527773827896],[105.03322222332702,-3.8082499962477905],[105.04230555585679,-3.8082499962477905],[105.0422343619263,-3.8129881868577566],[105.05871955196578,-3.811765116070985],[105.04508333322927,-3.808388884846488],[105.04477909258111,-3.7713042791160634],[105.04268904026708,-3.7712999506790403],[105.04483813037545,-3.761471180907609],[105.06113888834908,-3.761472217825914],[105.0611388892484,-3.75755555160893],[105.0711397119282,-3.757540287415841],[105.07108333342914,-3.761472217825914],[105.09987733477124,-3.76074371480868],[105.10344253064834,-3.754892287613331],[105.10193382798381,-3.7452828319117324],[105.1087035304436,-3.7488201263185963],[105.11142459926587,-3.746752771995809],[105.12441974527508,-3.7470378849631234],[105.12427823425314,-3.75169037108153],[105.13462791474655,-3.751667192854479],[105.13240333194828,-3.755639689883305],[105.13345862881272,-3.7583529022253175],[105.12382357659686,-3.755289054110494],[105.1236119337438,-3.756553624112983],[105.12546961742895,-3.7585263508708624],[105.12548377095929,-3.7601500732260384],[105.1190371877161,-3.7583435204977254],[105.12152275107417,-3.7622594546665797],[105.11611111033956,-3.7591666627710483],[105.1193888882866,-3.7814444409442234],[105.1228409980137,-3.7879132464282903],[105.12072222135349,-3.794416661421991],[105.10913138830301,-3.7943944688518916],[105.10913432009283,-3.7861563884376044],[105.10613955429703,-3.7860140941063047],[105.09679874136889,-3.7904964239971144],[105.09679874136889,-3.799461019027602],[105.08905555696843,-3.8018055506999135],[105.08768372392478,-3.8089176151625552],[105.08347679341932,-3.8088464679969336],[105.07969768569967,-3.81581878770626],[105.0777011745696,-3.8087753217306513],[105.0724959902978,-3.8099610949341844],[105.06963888822416,-3.8077777739330756],[105.06938888928583,-3.8202499956354803],[105.07844444355628,-3.8202499956354803],[105.07840429422286,-3.8251003227112625]]]}},{"type":"Feature","properties":{"code":"1602212007","desa":"Bumi Makmur","kecamatan":"Mesuji Raya","kecCode":"160221","kabCode":"1602","province":"Sumatera Selatan"},"geometry":{"type":"Polygon","coordinates":[[[105.13371635562538,-3.6759982530654827],[105.12055555539462,-3.6984444400833945],[105.10397222144091,-3.6992777752728068],[105.10283865208218,-3.705715665662263],[105.09402777905882,-3.694361106109131],[105.08797222194056,-3.694249995769705],[105.09088008894503,-3.689781732175036],[105.06833333341666,-3.6798333291892167],[105.07022222177818,-3.6702499960951727],[105.06947458208634,-3.637153889030882],[105.10548512304005,-3.637164798706585],[105.10949950509813,-3.641809729620455],[105.10856503844582,-3.646290814849528],[105.11830463055429,-3.659603364869522],[105.11995747026111,-3.675756310254338],[105.13371635562538,-3.6759982530654827]]]}},{"type":"Feature","properties":{"code":"1602212008","desa":"Sumber Baru","kecamatan":"Mesuji Raya","kecCode":"160221","kabCode":"1602","province":"Sumatera Selatan"},"geometry":{"type":"Polygon","coordinates":[[[105.00371821622275,-3.8606475643852747],[104.99885700015051,-3.851364996059307],[104.98186299977766,-3.844636996069239],[104.98295655470127,-3.8427926439360425],[104.96931285270603,-3.8402154855296793],[104.97107297973429,-3.818318520779816],[104.96961111106401,-3.8101388846072823],[105.03322222332702,-3.8082499962477905],[105.0329999999501,-3.824527773827896],[105.02897332955557,-3.82447812585504],[105.02774462001827,-3.835373332391956],[105.0235404513308,-3.8381400867712046],[105.00762066236376,-3.8388171395742487],[105.01016527880459,-3.8477719310951883],[105.00371821622275,-3.8606475643852747]]]}},{"type":"Feature","properties":{"code":"1602212009","desa":"Mulya Jaya","kecamatan":"Mesuji Raya","kecCode":"160221","kabCode":"1602","province":"Sumatera Selatan"},"geometry":{"type":"Polygon","coordinates":[[[105.06025000023737,-3.82488888580324],[105.0599430832068,-3.845777137672292],[105.06377777802207,-3.8530833288923176],[105.06874510869987,-3.8530555785118943],[105.06851304404184,-3.8674431745073616],[105.0593157269393,-3.8685120457376514],[105.05437509173713,-3.878405121532005],[105.04858430492179,-3.882306978612829],[105.04883700002762,-3.878449995903362],[105.02141900008682,-3.867793995540544],[105.00720600025676,-3.8674509959112306],[105.00368128736159,-3.8606599678349287],[105.01016527880459,-3.8477719310951883],[105.00762066236376,-3.8388171395742487],[105.0266750617048,-3.8365353527017274],[105.02897332955557,-3.82447812585504],[105.06025000023737,-3.82488888580324]]]}},{"type":"Feature","properties":{"code":"1602212010","desa":"Rotan Mulya","kecamatan":"Mesuji Raya","kecCode":"160221","kabCode":"1602","province":"Sumatera Selatan"},"geometry":{"type":"MultiPolygon","coordinates":[[[[105.0610833327297,-3.7528611067211815],[105.05206591331131,-3.752796899623797],[105.0521102849617,-3.72990929656778],[105.03538888888619,-3.7298888846552956],[105.03705555566944,-3.7258333289403067],[105.04653065176825,-3.728165153192128],[105.06319444266944,-3.7260833278783387],[105.07700640242359,-3.7378283191041786],[105.07984300265252,-3.7431749757214123],[105.09697124932376,-3.749006367820228],[105.10344253064834,-3.754892287613331],[105.09800441836927,-3.76119148545636],[105.07108333342914,-3.761472217825914],[105.0711397119282,-3.757540287415841],[105.0611388892484,-3.75755555160893],[105.0610833327297,-3.7528611067211815]]],[[[105.11709778533456,-3.7392663926109524],[105.1087035304436,-3.7488201263185963],[105.10193382798381,-3.7452828319117324],[105.10669975908667,-3.7443917530524446],[105.106944443931,-3.746611107190036],[105.10721077096035,-3.7348550012430306],[105.11680555603164,-3.7349166641583733],[105.11709778533456,-3.7392663926109524]]],[[[105.0997405388948,-3.7441838405875583],[105.09283423930873,-3.7388949789015857],[105.09897222199048,-3.7324722178068868],[105.10288888821168,-3.7324722178068868],[105.10288888821168,-3.7349166641583733],[105.10633333301695,-3.7349166632590483],[105.10620195285787,-3.743777426163459],[105.0997405388948,-3.7441838405875583]]]]}},{"type":"Feature","properties":{"code":"1602212011","desa":"Embacang Permai","kecamatan":"Mesuji Raya","kecCode":"160221","kabCode":"1602","province":"Sumatera Selatan"},"geometry":{"type":"Polygon","coordinates":[[[105.10563888822418,-3.6992777752728068],[105.13033158083782,-3.6973505470158994],[105.14014471770463,-3.7031823033401174],[105.14314408083469,-3.707207479057184],[105.13816332867474,-3.71278013170699],[105.14285874393596,-3.7222392180646446],[105.13241548988299,-3.7271387938142206],[105.13161161558367,-3.730618091841711],[105.12761484135189,-3.733295021935128],[105.12067675073153,-3.73565429979093],[105.10721077096035,-3.7348550012430306],[105.1066279320335,-3.7466078138726546],[105.10669975908667,-3.7443917530524446],[105.10194775758298,-3.744257308903369],[105.10620195285787,-3.743777426163459],[105.10633333301695,-3.7349166632590483],[105.09897222199048,-3.7324722178068868],[105.10827224796594,-3.7190527779659077],[105.10563888822418,-3.6992777752728068]]]}},{"type":"Feature","properties":{"code":"1602212012","desa":"Gedung Rejo","kecamatan":"Mesuji Raya","kecCode":"160221","kabCode":"1602","province":"Sumatera Selatan"},"geometry":{"type":"Polygon","coordinates":[[[105.04653065176825,-3.728165153192128],[105.02425000023737,-3.7264444398536822],[105.02424999933805,-3.714638883784785],[105.03462826568197,-3.7053486559329296],[105.03635313838667,-3.6959833688645953],[105.03470820282139,-3.694604023785332],[105.05458333065626,-3.676166662809603],[105.09088008894503,-3.689781732175036],[105.08447222331448,-3.6973055521353317],[105.07794444388105,-3.692749995846281],[105.06948532089092,-3.703428972088653],[105.06486111035201,-3.710249996152397],[105.06941666574657,-3.716138884607554],[105.06140005237056,-3.7237892778504045],[105.06319444266944,-3.7260833278783387],[105.04653065176825,-3.728165153192128]]]}},{"type":"Feature","properties":{"code":"1602212013","desa":"Kertamukti","kecamatan":"Mesuji Raya","kecCode":"160221","kabCode":"1602","province":"Sumatera Selatan"},"geometry":{"type":"Polygon","coordinates":[[[105.10193382798381,-3.7452828319117324],[105.10197222184064,-3.753416662914542],[105.09697124932376,-3.749006367820228],[105.07984300265252,-3.7431749757214123],[105.07700640242359,-3.7378283191041786],[105.06474618868572,-3.72910377201335],[105.06140005237056,-3.7237892778504045],[105.06941666574657,-3.716138884607554],[105.06486111035201,-3.710249996152397],[105.07794444388105,-3.692749995846281],[105.08447222331448,-3.6973055521353317],[105.08797222194056,-3.694249995769705],[105.09402777905882,-3.694361106109131],[105.10283865208218,-3.705715665662263],[105.10397222144091,-3.6992777752728068],[105.10563888822418,-3.6992777752728068],[105.10827224796594,-3.7190527779659077],[105.09283423930873,-3.7388949789015857],[105.10193382798381,-3.7452828319117324]]]}},{"type":"Feature","properties":{"code":"1602212014","desa":"Kemang Indah","kecamatan":"Mesuji Raya","kecCode":"160221","kabCode":"1602","province":"Sumatera Selatan"},"geometry":{"type":"Polygon","coordinates":[[[105.01498227701052,-3.8080322236159256],[105.01495739187021,-3.7968623425426724],[105.0318333328421,-3.796694440016162],[105.03182528031249,-3.763057102059265],[105.04283333289209,-3.764777774028877],[105.04268904026708,-3.7712999506790403],[105.04477909258111,-3.7713042791160634],[105.04508333322927,-3.808388884846488],[105.05669401072008,-3.8099507527307424],[105.05839385439293,-3.813220660707114],[105.0422343619263,-3.8129881868577566],[105.04230555585679,-3.8082499962477905],[105.01498227701052,-3.8080322236159256]]]}},{"type":"Feature","properties":{"code":"1602212015","desa":"Balian Makmur","kecamatan":"Mesuji Raya","kecCode":"160221","kabCode":"1602","province":"Sumatera Selatan"},"geometry":{"type":"Polygon","coordinates":[[[105.1150277780096,-3.820805551828855],[105.10402839669318,-3.8207314548869142],[105.10400287033627,-3.8136911428336404],[105.10151448580494,-3.8136274105783126],[105.10184578975144,-3.829942528009661],[105.07838277884223,-3.83008923171689],[105.07844444355628,-3.8202499956354803],[105.06938888928583,-3.8202499956354803],[105.06963888822416,-3.8077777739330756],[105.0724959902978,-3.8099610949341844],[105.0777011745696,-3.8087753217306513],[105.07969768569967,-3.81581878770626],[105.08347679341932,-3.8088464679969336],[105.08768372392478,-3.8089176151625552],[105.08905555696843,-3.8018055506999135],[105.09679874136889,-3.799461019027602],[105.09679874136889,-3.7904964239971144],[105.10913432009283,-3.7861563884376044],[105.10913138830301,-3.7943944688518916],[105.12072222135349,-3.794416661421991],[105.12130555580683,-3.8115833298107575],[105.1150277780096,-3.8115277741913913],[105.1150277780096,-3.820805551828855]]]}},{"type":"Feature","properties":{"code":"1602212016","desa":"Sedyomulyo","kecamatan":"Mesuji Raya","kecCode":"160221","kabCode":"1602","province":"Sumatera Selatan"},"geometry":{"type":"Polygon","coordinates":[[[105.06947458208634,-3.637153889030882],[105.07022222177818,-3.6702499960951727],[105.06833333341666,-3.6798333291892167],[105.05458333065626,-3.676166662809603],[105.03470820282139,-3.694604023785332],[105.03168077274948,-3.6921247367984926],[105.02499997726721,-3.691930612739119],[105.02123778489592,-3.686658953285231],[105.02598006922489,-3.6865936346258037],[105.01469343095715,-3.6702719719286403],[105.01034540041995,-3.656669152228788],[105.01026518179276,-3.6522210793133225],[105.02186734000577,-3.6367945145457328],[105.06947458208634,-3.637153889030882]]]}},{"type":"Feature","properties":{"code":"1602212017","desa":"Dabuk Makmur","kecamatan":"Mesuji Raya","kecCode":"160221","kabCode":"1602","province":"Sumatera Selatan"},"geometry":{"type":"Polygon","coordinates":[[[105.14165586022983,-3.8111643770387285],[105.1341939154169,-3.8231878604230007],[105.1150277780096,-3.820805551828855],[105.1150277780096,-3.8115277741913913],[105.12130555580683,-3.8115833298107575],[105.12072222135349,-3.794416661421991],[105.1228409980137,-3.7879132464282903],[105.1193888882866,-3.7814444409442234],[105.11611111033956,-3.7591666627710483],[105.12152275107417,-3.7622594546665797],[105.1190371877161,-3.7583435204977254],[105.12548377095929,-3.7601500732260384],[105.12382357659686,-3.755289054110494],[105.13345862881272,-3.7583529022253175],[105.13311662473251,-3.753658209124722],[105.15147683558757,-3.753644988191329],[105.15457147559317,-3.757349988173121],[105.16458072671924,-3.7584223802492382],[105.16530493907173,-3.763719075929504],[105.16390369100259,-3.7662964097037026],[105.15064439072609,-3.7681102982019414],[105.14681284623595,-3.7729525430704856],[105.14949331156714,-3.7775605361300255],[105.14896091021791,-3.784884108547127],[105.15425760320589,-3.789052209020184],[105.1554460024311,-3.7969258922356244],[105.15359209769717,-3.8014793135341836],[105.14165586022983,-3.8111643770387285]]]}},{"type":"Feature","properties":{"code":"1602222001","desa":"Tanjung Sari I","kecamatan":"Lempuing Jaya","kecCode":"160222","kabCode":"1602","province":"Sumatera Selatan"},"geometry":{"type":"Polygon","coordinates":[[[104.91436344741521,-3.5402904593310867],[104.93450212067636,-3.540602642791262],[104.93424640204988,-3.5708907156949734],[104.92180403692682,-3.570787699254117],[104.91742230069866,-3.577891706690437],[104.92026197930697,-3.5889502337080486],[104.92514296157849,-3.5926481830049593],[104.92348662440827,-3.5988511488924773],[104.91821956498097,-3.600793502846921],[104.91661692273289,-3.6038937905916333],[104.90911059367903,-3.602154011625906],[104.90220940224219,-3.6054753527293464],[104.89936733773249,-3.6156799707671303],[104.90607861033965,-3.62331028934327],[104.90032364172275,-3.633028463187526],[104.8960335509077,-3.63488827556599],[104.89494778681099,-3.6419560502164683],[104.89851474805721,-3.649705433635537],[104.89624525311598,-3.6507649141449883],[104.89794272078,-3.6516148634098795],[104.89697701977371,-3.6583649057831993],[104.90228576727439,-3.665770326398982],[104.90180726679199,-3.669411870217243],[104.9096172852096,-3.6713657381917977],[104.9274816332708,-3.683697958834047],[104.92759107986448,-3.6914161762476274],[104.92471618020761,-3.6939007656373097],[104.92214731444705,-3.6921245686252897],[104.91810586279541,-3.6955406946749836],[104.9176213629356,-3.7051281385702115],[104.9153443919302,-3.7065495683238723],[104.91214386035091,-3.7045638022956635],[104.90951316170309,-3.706252077987255],[104.91064859355782,-3.7007960197426155],[104.90617719042507,-3.7011492500595664],[104.90744882190569,-3.697786691228143],[104.90351151444492,-3.6964360588037892],[104.90538408640651,-3.6913995073134847],[104.90158876570905,-3.6918034297161757],[104.90209552828605,-3.6867297838895365],[104.89741050469108,-3.6878781578865816],[104.8946664716804,-3.692787592004409],[104.89153499904103,-3.690988527031437],[104.89046104574072,-3.6926799062833964],[104.88893215419563,-3.6879122736683105],[104.88665172439761,-3.6900519730536385],[104.88601264097065,-3.685803430921678],[104.88523726798557,-3.687381820251182],[104.88391655600428,-3.6844384210358636],[104.87952543175332,-3.6853992135413525],[104.8758803428036,-3.681398211600945],[104.87676871740246,-3.679691646396996],[104.87202899973862,-3.6791537043251403],[104.87378377759934,-3.673667043949973],[104.87256777458322,-3.6709589910186007],[104.86841689072695,-3.669937454704832],[104.86888858693878,-3.6633615111868685],[104.86470551274925,-3.661408143235382],[104.8665425542955,-3.653047030169404],[104.86336583766331,-3.6514764739349066],[104.86924901632909,-3.636821696554482],[104.876703259348,-3.6303800371064012],[104.87458512030713,-3.6301325760551393],[104.87686571468107,-3.625814384128728],[104.87315926318952,-3.6245959457498285],[104.88442169620436,-3.6177896300981853],[104.88356237780157,-3.6151985447905974],[104.8803787516781,-3.6154333685684144],[104.88440349572481,-3.6068149783511325],[104.89267028970215,-3.6093588816269047],[104.8914312046864,-3.6029039436888044],[104.89321742464449,-3.6058703673471504],[104.89571260805047,-3.6035117163187596],[104.89598417722804,-3.605690358147281],[104.90256476934871,-3.6047712977819137],[104.90199642659387,-3.6008394680959386],[104.90697486929486,-3.5984251193553423],[104.90689689897276,-3.5935307057142674],[104.91745469068151,-3.587243982367405],[104.91705837924087,-3.584136626850691],[104.91391313168572,-3.5839050882962544],[104.91581841378881,-3.581119103713737],[104.91324786000081,-3.5800493313627997],[104.91392852807915,-3.577513557958262],[104.90930621870712,-3.570416139854534],[104.9139465441977,-3.561256483671131],[104.91208139434092,-3.5510071270596124],[104.91531106305519,-3.546552956740669],[104.91436344741521,-3.5402904593310867]]]}},{"type":"Feature","properties":{"code":"1602222002","desa":"Lubuk Seberuk","kecamatan":"Lempuing Jaya","kecCode":"160222","kabCode":"1602","province":"Sumatera Selatan"},"geometry":{"type":"Polygon","coordinates":[[[104.90054236763622,-3.798343340690648],[104.87034604443447,-3.797882368894769],[104.86879172275985,-3.790661302103612],[104.86146603063287,-3.7865236194001355],[104.85824088011258,-3.777616884951389],[104.8529311874244,-3.774341468627447],[104.9046529996363,-3.7739959958624802],[104.90342958081054,-3.7774424290651494],[104.90693213800783,-3.7826631131468673],[104.90258643941267,-3.7868333477111413],[104.90054236763622,-3.798343340690648]]]}},{"type":"Feature","properties":{"code":"1602222003","desa":"Rantau Durian I","kecamatan":"Lempuing Jaya","kecCode":"160222","kabCode":"1602","province":"Sumatera Selatan"},"geometry":{"type":"Polygon","coordinates":[[[104.98288090373079,-3.696088129990325],[104.98293138807315,-3.7261526719032854],[104.97889161185843,-3.7261483677479514],[104.97889155699981,-3.7284746953434103],[104.96536783355872,-3.728437815945002],[104.96613130041925,-3.7190515108211293],[104.94574464629846,-3.720664560022284],[104.94511674594109,-3.717381600185107],[104.94250772994786,-3.718567538863963],[104.940681331878,-3.7141993410345058],[104.9369211243105,-3.714591001181069],[104.93279240244748,-3.707590529094492],[104.9269182466798,-3.703196812102712],[104.92193116778924,-3.702882601570672],[104.91762553129331,-3.696809923165722],[104.92214731444705,-3.6921245686252897],[104.92582243625651,-3.693059494830182],[104.92773209805796,-3.6909162808942635],[104.92641426840383,-3.6877865862179533],[104.93091349566133,-3.686971322005746],[104.935995355901,-3.680122068223005],[104.94011399996117,-3.680262994685442],[104.94637500000628,-3.6650379958671135],[104.94295051835178,-3.633833947272494],[104.96047573296873,-3.6531371170572737],[104.96824399856172,-3.6676159960389],[104.97385804431337,-3.6800615051785495],[104.97382818322414,-3.696068023847355],[104.98288090373079,-3.696088129990325]]]}},{"type":"Feature","properties":{"code":"1602222004","desa":"Sungai Belida","kecamatan":"Lempuing Jaya","kecCode":"160222","kabCode":"1602","province":"Sumatera Selatan"},"geometry":{"type":"Polygon","coordinates":[[[104.94643894000512,-3.818302489465102],[104.9392390135697,-3.8287436453885646],[104.92790390184364,-3.816870468395714],[104.9080139999462,-3.8151209947383014],[104.90797222194054,-3.798361106797622],[104.94303472187498,-3.7746515971367707],[104.94629060043091,-3.777586409625255],[104.94549742896322,-3.786588424546694],[104.94756743179158,-3.7881175589071456],[104.94556079429525,-3.7967589789634753],[104.94688521238271,-3.8025691056931668],[104.9444603469675,-3.8042689565588312],[104.94738644502847,-3.8101526622209914],[104.94643894000512,-3.818302489465102]]]}},{"type":"Feature","properties":{"code":"1602222005","desa":"Lempuing Indah","kecamatan":"Lempuing Jaya","kecCode":"160222","kabCode":"1602","province":"Sumatera Selatan"},"geometry":{"type":"Polygon","coordinates":[[[104.96928169929105,-3.8302672066503076],[104.96019110293713,-3.830085892534166],[104.94592594332765,-3.8174843312345392],[104.95343275082087,-3.8166886173842443],[104.95349999942552,-3.811027773617398],[104.9659166664211,-3.811027773617398],[104.9695588109904,-3.8056825927876483],[104.97107297973429,-3.818318520779816],[104.96928169929105,-3.8302672066503076]]]}},{"type":"Feature","properties":{"code":"1602222006","desa":"Muktisari","kecamatan":"Lempuing Jaya","kecCode":"160222","kabCode":"1602","province":"Sumatera Selatan"},"geometry":{"type":"Polygon","coordinates":[[[104.96960440481949,-3.7934486860312835],[104.9695588109904,-3.8056825927876483],[104.9659166664211,-3.811027773617398],[104.95349999942552,-3.811027773617398],[104.95343275082087,-3.8166886173842443],[104.947569100034,-3.8167240776525344],[104.9444603469675,-3.8042689565588312],[104.94688521238271,-3.8025691056931668],[104.94556079429525,-3.7967589789634753],[104.94756743179158,-3.7881175589071456],[104.94549742896322,-3.786588424546694],[104.94629060043091,-3.777586409625255],[104.94303472187498,-3.7746515971367707],[104.94886111105149,-3.7704999956260004],[104.95336111082666,-3.7740833299256353],[104.95199377439326,-3.777753518949724],[104.95401888486371,-3.7818846410988747],[104.9624591229902,-3.782079131182329],[104.96243677933397,-3.7889704894245404],[104.96432547524056,-3.789755861970614],[104.96301334728821,-3.794198534457264],[104.96960440481949,-3.7934486860312835]]]}},{"type":"Feature","properties":{"code":"1602222007","desa":"Tania Makmur","kecamatan":"Lempuing Jaya","kecCode":"160222","kabCode":"1602","province":"Sumatera Selatan"},"geometry":{"type":"Polygon","coordinates":[[[104.96983024167234,-3.72846853858473],[104.9695833319053,-3.7936666628092315],[104.9649846081532,-3.7951297779383393],[104.9625389306272,-3.793189702866004],[104.96434381331642,-3.7906334312141006],[104.96243677933397,-3.7889704894245404],[104.9624591229902,-3.782079131182329],[104.95401888486371,-3.7818846410988747],[104.95199377439326,-3.777753518949724],[104.95336111082666,-3.7740833299256353],[104.94886111105149,-3.7704999956260004],[104.94875455308022,-3.7277469441594264],[104.95164362155595,-3.727694215109322],[104.95160629159714,-3.719299803745261],[104.96613130041925,-3.7190515108211293],[104.96536783355872,-3.728437815945002],[104.96983024167234,-3.72846853858473]]]}},{"type":"Feature","properties":{"code":"1602222008","desa":"Sukamaju","kecamatan":"Lempuing Jaya","kecCode":"160222","kabCode":"1602","province":"Sumatera Selatan"},"geometry":{"type":"Polygon","coordinates":[[[104.98913835684976,-3.7146610089056935],[104.98292656590837,-3.714634480704007],[104.98288090373079,-3.696088129990325],[104.97382818322414,-3.696068023847355],[104.97385804431337,-3.6800615051785495],[105.00622868000966,-3.6794363441568665],[105.00613512983243,-3.6984626432609375],[104.9879624402145,-3.700738563855734],[104.98913835684976,-3.7146610089056935]]]}},{"type":"Feature","properties":{"code":"1602222009","desa":"Muara Burnai II","kecamatan":"Lempuing Jaya","kecCode":"160222","kabCode":"1602","province":"Sumatera Selatan"},"geometry":{"type":"Polygon","coordinates":[[[104.87216333057329,-3.679180987957409],[104.87676871740246,-3.679691646396996],[104.8758803428036,-3.681398211600945],[104.87952543175332,-3.6853992135413525],[104.88391655600428,-3.6844384210358636],[104.88523726798557,-3.687381820251182],[104.88601264097065,-3.685803430921678],[104.88665172439761,-3.6900519730536385],[104.88893215419563,-3.6879122736683105],[104.89046104574072,-3.6926799062833964],[104.89153499904103,-3.690988527031437],[104.8946664716804,-3.692787592004409],[104.89741050469108,-3.6878781578865816],[104.90209552828605,-3.6867297838895365],[104.90158876570905,-3.6918034297161757],[104.90538408640651,-3.6913995073134847],[104.90351151444492,-3.6964360588037892],[104.90744882190569,-3.697786691228143],[104.90617719042507,-3.7011492500595664],[104.91064859355782,-3.7007960197426155],[104.90959226876821,-3.706338652123251],[104.91411008591176,-3.7052609387586424],[104.91446433066436,-3.7087919280185737],[104.91698872584907,-3.7086082666719453],[104.91567736501844,-3.71006785106267],[104.92056694930534,-3.712314168673726],[104.92135167344104,-3.7153267203584344],[104.92552109772053,-3.715677901120435],[104.92402624101828,-3.7174492139143895],[104.92685155385617,-3.7188795478556127],[104.9279303374152,-3.7162784063289354],[104.93573681969855,-3.7150712049789285],[104.93828188040452,-3.718071104101826],[104.93653444640762,-3.7216011922410956],[104.93974487502602,-3.7240622850436407],[104.94285607155052,-3.723335935003393],[104.94364782208935,-3.72773242370571],[104.94044836340127,-3.7311853715972227],[104.9421798398278,-3.734013601832883],[104.93789550737182,-3.7369844780346626],[104.94010541503292,-3.7384519072115947],[104.93902108355621,-3.742837079744629],[104.94812964206936,-3.7442903670824608],[104.94898195385416,-3.748095505674632],[104.9467853723471,-3.75279509648308],[104.94452079220088,-3.751274769183482],[104.93725822168965,-3.7559474450817407],[104.9393777546797,-3.75916031355743],[104.93462198771465,-3.7590457399289003],[104.93481183190056,-3.763681927633807],[104.93839214358262,-3.7654504318450304],[104.93566452859515,-3.76748559493521],[104.93806528768293,-3.7699587440490814],[104.93527255188684,-3.769527002917601],[104.93631240109646,-3.7720172382510477],[104.9288133997187,-3.775244415839751],[104.85328076559487,-3.774110200768991],[104.84919592615114,-3.7659651165493933],[104.84571297327517,-3.7656864031578423],[104.84082750068865,-3.75795841820754],[104.8379420160113,-3.758434135287693],[104.8352255148457,-3.748200881037279],[104.83217425184029,-3.7455626334830123],[104.82468097284868,-3.747958494860381],[104.81681058564008,-3.7557721600205682],[104.79940210931994,-3.756955777549205],[104.80819469462948,-3.7506008424238466],[104.81058351881437,-3.7514905552129436],[104.81367979198886,-3.7437188560166077],[104.81906336758038,-3.7403115747992293],[104.82149445090823,-3.731867179115931],[104.83594824601481,-3.723164830890452],[104.83708799101804,-3.719229895845405],[104.84451861424272,-3.7193726910990614],[104.8469992915841,-3.7145436860496623],[104.85675473874026,-3.7130530840416025],[104.85755819485485,-3.7087848512534296],[104.86078062132866,-3.7104128175093223],[104.86454325166976,-3.7071118469495232],[104.86642655344274,-3.7081317186181577],[104.86837247231182,-3.7042816687823588],[104.86711004089574,-3.701648446639645],[104.87024499121344,-3.6979686501581384],[104.86857882894985,-3.6944616817900378],[104.87069585642871,-3.694844054637834],[104.87057551185046,-3.6913221863020707],[104.87267186031816,-3.690815528946234],[104.87216333057329,-3.679180987957409]]]}},{"type":"Feature","properties":{"code":"1602222010","desa":"Suka Jaya","kecamatan":"Lempuing Jaya","kecCode":"160222","kabCode":"1602","province":"Sumatera Selatan"},"geometry":{"type":"Polygon","coordinates":[[[105.02424989231871,-3.714694567107821],[104.98913835684976,-3.7146610089056935],[104.9879624402145,-3.700738563855734],[105.00613512983243,-3.6984626432609375],[105.00624299991453,-3.679460997272078],[105.02093900043457,-3.6793019962351172],[105.02598006922489,-3.6865936346258037],[105.02123778489592,-3.686658953285231],[105.02499997726721,-3.691930612739119],[105.03168077274948,-3.6921247367984926],[105.03635313838667,-3.6959833688645953],[105.03462826568197,-3.7053486559329296],[105.02424989231871,-3.714694567107821]]]}},{"type":"Feature","properties":{"code":"1602222011","desa":"Rantau Durian II","kecamatan":"Lempuing Jaya","kecCode":"160222","kabCode":"1602","province":"Sumatera Selatan"},"geometry":{"type":"Polygon","coordinates":[[[104.92641426840383,-3.6877865862179533],[104.9271425762689,-3.6832603757065936],[104.9096172852096,-3.6713657381917977],[104.90180726679199,-3.669411870217243],[104.90228576727439,-3.665770326398982],[104.89697701977371,-3.6583649057831993],[104.89794272078,-3.6516148634098795],[104.89624525311598,-3.6507649141449883],[104.89851474805721,-3.649705433635537],[104.89494778681099,-3.6419560502164683],[104.8960335509077,-3.63488827556599],[104.90032364172275,-3.633028463187526],[104.90607861033965,-3.62331028934327],[104.89936733773249,-3.6156799707671303],[104.90220940224219,-3.6054753527293464],[104.90911059367903,-3.602154011625906],[104.91661692273289,-3.6038937905916333],[104.91821956498097,-3.600793502846921],[104.92348662440827,-3.5988511488924773],[104.92514296157849,-3.5926481830049593],[104.92026197930697,-3.5889502337080486],[104.92072810242006,-3.584790511319202],[104.9174319279412,-3.5781835438886365],[104.91945072607022,-3.5726217487539],[104.92180403692682,-3.570787699254117],[104.93424640204988,-3.5708907156949734],[104.93324340166174,-3.633634622433725],[104.94295051835178,-3.633833947272494],[104.94637500000628,-3.6650379958671135],[104.94011399996117,-3.680262994685442],[104.935995355901,-3.680122068223005],[104.93091349566133,-3.686971322005746],[104.92641426840383,-3.6877865862179533]]]}},{"type":"Feature","properties":{"code":"1602222012","desa":"Tanjung Sari II","kecamatan":"Lempuing Jaya","kecCode":"160222","kabCode":"1602","province":"Sumatera Selatan"},"geometry":{"type":"Polygon","coordinates":[[[104.93450099922183,-3.5405809961096315],[104.96598847908513,-3.598570572105559],[105.01689350183369,-3.598176957732216],[105.01715037968631,-3.6366898361576085],[105.02197851059985,-3.636720681105083],[105.01026518179276,-3.6522210793133225],[105.01034540041995,-3.656669152228788],[105.01469343095715,-3.6702719719286403],[105.02093900043457,-3.6793019962351172],[104.97385804431337,-3.6800615051785495],[104.96047573296873,-3.6531371170572737],[104.9429732100457,-3.6338341487206174],[104.93327773328082,-3.6336973843205964],[104.93450099922183,-3.5405809961096315]]]}},{"type":"Feature","properties":{"code":"1602222013","desa":"Purwo Asri","kecamatan":"Lempuing Jaya","kecCode":"160222","kabCode":"1602","province":"Sumatera Selatan"},"geometry":{"type":"Polygon","coordinates":[[[104.81236111067676,-3.625305552212219],[104.8349274561373,-3.6249180361416284],[104.83489699699884,-3.6181333977485313],[104.83945902931083,-3.61735441488561],[104.83954099801872,-3.608481395121047],[104.87686024680299,-3.60872422826104],[104.87412544982969,-3.6069932257791093],[104.88058992778298,-3.5951783311501138],[104.87617365309166,-3.5900217678308355],[104.88364251099313,-3.5862958028535497],[104.88112742738893,-3.580809176652593],[104.8829292739669,-3.5746720267496106],[104.88491141123268,-3.5744712108349095],[104.8873635306025,-3.5601348663035517],[104.89535927970707,-3.553804538428024],[104.89490134222324,-3.533572207092743],[104.91423329033415,-3.540110631794256],[104.91531106305519,-3.546552956740669],[104.91208139434092,-3.5510071270596124],[104.9139465441977,-3.561256483671131],[104.90930621870712,-3.570416139854534],[104.91392852807915,-3.577513557958262],[104.91324786000081,-3.5800493313627997],[104.91581841378881,-3.581119103713737],[104.91391313168572,-3.5839050882962544],[104.91705837924087,-3.584136626850691],[104.91745469068151,-3.587243982367405],[104.90689689897276,-3.5935307057142674],[104.90697486929486,-3.5984251193553423],[104.90199642659387,-3.6008394680959386],[104.90256476934871,-3.6047712977819137],[104.89598417722804,-3.605690358147281],[104.89571260805047,-3.6035117163187596],[104.89321742464449,-3.6058703673471504],[104.8914312046864,-3.6029039436888044],[104.89267028970215,-3.6093588816269047],[104.88440349572481,-3.6068149783511325],[104.8803787516781,-3.6154333685684144],[104.88356237780157,-3.6151985447905974],[104.88442169620436,-3.6177896300981853],[104.87315926318952,-3.6245959457498285],[104.87686571468107,-3.625814384128728],[104.87458512030713,-3.6301325760551393],[104.876703259348,-3.6303800371064012],[104.86924901632909,-3.636821696554482],[104.86568773969746,-3.6458695777995573],[104.83202777656072,-3.6388333288833405],[104.80941712779827,-3.638526944251681],[104.80943641555818,-3.62923020710697],[104.81236111067676,-3.625305552212219]]]}},{"type":"Feature","properties":{"code":"1602222014","desa":"Muara Burnai I","kecamatan":"Lempuing Jaya","kecCode":"160222","kabCode":"1602","province":"Sumatera Selatan"},"geometry":{"type":"Polygon","coordinates":[[[104.86568773969746,-3.6458695777995573],[104.86336583766331,-3.6514764739349066],[104.8666100708981,-3.653465618716008],[104.86470551274925,-3.661408143235382],[104.86878756879133,-3.663152992578841],[104.86841689072695,-3.669937454704832],[104.87256777458322,-3.6709589910186007],[104.87378377759934,-3.673667043949973],[104.87121181996956,-3.6773934909639383],[104.87267186031816,-3.690815528946234],[104.87057551185046,-3.6913221863020707],[104.87069585642871,-3.694844054637834],[104.86857882894985,-3.6944616817900378],[104.87024499121344,-3.6979686501581384],[104.86711004089574,-3.701648446639645],[104.86837247231182,-3.7042816687823588],[104.86642655344274,-3.7081317186181577],[104.86454325166976,-3.7071118469495232],[104.86078062132866,-3.7104128175093223],[104.85755819485485,-3.7087848512534296],[104.85675473874026,-3.7130530840416025],[104.8469992915841,-3.7145436860496623],[104.84451861424272,-3.7193726910990614],[104.83708799101804,-3.719229895845405],[104.83594824601481,-3.723164830890452],[104.82149445090823,-3.731867179115931],[104.81906336758038,-3.7403115747992293],[104.81367979198886,-3.7437188560166077],[104.81058351881437,-3.7514905552129436],[104.80819469462948,-3.7506008424238466],[104.79940210931994,-3.756955777549205],[104.80343987015395,-3.74416492065036],[104.79952853781185,-3.732372849016111],[104.78842202655534,-3.7342426861374265],[104.7824084057234,-3.7285974366147974],[104.77661511519547,-3.728879092588154],[104.77239804663257,-3.7210885265146607],[104.79850005333485,-3.7198272992921937],[104.79854045627714,-3.715269204217052],[104.80052124725779,-3.715293453536623],[104.80227435777543,-3.710696943021006],[104.80255098743817,-3.6292384646819897],[104.80943641555818,-3.62923020710697],[104.80941712779827,-3.638526944251681],[104.83202777656072,-3.6388333288833405],[104.86568773969746,-3.6458695777995573]]]}},{"type":"Feature","properties":{"code":"1602222015","desa":"Lubuk Makmur","kecamatan":"Lempuing Jaya","kecCode":"160222","kabCode":"1602","province":"Sumatera Selatan"},"geometry":{"type":"Polygon","coordinates":[[[104.90797222194054,-3.798361106797622],[104.90054236763622,-3.798343340690648],[104.90258643941267,-3.7868333477111413],[104.90693213800783,-3.7826631131468673],[104.90342958081054,-3.7774424290651494],[104.90470360268914,-3.774036988759935],[104.92931374383424,-3.7751480166104225],[104.93631240109646,-3.7720172382510477],[104.93545081190553,-3.7693787748594905],[104.93797615767356,-3.770268145006843],[104.93566452859515,-3.76748559493521],[104.93839214358262,-3.7654504318450304],[104.93481183190056,-3.763681927633807],[104.93455274891028,-3.759342706860011],[104.93947668729936,-3.7590759364652016],[104.93725822168965,-3.7559474450817407],[104.94926853271663,-3.7546264678018724],[104.94886111105149,-3.7704999956260004],[104.90797222194054,-3.798361106797622]]]}},{"type":"Feature","properties":{"code":"1602222016","desa":"Rantau Durian Asli","kecamatan":"Lempuing Jaya","kecCode":"160222","kabCode":"1602","province":"Sumatera Selatan"},"geometry":{"type":"Polygon","coordinates":[[[104.91446433066436,-3.7087919280185737],[104.9176213629356,-3.7051281385702115],[104.91783942964598,-3.696807709934223],[104.92193116778924,-3.702882601570672],[104.9269182466798,-3.703196812102712],[104.93279240244748,-3.707590529094492],[104.9369211243105,-3.714591001181069],[104.94078260633228,-3.714281610115905],[104.94250772994786,-3.718567538863963],[104.94511674594109,-3.717381600185107],[104.94574464629846,-3.720664560022284],[104.95160629159714,-3.719299803745261],[104.95164362155595,-3.727694215109322],[104.94875455308022,-3.7277469441594264],[104.94926853271663,-3.7546264678018724],[104.94174887930738,-3.754642392097315],[104.94141188265233,-3.752959022207551],[104.94477444868191,-3.7512136530559403],[104.94702775132968,-3.7526030399650887],[104.94823197232773,-3.7443784250997587],[104.93902108355621,-3.742837079744629],[104.94010541503292,-3.7384519072115947],[104.93789550737182,-3.7369844780346626],[104.9421798398278,-3.734013601832883],[104.94044836340127,-3.7311853715972227],[104.94364782208935,-3.72773242370571],[104.94285607155052,-3.723335935003393],[104.93974487502602,-3.7240622850436407],[104.93653444640762,-3.7216011922410956],[104.93828188040452,-3.718071104101826],[104.935604678713,-3.7150190227166386],[104.9279303374152,-3.7162784063289354],[104.9270273587257,-3.7188677721327377],[104.9241610350038,-3.7176140038872627],[104.92559733055242,-3.715760296106876],[104.92135167344104,-3.7153267203584344],[104.92056694930534,-3.712314168673726],[104.91567736501844,-3.71006785106267],[104.91706655767557,-3.7086799417395637],[104.91446433066436,-3.7087919280185737]]]}},{"type":"Feature","properties":{"code":"1602232001","desa":"Benawa","kecamatan":"Teluk Gelam","kecCode":"160223","kabCode":"1602","province":"Sumatera Selatan"},"geometry":{"type":"Polygon","coordinates":[[[104.75196275807491,-3.6934292843639205],[104.75793511531337,-3.6414058252042247],[104.74912571268156,-3.6401126378748723],[104.75036465290644,-3.6263109151183137],[104.7362632742308,-3.6082539898507315],[104.7296368931282,-3.6036039516870413],[104.73972099392881,-3.587933497076027],[104.74522823799288,-3.5891737682962517],[104.74649503291948,-3.586103577263018],[104.75365575880629,-3.584622518860498],[104.7592909728002,-3.579817980766693],[104.76185045323587,-3.582670737313108],[104.79147479142853,-3.5863763560284716],[104.78800851468127,-3.5893978119007],[104.79061026415239,-3.6238475928964493],[104.78905859277988,-3.6338583863490483],[104.77537719030515,-3.6337726027171398],[104.7753169303321,-3.636205067401067],[104.76946906984175,-3.63473113612574],[104.7756746293807,-3.6466270866507213],[104.77590942258183,-3.6543638669705656],[104.77160690403548,-3.6606653868630716],[104.7741729279383,-3.662183832780979],[104.77283435901853,-3.664622618799572],[104.77702810995935,-3.6717367481055607],[104.77425007717936,-3.672494954830589],[104.77604816369188,-3.69184555486013],[104.77377777932111,-3.69172221823751],[104.7710165350851,-3.7032720251032845],[104.77379063872705,-3.7052223488496527],[104.7738044487164,-3.719732863282873],[104.77267923316015,-3.720431073536309],[104.7710990640706,-3.7166436389978776],[104.77360429290383,-3.7091464740436915],[104.7693407743573,-3.7072694837148292],[104.76672546041173,-3.7088333507919926],[104.76010235194207,-3.7052113933085127],[104.75818996699341,-3.7021335292595587],[104.75958961337,-3.697452118246334],[104.75196275807491,-3.6934292843639205]]]}},{"type":"Feature","properties":{"code":"1602232002","desa":"Serapek","kecamatan":"Teluk Gelam","kecCode":"160223","kabCode":"1602","province":"Sumatera Selatan"},"geometry":{"type":"Polygon","coordinates":[[[104.75877777737259,-3.5474999959141997],[104.76500000134904,-3.543166663001877],[104.79710378301326,-3.558355260861097],[104.7984448583436,-3.5663380911958424],[104.79467952284175,-3.570072981045155],[104.7984269744254,-3.573691762123158],[104.79553570530861,-3.5836712996380866],[104.79260752981371,-3.5837357774314818],[104.79147479142853,-3.5863763560284716],[104.7748749522173,-3.5843175452651326],[104.77398599935445,-3.573631995878024],[104.76505555606911,-3.570249997301264],[104.7560249993543,-3.570922995960501],[104.75550000032479,-3.5595555518204645],[104.75877777737259,-3.5474999959141997]]]}},{"type":"Feature","properties":{"code":"1602232003","desa":"Sugih Waras","kecamatan":"Teluk Gelam","kecCode":"160223","kabCode":"1602","province":"Sumatera Selatan"},"geometry":{"type":"Polygon","coordinates":[[[104.76584094480381,-3.5434188050243027],[104.76468951940585,-3.530926056296331],[104.75289699989666,-3.514640996006526],[104.75201490166641,-3.5003119944397425],[104.75392584590111,-3.497863712479719],[104.75193000026933,-3.489124996570021],[104.76302699939657,-3.4956799957768623],[104.76786400032341,-3.505532995982083],[104.76738199967963,-3.513484994859198],[104.79781330044351,-3.541198686463046],[104.79395537793839,-3.5461781678756408],[104.79710378301326,-3.558355260861097],[104.76584094480381,-3.5434188050243027]]]}},{"type":"Feature","properties":{"code":"1602232004","desa":"Muara Telang","kecamatan":"Teluk Gelam","kecCode":"160223","kabCode":"1602","province":"Sumatera Selatan"},"geometry":{"type":"Polygon","coordinates":[[[104.79562599993999,-3.540009995858762],[104.76738199967963,-3.513484994859198],[104.76786400032341,-3.505532995982083],[104.76302699939657,-3.4956799957768623],[104.77951199967913,-3.4982639971246874],[104.78677934828833,-3.505987890159612],[104.79006499979994,-3.5203319958401824],[104.80134831327409,-3.533472323889785],[104.79562599993999,-3.540009995858762]]]}},{"type":"Feature","properties":{"code":"1602232005","desa":"Kuripan","kecamatan":"Teluk Gelam","kecCode":"160223","kabCode":"1602","province":"Sumatera Selatan"},"geometry":{"type":"Polygon","coordinates":[[[104.75809299939247,-3.4944889948142412],[104.7488807949128,-3.487312130600999],[104.75251300557078,-3.4821953128195915],[104.76056353058254,-3.479447550323347],[104.76307599176367,-3.4700650250500322],[104.77974599967818,-3.4740319948456184],[104.78630700006806,-3.4885719962499926],[104.77951199967913,-3.4982639971246874],[104.75809299939247,-3.4944889948142412]]]}},{"type":"Feature","properties":{"code":"1602232006","desa":"Cinta Marga","kecamatan":"Teluk Gelam","kecCode":"160223","kabCode":"1602","province":"Sumatera Selatan"},"geometry":{"type":"Polygon","coordinates":[[[104.78630700006806,-3.4885719962499926],[104.77974599967818,-3.4740319948456184],[104.76307599176367,-3.4700650250500322],[104.76731115468611,-3.461304471802512],[104.78550125697751,-3.4671170635739927],[104.79450100112034,-3.4644433773352654],[104.79524899964169,-3.475205995923654],[104.78630700006806,-3.4885719962499926]]]}},{"type":"Feature","properties":{"code":"1602232007","desa":"Penyandingan","kecamatan":"Teluk Gelam","kecCode":"160223","kabCode":"1602","province":"Sumatera Selatan"},"geometry":{"type":"Polygon","coordinates":[[[104.78699704178011,-3.5064676721754084],[104.77951199967913,-3.4982639971246874],[104.79524899964169,-3.475205995923654],[104.80408830203356,-3.489062553043196],[104.79811055425874,-3.4929874687412754],[104.79603636238829,-3.5046954510662416],[104.78699704178011,-3.5064676721754084]]]}},{"type":"Feature","properties":{"code":"1602232008","desa":"Talang Pengeran","kecamatan":"Teluk Gelam","kecCode":"160223","kabCode":"1602","province":"Sumatera Selatan"},"geometry":{"type":"Polygon","coordinates":[[[104.81301599968866,-3.4768729963535923],[104.81393163723531,-3.4933099170632853],[104.80692999961985,-3.4922599963471286],[104.79524899964169,-3.475205995923654],[104.79952199974053,-3.478187995839811],[104.81301599968866,-3.4768729963535923]]]}},{"type":"Feature","properties":{"code":"1602232009","desa":"Ulak Ketapang","kecamatan":"Teluk Gelam","kecCode":"160223","kabCode":"1602","province":"Sumatera Selatan"},"geometry":{"type":"Polygon","coordinates":[[[104.79583595206758,-3.4638821859899447],[104.79789794823176,-3.4645762134965805],[104.81301599968866,-3.4768729963535923],[104.79952199974053,-3.478187995839811],[104.79524899964169,-3.475205995923654],[104.79583595206758,-3.4638821859899447]]]}},{"type":"Feature","properties":{"code":"1602232010","desa":"Mulyaguna","kecamatan":"Teluk Gelam","kecCode":"160223","kabCode":"1602","province":"Sumatera Selatan"},"geometry":{"type":"Polygon","coordinates":[[[104.81667399930568,-3.574380996243258],[104.8436796160215,-3.5881252649115867],[104.83708039534399,-3.5945679702713065],[104.83803907534308,-3.5998789381924254],[104.82972241126032,-3.608902301220607],[104.81946512801328,-3.6091307488051396],[104.82143052080191,-3.6146897929137816],[104.81529913464745,-3.6148775704574594],[104.81532960187968,-3.6176933612705167],[104.80608507126907,-3.6175326722061634],[104.8022957832239,-3.623876926083588],[104.79052589605332,-3.6217182815800433],[104.78800851468127,-3.5893978119007],[104.79750409823559,-3.5799814451389107],[104.79840471080881,-3.573595072412806],[104.79467149998982,-3.5698737973999735],[104.79856677403745,-3.5642182722236693],[104.79520936202249,-3.55220652409288],[104.81667399930568,-3.574380996243258]]]}},{"type":"Feature","properties":{"code":"1602232011","desa":"Panca Tunggal Benawa","kecamatan":"Teluk Gelam","kecCode":"160223","kabCode":"1602","province":"Sumatera Selatan"},"geometry":{"type":"Polygon","coordinates":[[[104.80235424275418,-3.673373410805614],[104.80226731788247,-3.6988612830458885],[104.79797222234025,-3.6988888850381163],[104.79786111110144,-3.715805551790844],[104.78858253755412,-3.715739727712403],[104.78855997626198,-3.698917031120128],[104.79287827880955,-3.6988385589764814],[104.79292281143863,-3.6917344562119263],[104.78424999963785,-3.691749994698253],[104.78420824231658,-3.6752130352028076],[104.80235424275418,-3.673373410805614]]]}},{"type":"Feature","properties":{"code":"1602232012","desa":"Bumi Harapan","kecamatan":"Teluk Gelam","kecCode":"160223","kabCode":"1602","province":"Sumatera Selatan"},"geometry":{"type":"Polygon","coordinates":[[[104.79052589605332,-3.6217182815800433],[104.81236111067676,-3.625305552212219],[104.81238975408394,-3.6269983946611233],[104.81085735158558,-3.629226221311651],[104.80255098743817,-3.6292384646819897],[104.80235424275418,-3.673373410805614],[104.78420824231658,-3.6752130352028076],[104.78419444401844,-3.6697499955211126],[104.77661111141371,-3.669833329399762],[104.77283435901853,-3.664622618799572],[104.7741729279383,-3.662183832780979],[104.77160690403548,-3.6606653868630716],[104.77590942258183,-3.6543638669705656],[104.7756746293807,-3.6466270866507213],[104.76946906984175,-3.63473113612574],[104.7753169303321,-3.636205067401067],[104.77537719030515,-3.6337726027171398],[104.78905859277988,-3.6338583863490483],[104.79052589605332,-3.6217182815800433]]]}},{"type":"Feature","properties":{"code":"1602232013","desa":"Sinar Harapan Mulya","kecamatan":"Teluk Gelam","kecCode":"160223","kabCode":"1602","province":"Sumatera Selatan"},"geometry":{"type":"Polygon","coordinates":[[[104.80226731788247,-3.6988612830458885],[104.80227435777543,-3.710696943021006],[104.80052124725779,-3.715293453536623],[104.79854045627714,-3.715269204217052],[104.79850005333485,-3.7198272992921937],[104.7738044487164,-3.719732863282873],[104.77379063872705,-3.7052223488496527],[104.7710165350851,-3.7032720251032845],[104.77377777932111,-3.69172221823751],[104.77604816369188,-3.69184555486013],[104.77425007717936,-3.672494954830589],[104.77702120856196,-3.672455776765009],[104.77661111141371,-3.669833329399762],[104.78419444401844,-3.6697499955211126],[104.78424999963785,-3.691749994698253],[104.79292281143863,-3.6917344562119263],[104.79287827880955,-3.6988385589764814],[104.78855997626198,-3.698917031120128],[104.78858253755412,-3.715739727712403],[104.79786111110144,-3.715805551790844],[104.79797222234025,-3.6988888850381163],[104.80226731788247,-3.6988612830458885]]]}},{"type":"Feature","properties":{"code":"1602232014","desa":"Seriguna","kecamatan":"Teluk Gelam","kecCode":"160223","kabCode":"1602","province":"Sumatera Selatan"},"geometry":{"type":"Polygon","coordinates":[[[104.80739947900281,-3.519448095369497],[104.80464705172012,-3.5211456061991573],[104.80461111121389,-3.534166663461136],[104.80106892539067,-3.534975029873286],[104.79781330044351,-3.541198686463046],[104.79562599993999,-3.540009995858762],[104.80134831327409,-3.533472323889785],[104.79006499979994,-3.5203319958401824],[104.7869597603847,-3.506601976030366],[104.78945820743041,-3.504494730479661],[104.79603636238829,-3.5046954510662416],[104.79811055425874,-3.4929874687412754],[104.80408830203356,-3.489062553043196],[104.81030499967608,-3.493127995904726],[104.80888452320225,-3.4938061072098137],[104.81133612366324,-3.499350647052477],[104.80739947900281,-3.519448095369497]]]}},{"type":"Feature","properties":{"code":"1602242001","desa":"Pulau Geronggang","kecamatan":"Pedamaran Timur","kecCode":"160224","kabCode":"1602","province":"Sumatera Selatan"},"geometry":{"type":"Polygon","coordinates":[[[104.96598847908513,-3.598570572105559],[104.95301860582407,-3.501916059413616],[105.05803810867184,-3.495445817712284],[105.06515524531835,-3.5053895100491124],[105.0975715746685,-3.503241775221353],[105.10003717667443,-3.4946218399687594],[105.0966876319287,-3.4851388927986693],[105.10351748104698,-3.4846606558181286],[105.10689000616888,-3.4800333174421576],[105.1124408754461,-3.479156263510232],[105.12064163940022,-3.470361673621242],[105.12012091035176,-3.464906277277631],[105.12933697831896,-3.4634315878737794],[105.1363233499427,-3.467772902269267],[105.1470597164328,-3.4600466188363384],[105.15096053570021,-3.4628915234020075],[105.15150428829234,-3.466773681732724],[105.15896811178897,-3.470237164282693],[105.16244510036114,-3.4793589383235957],[105.1820841426691,-3.372615341698672],[105.21000013409893,-3.41313737931699],[105.2292646798212,-3.463578475942073],[105.23853997983626,-3.47847776729527],[105.25015512785694,-3.4895843262039508],[105.19191666622122,-3.4928888850587185],[105.18642852465678,-3.4956429077357396],[105.18754849536684,-3.4974858110611073],[105.18109332629602,-3.5043178248401445],[105.18105599633725,-3.5083966478151067],[105.17061111091408,-3.5099444404099756],[105.17063888827413,-3.501916662858678],[105.15822222127855,-3.5061388854316813],[105.14469444369371,-3.5236388848383324],[105.14249999987516,-3.523527775398362],[105.13561023612355,-3.5346296470404797],[105.13381013602901,-3.5333275941943914],[105.12788888906105,-3.543527774077915],[105.13265341272489,-3.5451577107483607],[105.14258333195527,-3.5565555519735543],[105.12405555581931,-3.556611105794197],[105.12405555581931,-3.55424999601937],[105.11499999975022,-3.55422221686069],[105.1147909316562,-3.549696854410056],[105.10585117139448,-3.545287652891351],[105.0917463851876,-3.5488966187685347],[105.08524670687007,-3.548175587318882],[105.07639349286546,-3.5418041370434654],[105.0601111098399,-3.543277774240522],[105.05534362740654,-3.5643191302917243],[105.05807444398044,-3.568199810137027],[105.05123569696991,-3.5729670227687103],[105.06009413783426,-3.575128209655643],[105.05816898880782,-3.577511628912472],[105.06077777817198,-3.5853055521551243],[105.07416269485253,-3.584574590391413],[105.07826721326138,-3.587262547971688],[105.08477072898603,-3.583025160131072],[105.08863041236371,-3.585538152808854],[105.09327413729164,-3.5821173943513127],[105.09738888908602,-3.5858333291897924],[105.1060277766606,-3.586583327802576],[105.10866636506073,-3.5909178208403234],[105.12020936497025,-3.5933698853489187],[105.12277529084706,-3.591346650866379],[105.12431896634729,-3.593129966012347],[105.12884517866212,-3.590735663160131],[105.1422618117333,-3.5904562869681613],[105.14240105196704,-3.5744521622946737],[105.16086111095154,-3.574472218075609],[105.16086230974787,-3.5883834917470137],[105.23298856107327,-3.6144986042415135],[105.23270268008469,-3.6217583976384837],[105.22747296230744,-3.6296040642742997],[105.23257836230164,-3.639206482780839],[105.22867215069925,-3.641401655047903],[105.22219674058715,-3.638926448285166],[105.22070101603913,-3.6425801392462955],[105.22239087004264,-3.648343831280955],[105.22796063767333,-3.652149897074112],[105.22630392818382,-3.6553629031460964],[105.21298650742142,-3.659120786861415],[105.2112023846824,-3.661618993785454],[105.18843780705919,-3.661444338249778],[105.18847860930042,-3.656709745827264],[105.17037053057561,-3.6564258406495243],[105.17028396273473,-3.661189125042486],[105.1578412423795,-3.660906627303707],[105.15280555603164,-3.6777777739717776],[105.15280555603164,-3.6732499959420974],[105.14524999988764,-3.6732499959420974],[105.14524999988764,-3.664222218141993],[105.1522222215783,-3.664222218141993],[105.1546944425945,-3.658916663240234],[105.1532500009868,-3.6532777737231186],[105.1494444442058,-3.653277772823806],[105.15033333321678,-3.6482499960187145],[105.14424999963785,-3.6482499960187145],[105.14427057073033,-3.6448226608190155],[105.1309927992783,-3.639661310408585],[105.12558333220505,-3.6305277741346527],[105.1163890314287,-3.6332728512553265],[105.11526110981241,-3.641989522083709],[105.1124286788405,-3.643303847977688],[105.11569626836814,-3.651099470039694],[105.115155095931,-3.654440297653231],[105.10856503844582,-3.646290814849528],[105.10949950509813,-3.641809729620455],[105.10548512304005,-3.637164798706585],[105.01715037968631,-3.6366898361576085],[105.01689350183369,-3.598176957732216],[104.96598847908513,-3.598570572105559]]]}},{"type":"Feature","properties":{"code":"1602242002","desa":"Sumber Hidup","kecamatan":"Pedamaran Timur","kecCode":"160224","kabCode":"1602","province":"Sumatera Selatan"},"geometry":{"type":"Polygon","coordinates":[[[105.09533333296703,-3.5835555523943214],[105.09327413729164,-3.5821173943513127],[105.08863041236371,-3.585538152808854],[105.08477072898603,-3.583025160131072],[105.07826721326138,-3.587262547971688],[105.07416269485253,-3.584574590391413],[105.06077777817198,-3.5853055521551243],[105.05816898880782,-3.577511628912472],[105.06009413783426,-3.575128209655643],[105.05123569696991,-3.5729670227687103],[105.05807444398044,-3.568199810137027],[105.05534362740654,-3.5643191302917243],[105.0601111098399,-3.543277774240522],[105.07639349286546,-3.5418041370434654],[105.08524670687007,-3.548175587318882],[105.09533645271517,-3.548661640307327],[105.09533333296703,-3.5835555523943214]]]}},{"type":"Feature","properties":{"code":"1602242003","desa":"Gading Raja","kecamatan":"Pedamaran Timur","kecCode":"160224","kabCode":"1602","province":"Sumatera Selatan"},"geometry":{"type":"Polygon","coordinates":[[[105.09533645271517,-3.548661640307327],[105.10194427001208,-3.544838718521027],[105.10585117139448,-3.545287652891351],[105.1147909316562,-3.549696854410056],[105.11499999975022,-3.55422221686069],[105.12405555581931,-3.55424999601937],[105.12405555581931,-3.556611105794197],[105.14258333195527,-3.5565555519735543],[105.1422618117333,-3.5904562869681613],[105.11651662903925,-3.593190840222278],[105.11499999885092,-3.591166663250217],[105.10866636506073,-3.5909178208403234],[105.1060277766606,-3.586583327802576],[105.09738888908602,-3.5858333291897924],[105.09533333296703,-3.5835555523943214],[105.09533645271517,-3.548661640307327]]]}},{"type":"Feature","properties":{"code":"1602242004","desa":"Maribaya","kecamatan":"Pedamaran Timur","kecCode":"160224","kabCode":"1602","province":"Sumatera Selatan"},"geometry":{"type":"Polygon","coordinates":[[[105.15280555603164,-3.6777777739717776],[105.14854299256511,-3.6793660432532214],[105.11995747026111,-3.675756310254338],[105.11992258825688,-3.665960837881679],[105.1124286788405,-3.643303847977688],[105.11522239130039,-3.6420855058262416],[105.1169987618834,-3.632537871320744],[105.12558333220505,-3.6305277741346527],[105.1309927992783,-3.639661310408585],[105.14427057073033,-3.6448226608190155],[105.14424999963785,-3.6482499960187145],[105.15033333321678,-3.6482499960187145],[105.1494444442058,-3.653277772823806],[105.1532500009868,-3.6532777737231186],[105.1546944425945,-3.658916663240234],[105.1522222215783,-3.664222218141993],[105.14524999988764,-3.664222218141993],[105.14524999988764,-3.6732499959420974],[105.15280555603164,-3.6732499959420974],[105.15280555603164,-3.6777777739717776]]]}},{"type":"Feature","properties":{"code":"1602242005","desa":"Pancawarna","kecamatan":"Pedamaran Timur","kecCode":"160224","kabCode":"1602","province":"Sumatera Selatan"},"geometry":{"type":"Polygon","coordinates":[[[105.14258333195527,-3.5565555519735543],[105.13265341272489,-3.5451577107483607],[105.12788888906105,-3.543527774077915],[105.13381013602901,-3.5333275941943914],[105.13561023612355,-3.5346296470404797],[105.14249999987516,-3.523527775398362],[105.14469444369371,-3.5236388848383324],[105.15822222127855,-3.5061388854316813],[105.17063888827413,-3.501916662858678],[105.17061111091408,-3.5099444404099756],[105.17731711888995,-3.509657934392908],[105.18105599633725,-3.5083966478151067],[105.18109332629602,-3.5043178248401445],[105.18558522138092,-3.501561907291554],[105.18642852465678,-3.4956429077357396],[105.19191666622122,-3.4928888850587185],[105.1978611112014,-3.4960277744035735],[105.19906562178107,-3.503055572390561],[105.17980555558198,-3.5195555517633745],[105.17980555468267,-3.53586110670329],[105.17337984110686,-3.534548728740829],[105.17105555586926,-3.5306111074209077],[105.17108333233,-3.534916662973211],[105.15988888896113,-3.532888885115731],[105.15691666557171,-3.5396944399409453],[105.14258333195527,-3.5565555519735543]]]}},{"type":"Feature","properties":{"code":"1602242006","desa":"Tanjung Makmur","kecamatan":"Pedamaran Timur","kecCode":"160224","kabCode":"1602","province":"Sumatera Selatan"},"geometry":{"type":"Polygon","coordinates":[[[105.16086230974787,-3.5883834917470137],[105.16086111095154,-3.574472218075609],[105.14240105196704,-3.5744521622946737],[105.14258333195527,-3.5565555519735543],[105.15691666557171,-3.5396944399409453],[105.15988888896113,-3.532888885115731],[105.17108333233,-3.534916662973211],[105.17105555586926,-3.5306111074209077],[105.17337984110686,-3.534548728740829],[105.18181347731019,-3.53743460731817],[105.1845833316555,-3.5482777736856135],[105.18902974982312,-3.5507330604649736],[105.18771985938406,-3.5525285803103928],[105.19247222241518,-3.564638885144185],[105.18211110974,-3.5647777737428346],[105.18236110867825,-3.5724444402181486],[105.1790555560691,-3.571249995751362],[105.17897222219032,-3.588055553064],[105.16086230974787,-3.5883834917470137]]]}},{"type":"Feature","properties":{"code":"1602242007","desa":"Kayu Labu","kecamatan":"Pedamaran Timur","kecCode":"160224","kabCode":"1602","province":"Sumatera Selatan"},"geometry":{"type":"Polygon","coordinates":[[[105.19191666622122,-3.4928888850587185],[105.25015512785694,-3.4895843262039508],[105.30763915272479,-3.5075849611060157],[105.32062137008022,-3.519905884464703],[105.32455653265792,-3.533760738268319],[105.31745009344712,-3.547874084207337],[105.3164096632754,-3.5681845711250073],[105.32209019230855,-3.591523232749932],[105.31286317689414,-3.5915015779743644],[105.31278547277138,-3.596310036212987],[105.28984362977974,-3.6033177487414343],[105.28415580724476,-3.601949103795847],[105.28029573985657,-3.5968038278676313],[105.25928014756084,-3.585917247627832],[105.25873430224631,-3.582787549354256],[105.24404429300978,-3.582787549354256],[105.24390251309057,-3.5969739472229474],[105.24901237192347,-3.60063799567614],[105.24904908674601,-3.6055916719419496],[105.23235716595052,-3.6138530789714522],[105.16086230974787,-3.5883834917470137],[105.17897222219032,-3.588055553064],[105.1790555560691,-3.571249995751362],[105.18236110867825,-3.5724444402181486],[105.18211110974,-3.5647777737428346],[105.19247222241518,-3.564638885144185],[105.18771985938406,-3.5525285803103928],[105.18902974982312,-3.5507330604649736],[105.1845833316555,-3.5482777736856135],[105.18367004403734,-3.5413684802638494],[105.17980555468267,-3.53586110670329],[105.17980555558198,-3.5195555517633745],[105.1993513939517,-3.5026485868969774],[105.19911627069939,-3.4974060088200694],[105.19191666622122,-3.4928888850587185]]]}},{"type":"Feature","properties":{"code":"1602111016","desa":"Tulung Selapan Ulu","kecamatan":"Tulung Selapan","kecCode":"160211","kabCode":"1602","province":"Sumatera Selatan"},"geometry":{"type":"Polygon","coordinates":[[[105.32291666657095,-3.250805552139811],[105.32086110955264,-3.2513055527138266],[105.31999999880094,-3.2459722186534523],[105.30890475065377,-3.2512857604343286],[105.30165499997831,-3.259076996502597],[105.30052777803456,-3.2563333295188808],[105.31089799994281,-3.2443729965288215],[105.30682633196972,-3.2219865811522315],[105.31329923207396,-3.1990399528927584],[105.31085355185,-3.1899138459183565],[105.32883799987387,-3.1861339962621],[105.33332107530742,-3.219794770551043],[105.32291666657095,-3.250805552139811]]]}},{"type":"Feature","properties":{"code":"1602112001","desa":"Simpang Tiga","kecamatan":"Tulung Selapan","kecCode":"160211","kabCode":"1602","province":"Sumatera Selatan"},"geometry":{"type":"Polygon","coordinates":[[[105.72894444373115,-3.2631944390640797],[105.70823328273985,-3.281520355152417],[105.70275217387376,-3.278555638407374],[105.6947292949211,-3.281576359533497],[105.69252767721059,-3.276657163274843],[105.69577080787654,-3.2660787393311943],[105.68568541115285,-3.2609819026869644],[105.68235860396645,-3.2554354805632966],[105.67835678184007,-3.255487722180912],[105.67749627633214,-3.264244675442209],[105.67435877193981,-3.267274988737298],[105.66759256334619,-3.264737919409764],[105.65984727633081,-3.2662730702346634],[105.65517972926112,-3.2634178720288736],[105.66019404591856,-3.2583652676401416],[105.65940385300546,-3.247909587665763],[105.65011282384779,-3.244765608158151],[105.64830011166089,-3.2536441110891245],[105.63856403770023,-3.2564747524071174],[105.63480116184422,-3.254985181022068],[105.63194919489949,-3.246684451136286],[105.62458392270992,-3.245481196011415],[105.62267466920069,-3.2485483014706875],[105.62449733778196,-3.254879507084499],[105.61732036294443,-3.2634245333072474],[105.60816068966413,-3.2549483735693987],[105.60119821932243,-3.2536343354584405],[105.59572202884863,-3.267283445062443],[105.575110222259,-3.276646921795389],[105.56849881037186,-3.285640926455302],[105.55927636980867,-3.2888331590872966],[105.54899917557155,-3.2871647826946346],[105.5478094165714,-3.292549689277019],[105.54475092031879,-3.2934439211593376],[105.5394183129049,-3.3008489865427784],[105.52682675205301,-3.3083934936080226],[105.52472541684453,-3.3122455030665354],[105.52554028355729,-3.320372184459037],[105.51462723356003,-3.3308197552465026],[105.48435265674976,-3.3391758473974704],[105.47071602882174,-3.330326222596662],[105.45801116058664,-3.3370474884630927],[105.45430573881883,-3.34520458852445],[105.44368074527023,-3.3566672223056013],[105.44181752086193,-3.3649784122061255],[105.44426860691071,-3.372891689873241],[105.43772117818986,-3.381528694258238],[105.38030192879101,-3.381245705489631],[105.3826111108142,-3.3418999963947864],[105.47306944399969,-3.225869439155553],[105.48219299960732,-3.226191996295495],[105.49763664161776,-3.1576662537006372],[105.62077113627895,-3.17020966483657],[105.67502593939565,-3.2251696550885045],[105.72894444373115,-3.2631944390640797]]]}},{"type":"Feature","properties":{"code":"1602112002","desa":"Pulau Beruang","kecamatan":"Tulung Selapan","kecCode":"160211","kabCode":"1602","province":"Sumatera Selatan"},"geometry":{"type":"Polygon","coordinates":[[[105.30052777803456,-3.251749996769243],[105.29745999987914,-3.327778996325928],[105.28479812643245,-3.335724701747319],[105.28485706530137,-3.3791174526753087],[105.28153112416209,-3.3794649345257537],[105.27561148787993,-3.3752603503560255],[105.26756392523504,-3.361710479141042],[105.2585512128682,-3.3533156954577286],[105.24202186072033,-3.3573730210384585],[105.24225799930728,-3.2829299965927166],[105.26415104033828,-3.267062025679708],[105.2670158496018,-3.252631803618187],[105.26113773232055,-3.248553960004975],[105.2647849742472,-3.2460326450010353],[105.27934224624772,-3.2484941721760845],[105.29015184003542,-3.2465926105703637],[105.30052777803456,-3.251749996769243]]]}},{"type":"Feature","properties":{"code":"1602112003","desa":"Penyandingan","kecamatan":"Tulung Selapan","kecCode":"160211","kabCode":"1602","province":"Sumatera Selatan"},"geometry":{"type":"Polygon","coordinates":[[[105.26113773232055,-3.248553960004975],[105.2670158496018,-3.252631803618187],[105.26415104033828,-3.267062025679708],[105.24225799930728,-3.2829299965927166],[105.24202186072033,-3.3573730210384585],[105.21679677844861,-3.3637883276527214],[105.21957443531197,-3.28846929968313],[105.21348699992517,-3.2882669962897477],[105.21485500005826,-3.285696996486873],[105.21965200003984,-3.28636599676029],[105.2188739992357,-3.2836319974885577],[105.22105600003441,-3.2823329951428972],[105.22188300040021,-3.2838679966803097],[105.24091999965833,-3.253128996508766],[105.26113773232055,-3.248553960004975]]]}},{"type":"Feature","properties":{"code":"1602112004","desa":"Tanjung Batu","kecamatan":"Tulung Selapan","kecCode":"160211","kabCode":"1602","province":"Sumatera Selatan"},"geometry":{"type":"Polygon","coordinates":[[[105.19147950667394,-3.3702259887149753],[105.1993609996105,-3.278693996406031],[105.21244399769239,-3.2662499963288956],[105.21802043289671,-3.2649823551416035],[105.22477099958199,-3.2480849968334313],[105.22914245925715,-3.2443176567467615],[105.23637000027536,-3.2519839976673954],[105.24091999965833,-3.253128996508766],[105.22188300040021,-3.2838679966803097],[105.22105600003441,-3.2823329951428972],[105.2188739992357,-3.2836319974885577],[105.21965200003984,-3.28636599676029],[105.21485500005826,-3.285696996486873],[105.21348699992517,-3.2882669962897477],[105.21957443531197,-3.28846929968313],[105.21679677844861,-3.3637883276527214],[105.19147950667394,-3.3702259887149753]]]}},{"type":"Feature","properties":{"code":"1602112005","desa":"Toman","kecamatan":"Tulung Selapan","kecCode":"160211","kabCode":"1602","province":"Sumatera Selatan"},"geometry":{"type":"Polygon","coordinates":[[[105.22025422475275,-3.2252277297089047],[105.21638756803189,-3.218632007401285],[105.19902569368087,-3.204712104734943],[105.192606092797,-3.1932667541248354],[105.19231000000654,-3.1903019969103354],[105.20926199934183,-3.161145996892433],[105.22766399989376,-3.1864199977595575],[105.22283699942808,-3.225027997477239],[105.22025422475275,-3.2252277297089047]]]}},{"type":"Feature","properties":{"code":"1602112006","desa":"Cambai","kecamatan":"Tulung Selapan","kecCode":"160211","kabCode":"1602","province":"Sumatera Selatan"},"geometry":{"type":"Polygon","coordinates":[[[105.22914245925715,-3.2443176567467615],[105.22025422475275,-3.2252277297089047],[105.22283699942808,-3.225027997477239],[105.22766399989376,-3.1864199977595575],[105.24011111073924,-3.199472218328996],[105.2490555555695,-3.215194441514039],[105.25993525241,-3.2488436676086145],[105.24091999965833,-3.253128996508766],[105.23637000027536,-3.2519839976673954],[105.22914245925715,-3.2443176567467615]]]}},{"type":"Feature","properties":{"code":"1602112007","desa":"Kayuara","kecamatan":"Tulung Selapan","kecCode":"160211","kabCode":"1602","province":"Sumatera Selatan"},"geometry":{"type":"Polygon","coordinates":[[[105.29015184003542,-3.2465926105703637],[105.27934224624772,-3.2484941721760845],[105.2651394510249,-3.245938712612056],[105.25993525241,-3.2488436676086145],[105.2490555555695,-3.215194441514039],[105.24011111073924,-3.199472218328996],[105.22766399989376,-3.1864199977595575],[105.24581944321278,-3.1834166848102723],[105.26413888869882,-3.1933611073965813],[105.27161654107056,-3.1913214935616208],[105.27645236388553,-3.201060218713156],[105.29211111023959,-3.2209444404710728],[105.29015184003542,-3.2465926105703637]]]}},{"type":"Feature","properties":{"code":"1602112008","desa":"Petaling","kecamatan":"Tulung Selapan","kecCode":"160211","kabCode":"1602","province":"Sumatera Selatan"},"geometry":{"type":"Polygon","coordinates":[[[105.31085355185,-3.1899138459183565],[105.31329923207396,-3.1990399528927584],[105.30682633196972,-3.2219865811522315],[105.31089799994281,-3.2443729965288215],[105.30052777803456,-3.2563333295188808],[105.30052777803456,-3.251749996769243],[105.29015184003542,-3.2465926105703637],[105.29211111023959,-3.2209444404710728],[105.27645236388553,-3.201060218713156],[105.27161654107056,-3.1913214935616208],[105.28530799976444,-3.1897359968899983],[105.28232646209658,-3.1969151750588125],[105.2848086871712,-3.201053506173433],[105.28748266569255,-3.1946344313998565],[105.287725507826,-3.1980885124371476],[105.29156334487253,-3.199426765693457],[105.31085355185,-3.1899138459183565]]]}},{"type":"Feature","properties":{"code":"1602112009","desa":"Tulung Selapan Ilir","kecamatan":"Tulung Selapan","kecCode":"160211","kabCode":"1602","province":"Sumatera Selatan"},"geometry":{"type":"Polygon","coordinates":[[[105.30165499997831,-3.259076996502597],[105.30890475065377,-3.2512857604343286],[105.31441299926058,-3.2496799966410204],[105.3125555556944,-3.254277774301361],[105.31944444530497,-3.255999996702181],[105.3245194437174,-3.253661107376442],[105.3826111108142,-3.3418999963947864],[105.38030022727371,-3.3818982796459247],[105.3248526443341,-3.386815322028186],[105.31622975120212,-3.3854983773084335],[105.29817568396072,-3.377817203869268],[105.28485706530137,-3.3791174526753087],[105.28479812643245,-3.335724701747319],[105.29745999987914,-3.327778996325928],[105.30165499997831,-3.259076996502597]]]}},{"type":"Feature","properties":{"code":"1602112010","desa":"Ujung Tanjung","kecamatan":"Tulung Selapan","kecCode":"160211","kabCode":"1602","province":"Sumatera Selatan"},"geometry":{"type":"Polygon","coordinates":[[[105.32291666657095,-3.250805552139811],[105.33183055603541,-3.2231694405523674],[105.36153055599044,-3.2182916634699317],[105.39230833226377,-3.2326499964251187],[105.47306944399969,-3.225869439155553],[105.3826111108142,-3.3418999963947864],[105.32291666657095,-3.250805552139811]]]}},{"type":"Feature","properties":{"code":"1602112011","desa":"Lebung Gajah","kecamatan":"Tulung Selapan","kecCode":"160211","kabCode":"1602","province":"Sumatera Selatan"},"geometry":{"type":"Polygon","coordinates":[[[105.33183055603541,-3.2231694405523674],[105.33332107530742,-3.219794770551043],[105.32991717643658,-3.1938923135462476],[105.35415699924617,-3.198436995233044],[105.401362123863,-3.1649649994332534],[105.49763664161776,-3.1576662537006372],[105.48219299960732,-3.226191996295495],[105.39230833226377,-3.2326499964251187],[105.36153055599044,-3.2182916634699317],[105.33183055603541,-3.2231694405523674]]]}},{"type":"Feature","properties":{"code":"1602112012","desa":"Lebung Itam","kecamatan":"Tulung Selapan","kecCode":"160211","kabCode":"1602","province":"Sumatera Selatan"},"geometry":{"type":"Polygon","coordinates":[[[105.32883799987387,-3.1861339962621],[105.31085355185,-3.1899138459183565],[105.29156334487253,-3.199426765693457],[105.287725507826,-3.1980885124371476],[105.28748266569255,-3.1946344313998565],[105.2848086871712,-3.201053506173433],[105.28232646209658,-3.1969151750588125],[105.28530799976444,-3.1897359968899983],[105.27161654107056,-3.1913214935616208],[105.26863699989768,-3.176857996584467],[105.26950899964066,-3.1660649961995144],[105.27946300001747,-3.1383369963821943],[105.42975799983189,-2.967781996853448],[105.52484499969705,-2.9677019967616043],[105.52481212587895,-3.0117934795494214],[105.49748053100176,-3.0671364784696897],[105.37395099923928,-3.1301459963763567],[105.33722222192806,-3.153694439257184],[105.32883799987387,-3.1861339962621]]]}},{"type":"Feature","properties":{"code":"1602112013","desa":"Penanggoan Duren","kecamatan":"Tulung Selapan","kecCode":"160211","kabCode":"1602","province":"Sumatera Selatan"},"geometry":{"type":"Polygon","coordinates":[[[105.26878702929804,-3.0928540456538136],[105.28401355698013,-3.0930302264397356],[105.28538545387566,-3.0787554063282987],[105.34836016089275,-3.0466968435106696],[105.37498461794581,-3.0104100848230386],[105.37787318010321,-2.9990238736307324],[105.37088710975235,-2.9847636009527916],[105.37573352388306,-2.9760335554070565],[105.4297525049742,-2.967253744976716],[105.27946300001747,-3.1383369963821943],[105.26950899964066,-3.1660649961995144],[105.26863699989768,-3.176857996584467],[105.27161654107056,-3.1913214935616208],[105.26413888869882,-3.1933611073965813],[105.24581944321278,-3.1834166848102723],[105.22766399989376,-3.1864199977595575],[105.22764299982464,-3.1755039961990916],[105.25232958334367,-3.1265813382977283],[105.26911761378693,-3.1102047782852225],[105.26878702929804,-3.0928540456538136]]]}},{"type":"Feature","properties":{"code":"1602112014","desa":"Jerambah Rengas","kecamatan":"Tulung Selapan","kecCode":"160211","kabCode":"1602","province":"Sumatera Selatan"},"geometry":{"type":"Polygon","coordinates":[[[105.20926199934183,-3.161145996892433],[105.25224278437706,-3.092662369549074],[105.26878702929804,-3.0928540456538136],[105.26911761378693,-3.1102047782852225],[105.25232958334367,-3.1265813382977283],[105.22764299982464,-3.1755039961990916],[105.22766399989376,-3.1864199977595575],[105.20926199934183,-3.161145996892433]]]}},{"type":"Feature","properties":{"code":"1602112015","desa":"Simpang Tiga Makmur","kecamatan":"Tulung Selapan","kecCode":"160211","kabCode":"1602","province":"Sumatera Selatan"},"geometry":{"type":"Polygon","coordinates":[[[105.72894444373115,-3.2631944390640797],[105.67502593939565,-3.2251696550885045],[105.62077113627895,-3.17020966483657],[105.6969762096844,-3.1138370105230284],[105.75834758107607,-3.211694343067024],[105.9513827469163,-3.3468214895219126],[105.94480857055913,-3.355216663510916],[105.92983826332527,-3.36042130908325],[105.9292316670079,-3.3679858035809898],[105.919452082048,-3.3823577468759947],[105.9167184182205,-3.3843378094037417],[105.9106008258675,-3.3829739965155623],[105.72894444373115,-3.2631944390640797]]]}},{"type":"Feature","properties":{"code":"1602112017","desa":"Simpang Tiga Jaya","kecamatan":"Tulung Selapan","kecCode":"160211","kabCode":"1602","province":"Sumatera Selatan"},"geometry":{"type":"MultiPolygon","coordinates":[[[[106.21365044431263,-3.2171695388847197],[106.22062381533685,-3.218468125743624],[106.21885629768006,-3.22186763412056],[106.21365044431263,-3.2171695388847197]]],[[[105.97021247132852,-3.3249095672481244],[105.9459560236516,-3.2955409603041335],[105.88841723726573,-3.249273322312973],[105.80126676974567,-3.1571671956160534],[105.77239923083988,-3.1208134167516346],[105.754938842054,-3.076155520255259],[105.93035304875428,-2.9621280823630403],[105.94457362807054,-2.9575619014834644],[105.95853139221005,-2.9433939999713905],[105.97484072072274,-2.962815080768501],[105.98525642494413,-2.9666702090759043],[106.01490261666248,-2.969151435000994],[106.03544100979485,-2.980619901784846],[106.04736968216514,-2.9952397171212173],[106.0557573171465,-3.067625345436823],[106.04755781044462,-3.1032505484389126],[106.04788141709376,-3.1227050219630237],[106.0627008576585,-3.159611174320098],[106.0765184291822,-3.179805541674418],[106.09420734199529,-3.2151137687292874],[106.09674860576358,-3.2380327374399607],[106.09316055181806,-3.2430264353354326],[106.09067622143054,-3.2548317323995195],[106.07772243614158,-3.2666243400295416],[106.05378027004349,-3.279892446453174],[106.04603655234506,-3.2807376302104716],[106.011863685161,-3.296133695370155],[105.9921160623065,-3.313300078673576],[105.98318451825098,-3.3144879050294476],[105.97021247132852,-3.3249095672481244]]]]}},{"type":"Feature","properties":{"code":"1602112018","desa":"Simpang Tiga Sakti","kecamatan":"Tulung Selapan","kecCode":"160211","kabCode":"1602","province":"Sumatera Selatan"},"geometry":{"type":"Polygon","coordinates":[[[105.4297525049742,-2.967253744976716],[105.42949520893681,-2.9425183786594817],[105.44702209089684,-2.923119388809052],[105.45203400186773,-2.9051575128887546],[105.45308654231015,-2.823906791433518],[105.59123298821191,-2.8215203999173712],[105.72027537400936,-2.7450505922652235],[105.74297732374458,-2.724736633065543],[105.77864431828073,-2.682351192076528],[105.78205453668754,-2.6897944921366586],[105.78323475028355,-2.7112191590280506],[105.78628045997533,-2.71949968294609],[105.78755039623387,-2.76143874813607],[105.78025566506693,-2.8170290309407653],[105.78157836994586,-2.8525550666001185],[105.79317328322048,-2.88927137117398],[105.81543386008462,-2.92106770787096],[105.82001360274562,-2.9254201414841288],[105.8271995753002,-2.92608639073141],[105.83068166662564,-2.9288973395945916],[105.84558805004853,-2.949452698414989],[105.85616237399442,-2.957219258884958],[105.88324064064311,-2.966061335675765],[105.88746873579356,-2.9656339355717622],[105.88251594175739,-2.964583332270203],[105.88326919411809,-2.9632630897365373],[105.89068359537167,-2.96403403535831],[105.90994771121797,-2.9597700410750165],[105.93035304875428,-2.9621280823630403],[105.6969762096844,-3.1138370105230284],[105.62077113627895,-3.17020966483657],[105.49360199963262,-3.1572549964273735],[105.49350699974832,-3.0749799966250007],[105.52481212587895,-3.0117934795494214],[105.52484499969705,-2.9677019967616043],[105.4297525049742,-2.967253744976716]]]}},{"type":"Feature","properties":{"code":"1602112019","desa":"Tulung Seluang","kecamatan":"Tulung Selapan","kecCode":"160211","kabCode":"1602","province":"Sumatera Selatan"},"geometry":{"type":"Polygon","coordinates":[[[105.32991717643658,-3.1938923135462476],[105.32883799987387,-3.1861339962621],[105.33722222192806,-3.153694439257184],[105.37395099923928,-3.1301459963763567],[105.49748053100176,-3.0671364784696897],[105.49350699974832,-3.0749799966250007],[105.49360199963262,-3.1572549964273735],[105.401362123863,-3.1649649994332534],[105.35415699924617,-3.198436995233044],[105.32991717643658,-3.1938923135462476]]]}},{"type":"Feature","properties":{"code":"1602112020","desa":"Rantau Lurus","kecamatan":"Tulung Selapan","kecCode":"160211","kabCode":"1602","province":"Sumatera Selatan"},"geometry":{"type":"Polygon","coordinates":[[[105.78074212095218,-3.298512810471677],[105.8096493802148,-3.316257523500603],[105.79536111072672,-3.3403055523681657],[105.765666665884,-3.3230277754388724],[105.78074212095218,-3.298512810471677]]]}},{"type":"Feature","properties":{"code":"1602112021","desa":"Kuala Dua Belas","kecamatan":"Tulung Selapan","kecCode":"160211","kabCode":"1602","province":"Sumatera Selatan"},"geometry":{"type":"Polygon","coordinates":[[[105.9513827469163,-3.3468214895219126],[105.75834758107607,-3.211694343067024],[105.6969762096844,-3.1138370105230284],[105.754938842054,-3.076155520255259],[105.77239923083988,-3.1208134167516346],[105.80126676974567,-3.1571671956160534],[105.88841723726573,-3.249273322312973],[105.9459560236516,-3.2955409603041335],[105.97069696309443,-3.3253243687495226],[105.96068433411476,-3.3364969684731887],[105.9528623322309,-3.33736564971692],[105.9513827469163,-3.3468214895219126]]]}},{"type":"Feature","properties":{"code":"1602112022","desa":"Simpang Tiga Abadi","kecamatan":"Tulung Selapan","kecCode":"160211","kabCode":"1602","province":"Sumatera Selatan"},"geometry":{"type":"Polygon","coordinates":[[[105.70850000007498,-3.281249996462634],[105.72894444373115,-3.2631944390640797],[105.78074999991263,-3.298499996031822],[105.765666665884,-3.3230277754388724],[105.79536111072672,-3.3403055523681657],[105.80966666698315,-3.3162499961750695],[105.90916666620875,-3.3823611076425157],[105.91596080234922,-3.3833873474105736],[105.91612083670732,-3.386802580433498],[105.8994646100038,-3.418497001460082],[105.89330594741158,-3.4211689511080032],[105.8856818683236,-3.4198390615466354],[105.85084753088893,-3.382346781442363],[105.83716989837215,-3.3745640745442818],[105.82729385842485,-3.3627719669373275],[105.81267901992089,-3.353220093027722],[105.79779583181225,-3.353203968183474],[105.79118737959395,-3.3505656351936595],[105.78951759216324,-3.3577956700240748],[105.77946113202569,-3.3561308990134906],[105.77927730340491,-3.3480671935465987],[105.76986805566627,-3.3466330203995294],[105.75732644765748,-3.334857918073149],[105.75363550227665,-3.335164299107454],[105.75103526996179,-3.3393947909466424],[105.74843270930215,-3.3386117350541498],[105.74660916388189,-3.331612777425897],[105.7403392938234,-3.3262749494532655],[105.73933983136816,-3.319116444000308],[105.73415739544748,-3.3243459864041656],[105.72617826491506,-3.324614959238694],[105.71947154467607,-3.328122393455579],[105.71964086183635,-3.321730533066469],[105.7248395889759,-3.3172982225684944],[105.71537368125047,-3.308174659776166],[105.71434584068805,-3.3037250616105593],[105.71745773868378,-3.2969070529736957],[105.71403823028014,-3.2916806321166754],[105.708967376843,-3.2893525445480303],[105.70850000007498,-3.281249996462634]]]}},{"type":"Feature","properties":{"code":"1602112023","desa":"Tulung Selapan Timur","kecamatan":"Tulung Selapan","kecCode":"160211","kabCode":"1602","province":"Sumatera Selatan"},"geometry":{"type":"Polygon","coordinates":[[[105.3125555556944,-3.254277774301361],[105.31999999880094,-3.2459722186534523],[105.32086110955264,-3.2513055527138266],[105.32291666657095,-3.250805552139811],[105.3245194437174,-3.253661107376442],[105.31944444530497,-3.255999996702181],[105.3125555556944,-3.254277774301361]]]}},{"type":"Feature","properties":{"code":"1602142001","desa":"Tirta Mulya","kecamatan":"Air Sugihan","kecCode":"160214","kabCode":"1602","province":"Sumatera Selatan"},"geometry":{"type":"Polygon","coordinates":[[[105.38736086221405,-2.4513354540434342],[105.39368678881429,-2.4497025765898726],[105.4004034618503,-2.4575402230714936],[105.41588969125633,-2.448604703123001],[105.42153668187245,-2.453191060292577],[105.426421193983,-2.4483873783534897],[105.4320314616827,-2.4516108885068544],[105.43721985111527,-2.4501378493590242],[105.44457005786195,-2.452112850502239],[105.37751999924865,-2.500099998538093],[105.34158591865526,-2.4490371682087155],[105.35147456979564,-2.445565907422456],[105.36083501942068,-2.453287087202593],[105.37083511544829,-2.4448139761666687],[105.37970263317004,-2.4457297351207985],[105.38736086221405,-2.4513354540434342]]]}},{"type":"Feature","properties":{"code":"1602142002","desa":"Suka Mulya","kecamatan":"Air Sugihan","kecCode":"160214","kabCode":"1602","province":"Sumatera Selatan"},"geometry":{"type":"Polygon","coordinates":[[[105.37751999924865,-2.500099998538093],[105.44457005786195,-2.452112850502239],[105.44966867067266,-2.4553700933261933],[105.45187739662464,-2.461395416129945],[105.45861535391549,-2.458598333014154],[105.46404444689374,-2.462690984864045],[105.38847999925262,-2.517529997414387],[105.37751999924865,-2.500099998538093]]]}},{"type":"Feature","properties":{"code":"1602142003","desa":"Jadi Mulya","kecamatan":"Air Sugihan","kecCode":"160214","kabCode":"1602","province":"Sumatera Selatan"},"geometry":{"type":"Polygon","coordinates":[[[105.38847999925262,-2.517529997414387],[105.46404444689374,-2.462690984864045],[105.47304732967056,-2.4637580889264585],[105.47449054100571,-2.4690240979398403],[105.47993340620178,-2.469451525023426],[105.48021862169206,-2.4721348106256227],[105.47708125039945,-2.4731321353912943],[105.47553633203613,-2.4771214290578745],[105.46911897855806,-2.4767177512707823],[105.47052128872656,-2.482915383279128],[105.46127554762846,-2.481110711033289],[105.46341466605406,-2.4862397712856046],[105.4564031143123,-2.487142103361596],[105.45618920157044,-2.4926510669233655],[105.4515069110152,-2.4933634316064524],[105.44775157057859,-2.5019117736294514],[105.44634926041009,-2.5004633084565575],[105.44352087189075,-2.5033602370037675],[105.442166098087,-2.4998459292685125],[105.43551106458403,-2.507396930338063],[105.43817307942413,-2.510198862598394],[105.43605772828157,-2.512502141469064],[105.43332441159235,-2.5099139205022474],[105.43044848580904,-2.5139268483522126],[105.43156558138651,-2.518058489410112],[105.42555228431053,-2.5178210378132464],[105.42400736684658,-2.519981834394381],[105.42110767378016,-2.5177735482132855],[105.4221534648106,-2.5203380090916894],[105.41787522975814,-2.5216202372825554],[105.41915869991412,-2.5264641998560844],[105.41647291869032,-2.525585639559701],[105.41528452036435,-2.5310232059443654],[105.40996049428145,-2.535392240143063],[105.41148164266372,-2.5386215158500347],[105.40577733195833,-2.5380041555478328],[105.40330000009499,-2.541177774911426],[105.38847999925262,-2.517529997414387]]]}},{"type":"Feature","properties":{"code":"1602142004","desa":"Marga Tani","kecamatan":"Air Sugihan","kecCode":"160214","kabCode":"1602","province":"Sumatera Selatan"},"geometry":{"type":"Polygon","coordinates":[[[105.34158591865526,-2.4490371682087155],[105.36541999973325,-2.4836599985500825],[105.3074399996563,-2.525369997421752],[105.29593388903783,-2.509205913034436],[105.30017877902748,-2.5083502800543096],[105.30493940862685,-2.501078367393655],[105.31220569603612,-2.4994741998970826],[105.31147994944018,-2.4948224889944313],[105.30614560903267,-2.4897940718722005],[105.31132145562071,-2.4794482548776777],[105.31808115492139,-2.4739882836829223],[105.32262401278801,-2.4660089535097462],[105.33485291393087,-2.46062428884508],[105.33334958291698,-2.4487733565834255],[105.34158591865526,-2.4490371682087155]]]}},{"type":"Feature","properties":{"code":"1602142005","desa":"Bandar Jaya","kecamatan":"Air Sugihan","kecCode":"160214","kabCode":"1602","province":"Sumatera Selatan"},"geometry":{"type":"Polygon","coordinates":[[[105.36541999973325,-2.4836599985500825],[105.37751999924865,-2.500099998538093],[105.31951799995579,-2.542188996001253],[105.3074399996563,-2.525369997421752],[105.36541999973325,-2.4836599985500825]]]}},{"type":"Feature","properties":{"code":"1602142006","desa":"Mukti Jaya","kecamatan":"Air Sugihan","kecCode":"160214","kabCode":"1602","province":"Sumatera Selatan"},"geometry":{"type":"Polygon","coordinates":[[[105.37751999924865,-2.500099998538093],[105.38847999925262,-2.517529997414387],[105.33133999744295,-2.559573999097647],[105.31949155179375,-2.5422076560343947],[105.37751999924865,-2.500099998538093]]]}},{"type":"Feature","properties":{"code":"1602142007","desa":"Sri Jaya Baru","kecamatan":"Air Sugihan","kecCode":"160214","kabCode":"1602","province":"Sumatera Selatan"},"geometry":{"type":"Polygon","coordinates":[[[105.38847999925262,-2.517529997414387],[105.40330000009499,-2.541177774911426],[105.40243800620907,-2.544574759790578],[105.39252676140096,-2.5526716223618804],[105.38889026187614,-2.551603124350281],[105.37531454592958,-2.5587108145102593],[105.37782151674962,-2.569076515515225],[105.37399487356463,-2.5734216745123755],[105.36379841326622,-2.5759860238747874],[105.36547567136516,-2.5840750461565043],[105.35368404668145,-2.5824001002163754],[105.34585996376636,-2.575643594415677],[105.34265391484637,-2.5761452164672556],[105.33133999744295,-2.559573999097647],[105.38847999925262,-2.517529997414387]]]}},{"type":"Feature","properties":{"code":"1602142008","desa":"Nusantara","kecamatan":"Air Sugihan","kecCode":"160214","kabCode":"1602","province":"Sumatera Selatan"},"geometry":{"type":"Polygon","coordinates":[[[105.29593388903783,-2.509205913034436],[105.31951799995579,-2.542188996001253],[105.26020499866183,-2.5836599973415235],[105.23145233735556,-2.5416267074831067],[105.24152100039389,-2.544129325581712],[105.24605431555426,-2.554562862448518],[105.25280077773373,-2.553197937998289],[105.27124929391981,-2.5365877152328675],[105.27078535705863,-2.5237303201942316],[105.27781866879663,-2.5206445043398875],[105.28580705425219,-2.5087493200376425],[105.29593388903783,-2.509205913034436]]]}},{"type":"Feature","properties":{"code":"1602142009","desa":"Kerta Mukti","kecamatan":"Air Sugihan","kecCode":"160214","kabCode":"1602","province":"Sumatera Selatan"},"geometry":{"type":"Polygon","coordinates":[[[105.31949155179375,-2.5422076560343947],[105.33133999744295,-2.559573999097647],[105.2722249998839,-2.600931997025651],[105.26020499866183,-2.5836599973415235],[105.31949155179375,-2.5422076560343947]]]}},{"type":"Feature","properties":{"code":"1602142010","desa":"Nusakerta","kecamatan":"Air Sugihan","kecCode":"160214","kabCode":"1602","province":"Sumatera Selatan"},"geometry":{"type":"Polygon","coordinates":[[[105.33133999744295,-2.559573999097647],[105.34220000003006,-2.5754999969667023],[105.28360999880248,-2.6171199970841115],[105.2722249998839,-2.600931997025651],[105.33133999744295,-2.559573999097647]]]}},{"type":"Feature","properties":{"code":"1602142011","desa":"Banyu Biru","kecamatan":"Air Sugihan","kecCode":"160214","kabCode":"1602","province":"Sumatera Selatan"},"geometry":{"type":"Polygon","coordinates":[[[105.34220000003006,-2.5754999969667023],[105.35590117769726,-2.594975298789131],[105.32712434171503,-2.6157295049081553],[105.33185999893988,-2.6225199969882773],[105.30206777800562,-2.6438299958223554],[105.28360999880248,-2.6171199970841115],[105.34220000003006,-2.5754999969667023]]]}},{"type":"Feature","properties":{"code":"1602142012","desa":"Pangkalan Damai","kecamatan":"Air Sugihan","kecCode":"160214","kabCode":"1602","province":"Sumatera Selatan"},"geometry":{"type":"Polygon","coordinates":[[[105.20676824405928,-2.6196845407001232],[105.20965242292105,-2.605643690910069],[105.19944081444208,-2.5924187744278107],[105.19953364516164,-2.5854243313963248],[105.21385597827081,-2.558905122930676],[105.22216143230428,-2.5518060374840243],[105.22838695589337,-2.5420997409862585],[105.23145233735556,-2.5416267074831067],[105.26020499866183,-2.5836599973415235],[105.20676824405928,-2.6196845407001232]]]}},{"type":"Feature","properties":{"code":"1602142013","desa":"Negeri Sakti","kecamatan":"Air Sugihan","kecCode":"160214","kabCode":"1602","province":"Sumatera Selatan"},"geometry":{"type":"Polygon","coordinates":[[[105.2050475810811,-2.631384116162343],[105.20676824405928,-2.6196845407001232],[105.26020499866183,-2.5836599973415235],[105.2722249998839,-2.600931997025651],[105.21244999976771,-2.641989997307253],[105.2050475810811,-2.631384116162343]]]}},{"type":"Feature","properties":{"code":"1602142014","desa":"Rantau Karya","kecamatan":"Air Sugihan","kecCode":"160214","kabCode":"1602","province":"Sumatera Selatan"},"geometry":{"type":"Polygon","coordinates":[[[105.2722249998839,-2.600931997025651],[105.28360999880248,-2.6171199970841115],[105.2246700003203,-2.658819997293369],[105.21244999976771,-2.641989997307253],[105.2722249998839,-2.600931997025651]]]}},{"type":"Feature","properties":{"code":"1602142015","desa":"Pangkalan Sakti","kecamatan":"Air Sugihan","kecCode":"160214","kabCode":"1602","province":"Sumatera Selatan"},"geometry":{"type":"Polygon","coordinates":[[[105.28360999880248,-2.6171199970841115],[105.29548999986366,-2.633899997462455],[105.23585999923961,-2.675539995804203],[105.2246700003203,-2.658819997293369],[105.28360999880248,-2.6171199970841115]]]}},{"type":"Feature","properties":{"code":"1602142016","desa":"Simpang Heran","kecamatan":"Air Sugihan","kecCode":"160214","kabCode":"1602","province":"Sumatera Selatan"},"geometry":{"type":"Polygon","coordinates":[[[105.29548999986366,-2.633899997462455],[105.30734000044072,-2.6519499970505684],[105.24774999986265,-2.6925799973804336],[105.23585999923961,-2.675539995804203],[105.29548999986366,-2.633899997462455]]]}},{"type":"Feature","properties":{"code":"1602142017","desa":"Rengas Abang","kecamatan":"Air Sugihan","kecCode":"160214","kabCode":"1602","province":"Sumatera Selatan"},"geometry":{"type":"Polygon","coordinates":[[[105.21460339672944,-2.7068312192812565],[105.21469225874078,-2.6853866342051194],[105.20473800205717,-2.67429920927253],[105.19627727557588,-2.6581018400769705],[105.1917813101594,-2.655325869445493],[105.18049645704592,-2.654088617249423],[105.17531454093336,-2.6505767754551526],[105.1739306992424,-2.6425742328806394],[105.17963299906368,-2.6346124152055945],[105.19955276834565,-2.6374036266477807],[105.2050475810811,-2.631384116162343],[105.24774999986265,-2.6925799973804336],[105.2184699976923,-2.7126299965667],[105.21460339672944,-2.7068312192812565]]]}},{"type":"Feature","properties":{"code":"1602142018","desa":"Bukit Batu","kecamatan":"Air Sugihan","kecCode":"160214","kabCode":"1602","province":"Sumatera Selatan"},"geometry":{"type":"Polygon","coordinates":[[[105.2184699976923,-2.7126299965667],[105.27728000007197,-2.6721799973427287],[105.28963999988615,-2.6898799969786826],[105.26095999930457,-2.7106099969455735],[105.26626674491438,-2.7181692412010476],[105.23670999976673,-2.738959995768014],[105.2184699976923,-2.7126299965667]]]}},{"type":"Feature","properties":{"code":"1602142019","desa":"Sungai Batang","kecamatan":"Air Sugihan","kecCode":"160214","kabCode":"1602","province":"Sumatera Selatan"},"geometry":{"type":"Polygon","coordinates":[[[105.45308654231015,-2.823906791433518],[105.2752179949146,-2.8214557971182965],[105.26623550966109,-2.8144983962624917],[105.2487335587068,-2.8071638728010324],[105.25631873941836,-2.789433738681916],[105.25282154937507,-2.7753178485610794],[105.25445900977553,-2.7549635637608514],[105.21993529457824,-2.7475708712501548],[105.21129327556429,-2.7359736764081686],[105.20559529158947,-2.732051301294904],[105.21510687318367,-2.72014551668363],[105.21460339672944,-2.7068312192812565],[105.23670999976673,-2.738959995768014],[105.26626674491438,-2.7181692412010476],[105.26095999930457,-2.7106099969455735],[105.28963999988615,-2.6898799969786826],[105.27728000007197,-2.6721799973427287],[105.30734000044072,-2.6519499970505684],[105.30206777800562,-2.6438299958223554],[105.33185999893988,-2.6225199969882773],[105.32712434171503,-2.6157295049081553],[105.35590117769726,-2.594975298789131],[105.34265391484637,-2.5761452164672556],[105.34585996376636,-2.575643594415677],[105.35368404668145,-2.5824001002163754],[105.36547567136516,-2.5840750461565043],[105.36379841326622,-2.5759860238747874],[105.37399487356463,-2.5734216745123755],[105.37782151674962,-2.569076515515225],[105.3784394849943,-2.5654674093438605],[105.3747057273875,-2.5594099384749116],[105.37705381228369,-2.5568743719145863],[105.38539636874748,-2.5549510799902824],[105.38889026187614,-2.551603124350281],[105.39252676140096,-2.5526716223618804],[105.40243800620907,-2.544574759790578],[105.4042593024249,-2.5387485738672235],[105.41148164266372,-2.5386215158500347],[105.40996049428145,-2.535392240143063],[105.41528452036435,-2.5310232059443654],[105.41647291869032,-2.525585639559701],[105.41915869991412,-2.5264641998560844],[105.41787522975814,-2.5216202372825554],[105.4221534648106,-2.5203380090916894],[105.42110767378016,-2.5177735482132855],[105.42400736684658,-2.519981834394381],[105.42555228431053,-2.5178210378132464],[105.43156558138651,-2.518058489410112],[105.43044848580904,-2.5139268483522126],[105.43332441159235,-2.5099139205022474],[105.43605772828157,-2.512502141469064],[105.43817307942413,-2.510198862598394],[105.43551106458403,-2.507396930338063],[105.442166098087,-2.4998459292685125],[105.44352087189075,-2.5033602370037675],[105.44634926041009,-2.5004633084565575],[105.44775157057859,-2.5019117736294514],[105.4515069110152,-2.4933634316064524],[105.45618920157044,-2.4926510669233655],[105.4564031143123,-2.487142103361596],[105.46341466605406,-2.4862397712856046],[105.46291553692254,-2.4838177180530825],[105.46099093378463,-2.484208710003327],[105.46139438764095,-2.4809919843354966],[105.47052128872656,-2.482915383279128],[105.46911897855806,-2.4767177512707823],[105.47553633203613,-2.4771214290578745],[105.47708125039945,-2.4731321353912943],[105.47995717438414,-2.4725147436127406],[105.47893515243538,-2.4684304518605487],[105.47449054100571,-2.4690240979398403],[105.46985656742667,-2.457693307468649],[105.48079011027544,-2.4465937974464818],[105.49480163228957,-2.4510340381660423],[105.49518380818625,-2.440089836564464],[105.50165776769187,-2.438705883359117],[105.50753508637517,-2.433740402592199],[105.5196141532706,-2.4293852674156753],[105.52549174804578,-2.423102332912735],[105.53970394657993,-2.4176126894864725],[105.56180214365405,-2.4159436044280724],[105.56849582012603,-2.4162098226391118],[105.5694346242086,-2.418465749506233],[105.58039299643967,-2.4182028129212436],[105.58654152277313,-2.4157947981058996],[105.6073951201887,-2.4026487521670035],[105.61463629492913,-2.3963212904309574],[105.61616891776139,-2.391038318405247],[105.62122645133972,-2.3911131249122954],[105.62673833590553,-2.397993179575533],[105.63075113605612,-2.4091414085708918],[105.63367950940186,-2.4374530612004865],[105.62665297765282,-2.4621852619038624],[105.6248621531659,-2.4620043264023037],[105.61512487771103,-2.484151954688433],[105.60790029096567,-2.506629067592248],[105.6044385360097,-2.525803040771529],[105.60359362384673,-2.5525595560432164],[105.61033359471969,-2.5972049060972475],[105.62324930990779,-2.6246258144155568],[105.63445466115375,-2.643175539385032],[105.64066842340905,-2.646206263670262],[105.65581589169011,-2.663222311803742],[105.67895428061564,-2.6782486413888167],[105.6923572134147,-2.68364462042411],[105.74034370409872,-2.689615019832014],[105.75722248243169,-2.6878718881936847],[105.7725493088036,-2.681673501654147],[105.77864431828073,-2.682351192076528],[105.74297732374458,-2.724736633065543],[105.72027537400936,-2.7450505922652235],[105.59123298821191,-2.8215203999173712],[105.45308654231015,-2.823906791433518]]]}},{"type":"Feature","properties":{"code":"1602152001","desa":"Sungai Menang","kecamatan":"Sungai Menang","kecCode":"160215","kabCode":"1602","province":"Sumatera Selatan"},"geometry":{"type":"Polygon","coordinates":[[[105.36108731432813,-3.7982604987411577],[105.35506181165333,-3.794179896007848],[105.35188828311782,-3.785793120787271],[105.35002744371162,-3.7756428361901375],[105.35080979273776,-3.7528261302882235],[105.34118299270102,-3.7292575560830286],[105.33304330890165,-3.723666040153267],[105.32009983074265,-3.729914006317351],[105.32438755903864,-3.718169078943336],[105.33179617405426,-3.71318136693536],[105.33283318590286,-3.6799931980719287],[105.35235951797745,-3.680110363546612],[105.35393412655873,-3.6530901778424845],[105.3673109997029,-3.6437939946801046],[105.37680599959724,-3.6280939973399025],[105.39637899929147,-3.6070259961751354],[105.3964940378696,-3.617171301226049],[105.40574500492812,-3.6172836463345135],[105.40591413233142,-3.6216300239131556],[105.41503650263257,-3.621246308377533],[105.41423579484609,-3.6243483057335357],[105.43232287260253,-3.624068913353804],[105.43535654666736,-3.6261807319570463],[105.43363468309423,-3.6338674856895548],[105.44285824421267,-3.6338030681507765],[105.44289246161786,-3.63884695181367],[105.44693727223739,-3.639374873639236],[105.44708389680444,-3.642305711124291],[105.45751799935623,-3.6486129956710442],[105.46100168158237,-3.6581237732611913],[105.45252244165742,-3.662004518757033],[105.44645322833388,-3.6705594339251313],[105.44912854324774,-3.6749778822730756],[105.44917634940907,-3.683337390049259],[105.44231600158224,-3.6841466027233647],[105.43904615835356,-3.6917936405957454],[105.4388982063872,-3.703568644896176],[105.44182299503524,-3.7085791565166644],[105.41133778171331,-3.7142922230153017],[105.40619763371386,-3.7265474652878807],[105.40065467307475,-3.7290226765472196],[105.39087062657819,-3.7399282720523517],[105.38502229124582,-3.7629665124503062],[105.38029113242986,-3.768068163165479],[105.38463875287617,-3.7803105721124495],[105.37259437103346,-3.789749431818004],[105.36751719176505,-3.797526908259122],[105.36108731432813,-3.7982604987411577]]]}},{"type":"Feature","properties":{"code":"1602152002","desa":"Karangsia","kecamatan":"Sungai Menang","kecCode":"160215","kabCode":"1602","province":"Sumatera Selatan"},"geometry":{"type":"Polygon","coordinates":[[[105.4397064405998,-3.826908774807687],[105.43305337211547,-3.826323830568557],[105.43020706640306,-3.822371611453157],[105.43710138701948,-3.791149138447672],[105.43533383968503,-3.7854778850281203],[105.4141960583015,-3.776814651915594],[105.38463875287617,-3.7803105721124495],[105.38029113242986,-3.768068163165479],[105.38502229124582,-3.7629665124503062],[105.3909473621311,-3.7397791131959646],[105.40065467307475,-3.7290226765472196],[105.40619763371386,-3.7265474652878807],[105.41133778171331,-3.7142922230153017],[105.44159658081759,-3.708896084799906],[105.4388982063872,-3.703568644896176],[105.43904615835356,-3.6917936405957454],[105.44231600158224,-3.6841466027233647],[105.44917634940907,-3.683337390049259],[105.44912854324774,-3.6749778822730756],[105.44645322833388,-3.6705594339251313],[105.45390972775179,-3.6611184527189384],[105.46017746821565,-3.6578712445302206],[105.4690411746106,-3.657788112099697],[105.46874399993571,-3.6912829947466097],[105.4397064405998,-3.826908774807687]]]}},{"type":"Feature","properties":{"code":"1602152003","desa":"Sungai Ceper","kecamatan":"Sungai Menang","kecCode":"160215","kabCode":"1602","province":"Sumatera Selatan"},"geometry":{"type":"Polygon","coordinates":[[[105.49213075373136,-3.840618114707243],[105.48759388984621,-3.8366344624877065],[105.48375780108171,-3.82491874509375],[105.48059045538525,-3.8218647049851295],[105.46481733415271,-3.8279171423487703],[105.4397064405998,-3.826908774807687],[105.46874399993571,-3.6912829947466097],[105.53882766876193,-3.715030339785239],[105.53601799963104,-3.661455996161415],[105.56324999998759,-3.643242997150167],[105.58358333330425,-3.649555551724184],[105.59566666658343,-3.64455555227908],[105.65410633533916,-3.654149388555322],[105.65424610077702,-3.715211496520036],[105.65420684536967,-3.705213862846888],[105.64508399932714,-3.704982996086021],[105.62257099895248,-3.7137569959967998],[105.5864279995526,-3.7466789961118914],[105.51069367357422,-3.84152076244527],[105.49213075373136,-3.840618114707243]]]}},{"type":"Feature","properties":{"code":"1602152004","desa":"Gajah Mati","kecamatan":"Sungai Menang","kecCode":"160215","kabCode":"1602","province":"Sumatera Selatan"},"geometry":{"type":"Polygon","coordinates":[[[105.5285084528029,-3.8960618925563364],[105.52195197240563,-3.8904606531565906],[105.5122445544427,-3.8730390494510973],[105.52616109006232,-3.8494463473347196],[105.52569714420791,-3.842581136880893],[105.52109221243569,-3.8392291082112493],[105.51895421996134,-3.8393138666159907],[105.51342175800778,-3.8409417977983855],[105.51122307208715,-3.84143271971639],[105.50959980298857,-3.841718017944004],[105.5864279995526,-3.7466789961118914],[105.62257099895248,-3.7137569959967998],[105.64508399932714,-3.704982996086021],[105.65420684536967,-3.705213862846888],[105.6540568636334,-3.7279524779176367],[105.65747451943359,-3.738389630059288],[105.6711935612339,-3.7366536336420464],[105.67457243826748,-3.7386594770348704],[105.6865606637437,-3.7360088350242076],[105.69306687383721,-3.748008518749865],[105.69203359867169,-3.7608593406440365],[105.68521815489402,-3.770778101075877],[105.68705929195282,-3.7892659454946385],[105.73129659805959,-3.8234524697469547],[105.74135697384531,-3.8369563559279514],[105.75566789275909,-3.847096810935219],[105.7571181385913,-3.8573561131492777],[105.75229568509785,-3.8643297764458246],[105.76716599941142,-3.873299995836395],[105.79233784181797,-3.9608599173965664],[105.78196832767624,-4.020661724440927],[105.76185481474793,-4.020660688421919],[105.72125519167383,-3.9907029517934185],[105.72170248388261,-3.995408441255164],[105.71737598491382,-3.9993199696453687],[105.7141261480034,-3.996127197420106],[105.70816201326636,-3.995716979763084],[105.69987615635961,-3.9995167772817184],[105.7023977717398,-4.00466046141003],[105.70081849927436,-4.010225180240838],[105.6953422170697,-4.012355499697273],[105.6967247754281,-4.01882048396201],[105.70027947082099,-4.021829525592762],[105.69189389168982,-4.027947285213207],[105.6876713579469,-4.034782750590423],[105.67435872157778,-4.039298897688151],[105.6754157460399,-4.043882318571423],[105.67204255631896,-4.052002265840613],[105.66572559236225,-4.053981205115133],[105.66224285442428,-4.046877733674604],[105.65823217757298,-4.044994595580235],[105.6385839073215,-4.048628462785615],[105.62477082701213,-4.039267344974189],[105.62072393356276,-4.043409307551305],[105.61983743584904,-4.055756181747136],[105.60897444841214,-4.057274550323354],[105.60397888441803,-4.050494377963513],[105.61215427310128,-4.028861204154483],[105.62604527427006,-4.0131863005970745],[105.63065066739442,-4.003943817752584],[105.6149829260213,-3.981103073871554],[105.61095904892102,-3.964866738849897],[105.59356897812592,-3.9573792272185155],[105.58971429228082,-3.9532015444691035],[105.59279882930258,-3.947042180412202],[105.60856089157193,-3.9435691335722636],[105.60972401714976,-3.937231430356541],[105.59774480917564,-3.923270654402348],[105.59303764157397,-3.9252034512613765],[105.5830826276612,-3.937108680091981],[105.56312468665504,-3.929157644388663],[105.56253113410463,-3.92461594845101],[105.57287340418429,-3.9051386690187257],[105.57315799374646,-3.900039474352061],[105.55814656501201,-3.8935257495304296],[105.5479560105615,-3.8807812679714453],[105.54359257913427,-3.8813482410581686],[105.53449121429816,-3.8938738357253393],[105.5285084528029,-3.8960618925563364]]]}},{"type":"Feature","properties":{"code":"1602152005","desa":"Sungai Tepuk","kecamatan":"Sungai Menang","kecCode":"160215","kabCode":"1602","province":"Sumatera Selatan"},"geometry":{"type":"Polygon","coordinates":[[[105.3090395023712,-3.7563846118230906],[105.29864970671866,-3.751580788690357],[105.29834618732673,-3.7376632386502258],[105.29383208977917,-3.730712810238169],[105.29038648394912,-3.7306993554810073],[105.27713016762317,-3.7393368041311175],[105.25281611567122,-3.725527844530033],[105.25136250277735,-3.7206096186399225],[105.2579590425758,-3.712961183221144],[105.2585130123657,-3.7061140176641763],[105.24593763301539,-3.694381143903581],[105.24278759567107,-3.670842864260858],[105.23971421743725,-3.6677206627358414],[105.23157214234055,-3.670364192008429],[105.22340450761197,-3.6697877247789013],[105.21934520171976,-3.663575456304119],[105.22010449572592,-3.6579007971519757],[105.22477824182242,-3.656814745273339],[105.22780517726716,-3.6519751956729882],[105.2590599998192,-3.652955997194738],[105.30715900018775,-3.619684996274348],[105.3201417229622,-3.6273832109669892],[105.3673109997029,-3.6437939946801046],[105.35393412655873,-3.6530901778424845],[105.35235951797745,-3.680110363546612],[105.33283318590286,-3.6799931980719287],[105.33179617405426,-3.71318136693536],[105.32438755903864,-3.718169078943336],[105.31292676975464,-3.752365548798041],[105.3090395023712,-3.7563846118230906]]]}},{"type":"Feature","properties":{"code":"1602152006","desa":"Sungai Sibur","kecamatan":"Sungai Menang","kecCode":"160215","kabCode":"1602","province":"Sumatera Selatan"},"geometry":{"type":"Polygon","coordinates":[[[105.78196832767624,-4.020661724440927],[105.79233784181797,-3.9608599173965664],[105.76716599941142,-3.873299995836395],[105.75229568509785,-3.8643297764458246],[105.7570561663091,-3.8575857937043576],[105.75725250809683,-3.8500992443475344],[105.74535580032999,-3.8387111625651644],[105.77243104885387,-3.824443180898331],[105.77876355399489,-3.8236232896741873],[105.78300318924583,-3.8354245343933027],[105.82865785477621,-3.8245628141126713],[105.83128319076671,-3.8141348782232485],[105.86294185388351,-3.820623477785524],[105.86383603540473,-3.8166302190079024],[105.87542246357587,-3.8187444720759878],[105.91352614961217,-3.8323973525375314],[105.91337936586511,-3.827342954900621],[105.90492605159606,-3.8227043965827106],[105.90598300141443,-3.818966719734358],[105.90335662760633,-3.8135613967428457],[105.90610694777745,-3.806663871849396],[105.90140465989718,-3.803614713260799],[105.89937189080018,-3.8056879230693696],[105.89027908840929,-3.8046620340369297],[105.88622778828187,-3.8015309795856966],[105.88450399926022,-3.795143804664291],[105.88090563908406,-3.7939205207381876],[105.87848407957664,-3.7960199610728727],[105.871738108427,-3.792982230169541],[105.87300441861906,-3.7848319289827166],[105.86828697086706,-3.7779757297358763],[105.8692263622069,-3.7730460968449107],[105.86642819180764,-3.7665039156751403],[105.8708821310056,-3.7637389779263994],[105.87644784269384,-3.766781888924714],[105.88216841134317,-3.7665002581324005],[105.89915074840836,-3.7836821106745124],[105.92220260906322,-3.7739436184472295],[105.92526367827617,-3.7746625769596505],[105.95901389017894,-3.819144187450115],[105.96104897503021,-3.8280319605929165],[105.96049248444068,-3.835032898528386],[105.95742447336085,-3.8396504154084083],[105.95809685868312,-3.847885060412456],[105.9312986822884,-3.9021222898194274],[105.88605130262556,-3.9739944025509693],[105.86582434831509,-4.026257798134874],[105.84154436178295,-4.020438091826565],[105.78196832767624,-4.020661724440927]]]}},{"type":"Feature","properties":{"code":"1602152007","desa":"Talang Makmur","kecamatan":"Sungai Menang","kecCode":"160215","kabCode":"1602","province":"Sumatera Selatan"},"geometry":{"type":"Polygon","coordinates":[[[105.46874399993571,-3.6912829947466097],[105.46904311804552,-3.654577964073242],[105.48341200006381,-3.6546689961486316],[105.48671202094306,-3.661196769279841],[105.50451499926787,-3.6594629959867193],[105.50226416256112,-3.7025851615960996],[105.46874399993571,-3.6912829947466097]]]}},{"type":"Feature","properties":{"code":"1602152008","desa":"Harapan Jaya","kecamatan":"Sungai Menang","kecCode":"160215","kabCode":"1602","province":"Sumatera Selatan"},"geometry":{"type":"Polygon","coordinates":[[[105.53601799963104,-3.661455996161415],[105.53750687134509,-3.675549113649728],[105.53882766876193,-3.715030339785239],[105.50226416256112,-3.7025851615960996],[105.50451499926787,-3.6594629959867193],[105.51759299981717,-3.6567129959771902],[105.53601799963104,-3.661455996161415]]]}},{"type":"Feature","properties":{"code":"1602152009","desa":"Talang Jaya","kecamatan":"Sungai Menang","kecCode":"160215","kabCode":"1602","province":"Sumatera Selatan"},"geometry":{"type":"Polygon","coordinates":[[[105.39637899929147,-3.6070259961751354],[105.37680599959724,-3.6280939973399025],[105.3673109997029,-3.6437939946801046],[105.3201417229622,-3.6273832109669892],[105.30715900018775,-3.619684996274348],[105.32394337039027,-3.6166711936326728],[105.33193558605853,-3.6176520877846006],[105.34441747188889,-3.6106307460306226],[105.35140219775325,-3.6115221468471432],[105.35955827439489,-3.6065488599647804],[105.3643675672095,-3.6084435534480663],[105.39637899929147,-3.6070259961751354]]]}},{"type":"Feature","properties":{"code":"1602152010","desa":"Sidomulyo","kecamatan":"Sungai Menang","kecCode":"160215","kabCode":"1602","province":"Sumatera Selatan"},"geometry":{"type":"Polygon","coordinates":[[[105.22780517726716,-3.6519751956729882],[105.22239087004264,-3.648343831280955],[105.22067732969508,-3.642725307810841],[105.22219674058715,-3.638926448285166],[105.22867215069925,-3.641401655047903],[105.23257836230164,-3.639206482780839],[105.22747296230744,-3.6296040642742997],[105.23276235369974,-3.621593511438138],[105.23235716595052,-3.6138530789714522],[105.24904908674601,-3.6055916719419496],[105.24901237192347,-3.60063799567614],[105.24390251309057,-3.5969739472229474],[105.24404429300978,-3.582787549354256],[105.25873430224631,-3.582787549354256],[105.25928014756084,-3.585917247627832],[105.28029573985657,-3.5968038278676313],[105.28415580724476,-3.601949103795847],[105.2865787885803,-3.6015024635960557],[105.28715464157351,-3.608325780031673],[105.30373805466758,-3.616500755018051],[105.3130056717744,-3.6159174790212494],[105.31302129030036,-3.6186272271746835],[105.30715900018775,-3.619684996274348],[105.2590599998192,-3.652955997194738],[105.22780517726716,-3.6519751956729882]]]}},{"type":"Feature","properties":{"code":"1602152011","desa":"Bumi Pratama Mandira","kecamatan":"Sungai Menang","kecCode":"160215","kabCode":"1602","province":"Sumatera Selatan"},"geometry":{"type":"Polygon","coordinates":[[[105.76692621767086,-4.114763722849942],[105.76948199829565,-4.131141510437403],[105.76656697538566,-4.1346993228767595],[105.74337852389982,-4.144269543855571],[105.7373957264317,-4.141851670671811],[105.7315064368726,-4.13306459102108],[105.72670094099566,-4.130400675916353],[105.71988181179626,-4.13150626106974],[105.71065139874308,-4.137897749139733],[105.70354713858961,-4.13742219303822],[105.69862241958907,-4.133048119038553],[105.6976881103181,-4.126076914488429],[105.70947230570243,-4.113424724055539],[105.71105736440592,-4.105658570078924],[105.7050116458708,-4.0996943894827425],[105.69120486261437,-4.1001568649451645],[105.68455235081039,-4.097433162910817],[105.68466297191866,-4.080999676711753],[105.68207265822666,-4.075770388815955],[105.67827328068739,-4.073918757570126],[105.67367825135027,-4.075415416512174],[105.66977340042217,-4.086163745772864],[105.66505401463114,-4.089869739505555],[105.65670633832688,-4.090584133958529],[105.65125936143045,-4.086146209892295],[105.64550854768139,-4.063827238272593],[105.65896877359006,-4.057867013794157],[105.66379471195643,-4.0527895575399535],[105.66639225080176,-4.054137317529678],[105.67238643368705,-4.051782087522284],[105.67548751373782,-4.043472127894121],[105.67435872157778,-4.039298897688151],[105.6876713579469,-4.034782750590423],[105.69189389168982,-4.027947285213207],[105.70027947082099,-4.021829525592762],[105.6967247754281,-4.01882048396201],[105.6953422170697,-4.012355499697273],[105.70064923157685,-4.010682258871612],[105.7023977717398,-4.00466046141003],[105.70076855272656,-3.9988325083186194],[105.70816201326636,-3.995716979763084],[105.7141261480034,-3.996127197420106],[105.71737598491382,-3.9993199696453687],[105.72170248388261,-3.995408441255164],[105.72125519167383,-3.9907029517934185],[105.76185481474793,-4.020660688421919],[105.78196832767624,-4.020661724440927],[105.78192258366037,-4.0271001085582165],[105.85012554435843,-4.027551416239442],[105.86282321981582,-4.031772443613513],[105.86266433569062,-4.037101913287143],[105.84594425172588,-4.036538533891314],[105.83919821402638,-4.071209441091238],[105.80110217672417,-4.07174665651077],[105.80111985379828,-4.089584490740619],[105.78067917920083,-4.089604697607714],[105.7798767303269,-4.099617523528231],[105.76981445966965,-4.097130588706714],[105.76692621767086,-4.114763722849942]]]}},{"type":"Feature","properties":{"code":"1602152012","desa":"Pinang Indah","kecamatan":"Sungai Menang","kecCode":"160215","kabCode":"1602","province":"Sumatera Selatan"},"geometry":{"type":"MultiPolygon","coordinates":[[[[105.82130461641496,-4.156894993846751],[105.81602075855123,-4.133516989579996],[105.80902614194298,-4.124151075684047],[105.79035532413893,-4.119834308283673],[105.77345484156774,-4.1106954201442045],[105.76964881534057,-4.114839692180369],[105.76952317825213,-4.124319939585813],[105.76692621767086,-4.114763722849942],[105.76981445966965,-4.097130588706714],[105.7798767303269,-4.099617523528231],[105.78067917920083,-4.089604697607714],[105.80111985379828,-4.089584490740619],[105.80110217672417,-4.07174665651077],[105.83919821402638,-4.071209441091238],[105.84594425172588,-4.036538533891314],[105.86275213200535,-4.036848106619587],[105.85302248010343,-4.076853743627786],[105.85018996999116,-4.084483246518967],[105.84798183039719,-4.0852446746155975],[105.84945899923349,-4.11565608953834],[105.8452863769648,-4.160032085446958],[105.84015175979594,-4.164204658248551],[105.82976401010103,-4.160872333724945],[105.82467975496678,-4.156415363816405],[105.82130461641496,-4.156894993846751]]],[[[105.78196832767624,-4.020661724440927],[105.84154436178295,-4.020438091826565],[105.86561886671738,-4.026555114002942],[105.86279071471978,-4.03185238524942],[105.85012554435843,-4.027551416239442],[105.78192258366037,-4.0271001085582165],[105.78196832767624,-4.020661724440927]]]]}},{"type":"Feature","properties":{"code":"1602152013","desa":"Gajah Makmur","kecamatan":"Sungai Menang","kecCode":"160215","kabCode":"1602","province":"Sumatera Selatan"},"geometry":{"type":"Polygon","coordinates":[[[105.62119392735792,-3.9734530106798505],[105.60468699980527,-3.950388995711955],[105.6312322868406,-3.93074441899692],[105.64830555615656,-3.9541666627137295],[105.62119392735792,-3.9734530106798505]]]}},{"type":"Feature","properties":{"code":"1602152014","desa":"Gading Jaya","kecamatan":"Sungai Menang","kecCode":"160215","kabCode":"1602","province":"Sumatera Selatan"},"geometry":{"type":"Polygon","coordinates":[[[105.65060764342809,-3.952514575741154],[105.68144444400593,-3.9941944392319444],[105.66225000133652,-4.008666662331188],[105.63174999956287,-3.9664999958174674],[105.65060764342809,-3.952514575741154]]]}},{"type":"Feature","properties":{"code":"1602152015","desa":"Gajah Mukti","kecamatan":"Sungai Menang","kecCode":"160215","kabCode":"1602","province":"Sumatera Selatan"},"geometry":{"type":"Polygon","coordinates":[[[105.60080555643133,-3.88130555203936],[105.61747222066651,-3.894194439537828],[105.6144242536764,-3.9030194588875897],[105.61258333065628,-3.9357499960374014],[105.59694444403095,-3.9193611054200126],[105.58933333316683,-3.9246666630197393],[105.58269444339389,-3.93511110776401],[105.57479308803066,-3.9309143773736466],[105.57383542426548,-3.9325268986727857],[105.60080555643133,-3.88130555203936]]]}},{"type":"Feature","properties":{"code":"1602152016","desa":"Gajah Mulya","kecamatan":"Sungai Menang","kecCode":"160215","kabCode":"1602","province":"Sumatera Selatan"},"geometry":{"type":"Polygon","coordinates":[[[105.57356050691192,-3.9323356524439395],[105.57410322798164,-3.930507231800731],[105.56577777932114,-3.926111106424533],[105.57454360530316,-3.9096312349931215],[105.5767777766731,-3.8995833283182413],[105.56344444330648,-3.8944999958938378],[105.56397222124109,-3.889388883411361],[105.57686110965254,-3.8692777725936462],[105.60080555643133,-3.88130555203936],[105.57356050691192,-3.9323356524439395]]]}},{"type":"Feature","properties":{"code":"1602152017","desa":"Sri Gading","kecamatan":"Sungai Menang","kecCode":"160215","kabCode":"1602","province":"Sumatera Selatan"},"geometry":{"type":"Polygon","coordinates":[[[105.64830555615656,-3.9541666627137295],[105.62358299975567,-3.9201669959985153],[105.63502799964255,-3.9117219959707694],[105.67194399961596,-3.936555995433901],[105.64830555615656,-3.9541666627137295]]]}},{"type":"Feature","properties":{"code":"1602152018","desa":"Gading Mas","kecamatan":"Sungai Menang","kecCode":"160215","kabCode":"1602","province":"Sumatera Selatan"},"geometry":{"type":"Polygon","coordinates":[[[105.65584919268615,-4.000075985621889],[105.64099999985018,-4.011694439538165],[105.61563888882368,-3.9771111065203835],[105.63174999956287,-3.9664999958174674],[105.65584919268615,-4.000075985621889]]]}},{"type":"Feature","properties":{"code":"1602182001","desa":"Sungai Somor","kecamatan":"Cengal","kecCode":"160218","kabCode":"1602","province":"Sumatera Selatan"},"geometry":{"type":"Polygon","coordinates":[[[105.74535580032999,-3.8387111625651644],[105.7408197548279,-3.836423097525367],[105.73129659805959,-3.8234524697469547],[105.74980866933468,-3.786953794811934],[105.75160346702643,-3.768283220744107],[105.76249699813803,-3.7463496391978968],[105.77477233307678,-3.7040644825083975],[105.77483949444716,-3.698360163715282],[105.76920970966046,-3.6892656849977494],[105.7727271857111,-3.6778300785419034],[105.77547009726725,-3.673677723399244],[105.78268319877066,-3.6709915563691577],[105.79143236481184,-3.6574707269609004],[105.80604619967244,-3.650130286859476],[105.8173210793044,-3.6483686768510037],[105.8211120050151,-3.6441538521011627],[105.82253758694013,-3.6829398276520995],[105.82532631625656,-3.6991201618897946],[105.83561619273314,-3.718418487026813],[105.84991090676299,-3.733203561782445],[105.85090977566567,-3.743045592057407],[105.85437007911592,-3.739280310518917],[105.86260074283007,-3.7419153411982045],[105.91122810479328,-3.7654167369459524],[105.92230362811,-3.7734918817894014],[105.89915074840836,-3.7836821106745124],[105.88216841134317,-3.7665002581324005],[105.87644784269384,-3.766781888924714],[105.8708821310056,-3.7637389779263994],[105.86642819180764,-3.7665039156751403],[105.8692263622069,-3.7730460968449107],[105.86828697086706,-3.7779757297358763],[105.87300441861906,-3.7848319289827166],[105.871738108427,-3.792982230169541],[105.87848407957664,-3.7960199610728727],[105.88090563908406,-3.7939205207381876],[105.88450399926022,-3.795143804664291],[105.88622778828187,-3.8015309795856966],[105.89027908840929,-3.8046620340369297],[105.89937189080018,-3.8056879230693696],[105.90140465989718,-3.803614713260799],[105.90610694777745,-3.806663871849396],[105.90335662760633,-3.8135613967428457],[105.90598300141443,-3.818966719734358],[105.90492605159606,-3.8227043965827106],[105.91337936586511,-3.827342954900621],[105.91352614961217,-3.8323973525375314],[105.87542246357587,-3.8187444720759878],[105.86383603540473,-3.8166302190079024],[105.86294185388351,-3.820623477785524],[105.83128319076671,-3.8141348782232485],[105.82865785477621,-3.8245628141126713],[105.78300318924583,-3.8354245343933027],[105.77876355399489,-3.8236232896741873],[105.77243104885387,-3.824443180898331],[105.74535580032999,-3.8387111625651644]]]}},{"type":"Feature","properties":{"code":"1602182002","desa":"Sungai Lumpur","kecamatan":"Cengal","kecCode":"160218","kabCode":"1602","province":"Sumatera Selatan"},"geometry":{"type":"Polygon","coordinates":[[[105.87754930985282,-3.4105832993129526],[105.8856818683236,-3.4198390615466354],[105.89330594741158,-3.4211689511080032],[105.88546111264031,-3.428828025506476],[105.88381727424785,-3.4420441475187107],[105.87318939207681,-3.4637877778595696],[105.86988888826163,-3.4653333293439705],[105.833124024754,-3.457227083246247],[105.83811015935639,-3.4487176404988147],[105.834991124341,-3.440539202223291],[105.83654828787326,-3.4414835937927335],[105.83696352644563,-3.438572126805268],[105.84103282380585,-3.439557225287746],[105.83961770099613,-3.4337967573226726],[105.84500469131353,-3.424901246413127],[105.84568266232509,-3.42159315142411],[105.84175690485733,-3.4183793179759],[105.84627743165821,-3.416373476381738],[105.84966077832233,-3.419073383254038],[105.86282826591179,-3.410143462484446],[105.86970035978383,-3.4148909331985053],[105.87754930985282,-3.4105832993129526]]]}},{"type":"Feature","properties":{"code":"1602182003","desa":"Sungai Jeruju","kecamatan":"Cengal","kecCode":"160218","kabCode":"1602","province":"Sumatera Selatan"},"geometry":{"type":"MultiPolygon","coordinates":[[[[105.46100543805056,-3.658134027331166],[105.45751799935623,-3.6486129956710442],[105.45721299968022,-3.6123449959414633],[105.46127777794715,-3.5939722179797715],[105.4939738666007,-3.6107466533537],[105.52227777789723,-3.6318333289407656],[105.52113888904852,-3.5917777741636203],[105.54411111023961,-3.591444440447563],[105.53791666632115,-3.569527774249868],[105.56537053392304,-3.5995652834414273],[105.5630119989047,-3.615148995743193],[105.56324999998759,-3.643242997150167],[105.53601799963104,-3.661455996161415],[105.51759299981717,-3.6567129959771902],[105.5020582429936,-3.661139175796825],[105.48671202094306,-3.661196769279841],[105.48341200006381,-3.6546689961486316],[105.46904311804552,-3.654577964073242],[105.4690411746106,-3.657788112099697],[105.46100543805056,-3.658134027331166]]],[[[105.65410633533916,-3.654149388555322],[105.59566666658343,-3.64455555227908],[105.5858888892609,-3.6241944398254837],[105.58302777800957,-3.594999995588523],[105.57311099877364,-3.5705279957318106],[105.53791666632115,-3.569527774249868],[105.57806816621299,-3.549422142102219],[105.57744100060175,-3.534720994777904],[105.6024500000675,-3.5154589959563185],[105.66336199865736,-3.505034996399657],[105.73733025668605,-3.4684369283924914],[105.73726999941101,-3.558873996111929],[105.76130783988496,-3.556404053081165],[105.66004299938498,-3.65611399713307],[105.65411310993214,-3.6561040569265297],[105.65410633533916,-3.654149388555322]]]]}},{"type":"Feature","properties":{"code":"1602182004","desa":"Sungai Ketupak","kecamatan":"Cengal","kecCode":"160218","kabCode":"1602","province":"Sumatera Selatan"},"geometry":{"type":"Polygon","coordinates":[[[105.58770929065129,-3.271304343603737],[105.5963635449417,-3.266612063384305],[105.60119821932243,-3.2536343354584405],[105.60816068966413,-3.2549483735693987],[105.61732036294443,-3.2634245333072474],[105.62449733778196,-3.254879507084499],[105.62276733804225,-3.2476635871135353],[105.62598145657903,-3.245062584082517],[105.63344294903294,-3.2480319017591968],[105.63480116184422,-3.254985181022068],[105.63856403770023,-3.2564747524071174],[105.64830011166089,-3.2536441110891245],[105.65011282384779,-3.244765608158151],[105.65940385300546,-3.247909587665763],[105.66019404591856,-3.2583652676401416],[105.65517911592354,-3.262400319711772],[105.65870980571303,-3.2660385243472776],[105.67614505305183,-3.266408802212908],[105.67760066513864,-3.2573248986234504],[105.6800878607662,-3.254893518521986],[105.68866556656269,-3.2632536872997004],[105.6955036489743,-3.2657461322673886],[105.69256492173383,-3.2801570773608604],[105.69774956638945,-3.281746009442714],[105.70275217387376,-3.278555638407374],[105.706455278988,-3.2798053453144584],[105.70958908986466,-3.283269254143052],[105.70919547369219,-3.2897502283536286],[105.71403823028014,-3.2916806321166754],[105.71745773868378,-3.2969070529736957],[105.71434584068805,-3.3037250616105593],[105.71537368125047,-3.308174659776166],[105.7248395889759,-3.3172982225684944],[105.71964086183635,-3.321730533066469],[105.71947154467607,-3.328122393455579],[105.72617826491506,-3.324614959238694],[105.73415739544748,-3.3243459864041656],[105.73933983136816,-3.319116444000308],[105.7403392938234,-3.3262749494532655],[105.74660916388189,-3.331612777425897],[105.74843270930215,-3.3386117350541498],[105.75103526996179,-3.3393947909466424],[105.75363550227665,-3.335164299107454],[105.75732644765748,-3.334857918073149],[105.76986805566627,-3.3466330203995294],[105.77927730340491,-3.3480671935465987],[105.77946113202569,-3.3561308990134906],[105.78768008926477,-3.3577865508985627],[105.75033586540792,-3.4228595839225746],[105.59278025290637,-3.2822101342616663],[105.58770929065129,-3.271304343603737]]]}},{"type":"Feature","properties":{"code":"1602182005","desa":"Ulak Kedondong","kecamatan":"Cengal","kecCode":"160218","kabCode":"1602","province":"Sumatera Selatan"},"geometry":{"type":"Polygon","coordinates":[[[105.47996759842601,-3.33706904251457],[105.487571331252,-3.3389048061222093],[105.51462723356003,-3.3308197552465026],[105.52554028355729,-3.320372184459037],[105.52472541684453,-3.3122455030665354],[105.52682675205301,-3.3083934936080226],[105.5394183129049,-3.3008489865427784],[105.54475092031879,-3.2934439211593376],[105.5478094165714,-3.292549689277019],[105.54899917557155,-3.2871647826946346],[105.55757788681005,-3.2889081454587323],[105.56484716626373,-3.287209173230742],[105.5698271899729,-3.284516033756895],[105.57401980596933,-3.2773884937605824],[105.58770929065129,-3.271304343603737],[105.59278025290637,-3.2822101342616663],[105.75030517424443,-3.4228470770509083],[105.77560013383918,-3.4332123814550277],[105.65347222156583,-3.4863888847909044],[105.5941489985775,-3.4821419965121896],[105.57873800015864,-3.484610996154102],[105.57635399993723,-3.5069419962058],[105.56310000026484,-3.4896859963597375],[105.5507978367508,-3.4609351292318613],[105.51515704935836,-3.458693762388665],[105.47996759842601,-3.33706904251457]]]}},{"type":"Feature","properties":{"code":"1602182006","desa":"Pelimbangan","kecamatan":"Cengal","kecCode":"160218","kabCode":"1602","province":"Sumatera Selatan"},"geometry":{"type":"Polygon","coordinates":[[[105.43419279696006,-3.382971732921961],[105.44418647542557,-3.373055924065174],[105.44181752086193,-3.3649784122061255],[105.44314530241381,-3.357976260186012],[105.45430573881883,-3.34520458852445],[105.45768941193687,-3.337445009491453],[105.46989669427705,-3.33053025538629],[105.47512839685811,-3.33176218629387],[105.47996759842601,-3.33706904251457],[105.51515704935836,-3.458693762388665],[105.5261499996228,-3.489550997328929],[105.52699999925062,-3.515444441328369],[105.52037599775417,-3.515197000062238],[105.51635217371393,-3.5121684260559936],[105.50887300058855,-3.5151000207702023],[105.49972500230706,-3.509667023840718],[105.49374919436991,-3.5092950417598576],[105.48026078280895,-3.515706337397781],[105.46087099929723,-3.51512399579662],[105.45251799990581,-3.501811996161818],[105.45916399971888,-3.4945209962898818],[105.44757499768802,-3.4562129960170567],[105.44973899765665,-3.4490609962597327],[105.42631988895175,-3.4021669552829046],[105.42205397191333,-3.4021420089887333],[105.4349541809907,-3.3928776636254367],[105.43419279696006,-3.382971732921961]]]}},{"type":"Feature","properties":{"code":"1602182007","desa":"Cengal","kecamatan":"Cengal","kecCode":"160218","kabCode":"1602","province":"Sumatera Selatan"},"geometry":{"type":"Polygon","coordinates":[[[105.2865787885803,-3.6015024635960557],[105.28995848309755,-3.6033293239154656],[105.30009289736938,-3.601523533812281],[105.31278547277138,-3.596310036212987],[105.31286317689414,-3.5915015779743644],[105.32209019230855,-3.591523232749932],[105.3164096632754,-3.5681845711250073],[105.31745009344712,-3.547874084207337],[105.32455653265792,-3.533760738268319],[105.32062137008022,-3.519905884464703],[105.30763915272479,-3.5075849611060157],[105.3786888553065,-3.5107225005684968],[105.38421587276439,-3.5132160400111148],[105.38556783258946,-3.518221946203323],[105.39901822261294,-3.519462485421551],[105.40638290574655,-3.5089843610668328],[105.41865061803168,-3.500456292460533],[105.42183600322903,-3.495070027002474],[105.44206163643541,-3.492150993119334],[105.44866774771843,-3.4954442052278565],[105.46087099929723,-3.51512399579662],[105.48026078280895,-3.515706337397781],[105.49374919436991,-3.5092950417598576],[105.49972500230706,-3.509667023840718],[105.50887300058855,-3.5151000207702023],[105.51635217371393,-3.5121684260559936],[105.52037599775417,-3.515197000062238],[105.52699999925062,-3.515444441328369],[105.53219444381857,-3.5392222185254965],[105.51822222127855,-3.541611108358377],[105.46305555596922,-3.581972216793563],[105.45721299968022,-3.6123449959414633],[105.45751799935623,-3.6486129956710442],[105.44708389680444,-3.642305711124291],[105.44693727223739,-3.639374873639236],[105.44289246161786,-3.63884695181367],[105.44285824421267,-3.6338030681507765],[105.43363468309423,-3.6338674856895548],[105.43535654666736,-3.6261807319570463],[105.43232287260253,-3.624068913353804],[105.41423579484609,-3.6243483057335357],[105.41503650263257,-3.621246308377533],[105.40591413233142,-3.6216300239131556],[105.40574500492812,-3.6172836463345135],[105.3964940378696,-3.617171301226049],[105.39637899929147,-3.6070259961751354],[105.3643675672095,-3.6084435534480663],[105.35955827439489,-3.6065488599647804],[105.35140219775325,-3.6115221468471432],[105.34441747188889,-3.6106307460306226],[105.33193558605853,-3.6176520877846006],[105.31302129030036,-3.6186272271746835],[105.3130056717744,-3.6159174790212494],[105.30373805466758,-3.616500755018051],[105.28715464157351,-3.608325780031673],[105.2865787885803,-3.6015024635960557]]]}},{"type":"Feature","properties":{"code":"1602182008","desa":"Talang Rimba","kecamatan":"Cengal","kecCode":"160218","kabCode":"1602","province":"Sumatera Selatan"},"geometry":{"type":"Polygon","coordinates":[[[105.1820841426691,-3.372615341698672],[105.2585512128682,-3.3533156954577286],[105.26756392523504,-3.361710479141042],[105.2785501170943,-3.3782968303023684],[105.29817568396072,-3.377817203869268],[105.31997376108028,-3.3865552695690146],[105.38030192879101,-3.381245705489631],[105.43419279696006,-3.382971732921961],[105.4349541809907,-3.3928776636254367],[105.42205397191333,-3.4021420089887333],[105.42631988895175,-3.4021669552829046],[105.44973899765665,-3.4490609962597327],[105.44757499768802,-3.4562129960170567],[105.45859620195323,-3.49599883242156],[105.45251799990581,-3.501811996161818],[105.44842284074157,-3.4951684308206716],[105.4435445285572,-3.492350496023811],[105.42183600322903,-3.495070027002474],[105.41865061803168,-3.500456292460533],[105.40638290574655,-3.5089843610668328],[105.40257919527369,-3.5167856317705377],[105.39914030378208,-3.5194416004657],[105.39255496773762,-3.519296910340483],[105.3854458764261,-3.5181605377961427],[105.38421587276439,-3.5132160400111148],[105.3786888553065,-3.5107225005684968],[105.30763915272479,-3.5075849611060157],[105.25015512785694,-3.4895843262039508],[105.23853997983626,-3.47847776729527],[105.2292646798212,-3.463578475942073],[105.21000013409893,-3.41313737931699],[105.1820841426691,-3.372615341698672]]]}},{"type":"Feature","properties":{"code":"1602182009","desa":"Sungai Pasir","kecamatan":"Cengal","kecCode":"160218","kabCode":"1602","province":"Sumatera Selatan"},"geometry":{"type":"Polygon","coordinates":[[[105.6540568636334,-3.7279524779176367],[105.65411310993214,-3.6561040569265297],[105.66004299938498,-3.65611399713307],[105.76130783988496,-3.556404053081165],[105.7727271857111,-3.6778300785419034],[105.76920970966046,-3.6892656849977494],[105.77483949444716,-3.698360163715282],[105.77496478169938,-3.7024108028366114],[105.76249699813803,-3.7463496391978968],[105.75160346702643,-3.768283220744107],[105.74980866933468,-3.786953794811934],[105.73129659805959,-3.8234524697469547],[105.68705929195282,-3.7892659454946385],[105.68521815489402,-3.770778101075877],[105.69203359867169,-3.7608593406440365],[105.69303065723908,-3.7479208438436147],[105.6865606637437,-3.7360088350242076],[105.67457243826748,-3.7386594770348704],[105.6711935612339,-3.7366536336420464],[105.65747451943359,-3.738389630059288],[105.6540568636334,-3.7279524779176367]]]}},{"type":"Feature","properties":{"code":"1602182010","desa":"Kuala Sungai Jeruju","kecamatan":"Cengal","kecCode":"160218","kabCode":"1602","province":"Sumatera Selatan"},"geometry":{"type":"Polygon","coordinates":[[[105.833124024754,-3.457227083246247],[105.86988888826163,-3.4653333293439705],[105.87318939207681,-3.4637877778595696],[105.8660664952726,-3.488190462469585],[105.85815362498988,-3.493185057888446],[105.85948014659158,-3.4984887691800273],[105.85079987311569,-3.516277620035685],[105.84075008774643,-3.5482312211792757],[105.73726999941101,-3.558873996111929],[105.73734285079199,-3.4498723888905096],[105.77560013383918,-3.4332123814550277],[105.833124024754,-3.457227083246247]]]}},{"type":"Feature","properties":{"code":"1602182011","desa":"Kuala Sungai Pasir","kecamatan":"Cengal","kecCode":"160218","kabCode":"1602","province":"Sumatera Selatan"},"geometry":{"type":"Polygon","coordinates":[[[105.8211120050151,-3.6441538521011627],[105.8173210793044,-3.6483686768510037],[105.80604619967244,-3.650130286859476],[105.79143236481184,-3.6574707269609004],[105.78268319877066,-3.6709915563691577],[105.77547009726725,-3.673677723399244],[105.7727271857111,-3.6778300785419034],[105.76130833001548,-3.556404000920474],[105.84075008774643,-3.5482312211792757],[105.82999428600753,-3.589807955813273],[105.82588723960446,-3.5955468490424685],[105.82956175617018,-3.5976123561577644],[105.82936188094612,-3.603332580360608],[105.8211120050151,-3.6441538521011627]]]}},{"type":"Feature","properties":{"code":"1602182012","desa":"Pantai Harapan","kecamatan":"Cengal","kecCode":"160218","kabCode":"1602","province":"Sumatera Selatan"},"geometry":{"type":"Polygon","coordinates":[[[105.8374025619787,-3.374703140309431],[105.84982719696761,-3.3814254403962924],[105.87754930985282,-3.4105832993129526],[105.86970035978383,-3.4148909331985053],[105.86282826591179,-3.410143462484446],[105.84966077832233,-3.419073383254038],[105.84627743165821,-3.416373476381738],[105.84175690485733,-3.4183793179759],[105.84568266232509,-3.42159315142411],[105.84500469131353,-3.424901246413127],[105.83961770099613,-3.4337967573226726],[105.84103282380585,-3.439557225287746],[105.83696352644563,-3.438572126805268],[105.83654828787326,-3.4414835937927335],[105.834991124341,-3.440539202223291],[105.83811015935639,-3.4487176404988147],[105.833124024754,-3.457227083246247],[105.77147528355755,-3.431546287541716],[105.78596318275476,-3.4049517824379993],[105.81005569481454,-3.417818524130939],[105.8374025619787,-3.374703140309431]]]}},{"type":"Feature","properties":{"code":"1602182013","desa":"Adil Makmur","kecamatan":"Cengal","kecCode":"160218","kabCode":"1602","province":"Sumatera Selatan"},"geometry":{"type":"Polygon","coordinates":[[[105.78768008926477,-3.3577865508985627],[105.79005586338745,-3.3571978043257946],[105.79118737959395,-3.3505656351936595],[105.79779583181225,-3.353203968183474],[105.81267901992089,-3.353220093027722],[105.82729385842485,-3.3627719669373275],[105.8374025619787,-3.374703140309431],[105.81005569481454,-3.417818524130939],[105.78596318275476,-3.4049517824379993],[105.77148365534644,-3.431525549175351],[105.75030520572074,-3.4228470212929776],[105.78768008926477,-3.3577865508985627]]]}},{"type":"Feature","properties":{"code":"1602182014","desa":"Balam Jeruju","kecamatan":"Cengal","kecCode":"160218","kabCode":"1602","province":"Sumatera Selatan"},"geometry":{"type":"Polygon","coordinates":[[[105.73733025668605,-3.4684369283924914],[105.66336199865736,-3.505034996399657],[105.6024500000675,-3.5154589959563185],[105.57744100060175,-3.534720994777904],[105.57635399993723,-3.5069419962058],[105.57873800015864,-3.484610996154102],[105.5941489985775,-3.4821419965121896],[105.65347222156583,-3.4863888847909044],[105.73734285079199,-3.4498723888905096],[105.73733025668605,-3.4684369283924914]]]}},{"type":"Feature","properties":{"code":"1602182015","desa":"Kebun Cabe","kecamatan":"Cengal","kecCode":"160218","kabCode":"1602","province":"Sumatera Selatan"},"geometry":{"type":"Polygon","coordinates":[[[105.57635399993723,-3.5069419962058],[105.57806816621299,-3.549422142102219],[105.53791666632115,-3.569527774249868],[105.52824999933806,-3.52711110699996],[105.5261499996228,-3.489550997328929],[105.51515704935836,-3.458693762388665],[105.5507978367508,-3.4609351292318613],[105.56310000026484,-3.4896859963597375],[105.57635399993723,-3.5069419962058]]]}},{"type":"Feature","properties":{"code":"1602182016","desa":"Lebak Beriang","kecamatan":"Cengal","kecCode":"160218","kabCode":"1602","province":"Sumatera Selatan"},"geometry":{"type":"Polygon","coordinates":[[[105.53219444381857,-3.5392222185254965],[105.54411111023961,-3.591444440447563],[105.52113888904852,-3.5917777741636203],[105.52227777789723,-3.6318333289407656],[105.4939738666007,-3.6107466533537],[105.46127777794715,-3.5939722179797715],[105.46442969757253,-3.579897265897487],[105.46814775391577,-3.576849621767267],[105.47180866733616,-3.5772895287429414],[105.4906999998052,-3.5602019961976428],[105.51822222127855,-3.541611108358377],[105.53219444381857,-3.5392222185254965]]]}},{"type":"Feature","properties":{"code":"1602182017","desa":"Parit Raya","kecamatan":"Cengal","kecCode":"160218","kabCode":"1602","province":"Sumatera Selatan"},"geometry":{"type":"Polygon","coordinates":[[[105.59566666658343,-3.64455555227908],[105.58358333330425,-3.649555551724184],[105.56324999998759,-3.643242997150167],[105.5630119989047,-3.615148995743193],[105.56537053392304,-3.5995652834414273],[105.53791666632115,-3.569527774249868],[105.57311099877364,-3.5705279957318106],[105.58302777800957,-3.594999995588523],[105.5858888892609,-3.6241944398254837],[105.59566666658343,-3.64455555227908]]]}}]}