{"type":"FeatureCollection","features":[{"type":"Feature","properties":{"code":"1705011001","desa":"Babatan","kecamatan":"Sukaraja","kecCode":"170501"},"geometry":{"type":"Polygon","coordinates":[[[102.35403060013215,-3.8833194398678357],[102.37859795693021,-3.906727499477217],[102.36806994087515,-3.913729025569393],[102.3683753713264,-3.9064032525111525],[102.36076778940202,-3.9153249318936565],[102.34686373007712,-3.913290598877739],[102.34200830024291,-3.900716662952777],[102.34808060003974,-3.88694443975781],[102.35403060013215,-3.8833194398678357]]]}},{"type":"Feature","properties":{"code":"1705011025","desa":"Sukaraja","kecamatan":"Sukaraja","kecCode":"170501"},"geometry":{"type":"Polygon","coordinates":[[[102.44039147998284,-3.939929952272954],[102.45013600307412,-3.9462774859779293],[102.45394461125487,-3.9662450506081224],[102.42990062931067,-3.9772417384433405],[102.41959444902466,-3.9750132813681094],[102.41751936682539,-3.968029651784629],[102.42916276704813,-3.956850156958676],[102.42364877267279,-3.944956600428893],[102.44039147998284,-3.939929952272954]]]}},{"type":"Feature","properties":{"code":"1705012002","desa":"Niur","kecamatan":"Sukaraja","kecCode":"170501"},"geometry":{"type":"Polygon","coordinates":[[[102.44706984369839,-3.883269743331622],[102.45137329843901,-3.8913395066320096],[102.44571390976914,-3.9019374368710222],[102.43127860292525,-3.9136360500590857],[102.42007145483382,-3.910274565018138],[102.4089544053216,-3.917458104898975],[102.40594321430795,-3.9401935102894585],[102.39331149333083,-3.9365388984224814],[102.39677622774074,-3.9274859351084914],[102.39118079255957,-3.923570265340339],[102.39975955865673,-3.9057951300449556],[102.44706984369839,-3.883269743331622]]]}},{"type":"Feature","properties":{"code":"1705012003","desa":"Lubuk Sahung","kecamatan":"Sukaraja","kecCode":"170501"},"geometry":{"type":"Polygon","coordinates":[[[102.42310102888943,-3.9469439627537235],[102.42916276704813,-3.956850156958676],[102.41751936682539,-3.968029651784629],[102.39625414970929,-3.956710950000032],[102.41067156633976,-3.9505112297656724],[102.41878668515743,-3.95692625579149],[102.42310102888943,-3.9469439627537235]]]}},{"type":"Feature","properties":{"code":"1705012011","desa":"Bukit Peninjauan I","kecamatan":"Sukaraja","kecCode":"170501"},"geometry":{"type":"Polygon","coordinates":[[[102.37003653066142,-3.964133848939748],[102.3640763259617,-3.961156202641637],[102.37199838371849,-3.9427563469923292],[102.38128170298823,-3.9390225030545465],[102.38450564931632,-3.9499777249488432],[102.37003653066142,-3.964133848939748]]]}},{"type":"Feature","properties":{"code":"1705012026","desa":"Padang Pelawi","kecamatan":"Sukaraja","kecCode":"170501"},"geometry":{"type":"Polygon","coordinates":[[[102.42382717478431,-3.944921761592233],[102.41878668515743,-3.95692625579149],[102.41067156633976,-3.9505112297656724],[102.40125447381496,-3.9573915074610406],[102.39479279185394,-3.952088149602995],[102.40491002188008,-3.9454592198287113],[102.4089544053216,-3.917458104898975],[102.42007145483382,-3.910274565018138],[102.42588982655433,-3.9106433005464596],[102.43127860292525,-3.9136360500590857],[102.43883680217675,-3.9025740813359278],[102.44571390976914,-3.9019374368710222],[102.45137329843901,-3.8913395066320096],[102.44544825633203,-3.8761412599464373],[102.45756902658933,-3.8568896330058666],[102.45563561998796,-3.847783687932218],[102.46293330812574,-3.8436626139083194],[102.47472473855588,-3.8483523535430764],[102.48962832328857,-3.859811483565693],[102.47704861640055,-3.8725348895126097],[102.4832961059306,-3.88156995272061],[102.47697779658813,-3.9040209286285337],[102.47129472786948,-3.912299575661673],[102.45790364543694,-3.901183616139581],[102.43687316666336,-3.9072484236780207],[102.43216328760569,-3.914557668995654],[102.4155091868995,-3.914279248782981],[102.42382717478431,-3.944921761592233]]]}},{"type":"Feature","properties":{"code":"1705012027","desa":"Kayu Arang","kecamatan":"Sukaraja","kecCode":"170501"},"geometry":{"type":"Polygon","coordinates":[[[102.40146606540668,-3.9462402864208657],[102.3987017490865,-3.9371217913080647],[102.40491002188008,-3.9454592198287113],[102.40146606540668,-3.9462402864208657]]]}},{"type":"Feature","properties":{"code":"1705012028","desa":"Jenggalu","kecamatan":"Sukaraja","kecCode":"170501"},"geometry":{"type":"Polygon","coordinates":[[[102.34117726282051,-3.910572014885205],[102.36076778940202,-3.9153249318936565],[102.3683753713264,-3.9064032525111525],[102.37047841344808,-3.9205611094956363],[102.34644420173856,-3.9476735593465224],[102.33184133680827,-3.925004114731379],[102.34117726282051,-3.910572014885205]]]}},{"type":"Feature","properties":{"code":"1705012029","desa":"Cahaya Negeri","kecamatan":"Sukaraja","kecCode":"170501"},"geometry":{"type":"Polygon","coordinates":[[[102.36995551073828,-3.923758694892492],[102.37261407757768,-3.908032961653218],[102.39975955865673,-3.9057951300449556],[102.39118079255957,-3.923570265340339],[102.39690846855103,-3.9315343277234063],[102.36122159540037,-3.9312772376311145],[102.36995551073828,-3.923758694892492]]]}},{"type":"Feature","properties":{"code":"1705012030","desa":"Bukit Peninjauan II","kecamatan":"Sukaraja","kecCode":"170501"},"geometry":{"type":"Polygon","coordinates":[[[102.39244181923465,-3.9355149267446734],[102.39972992329739,-3.9415477750755006],[102.39886290669784,-3.9483413230522197],[102.39320806769825,-3.942631272879555],[102.39244181923465,-3.9355149267446734]]]}},{"type":"Feature","properties":{"code":"1705012032","desa":"Riak Siabun","kecamatan":"Sukaraja","kecCode":"170501"},"geometry":{"type":"Polygon","coordinates":[[[102.34439162777146,-3.963450292239735],[102.3370752292385,-3.980479781641075],[102.32151910632177,-3.9856208604334022],[102.32629145678537,-3.9941079037667695],[102.32544136632605,-3.9953135924570584],[102.30063035530674,-3.9820644383459762],[102.30171110028708,-3.9528999954921513],[102.31886717827774,-3.9103318086649343],[102.32213308067718,-3.934288121972678],[102.33312706875927,-3.946098842848203],[102.32543208891985,-3.9437605479743394],[102.32583225665336,-3.9564769796787953],[102.34439162777146,-3.963450292239735]]]}},{"type":"Feature","properties":{"code":"1705012033","desa":"Padang Kuas","kecamatan":"Sukaraja","kecCode":"170501"},"geometry":{"type":"Polygon","coordinates":[[[102.41555447585841,-3.895678450414674],[102.41303087207717,-3.9034732424024137],[102.39024856342054,-3.905747448889399],[102.3760788767388,-3.881735868644702],[102.3984534930343,-3.876915954841851],[102.41555447585841,-3.895678450414674]]]}},{"type":"Feature","properties":{"code":"1705012034","desa":"Kuti Agung","kecamatan":"Sukaraja","kecCode":"170501"},"geometry":{"type":"Polygon","coordinates":[[[102.44706984369839,-3.883269743331622],[102.43449891329426,-3.8850039240176413],[102.41905793597505,-3.897672566647958],[102.4092835706803,-3.883971576054286],[102.41818977094124,-3.863049468307455],[102.45566559079447,-3.8477458120849644],[102.45833410233699,-3.8537839781070824],[102.44555718941278,-3.8758230015657955],[102.44706984369839,-3.883269743331622]]]}},{"type":"Feature","properties":{"code":"1705012035","desa":"Riak Siabun I","kecamatan":"Sukaraja","kecCode":"170501"},"geometry":{"type":"Polygon","coordinates":[[[102.34117726282051,-3.910572014885205],[102.33184133680827,-3.925004114731379],[102.33403369419965,-3.932663562348716],[102.3640763259617,-3.961156202641637],[102.35824757606484,-3.9668566633432243],[102.32583225665336,-3.9564769796787953],[102.32543208891985,-3.9437605479743394],[102.33312706875927,-3.946098842848203],[102.32213308067718,-3.934288121972678],[102.3190008274263,-3.910276690116115],[102.33202780044267,-3.904136106601514],[102.34117726282051,-3.910572014885205]]]}},{"type":"Feature","properties":{"code":"1705012036","desa":"Sido Luhur","kecamatan":"Sukaraja","kecCode":"170501"},"geometry":{"type":"Polygon","coordinates":[[[102.36470930568997,-3.9599003614587907],[102.35290229540465,-3.95557005476508],[102.34644420173856,-3.9476735593465224],[102.36122159540037,-3.9312772376311145],[102.38056570684192,-3.929142299256612],[102.37684115829289,-3.940391204657355],[102.3697598560326,-3.9316386724630563],[102.36419309573483,-3.9334827368131755],[102.36810948586411,-3.9385380004972865],[102.35863574234571,-3.955127497487367],[102.36470930568997,-3.9599003614587907]]]}},{"type":"Feature","properties":{"code":"1705012037","desa":"Sumber Arung","kecamatan":"Sukaraja","kecCode":"170501"},"geometry":{"type":"Polygon","coordinates":[[[102.37684115829289,-3.940391204657355],[102.36470930568997,-3.9599003614587907],[102.36040981695952,-3.9575370897136795],[102.35876639855053,-3.9508080869795466],[102.36810948586411,-3.9385380004972865],[102.36419309573483,-3.9334827368131755],[102.3697598560326,-3.9316386724630563],[102.37684115829289,-3.940391204657355]]]}},{"type":"Feature","properties":{"code":"1705012038","desa":"Sido Sari","kecamatan":"Sukaraja","kecCode":"170501"},"geometry":{"type":"Polygon","coordinates":[[[102.39263208160531,-3.935099796990602],[102.39287277256047,-3.941607585387463],[102.38128170298823,-3.9390225030545465],[102.38056570684192,-3.929142299256612],[102.39263208160531,-3.935099796990602]]]}},{"type":"Feature","properties":{"code":"1705012039","desa":"Sari Mulyo","kecamatan":"Sukaraja","kecCode":"170501"},"geometry":{"type":"Polygon","coordinates":[[[102.39624702168275,-3.9445734703519344],[102.40368956991779,-3.9703630786283575],[102.39636882676,-3.9718221225265506],[102.39871813923082,-3.980243539632327],[102.39392553423608,-3.976143375745203],[102.37310351741348,-3.9870214007345464],[102.37884034940265,-3.9685310849786917],[102.37003653066142,-3.964133848939748],[102.38450564931632,-3.9499777249488432],[102.38128170298823,-3.9390225030545465],[102.39624702168275,-3.9445734703519344]]]}},{"type":"Feature","properties":{"code":"1705012043","desa":"Air Kemuning","kecamatan":"Sukaraja","kecCode":"170501"},"geometry":{"type":"Polygon","coordinates":[[[102.41159235880036,-3.8874357987463446],[102.39282515525679,-3.8754887100718496],[102.38109554242538,-3.8829061834016647],[102.36600852117635,-3.8789313895042903],[102.36356179594019,-3.874172394877444],[102.37038330024916,-3.87261666306755],[102.36668395699904,-3.8599231173104904],[102.39090716573317,-3.854056358472897],[102.39218904588778,-3.870555715515018],[102.41583008479061,-3.8682943171726176],[102.41159235880036,-3.8874357987463446]]]}},{"type":"Feature","properties":{"code":"1705012044","desa":"Sumber Makmur","kecamatan":"Sukaraja","kecCode":"170501"},"geometry":{"type":"Polygon","coordinates":[[[102.3640763259617,-3.961156202641637],[102.37884034940265,-3.9685310849786917],[102.37134621695441,-3.9853252110090263],[102.3299729547881,-3.982469829341507],[102.3370752292385,-3.980479781641075],[102.34562181309627,-3.961447994873737],[102.35824757606484,-3.9668566633432243],[102.3640763259617,-3.961156202641637]]]}},{"type":"Feature","properties":{"code":"1705012045","desa":"Air Petai","kecamatan":"Sukaraja","kecCode":"170501"},"geometry":{"type":"Polygon","coordinates":[[[102.37859795693021,-3.906727499477217],[102.36198610007851,-3.8883249953245325],[102.36356179594019,-3.874172394877444],[102.39029473371504,-3.8995388064811003],[102.39017872926502,-3.90505133945223],[102.37859795693021,-3.906727499477217]]]}},{"type":"Feature","properties":{"code":"1705021009","desa":"Lubuk Kebur","kecamatan":"Seluma","kecCode":"170502"},"geometry":{"type":"Polygon","coordinates":[[[102.58311074466519,-4.065826075946708],[102.58431549086727,-4.081868165500552],[102.57990858531302,-4.087081047963626],[102.57865068108413,-4.069023284527673],[102.58311074466519,-4.065826075946708]]]}},{"type":"Feature","properties":{"code":"1705021010","desa":"Pasar Tais","kecamatan":"Seluma","kecCode":"170502"},"geometry":{"type":"Polygon","coordinates":[[[102.5787900688067,-4.072619438663076],[102.57990858531302,-4.087081047963626],[102.57661277416025,-4.087645808718106],[102.56997939903009,-4.078079341509545],[102.5787900688067,-4.072619438663076]]]}},{"type":"Feature","properties":{"code":"1705021011","desa":"Lubuk Lintang","kecamatan":"Seluma","kecCode":"170502"},"geometry":{"type":"Polygon","coordinates":[[[102.5941983386824,-4.056202682552035],[102.57614227764405,-4.074246205223366],[102.57146730487227,-4.062819661235631],[102.57300393688223,-4.050972192262658],[102.5807327456198,-4.045960769628882],[102.5941983386824,-4.056202682552035]]]}},{"type":"Feature","properties":{"code":"1705021012","desa":"Talang Saling","kecamatan":"Seluma","kecCode":"170502"},"geometry":{"type":"Polygon","coordinates":[[[102.5760222217482,-4.074102487265279],[102.55132696876467,-4.081293998736824],[102.54110201434655,-4.072622406425846],[102.5708087214454,-4.0626707784710465],[102.5760222217482,-4.074102487265279]]]}},{"type":"Feature","properties":{"code":"1705021013","desa":"Dusun Baru","kecamatan":"Seluma","kecCode":"170502"},"geometry":{"type":"Polygon","coordinates":[[[102.5807327456198,-4.045960769628882],[102.57300393688223,-4.050972192262658],[102.57146730487227,-4.062819661235631],[102.55777477328722,-4.065767752214121],[102.5702874788841,-4.041292552569339],[102.56654134930385,-4.035839978298196],[102.57726480692536,-4.032937157392814],[102.5807327456198,-4.045960769628882]]]}},{"type":"Feature","properties":{"code":"1705021014","desa":"Talang Dantuk","kecamatan":"Seluma","kecCode":"170502"},"geometry":{"type":"Polygon","coordinates":[[[102.55777477328722,-4.065767752214121],[102.53552352599002,-4.077820526517457],[102.52278224780257,-4.0764435781314425],[102.54660809378856,-4.0466623325549405],[102.56621369840353,-4.039373545914465],[102.5702874788841,-4.041292552569339],[102.55777477328722,-4.065767752214121]]]}},{"type":"Feature","properties":{"code":"1705021024","desa":"Napal","kecamatan":"Seluma","kecCode":"170502"},"geometry":{"type":"Polygon","coordinates":[[[102.56997939903009,-4.078079341509545],[102.57708657118836,-4.085481203508058],[102.56883160689317,-4.101025535397],[102.56290781394448,-4.100763087143919],[102.56553307169393,-4.089500372653154],[102.54442709033798,-4.092137825206745],[102.55105831878642,-4.081185292285244],[102.56997939903009,-4.078079341509545]]]}},{"type":"Feature","properties":{"code":"1705031014","desa":"Masmambang","kecamatan":"Talo","kecCode":"170503"},"geometry":{"type":"Polygon","coordinates":[[[102.72346304408427,-4.153270297028345],[102.72638055002243,-4.170800352677374],[102.7107191012056,-4.185929735576074],[102.69886847290178,-4.173827931134155],[102.69467572290635,-4.179083835365197],[102.6992146102661,-4.160548997772109],[102.72346304408427,-4.153270297028345]]]}},{"type":"Feature","properties":{"code":"1705032002","desa":"Napal Melintang","kecamatan":"Talo","kecCode":"170503"},"geometry":{"type":"Polygon","coordinates":[[[102.69935909534603,-4.113615940606759],[102.7182021279259,-4.1291723404982825],[102.69395726621491,-4.142614676179309],[102.68013487432505,-4.117435036677143],[102.6920025088088,-4.1230273673926785],[102.69773468680643,-4.1181219847206565],[102.6950063919315,-4.1120394902155395],[102.65765076467113,-4.107464927654391],[102.68034696324185,-4.0800119639001196],[102.69935909534603,-4.113615940606759]]]}},{"type":"Feature","properties":{"code":"1705032003","desa":"Serambi Gunung","kecamatan":"Talo","kecCode":"170503"},"geometry":{"type":"Polygon","coordinates":[[[102.70971418975815,-4.156764929396014],[102.6992146102661,-4.160548997772109],[102.69467572290635,-4.179083835365197],[102.67667324707276,-4.179116651626674],[102.65733294605865,-4.18782342361741],[102.64941870161185,-4.175913031778821],[102.65656892431643,-4.163134813052481],[102.70971418975815,-4.156764929396014]]]}},{"type":"Feature","properties":{"code":"1705032005","desa":"Air Payangan","kecamatan":"Talo","kecCode":"170503"},"geometry":{"type":"Polygon","coordinates":[[[102.65656892431643,-4.163134813052481],[102.64941870161185,-4.175913031778821],[102.64630174223167,-4.17656353479649],[102.64816512042403,-4.167566047062048],[102.64052816844026,-4.162381744154301],[102.6510496419275,-4.148113153646299],[102.65656892431643,-4.163134813052481]]]}},{"type":"Feature","properties":{"code":"1705032012","desa":"Batu Tugu","kecamatan":"Talo","kecCode":"170503"},"geometry":{"type":"Polygon","coordinates":[[[102.6510496419275,-4.148113153646299],[102.64052816844026,-4.162381744154301],[102.62379656416014,-4.159414074035527],[102.62260163765552,-4.140359085658635],[102.6328578129378,-4.134792707578641],[102.6510496419275,-4.148113153646299]]]}},{"type":"Feature","properties":{"code":"1705032013","desa":"Kampai","kecamatan":"Talo","kecCode":"170503"},"geometry":{"type":"Polygon","coordinates":[[[102.72346304408427,-4.153270297028345],[102.70971418975815,-4.156764929396014],[102.69378104585866,-4.157083621249813],[102.70146830771631,-4.144263400586717],[102.71191558623535,-4.1520345565925245],[102.729485737277,-4.140812812516126],[102.72346304408427,-4.153270297028345]]]}},{"type":"Feature","properties":{"code":"1705032015","desa":"Lubuk Ngantungan","kecamatan":"Talo","kecCode":"170503"},"geometry":{"type":"Polygon","coordinates":[[[102.70066905143561,-4.140178034144503],[102.7182021279259,-4.1291723404982825],[102.71361780501775,-4.1235735922205965],[102.73579805623534,-4.1022309560893495],[102.73761809340033,-4.111284984200678],[102.76856583074857,-4.106300953117789],[102.77606910300675,-4.127620312096491],[102.73041759499608,-4.1455342505551105],[102.729485737277,-4.140812812516126],[102.71191558623535,-4.1520345565925245],[102.70066905143561,-4.140178034144503]]]}},{"type":"Feature","properties":{"code":"1705032016","desa":"Durian Bubur","kecamatan":"Talo","kecCode":"170503"},"geometry":{"type":"Polygon","coordinates":[[[102.69881011769286,-4.178889091672988],[102.7107191012056,-4.185929735576074],[102.71328704875833,-4.197643605762741],[102.68685850901305,-4.195667305998388],[102.68486150595378,-4.204230798000896],[102.67188217991871,-4.190840888298432],[102.67667324707276,-4.179116651626674],[102.69881011769286,-4.178889091672988]]]}},{"type":"Feature","properties":{"code":"1705032017","desa":"Muara Danau","kecamatan":"Talo","kecCode":"170503"},"geometry":{"type":"Polygon","coordinates":[[[102.68486150595378,-4.204230798000896],[102.68685850901305,-4.195667305998388],[102.71681213757016,-4.1997352786529145],[102.71396515916483,-4.202852437679255],[102.68486150595378,-4.204230798000896]]]}},{"type":"Feature","properties":{"code":"1705032018","desa":"Lubuk Gio","kecamatan":"Talo","kecCode":"170503"},"geometry":{"type":"Polygon","coordinates":[[[102.681166363437,-4.211568864791551],[102.69167180740804,-4.200591404461598],[102.71396515916483,-4.202852437679255],[102.681166363437,-4.211568864791551]]]}},{"type":"Feature","properties":{"code":"1705032019","desa":"Kembang Seri","kecamatan":"Talo","kecCode":"170503"},"geometry":{"type":"Polygon","coordinates":[[[102.681166363437,-4.211568864791551],[102.69765501496703,-4.2074778056407895],[102.71396515916483,-4.202852437679255],[102.70380969266324,-4.226701880951401],[102.681166363437,-4.211568864791551]]]}},{"type":"Feature","properties":{"code":"1705032034","desa":"Bunut Tinggi","kecamatan":"Talo","kecCode":"170503"},"geometry":{"type":"Polygon","coordinates":[[[102.68054362608751,-4.123016544051918],[102.69371792244424,-4.141401728161471],[102.69378104585866,-4.157083621249813],[102.65656892431643,-4.163134813052481],[102.6510496419275,-4.148113153646299],[102.68054362608751,-4.123016544051918]]]}},{"type":"Feature","properties":{"code":"1705032035","desa":"Air Teras","kecamatan":"Talo","kecCode":"170503"},"geometry":{"type":"Polygon","coordinates":[[[102.68013487432505,-4.117435036677143],[102.6684481510614,-4.137091556389016],[102.6510496419275,-4.148113153646299],[102.63559177174294,-4.136126208817296],[102.63785853544312,-4.124580906655463],[102.65834211309812,-4.10809067323542],[102.67893368404238,-4.11006734262109],[102.67166804234631,-4.113417813664926],[102.6725262689722,-4.118581828766692],[102.68013487432505,-4.117435036677143]]]}},{"type":"Feature","properties":{"code":"1705032036","desa":"Lubuk Gadis","kecamatan":"Talo","kecCode":"170503"},"geometry":{"type":"Polygon","coordinates":[[[102.69395726621491,-4.142614676179309],[102.70066905143561,-4.140178034144503],[102.70157966267135,-4.145843064255582],[102.69395393422671,-4.15249986222139],[102.69395726621491,-4.142614676179309]]]}},{"type":"Feature","properties":{"code":"1705032045","desa":"Simpang Tiga Pagar Gasing","kecamatan":"Talo","kecCode":"170503"},"geometry":{"type":"Polygon","coordinates":[[[102.69087615381154,-4.182480319322204],[102.69853772833356,-4.173735786597398],[102.70278656724632,-4.178452752307821],[102.69087615381154,-4.182480319322204]]]}},{"type":"Feature","properties":{"code":"1705032046","desa":"Harapan Mulya","kecamatan":"Talo","kecCode":"170503"},"geometry":{"type":"Polygon","coordinates":[[[102.67166804234631,-4.113417813664926],[102.68771252501307,-4.108184073225718],[102.69773468680643,-4.1181219847206565],[102.6920025088088,-4.1230273673926785],[102.68697706034311,-4.11643308759753],[102.6725262689722,-4.118581828766692],[102.67166804234631,-4.113417813664926]]]}},{"type":"Feature","properties":{"code":"1705041005","desa":"Pajar Bulan","kecamatan":"Semidang Alas","kecCode":"170504"},"geometry":{"type":"Polygon","coordinates":[[[102.80618080180261,-4.251907899367883],[102.79877056530938,-4.251660729697011],[102.79842376604404,-4.240585531946483],[102.82868002186558,-4.230109413079717],[102.80618080180261,-4.251907899367883]]]}},{"type":"Feature","properties":{"code":"1705042001","desa":"Maras Jauh","kecamatan":"Semidang Alas","kecCode":"170504"},"geometry":{"type":"Polygon","coordinates":[[[102.88187904787979,-4.266480180138677],[102.86226752212849,-4.2823504650077675],[102.85931880521872,-4.295296258907454],[102.82283480807996,-4.285621316373026],[102.84334754355433,-4.273171485990726],[102.88187904787979,-4.266480180138677]]]}},{"type":"Feature","properties":{"code":"1705042002","desa":"Bandung Agung","kecamatan":"Semidang Alas","kecCode":"170504"},"geometry":{"type":"Polygon","coordinates":[[[102.7886573966216,-4.249369183381589],[102.79326417739993,-4.256400066942616],[102.79222292884516,-4.257823870007232],[102.78278890658281,-4.251063397296647],[102.7886573966216,-4.249369183381589]]]}},{"type":"Feature","properties":{"code":"1705042003","desa":"Pinju Layang","kecamatan":"Semidang Alas","kecCode":"170504"},"geometry":{"type":"Polygon","coordinates":[[[102.7964194856708,-4.24387519533026],[102.79877056530938,-4.251660729697011],[102.79326417739993,-4.256400066942616],[102.78888385130874,-4.2483327417041945],[102.7964194856708,-4.24387519533026]]]}},{"type":"Feature","properties":{"code":"1705042004","desa":"Nanjungan","kecamatan":"Semidang Alas","kecCode":"170504"},"geometry":{"type":"Polygon","coordinates":[[[102.79460016076888,-4.253819579246018],[102.80618080180261,-4.251907899367883],[102.80837117169226,-4.263856277670336],[102.80311482408989,-4.27878467827985],[102.79595034623155,-4.2799619214138716],[102.79333104109475,-4.267118517127642],[102.80216496644009,-4.2611520684413025],[102.79460016076888,-4.253819579246018]]]}},{"type":"Feature","properties":{"code":"1705042006","desa":"Petai Kayu","kecamatan":"Semidang Alas","kecCode":"170504"},"geometry":{"type":"Polygon","coordinates":[[[102.88925295985626,-4.213534555253727],[102.81926757074183,-4.254644434727807],[102.81242277758918,-4.251329016559282],[102.82872557342652,-4.2395682242449775],[102.83375631889906,-4.212174321667245],[102.86648329296963,-4.213881060440448],[102.88220035855977,-4.208575879656532],[102.88925295985626,-4.213534555253727]]]}},{"type":"Feature","properties":{"code":"1705042007","desa":"Napalan","kecamatan":"Semidang Alas","kecCode":"170504"},"geometry":{"type":"Polygon","coordinates":[[[102.87057762026103,-4.1835218016996265],[102.86991548001542,-4.180649651273244],[102.87112584158437,-4.1808660695261075],[102.87057762026103,-4.1835218016996265]]]}},{"type":"Feature","properties":{"code":"1705042007","desa":"Napalan","kecamatan":"Semidang Alas","kecCode":"170504"},"geometry":{"type":"Polygon","coordinates":[[[102.86861787701349,-4.182183835326967],[102.86548644934021,-4.179750148464358],[102.86903220277401,-4.180474017275089],[102.86861787701349,-4.182183835326967]]]}},{"type":"Feature","properties":{"code":"1705042007","desa":"Napalan","kecamatan":"Semidang Alas","kecCode":"170504"},"geometry":{"type":"Polygon","coordinates":[[[102.86756471064297,-4.170389759103772],[102.85609492633982,-4.169309791138704],[102.8513938894165,-4.182154475160199],[102.86235943374093,-4.18399971672285],[102.8658191103637,-4.191639811829143],[102.84890686106284,-4.1873278477078335],[102.84677201441701,-4.177755179673701],[102.85372137264329,-4.168507737068047],[102.83835111081515,-4.148798878611791],[102.8800160545973,-4.1696628505845545],[102.87809873686729,-4.180650965182741],[102.87131216942112,-4.180624768830884],[102.86756471064297,-4.170389759103772]]]}},{"type":"Feature","properties":{"code":"1705042008","desa":"Renah Gajah Mati I","kecamatan":"Semidang Alas","kecCode":"170504"},"geometry":{"type":"Polygon","coordinates":[[[102.8658191103637,-4.191639811829143],[102.86235943374093,-4.18399971672285],[102.8513938894165,-4.182154475160199],[102.85609492633982,-4.169309791138704],[102.86756471064297,-4.170389759103772],[102.87131216942112,-4.180624768830884],[102.87809873686729,-4.180650965182741],[102.87491978631913,-4.190579278213501],[102.8658191103637,-4.191639811829143]],[[102.86861787701349,-4.182183835326967],[102.86548644934021,-4.179750148464358],[102.86525022981431,-4.18062253851225],[102.86861787701349,-4.182183835326967]],[[102.87057762026103,-4.1835218016996265],[102.86991548001542,-4.180649651273244],[102.86936725509479,-4.1833053816481325],[102.87057762026103,-4.1835218016996265]]]}},{"type":"Feature","properties":{"code":"1705042009","desa":"Renah Gajah Mati II","kecamatan":"Semidang Alas","kecCode":"170504"},"geometry":{"type":"Polygon","coordinates":[[[102.86648329296963,-4.213881060440448],[102.84117035772589,-4.211059160532638],[102.83699559776868,-4.1954013665770775],[102.8421713643171,-4.200569623781],[102.8434489645981,-4.1930078416384005],[102.85931014474744,-4.202385456613431],[102.8646902714389,-4.197747755349499],[102.86648329296963,-4.213881060440448]]]}},{"type":"Feature","properties":{"code":"1705042010","desa":"Cugung Langu","kecamatan":"Semidang Alas","kecCode":"170504"},"geometry":{"type":"Polygon","coordinates":[[[102.80784587498721,-4.1818594480666125],[102.79209177891255,-4.187108304310868],[102.78700624584161,-4.151342172147266],[102.80548589835558,-4.145262696666288],[102.81669309770835,-4.1675732551282705],[102.80784587498721,-4.1818594480666125]]]}},{"type":"Feature","properties":{"code":"1705042011","desa":"Rantau Panjang","kecamatan":"Semidang Alas","kecCode":"170504"},"geometry":{"type":"Polygon","coordinates":[[[102.82868002186558,-4.230109413079717],[102.80792299005401,-4.234438111785651],[102.7964194856708,-4.24387519533026],[102.78076479975577,-4.212447456564202],[102.81307416194305,-4.221407616138488],[102.83499937172371,-4.202195068337894],[102.84112716778463,-4.21146410546446],[102.83010989085885,-4.215776706305819],[102.82868002186558,-4.230109413079717]]]}},{"type":"Feature","properties":{"code":"1705042012","desa":"Air Melancar","kecamatan":"Semidang Alas","kecCode":"170504"},"geometry":{"type":"Polygon","coordinates":[[[102.78726220908374,-4.1452118957625705],[102.78563664671395,-4.157123759791363],[102.79209177891255,-4.187108304310868],[102.77038364209147,-4.202726834765174],[102.77369721485461,-4.1804255330250095],[102.7688885902363,-4.170956553225398],[102.77903378827877,-4.163594292873133],[102.78021670433748,-4.14911879444294],[102.78726220908374,-4.1452118957625705]]]}},{"type":"Feature","properties":{"code":"1705042013","desa":"Muara Dua","kecamatan":"Semidang Alas","kecCode":"170504"},"geometry":{"type":"Polygon","coordinates":[[[102.88220035855977,-4.208575879656532],[102.86648329296963,-4.213881060440448],[102.8646902714389,-4.197747755349499],[102.85855400196567,-4.202256934499985],[102.8434489645981,-4.1930078416384005],[102.8421713643171,-4.200569623781],[102.82731578359659,-4.192700016292883],[102.83260578472925,-4.178737655733071],[102.86518665583957,-4.194015358420837],[102.87491978631913,-4.190579278213501],[102.87140121129691,-4.199846405180119],[102.88220035855977,-4.208575879656532]]]}},{"type":"Feature","properties":{"code":"1705042014","desa":"Nanti Agung","kecamatan":"Semidang Alas","kecCode":"170504"},"geometry":{"type":"Polygon","coordinates":[[[102.80837117169226,-4.263856277670336],[102.80599554865569,-4.247973290776667],[102.82868002186558,-4.230109413079717],[102.82872557342652,-4.2395682242449775],[102.81320284593465,-4.2493242964197115],[102.81926757074183,-4.254644434727807],[102.80837117169226,-4.263856277670336]]]}},{"type":"Feature","properties":{"code":"1705042015","desa":"Talang Durian","kecamatan":"Semidang Alas","kecCode":"170504"},"geometry":{"type":"Polygon","coordinates":[[[102.83699559776868,-4.1954013665770775],[102.81307416194305,-4.221407616138488],[102.78076479975577,-4.212447456564202],[102.77038364209147,-4.202726834765174],[102.80423281809014,-4.1813016390715845],[102.83699559776868,-4.1954013665770775]]]}},{"type":"Feature","properties":{"code":"1705042016","desa":"Gunung Mesir","kecamatan":"Semidang Alas","kecCode":"170504"},"geometry":{"type":"Polygon","coordinates":[[[102.88872174201485,-4.217287468416229],[102.88074443171024,-4.238996475758149],[102.85974394982348,-4.234287346739969],[102.84516313087386,-4.244316547516442],[102.84228658006168,-4.256293016142961],[102.82899953390142,-4.258201426086151],[102.82437126742013,-4.264946184043257],[102.82801704794848,-4.277752904083909],[102.82283480807996,-4.285621316373026],[102.81555036605657,-4.285329298411031],[102.82087749030397,-4.2516332545091835],[102.88872174201485,-4.217287468416229]]]}},{"type":"Feature","properties":{"code":"1705042017","desa":"Kayu Elang","kecamatan":"Semidang Alas","kecCode":"170504"},"geometry":{"type":"Polygon","coordinates":[[[102.83848369876374,-4.148763464209017],[102.83833488614611,-4.15476022004827],[102.81314383601926,-4.146871386853465],[102.82773039174424,-4.15849845537559],[102.81826346688551,-4.165263925618763],[102.81825598992208,-4.167975993123785],[102.837455220582,-4.169770698183486],[102.82696321697891,-4.192447603574479],[102.8106630813362,-4.186107588201703],[102.81665740631433,-4.1671449512056],[102.80548589835558,-4.145262696666288],[102.81221988693828,-4.146448693801097],[102.81949615502361,-4.1315545996296805],[102.82688070597986,-4.145561762615104],[102.83848369876374,-4.148763464209017]]]}},{"type":"Feature","properties":{"code":"1705042018","desa":"Padang Serunaian","kecamatan":"Semidang Alas","kecCode":"170504"},"geometry":{"type":"Polygon","coordinates":[[[102.80224024778926,-4.291772906690175],[102.81369427686946,-4.255198619455095],[102.81926757074183,-4.254644434727807],[102.81555036605657,-4.285329298411031],[102.80224024778926,-4.291772906690175]]]}},{"type":"Feature","properties":{"code":"1705042019","desa":"Teba Gunung","kecamatan":"Semidang Alas","kecCode":"170504"},"geometry":{"type":"Polygon","coordinates":[[[102.88531944393726,-4.263211662514137],[102.84334754355433,-4.273171485990726],[102.82283480807996,-4.285621316373026],[102.83474548231821,-4.264374142377461],[102.86108846955726,-4.250326722140029],[102.88113362591615,-4.245917810202896],[102.88531944393726,-4.263211662514137]]]}},{"type":"Feature","properties":{"code":"1705042020","desa":"Mekar Sari Mukti","kecamatan":"Semidang Alas","kecCode":"170504"},"geometry":{"type":"Polygon","coordinates":[[[102.82676842022646,-4.167278697480843],[102.81826346688551,-4.165263925618763],[102.82773039174424,-4.15849845537559],[102.81350651731196,-4.148816525108978],[102.81314383601926,-4.146871386853465],[102.83833488614611,-4.15476022004827],[102.82676842022646,-4.167278697480843]]]}},{"type":"Feature","properties":{"code":"1705042020","desa":"Mekar Sari Mukti","kecamatan":"Semidang Alas","kecCode":"170504"},"geometry":{"type":"Polygon","coordinates":[[[102.81219683461624,-4.145567953548039],[102.8110968639292,-4.145509091121531],[102.81092365540245,-4.14362979313232],[102.81219683461624,-4.145567953548039]]]}},{"type":"Feature","properties":{"code":"1705042021","desa":"Kemang Manis","kecamatan":"Semidang Alas","kecCode":"170504"},"geometry":{"type":"Polygon","coordinates":[[[102.83833488614611,-4.15476022004827],[102.85372137264329,-4.168507737068047],[102.84307674689443,-4.185637318315193],[102.837455220582,-4.169770698183486],[102.82611573365425,-4.1654375613232855],[102.83833488614611,-4.15476022004827]]]}},{"type":"Feature","properties":{"code":"1705042022","desa":"Gunung Megang","kecamatan":"Semidang Alas","kecCode":"170504"},"geometry":{"type":"Polygon","coordinates":[[[102.99787692567962,-4.019161027542875],[102.98064157784658,-4.041968775298057],[102.95842009091452,-4.054651973455729],[102.93075172241412,-4.048180451119675],[102.91409842570185,-4.062340854984242],[102.9220383835646,-4.076302497884965],[102.91963896086939,-4.0965931241748965],[102.9704811875568,-4.124046471040363],[102.98670208123609,-4.146076200005943],[103.00141516617701,-4.1526951113326716],[103.00270750005113,-4.160492217276132],[102.98728537521991,-4.168248146860436],[102.9602192467209,-4.164840508612113],[102.94150251313054,-4.182520187167762],[102.9060013068149,-4.175582903246613],[102.89969540631802,-4.180207712729081],[102.90130218904483,-4.19657834710908],[102.89147840960099,-4.203062440168713],[102.88925295985626,-4.213534555253727],[102.87140121129691,-4.199846405180119],[102.88108504993517,-4.170594624665597],[102.86358586799349,-4.158391875820748],[102.82688070597986,-4.145561762615104],[102.81949615502361,-4.1315545996296805],[102.81095583044724,-4.14450800089451],[102.79046796032816,-4.149384050379421],[102.78726220908374,-4.1452118957625705],[102.78212804607251,-4.122834960139126],[102.7956548685774,-4.1341181243139316],[102.80160501076266,-4.12999985257741],[102.78858168269858,-4.115854678731681],[102.79662955920685,-4.113362565613748],[102.79923792409096,-4.125122376767739],[102.80934648465262,-4.114712437211662],[102.7979347605808,-4.095364148439572],[102.81041330542973,-4.073940872798586],[102.80293320690201,-4.052541937308709],[102.83138094767263,-4.033906438599124],[102.83099393881929,-4.01468111772763],[102.85355527955255,-3.9833320246746022],[102.86040794357177,-3.9928044722599703],[102.8672415329704,-3.9865259956961454],[102.88490109910651,-3.989417040878696],[102.89531124102103,-3.975556680526061],[102.91190798116843,-3.969608027624356],[102.93418101364288,-3.9855079307655483],[102.93994643508,-4.000946919667347],[102.96111034356755,-4.019724558024848],[102.99787692567962,-4.019161027542875]]]}},{"type":"Feature","properties":{"code":"1705042023","desa":"Telatan","kecamatan":"Semidang Alas","kecCode":"170504"},"geometry":{"type":"Polygon","coordinates":[[[102.88074443171024,-4.238996475758149],[102.88113362591615,-4.245917810202896],[102.83474548231821,-4.264374142377461],[102.82632167390618,-4.27540664211592],[102.82598609728062,-4.261472299035126],[102.83237079907319,-4.255125667350122],[102.84228658006168,-4.256293016142961],[102.84516313087386,-4.244316547516442],[102.85953932078309,-4.234366513160318],[102.88074443171024,-4.238996475758149]]]}},{"type":"Feature","properties":{"code":"1705042024","desa":"Suban","kecamatan":"Semidang Alas","kecCode":"170504"},"geometry":{"type":"Polygon","coordinates":[[[102.88143448871075,-4.241493956929348],[102.90795340582507,-4.241551652935142],[102.91824583098037,-4.25611646663499],[102.88531944393726,-4.263211662514137],[102.88143448871075,-4.241493956929348]]]}},{"type":"Feature","properties":{"code":"1705051005","desa":"Kembang Mumpo","kecamatan":"Semidang Alas Maras","kecCode":"170505"},"geometry":{"type":"Polygon","coordinates":[[[102.77132973158187,-4.310753749561879],[102.76542351768126,-4.308498265161095],[102.76102351172574,-4.316512757927344],[102.75180477097346,-4.309488612087076],[102.76648970893297,-4.302215185867049],[102.77132973158187,-4.310753749561879]]]}},{"type":"Feature","properties":{"code":"1705052001","desa":"Sendawar","kecamatan":"Semidang Alas Maras","kecCode":"170505"},"geometry":{"type":"Polygon","coordinates":[[[102.7964194856708,-4.24387519533026],[102.75220121011778,-4.256995220285603],[102.76777195870899,-4.226588328053365],[102.77038364209147,-4.202726834765174],[102.79454677971016,-4.232818014597611],[102.7964194856708,-4.24387519533026]]]}},{"type":"Feature","properties":{"code":"1705052002","desa":"Gelombang","kecamatan":"Semidang Alas Maras","kecCode":"170505"},"geometry":{"type":"Polygon","coordinates":[[[102.7834410328774,-4.2488983631099435],[102.79252661730959,-4.260845691903602],[102.76178446408181,-4.27615263514825],[102.75074485609031,-4.268561995559977],[102.75220121011778,-4.256995220285603],[102.7834410328774,-4.2488983631099435]]]}},{"type":"Feature","properties":{"code":"1705052003","desa":"Lubuk Betung","kecamatan":"Semidang Alas Maras","kecCode":"170505"},"geometry":{"type":"Polygon","coordinates":[[[102.7733674514468,-4.270767138610551],[102.79460016076888,-4.253819579246018],[102.80212846925347,-4.260714562655492],[102.79333104109475,-4.267118517127642],[102.79647553321934,-4.279674108681795],[102.7733674514468,-4.270767138610551]]]}},{"type":"Feature","properties":{"code":"1705052004","desa":"Padang Peri","kecamatan":"Semidang Alas Maras","kecCode":"170505"},"geometry":{"type":"Polygon","coordinates":[[[102.77302842142456,-4.269355236274585],[102.80311482408989,-4.27878467827985],[102.79874894560741,-4.307075727442663],[102.79517789784177,-4.298027437005942],[102.76183192400413,-4.283465624343721],[102.76197768971865,-4.275132409146767],[102.77302842142456,-4.269355236274585]]]}},{"type":"Feature","properties":{"code":"1705052006","desa":"Karang Anyar","kecamatan":"Semidang Alas Maras","kecCode":"170505"},"geometry":{"type":"Polygon","coordinates":[[[102.77196840671665,-4.312177922247759],[102.77535530480355,-4.290514655324342],[102.79517789784177,-4.298027437005942],[102.79615243468716,-4.310034085081715],[102.7856044365955,-4.319534131961343],[102.77196840671665,-4.312177922247759]]]}},{"type":"Feature","properties":{"code":"1705052007","desa":"Ujung Padang","kecamatan":"Semidang Alas Maras","kecCode":"170505"},"geometry":{"type":"Polygon","coordinates":[[[102.75005228998127,-4.265197132665365],[102.76288622711773,-4.281752733308463],[102.75050493495483,-4.307477912355191],[102.72924321710087,-4.295895085980998],[102.73834517728818,-4.300229318215476],[102.7498440132906,-4.293346654618703],[102.74077511398035,-4.285241270071336],[102.75005228998127,-4.265197132665365]]]}},{"type":"Feature","properties":{"code":"1705052008","desa":"Ketapang Baru","kecamatan":"Semidang Alas Maras","kecCode":"170505"},"geometry":{"type":"Polygon","coordinates":[[[102.77775254214617,-4.329868911576878],[102.77013145420328,-4.3373560176141295],[102.75702283173837,-4.3267699872043295],[102.76537142265312,-4.317077028551303],[102.77775254214617,-4.329868911576878]]]}},{"type":"Feature","properties":{"code":"1705052009","desa":"Tedunan","kecamatan":"Semidang Alas Maras","kecCode":"170505"},"geometry":{"type":"Polygon","coordinates":[[[102.75231246165082,-4.309082433285376],[102.75745355393843,-4.3115681198479585],[102.75752122702305,-4.32924130529851],[102.73679550690719,-4.316078789175168],[102.74907386266868,-4.316953580412864],[102.75231246165082,-4.309082433285376]]]}},{"type":"Feature","properties":{"code":"1705052010","desa":"Talang Alai","kecamatan":"Semidang Alas Maras","kecCode":"170505"},"geometry":{"type":"Polygon","coordinates":[[[102.81154151572842,-4.32868644787842],[102.80776925544683,-4.338669496346824],[102.79792209632774,-4.3327047824526685],[102.79983315837364,-4.3209114481700475],[102.81154151572842,-4.32868644787842]]]}},{"type":"Feature","properties":{"code":"1705052011","desa":"Padang Bakung","kecamatan":"Semidang Alas Maras","kecCode":"170505"},"geometry":{"type":"Polygon","coordinates":[[[102.77013145420328,-4.3373560176141295],[102.77775254214617,-4.329868911576878],[102.79358357342323,-4.342562430354444],[102.78831915260683,-4.348837467011463],[102.77013145420328,-4.3373560176141295]]]}},{"type":"Feature","properties":{"code":"1705052012","desa":"Jambat Akar","kecamatan":"Semidang Alas Maras","kecCode":"170505"},"geometry":{"type":"Polygon","coordinates":[[[102.82615346111339,-4.321719577161237],[102.81618625419235,-4.32425511224543],[102.81049968081567,-4.313276256167614],[102.82260280007921,-4.316574642075935],[102.82615346111339,-4.321719577161237]]]}},{"type":"Feature","properties":{"code":"1705052013","desa":"Gunung Kembang","kecamatan":"Semidang Alas Maras","kecCode":"170505"},"geometry":{"type":"Polygon","coordinates":[[[102.85387199559618,-4.31983230758133],[102.84298134411381,-4.344587866377346],[102.82407212322994,-4.320528557312771],[102.82402888022868,-4.312293634418043],[102.85387199559618,-4.31983230758133]]]}},{"type":"Feature","properties":{"code":"1705052014","desa":"Gunung Bantan","kecamatan":"Semidang Alas Maras","kecCode":"170505"},"geometry":{"type":"Polygon","coordinates":[[[102.85931880521872,-4.295296258907454],[102.8574922263852,-4.310864162926653],[102.82725857682192,-4.307122783569352],[102.8299443877234,-4.300006669459479],[102.82283480807996,-4.285621316373026],[102.85931880521872,-4.295296258907454]]]}},{"type":"Feature","properties":{"code":"1705052015","desa":"Maras Tengah","kecamatan":"Semidang Alas Maras","kecCode":"170505"},"geometry":{"type":"Polygon","coordinates":[[[102.80224024778926,-4.291772906690175],[102.82283480807996,-4.285621316373026],[102.8299443877234,-4.300006669459479],[102.82160577928335,-4.3071495806683595],[102.82260280007921,-4.316574642075935],[102.79874894560741,-4.307075727442663],[102.80224024778926,-4.291772906690175]]]}},{"type":"Feature","properties":{"code":"1705052016","desa":"Padang Kelapa","kecamatan":"Semidang Alas Maras","kecCode":"170505"},"geometry":{"type":"Polygon","coordinates":[[[102.76510389233083,-4.303850790065156],[102.75050493495483,-4.307477912355191],[102.75938895793409,-4.282709513938388],[102.7657701442768,-4.2875178174936055],[102.76145217088106,-4.295046827441582],[102.76510389233083,-4.303850790065156]]]}},{"type":"Feature","properties":{"code":"1705052017","desa":"Pematang Riding","kecamatan":"Semidang Alas Maras","kecCode":"170505"},"geometry":{"type":"Polygon","coordinates":[[[102.74077511398035,-4.285241270071336],[102.7498440132906,-4.293346654618703],[102.73834517728818,-4.300229318215476],[102.73013614496716,-4.294416923395436],[102.74077511398035,-4.285241270071336]]]}},{"type":"Feature","properties":{"code":"1705052018","desa":"Talang Beringin","kecamatan":"Semidang Alas Maras","kecCode":"170505"},"geometry":{"type":"Polygon","coordinates":[[[102.76291835090126,-4.315700132326014],[102.76542351768126,-4.308498265161095],[102.78270158061348,-4.317197982869843],[102.77775254214617,-4.329868911576878],[102.76291835090126,-4.315700132326014]]]}},{"type":"Feature","properties":{"code":"1705052019","desa":"Genting Juar","kecamatan":"Semidang Alas Maras","kecCode":"170505"},"geometry":{"type":"Polygon","coordinates":[[[102.72924321710087,-4.295895085980998],[102.75050493495483,-4.307477912355191],[102.74924518441776,-4.316791776189151],[102.73156340592652,-4.310979902975853],[102.72214963459798,-4.299861712235655],[102.72924321710087,-4.295895085980998]]]}},{"type":"Feature","properties":{"code":"1705052020","desa":"Muara Maras","kecamatan":"Semidang Alas Maras","kecCode":"170505"},"geometry":{"type":"Polygon","coordinates":[[[102.80166927901404,-4.347247095115014],[102.79645591360956,-4.353943441667132],[102.78831915260683,-4.348837467011463],[102.79280661763136,-4.34030916637985],[102.80166927901404,-4.347247095115014]]]}},{"type":"Feature","properties":{"code":"1705052021","desa":"Rimbo Besak","kecamatan":"Semidang Alas Maras","kecCode":"170505"},"geometry":{"type":"Polygon","coordinates":[[[102.79767456333047,-4.306412162671696],[102.80443770433662,-4.318855544914927],[102.79280661763136,-4.34030916637985],[102.77775254214617,-4.329868911576878],[102.79767456333047,-4.306412162671696]]]}},{"type":"Feature","properties":{"code":"1705052021","desa":"Rimbo Besak","kecamatan":"Semidang Alas Maras","kecCode":"170505"},"geometry":{"type":"Polygon","coordinates":[[[102.79874894560741,-4.307075727442663],[102.80160781035221,-4.306322931039099],[102.80375705874131,-4.309889150340887],[102.79903370963802,-4.307358105571666],[102.79874894560741,-4.307075727442663]]]}},{"type":"Feature","properties":{"code":"1705052022","desa":"Muara Timput","kecamatan":"Semidang Alas Maras","kecCode":"170505"},"geometry":{"type":"Polygon","coordinates":[[[102.75739258979627,-4.313702375636988],[102.76498647864315,-4.320870533513679],[102.75702283173837,-4.3267699872043295],[102.75418276192498,-4.3215277346818235],[102.75739258979627,-4.313702375636988]]]}},{"type":"Feature","properties":{"code":"1705052023","desa":"Serian Bandung","kecamatan":"Semidang Alas Maras","kecCode":"170505"},"geometry":{"type":"Polygon","coordinates":[[[102.80504610469403,-4.344717098055948],[102.79280661763136,-4.34030916637985],[102.79792209632774,-4.3327047824526685],[102.80559258942652,-4.338396041291209],[102.80504610469403,-4.344717098055948]]]}},{"type":"Feature","properties":{"code":"1705052024","desa":"Talang Kemang","kecamatan":"Semidang Alas Maras","kecCode":"170505"},"geometry":{"type":"Polygon","coordinates":[[[102.81618625419235,-4.32425511224543],[102.81154151572842,-4.32868644787842],[102.79983315837364,-4.3209114481700475],[102.80438293562406,-4.31809390457827],[102.79874894560741,-4.307075727442663],[102.81618625419235,-4.32425511224543]]]}},{"type":"Feature","properties":{"code":"1705052025","desa":"Maras Bantan","kecamatan":"Semidang Alas Maras","kecCode":"170505"},"geometry":{"type":"Polygon","coordinates":[[[102.8574922263852,-4.310864162926653],[102.85387199559618,-4.31983230758133],[102.82080628108507,-4.310956718453489],[102.82278599198003,-4.306140690621156],[102.8574922263852,-4.310864162926653]]]}},{"type":"Feature","properties":{"code":"1705052026","desa":"Karang Dapo","kecamatan":"Semidang Alas Maras","kecCode":"170505"},"geometry":{"type":"Polygon","coordinates":[[[102.77132973158187,-4.310753749561879],[102.7614821183052,-4.295161379486402],[102.76316233067706,-4.284083766156825],[102.77535530480355,-4.290514655324342],[102.77132973158187,-4.310753749561879]]]}},{"type":"Feature","properties":{"code":"1705061006","desa":"Dermayu","kecamatan":"Air Periukan","kecCode":"170506"},"geometry":{"type":"Polygon","coordinates":[[[102.40318886427474,-3.998320254481724],[102.4312934426383,-3.9730642103773386],[102.43680502683058,-3.9766125736399522],[102.43788435178145,-3.9913386097020744],[102.43315753129508,-4.009354265980442],[102.42166330791535,-4.015644419341662],[102.40318886427474,-3.998320254481724]]]}},{"type":"Feature","properties":{"code":"1705062001","desa":"Sukamaju","kecamatan":"Air Periukan","kecCode":"170506"},"geometry":{"type":"Polygon","coordinates":[[[102.41959444902466,-3.9750132813681094],[102.42990062931067,-3.9772417384433405],[102.42152478264268,-3.982240493226814],[102.41959444902466,-3.9750132813681094]]]}},{"type":"Feature","properties":{"code":"1705062001","desa":"Sukamaju","kecamatan":"Air Periukan","kecCode":"170506"},"geometry":{"type":"Polygon","coordinates":[[[102.47144219420197,-3.9115697731241545],[102.47697779658813,-3.9040209286285337],[102.47841825779643,-3.9174822040317965],[102.48665431204692,-3.9194009984465645],[102.4665073119629,-3.9277996788924345],[102.45683286224687,-3.9131105330206593],[102.47144219420197,-3.9115697731241545]]]}},{"type":"Feature","properties":{"code":"1705062002","desa":"Talang Alai","kecamatan":"Air Periukan","kecCode":"170506"},"geometry":{"type":"Polygon","coordinates":[[[102.45236400599414,-3.97817563672311],[102.4523331943215,-3.95290250460059],[102.4571133149276,-3.957032224706756],[102.46859437493056,-3.9513782382704203],[102.47254474774194,-3.9368539857935825],[102.47886401126516,-3.930905528944045],[102.48488131302224,-3.944244814009827],[102.47990585337247,-3.9609742464094886],[102.47255631122482,-3.9629582317800325],[102.47494923092235,-3.9721482904445717],[102.45236400599414,-3.97817563672311]]]}},{"type":"Feature","properties":{"code":"1705062003","desa":"Talang Benuang","kecamatan":"Air Periukan","kecCode":"170506"},"geometry":{"type":"Polygon","coordinates":[[[102.39625414970929,-3.956710950000032],[102.41947318444,-3.9734945629555685],[102.41259245527766,-3.9694511849603495],[102.39871813923082,-3.980243539632327],[102.39636882676,-3.9718221225265506],[102.40368956991779,-3.9703630786283575],[102.39625414970929,-3.956710950000032]]]}},{"type":"Feature","properties":{"code":"1705062004","desa":"Padang Pelasan","kecamatan":"Air Periukan","kecCode":"170506"},"geometry":{"type":"Polygon","coordinates":[[[102.45113433058492,-3.972924450335568],[102.45236400599414,-3.97817563672311],[102.46288934206954,-3.9752835528236887],[102.4695769634062,-4.018967110327541],[102.46499112424107,-4.026354989666891],[102.45078905297248,-4.023308272737681],[102.45749260579919,-4.032631023672052],[102.43808866426053,-4.032615131752144],[102.43593566120187,-4.026826213734141],[102.44327962755283,-4.026120029192124],[102.44678919856273,-4.015005347606579],[102.43877096191045,-4.004428040620658],[102.45113433058492,-3.972924450335568]]]}},{"type":"Feature","properties":{"code":"1705062005","desa":"Air Periukan","kecamatan":"Air Periukan","kecCode":"170506"},"geometry":{"type":"Polygon","coordinates":[[[102.43505593088656,-4.003747743963008],[102.43788435178145,-3.9913386097020744],[102.44601420059497,-3.9960908288365897],[102.44032866593523,-4.004080614528183],[102.43505593088656,-4.003747743963008]]]}},{"type":"Feature","properties":{"code":"1705062007","desa":"Keban Agung","kecamatan":"Air Periukan","kecCode":"170506"},"geometry":{"type":"Polygon","coordinates":[[[102.42565781405692,-4.013198787683689],[102.43627193300334,-4.003408124885202],[102.44634547486385,-4.014050197447574],[102.44327962755283,-4.026120029192124],[102.43531258121071,-4.028220626954236],[102.43808866426053,-4.032615131752144],[102.42528814772987,-4.027748417230054],[102.42565781405692,-4.013198787683689]]]}},{"type":"Feature","properties":{"code":"1705062008","desa":"Pasar Ngalam","kecamatan":"Air Periukan","kecCode":"170506"},"geometry":{"type":"Polygon","coordinates":[[[102.41380084823061,-4.031742705731438],[102.44720417633177,-4.032759301169892],[102.44754124403322,-4.0605088379522245],[102.45706384502051,-4.060430510599387],[102.45201898199048,-4.070509945706607],[102.45695535080887,-4.098544950688461],[102.34902232242229,-4.019125994452607],[102.3543967537073,-4.02198968855375],[102.3640627650846,-4.012233326797393],[102.41380084823061,-4.031742705731438]]]}},{"type":"Feature","properties":{"code":"1705062009","desa":"Sukasari","kecamatan":"Air Periukan","kecCode":"170506"},"geometry":{"type":"Polygon","coordinates":[[[102.40318886427474,-3.998320254481724],[102.40295749209463,-4.022345887532812],[102.37885996721377,-4.006912417770318],[102.38762280744669,-3.9859180369066207],[102.40318886427474,-3.998320254481724]]]}},{"type":"Feature","properties":{"code":"1705062010","desa":"Kungkai Baru","kecamatan":"Air Periukan","kecCode":"170506"},"geometry":{"type":"Polygon","coordinates":[[[102.31770505814198,-3.9945969892691275],[102.32602499395836,-3.99492599634685],[102.32148923084337,-3.9857098033836715],[102.32963111258584,-3.9822073172365107],[102.33860410369647,-3.9919438399486107],[102.36223874302361,-3.999250159771652],[102.36337156234777,-4.015347170023428],[102.35348818393261,-4.022141407780076],[102.31770505814198,-3.9945969892691275]]]}},{"type":"Feature","properties":{"code":"1705062011","desa":"Tawang Rejo","kecamatan":"Air Periukan","kecCode":"170506"},"geometry":{"type":"Polygon","coordinates":[[[102.37134621695441,-3.9853252110090263],[102.39392553423608,-3.976143375745203],[102.39871813923082,-3.980243539632327],[102.38621351224384,-3.9866965503234315],[102.37701607283354,-4.0055313531873065],[102.33860410369647,-3.9919438399486107],[102.3299729547881,-3.982469829341507],[102.37134621695441,-3.9853252110090263]]]}},{"type":"Feature","properties":{"code":"1705062012","desa":"Lawang Agung","kecamatan":"Air Periukan","kecCode":"170506"},"geometry":{"type":"Polygon","coordinates":[[[102.40617008358252,-4.002951563364574],[102.42166330791535,-4.015644419341662],[102.42565781405692,-4.013198787683689],[102.42528814772987,-4.027748417230054],[102.4319817639473,-4.034195503187423],[102.36043343315644,-4.011509056889047],[102.36349523621624,-4.002649376768291],[102.3738907029936,-4.003132111258424],[102.40295749209463,-4.022345887532812],[102.40617008358252,-4.002951563364574]]]}},{"type":"Feature","properties":{"code":"1705062013","desa":"Taba Lubuk Puding","kecamatan":"Air Periukan","kecCode":"170506"},"geometry":{"type":"Polygon","coordinates":[[[102.4665073119629,-3.9277996788924345],[102.42382717478431,-3.944921761592233],[102.42441552565606,-3.9321080304370217],[102.41528075820048,-3.914528615497633],[102.43216328760569,-3.914557668995654],[102.44736367559322,-3.902046328582892],[102.46648146724596,-3.903487190887323],[102.47126907021146,-3.912404194694537],[102.45683286224687,-3.9131105330206593],[102.4665073119629,-3.9277996788924345]]]}},{"type":"Feature","properties":{"code":"1705062014","desa":"Talang Sebaris","kecamatan":"Air Periukan","kecCode":"170506"},"geometry":{"type":"Polygon","coordinates":[[[102.45102376433532,-3.9562874304706925],[102.44284998004257,-3.935674785734783],[102.49046709937721,-3.9173246491047635],[102.4726318497801,-3.9366933165142397],[102.4707267952055,-3.9494143914184248],[102.45102376433532,-3.9562874304706925]]]}},{"type":"Feature","properties":{"code":"1705062015","desa":"Lubuk Gilang","kecamatan":"Air Periukan","kecCode":"170506"},"geometry":{"type":"Polygon","coordinates":[[[102.43318193080154,-3.9741856937459263],[102.45394461125487,-3.9662450506081224],[102.4476043116897,-3.9911791590041097],[102.43788435178145,-3.9913386097020744],[102.43318193080154,-3.9741856937459263]]]}},{"type":"Feature","properties":{"code":"1705062016","desa":"Lokasi Baru","kecamatan":"Air Periukan","kecCode":"170506"},"geometry":{"type":"Polygon","coordinates":[[[102.41259245527766,-3.9694511849603495],[102.42152478264268,-3.982240493226814],[102.40318886427474,-3.998320254481724],[102.38762280744669,-3.9859180369066207],[102.41259245527766,-3.9694511849603495]]]}},{"type":"Feature","properties":{"code":"1705062016","desa":"Lokasi Baru","kecamatan":"Air Periukan","kecCode":"170506"},"geometry":{"type":"Polygon","coordinates":[[[102.42320914808379,-3.981757742548907],[102.42244208033782,-3.982442204866233],[102.42218218705837,-3.982073945978564],[102.42320914808379,-3.981757742548907]]]}},{"type":"Feature","properties":{"code":"1705072001","desa":"Talang Giring","kecamatan":"Lubuk Sandi","kecCode":"170507"},"geometry":{"type":"Polygon","coordinates":[[[102.49046709937721,-3.9173246491047635],[102.47841825779643,-3.9174822040317965],[102.47666264896213,-3.9060781044244037],[102.51269943033452,-3.906281730720498],[102.49623136968205,-3.9488403469624545],[102.48071159466438,-3.958595639424892],[102.48505117786965,-3.9408528455488994],[102.47768769083433,-3.9328399913475285],[102.49046709937721,-3.9173246491047635]]]}},{"type":"Feature","properties":{"code":"1705072002","desa":"Padang Capo Ilir","kecamatan":"Lubuk Sandi","kecCode":"170507"},"geometry":{"type":"Polygon","coordinates":[[[102.47697779658813,-3.9040209286285337],[102.4832961059306,-3.88156995272061],[102.47704861640055,-3.8725348895126097],[102.48962832328857,-3.859811483565693],[102.49013121698215,-3.851349007012639],[102.50981039243571,-3.8371398904702625],[102.53245432690574,-3.829047542495418],[102.53601617280816,-3.8297213577390923],[102.5301671414005,-3.8364044060159737],[102.53108136701155,-3.8520069150479777],[102.55837948282692,-3.87541480378617],[102.54071833388406,-3.884478902505692],[102.52513571604048,-3.88025390462481],[102.51269943033452,-3.906281730720498],[102.47697779658813,-3.9040209286285337]]]}},{"type":"Feature","properties":{"code":"1705072003","desa":"Padang Capo Ulu","kecamatan":"Lubuk Sandi","kecCode":"170507"},"geometry":{"type":"Polygon","coordinates":[[[102.56431234723708,-3.8810476993218477],[102.53108136701155,-3.8520069150479777],[102.5301671414005,-3.8364044060159737],[102.535233664602,-3.8298070667272746],[102.55325602174803,-3.8329827221560495],[102.55888630655782,-3.82389140455551],[102.57007033218014,-3.8343871960918245],[102.57262154694689,-3.8476972109230143],[102.56431234723708,-3.8810476993218477]]]}},{"type":"Feature","properties":{"code":"1705072004","desa":"Talang Kebun","kecamatan":"Lubuk Sandi","kecCode":"170507"},"geometry":{"type":"Polygon","coordinates":[[[102.56613027459258,-3.969923987337817],[102.54538726321168,-3.9869308758768462],[102.52364948293734,-3.9729704596514015],[102.52496347788222,-3.965114633374383],[102.53616921943399,-3.962751331052347],[102.54588771974254,-3.948419834766025],[102.56613027459258,-3.969923987337817]]]}},{"type":"Feature","properties":{"code":"1705072005","desa":"Gunung Agung","kecamatan":"Lubuk Sandi","kecCode":"170507"},"geometry":{"type":"Polygon","coordinates":[[[102.46288934206954,-3.9752835528236887],[102.47494923092235,-3.9721482904445717],[102.47255631122482,-3.9629582317800325],[102.48029022541363,-3.958860490666526],[102.47894789822698,-3.994685060776348],[102.466558591306,-4.004453278295226],[102.46288934206954,-3.9752835528236887]]]}},{"type":"Feature","properties":{"code":"1705072006","desa":"Cawang","kecamatan":"Lubuk Sandi","kecCode":"170507"},"geometry":{"type":"Polygon","coordinates":[[[102.51064102066664,-3.9119349329479736],[102.52812643758504,-3.8788167070578026],[102.54071833388406,-3.884478902505692],[102.56150314215638,-3.8750713293147654],[102.57888280509746,-3.8969559041047956],[102.57805635511674,-3.9040361559494214],[102.54729804107177,-3.9205356020244957],[102.51064102066664,-3.9119349329479736]]]}},{"type":"Feature","properties":{"code":"1705072007","desa":"Arang Sapat","kecamatan":"Lubuk Sandi","kecCode":"170507"},"geometry":{"type":"Polygon","coordinates":[[[102.49623136968205,-3.9488403469624545],[102.4970832866644,-3.937825261696165],[102.5089042517299,-3.924077316599198],[102.51064102066664,-3.9119349329479736],[102.5275979842596,-3.9179365793004846],[102.53753039371274,-3.9391136016797055],[102.50172255095504,-3.9392944040815774],[102.49623136968205,-3.9488403469624545]]]}},{"type":"Feature","properties":{"code":"1705072008","desa":"Dusun Tengah","kecamatan":"Lubuk Sandi","kecCode":"170507"},"geometry":{"type":"Polygon","coordinates":[[[102.54588771974254,-3.948419834766025],[102.53557488087607,-3.9628780203474916],[102.52365657319234,-3.9536589855266993],[102.49921400722069,-3.9505666360975744],[102.49796178131122,-3.9419855209802788],[102.53753039371274,-3.9391136016797055],[102.54588771974254,-3.948419834766025]]]}},{"type":"Feature","properties":{"code":"1705072009","desa":"Tanjung Kuaw","kecamatan":"Lubuk Sandi","kecCode":"170507"},"geometry":{"type":"Polygon","coordinates":[[[102.52364948293734,-3.9729704596514015],[102.53411818330756,-3.9826496865559626],[102.51888246095689,-4.000210617729337],[102.49439525533683,-3.990117887045061],[102.49865269986223,-3.969653797720518],[102.52364948293734,-3.9729704596514015]]]}},{"type":"Feature","properties":{"code":"1705072010","desa":"Napal Jungur","kecamatan":"Lubuk Sandi","kecCode":"170507"},"geometry":{"type":"Polygon","coordinates":[[[102.48029022541363,-3.958860490666526],[102.49623136968205,-3.9488403469624545],[102.51211065588211,-3.9534616364984414],[102.5109894935703,-3.963820146524687],[102.51948309476903,-3.969171432851803],[102.50866815001517,-3.973055460873186],[102.48029022541363,-3.958860490666526]]]}},{"type":"Feature","properties":{"code":"1705072011","desa":"Tumbu'an","kecamatan":"Lubuk Sandi","kecCode":"170507"},"geometry":{"type":"Polygon","coordinates":[[[102.44720417633177,-4.032759301169892],[102.45749260579919,-4.032631023672052],[102.45078905297248,-4.023308272737681],[102.46499112424107,-4.026354989666891],[102.4695769634062,-4.018967110327541],[102.466558591306,-4.004453278295226],[102.48144905133272,-4.00688378335645],[102.49670953831456,-3.9978599068152474],[102.49680310288095,-3.9920450073833904],[102.51888246095689,-4.000210617729337],[102.48980763731264,-4.019534679664782],[102.45706827957753,-4.062787117468765],[102.44754124403322,-4.0605088379522245],[102.44720417633177,-4.032759301169892]]]}},{"type":"Feature","properties":{"code":"1705072012","desa":"Rena Panjang","kecamatan":"Lubuk Sandi","kecCode":"170507"},"geometry":{"type":"Polygon","coordinates":[[[102.466558591306,-4.004453278295226],[102.4764595568631,-3.9955617819591467],[102.48587383271125,-3.9961329458866666],[102.49712221202053,-3.9758042117244345],[102.49670953831456,-3.9978599068152474],[102.48144905133272,-4.00688378335645],[102.466558591306,-4.004453278295226]]]}},{"type":"Feature","properties":{"code":"1705072013","desa":"Sakaian","kecamatan":"Lubuk Sandi","kecCode":"170507"},"geometry":{"type":"Polygon","coordinates":[[[102.47678586057906,-3.9955265276356804],[102.48048347803012,-3.9633982367817633],[102.49865269986223,-3.969653797720518],[102.48587383271125,-3.9961329458866666],[102.47678586057906,-3.9955265276356804]]]}},{"type":"Feature","properties":{"code":"1705072014","desa":"Lubuk Terentang","kecamatan":"Lubuk Sandi","kecCode":"170507"},"geometry":{"type":"Polygon","coordinates":[[[102.53354874607781,-3.961934558677063],[102.52496347788222,-3.965114633374383],[102.52364948293734,-3.9729704596514015],[102.5109894935703,-3.963820146524687],[102.51211065588211,-3.9534616364984414],[102.52365657319234,-3.9536589855266993],[102.53354874607781,-3.961934558677063]]]}},{"type":"Feature","properties":{"code":"1705082001","desa":"Tanjung Agung","kecamatan":"Seluma Barat","kecCode":"170508"},"geometry":{"type":"Polygon","coordinates":[[[102.5581689632271,-4.012223839849141],[102.5702874788841,-4.041292552569339],[102.54660809378856,-4.0466623325549405],[102.54872886244709,-4.042270605762817],[102.53873565972299,-4.035859737302837],[102.54813594661668,-4.017189697432161],[102.5581689632271,-4.012223839849141]]]}},{"type":"Feature","properties":{"code":"1705082002","desa":"Air Latak","kecamatan":"Seluma Barat","kecCode":"170508"},"geometry":{"type":"Polygon","coordinates":[[[102.54872886244709,-4.042270605762817],[102.54236340434767,-4.057360133406481],[102.52520825895401,-4.071949921279456],[102.51940562087275,-4.056259417182551],[102.5396259732601,-4.036879468677247],[102.54872886244709,-4.042270605762817]]]}},{"type":"Feature","properties":{"code":"1705082003","desa":"Talang Perapat","kecamatan":"Seluma Barat","kecCode":"170508"},"geometry":{"type":"Polygon","coordinates":[[[102.52520825895401,-4.071949921279456],[102.50240054804692,-4.106966171742016],[102.45201898199048,-4.070509945706607],[102.46094325322859,-4.060352370305578],[102.45937962357083,-4.0655143097720225],[102.47324095340734,-4.076677690545581],[102.50035826502199,-4.051021644183273],[102.5195167024339,-4.052300933389769],[102.52520825895401,-4.071949921279456]],[[102.50113961759934,-4.05743220777313],[102.49431553943066,-4.060872662282886],[102.50323029943881,-4.068311760710649],[102.49598443383461,-4.071307993297512],[102.49303076975427,-4.065948148122495],[102.49465329871083,-4.076808128214986],[102.49044878828101,-4.074273324279664],[102.48214222088683,-4.082589519806842],[102.50244085656031,-4.102365579203604],[102.50308388801108,-4.08075703872467],[102.51299003276388,-4.087864882668963],[102.50932649332304,-4.073301761493261],[102.49753029558673,-4.060376519800381],[102.50113961759934,-4.05743220777313]]]}},{"type":"Feature","properties":{"code":"1705082004","desa":"Pagar Agung","kecamatan":"Seluma Barat","kecCode":"170508"},"geometry":{"type":"Polygon","coordinates":[[[102.53927196592855,-4.034880873820131],[102.51940562087275,-4.056259417182551],[102.50688199390895,-4.051575082473194],[102.51330718587799,-4.03427738735907],[102.53927196592855,-4.034880873820131]]]}},{"type":"Feature","properties":{"code":"1705082005","desa":"Talang Tinggi","kecamatan":"Seluma Barat","kecCode":"170508"},"geometry":{"type":"Polygon","coordinates":[[[102.54209046460329,-4.025462200297112],[102.53927196592855,-4.034880873820131],[102.51330718587799,-4.03427738735907],[102.52226380303215,-4.022012548420834],[102.54209046460329,-4.025462200297112]]]}},{"type":"Feature","properties":{"code":"1705082006","desa":"Lunjuk","kecamatan":"Seluma Barat","kecCode":"170508"},"geometry":{"type":"Polygon","coordinates":[[[102.46094325322859,-4.060352370305578],[102.49004727426234,-4.021422446569716],[102.50866350861406,-4.0218830838178565],[102.51978412393821,-4.0116108034872395],[102.52226380303215,-4.022012548420834],[102.51251312408145,-4.029023659487321],[102.50688199390895,-4.051575082473194],[102.48398018783546,-4.064636464436642],[102.47123244801912,-4.0569141263293735],[102.46094325322859,-4.060352370305578]]]}},{"type":"Feature","properties":{"code":"1705082007","desa":"Lubuk Lagan","kecamatan":"Seluma Barat","kecCode":"170508"},"geometry":{"type":"Polygon","coordinates":[[[102.53411818330756,-3.9826496865559626],[102.54825462834849,-3.9862724507313234],[102.56613027459258,-3.969923987337817],[102.57228277682873,-3.9782530890356798],[102.54876647659171,-4.023899001416213],[102.52097899378559,-4.021418755752039],[102.51888246095689,-4.000210617729337],[102.53411818330756,-3.9826496865559626]]]}},{"type":"Feature","properties":{"code":"1705082008","desa":"Purbosari","kecamatan":"Seluma Barat","kecCode":"170508"},"geometry":{"type":"Polygon","coordinates":[[[102.50080993333182,-4.056346590267042],[102.51299003276388,-4.087864882668963],[102.50308388801108,-4.08075703872467],[102.50244085656031,-4.102365579203604],[102.48214222088683,-4.082589519806842],[102.49044878828101,-4.074273324279664],[102.49465329871083,-4.076808128214986],[102.49303076975427,-4.065948148122495],[102.49598443383461,-4.071307993297512],[102.50323029943881,-4.068311760710649],[102.49431553943066,-4.060872662282886],[102.50080993333182,-4.056346590267042]]]}},{"type":"Feature","properties":{"code":"1705082008","desa":"Purbosari","kecamatan":"Seluma Barat","kecCode":"170508"},"geometry":{"type":"Polygon","coordinates":[[[102.4848699213099,-4.0650640417070525],[102.47324095340734,-4.076677690545581],[102.45937071488663,-4.065069864817317],[102.47123244801912,-4.0569141263293735],[102.4848699213099,-4.0650640417070525]]]}},{"type":"Feature","properties":{"code":"1705082009","desa":"Sengkuang Jaya","kecamatan":"Seluma Barat","kecCode":"170508"},"geometry":{"type":"Polygon","coordinates":[[[102.50866350861406,-4.0218830838178565],[102.48980763731264,-4.019534679664782],[102.51888246095689,-4.000210617729337],[102.51978412393821,-4.0116108034872395],[102.50866350861406,-4.0218830838178565]]]}},{"type":"Feature","properties":{"code":"1705091004","desa":"Selebar","kecamatan":"Seluma Timur","kecCode":"170509"},"geometry":{"type":"Polygon","coordinates":[[[102.56883160689317,-4.101025535397],[102.57525811906696,-4.089586012393532],[102.58811232872107,-4.090117510822845],[102.59430370055536,-4.083963157788464],[102.60937470757675,-4.088583580377969],[102.59406262558974,-4.097712155092271],[102.59075802626192,-4.113041164102644],[102.56883160689317,-4.101025535397]]]}},{"type":"Feature","properties":{"code":"1705091005","desa":"Sembayat","kecamatan":"Seluma Timur","kecCode":"170509"},"geometry":{"type":"Polygon","coordinates":[[[102.57442937941238,-4.0899369233589535],[102.58441037294038,-4.080497562730908],[102.60879253504753,-4.063227434535315],[102.61293279521236,-4.087449071228872],[102.59430370055536,-4.083963157788464],[102.58811232872107,-4.090117510822845],[102.57442937941238,-4.0899369233589535]]]}},{"type":"Feature","properties":{"code":"1705091006","desa":"Bunga Mas","kecamatan":"Seluma Timur","kecCode":"170509"},"geometry":{"type":"Polygon","coordinates":[[[102.58441037294038,-4.080497562730908],[102.58347418768369,-4.0649791726856686],[102.60010098856979,-4.052797730578688],[102.60879253504753,-4.063227434535315],[102.58441037294038,-4.080497562730908]]]}},{"type":"Feature","properties":{"code":"1705092001","desa":"Talang Sali","kecamatan":"Seluma Timur","kecCode":"170509"},"geometry":{"type":"Polygon","coordinates":[[[102.68034696324185,-4.0800119639001196],[102.63785853544312,-4.124580906655463],[102.63637559026135,-4.132883488245635],[102.60395548555726,-4.150478992056483],[102.61976903131578,-4.107750297827729],[102.63194447585693,-4.1031043272975785],[102.63810596501833,-4.089437274419801],[102.67076502138866,-4.063075865495826],[102.68034696324185,-4.0800119639001196]]]}},{"type":"Feature","properties":{"code":"1705092002","desa":"Kunduran","kecamatan":"Seluma Timur","kecCode":"170509"},"geometry":{"type":"Polygon","coordinates":[[[102.61976903131578,-4.107750297827729],[102.60395548555726,-4.150478992056483],[102.58636264192245,-4.160001169453029],[102.57248414312873,-4.1574652854318686],[102.57427283622246,-4.146579095497629],[102.60082996103392,-4.146389160480334],[102.6086398544458,-4.122448345189241],[102.59641642028161,-4.11683847859309],[102.58697779079245,-4.128438974846751],[102.58572369609173,-4.116496106690511],[102.61976903131578,-4.107750297827729]]]}},{"type":"Feature","properties":{"code":"1705092003","desa":"Kota Agung","kecamatan":"Seluma Timur","kecCode":"170509"},"geometry":{"type":"Polygon","coordinates":[[[102.59075802626192,-4.113041164102644],[102.59406262558974,-4.097712155092271],[102.61110164062823,-4.086202584793994],[102.63810596501833,-4.089437274419801],[102.63194447585693,-4.1031043272975785],[102.59075802626192,-4.113041164102644]]]}},{"type":"Feature","properties":{"code":"1705092007","desa":"Tenangan","kecamatan":"Seluma Timur","kecCode":"170509"},"geometry":{"type":"Polygon","coordinates":[[[102.58697779079245,-4.128438974846751],[102.59641642028161,-4.11683847859309],[102.60872802487852,-4.121964950596735],[102.60082996103392,-4.146389160480334],[102.58486260872246,-4.145517895484367],[102.58697779079245,-4.128438974846751]]]}},{"type":"Feature","properties":{"code":"1705092008","desa":"Rawa Sari","kecamatan":"Seluma Timur","kecCode":"170509"},"geometry":{"type":"Polygon","coordinates":[[[102.58486260872246,-4.145517895484367],[102.57427283622246,-4.146579095497629],[102.57248414312873,-4.1574652854318686],[102.55850855622492,-4.158267561635072],[102.56691281967095,-4.1435376198173],[102.56493006726883,-4.127901492328515],[102.57953031966855,-4.131440417206276],[102.5763117018236,-4.135309344711136],[102.58486260872246,-4.145517895484367]]]}},{"type":"Feature","properties":{"code":"1705101003","desa":"Puguk","kecamatan":"Seluma Utara","kecCode":"170510"},"geometry":{"type":"Polygon","coordinates":[[[102.62575171187206,-3.9977740125667944],[102.62124738455918,-4.00751144449338],[102.64179840597171,-4.022732038432494],[102.61058788402367,-4.038941582650476],[102.60543090341355,-4.033849929698405],[102.612200473673,-4.002820647255848],[102.60620405687177,-3.99281310934886],[102.6127313236917,-3.989137880524039],[102.62575171187206,-3.9977740125667944]]]}},{"type":"Feature","properties":{"code":"1705102001","desa":"Talang Rami","kecamatan":"Seluma Utara","kecCode":"170510"},"geometry":{"type":"Polygon","coordinates":[[[102.57726480692536,-4.032937157392814],[102.56654134930385,-4.035839978298196],[102.55894297373929,-4.024337994680686],[102.56323702067203,-4.016900484455682],[102.55571122399385,-4.012424405752335],[102.57228277682873,-3.9782530890356798],[102.56892902235653,-3.9726743497741204],[102.59163109170157,-3.9821562393416188],[102.57726480692536,-4.032937157392814]]]}},{"type":"Feature","properties":{"code":"1705102002","desa":"Talang Beringin","kecamatan":"Seluma Utara","kecCode":"170510"},"geometry":{"type":"Polygon","coordinates":[[[102.60345605065629,-3.983599087349167],[102.612200473673,-4.002820647255848],[102.60939489375936,-4.020474686139915],[102.57726480692536,-4.032937157392814],[102.59163109170157,-3.9821562393416188],[102.60345605065629,-3.983599087349167]]]}},{"type":"Feature","properties":{"code":"1705102004","desa":"Pandan","kecamatan":"Seluma Utara","kecCode":"170510"},"geometry":{"type":"Polygon","coordinates":[[[102.5941983386824,-4.056202682552035],[102.57812728644518,-4.044549416778785],[102.57726480692536,-4.032937157392814],[102.60749056763562,-4.022231692518778],[102.60545785159864,-4.034694035168599],[102.61065073044693,-4.040001567679599],[102.5941983386824,-4.056202682552035]]]}},{"type":"Feature","properties":{"code":"1705102005","desa":"Selingsingan","kecamatan":"Seluma Utara","kecCode":"170510"},"geometry":{"type":"Polygon","coordinates":[[[102.60879253504753,-4.063227434535315],[102.60010098856979,-4.052797730578688],[102.61066267074573,-4.038610017900879],[102.64179840597171,-4.022732038432494],[102.65777285303476,-4.032088692009291],[102.67058165501942,-4.021918282383403],[102.6691791344096,-4.036765483205282],[102.68527774097504,-4.044947200409144],[102.60879253504753,-4.063227434535315]]]}},{"type":"Feature","properties":{"code":"1705102006","desa":"Simpang","kecamatan":"Seluma Utara","kecCode":"170510"},"geometry":{"type":"Polygon","coordinates":[[[102.61293279521236,-4.087449071228872],[102.60879253504753,-4.063227434535315],[102.68527774097504,-4.044947200409144],[102.66357619078866,-4.072626576582183],[102.64115909591561,-4.088931051436552],[102.61293279521236,-4.087449071228872]]]}},{"type":"Feature","properties":{"code":"1705102007","desa":"Sekalak","kecamatan":"Seluma Utara","kecCode":"170510"},"geometry":{"type":"Polygon","coordinates":[[[102.62033333341667,-3.8021999960469053],[102.61435009707935,-3.838905115753336],[102.62612277214828,-3.873065029965632],[102.62004999121415,-3.884967465501981],[102.6182379975856,-3.972989299548963],[102.60839246174275,-3.992579046397517],[102.60345605065629,-3.983599087349167],[102.5726844302423,-3.976995108365751],[102.53811725620648,-3.9399025418363394],[102.52747741485085,-3.9178260445272532],[102.54729804107177,-3.9205356020244957],[102.579044502302,-3.9025752999173036],[102.56539010916627,-3.8789144336864627],[102.57263053207345,-3.844766336565792],[102.57007033218014,-3.8343871960918245],[102.55689850266383,-3.8241359850782355],[102.5634412980775,-3.8082450607684364],[102.57406481493932,-3.8036591208840487],[102.60595486192739,-3.8111661855753813],[102.62033333341667,-3.8021999960469053]]]}},{"type":"Feature","properties":{"code":"1705102008","desa":"Lubuk Resam","kecamatan":"Seluma Utara","kecCode":"170510"},"geometry":{"type":"Polygon","coordinates":[[[102.62184733039004,-3.802483236625708],[102.66090953274879,-3.8183598680102313],[102.6737437639636,-3.8369260298893124],[102.64029872620529,-3.9662532308414953],[102.62575171187206,-3.9977740125667944],[102.6127313236917,-3.989137880524039],[102.61499507915964,-3.965085161691635],[102.61937885774812,-3.9650313930252192],[102.62004999121415,-3.884967465501981],[102.62612277214828,-3.873065029965632],[102.61435009707935,-3.838905115753336],[102.62184733039004,-3.802483236625708]]]}},{"type":"Feature","properties":{"code":"1705102009","desa":"Sinar Pagi","kecamatan":"Seluma Utara","kecCode":"170510"},"geometry":{"type":"Polygon","coordinates":[[[102.6737437639636,-3.8369260298893124],[102.68517992891066,-3.8473254644645007],[102.68360710458425,-3.861209619979089],[102.70122152925022,-3.8547357594057656],[102.73172994957758,-3.888932106952819],[102.70808046694003,-3.921572130036778],[102.68589101295991,-3.9310881767548027],[102.68042118878691,-3.9280315735783553],[102.66178832327256,-3.981726779790175],[102.62614671569843,-3.998121505209098],[102.64029872620529,-3.9662532308414953],[102.6737437639636,-3.8369260298893124]]]}},{"type":"Feature","properties":{"code":"1705102010","desa":"Talang Empat","kecamatan":"Seluma Utara","kecCode":"170510"},"geometry":{"type":"Polygon","coordinates":[[[102.76713363071252,-3.9112367137013355],[102.7793855392113,-3.9408522717814187],[102.70383262627473,-4.011820844647493],[102.68033853299697,-4.006540714479232],[102.65777285303476,-4.032088692009291],[102.62124738455918,-4.00751144449338],[102.62614671569843,-3.998121505209098],[102.66178832327256,-3.981726779790175],[102.68035743224976,-3.9281192071157394],[102.68589101295991,-3.9310881767548027],[102.70964335375783,-3.9203615805108063],[102.73032894882196,-3.883552958729396],[102.74901356132688,-3.8912316203622077],[102.75294243764345,-3.9064111836322715],[102.76713363071252,-3.9112367137013355]]]}},{"type":"Feature","properties":{"code":"1705111008","desa":"Rimbo Kedui","kecamatan":"Seluma Selatan","kecCode":"170511"},"geometry":{"type":"Polygon","coordinates":[[[102.5515028788548,-4.103728970309747],[102.53929624132853,-4.118613992120347],[102.51233814209166,-4.109473560744212],[102.52527550396138,-4.1116017793843005],[102.53812380417031,-4.09586038355219],[102.5515028788548,-4.103728970309747]]]}},{"type":"Feature","properties":{"code":"1705111010","desa":"Padang Rambun","kecamatan":"Seluma Selatan","kecCode":"170511"},"geometry":{"type":"Polygon","coordinates":[[[102.54110201434655,-4.072622406425846],[102.55105831878642,-4.081185292285244],[102.54442709033798,-4.092137825206745],[102.5308838228302,-4.099751686189579],[102.52527550396138,-4.1116017793843005],[102.51507726300535,-4.105686002099288],[102.54110201434655,-4.072622406425846]]]}},{"type":"Feature","properties":{"code":"1705111011","desa":"Sido Mulyo","kecamatan":"Seluma Selatan","kecCode":"170511"},"geometry":{"type":"Polygon","coordinates":[[[102.53812380417031,-4.09586038355219],[102.56553307169393,-4.089500372653154],[102.56642252368056,-4.096963825621236],[102.55700296521472,-4.106263052089508],[102.53812380417031,-4.09586038355219]]]}},{"type":"Feature","properties":{"code":"1705112001","desa":"Sukarami","kecamatan":"Seluma Selatan","kecCode":"170511"},"geometry":{"type":"Polygon","coordinates":[[[102.52102087521324,-4.1164421563610265],[102.53929624132853,-4.118613992120347],[102.53287614491818,-4.137332238350669],[102.50763529393372,-4.125275900034032],[102.52102087521324,-4.1164421563610265]]]}},{"type":"Feature","properties":{"code":"1705112002","desa":"Tanjung Seru","kecamatan":"Seluma Selatan","kecCode":"170511"},"geometry":{"type":"Polygon","coordinates":[[[102.57348615606134,-4.1293908056081605],[102.56493006726883,-4.127901492328515],[102.56184030698466,-4.137972089797982],[102.55476738730515,-4.1223866463009715],[102.56698718281228,-4.1209861257848726],[102.57348615606134,-4.1293908056081605]]]}},{"type":"Feature","properties":{"code":"1705112002","desa":"Tanjung Seru","kecamatan":"Seluma Selatan","kecCode":"170511"},"geometry":{"type":"Polygon","coordinates":[[[102.5639764684393,-4.111007926460977],[102.55947183355833,-4.111752642456021],[102.55960978956023,-4.1078302826311015],[102.5639764684393,-4.111007926460977]]]}},{"type":"Feature","properties":{"code":"1705112003","desa":"Tanjungan","kecamatan":"Seluma Selatan","kecCode":"170511"},"geometry":{"type":"Polygon","coordinates":[[[102.57837048201219,-4.109562783383582],[102.59078990632916,-4.11499991269791],[102.58448860766318,-4.12023926130946],[102.5851680346771,-4.14036049759423],[102.56450878705095,-4.115105641494167],[102.57837048201219,-4.109562783383582]]]}},{"type":"Feature","properties":{"code":"1705112003","desa":"Tanjungan","kecamatan":"Seluma Selatan","kecCode":"170511"},"geometry":{"type":"Polygon","coordinates":[[[102.56035930343914,-4.1129665473525305],[102.56368435514894,-4.114589233688718],[102.56112667425667,-4.115192416178984],[102.56035930343914,-4.1129665473525305]]]}},{"type":"Feature","properties":{"code":"1705112004","desa":"Pasar Seluma","kecamatan":"Seluma Selatan","kecCode":"170511"},"geometry":{"type":"Polygon","coordinates":[[[102.45695535080887,-4.098544950688461],[102.45681348455474,-4.074742732615678],[102.50447124784988,-4.1094037355819655],[102.51233814209166,-4.109473560744212],[102.52102087521324,-4.1164421563610265],[102.50763529393372,-4.125275900034032],[102.52996128568485,-4.136191943862825],[102.52702005383247,-4.149806776706733],[102.45695535080887,-4.098544950688461]]]}},{"type":"Feature","properties":{"code":"1705112005","desa":"Padang Genting","kecamatan":"Seluma Selatan","kecCode":"170511"},"geometry":{"type":"Polygon","coordinates":[[[102.56489015175912,-4.138618210419273],[102.55850855622492,-4.158267561635072],[102.57248414312873,-4.1574652854318686],[102.56358031078275,-4.175216856691132],[102.5455957449477,-4.163545634154576],[102.54610622622141,-4.129336725776216],[102.56489015175912,-4.138618210419273]]]}},{"type":"Feature","properties":{"code":"1705112005","desa":"Padang Genting","kecamatan":"Seluma Selatan","kecCode":"170511"},"geometry":{"type":"Polygon","coordinates":[[[102.54191398344364,-4.113307432675769],[102.55355276744632,-4.11044193363527],[102.55698918040638,-4.121496268912932],[102.54269086728975,-4.123529768257305],[102.54191398344364,-4.113307432675769]]]}},{"type":"Feature","properties":{"code":"1705112006","desa":"Sengkuang","kecamatan":"Seluma Selatan","kecCode":"170511"},"geometry":{"type":"Polygon","coordinates":[[[102.55779100694946,-4.105022719715404],[102.57125178144463,-4.100924125145219],[102.57927827926926,-4.10875240608737],[102.56763726494789,-4.11441696405439],[102.55779100694946,-4.105022719715404]]]}},{"type":"Feature","properties":{"code":"1705112007","desa":"Tangga Batu","kecamatan":"Seluma Selatan","kecCode":"170511"},"geometry":{"type":"Polygon","coordinates":[[[102.54555040023085,-4.110435361389761],[102.54930794130847,-4.103261255397142],[102.55735526473374,-4.104773021150913],[102.56543357789735,-4.120232317643909],[102.55698918040638,-4.121496268912932],[102.55472868498087,-4.1115211443711095],[102.54555040023085,-4.110435361389761]]]}},{"type":"Feature","properties":{"code":"1705112009","desa":"Tanjung Seluai","kecamatan":"Seluma Selatan","kecCode":"170511"},"geometry":{"type":"Polygon","coordinates":[[[102.52278224780257,-4.0764435781314425],[102.53502572155985,-4.077098685677937],[102.53326817288792,-4.086499890769548],[102.50950460765159,-4.111769471469467],[102.50367112282412,-4.106192631576091],[102.50666355397988,-4.096187553314926],[102.52278224780257,-4.0764435781314425]]]}},{"type":"Feature","properties":{"code":"1705112012","desa":"Padang Merbau","kecamatan":"Seluma Selatan","kecCode":"170511"},"geometry":{"type":"Polygon","coordinates":[[[102.52702005383247,-4.149806776706733],[102.53929624132853,-4.118613992120347],[102.54269086728975,-4.123529768257305],[102.55486225768709,-4.122170635441026],[102.55568455279996,-4.132880590629961],[102.54610622622141,-4.129336725776216],[102.5455957449477,-4.163545634154576],[102.52702005383247,-4.149806776706733]]]}},{"type":"Feature","properties":{"code":"1705122001","desa":"Pering Baru","kecamatan":"Talo Kecil","kecCode":"170512"},"geometry":{"type":"Polygon","coordinates":[[[102.75441203778534,-4.253325094214006],[102.74532849931084,-4.281025352645098],[102.72555813260179,-4.301136686494905],[102.70540766023538,-4.282864361906042],[102.73089101880555,-4.248956453018833],[102.75441203778534,-4.253325094214006]]]}},{"type":"Feature","properties":{"code":"1705122002","desa":"Talang Padang","kecamatan":"Talo Kecil","kecCode":"170512"},"geometry":{"type":"Polygon","coordinates":[[[102.74879989769717,-4.208957715609116],[102.75192728381715,-4.210964254177899],[102.75062917809412,-4.215190230521141],[102.74879989769717,-4.208957715609116]]]}},{"type":"Feature","properties":{"code":"1705122002","desa":"Talang Padang","kecamatan":"Talo Kecil","kecCode":"170512"},"geometry":{"type":"Polygon","coordinates":[[[102.77265464519576,-4.1790244171576765],[102.77108132983955,-4.2052565413432275],[102.74782093169067,-4.189832749185187],[102.77265464519576,-4.1790244171576765]]]}},{"type":"Feature","properties":{"code":"1705122003","desa":"Suka Merindu","kecamatan":"Talo Kecil","kecCode":"170512"},"geometry":{"type":"Polygon","coordinates":[[[102.77108132983955,-4.2052565413432275],[102.76866861966111,-4.212919040360308],[102.75683618284363,-4.2129453940935075],[102.74457126385278,-4.224442037536698],[102.74782093169067,-4.189832749185187],[102.77108132983955,-4.2052565413432275]],[[102.75401431171117,-4.209574178387979],[102.74851740085744,-4.209556681178317],[102.75113631388983,-4.215369437525772],[102.75401431171117,-4.209574178387979]]]}},{"type":"Feature","properties":{"code":"1705122004","desa":"Napalan","kecamatan":"Talo Kecil","kecCode":"170512"},"geometry":{"type":"Polygon","coordinates":[[[102.7107191012056,-4.185929735576074],[102.72551070235708,-4.1707138630776495],[102.73582761964899,-4.180352706825085],[102.71653804669359,-4.199218849263767],[102.7107191012056,-4.185929735576074]]]}},{"type":"Feature","properties":{"code":"1705122005","desa":"Taba","kecamatan":"Talo Kecil","kecCode":"170512"},"geometry":{"type":"Polygon","coordinates":[[[102.74342965005836,-4.195137047734151],[102.74463328200044,-4.2242759471441875],[102.73579261623632,-4.247774640429505],[102.73018017757317,-4.240267383283191],[102.73660590373953,-4.219205402179758],[102.72466177921778,-4.21517780368914],[102.74342965005836,-4.195137047734151]]]}},{"type":"Feature","properties":{"code":"1705122006","desa":"Bakal Dalam","kecamatan":"Talo Kecil","kecCode":"170512"},"geometry":{"type":"Polygon","coordinates":[[[102.71396515916483,-4.202852437679255],[102.73582761964899,-4.180352706825085],[102.74457016488127,-4.1880429571218585],[102.75211806959328,-4.18458456113725],[102.72466177921778,-4.21517780368914],[102.71208910233024,-4.213067611060062],[102.71396515916483,-4.202852437679255]]]}},{"type":"Feature","properties":{"code":"1705122007","desa":"Lubuk Lagan","kecamatan":"Talo Kecil","kecCode":"170512"},"geometry":{"type":"Polygon","coordinates":[[[102.74457016488127,-4.1880429571218585],[102.72260072464375,-4.168611126727659],[102.729388747193,-4.157180576260162],[102.75039444244963,-4.157194697414941],[102.7853500561602,-4.135522795201296],[102.78740174789242,-4.1449639131045535],[102.7688885902363,-4.170956553225398],[102.77025249575615,-4.180836833465728],[102.74457016488127,-4.1880429571218585]]]}},{"type":"Feature","properties":{"code":"1705122008","desa":"Sungai Petai","kecamatan":"Talo Kecil","kecCode":"170512"},"geometry":{"type":"Polygon","coordinates":[[[102.7276306904041,-4.158463993354827],[102.72346304408427,-4.153270297028345],[102.73041759499608,-4.1455342505551105],[102.76390447730984,-4.1301483953982645],[102.75839553982233,-4.1389134461554695],[102.76371271666858,-4.1506527437736045],[102.7276306904041,-4.158463993354827]]]}},{"type":"Feature","properties":{"code":"1705122009","desa":"Suka Bulan","kecamatan":"Talo Kecil","kecCode":"170512"},"geometry":{"type":"Polygon","coordinates":[[[102.76866861966111,-4.212919040360308],[102.75441203778534,-4.253325094214006],[102.73579261623632,-4.247774640429505],[102.74569432373409,-4.220780960443502],[102.74835053524907,-4.224260450925974],[102.75683618284363,-4.2129453940935075],[102.76866861966111,-4.212919040360308]]]}},{"type":"Feature","properties":{"code":"1705122010","desa":"Tebat Sibun","kecamatan":"Talo Kecil","kecCode":"170512"},"geometry":{"type":"Polygon","coordinates":[[[102.72049218136912,-4.2400970346006615],[102.71208910233024,-4.213067611060062],[102.73647964881678,-4.218907281418472],[102.73018017757317,-4.240267383283191],[102.72049218136912,-4.2400970346006615]]]}},{"type":"Feature","properties":{"code":"1705122011","desa":"Batu Balai","kecamatan":"Talo Kecil","kecCode":"170512"},"geometry":{"type":"Polygon","coordinates":[[[102.7625534896519,-4.1302087506993725],[102.77606910300675,-4.127620312096491],[102.7742891908935,-4.120365399320133],[102.78211446720894,-4.122808858216149],[102.7853500561602,-4.135522795201296],[102.76396977528496,-4.149484449793235],[102.75840315258347,-4.140156990907948],[102.7625534896519,-4.1302087506993725]]]}},{"type":"Feature","properties":{"code":"1705132001","desa":"Pagar","kecamatan":"Ulu Talo","kecCode":"170513"},"geometry":{"type":"Polygon","coordinates":[[[102.71361780501775,-4.1235735922205965],[102.69935909534603,-4.113615940606759],[102.67076502138866,-4.063075865495826],[102.6798118783156,-4.06172047565786],[102.70364675529355,-4.0748755247102055],[102.72889574064595,-4.100539716232307],[102.72255874878725,-4.120001507540345],[102.71361780501775,-4.1235735922205965]]]}},{"type":"Feature","properties":{"code":"1705132002","desa":"Muara Simpur","kecamatan":"Ulu Talo","kecCode":"170513"},"geometry":{"type":"Polygon","coordinates":[[[102.74093560159679,-4.084371511150796],[102.73131692603538,-4.085188820421372],[102.73817277725192,-4.067597073977978],[102.74402700674102,-4.069108157146371],[102.74093560159679,-4.084371511150796]]]}},{"type":"Feature","properties":{"code":"1705132003","desa":"Pagar Agung","kecamatan":"Ulu Talo","kecCode":"170513"},"geometry":{"type":"Polygon","coordinates":[[[102.76856583074857,-4.106300953117789],[102.73761809340033,-4.111284984200678],[102.73579805623534,-4.1022309560893495],[102.72688183662751,-4.113041935720939],[102.73495481141548,-4.102585479631419],[102.73130484993891,-4.098709920525758],[102.736640526739,-4.099719818712919],[102.73078806531703,-4.088222669850748],[102.74093560159679,-4.084371511150796],[102.76856583074857,-4.106300953117789]]]}},{"type":"Feature","properties":{"code":"1705132004","desa":"Pagar Banyu","kecamatan":"Ulu Talo","kecCode":"170513"},"geometry":{"type":"Polygon","coordinates":[[[102.74039794730747,-4.0840231497634045],[102.74402700674102,-4.069108157146371],[102.73117085275271,-4.06051218432956],[102.7310138086404,-4.0497237084335005],[102.73575369357815,-4.049366789996851],[102.73180225956666,-4.04630863638919],[102.73634250490272,-4.047920652269339],[102.73748885272839,-4.060129751227142],[102.75482717383505,-4.060524021206319],[102.7652742428121,-4.052761266667065],[102.76910400394665,-4.060730452487898],[102.74993746634107,-4.075033703766753],[102.7461541039288,-4.087598855114173],[102.74039794730747,-4.0840231497634045]]]}},{"type":"Feature","properties":{"code":"1705132004","desa":"Pagar Banyu","kecamatan":"Ulu Talo","kecCode":"170513"},"geometry":{"type":"Polygon","coordinates":[[[102.73065238190195,-4.046217041338236],[102.7264770292915,-4.022355667660034],[102.74013816374531,-4.022630767575688],[102.7466287049508,-4.036364995313522],[102.73077346932023,-4.037504341915897],[102.73065238190195,-4.046217041338236]]]}},{"type":"Feature","properties":{"code":"1705132005","desa":"Simpur Ijang","kecamatan":"Ulu Talo","kecCode":"170513"},"geometry":{"type":"Polygon","coordinates":[[[102.68527774097504,-4.044947200409144],[102.6691791344096,-4.036765483205282],[102.66975433179704,-4.022821309635334],[102.68153329312702,-4.006298761775545],[102.69389608173883,-4.010135306492273],[102.70123303967313,-4.04818607188243],[102.71400377875146,-4.051034351603797],[102.69615179367042,-4.057687901218342],[102.70364675529355,-4.0748755247102055],[102.6798118783156,-4.06172047565786],[102.67076502138866,-4.063075865495826],[102.68527774097504,-4.044947200409144]]]}},{"type":"Feature","properties":{"code":"1705132006","desa":"Air Keruh","kecamatan":"Ulu Talo","kecCode":"170513"},"geometry":{"type":"Polygon","coordinates":[[[102.72059239642205,-4.089595300591628],[102.70534335691046,-4.076570787234762],[102.72263657072125,-4.073849286740791],[102.72968060417662,-4.064662631110855],[102.72638125059426,-4.049209998594226],[102.73078103441723,-4.04487826557576],[102.73575369357815,-4.049366789996851],[102.7310138086404,-4.0497237084335005],[102.73117085275271,-4.06051218432956],[102.73987157231527,-4.06239397254151],[102.73816299082944,-4.074836464455856],[102.72755507360785,-4.077888038623416],[102.73024799544866,-4.081316626578764],[102.72059239642205,-4.089595300591628]]]}},{"type":"Feature","properties":{"code":"1705132006","desa":"Air Keruh","kecamatan":"Ulu Talo","kecCode":"170513"},"geometry":{"type":"Polygon","coordinates":[[[102.72621800475717,-4.032637898989051],[102.71284548882828,-4.027158186775939],[102.71163574509363,-4.021890636324381],[102.7264770292915,-4.022355667660034],[102.72621800475717,-4.032637898989051]]]}},{"type":"Feature","properties":{"code":"1705132007","desa":"Hargo Binangun","kecamatan":"Ulu Talo","kecCode":"170513"},"geometry":{"type":"Polygon","coordinates":[[[102.70534335691046,-4.076570787234762],[102.69615179367042,-4.057687901218342],[102.71386013094036,-4.050768735938424],[102.72403176185638,-4.056878304533689],[102.72688962655508,-4.049476683553496],[102.72968060417662,-4.064662631110855],[102.72263657072125,-4.073849286740791],[102.70534335691046,-4.076570787234762]]]}},{"type":"Feature","properties":{"code":"1705132008","desa":"Mekar Jaya","kecamatan":"Ulu Talo","kecCode":"170513"},"geometry":{"type":"Polygon","coordinates":[[[102.69389608173883,-4.010135306492273],[102.70229335835188,-4.010573244851975],[102.70511406666087,-4.021989674164643],[102.72621800475717,-4.032637898989051],[102.72980117988061,-4.044847464695008],[102.7244005792234,-4.056723639128332],[102.70123303967313,-4.04818607188243],[102.69389608173883,-4.010135306492273]]]}},{"type":"Feature","properties":{"code":"1705132009","desa":"Giri Nanto","kecamatan":"Ulu Talo","kecCode":"170513"},"geometry":{"type":"Polygon","coordinates":[[[102.7793855392113,-3.9408522717814187],[102.79285958230395,-3.9600901840608183],[102.81718717984454,-3.967501107628248],[102.8170705971304,-3.97864997963926],[102.84518521912263,-3.9771697045461893],[102.85448327738139,-3.9848990402782576],[102.83099393881929,-4.01468111772763],[102.83138094767263,-4.033906438599124],[102.80293320690201,-4.052541937308709],[102.81041330542973,-4.073940872798586],[102.7979347605808,-4.095364148439572],[102.80934648465262,-4.114712437211662],[102.79947034038395,-4.125100469282698],[102.79662955920685,-4.113362565613748],[102.786623774068,-4.118300392227959],[102.77444604165157,-4.1014073803428035],[102.77249669726483,-4.090995621458232],[102.78028509058451,-4.082770057808068],[102.76859800939069,-4.0698670419602525],[102.7663432390493,-4.053818626575136],[102.75628210693372,-4.054983514822903],[102.75482717383505,-4.060524021206319],[102.73748885272839,-4.060129751227142],[102.73077346932023,-4.037504341915897],[102.7466287049508,-4.036364995313522],[102.74013816374531,-4.022630767575688],[102.70747663783662,-4.023620580304254],[102.70172741768624,-4.016245635014583],[102.7793855392113,-3.9408522717814187]]]}},{"type":"Feature","properties":{"code":"1705132010","desa":"Banyu Kencana","kecamatan":"Ulu Talo","kecCode":"170513"},"geometry":{"type":"Polygon","coordinates":[[[102.7735533080388,-4.120472105679496],[102.76757178940657,-4.095772284166022],[102.80160501076266,-4.12999985257741],[102.79132634163744,-4.135334560801996],[102.78426046634753,-4.1227707566390155],[102.7735533080388,-4.120472105679496]]]}},{"type":"Feature","properties":{"code":"1705132011","desa":"Muara Nibung","kecamatan":"Ulu Talo","kecCode":"170513"},"geometry":{"type":"Polygon","coordinates":[[[102.7461541039288,-4.087598855114173],[102.74980366071043,-4.075202672889208],[102.76672348230294,-4.059425633327156],[102.77291486672777,-4.074330760381386],[102.7547702035821,-4.075137701368066],[102.7461541039288,-4.087598855114173]]]}},{"type":"Feature","properties":{"code":"1705132012","desa":"Tanjung Agung","kecamatan":"Ulu Talo","kecCode":"170513"},"geometry":{"type":"Polygon","coordinates":[[[102.73094907364089,-4.103947581109815],[102.72059239642205,-4.089595300591628],[102.73024799544866,-4.081316626578764],[102.72755507360785,-4.077888038623416],[102.73816299082944,-4.074836464455856],[102.72943042087729,-4.094165740660514],[102.736640526739,-4.099719818712919],[102.73176399701089,-4.098313153129233],[102.73094907364089,-4.103947581109815]]]}},{"type":"Feature","properties":{"code":"1705132013","desa":"Giri Mulya","kecamatan":"Ulu Talo","kecCode":"170513"},"geometry":{"type":"Polygon","coordinates":[[[102.76834633591473,-4.1042934567710505],[102.7461541039288,-4.087598855114173],[102.7547702035821,-4.075137701368066],[102.7670058028756,-4.071447357637613],[102.78028509058451,-4.082770057808068],[102.77371840558004,-4.095260695827462],[102.76757178940657,-4.095772284166022],[102.76834633591473,-4.1042934567710505]]]}},{"type":"Feature","properties":{"code":"1705142001","desa":"Pasar Talo","kecamatan":"Ilir Talo","kecCode":"170514"},"geometry":{"type":"Polygon","coordinates":[[[102.71314988865652,-4.274968313450488],[102.70540766023538,-4.282864361906042],[102.67074256082059,-4.257309366965816],[102.67431780032625,-4.252740926089799],[102.6847528597567,-4.258973476075407],[102.6807947437825,-4.2396623382969345],[102.71314988865652,-4.274968313450488]]]}},{"type":"Feature","properties":{"code":"1705142002","desa":"Dusun Baru","kecamatan":"Ilir Talo","kecCode":"170514"},"geometry":{"type":"Polygon","coordinates":[[[102.73579261623632,-4.247774640429505],[102.72137206726717,-4.256289723724941],[102.72316973379621,-4.2634996928821645],[102.69662118222185,-4.24587964027732],[102.69605945128272,-4.2526900550390065],[102.68039425768887,-4.236175664030004],[102.71959352302274,-4.244250519291859],[102.73250338632226,-4.240396511539736],[102.73579261623632,-4.247774640429505]]]}},{"type":"Feature","properties":{"code":"1705142003","desa":"Talang Kabu","kecamatan":"Ilir Talo","kecCode":"170514"},"geometry":{"type":"Polygon","coordinates":[[[102.65733294605865,-4.18782342361741],[102.67487322971584,-4.184079286039444],[102.67188217991871,-4.190840888298432],[102.68480200500858,-4.204930713368974],[102.67627077257816,-4.219870492201007],[102.6456736368289,-4.229856889744683],[102.64004493032932,-4.2184413264790575],[102.65713835075434,-4.192704060544122],[102.64218157471998,-4.187542809058949],[102.64630174223167,-4.17656353479649],[102.65733294605865,-4.18782342361741]],[[102.65450362494236,-4.203687904261935],[102.65203343369609,-4.2137953865258035],[102.6606304767152,-4.212920664535903],[102.65450362494236,-4.203687904261935]]]}},{"type":"Feature","properties":{"code":"1705142003","desa":"Talang Kabu","kecamatan":"Ilir Talo","kecCode":"170514"},"geometry":{"type":"Polygon","coordinates":[[[102.60640516236839,-4.190100485451977],[102.60737480870051,-4.19689172756692],[102.59741983165998,-4.190271735255107],[102.60640516236839,-4.190100485451977]]]}},{"type":"Feature","properties":{"code":"1705142004","desa":"Tanah Abang","kecamatan":"Ilir Talo","kecCode":"170514"},"geometry":{"type":"Polygon","coordinates":[[[102.5815492104278,-4.157538401213488],[102.57755102785775,-4.1622719027583654],[102.58516498867333,-4.166836823687883],[102.58020007177595,-4.173532182784374],[102.56846498567063,-4.165478463389194],[102.57248414312873,-4.1574652854318686],[102.5815492104278,-4.157538401213488]]]}},{"type":"Feature","properties":{"code":"1705142004","desa":"Tanah Abang","kecamatan":"Ilir Talo","kecCode":"170514"},"geometry":{"type":"Polygon","coordinates":[[[102.64723343132786,-4.172064778389146],[102.64218157471998,-4.187542809058949],[102.61441607044537,-4.175771044116383],[102.60640516236839,-4.190100485451977],[102.60010408403632,-4.18685424133645],[102.6094115698881,-4.170683083780602],[102.58636264192245,-4.160001169453029],[102.62260163765552,-4.140359085658635],[102.62379656416014,-4.159414074035527],[102.64052816844026,-4.162381744154301],[102.64723343132786,-4.172064778389146]]]}},{"type":"Feature","properties":{"code":"1705142004","desa":"Tanah Abang","kecamatan":"Ilir Talo","kecCode":"170514"},"geometry":{"type":"Polygon","coordinates":[[[102.63559177174294,-4.136126208817296],[102.6328578129378,-4.134792707578641],[102.63637559026135,-4.132883488245635],[102.63559177174294,-4.136126208817296]]]}},{"type":"Feature","properties":{"code":"1705142005","desa":"Penago Baru","kecamatan":"Ilir Talo","kecCode":"170514"},"geometry":{"type":"Polygon","coordinates":[[[102.55946203544465,-4.174551448309995],[102.61445226905704,-4.205401061496563],[102.61726483040762,-4.201251726277299],[102.60640516236839,-4.190100485451977],[102.61554353970263,-4.189947674448698],[102.64037062970083,-4.217918045155211],[102.63822912897119,-4.229391269353096],[102.55946203544465,-4.174551448309995]]]}},{"type":"Feature","properties":{"code":"1705142006","desa":"Nanti Agung","kecamatan":"Ilir Talo","kecCode":"170514"},"geometry":{"type":"Polygon","coordinates":[[[102.69442781579112,-4.219858608559468],[102.70380969266324,-4.226701880951401],[102.70964963102568,-4.218923366692532],[102.71506473774751,-4.221688135368746],[102.72050152892245,-4.243765196552963],[102.68465900740732,-4.236103356738942],[102.69442781579112,-4.219858608559468]]]}},{"type":"Feature","properties":{"code":"1705142007","desa":"Talang Panjang","kecamatan":"Ilir Talo","kecCode":"170514"},"geometry":{"type":"Polygon","coordinates":[[[102.681166363437,-4.211568864791551],[102.69442781579112,-4.219858608559468],[102.68465900740732,-4.236103356738942],[102.67692399424696,-4.224256568552671],[102.66341496572812,-4.225445271747564],[102.65752210226329,-4.232939113706908],[102.65189149189888,-4.228067943943329],[102.65889817830833,-4.221436253250401],[102.67627077257816,-4.219870492201007],[102.681166363437,-4.211568864791551]]]}},{"type":"Feature","properties":{"code":"1705142008","desa":"Penago I","kecamatan":"Ilir Talo","kecCode":"170514"},"geometry":{"type":"Polygon","coordinates":[[[102.68061405739292,-4.236746949365976],[102.67074256082059,-4.257309366965816],[102.63822909929353,-4.234120417279987],[102.64009739857613,-4.2249135403937945],[102.68061405739292,-4.236746949365976]]]}},{"type":"Feature","properties":{"code":"1705142009","desa":"Penago II","kecamatan":"Ilir Talo","kecCode":"170514"},"geometry":{"type":"Polygon","coordinates":[[[102.65558896186114,-4.205047068554508],[102.66083599158782,-4.211587547307675],[102.65553321468616,-4.2146466173245205],[102.64900588671235,-4.2115987249814335],[102.65558896186114,-4.205047068554508]]]}},{"type":"Feature","properties":{"code":"1705142009","desa":"Penago II","kecamatan":"Ilir Talo","kecCode":"170514"},"geometry":{"type":"Polygon","coordinates":[[[102.64218157471998,-4.187542809058949],[102.65713835075434,-4.192704060544122],[102.64037062970083,-4.217918045155211],[102.6333935004098,-4.214787320755132],[102.64375430102024,-4.203492721700508],[102.64218157471998,-4.187542809058949]]]}},{"type":"Feature","properties":{"code":"1705142010","desa":"Rawah Indah","kecamatan":"Ilir Talo","kecCode":"170514"},"geometry":{"type":"Polygon","coordinates":[[[102.5815492104278,-4.157538401213488],[102.6094115698881,-4.170683083780602],[102.59741983165998,-4.190271735255107],[102.61726483040762,-4.201251726277299],[102.61445226905704,-4.205401061496563],[102.56358031078275,-4.175216856691132],[102.56846498567063,-4.165478463389194],[102.58020007177595,-4.173532182784374],[102.58516498867333,-4.166836823687883],[102.57755102785775,-4.1622719027583654],[102.5815492104278,-4.157538401213488]]]}},{"type":"Feature","properties":{"code":"1705142011","desa":"Padang Cekur","kecamatan":"Ilir Talo","kecCode":"170514"},"geometry":{"type":"Polygon","coordinates":[[[102.68465900740732,-4.236103356738942],[102.67975879493251,-4.236811801277314],[102.65752210226329,-4.232939113706908],[102.66341496572812,-4.225445271747564],[102.67692399424696,-4.224256568552671],[102.68465900740732,-4.236103356738942]]]}},{"type":"Feature","properties":{"code":"1705142012","desa":"Padang Batu","kecamatan":"Ilir Talo","kecCode":"170514"},"geometry":{"type":"Polygon","coordinates":[[[102.72316973379621,-4.2634996928821645],[102.71314988865652,-4.274968313450488],[102.69464032469132,-4.246255770930781],[102.69728597366878,-4.2460267046127],[102.72316973379621,-4.2634996928821645]]]}},{"type":"Feature","properties":{"code":"1705142013","desa":"Paluah Terap","kecamatan":"Ilir Talo","kecCode":"170514"},"geometry":{"type":"Polygon","coordinates":[[[102.60931292055488,-4.1871898044718305],[102.61441607044537,-4.175771044116383],[102.64218157471998,-4.187542809058949],[102.62372576143478,-4.196381332628695],[102.60931292055488,-4.1871898044718305]]]}},{"type":"Feature","properties":{"code":"1705142014","desa":"Margo Sari","kecamatan":"Ilir Talo","kecCode":"170514"},"geometry":{"type":"Polygon","coordinates":[[[102.67781311977971,-4.243124505138851],[102.68687897578417,-4.249542671597288],[102.68441833084138,-4.25943348020083],[102.67145603886519,-4.250526543404537],[102.67781311977971,-4.243124505138851]]]}},{"type":"Feature","properties":{"code":"1705142015","desa":"Mekar Sari","kecamatan":"Ilir Talo","kecCode":"170514"},"geometry":{"type":"Polygon","coordinates":[[[102.6333935004098,-4.214787320755132],[102.62309309467065,-4.197192920412357],[102.64218157471998,-4.187542809058949],[102.64375430102024,-4.203492721700508],[102.6333935004098,-4.214787320755132]]]}}]}