{"type":"FeatureCollection","features":[{"type":"Feature","properties":{"code":"1813011005","desa":"Pasar Krui","kecamatan":"Pesisir Tengah","kecCode":"181301","kabCode":"1813","province":"Lampung"},"geometry":{"type":"Polygon","coordinates":[[[103.94541776901491,-5.181334780550122],[103.94872077834127,-5.192821746389187],[103.93358652200044,-5.190125135532022],[103.93024585805993,-5.183907512493469],[103.93494405042765,-5.182752043744773],[103.93608722184786,-5.179188729253078],[103.94164680735433,-5.182348437004187],[103.94541776901491,-5.181334780550122]]]}},{"type":"Feature","properties":{"code":"1813011008","desa":"Pasar Kota Krui","kecamatan":"Pesisir Tengah","kecCode":"181301","kabCode":"1813","province":"Lampung"},"geometry":{"type":"Polygon","coordinates":[[[103.94541776901491,-5.181334780550122],[103.94164680735433,-5.182348437004187],[103.93608722184786,-5.179188729253078],[103.93587682995178,-5.169930403051719],[103.94031666867936,-5.171220609128527],[103.94541776901491,-5.181334780550122]]]}},{"type":"Feature","properties":{"code":"1813012001","desa":"Way Redak","kecamatan":"Pesisir Tengah","kecCode":"181301","kabCode":"1813","province":"Lampung"},"geometry":{"type":"Polygon","coordinates":[[[103.93583509331495,-5.218654588674669],[103.9350387940052,-5.2160614825903275],[103.92711162000529,-5.211695765990237],[103.91752001313812,-5.2089546261013755],[103.9169742964267,-5.204937794294074],[103.92090478792568,-5.202827258123968],[103.93075086066376,-5.207136428051814],[103.93959553920286,-5.213599339379471],[103.93583509331495,-5.218654588674669]]]}},{"type":"Feature","properties":{"code":"1813012002","desa":"Serai","kecamatan":"Pesisir Tengah","kecCode":"181301","kabCode":"1813","province":"Lampung"},"geometry":{"type":"Polygon","coordinates":[[[103.93583509331495,-5.218654588674669],[103.93959553920286,-5.213599339379471],[103.92090478792568,-5.202827258123968],[103.92857327913354,-5.19354435794769],[103.93474777968635,-5.197903024762254],[103.93725040408292,-5.195484736091669],[103.93986543204409,-5.204634656215032],[103.94302656522387,-5.204588264687324],[103.94585453375974,-5.2079254500468],[103.95407243519479,-5.208701676487661],[103.94388582786871,-5.2141932372690025],[103.9426960967475,-5.217262742119628],[103.93583509331495,-5.218654588674669]]]}},{"type":"Feature","properties":{"code":"1813012003","desa":"Kampung Jawa","kecamatan":"Pesisir Tengah","kecCode":"181301","kabCode":"1813","province":"Lampung"},"geometry":{"type":"Polygon","coordinates":[[[103.93186164210117,-5.188335240046546],[103.93794855767986,-5.1914818293869756],[103.9382697847228,-5.194426412110293],[103.93474777968635,-5.197903024762254],[103.92857327913354,-5.19354435794769],[103.93186164210117,-5.188335240046546]]]}},{"type":"Feature","properties":{"code":"1813012004","desa":"Rawas","kecamatan":"Pesisir Tengah","kecCode":"181301","kabCode":"1813","province":"Lampung"},"geometry":{"type":"Polygon","coordinates":[[[103.93742902293108,-5.190039542556372],[103.97835883029585,-5.198238271336301],[103.98168353306862,-5.1992565781846505],[103.98219418701217,-5.202854953645709],[103.96893743361572,-5.207553807010249],[103.96191489935319,-5.203507290380931],[103.95540019876022,-5.208823812515286],[103.94585453375974,-5.2079254500468],[103.93941333385833,-5.203961269048689],[103.93742902293108,-5.190039542556372]]]}},{"type":"Feature","properties":{"code":"1813012006","desa":"Suka Negara","kecamatan":"Pesisir Tengah","kecCode":"181301","kabCode":"1813","province":"Lampung"},"geometry":{"type":"Polygon","coordinates":[[[103.94541776901491,-5.181334780550122],[103.94453746942871,-5.176772479345503],[103.94031666867936,-5.171220609128527],[103.9474792273845,-5.171329628544133],[103.94557048289151,-5.1767460149956985],[103.94967155329958,-5.17665872410004],[103.94983730644655,-5.179844142569045],[103.94541776901491,-5.181334780550122]]]}},{"type":"Feature","properties":{"code":"1813012007","desa":"Pahmungan","kecamatan":"Pesisir Tengah","kecCode":"181301","kabCode":"1813","province":"Lampung"},"geometry":{"type":"Polygon","coordinates":[[[104.00313889024767,-5.098499993239127],[104.0238333328421,-5.09197221651029],[104.03197222164077,-5.094527772301934],[104.0459166668208,-5.093916661388578],[104.06311111078917,-5.099333327529227],[104.07300105785258,-5.107165327168235],[104.08144444360624,-5.118888883053654],[104.08244437910486,-5.136971276223117],[104.07720647569833,-5.145193005164393],[104.07419118917208,-5.143709439451871],[104.07171161889613,-5.145228345822773],[104.06631870204653,-5.155756357370517],[104.07035351310418,-5.169257541089384],[104.07804179928968,-5.171474943698131],[104.07757812682917,-5.1744101545864405],[104.07322384690308,-5.172908007981149],[104.06198463618203,-5.186383476485522],[104.05013085665377,-5.189554949167627],[104.04890389090188,-5.193842837538536],[104.04162280514839,-5.194011316530485],[104.03402824810524,-5.204081259293878],[104.01721522820026,-5.205372676757521],[104.01292267504147,-5.209762368384032],[103.99974758818068,-5.213740880978292],[103.99222942314941,-5.2192584123815955],[103.99617973031036,-5.212085104087318],[103.99429059193733,-5.206625567264761],[103.99662978973303,-5.203504837030402],[103.99358165007317,-5.19883321603665],[103.99270526523588,-5.19012554472351],[103.98037212907059,-5.194705671390414],[103.97944784724041,-5.198770342633816],[103.94872077834127,-5.192821746389187],[103.9451379269738,-5.18341990637589],[103.9500183867392,-5.178599988975528],[103.94566135039103,-5.175610948266913],[103.94632496912207,-5.171911599624624],[103.95410958888645,-5.1728953293390045],[103.95847894324866,-5.166617955343748],[103.98130506777471,-5.162615283362182],[103.99837195999798,-5.165763186612093],[103.99778004781103,-5.155235527598557],[104.00342894498986,-5.142283281062852],[104.01501700363188,-5.134858345158367],[104.01713180169132,-5.125504066690712],[104.00735622500986,-5.100020604724594],[104.00313889024767,-5.098499993239127]]]}},{"type":"Feature","properties":{"code":"1813022001","desa":"Negeri Ratu Tenumbang","kecamatan":"Pesisir Selatan","kecCode":"181302","kabCode":"1813","province":"Lampung"},"geometry":{"type":"Polygon","coordinates":[[[104.08244437910486,-5.136971276223117],[104.08993330178049,-5.147597128613421],[104.12077777807207,-5.174777772257475],[104.11345384681766,-5.179073374113625],[104.0988796477776,-5.1802631043342995],[104.08936180510328,-5.183832297694216],[104.08995666976453,-5.196324466360142],[104.0718132800589,-5.197514196580798],[104.06675692459248,-5.199893656122808],[104.05039813066924,-5.224283133290544],[104.03190370679067,-5.2331000542457415],[104.02726898317707,-5.238437678072616],[104.02421038530109,-5.236503550216837],[104.01760846395949,-5.240025589424009],[104.01874948779867,-5.242904231157015],[104.01381497697969,-5.247271735609335],[104.01154619430152,-5.253861238206048],[104.00172810666686,-5.258941726075158],[104.00099620780877,-5.26521804516559],[103.99692161973701,-5.267785584423475],[103.98227843819943,-5.2553535309396535],[103.98764765431586,-5.240683679122395],[103.98513375421942,-5.233095140350122],[103.98815091133552,-5.231867338230012],[103.99222942314941,-5.2192584123815955],[103.99974758818068,-5.213740880978292],[104.01292267504147,-5.209762368384032],[104.01721522820026,-5.205372676757521],[104.03402824810524,-5.204081259293878],[104.04162280514839,-5.194011316530485],[104.04890389090188,-5.193842837538536],[104.05013085665377,-5.189554949167627],[104.06198463618203,-5.186383476485522],[104.07322384690308,-5.172908007981149],[104.07757812682917,-5.1744101545864405],[104.07804179928968,-5.171474943698131],[104.07035351310418,-5.169257541089384],[104.06631870204653,-5.155756357370517],[104.07171161889613,-5.145228345822773],[104.07419118917208,-5.143709439451871],[104.07720647569833,-5.145193005164393],[104.08244437910486,-5.136971276223117]]]}},{"type":"Feature","properties":{"code":"1813022002","desa":"Sukarame","kecamatan":"Pesisir Selatan","kecCode":"181302","kabCode":"1813","province":"Lampung"},"geometry":{"type":"Polygon","coordinates":[[[104.12077777807207,-5.174777772257475],[104.13262083228561,-5.181575831233805],[104.12505371985333,-5.186509189116923],[104.11553587627975,-5.2073294720254415],[104.10512573436523,-5.221308806389921],[104.07686963372667,-5.232908679413877],[104.06229543558594,-5.2424265220784925],[104.00744113629946,-5.26104378343711],[104.00189000082291,-5.274370746892095],[103.99692161973701,-5.267785584423475],[104.00099620780877,-5.26521804516559],[104.00172810666686,-5.258941726075158],[104.01154619430152,-5.253861238206048],[104.01381497697969,-5.247271735609335],[104.01874948779867,-5.242904231157015],[104.01760846395949,-5.240025589424009],[104.02421038530109,-5.236503550216837],[104.02726898317707,-5.238437678072616],[104.03190370679067,-5.2331000542457415],[104.05039813066924,-5.224283133290544],[104.06675692459248,-5.199893656122808],[104.0718132800589,-5.197514196580798],[104.08995666976453,-5.196324466360142],[104.08936180510328,-5.183832297694216],[104.0988796477776,-5.1802631043342995],[104.11345384681766,-5.179073374113625],[104.12077777807207,-5.174777772257475]]]}},{"type":"Feature","properties":{"code":"1813022003","desa":"Pelita Jaya","kecamatan":"Pesisir Selatan","kecCode":"181302","kabCode":"1813","province":"Lampung"},"geometry":{"type":"Polygon","coordinates":[[[104.13262083228561,-5.181575831233805],[104.14925326472644,-5.1903560427623585],[104.14349454233933,-5.193647572239519],[104.13516642898759,-5.205544877144075],[104.1289203441986,-5.224580565171257],[104.12207939294967,-5.232611247533145],[104.10839749314981,-5.240641927197184],[104.09947451423751,-5.254621261561722],[104.08281828663466,-5.260867346344346],[104.07105588721947,-5.270566171275264],[104.07289131897926,-5.271942390311165],[104.06999014203147,-5.272210890102367],[104.06866069223724,-5.276072416186998],[104.0638362899129,-5.277195981486163],[104.0575206317718,-5.282443205460967],[104.05727498015625,-5.286219379588279],[104.04872490602962,-5.291683261935079],[104.04322659223352,-5.291559677099618],[104.03410416797304,-5.285316640119362],[104.02939532133705,-5.286667764472909],[104.03022210406691,-5.280778763602197],[104.02381012223941,-5.276390465025557],[104.01534489015462,-5.282906336529196],[104.0129862966803,-5.291614809138278],[104.0107373701336,-5.291249369625202],[104.01092161873777,-5.2852250225853705],[104.00882958431794,-5.2856045976422745],[104.00794006488212,-5.290988304529404],[104.00189000082291,-5.274370746892095],[104.0069392192696,-5.261401965421236],[104.06229543558594,-5.2424265220784925],[104.07686963372667,-5.232908679413877],[104.10006937799943,-5.224580565171257],[104.10899235781113,-5.21744218114934],[104.12505371985333,-5.186509189116923],[104.13262083228561,-5.181575831233805]]]}},{"type":"Feature","properties":{"code":"1813022004","desa":"Sumur Jaya","kecamatan":"Pesisir Selatan","kecCode":"181302","kabCode":"1813","province":"Lampung"},"geometry":{"type":"Polygon","coordinates":[[[104.14925326472644,-5.1903560427623585],[104.17825000023736,-5.20036110573544],[104.18007875632956,-5.204950012483427],[104.1744275362019,-5.224580565171257],[104.17383266884264,-5.234990706175867],[104.16966861441504,-5.2376676011958585],[104.15301238591292,-5.235288140754539],[104.12326912407087,-5.239452196976477],[104.10006937889877,-5.259082750563675],[104.08205708786436,-5.281713375943746],[104.08004568036392,-5.293792793562487],[104.08255386706736,-5.297481422285962],[104.07793408299158,-5.297739492639367],[104.07477126987828,-5.305673513169955],[104.05044885513063,-5.300198004387825],[104.01704129481992,-5.310679583938426],[104.0149486947265,-5.295542998368852],[104.01040630091012,-5.29594989123222],[104.01185857381421,-5.291376267563103],[104.01339026404952,-5.290797987300239],[104.01277310699334,-5.294504247232408],[104.02281979779548,-5.292981336180442],[104.02555725586274,-5.295162287468111],[104.02939532133705,-5.286667764472909],[104.03255709483416,-5.285299871360513],[104.04352495761076,-5.291608003069033],[104.04872490602962,-5.291683261935079],[104.05715665725397,-5.286312534963041],[104.0575206317718,-5.282443205460967],[104.07281948203352,-5.27208587804279],[104.07105588721947,-5.270566171275264],[104.08281828663466,-5.260867346344346],[104.09947451423751,-5.254621261561722],[104.10839749314981,-5.240641927197184],[104.12207939294967,-5.232611247533145],[104.1289203441986,-5.224580565171257],[104.13516642898759,-5.205544877144075],[104.14081764911526,-5.196621898240843],[104.14925326472644,-5.1903560427623585]]]}},{"type":"Feature","properties":{"code":"1813022005","desa":"Tanjung Jati","kecamatan":"Pesisir Selatan","kecCode":"181302","kabCode":"1813","province":"Lampung"},"geometry":{"type":"Polygon","coordinates":[[[104.00774546957778,-5.292853621658195],[104.00882958431794,-5.2856045976422745],[104.01092161873777,-5.2852250225853705],[104.01058564371255,-5.293314803895486],[104.00774546957778,-5.292853621658195]]]}},{"type":"Feature","properties":{"code":"1813022006","desa":"Pagar Dalam","kecamatan":"Pesisir Selatan","kecCode":"181302","kabCode":"1813","province":"Lampung"},"geometry":{"type":"MultiPolygon","coordinates":[[[[104.01185857381421,-5.291376267563103],[104.00992188109001,-5.296544429438989],[104.00675870914716,-5.295669836951446],[104.00774546957778,-5.292853621658195],[104.01185857381421,-5.291376267563103]]],[[[104.01277310699334,-5.294504247232408],[104.01534489015462,-5.282906336529196],[104.02381012223941,-5.276390465025557],[104.03022210406691,-5.280778763602197],[104.02555725586274,-5.295162287468111],[104.02281979779548,-5.292981336180442],[104.01277310699334,-5.294504247232408]]]]}},{"type":"Feature","properties":{"code":"1813022007","desa":"Tanjung Setia","kecamatan":"Pesisir Selatan","kecCode":"181302","kabCode":"1813","province":"Lampung"},"geometry":{"type":"MultiPolygon","coordinates":[[[[104.01965569415499,-5.30973841823711],[104.05044885513063,-5.300198004387825],[104.06343073524026,-5.302841990516183],[104.0703601096314,-5.305717749922014],[104.06868828703489,-5.306053281581122],[104.07090214631707,-5.308476793514228],[104.06815805574973,-5.311344565141646],[104.06727627587946,-5.308267902586852],[104.06451474116243,-5.308841098982175],[104.06023617965603,-5.315912638195164],[104.04135279629458,-5.310544306117735],[104.01965569415499,-5.30973841823711]]],[[[104.00321947040231,-5.2972133640619266],[104.0149486947265,-5.295542998368852],[104.01752056422269,-5.310861004174615],[103.99729924686282,-5.320833386683922],[103.99217419398394,-5.309172043199517],[104.00061134743578,-5.303397775137387],[104.00321947040231,-5.2972133640619266]]]]}},{"type":"Feature","properties":{"code":"1813022008","desa":"Biha","kecamatan":"Pesisir Selatan","kecCode":"181302","kabCode":"1813","province":"Lampung"},"geometry":{"type":"Polygon","coordinates":[[[104.01752056422269,-5.310861004174615],[104.02570921520815,-5.309331216006954],[104.02658702637022,-5.321159528521517],[104.03194431567765,-5.326447245370801],[104.02708815559394,-5.333549258111351],[104.01462399899839,-5.325232700156934],[104.0041234149637,-5.324908104253916],[103.99729924686282,-5.320833386683922],[104.01752056422269,-5.310861004174615]]]}},{"type":"Feature","properties":{"code":"1813022009","desa":"Way Jambu","kecamatan":"Pesisir Selatan","kecCode":"181302","kabCode":"1813","province":"Lampung"},"geometry":{"type":"Polygon","coordinates":[[[104.02708815559394,-5.333549258111351],[104.03078377924805,-5.328705129162835],[104.03348215727578,-5.331619354371195],[104.04231537935135,-5.3259453939920185],[104.05079187094816,-5.33653492995956],[104.0517198480926,-5.357194610138719],[104.04712164684655,-5.35977518956629],[104.037900989639,-5.359032422402054],[104.03342050155499,-5.365576963393194],[104.03001531485494,-5.363490842917255],[104.02625400471862,-5.35716491812203],[104.02818562616578,-5.350204698790454],[104.03160621195718,-5.347054736992398],[104.03164499971699,-5.341770994247194],[104.02708815559394,-5.333549258111351]]]}},{"type":"Feature","properties":{"code":"1813022010","desa":"Marang","kecamatan":"Pesisir Selatan","kecCode":"181302","kabCode":"1813","province":"Lampung"},"geometry":{"type":"Polygon","coordinates":[[[104.11705137512092,-5.388141055129838],[104.11682770473487,-5.391988644420753],[104.11255740799804,-5.392923484290761],[104.11243284110283,-5.39558400895158],[104.10811887778402,-5.395617322538061],[104.1057820011385,-5.402825912135488],[104.09961595331367,-5.400224434262224],[104.09228722507544,-5.402438004859783],[104.09229368580503,-5.408614513592447],[104.08801249378159,-5.4054246965392325],[104.07996663894932,-5.406567434485111],[104.07284699769087,-5.403272473194978],[104.07241001620933,-5.407687921404912],[104.06997880337912,-5.408202484700845],[104.06977724102688,-5.4005100193735895],[104.06427161574253,-5.394192028397503],[104.05889078398258,-5.3779498864526545],[104.04730300772768,-5.368119935870832],[104.05347648125466,-5.3617228054541055],[104.05430219828786,-5.363438565326753],[104.05916477233643,-5.362037274990926],[104.05859113077611,-5.364114163026797],[104.06200327822876,-5.366084357293817],[104.06289696422358,-5.364078688369367],[104.06600791073659,-5.365745284104512],[104.06469256411059,-5.361728881273841],[104.0665861199535,-5.363817920049836],[104.06778300787958,-5.36221762143652],[104.07498028401295,-5.364370647875396],[104.07571319730624,-5.367178083087497],[104.07850025927962,-5.366548954256881],[104.08283419384303,-5.361641191978476],[104.07993132706918,-5.359631259368253],[104.0880025391859,-5.354415401048297],[104.09078142272453,-5.355681994525536],[104.09244349936807,-5.353481411936933],[104.09456509900018,-5.355504074450759],[104.10306333620404,-5.3511474490971755],[104.10432445101266,-5.353907624036513],[104.1043705241804,-5.349652895467984],[104.10805425609908,-5.345793662654488],[104.1177862498356,-5.348167174080519],[104.11939238774858,-5.3414451968499],[104.12963238872385,-5.344149344925142],[104.1375955383035,-5.340590707807349],[104.13332532880094,-5.34742956093099],[104.13426238999739,-5.351919750896704],[104.12804102037683,-5.352675619384494],[104.12996464325373,-5.355696550952168],[104.12500143326957,-5.360450722515117],[104.13349367289474,-5.370091522288447],[104.13104379373611,-5.370298270131305],[104.13105807227225,-5.372529015082005],[104.12600766582118,-5.3713618902202604],[104.12035882529959,-5.38517148834075],[104.11705137512092,-5.388141055129838]]]}},{"type":"Feature","properties":{"code":"1813022011","desa":"Tanjung Raya","kecamatan":"Pesisir Selatan","kecCode":"181302","kabCode":"1813","province":"Lampung"},"geometry":{"type":"Polygon","coordinates":[[[104.1984697608708,-5.2074414412173295],[104.22263584197059,-5.218052969206122],[104.2395538334427,-5.244736062928721],[104.20829276419975,-5.26318627162015],[104.20254656037552,-5.26938755307783],[104.19963450702691,-5.281344646710606],[104.19055601824572,-5.290853400826673],[104.18510269303492,-5.292286149447636],[104.17922600837363,-5.297485328940914],[104.17196773302453,-5.296661243278757],[104.1501938881375,-5.30428265407049],[104.14451564428163,-5.32106399354071],[104.14014868391466,-5.3272233234236195],[104.140673431134,-5.335234272861261],[104.1375955383035,-5.340590707807349],[104.12963238872385,-5.344149344925142],[104.11939238774858,-5.3414451968499],[104.1177862498356,-5.348167174080519],[104.10805425609908,-5.345793662654488],[104.1043705241804,-5.349652895467984],[104.10432445101266,-5.353907624036513],[104.10306333620404,-5.3511474490971755],[104.09456509900018,-5.355504074450759],[104.09244349936807,-5.353481411936933],[104.09078142272453,-5.355681994525536],[104.0880025391859,-5.354415401048297],[104.07993132706918,-5.359631259368253],[104.08283419384303,-5.361641191978476],[104.07850025927962,-5.366548954256881],[104.07571319730624,-5.367178083087497],[104.07498028401295,-5.364370647875396],[104.06778300787958,-5.36221762143652],[104.0665861199535,-5.363817920049836],[104.06512657782933,-5.361743156212647],[104.06490727005449,-5.366310006188218],[104.06304548186358,-5.364085611350464],[104.0628206216744,-5.3660450973899625],[104.06040070972506,-5.365456178147324],[104.05902914288073,-5.36199444297991],[104.05592137637045,-5.363489555088108],[104.05306562327996,-5.361051116207727],[104.04959160876581,-5.36171260624278],[104.04820491982127,-5.359296751137609],[104.0517198480926,-5.357194610138719],[104.05123747512941,-5.335409472486847],[104.05534586511965,-5.3360279695321795],[104.05646763537311,-5.343388523870836],[104.06073421521194,-5.342595285854116],[104.0623049396213,-5.337649419300694],[104.07141606120234,-5.336339486594706],[104.06999709738818,-5.3301799786460675],[104.0736802231638,-5.321931867193265],[104.08026138275663,-5.320198880806753],[104.08772184099023,-5.312536299051884],[104.09387707536678,-5.317512560891807],[104.09842804691685,-5.313977303449252],[104.1010652035963,-5.314725392801312],[104.10232560524253,-5.30992270101534],[104.10310130827884,-5.311407485309218],[104.10966100555099,-5.308494548829308],[104.11284679993992,-5.2985414585765085],[104.1079906353596,-5.285689479254184],[104.11345384681766,-5.275738977250269],[104.11999736528621,-5.273954381469639],[104.13397669786639,-5.277523573030925],[104.14855089690643,-5.277523573030925],[104.16134050016399,-5.263841672345661],[104.1806736209909,-5.263841672345661],[104.19019146366519,-5.260867346344346],[104.19762727867601,-5.250457204440396],[104.19673498213376,-5.2138729913866175],[104.1984697608708,-5.2074414412173295]]]}},{"type":"Feature","properties":{"code":"1813022012","desa":"Bangun Negara","kecamatan":"Pesisir Selatan","kecCode":"181302","kabCode":"1813","province":"Lampung"},"geometry":{"type":"Polygon","coordinates":[[[104.03342050155499,-5.365576963393194],[104.04041142374824,-5.358246323203754],[104.05306562327996,-5.361051116207727],[104.04729349020248,-5.369821249933545],[104.05637827333867,-5.374944229869932],[104.05949992628064,-5.380933729979207],[104.05429800924577,-5.375223682504284],[104.03342050155499,-5.365576963393194]]]}},{"type":"Feature","properties":{"code":"1813022013","desa":"Ulok Manik","kecamatan":"Pesisir Selatan","kecCode":"181302","kabCode":"1813","province":"Lampung"},"geometry":{"type":"Polygon","coordinates":[[[104.02570921520815,-5.309331216006954],[104.04135279629458,-5.310544306117735],[104.06023617965603,-5.315912638195164],[104.06027874816573,-5.31933205756233],[104.05593000986215,-5.321446427542429],[104.05676717706363,-5.328301363242188],[104.04979527283363,-5.331327657467249],[104.04984422473125,-5.327450090175265],[104.04677728204598,-5.328600086549354],[104.04693486125488,-5.325118168796595],[104.04070582761192,-5.32394550051375],[104.03602198302814,-5.3182804739997085],[104.0337476578282,-5.320266286792721],[104.03070239779748,-5.317639895900147],[104.03098490902642,-5.323253206000661],[104.0265180159937,-5.320820275467817],[104.02570921520815,-5.309331216006954]]]}},{"type":"Feature","properties":{"code":"1813022014","desa":"Paku Negara","kecamatan":"Pesisir Selatan","kecCode":"181302","kabCode":"1813","province":"Lampung"},"geometry":{"type":"Polygon","coordinates":[[[104.17825000023736,-5.20036110573544],[104.1984697608708,-5.2074414412173295],[104.19673498213376,-5.2138729913866175],[104.19762727867601,-5.250457204440396],[104.19019146366519,-5.260867346344346],[104.1806736209909,-5.263841672345661],[104.16134050016399,-5.263841672345661],[104.14855089690643,-5.277523573030925],[104.13397669786639,-5.277523573030925],[104.11999736528621,-5.273954381469639],[104.11345384681766,-5.275738977250269],[104.1079906353596,-5.285689479254184],[104.11284679993992,-5.2985414585765085],[104.10966100555099,-5.308494548829308],[104.10310130827884,-5.311407485309218],[104.10232560524253,-5.30992270101534],[104.1010652035963,-5.314725392801312],[104.09842804691685,-5.313977303449252],[104.09387707536678,-5.317512560891807],[104.08772184099023,-5.312536299051884],[104.08026138275663,-5.320198880806753],[104.0736802231638,-5.321931867193265],[104.06999709738818,-5.3301799786460675],[104.07141606120234,-5.336339486594706],[104.0623049396213,-5.337649419300694],[104.06073421521194,-5.342595285854116],[104.05646763537311,-5.343388523870836],[104.05534586511965,-5.3360279695321795],[104.04949672129668,-5.336207395971372],[104.04231537935135,-5.3259453939920185],[104.03348215727578,-5.331619354371195],[104.03078377924805,-5.328705129162835],[104.03194431567765,-5.326447245370801],[104.0265180159937,-5.320820275467817],[104.03098490902642,-5.323253206000661],[104.03176921317866,-5.321980325363056],[104.03040048099746,-5.3198253770729735],[104.03109196072545,-5.3175223464149415],[104.0337476578282,-5.320266286792721],[104.03841455109074,-5.318942348045342],[104.0382680506301,-5.322308854900666],[104.04693486125488,-5.325118168796595],[104.04677728204598,-5.328600086549354],[104.05049040470846,-5.328411375509332],[104.04979527283363,-5.331327657467249],[104.05676717706363,-5.328301363242188],[104.05593000986215,-5.321446427542429],[104.06037145387955,-5.319209542920143],[104.06214163263029,-5.311096130124628],[104.06684978498964,-5.308072807259664],[104.06843274377614,-5.311270190309189],[104.07090214631707,-5.308476793514228],[104.0687662789407,-5.30579013995073],[104.07477126987828,-5.305673513169955],[104.07793408299158,-5.297739492639367],[104.08255386706736,-5.297481422285962],[104.08004568036392,-5.293792793562487],[104.08205708786436,-5.281713375943746],[104.10006937889877,-5.259082750563675],[104.12326912407087,-5.239452196976477],[104.15301238591292,-5.235288140754539],[104.16966861441504,-5.2376676011958585],[104.17383266884264,-5.234990706175867],[104.1744275362019,-5.224580565171257],[104.18007875632956,-5.204950012483427],[104.17825000023736,-5.20036110573544]]]}},{"type":"Feature","properties":{"code":"1813022015","desa":"Tulung Bamban","kecamatan":"Pesisir Selatan","kecCode":"181302","kabCode":"1813","province":"Lampung"},"geometry":{"type":"Polygon","coordinates":[[[103.98032035779835,-5.203775094996137],[103.98220677572219,-5.202784691412924],[103.9817206489888,-5.199302427421126],[103.97939155867356,-5.199302909457793],[103.98037212907059,-5.194705671390414],[103.99270526523588,-5.19012554472351],[103.99358165007317,-5.19883321603665],[103.99662978973303,-5.203504837030402],[103.99429059193733,-5.206625567264761],[103.99617973031036,-5.212085104087318],[103.99320311013548,-5.2149521985252365],[103.98815091133552,-5.231867338230012],[103.98513375421942,-5.233095140350122],[103.98764765431586,-5.240683679122395],[103.98227843819943,-5.2553535309396535],[103.97929921178921,-5.253933089540909],[103.97941102809655,-5.249530412603392],[103.97704430924756,-5.250819886632076],[103.97624633180281,-5.2478674429347745],[103.97349142329061,-5.248995371744465],[103.97404394697064,-5.245705303665639],[103.96801662226936,-5.244439495296574],[103.97252689230231,-5.232177061145029],[103.97834229356202,-5.229735734541614],[103.98032035779835,-5.203775094996137]]]}},{"type":"Feature","properties":{"code":"1813032001","desa":"Tanjung Jati","kecamatan":"Lemong","kecCode":"181303","kabCode":"1813","province":"Lampung"},"geometry":{"type":"Polygon","coordinates":[[[103.59599040403396,-4.922387830074082],[103.59359902937176,-4.912562746623412],[103.59070637529902,-4.91037730681945],[103.5986676021282,-4.907265184895718],[103.59808627406237,-4.897930263435944],[103.6003245013747,-4.898285585575943],[103.60302931495096,-4.894162227273885],[103.60382382191192,-4.888838175116085],[103.61252025980218,-4.894321737327031],[103.6147168889733,-4.891487041865188],[103.62687145575312,-4.8891762878294385],[103.64039802734715,-4.907346719231033],[103.64971924494728,-4.936976600814277],[103.65635287908218,-4.938471462910943],[103.64815556672606,-4.947997762799995],[103.64392613158576,-4.944629431220201],[103.63955175361059,-4.932675183941787],[103.62855405042916,-4.930023746031035],[103.62331771544028,-4.925687348228921],[103.62249176638198,-4.927121751602495],[103.59599040403396,-4.922387830074082]]]}},{"type":"Feature","properties":{"code":"1813032002","desa":"Tanjung Sakti","kecamatan":"Lemong","kecCode":"181303","kabCode":"1813","province":"Lampung"},"geometry":{"type":"Polygon","coordinates":[[[103.64877405927547,-4.948139410518681],[103.65635287908218,-4.938471462910943],[103.66415536297967,-4.943076987331608],[103.67005944099049,-4.949926966867534],[103.66999551987738,-4.961868951889831],[103.66186154677303,-4.960702333346411],[103.65888591675173,-4.963654811217906],[103.65520128191366,-4.952703734298495],[103.64877405927547,-4.948139410518681]]]}},{"type":"Feature","properties":{"code":"1813032003","desa":"Way Batang","kecamatan":"Lemong","kecCode":"181303","kabCode":"1813","province":"Lampung"},"geometry":{"type":"Polygon","coordinates":[[[103.65243851602473,-4.975316470364177],[103.66186154677303,-4.960702333346411],[103.67003534365625,-4.961739736399081],[103.66142544932505,-4.978810288845545],[103.66178357285365,-4.9857870736891154],[103.65662608232786,-4.989861758883511],[103.65196251925494,-4.987036048548137],[103.65243851602473,-4.975316470364177]]]}},{"type":"Feature","properties":{"code":"1813032004","desa":"Lemong","kecamatan":"Lemong","kecCode":"181303","kabCode":"1813","province":"Lampung"},"geometry":{"type":"Polygon","coordinates":[[[103.66429672381479,-4.855242983885611],[103.66928191682705,-4.849277275341166],[103.68250465426644,-4.877103799487249],[103.6932975926099,-4.907935115967525],[103.69362383067526,-4.916414040221707],[103.70014998503382,-4.91925047767047],[103.69920075241288,-4.92130555534799],[103.70221758487372,-4.925784028046795],[103.69808766331504,-4.941409632568724],[103.70117437040089,-4.9478982815939885],[103.70045809186752,-4.960372781279575],[103.69502787293804,-4.95953294039447],[103.68627423276968,-4.9622220113356015],[103.67998513430653,-4.97064592226168],[103.67005944099049,-4.949926966867534],[103.67600399388925,-4.945696107205409],[103.67718318585541,-4.930711724697561],[103.68873836798132,-4.920107631404213],[103.69021648830032,-4.909493331704986],[103.67902183628875,-4.878263469868542],[103.66429672381479,-4.855242983885611]]]}},{"type":"Feature","properties":{"code":"1813032005","desa":"Cahaya Negeri","kecamatan":"Lemong","kecCode":"181303","kabCode":"1813","province":"Lampung"},"geometry":{"type":"Polygon","coordinates":[[[103.70045809186752,-4.960372781279575],[103.70117437040089,-4.9478982815939885],[103.69833794374118,-4.93922595633528],[103.71796785343378,-4.938571309241682],[103.72695857917519,-4.941552048308488],[103.72836038032732,-4.946004167274005],[103.72447709783984,-4.948631093263137],[103.72257436801272,-4.958616294708752],[103.71640448188138,-4.9591651014902105],[103.71343800066326,-4.9655262905013435],[103.70045809186752,-4.960372781279575]]]}},{"type":"Feature","properties":{"code":"1813032006","desa":"Malaya","kecamatan":"Lemong","kecCode":"181303","kabCode":"1813","province":"Lampung"},"geometry":{"type":"Polygon","coordinates":[[[103.70662483756627,-4.830846125982158],[103.71141344057787,-4.8254036340103195],[103.70922118480989,-4.822667445788681],[103.71219685260274,-4.820874131980135],[103.71219042694673,-4.816288649850556],[103.72285958979829,-4.807542111637425],[103.74503135681175,-4.836807244386883],[103.75444984418505,-4.8587799014766295],[103.75303840589775,-4.888351435944898],[103.76145744430569,-4.916282648371654],[103.76249832863498,-4.9337222897799755],[103.76543681755514,-4.9365221266200745],[103.76444634742103,-4.938989150451699],[103.75845982765897,-4.940298932071413],[103.74910333505089,-4.93854401122031],[103.74772668523838,-4.946768345497447],[103.73801277596893,-4.965874908195558],[103.738924815328,-4.9722519936231375],[103.7347701282389,-4.980128120296946],[103.71301032266831,-4.965430099914719],[103.71640448188138,-4.9591651014902105],[103.72257436801272,-4.958616294708752],[103.72447709783984,-4.948631093263137],[103.72836038032732,-4.946004167274005],[103.72669079164677,-4.940545999219639],[103.74176861822718,-4.9227003498807305],[103.73805492809252,-4.918271018836491],[103.7309055327642,-4.865253442790886],[103.70662483756627,-4.830846125982158]]]}},{"type":"Feature","properties":{"code":"1813032007","desa":"Bambang","kecamatan":"Lemong","kecCode":"181303","kabCode":"1813","province":"Lampung"},"geometry":{"type":"Polygon","coordinates":[[[103.7347701282389,-4.980128120296946],[103.738924815328,-4.9722519936231375],[103.73801277596893,-4.965874908195558],[103.74772668523838,-4.946768345497447],[103.74924684166847,-4.938357626726459],[103.75845982765897,-4.940298932071413],[103.76444634742103,-4.938989150451699],[103.76543681755514,-4.9365221266200745],[103.77215522988,-4.944633126534455],[103.77506483077735,-4.942524424981261],[103.77338027467998,-4.957493776220513],[103.76718739108532,-4.957268131822769],[103.76307283804111,-4.960011781719443],[103.76257763085304,-4.965043246644421],[103.75950499096261,-4.965336608193561],[103.75782756469043,-4.969162309784466],[103.74227310821742,-4.974961936030299],[103.73709791993309,-4.981702999572565],[103.7347701282389,-4.980128120296946]]]}},{"type":"Feature","properties":{"code":"1813032008","desa":"Pagar Dalam","kecamatan":"Lemong","kecCode":"181303","kabCode":"1813","province":"Lampung"},"geometry":{"type":"MultiPolygon","coordinates":[[[[103.73781843966928,-4.981098367375165],[103.74227310821742,-4.974961936030299],[103.74801919602912,-4.9741915344982965],[103.75370362002609,-4.9698327822481],[103.74413978692166,-4.986261184580109],[103.73781843966928,-4.981098367375165]]],[[[103.77215522988,-4.944633126534455],[103.76249832863498,-4.9337222897799755],[103.76145744430569,-4.916282648371654],[103.75303840589775,-4.888351435944898],[103.75444984418505,-4.8587799014766295],[103.77570533783116,-4.8811874338352785],[103.79326727536454,-4.910624710314063],[103.8021849563707,-4.9138150147997255],[103.81202445326596,-4.928608116005188],[103.80918442392208,-4.94257815947354],[103.80201161564361,-4.939124689975051],[103.79690621295138,-4.944083585906248],[103.78569691997694,-4.94469746673156],[103.7807470334489,-4.95583023458305],[103.777021778932,-4.95745062944674],[103.77338263540037,-4.957525310948017],[103.77506483077735,-4.942524424981261],[103.77215522988,-4.944633126534455]]]]}},{"type":"Feature","properties":{"code":"1813032009","desa":"Bandar Pugung","kecamatan":"Lemong","kecCode":"181303","kabCode":"1813","province":"Lampung"},"geometry":{"type":"Polygon","coordinates":[[[103.75370362002609,-4.9698327822481],[103.76257763085304,-4.965043246644421],[103.76307283804111,-4.960011781719443],[103.76718739108532,-4.957268131822769],[103.7807470334489,-4.95583023458305],[103.78569691997694,-4.94469746673156],[103.79690621295138,-4.944083585906248],[103.80201161564361,-4.939124689975051],[103.80918442392208,-4.94257815947354],[103.80626825707448,-4.950740898284456],[103.79560434986092,-4.9579281685533525],[103.7783045494155,-4.961885247605276],[103.77283182133151,-4.966942475408889],[103.75940438200666,-4.98925166420402],[103.74719401139457,-5.001964127200756],[103.74807256269867,-4.995891499157588],[103.74279498659939,-4.986960635898017],[103.74685875402832,-4.983478509502588],[103.75370362002609,-4.9698327822481]]]}},{"type":"Feature","properties":{"code":"1813032010","desa":"Penengahan","kecamatan":"Lemong","kecCode":"181303","kabCode":"1813","province":"Lampung"},"geometry":{"type":"Polygon","coordinates":[[[103.84610148329686,-4.823464697479677],[103.85080700244129,-4.8332411464934575],[103.85666144417034,-4.834813442016879],[103.86283438260074,-4.845801442401434],[103.86614058901704,-4.847709736332102],[103.86603088161995,-4.852096666140489],[103.86947063736011,-4.856423976293262],[103.86520828613355,-4.882547483060771],[103.8557027812584,-4.891922495398049],[103.81231757739435,-4.89182051497607],[103.83155555624398,-4.943055550192067],[103.8584166671955,-4.945444438226352],[103.8637694553961,-4.958005954514377],[103.89227777809701,-4.971888883354153],[103.88495826701046,-4.9871578167530854],[103.8708705904055,-5.002943033850919],[103.85381889312748,-5.002077096438707],[103.83304405204143,-4.9961986482129825],[103.80860710143662,-4.9974460546543],[103.79609108003937,-4.99495124267093],[103.78263201875274,-4.9979074949970865],[103.7693659258968,-5.005884970768743],[103.74754769856749,-5.024554291182397],[103.74039239739129,-5.025741972747427],[103.73995725142605,-5.022797821698702],[103.74977181911424,-5.0140539445795085],[103.74441377527558,-5.0051769929785355],[103.75940438200666,-4.98925166420402],[103.77283182133151,-4.966942475408889],[103.7783045494155,-4.961885247605276],[103.79560434986092,-4.9579281685533525],[103.80626825707448,-4.950740898284456],[103.81202445326596,-4.928608116005188],[103.8021849563707,-4.9138150147997255],[103.79326727536454,-4.910624710314063],[103.77570533783116,-4.8811874338352785],[103.75444984418505,-4.8587799014766295],[103.74503135681175,-4.836807244386883],[103.72285958979829,-4.807542111637425],[103.73114115873756,-4.799254525342933],[103.75023273964926,-4.798930097613133],[103.76673163715537,-4.795003915669442],[103.79048804468755,-4.779014729633817],[103.79780849376702,-4.78107336413009],[103.79883520657954,-4.791271531331249],[103.80664972160741,-4.79027679211643],[103.81203445012983,-4.798556180191154],[103.81379972487747,-4.796082307122936],[103.8175573388002,-4.796331159425327],[103.82627034490052,-4.801544573387858],[103.8214888105602,-4.812255875761476],[103.82528491816451,-4.822625517596255],[103.83326499568307,-4.821296822334597],[103.84610148329686,-4.823464697479677]]]}},{"type":"Feature","properties":{"code":"1813032011","desa":"Rata Agung","kecamatan":"Lemong","kecCode":"181303","kabCode":"1813","province":"Lampung"},"geometry":{"type":"Polygon","coordinates":[[[103.62687145575312,-4.8891762878294385],[103.62722652698265,-4.885927242325748],[103.6241646663663,-4.884436747336959],[103.63546959774379,-4.8734201503099435],[103.63752302157023,-4.8675251959274135],[103.6404246580716,-4.869352707356063],[103.64288337936453,-4.867459111045572],[103.64400726662211,-4.871676383750203],[103.64983428442476,-4.869691071879587],[103.65342741594253,-4.860736403565527],[103.66429672381479,-4.855242983885611],[103.67902183628875,-4.878263469868542],[103.69021648830032,-4.909493331704986],[103.68873836798132,-4.920107631404213],[103.67718318585541,-4.930711724697561],[103.67600399388925,-4.945696107205409],[103.67005944099049,-4.949926966867534],[103.66415536297967,-4.943076987331608],[103.64971924494728,-4.936976600814277],[103.64039802734715,-4.907346719231033],[103.62687145575312,-4.8891762878294385]]]}},{"type":"Feature","properties":{"code":"1813032012","desa":"Sukamulya","kecamatan":"Lemong","kecCode":"181303","kabCode":"1813","province":"Lampung"},"geometry":{"type":"Polygon","coordinates":[[[103.67008061732668,-4.85151764933295],[103.67290402540048,-4.84850766791055],[103.67744248018636,-4.849404264110556],[103.68172479726165,-4.845461515755517],[103.68653426724268,-4.845001990069387],[103.68748493158436,-4.8412687945426995],[103.69381100387476,-4.83990814996601],[103.69364204194675,-4.837637639692542],[103.698533880834,-4.837024429761454],[103.70136992708052,-4.831812102180007],[103.70662483756627,-4.830846125982158],[103.7309055327642,-4.865253442790886],[103.73805492809252,-4.918271018836491],[103.74176861822718,-4.9227003498807305],[103.74073217744808,-4.925742315691708],[103.73471390082591,-4.928774811641536],[103.72697731565063,-4.941566321448669],[103.71796785343378,-4.938571309241682],[103.69833794374118,-4.93922595633528],[103.7017728035721,-4.93282477267422],[103.70050422708844,-4.920021747048228],[103.69362383067526,-4.916414040221707],[103.6932975926099,-4.907935115967525],[103.68250465426644,-4.877103799487249],[103.67008061732668,-4.85151764933295]]]}},{"type":"Feature","properties":{"code":"1813032013","desa":"Parda Haga","kecamatan":"Lemong","kecCode":"181303","kabCode":"1813","province":"Lampung"},"geometry":{"type":"Polygon","coordinates":[[[103.67003534365625,-4.961739736399081],[103.67005944099049,-4.949926966867534],[103.67961840876262,-4.973217298027437],[103.668209642561,-4.989532169944457],[103.6633181526107,-4.99138743265274],[103.65662608232786,-4.989861758883511],[103.66178357285365,-4.9857870736891154],[103.66142544932505,-4.978810288845545],[103.67003534365625,-4.961739736399081]]]}},{"type":"Feature","properties":{"code":"1813042001","desa":"Kuripan","kecamatan":"Pesisir Utara","kecCode":"181304","kabCode":"1813","province":"Lampung"},"geometry":{"type":"Polygon","coordinates":[[[103.75891168662508,-5.044644811123307],[103.75878809459493,-5.036021054651025],[103.76497999343201,-5.036005902873159],[103.76501481698028,-5.0398680737717],[103.75891168662508,-5.044644811123307]]]}},{"type":"Feature","properties":{"code":"1813042002","desa":"Padang Rindu","kecamatan":"Pesisir Utara","kecCode":"181304","kabCode":"1813","province":"Lampung"},"geometry":{"type":"Polygon","coordinates":[[[103.75879925967814,-5.036856032901794],[103.75891168662508,-5.044644811123307],[103.75715854822846,-5.045529100101193],[103.75212311279147,-5.045207258821563],[103.74661695061184,-5.041247863116091],[103.75447341541586,-5.036108563182631],[103.75879925967814,-5.036856032901794]]]}},{"type":"Feature","properties":{"code":"1813042003","desa":"Negeri Ratu","kecamatan":"Pesisir Utara","kecCode":"181304","kabCode":"1813","province":"Lampung"},"geometry":{"type":"Polygon","coordinates":[[[103.74754769856749,-5.024554291182397],[103.7693659258968,-5.005884970768743],[103.78263201875274,-4.9979074949970865],[103.79609108003937,-4.99495124267093],[103.80100822405035,-4.996522897877045],[103.77204615470635,-5.019145884415377],[103.77124234335952,-5.026985113704351],[103.77321949298526,-5.0267242419627935],[103.77417607396671,-5.030015490851457],[103.7680587307259,-5.030954654661788],[103.76497999343201,-5.036005902873159],[103.75447341541586,-5.036108563182631],[103.7534044938224,-5.032694090086599],[103.74905553968146,-5.032206946220548],[103.74754769856749,-5.024554291182397]]]}},{"type":"Feature","properties":{"code":"1813042004","desa":"Kerbang Dalam","kecamatan":"Pesisir Utara","kecCode":"181304","kabCode":"1813","province":"Lampung"},"geometry":{"type":"Polygon","coordinates":[[[103.80504417364976,-4.99709319575737],[103.80860710143662,-4.9974460546543],[103.78362462927328,-5.031995977859286],[103.77923962221085,-5.030760774318737],[103.78086739871156,-5.027332926505281],[103.77939969344118,-5.025538615348627],[103.7876310334455,-5.013076351838741],[103.80504417364976,-4.99709319575737]]]}},{"type":"Feature","properties":{"code":"1813042005","desa":"Kota Karang","kecamatan":"Pesisir Utara","kecCode":"181304","kabCode":"1813","province":"Lampung"},"geometry":{"type":"Polygon","coordinates":[[[103.82479286220085,-4.996044153678815],[103.83788871789005,-4.997228616570237],[103.82221915808775,-5.025110770979536],[103.81890844157141,-5.026899595372448],[103.81992615396888,-5.035550049118992],[103.81678903538572,-5.041598850523863],[103.81663132487579,-5.049615386549962],[103.8152932991465,-5.051302158575142],[103.7972098609464,-5.045171194208923],[103.82479286220085,-4.996044153678815]]]}},{"type":"Feature","properties":{"code":"1813042006","desa":"Balam","kecamatan":"Pesisir Utara","kecCode":"181304","kabCode":"1813","province":"Lampung"},"geometry":{"type":"Polygon","coordinates":[[[103.80860710143662,-4.9974460546543],[103.81996345514938,-4.997400277363583],[103.79392497925441,-5.039105872258063],[103.78737975027529,-5.040538055205517],[103.78892031412124,-5.03728180343423],[103.78362462927328,-5.031995977859286],[103.80860710143662,-4.9974460546543]]]}},{"type":"Feature","properties":{"code":"1813042007","desa":"Way Narta","kecamatan":"Pesisir Utara","kecCode":"181304","kabCode":"1813","province":"Lampung"},"geometry":{"type":"Polygon","coordinates":[[[103.81996345514938,-4.997400277363583],[103.82479286220085,-4.996044153678815],[103.80197384591632,-5.038930870483355],[103.7948278167504,-5.046534791259868],[103.78737975027529,-5.040538055205517],[103.79392497925441,-5.039105872258063],[103.81996345514938,-4.997400277363583]]]}},{"type":"Feature","properties":{"code":"1813042008","desa":"Kerbang Langgar","kecamatan":"Pesisir Utara","kecCode":"181304","kabCode":"1813","province":"Lampung"},"geometry":{"type":"Polygon","coordinates":[[[103.80100822405035,-4.996522897877045],[103.80504417364976,-4.99709319575737],[103.7876310334455,-5.013076351838741],[103.77939969344118,-5.025538615348627],[103.78086739871156,-5.027332926505281],[103.77923962221085,-5.030760774318737],[103.77417607396671,-5.030015490851457],[103.77321949298526,-5.0267242419627935],[103.77124234335952,-5.026985113704351],[103.77204615470635,-5.019145884415377],[103.80100822405035,-4.996522897877045]]]}},{"type":"Feature","properties":{"code":"1813042009","desa":"Walur","kecamatan":"Pesisir Utara","kecCode":"181304","kabCode":"1813","province":"Lampung"},"geometry":{"type":"Polygon","coordinates":[[[103.74039239739129,-5.025741972747427],[103.74754769856749,-5.024554291182397],[103.74905553968146,-5.032206946220548],[103.7534044938224,-5.032694090086599],[103.75447341541586,-5.036108563182631],[103.74661695061184,-5.041247863116091],[103.74039239739129,-5.025741972747427]]]}},{"type":"Feature","properties":{"code":"1813042010","desa":"Batu Raja","kecamatan":"Pesisir Utara","kecCode":"181304","kabCode":"1813","province":"Lampung"},"geometry":{"type":"Polygon","coordinates":[[[103.83788871789005,-4.997228616570237],[103.85381889312748,-5.002077096438707],[103.8708705904055,-5.002943033850919],[103.87704658473216,-5.025600427551436],[103.86231556281302,-5.036191299911409],[103.85642082156373,-5.031389751163908],[103.8527423632695,-5.033321705358237],[103.84898888442956,-5.037191917095198],[103.84869185634415,-5.043245954352931],[103.84421214077776,-5.049493239730459],[103.83456675894881,-5.053459324593341],[103.83339746132384,-5.062050541795399],[103.81840143797604,-5.052239867282434],[103.81591489615562,-5.053344086365817],[103.81541806479191,-5.047507261462205],[103.81992615396888,-5.035550049118992],[103.81890844157141,-5.026899595372448],[103.82221915808775,-5.025110770979536],[103.83788871789005,-4.997228616570237]]]}},{"type":"Feature","properties":{"code":"1813042011","desa":"Pemancar","kecamatan":"Pesisir Utara","kecCode":"181304","kabCode":"1813","province":"Lampung"},"geometry":{"type":"Polygon","coordinates":[[[103.84363867098794,-5.0756728560998265],[103.84070941990387,-5.074667977928264],[103.84192939522545,-5.07222156475937],[103.8394379008385,-5.070506901160262],[103.83901353774462,-5.061642369196771],[103.84678868584922,-5.060312283583217],[103.85998149564955,-5.0490589328331765],[103.86908579137621,-5.046134376213194],[103.87767982526378,-5.038625711627663],[103.87584114065616,-5.0554599708041374],[103.87230491733811,-5.061851496645861],[103.85781841298943,-5.070680173538707],[103.84363867098794,-5.0756728560998265]]]}},{"type":"Feature","properties":{"code":"1813042012","desa":"Gedau","kecamatan":"Pesisir Utara","kecCode":"181304","kabCode":"1813","province":"Lampung"},"geometry":{"type":"Polygon","coordinates":[[[103.83339746132384,-5.062050541795399],[103.83456675894881,-5.053459324593341],[103.84421214077776,-5.049493239730459],[103.84869185634415,-5.043245954352931],[103.84898888442956,-5.037191917095198],[103.8527423632695,-5.033321705358237],[103.85642082156373,-5.031389751163908],[103.86231556281302,-5.036191299911409],[103.87704658473216,-5.025600427551436],[103.87767982526378,-5.038625711627663],[103.86908579137621,-5.046134376213194],[103.86043835304763,-5.048761975794538],[103.84678868584922,-5.060312283583217],[103.83925966420217,-5.061428622829657],[103.83831359269824,-5.065534993837676],[103.83339746132384,-5.062050541795399]]]}},{"type":"Feature","properties":{"code":"1813052001","desa":"Kebuayan","kecamatan":"Karya Penggawa","kecCode":"181305","kabCode":"1813","province":"Lampung"},"geometry":{"type":"Polygon","coordinates":[[[103.91710723061426,-5.134639656117344],[103.91443035088001,-5.130508836140178],[103.92599126168746,-5.124252310228636],[103.931740655407,-5.117608710712935],[103.927383870869,-5.106609751189774],[103.93437966738782,-5.089567409576458],[103.93474010667065,-5.118936440102771],[103.92571604665828,-5.127267528403324],[103.92427519424488,-5.132500149186803],[103.91955515284809,-5.131716951201396],[103.91710723061426,-5.134639656117344]]]}},{"type":"Feature","properties":{"code":"1813052002","desa":"Way Nukak","kecamatan":"Karya Penggawa","kecCode":"181305","kabCode":"1813","province":"Lampung"},"geometry":{"type":"Polygon","coordinates":[[[103.9727797996481,-4.982600578731587],[103.98122135438204,-4.991807181324753],[103.97801824174854,-5.026005883298202],[103.98239644993627,-5.043138002432594],[103.98182538133635,-5.0553208438851085],[103.97782788494895,-5.06331583215499],[103.95879219690245,-5.0762601017041264],[103.95131022328825,-5.113527857068625],[103.93366921825985,-5.127087988649536],[103.93581373081906,-5.130641048172023],[103.93038760380495,-5.13586658949238],[103.92117224630219,-5.138752802617593],[103.91710723061426,-5.134639656117344],[103.91955515284809,-5.131716951201396],[103.92427519424488,-5.132500149186803],[103.92571604665828,-5.127267528403324],[103.93474010667065,-5.118936440102771],[103.93437966738782,-5.089567409576458],[103.93946013997355,-5.082724449249147],[103.95151367961267,-5.07752095211077],[103.9536076062061,-5.074094529722802],[103.9560822437006,-5.064005614861589],[103.95417867570539,-5.045731352233256],[103.97150115075755,-5.0276474491021315],[103.9727797996481,-4.982600578731587]]]}},{"type":"Feature","properties":{"code":"1813052003","desa":"Way Sindi","kecamatan":"Karya Penggawa","kecCode":"181305","kabCode":"1813","province":"Lampung"},"geometry":{"type":"Polygon","coordinates":[[[103.94602777825939,-4.9738611055924205],[103.97263888937327,-4.9690833277251505],[103.97150115075755,-5.0276474491021315],[103.95417867570539,-5.045731352233256],[103.9560822437006,-5.064005614861589],[103.9536076062061,-5.074094529722802],[103.95151367961267,-5.07752095211077],[103.93946013997355,-5.082724449249147],[103.9337297965929,-5.090468909779613],[103.927383870869,-5.106609751189774],[103.931740655407,-5.117608710712935],[103.92599126168746,-5.124252310228636],[103.91443035088001,-5.130508836140178],[103.90763313995751,-5.125122459165977],[103.91540352705118,-5.117735889239257],[103.92137363688391,-5.1036769891554234],[103.92907239027862,-5.098145650460824],[103.9316847940181,-5.089842967247053],[103.94261186084879,-5.076831170303524],[103.94699007083517,-5.044851214525892],[103.9601246953984,-5.016678396533679],[103.95898255370196,-4.990789860133392],[103.94870328293023,-4.980129875773573],[103.94602777825939,-4.9738611055924205]]]}},{"type":"Feature","properties":{"code":"1813052004","desa":"Penengahan","kecamatan":"Karya Penggawa","kecCode":"181305","kabCode":"1813","province":"Lampung"},"geometry":{"type":"Polygon","coordinates":[[[104.01606828142609,-5.036290900727228],[104.01966666678327,-5.048027772874147],[104.01952463235597,-5.061530478245851],[104.0118331319935,-5.080158454127163],[104.0001174856335,-5.083374688765366],[103.99080624421286,-5.096951736593957],[103.95775077297986,-5.128608085722841],[103.94513699077957,-5.135765952657563],[103.93929945810355,-5.1349307693613095],[103.93366921825985,-5.127087988649536],[103.95161116072654,-5.112949125346102],[103.95879219690245,-5.0762601017041264],[103.97782788494895,-5.06331583215499],[103.98182538133635,-5.0553208438851085],[103.98239644993627,-5.043138002432594],[103.97801824174854,-5.026005883298202],[103.98122135438204,-4.991807181324753],[104.00480555613154,-5.006333327774411],[104.00772222210293,-5.024166661797197],[104.01606828142609,-5.036290900727228]]]}},{"type":"Feature","properties":{"code":"1813052005","desa":"Menyancang","kecamatan":"Karya Penggawa","kecCode":"181305","kabCode":"1813","province":"Lampung"},"geometry":{"type":"Polygon","coordinates":[[[103.99290749938166,-5.102679127494498],[103.98631811818667,-5.11599251748188],[103.98051239273279,-5.119620980661192],[103.97177558067857,-5.120253174381304],[103.96837907243628,-5.12583493176778],[103.94684988631326,-5.143222191264433],[103.9420802868758,-5.1552066134954915],[103.93469632137815,-5.154957703636465],[103.93115111383291,-5.148854100244113],[103.93453097202678,-5.147239326143184],[103.9374758146572,-5.141127964299583],[103.95990941928433,-5.1297882984182746],[103.97096534727302,-5.1196460834374165],[103.98302635758039,-5.112245007446082],[103.99047311913921,-5.102376907623231],[103.99290749938166,-5.102679127494498]]]}},{"type":"Feature","properties":{"code":"1813052006","desa":"Laay","kecamatan":"Karya Penggawa","kecCode":"181305","kabCode":"1813","province":"Lampung"},"geometry":{"type":"Polygon","coordinates":[[[103.92117224630219,-5.138752802617593],[103.93010500174448,-5.1357062835391645],[103.9336218707528,-5.1387886729767365],[103.92692573733297,-5.145485098669404],[103.92117224630219,-5.138752802617593]]]}},{"type":"Feature","properties":{"code":"1813052007","desa":"Penggawa V Ulu","kecamatan":"Karya Penggawa","kecCode":"181305","kabCode":"1813","province":"Lampung"},"geometry":{"type":"Polygon","coordinates":[[[103.93038760380495,-5.13586658949238],[103.93570307733523,-5.130620122746647],[103.93929945810355,-5.1349307693613095],[103.9336218707528,-5.1387886729767365],[103.93038760380495,-5.13586658949238]]]}},{"type":"Feature","properties":{"code":"1813052008","desa":"Penggawa V Tengah","kecamatan":"Karya Penggawa","kecCode":"181305","kabCode":"1813","province":"Lampung"},"geometry":{"type":"Polygon","coordinates":[[[104.0118331319935,-5.080158454127163],[104.00313889024767,-5.098499993239127],[103.99999999910072,-5.091666660154292],[103.99414608617298,-5.10121477130093],[103.99047311913921,-5.102376907623231],[103.98302635758039,-5.112245007446082],[103.95990941928433,-5.1297882984182746],[103.9374758146572,-5.141127964299583],[103.93453097202678,-5.147239326143184],[103.93115111383291,-5.148854100244113],[103.93554247370628,-5.155705408078691],[103.93325863008174,-5.157844867345115],[103.92692573733297,-5.145485098669404],[103.9336218707528,-5.1387886729767365],[103.93989041071391,-5.134300472311399],[103.94513699077957,-5.135765952657563],[103.95775077297986,-5.128608085722841],[103.99080624421286,-5.096951736593957],[104.0001174856335,-5.083374688765366],[104.0118331319935,-5.080158454127163]]]}},{"type":"Feature","properties":{"code":"1813052009","desa":"Way Sindi Utara","kecamatan":"Karya Penggawa","kecCode":"181305","kabCode":"1813","province":"Lampung"},"geometry":{"type":"Polygon","coordinates":[[[103.87753783130592,-5.078403832750286],[103.85606124473071,-5.098969510393163],[103.84663136564507,-5.086077595776182],[103.85431343661587,-5.0788758922877175],[103.86122581022299,-5.077506019767521],[103.86561331110549,-5.073056262421671],[103.87753783130592,-5.078403832750286]]]}},{"type":"Feature","properties":{"code":"1813052010","desa":"Tembakak Way Sindi","kecamatan":"Karya Penggawa","kecCode":"181305","kabCode":"1813","province":"Lampung"},"geometry":{"type":"Polygon","coordinates":[[[103.9159189141266,-4.975362612779631],[103.93806415473698,-4.974512162592418],[103.94451542974338,-4.984317725358879],[103.95022613822573,-5.001449845392527],[103.95232006302058,-5.017630180530342],[103.94946471012831,-5.024863742502203],[103.933284374974,-5.03933086554668],[103.92985795078386,-5.053988344491139],[103.91386797332835,-5.056082270183075],[103.91348725883,-5.071310821324231],[103.89989299706423,-5.082707079743141],[103.89186351618837,-5.094362286253785],[103.8870205923265,-5.109736939455778],[103.87836922665855,-5.1098541346080655],[103.87544721601625,-5.112945456112163],[103.86735607582231,-5.110424561091488],[103.86367999173831,-5.101766027835584],[103.8561962536542,-5.098276384906525],[103.87650987293232,-5.080610771747069],[103.88499259773027,-5.066201286252455],[103.91784167275506,-5.042685905146638],[103.92374273713767,-5.029551280596776],[103.92457554802321,-5.002354042662574],[103.92576527824507,-4.999736634198572],[103.93337955382339,-4.9985469039779735],[103.93337955382339,-4.9916464652807635],[103.92814473868877,-4.986649597274828],[103.9214822480074,-4.985459868852799],[103.9159189141266,-4.975362612779631]]]}},{"type":"Feature","properties":{"code":"1813052011","desa":"Way Sindi Hanuan","kecamatan":"Karya Penggawa","kecCode":"181305","kabCode":"1813","province":"Lampung"},"geometry":{"type":"Polygon","coordinates":[[[103.93806415473698,-4.974512162592418],[103.94602777825939,-4.9738611055924205],[103.94870328293023,-4.980129875773573],[103.95898255370196,-4.990789860133392],[103.9601246953984,-5.016678396533679],[103.94699007083517,-5.044851214525892],[103.94261186084879,-5.076831170303524],[103.9316847940181,-5.089842967247053],[103.92907239027862,-5.098145650460824],[103.92137363688391,-5.1036769891554234],[103.91540352705118,-5.117735889239257],[103.90763313995751,-5.125122459165977],[103.89178212664388,-5.115999181458229],[103.88564226437903,-5.116996368627617],[103.88145289133793,-5.112439988559401],[103.88862997859069,-5.108004408126266],[103.89151863787492,-5.095060488413393],[103.89989299706423,-5.082707079743141],[103.91348725883,-5.071310821324231],[103.91386797332835,-5.056082270183075],[103.92985795078386,-5.053988344491139],[103.933284374974,-5.03933086554668],[103.94660935723613,-5.028290166688809],[103.95117792222341,-5.021246961516229],[103.95232006302058,-5.01191947475174],[103.94889363883044,-4.996500567710628],[103.93806415473698,-4.974512162592418]]]}},{"type":"Feature","properties":{"code":"1813052012","desa":"Asahan Way Sindi","kecamatan":"Karya Penggawa","kecCode":"181305","kabCode":"1813","province":"Lampung"},"geometry":{"type":"Polygon","coordinates":[[[103.89227777809701,-4.971888883354153],[103.9159189141266,-4.975362612779631],[103.9214822480074,-4.985459868852799],[103.92814473868877,-4.986649597274828],[103.93337955382339,-4.9916464652807635],[103.93337955382339,-4.9985469039779735],[103.92576527824507,-4.999736634198572],[103.92457554802321,-5.002354042662574],[103.92374273713767,-5.029551280596776],[103.92031631294753,-5.038878766462025],[103.90756240198334,-5.0516326783124414],[103.88499259773027,-5.066201286252455],[103.87753783130592,-5.078403832750286],[103.86561331110549,-5.073056262421671],[103.84634996777685,-5.08597303160203],[103.84253541327875,-5.08114091489812],[103.84363867098794,-5.0756728560998265],[103.86721992475975,-5.065719598573232],[103.87470054579359,-5.058917993570107],[103.87771797180697,-5.043025964892231],[103.87721824732432,-5.02749061183408],[103.8708705904055,-5.002943033850919],[103.88324546770421,-4.990007395994797],[103.89227777809701,-4.971888883354153]]]}},{"type":"Feature","properties":{"code":"1813062001","desa":"Pasar Pulaupisang","kecamatan":"Pulaupisang","kecCode":"181306","kabCode":"1813","province":"Lampung"},"geometry":{"type":"Polygon","coordinates":[[[103.8513206969926,-5.123278395715092],[103.8514475049984,-5.120653250383593],[103.84806590122042,-5.119575111639522],[103.84927403876593,-5.1151297546764924],[103.85283806192705,-5.1195690430144305],[103.8513206969926,-5.123278395715092]]]}},{"type":"Feature","properties":{"code":"1813062002","desa":"Labuhan","kecamatan":"Pulaupisang","kecCode":"181306","kabCode":"1813","province":"Lampung"},"geometry":{"type":"Polygon","coordinates":[[[103.84927403876593,-5.1151297546764924],[103.84364849698062,-5.117984335048091],[103.84466780117815,-5.120545670782576],[103.83848925997141,-5.122542721503818],[103.83878262421877,-5.118917267456045],[103.84927403876593,-5.1151297546764924]]]}},{"type":"Feature","properties":{"code":"1813062003","desa":"Bandar Dalam","kecamatan":"Pulaupisang","kecCode":"181306","kabCode":"1813","province":"Lampung"},"geometry":{"type":"Polygon","coordinates":[[[103.84939340218381,-5.119501449070174],[103.8514475049984,-5.120653250383593],[103.85197243478011,-5.124912737265032],[103.84784740283543,-5.126353931419392],[103.84939340218381,-5.119501449070174]]]}},{"type":"Feature","properties":{"code":"1813062004","desa":"Pekon Lok","kecamatan":"Pulaupisang","kecCode":"181306","kabCode":"1813","province":"Lampung"},"geometry":{"type":"Polygon","coordinates":[[[103.84646683377741,-5.125022941087733],[103.84951045614268,-5.119828375116648],[103.84784740283543,-5.126353931419392],[103.84646683377741,-5.125022941087733]]]}},{"type":"Feature","properties":{"code":"1813062005","desa":"Sukadana","kecamatan":"Pulaupisang","kecCode":"181306","kabCode":"1813","province":"Lampung"},"geometry":{"type":"Polygon","coordinates":[[[103.84894442104826,-5.115727189599566],[103.84806590122042,-5.119575111639522],[103.84466780117815,-5.120545670782576],[103.84364849698062,-5.117984335048091],[103.84894442104826,-5.115727189599566]]]}},{"type":"Feature","properties":{"code":"1813062006","desa":"Suka Marga","kecamatan":"Pulaupisang","kecCode":"181306","kabCode":"1813","province":"Lampung"},"geometry":{"type":"Polygon","coordinates":[[[103.83930066429429,-5.12334819929363],[103.84159984315829,-5.12177329213894],[103.84806590122042,-5.119575111639522],[103.8464545787159,-5.126055873610546],[103.83930066429429,-5.12334819929363]]]}},{"type":"Feature","properties":{"code":"1813072001","desa":"Pajar Bulan","kecamatan":"Way Krui","kecCode":"181307","kabCode":"1813","province":"Lampung"},"geometry":{"type":"Polygon","coordinates":[[[103.95847894324866,-5.166617955343748],[103.95410958888645,-5.1728953293390045],[103.94755702233873,-5.172497736364865],[103.94932990894819,-5.167973748977357],[103.95847894324866,-5.166617955343748]]]}},{"type":"Feature","properties":{"code":"1813072002","desa":"Bumi Waras","kecamatan":"Way Krui","kecCode":"181307","kabCode":"1813","province":"Lampung"},"geometry":{"type":"Polygon","coordinates":[[[103.9474792273845,-5.171329628544133],[103.93768290783997,-5.169331321469983],[103.93680012792362,-5.171051671482373],[103.93548675441023,-5.16672800358386],[103.9486085690303,-5.16860582128906],[103.9474792273845,-5.171329628544133]]]}},{"type":"Feature","properties":{"code":"1813072003","desa":"Banjar Agung","kecamatan":"Way Krui","kecCode":"181307","kabCode":"1813","province":"Lampung"},"geometry":{"type":"Polygon","coordinates":[[[103.95738218404061,-5.165961183152168],[103.94408647830839,-5.166082791277798],[103.9417951496265,-5.158736982223424],[103.94851994893655,-5.164338345729821],[103.95753118011991,-5.16264447355708],[103.95738218404061,-5.165961183152168]]]}},{"type":"Feature","properties":{"code":"1813072004","desa":"Penggawa V Ilir","kecamatan":"Way Krui","kecCode":"181307","kabCode":"1813","province":"Lampung"},"geometry":{"type":"Polygon","coordinates":[[[103.93325863008174,-5.157844867345115],[103.94080470017684,-5.155315421570391],[103.94300242921878,-5.157768984349587],[103.94129257519226,-5.16525959324646],[103.93534946030938,-5.16578559052287],[103.93325863008174,-5.157844867345115]]]}},{"type":"Feature","properties":{"code":"1813072005","desa":"Ulu Krui","kecamatan":"Way Krui","kecCode":"181307","kabCode":"1813","province":"Lampung"},"geometry":{"type":"Polygon","coordinates":[[[103.99770750579681,-5.159780649953416],[103.99817577828958,-5.162019797269947],[103.99050512061488,-5.1630726884468965],[103.97908370814667,-5.15750475004293],[103.95375406439858,-5.158519810338657],[103.94366937274343,-5.154160572454546],[103.95163737326622,-5.152691787999283],[103.96872753095083,-5.156648176371852],[103.97518391590505,-5.152796381851091],[103.9839879217053,-5.1549807262808],[103.9879676438917,-5.161207047562138],[103.99770750579681,-5.159780649953416]]]}},{"type":"Feature","properties":{"code":"1813072006","desa":"Gunung Kemala","kecamatan":"Way Krui","kecCode":"181307","kabCode":"1813","province":"Lampung"},"geometry":{"type":"Polygon","coordinates":[[[103.94326924817733,-5.1540556044848005],[103.94684988631326,-5.143222191264433],[103.96837907243628,-5.12583493176778],[103.97177558067857,-5.120253174381304],[103.98051239273279,-5.119620980661192],[103.98631811818667,-5.11599251748188],[103.99999999910072,-5.091666660154292],[104.00313889024767,-5.098499993239127],[104.00073647730665,-5.09689182825596],[103.99827915535876,-5.098421325043215],[103.98313718823071,-5.1331671259857155],[103.97261419309058,-5.130820571738024],[103.96677203699993,-5.134391529567731],[103.96419865844138,-5.139429550550534],[103.95467605475619,-5.140507446477558],[103.95415683836744,-5.146114006266723],[103.9493650967219,-5.148691602643077],[103.9488351613137,-5.152935397254192],[103.94326924817733,-5.1540556044848005]]]}},{"type":"Feature","properties":{"code":"1813072007","desa":"Labuhan Mandi","kecamatan":"Way Krui","kecCode":"181307","kabCode":"1813","province":"Lampung"},"geometry":{"type":"Polygon","coordinates":[[[104.00073647730665,-5.09689182825596],[104.00720332767149,-5.09976108376476],[103.9949112095847,-5.118083876508679],[103.99279408767704,-5.130336868677995],[103.9879209519904,-5.137056464503873],[103.97914549966515,-5.14215802978365],[103.96641062375136,-5.1412443167871125],[103.94936419560122,-5.149955880365981],[103.95415683836744,-5.146114006266723],[103.95467605475619,-5.140507446477558],[103.96419865844138,-5.139429550550534],[103.96677203699993,-5.134391529567731],[103.97261419309058,-5.130820571738024],[103.98313718823071,-5.1331671259857155],[103.99827915535876,-5.098421325043215],[104.00073647730665,-5.09689182825596]]]}},{"type":"Feature","properties":{"code":"1813072008","desa":"Suka Baru","kecamatan":"Way Krui","kecCode":"181307","kabCode":"1813","province":"Lampung"},"geometry":{"type":"Polygon","coordinates":[[[103.99817577828958,-5.162019797269947],[103.99762703086282,-5.165876884300918],[103.98130506777471,-5.162615283362182],[103.95847894324866,-5.166617955343748],[103.95650050129717,-5.162341237451995],[103.94778996203718,-5.164078673683839],[103.94076206601659,-5.155582568781203],[103.94334777068313,-5.154062742403888],[103.95375406439858,-5.158519810338657],[103.97908370814667,-5.15750475004293],[103.98874431999444,-5.162763359434849],[103.99817577828958,-5.162019797269947]]]}},{"type":"Feature","properties":{"code":"1813072009","desa":"Penggawa Lima","kecamatan":"Way Krui","kecCode":"181307","kabCode":"1813","province":"Lampung"},"geometry":{"type":"Polygon","coordinates":[[[103.95320382679522,-5.1666483281471764],[103.95122143412192,-5.168800134206019],[103.9442616644443,-5.1691598522322515],[103.93534946030938,-5.16578559052287],[103.94213156082292,-5.1644341082391865],[103.95320382679522,-5.1666483281471764]]]}},{"type":"Feature","properties":{"code":"1813072010","desa":"Gunungkemala Timur","kecamatan":"Way Krui","kecCode":"181307","kabCode":"1813","province":"Lampung"},"geometry":{"type":"Polygon","coordinates":[[[104.00720332767149,-5.09976108376476],[104.01713180169132,-5.125504066690712],[104.01501700363188,-5.134858345158367],[104.00342894498986,-5.142283281062852],[103.99770750579681,-5.159780649953416],[103.9879676438917,-5.161207047562138],[103.9839879217053,-5.1549807262808],[103.97518391590505,-5.152796381851091],[103.96872753095083,-5.156648176371852],[103.96243400782326,-5.153940534430517],[103.9488351613137,-5.152935397254192],[103.94963124838345,-5.149857742747196],[103.96564919655322,-5.14154888748618],[103.97914549966515,-5.14215802978365],[103.9879209519904,-5.137056464503873],[103.99279408767704,-5.130336868677995],[103.9949112095847,-5.118083876508679],[104.00720332767149,-5.09976108376476]]]}},{"type":"Feature","properties":{"code":"1813082001","desa":"Balai Kencana","kecamatan":"Krui Selatan","kecCode":"181308","kabCode":"1813","province":"Lampung"},"geometry":{"type":"Polygon","coordinates":[[[103.96893743361572,-5.207553807010249],[103.98032035779835,-5.203775094996137],[103.97834229356202,-5.229735734541614],[103.97262207025238,-5.23206284724527],[103.96849976685081,-5.239718484435389],[103.9632406808128,-5.238919617562057],[103.95721215371799,-5.243466640184403],[103.95100823634107,-5.242696794433427],[103.95458236788203,-5.233194656629661],[103.95759235200552,-5.23195043019105],[103.95827803380428,-5.224398687180165],[103.96751979270431,-5.21365896712908],[103.96893743361572,-5.207553807010249]]]}},{"type":"Feature","properties":{"code":"1813082002","desa":"Way Suluh","kecamatan":"Krui Selatan","kecCode":"181308","kabCode":"1813","province":"Lampung"},"geometry":{"type":"Polygon","coordinates":[[[103.96270764184425,-5.203802990167341],[103.96893743361572,-5.207553807010249],[103.96812966075532,-5.211382606765689],[103.95910257182629,-5.215747842228457],[103.94663511202089,-5.239653774616968],[103.94255669103853,-5.237048909896924],[103.96270764184425,-5.203802990167341]]]}},{"type":"Feature","properties":{"code":"1813082003","desa":"Way Napal","kecamatan":"Krui Selatan","kecCode":"181308","kabCode":"1813","province":"Lampung"},"geometry":{"type":"Polygon","coordinates":[[[103.93583509331495,-5.218654588674669],[103.9426960967475,-5.217262742119628],[103.94388582786871,-5.2141932372690025],[103.96270764184425,-5.203802990167341],[103.94255669103853,-5.237048909896924],[103.93799517044084,-5.235402842986091],[103.93943093359076,-5.222692577033037],[103.93654169784116,-5.222508873418179],[103.93583509331495,-5.218654588674669]]]}},{"type":"Feature","properties":{"code":"1813082004","desa":"Padang Haluan","kecamatan":"Krui Selatan","kecCode":"181308","kabCode":"1813","province":"Lampung"},"geometry":{"type":"Polygon","coordinates":[[[103.93213880326323,-5.2236750072270555],[103.93943093359076,-5.222692577033037],[103.93799517044084,-5.235402842986091],[103.92976316044154,-5.234826279529086],[103.93052005325791,-5.227811370625232],[103.9335791700427,-5.227889826581203],[103.93213880326323,-5.2236750072270555]]]}},{"type":"Feature","properties":{"code":"1813082005","desa":"Lintik","kecamatan":"Krui Selatan","kecCode":"181308","kabCode":"1813","province":"Lampung"},"geometry":{"type":"Polygon","coordinates":[[[103.93224813474372,-5.214933173367377],[103.9354551998976,-5.216394608562953],[103.93654169784116,-5.222508873418179],[103.93213880326323,-5.2236750072270555],[103.9335791700427,-5.227889826581203],[103.93052005325791,-5.227811370625232],[103.92976316044154,-5.234826279529086],[103.9183688697276,-5.233939672099023],[103.91423030928144,-5.237046508707078],[103.910950589698,-5.235514749225447],[103.90994815138612,-5.231749447002406],[103.91313663025134,-5.227949447136223],[103.91916065084342,-5.228032154187365],[103.9195568093993,-5.225592230526353],[103.93011521444565,-5.219258049954788],[103.93224813474372,-5.214933173367377]]]}},{"type":"Feature","properties":{"code":"1813082006","desa":"Walur","kecamatan":"Krui Selatan","kecCode":"181308","kabCode":"1813","province":"Lampung"},"geometry":{"type":"Polygon","coordinates":[[[103.9169742964267,-5.204937794294074],[103.91437032922738,-5.222000979494553],[103.91043896358737,-5.224822984623104],[103.91313663025134,-5.227949447136223],[103.90898680579652,-5.233397946579323],[103.90178325599253,-5.223191299670455],[103.90238394286472,-5.2145714300680055],[103.90659827119332,-5.208593198463938],[103.9169742964267,-5.204937794294074]]]}},{"type":"Feature","properties":{"code":"1813082007","desa":"Pemerihan","kecamatan":"Krui Selatan","kecCode":"181308","kabCode":"1813","province":"Lampung"},"geometry":{"type":"Polygon","coordinates":[[[103.91752001313812,-5.2089546261013755],[103.92180779989012,-5.209040288324827],[103.93224813474372,-5.214933173367377],[103.92985823227167,-5.219486479552845],[103.9195568093993,-5.225592230526353],[103.91437032922738,-5.222000979494553],[103.91752001313812,-5.2089546261013755]]]}},{"type":"Feature","properties":{"code":"1813082008","desa":"Mandiri Sejati","kecamatan":"Krui Selatan","kecCode":"181308","kabCode":"1813","province":"Lampung"},"geometry":{"type":"Polygon","coordinates":[[[103.96849976685081,-5.239718484435389],[103.96811180111875,-5.244962976269894],[103.97404394697064,-5.245705303665639],[103.97349142329061,-5.248995371744465],[103.97624633180281,-5.2478674429347745],[103.97704430924756,-5.250819886632076],[103.97941102809655,-5.249530412603392],[103.97929921178921,-5.253933089540909],[103.95100823634107,-5.242696794433427],[103.95721215371799,-5.243466640184403],[103.9632406808128,-5.238919617562057],[103.96849976685081,-5.239718484435389]]]}},{"type":"Feature","properties":{"code":"1813082009","desa":"Padang Raya","kecamatan":"Krui Selatan","kecCode":"181308","kabCode":"1813","province":"Lampung"},"geometry":{"type":"Polygon","coordinates":[[[103.96812966075532,-5.211382606765689],[103.95827803380428,-5.224398687180165],[103.95759235200552,-5.23195043019105],[103.95458236788203,-5.233194656629661],[103.95094403913616,-5.2426788025965605],[103.94663511202089,-5.239653774616968],[103.95628248315012,-5.220696004751079],[103.96169671393227,-5.213281168233199],[103.96812966075532,-5.211382606765689]]]}},{"type":"Feature","properties":{"code":"1813082010","desa":"Suka Jadi","kecamatan":"Krui Selatan","kecCode":"181308","kabCode":"1813","province":"Lampung"},"geometry":{"type":"Polygon","coordinates":[[[103.9195568093993,-5.225592230526353],[103.91916065084342,-5.228032154187365],[103.91540015099622,-5.228627098887692],[103.91043896358737,-5.224822984623104],[103.9140524926285,-5.2218809550750525],[103.9195568093993,-5.225592230526353]]]}},{"type":"Feature","properties":{"code":"1813092001","desa":"Sumber Agung","kecamatan":"Ngambur","kecCode":"181309","kabCode":"1813","province":"Lampung"},"geometry":{"type":"Polygon","coordinates":[[[104.07241001620933,-5.407687921404912],[104.07284699769087,-5.403272473194978],[104.07996663894932,-5.406567434485111],[104.08801249378159,-5.4054246965392325],[104.09209166839582,-5.408618035337541],[104.09151017575408,-5.403897448956388],[104.09363160901158,-5.40147103401176],[104.10281204493998,-5.400317709246795],[104.1055094022372,-5.402971283946772],[104.10811887778402,-5.395617322538061],[104.11243284110283,-5.39558400895158],[104.11255740799804,-5.392923484290761],[104.11682770473487,-5.391988644420753],[104.11705137512092,-5.388141055129838],[104.12091296416202,-5.391614403242809],[104.11893496557627,-5.398150496902024],[104.12524192727317,-5.404983713974392],[104.1224062425541,-5.428527885976495],[104.11881935772725,-5.434146277246574],[104.10956861639858,-5.434497408545874],[104.1083333597968,-5.429117331322528],[104.09113667201983,-5.416660032070162],[104.07633933499237,-5.407134198029772],[104.07241001620933,-5.407687921404912]]]}},{"type":"Feature","properties":{"code":"1813092002","desa":"Ulok Mukti","kecamatan":"Ngambur","kecCode":"181309","kabCode":"1813","province":"Lampung"},"geometry":{"type":"Polygon","coordinates":[[[104.2395538334427,-5.244736062928721],[104.26959813074922,-5.29739056018243],[104.24538306177897,-5.30575885343614],[104.22967861997239,-5.315514642324733],[104.2225402359432,-5.328125785002025],[104.21944693682671,-5.3433543361432925],[104.20064919590374,-5.355727533495889],[104.18423091632377,-5.3619141326218935],[104.15231300114414,-5.393336268612871],[104.14375169988107,-5.3962992919347315],[104.14553629566359,-5.39847947340279],[104.14341480305079,-5.405414987458454],[104.14598462029403,-5.4065904400423666],[104.1452422290457,-5.408912795332437],[104.14224668083972,-5.408807814772152],[104.13906372740917,-5.412485246036868],[104.1243447150366,-5.403166880196415],[104.11893496557627,-5.398150496902024],[104.12091296416202,-5.391614403242809],[104.11705137512092,-5.388141055129838],[104.12035882529959,-5.38517148834075],[104.12600766582118,-5.3713618902202604],[104.13105807227225,-5.372529015082005],[104.13104379373611,-5.370298270131305],[104.13349367289474,-5.370091522288447],[104.12500143326957,-5.360450722515117],[104.12996464325373,-5.355696550952168],[104.12804102037683,-5.352675619384494],[104.13426238999739,-5.351919750896704],[104.13332532880094,-5.34742956093099],[104.13788994486514,-5.342908822794008],[104.14117407832111,-5.332213643465792],[104.14014868391466,-5.3272233234236195],[104.14451564428163,-5.32106399354071],[104.1501938881375,-5.30428265407049],[104.17196773302453,-5.296661243278757],[104.17922600837363,-5.297485328940914],[104.18510269303492,-5.292286149447636],[104.19055601824572,-5.290853400826673],[104.19963450702691,-5.281344646710606],[104.20254656037552,-5.26938755307783],[104.20829276419975,-5.26318627162015],[104.2395538334427,-5.244736062928721]]]}},{"type":"Feature","properties":{"code":"1813092003","desa":"Negeri Ratu Ngambur","kecamatan":"Ngambur","kecCode":"181309","kabCode":"1813","province":"Lampung"},"geometry":{"type":"Polygon","coordinates":[[[104.10956861639858,-5.434497408545874],[104.11881935772725,-5.434146277246574],[104.1224062425541,-5.428527885976495],[104.12517434861734,-5.416347425029305],[104.12449700083594,-5.403114533358142],[104.13906372740917,-5.412485246036868],[104.14377450758752,-5.408718861929358],[104.14944505864257,-5.414854395750987],[104.1545165434038,-5.426365215208043],[104.15025714824883,-5.429111208738087],[104.1526055730888,-5.429599910229987],[104.1496254689403,-5.431620615818958],[104.14912757817524,-5.433958608520843],[104.15195061842637,-5.435008664135335],[104.15033591626957,-5.4369831409739815],[104.14769501031651,-5.431857687002648],[104.14340415058115,-5.43227952929641],[104.1366336711071,-5.4386200914572544],[104.13089798125691,-5.439758068392187],[104.12994344713246,-5.4426491738294205],[104.11118626293575,-5.444385771893155],[104.1117598361476,-5.437507766784298],[104.10956861639858,-5.434497408545874]]]}},{"type":"Feature","properties":{"code":"1813092004","desa":"Pekon Mon","kecamatan":"Ngambur","kecCode":"181309","kabCode":"1813","province":"Lampung"},"geometry":{"type":"Polygon","coordinates":[[[104.27486211179705,-5.306473860327443],[104.27943026039826,-5.313835296900985],[104.26989151118437,-5.318132048990048],[104.2632290196036,-5.324556594340046],[104.25847009781683,-5.360724401501917],[104.25466296092696,-5.368100729949252],[104.25156966091116,-5.370004298841928],[104.23753084087565,-5.369052514845227],[104.23396165021006,-5.371431976185903],[104.22991656619661,-5.3819016028472],[104.22396791418794,-5.3842810650871975],[104.20969114792818,-5.384756957535227],[104.20469427991713,-5.395940423767853],[104.19314853977333,-5.407394388085321],[104.19519721697803,-5.409656145257314],[104.19095026484291,-5.40977290243987],[104.19090131924052,-5.4134241211649],[104.1879801692495,-5.4126695773784625],[104.18678960985265,-5.4173121601627425],[104.18154955976443,-5.419482228754369],[104.18252989903566,-5.421559498102766],[104.18053924069345,-5.419982232925743],[104.18007286666953,-5.423427692162785],[104.17690357034354,-5.424908993382379],[104.17876020092258,-5.427583068128462],[104.17308673426544,-5.430046583704701],[104.17417890693103,-5.43228089716524],[104.16969600326796,-5.4374919171326],[104.17109869384971,-5.439326481044713],[104.16898216279664,-5.44171427010752],[104.1664278120939,-5.439781752038234],[104.1661246677193,-5.443081707263643],[104.16274916584138,-5.444051930959534],[104.16115207241029,-5.446804493137731],[104.16261501397177,-5.4492276174630305],[104.15884654073533,-5.450093145683697],[104.15754676227333,-5.452880089843043],[104.15891792622136,-5.454197716249076],[104.15664256590172,-5.45205025301635],[104.15379732588592,-5.4549934085156035],[104.14582613187054,-5.449213696857105],[104.14223572979517,-5.45966321827486],[104.13121425123676,-5.45630630628628],[104.13173482470245,-5.449779454060446],[104.12940392495123,-5.444841441286379],[104.13089798125691,-5.439758068392187],[104.13546654534485,-5.439315486832753],[104.14366202488257,-5.4322228360346845],[104.14769501031651,-5.431857687002648],[104.15033591626957,-5.4369831409739815],[104.15195061842637,-5.435008664135335],[104.14910205541558,-5.433706537544826],[104.15278175567356,-5.426715091953088],[104.15575636406498,-5.42780591923187],[104.16066473339076,-5.423550970329436],[104.16681920873953,-5.423437945333388],[104.16674135173207,-5.415627463772844],[104.163801156798,-5.413336500218053],[104.17122358989683,-5.4124983725414575],[104.16221728160234,-5.405498592932386],[104.16919880138363,-5.396007430454805],[104.17852020784134,-5.391419448209861],[104.19708000523808,-5.3730975970558985],[104.22944067374817,-5.349778880593968],[104.25252144490884,-5.31622848009743],[104.27486211179705,-5.306473860327443]]]}},{"type":"Feature","properties":{"code":"1813092005","desa":"Gedung Cahya Kuningan","kecamatan":"Ngambur","kecCode":"181309","kabCode":"1813","province":"Lampung"},"geometry":{"type":"Polygon","coordinates":[[[104.2352424098094,-5.417965735264553],[104.23988237377262,-5.419479244803811],[104.23757224296469,-5.421733834379208],[104.23837174206231,-5.42424654556931],[104.22622399933816,-5.430274908981462],[104.22679839992628,-5.433056341195957],[104.22306740593609,-5.429620399484093],[104.21946014337094,-5.432742252072393],[104.21950773189639,-5.437526555420448],[104.21579577295658,-5.440619855433119],[104.22074140299344,-5.445791691938977],[104.21660372388283,-5.452791137899593],[104.2186534991597,-5.455841491687258],[104.21089500380144,-5.461372410398611],[104.20918237626567,-5.466034169426831],[104.2130373409006,-5.475220316040948],[104.20852807630973,-5.47886378620729],[104.20645081325448,-5.486395885326738],[104.2001571390408,-5.488599860158155],[104.19972339062201,-5.496141048725524],[104.17783569965786,-5.482075550315685],[104.16427658699496,-5.47645780925546],[104.16377259702777,-5.473939266861161],[104.17493726474304,-5.471826621780805],[104.17498051134156,-5.468516915206476],[104.18352569225696,-5.461615525925739],[104.18278850718393,-5.457581473899923],[104.18837973713521,-5.45309490280608],[104.18758023803764,-5.4511380337937485],[104.1918089986864,-5.451412434936147],[104.19959714379318,-5.446638998995686],[104.20251187981944,-5.448422736823117],[104.20294732076228,-5.445685167242714],[104.20679014365025,-5.447314671339395],[104.20836535387802,-5.444807147438813],[104.21371089534159,-5.448419759167843],[104.21113300308569,-5.450672265913322],[104.21521463194976,-5.451338766071514],[104.2170435840942,-5.445765817544396],[104.21513525688664,-5.442524990944812],[104.21578775370192,-5.435803373442971],[104.22201189773095,-5.428514725297702],[104.22772736362695,-5.42778660988828],[104.2332762669862,-5.423422678442384],[104.2352424098094,-5.417965735264553]]]}},{"type":"Feature","properties":{"code":"1813092006","desa":"Suka Banjar","kecamatan":"Ngambur","kecCode":"181309","kabCode":"1813","province":"Lampung"},"geometry":{"type":"Polygon","coordinates":[[[104.27943026039826,-5.313835296900985],[104.29100727536553,-5.331710302809662],[104.30536893942508,-5.346626172266336],[104.3009701556482,-5.347011465212825],[104.29616585856759,-5.355216230242408],[104.29066301308762,-5.358303524582453],[104.29120032473526,-5.369755189333347],[104.2772918245581,-5.379424316851812],[104.27816033493156,-5.381438601281398],[104.25770411555254,-5.3846836403055205],[104.25484175694159,-5.390001814494511],[104.25067902901407,-5.391134476436175],[104.25119016499417,-5.394795943835199],[104.24486450369398,-5.400301917151682],[104.24450355719345,-5.415461825739222],[104.2352424098094,-5.417965735264553],[104.2332762669862,-5.423422678442384],[104.22488628837158,-5.429395124707713],[104.22201189773095,-5.428514725297702],[104.21486875718745,-5.437271140765066],[104.2170435840942,-5.445765817544396],[104.21521463194976,-5.451338766071514],[104.21113300308569,-5.450672265913322],[104.21371089534159,-5.448419759167843],[104.20836535387802,-5.444807147438813],[104.20679014365025,-5.447314671339395],[104.20294732076228,-5.445685167242714],[104.20251187981944,-5.448422736823117],[104.19959714379318,-5.446638998995686],[104.1918089986864,-5.451412434936147],[104.18758023803764,-5.4511380337937485],[104.1881741521155,-5.4531558192841025],[104.18559582368833,-5.452638611082086],[104.18389603937078,-5.446502214810594],[104.17401589941431,-5.448774902342817],[104.17001554767944,-5.444887753673733],[104.16875280329928,-5.446941298007285],[104.17078554181937,-5.447123556411576],[104.16720266886811,-5.449294045885866],[104.1612015639011,-5.446952971207436],[104.1661246677193,-5.443081707263643],[104.1664278120939,-5.439781752038234],[104.1703134723889,-5.440575697821405],[104.16969600326796,-5.4374919171326],[104.17422173714351,-5.432138128891248],[104.17290470518803,-5.4303356878632485],[104.17789217528372,-5.428843232352338],[104.17875829795713,-5.425725184795638],[104.17690357034354,-5.424908993382379],[104.18007286666953,-5.423427692162785],[104.18053924069345,-5.419982232925743],[104.18252989903566,-5.421559498102766],[104.18154955976443,-5.419482228754369],[104.18678960985265,-5.4173121601627425],[104.1879801692495,-5.4126695773784625],[104.19090131924052,-5.4134241211649],[104.19095026484291,-5.40977290243987],[104.19519721697803,-5.409656145257314],[104.19314853977333,-5.407394388085321],[104.20469427991713,-5.395940423767853],[104.20969114792818,-5.384756957535227],[104.22396791418794,-5.3842810650871975],[104.22991656619661,-5.3819016028472],[104.23396165021006,-5.371431976185903],[104.23753084087565,-5.369052514845227],[104.25156966091116,-5.370004298841928],[104.25466296092696,-5.368100729949252],[104.25847009781683,-5.360724401501917],[104.2632290196036,-5.324556594340046],[104.26989151118437,-5.318132048990048],[104.27943026039826,-5.313835296900985]]]}},{"type":"Feature","properties":{"code":"1813092007","desa":"Suka Negara","kecamatan":"Ngambur","kecCode":"181309","kabCode":"1813","province":"Lampung"},"geometry":{"type":"Polygon","coordinates":[[[104.13038613121505,-5.454888274171265],[104.14223572979517,-5.45966321827486],[104.14582613187054,-5.449213696857105],[104.15379732588592,-5.4549934085156035],[104.15664256590172,-5.45205025301635],[104.15673476979383,-5.453269727414381],[104.15877813290457,-5.454227460426371],[104.15884654073533,-5.450093145683697],[104.16033667959414,-5.451113340209015],[104.16311178058423,-5.446688112771226],[104.16732819623934,-5.449256963240692],[104.17078554181937,-5.447123556411576],[104.16875280329928,-5.446941298007285],[104.17001554767944,-5.444887753673733],[104.17401589941431,-5.448774902342817],[104.18389603937078,-5.446502214810594],[104.18330602924992,-5.44897947382637],[104.18762401973278,-5.452898836211081],[104.18278850718393,-5.457581473899923],[104.18360421296408,-5.461483465879279],[104.18039907775528,-5.46267200629695],[104.18019414744201,-5.465937905095856],[104.17498051134156,-5.468516915206476],[104.17493726474304,-5.471826621780805],[104.16377259702777,-5.473939266861161],[104.16427658699496,-5.47645780925546],[104.12862469117664,-5.459896523097761],[104.13038613121505,-5.454888274171265]]]}},{"type":"Feature","properties":{"code":"1813092008","desa":"Muara Tembulih","kecamatan":"Ngambur","kecCode":"181309","kabCode":"1813","province":"Lampung"},"geometry":{"type":"Polygon","coordinates":[[[104.11118626293575,-5.444385771893155],[104.12994344713246,-5.4426491738294205],[104.13173482470245,-5.449779454060446],[104.12862469117664,-5.459896523097761],[104.11990007033204,-5.45713616199872],[104.12123131427381,-5.454994259274246],[104.11888121939285,-5.455480667494993],[104.11118626293575,-5.444385771893155]]]}},{"type":"Feature","properties":{"code":"1813092009","desa":"Bumi Ratu","kecamatan":"Ngambur","kecCode":"181309","kabCode":"1813","province":"Lampung"},"geometry":{"type":"Polygon","coordinates":[[[104.26959813074922,-5.29739056018243],[104.27486211179705,-5.306473860327443],[104.25252144490884,-5.31622848009743],[104.22944067374817,-5.349778880593968],[104.19708000523808,-5.3730975970558985],[104.17852020784134,-5.391419448209861],[104.16919880138363,-5.396007430454805],[104.16221728160234,-5.405498592932386],[104.17122358989683,-5.4124983725414575],[104.163801156798,-5.413336500218053],[104.16674135173207,-5.415627463772844],[104.16681920873953,-5.423437945333388],[104.16066473339076,-5.423550970329436],[104.15565358774295,-5.427802034160652],[104.14944505864257,-5.414854395750987],[104.14377450758752,-5.408718861929358],[104.14598462029403,-5.4065904400423666],[104.14341004383853,-5.405771905895125],[104.14553629566359,-5.39847947340279],[104.14367139312036,-5.39637365057945],[104.15231300114414,-5.393336268612871],[104.18423091632377,-5.3619141326218935],[104.20064919590374,-5.355727533495889],[104.21944693682671,-5.3433543361432925],[104.2225402359432,-5.328125785002025],[104.22967861997239,-5.315514642324733],[104.24538306177897,-5.30575885343614],[104.26959813074922,-5.29739056018243]]]}},{"type":"Feature","properties":{"code":"1813102001","desa":"Negeri Ratu Ngaras","kecamatan":"Ngaras","kecCode":"181310","kabCode":"1813","province":"Lampung"},"geometry":{"type":"Polygon","coordinates":[[[104.3158237003036,-5.354181429827743],[104.32679401643075,-5.355003236607852],[104.33412025894285,-5.3608138840454265],[104.33553955730478,-5.368949657584284],[104.33818811019317,-5.370919910307292],[104.32711754843615,-5.397011180876527],[104.32771241399678,-5.410098216901226],[104.31849200230414,-5.4273493091478455],[104.31462537795885,-5.4321082309298445],[104.30560412113333,-5.435089896298397],[104.24501529661869,-5.4700141263323685],[104.24631805183668,-5.473597197130782],[104.23738360566894,-5.486200809784683],[104.23601303707203,-5.484826671780013],[104.23396228063477,-5.486933036894524],[104.23094113592474,-5.484121616786414],[104.22670316801685,-5.48676493921514],[104.22633267701148,-5.483955514702651],[104.23578195897028,-5.478302685693491],[104.23670280988681,-5.473041699393304],[104.24335221363378,-5.4657427009506945],[104.24596492314276,-5.4584210135121385],[104.25448809225172,-5.452144081083963],[104.25804003212185,-5.444831999304252],[104.26375668692161,-5.441640546384226],[104.26939898397596,-5.443279398933532],[104.27969312683638,-5.434525065396713],[104.28059317103803,-5.437704987209501],[104.29085042011087,-5.4298815473175575],[104.29197471386202,-5.431733957376392],[104.29523695602073,-5.428764389687946],[104.30778442670997,-5.426457010807864],[104.31462537795885,-5.414857140481845],[104.32146632830846,-5.410990515241227],[104.32057402996757,-5.400877805217854],[104.31492281073916,-5.385411307852537],[104.31849200320346,-5.3672679190645605],[104.31849200230414,-5.3592372385013105],[104.3158237003036,-5.354181429827743]]]}},{"type":"Feature","properties":{"code":"1813102003","desa":"Kota Batu","kecamatan":"Ngaras","kecCode":"181310","kabCode":"1813","province":"Lampung"},"geometry":{"type":"Polygon","coordinates":[[[104.30536893942508,-5.346626172266336],[104.3158237003036,-5.354181429827743],[104.31849200230414,-5.3592372385013105],[104.31492281073916,-5.385411307852537],[104.32057402996757,-5.400877805217854],[104.32146632830846,-5.410990515241227],[104.31462537795885,-5.414857140481845],[104.30778442670997,-5.426457010807864],[104.29523695602073,-5.428764389687946],[104.29197471386202,-5.431733957376392],[104.29085042011087,-5.4298815473175575],[104.28059317103803,-5.437704987209501],[104.27969312683638,-5.434525065396713],[104.26939898397596,-5.443279398933532],[104.26375668692161,-5.441640546384226],[104.25804003212185,-5.444831999304252],[104.25448809225172,-5.452144081083963],[104.24596492314276,-5.4584210135121385],[104.24335221363378,-5.4657427009506945],[104.23670280988681,-5.473041699393304],[104.23578195897028,-5.478302685693491],[104.22633267701148,-5.483955514702651],[104.22626096866884,-5.487470985261614],[104.22315278037657,-5.486724313241099],[104.22043284200213,-5.489074249839033],[104.21558695217618,-5.4862731962160876],[104.20390396109899,-5.4876840859154905],[104.2130373409006,-5.475220316040948],[104.21130961464705,-5.468821707138758],[104.20916810042756,-5.468796723073004],[104.21081469704068,-5.461518150931984],[104.2186534991597,-5.455841491687258],[104.21660372388283,-5.452791137899593],[104.22074140299344,-5.445791691938977],[104.21579577295658,-5.440619855433119],[104.21950773189639,-5.437526555420448],[104.21946014337094,-5.432742252072393],[104.22306740593609,-5.429620399484093],[104.22679839992628,-5.433056341195957],[104.22622399933816,-5.430274908981462],[104.23837174206231,-5.42424654556931],[104.23757224296469,-5.421733834379208],[104.23988237377262,-5.419479244803811],[104.2375330406174,-5.41846126980534],[104.24450355719345,-5.415461825739222],[104.24486450369398,-5.400301917151682],[104.25119016499417,-5.394795943835199],[104.25036763515827,-5.3914917042396],[104.25484175694159,-5.390001814494511],[104.25770411555254,-5.3846836403055205],[104.27816033493156,-5.381438601281398],[104.2772918245581,-5.379424316851812],[104.29152101308432,-5.369337312150479],[104.29172725730712,-5.3633667922329975],[104.28930594781133,-5.360854965975767],[104.29066301308762,-5.358303524582453],[104.29616585856759,-5.355216230242408],[104.3009701556482,-5.347011465212825],[104.30536893942508,-5.346626172266336]]]}},{"type":"Feature","properties":{"code":"1813102004","desa":"Mulang Maya","kecamatan":"Ngaras","kecCode":"181310","kabCode":"1813","province":"Lampung"},"geometry":{"type":"Polygon","coordinates":[[[104.33818811019317,-5.370919910307292],[104.34921144225432,-5.379648553810515],[104.34407120791997,-5.389277933093207],[104.34169174567756,-5.407718757359208],[104.33574309366888,-5.415749437023162],[104.32682011565588,-5.440733777053214],[104.3211688973268,-5.4443029704132195],[104.30600025091093,-5.44368546172271],[104.2967943057127,-5.450177326723773],[104.29628165887151,-5.454901951060926],[104.29348712712924,-5.457106679524104],[104.28639021623553,-5.4558383629458564],[104.28288519489587,-5.467862834685697],[104.27546003775056,-5.466577679201506],[104.27229692965966,-5.470393767939121],[104.2574296721417,-5.476357263252137],[104.25490744432318,-5.479563587361497],[104.25143509625273,-5.47926853418762],[104.2398156656605,-5.488357828314102],[104.23431953631763,-5.489526544975833],[104.23199680870584,-5.495974727207158],[104.22980983015957,-5.494294752257986],[104.22653436706747,-5.500165361992877],[104.22262846303317,-5.500063651367608],[104.22292993736676,-5.503794976304533],[104.21383539658632,-5.507384013205392],[104.21075730680434,-5.507133087965693],[104.21186187032912,-5.505829004450375],[104.20599479312527,-5.501950979403433],[104.20799710937916,-5.499431131193554],[104.21674622865561,-5.500068144380487],[104.22052750643932,-5.494083177753655],[104.23007089075907,-5.492044198839967],[104.22957589491169,-5.487692048512847],[104.23276892884302,-5.485285917776978],[104.23396228063477,-5.486933036894524],[104.23949044203033,-5.484686210267071],[104.24631805183668,-5.473597197130782],[104.24501529661869,-5.4700141263323685],[104.30560412113333,-5.435089896298397],[104.31462537795885,-5.4321082309298445],[104.32771241399678,-5.410098216901226],[104.32711754843615,-5.397011180876527],[104.33818811019317,-5.370919910307292]]]}},{"type":"Feature","properties":{"code":"1813102005","desa":"Rajabasa","kecamatan":"Ngaras","kecCode":"181310","kabCode":"1813","province":"Lampung"},"geometry":{"type":"Polygon","coordinates":[[[104.34921144225432,-5.379648553810515],[104.35859687414647,-5.392927581602],[104.35596851283667,-5.403852132118549],[104.35477878171547,-5.432405663709833],[104.3461532355834,-5.44906189129585],[104.33425593066669,-5.454415677738568],[104.31718856809799,-5.454866100486907],[104.31561157721256,-5.457669959994609],[104.3082318807967,-5.4546425164359835],[104.30052004766213,-5.461601249188264],[104.29851444978208,-5.467533807822956],[104.29165774510892,-5.470337044100421],[104.29111075675608,-5.472927253468486],[104.28695204610011,-5.472621661139545],[104.28136038627285,-5.4870959787606886],[104.27687645738267,-5.486569343864886],[104.27577460531387,-5.490249801348287],[104.27088021504993,-5.489243859278785],[104.26434367532045,-5.501065046464885],[104.25802925734439,-5.499684034042456],[104.25467144603043,-5.491308834894848],[104.24909435701905,-5.493941933830533],[104.23682576339831,-5.49234802130312],[104.23521284279849,-5.50002101810671],[104.22439018006281,-5.504923567914577],[104.22415175270129,-5.512279409805786],[104.21525295206213,-5.515801635172618],[104.21075730680434,-5.507133087965693],[104.22292993736676,-5.503794976304533],[104.22262846303317,-5.500063651367608],[104.22653436706747,-5.500165361992877],[104.22980983015957,-5.494294752257986],[104.23199680870584,-5.495974727207158],[104.23431953631763,-5.489526544975833],[104.27229692965966,-5.470393767939121],[104.27546003775056,-5.466577679201506],[104.28288519489587,-5.467862834685697],[104.28639021623553,-5.4558383629458564],[104.29348712712924,-5.457106679524104],[104.29628165887151,-5.454901951060926],[104.2967943057127,-5.450177326723773],[104.30600025091093,-5.44368546172271],[104.3211688973268,-5.4443029704132195],[104.32682011565588,-5.440733777053214],[104.33574309366888,-5.415749437023162],[104.34169174567756,-5.407718757359208],[104.34407120791997,-5.389277933093207],[104.34921144225432,-5.379648553810515]]]}},{"type":"Feature","properties":{"code":"1813102006","desa":"Pardasuka","kecamatan":"Ngaras","kecCode":"181310","kabCode":"1813","province":"Lampung"},"geometry":{"type":"Polygon","coordinates":[[[104.21525295206213,-5.515801635172618],[104.22415175270129,-5.512279409805786],[104.22439018006281,-5.504923567914577],[104.23521284279849,-5.50002101810671],[104.23682576339831,-5.49234802130312],[104.24909435701905,-5.493941933830533],[104.25467144603043,-5.491308834894848],[104.25802925734439,-5.499684034042456],[104.26365679922196,-5.501416857651685],[104.2338537666381,-5.515103308906606],[104.23162946712625,-5.520400088224207],[104.21942314885926,-5.525000409167604],[104.21279097162608,-5.524477584699376],[104.21525295206213,-5.515801635172618]]]}},{"type":"Feature","properties":{"code":"1813102017","desa":"Padang Alam","kecamatan":"Ngaras","kecCode":"181310","kabCode":"1813","province":"Lampung"},"geometry":{"type":"Polygon","coordinates":[[[104.19564332927627,-5.494623367231265],[104.19936410786731,-5.496295679956653],[104.20083687722018,-5.494851973995817],[104.2001571390408,-5.488599860158155],[104.21384518660612,-5.48618753489197],[104.22043284200213,-5.489074249839033],[104.22315278037657,-5.486724313241099],[104.22957589491169,-5.487692048512847],[104.23057455517163,-5.49076137529778],[104.22052750643932,-5.494083177753655],[104.21674622865561,-5.500068144380487],[104.20799710937916,-5.499431131193554],[104.20599479312527,-5.501950979403433],[104.21188075699138,-5.5071195558668835],[104.19564332927627,-5.494623367231265]]]}},{"type":"Feature","properties":{"code":"1813102018","desa":"Suka Maju","kecamatan":"Ngaras","kecCode":"181310","kabCode":"1813","province":"Lampung"},"geometry":{"type":"Polygon","coordinates":[[[104.35859687414647,-5.392927581602],[104.37668871291383,-5.412060243525434],[104.38879039236275,-5.428813692321139],[104.37827202513392,-5.441784764365336],[104.35937149439899,-5.451779894326527],[104.34774768230976,-5.461550440190684],[104.33119833013888,-5.4684100181908555],[104.29011681164161,-5.499770254744929],[104.28604468501423,-5.514312411825152],[104.27465624978616,-5.52140989288191],[104.27361631064429,-5.530121416890743],[104.26155013283244,-5.537834087286458],[104.2634905649377,-5.541580145816405],[104.25663431262346,-5.539575457152994],[104.25269543494642,-5.531960579036544],[104.25393054765668,-5.529616524904109],[104.25109207503931,-5.5305670066824515],[104.2502091431375,-5.524187352790939],[104.2545754002346,-5.513781773147673],[104.25660112224404,-5.514189970927293],[104.25520856882046,-5.507332439784113],[104.26386885486379,-5.504881104625565],[104.26365679922196,-5.501416857651685],[104.27088021504993,-5.489243859278785],[104.27577460531387,-5.490249801348287],[104.27687645738267,-5.486569343864886],[104.28136038627285,-5.4870959787606886],[104.28695204610011,-5.472621661139545],[104.29111075675608,-5.472927253468486],[104.29165774510892,-5.470337044100421],[104.29851444978208,-5.467533807822956],[104.30052004766213,-5.461601249188264],[104.3082318807967,-5.4546425164359835],[104.31561157721256,-5.457669959994609],[104.31718856809799,-5.454866100486907],[104.33425593066669,-5.454415677738568],[104.3461532355834,-5.44906189129585],[104.34912756338639,-5.445195266954549],[104.35477878171547,-5.432405663709833],[104.35596851283667,-5.403852132118549],[104.35859687414647,-5.392927581602]]]}},{"type":"Feature","properties":{"code":"1813102019","desa":"Sukarame","kecamatan":"Ngaras","kecCode":"181310","kabCode":"1813","province":"Lampung"},"geometry":{"type":"Polygon","coordinates":[[[104.25472131073995,-5.536489779794014],[104.26179945098391,-5.5452407867385665],[104.21882518513422,-5.525106996816358],[104.23162946712625,-5.520400088224207],[104.2338537666381,-5.515103308906606],[104.26365679922196,-5.501416857651685],[104.26372582308834,-5.505005845989171],[104.25520856882046,-5.507332439784113],[104.25660112224404,-5.514189970927293],[104.2545754002346,-5.513781773147673],[104.2502091431375,-5.524187352790939],[104.25109207503931,-5.5305670066824515],[104.2536964811078,-5.529258440946051],[104.25472131073995,-5.536489779794014]]]}},{"type":"Feature","properties":{"code":"1813102020","desa":"Bandar Jaya","kecamatan":"Ngaras","kecCode":"181310","kabCode":"1813","province":"Lampung"},"geometry":{"type":"Polygon","coordinates":[[[104.2254188498001,-5.488260947947464],[104.22903401290942,-5.4845632747421265],[104.23274983623598,-5.485311402765043],[104.2254188498001,-5.488260947947464]]]}},{"type":"Feature","properties":{"code":"1813112001","desa":"Pagar Bukit","kecamatan":"Bangkunat","kecCode":"181311","kabCode":"1813","province":"Lampung"},"geometry":{"type":"Polygon","coordinates":[[[104.38879039236275,-5.428813692321139],[104.40567284442629,-5.443984761495333],[104.39816928978098,-5.451325614385951],[104.39322001209393,-5.468648090319936],[104.38541537971605,-5.47074201601197],[104.36942540315987,-5.482924855665995],[104.34612387091993,-5.4917343050537095],[104.30584676181864,-5.545028848908126],[104.30624651586407,-5.548955106394936],[104.302463458322,-5.550417932841762],[104.29968515304743,-5.560352723689707],[104.3017540892799,-5.563231575864061],[104.30018680207934,-5.56689373394255],[104.30370584834627,-5.568455543370968],[104.30145901632062,-5.573516549226611],[104.29733515978984,-5.575353392020776],[104.27329541994771,-5.552645076007642],[104.25950403308472,-5.544937883382545],[104.26221094927591,-5.54505313959658],[104.26029052079099,-5.542332834301447],[104.26365988659455,-5.54121134014094],[104.26155013283244,-5.537834087286458],[104.27361631064429,-5.530121416890743],[104.27465624978616,-5.52140989288191],[104.28604468501423,-5.514312411825152],[104.29011681164161,-5.499770254744929],[104.33119833013888,-5.4684100181908555],[104.34774768230976,-5.461550440190684],[104.35937149439899,-5.451779894326527],[104.37827202513392,-5.441784764365336],[104.38879039236275,-5.428813692321139]]]}},{"type":"Feature","properties":{"code":"1813112002","desa":"Tanjung Kemala","kecamatan":"Bangkunat","kecCode":"181311","kabCode":"1813","province":"Lampung"},"geometry":{"type":"Polygon","coordinates":[[[104.38255104079798,-5.577177131692798],[104.3913661280444,-5.582243344623111],[104.39234924532148,-5.589486540132893],[104.38487954925188,-5.592797850198489],[104.386002675683,-5.610438374071842],[104.38081342469985,-5.621876819688096],[104.37602639190452,-5.62445082057502],[104.37898013422586,-5.616842949076566],[104.37529708669126,-5.616092282267478],[104.37061041284032,-5.605701173615175],[104.36701244386926,-5.605891159893806],[104.36665049192675,-5.602587877176844],[104.37032559844766,-5.5972713082776275],[104.36533546366076,-5.592541354557947],[104.36734093923303,-5.586986043534755],[104.3581976632916,-5.586459442813262],[104.35775135224314,-5.583520117526602],[104.36134314556976,-5.58120757114199],[104.36679908421041,-5.582418885991093],[104.3676010627389,-5.573960460883317],[104.37356684233593,-5.5785866517247324],[104.37086285703525,-5.58475598116955],[104.37616555569586,-5.580982426767314],[104.37871897200301,-5.582478691806439],[104.38241474044797,-5.580942753175278],[104.38255104079798,-5.577177131692798]]]}},{"type":"Feature","properties":{"code":"1813112003","desa":"Suka Marga","kecamatan":"Bangkunat","kecCode":"181311","kabCode":"1813","province":"Lampung"},"geometry":{"type":"MultiPolygon","coordinates":[[[[104.37563384682466,-5.616178803343465],[104.37898013422586,-5.616842949076566],[104.37559658881155,-5.624242134693062],[104.37099772566454,-5.624635413619379],[104.36984719868934,-5.6227037175303884],[104.37563384682466,-5.616178803343465]]],[[[104.4173656938717,-5.4839377881658224],[104.42700433708059,-5.4953015522807505],[104.43103536469039,-5.506837231697243],[104.44294305138077,-5.519019124365154],[104.44156837468078,-5.544939036313446],[104.43650627074788,-5.559759134267646],[104.42222404470395,-5.547698969335195],[104.40551567081161,-5.549869530755241],[104.38471794108017,-5.564800256112913],[104.38241474044797,-5.580942753175278],[104.37871897200301,-5.582478691806439],[104.37616555569586,-5.580982426767314],[104.37086285703525,-5.58475598116955],[104.37356684233593,-5.5785866517247324],[104.3676010627389,-5.573960460883317],[104.36679908421041,-5.582418885991093],[104.36134314556976,-5.58120757114199],[104.3579697256224,-5.582913238822703],[104.35691194393117,-5.588019728790121],[104.35910621328115,-5.591235263755841],[104.35724149240099,-5.592944503543689],[104.34295241622107,-5.583213607889161],[104.33708850013426,-5.584707676783784],[104.33709250301666,-5.5875223047737315],[104.32975102688847,-5.592858397954495],[104.3169969522476,-5.594777538608383],[104.31439181233235,-5.598554337764508],[104.31076554709239,-5.589574038771986],[104.31440338930503,-5.586032388048914],[104.31602522758224,-5.588068255308362],[104.31893393905011,-5.579484777671575],[104.3148904216557,-5.577473982611492],[104.31341290478179,-5.567422853665121],[104.31693450782132,-5.561398599255386],[104.3219955118834,-5.563749401900423],[104.32328481234428,-5.562171446943386],[104.32495457279536,-5.5536011218915045],[104.32054700534006,-5.550741468444124],[104.32088250822125,-5.548385803164761],[104.32801224526897,-5.543759978347462],[104.33388229743014,-5.531043972021634],[104.33679285520617,-5.530183559144757],[104.33776363468405,-5.535673013713908],[104.34962502337616,-5.549531429733046],[104.35274554676965,-5.54599981544402],[104.35297159586253,-5.532514219673987],[104.3597077410195,-5.531147944441906],[104.35994890232007,-5.52749467796051],[104.36530661520817,-5.520760603049731],[104.36913625313564,-5.522363473724008],[104.38263788293199,-5.5096013753447135],[104.39572491807057,-5.4813452738353865],[104.39959154241579,-5.4849144671953205],[104.40435046330326,-5.485509330956745],[104.4173656938717,-5.4839377881658224]]]]}},{"type":"Feature","properties":{"code":"1813112004","desa":"Kota Jawa","kecamatan":"Bangkunat","kecCode":"181311","kabCode":"1813","province":"Lampung"},"geometry":{"type":"Polygon","coordinates":[[[104.31439181233235,-5.598554337764508],[104.3169969522476,-5.594777538608383],[104.3216837340172,-5.594964874584947],[104.32495956403271,-5.592302428072991],[104.32825030660644,-5.593297065664397],[104.33223576376952,-5.590818308378087],[104.3373246701974,-5.593265929336562],[104.34007477722922,-5.601346712929703],[104.33752699157748,-5.604524647240759],[104.33830152369642,-5.6104276127842505],[104.3432719993034,-5.607008277053943],[104.3473540796271,-5.619236861623161],[104.34211406281383,-5.621479286069264],[104.33980145707164,-5.6255496311355495],[104.34327432764815,-5.633184216096016],[104.33470989224782,-5.642796906659592],[104.3294014388254,-5.655822241997495],[104.30103026273649,-5.641870693985988],[104.29800123906595,-5.636006396592379],[104.29991082442507,-5.628416040290095],[104.30152253723537,-5.6281350291306955],[104.30018514013216,-5.631276752239565],[104.3018685208156,-5.633114969197858],[104.30661961580266,-5.634362393625679],[104.31451220097732,-5.629529927085498],[104.3181646436834,-5.623940334805176],[104.32019073711291,-5.614058408805007],[104.31439181233235,-5.598554337764508]]]}},{"type":"Feature","properties":{"code":"1813112005","desa":"Penyandingan","kecamatan":"Bangkunat","kecCode":"181311","kabCode":"1813","province":"Lampung"},"geometry":{"type":"Polygon","coordinates":[[[104.37559658881155,-5.624242134693062],[104.37751254856532,-5.6274895353368235],[104.37419767178515,-5.628976222596145],[104.37349119856002,-5.626838224727983],[104.36749050638183,-5.625134962733727],[104.36561018226416,-5.619775474589227],[104.36309617065183,-5.62217635418375],[104.36168118633775,-5.621027627652388],[104.36378901375207,-5.618016807162494],[104.3509960056612,-5.616106934921553],[104.34644772668129,-5.618475662853601],[104.3432719993034,-5.607008277053943],[104.3480060953051,-5.603423482255116],[104.34413118370723,-5.596363386915028],[104.34650506475695,-5.592680216176988],[104.34355408875022,-5.583765859973358],[104.35724149240099,-5.592944503543689],[104.35910621328115,-5.591235263755841],[104.35691194393117,-5.588019728790121],[104.3581976632916,-5.586459442813262],[104.36734093923303,-5.586986043534755],[104.36533546366076,-5.592541354557947],[104.37032559844766,-5.5972713082776275],[104.36665049192675,-5.602587877176844],[104.36701244386926,-5.605891159893806],[104.37061041284032,-5.605701173615175],[104.3753505927557,-5.6129185271060225],[104.37523050628289,-5.618044029640769],[104.3697986352988,-5.623431260071675],[104.37559658881155,-5.624242134693062]]]}},{"type":"Feature","properties":{"code":"1813112006","desa":"Bandar Dalam","kecamatan":"Bangkunat","kecCode":"181311","kabCode":"1813","province":"Lampung"},"geometry":{"type":"MultiPolygon","coordinates":[[[[104.60206842331917,-5.933411598884279],[104.60291313133598,-5.933631698961653],[104.60208626856648,-5.93416112895035],[104.60206842331917,-5.933411598884279]]],[[[104.61117676239773,-5.93368777348983],[104.61093286715817,-5.933414136771084],[104.61131952887318,-5.93344982906442],[104.61117676239773,-5.93368777348983]]],[[[104.6050018436602,-5.932810927301177],[104.60722019505602,-5.933798419778985],[104.60380804670403,-5.9338912190221835],[104.6050018436602,-5.932810927301177]]],[[[104.60813866636641,-5.932582514790156],[104.60807680020422,-5.933248764037516],[104.6078483706059,-5.932925157388725],[104.60813866636641,-5.932582514790156]]],[[[104.60736771984443,-5.932963228388844],[104.6074581403809,-5.932777630801765],[104.60752000564378,-5.932915639863484],[104.60736771984443,-5.932963228388844]]],[[[104.60264544183372,-5.932870270864983],[104.60247293118088,-5.93259663234765],[104.60276441494585,-5.932566889968925],[104.60264544183372,-5.932870270864983]]],[[[104.6037875826309,-5.931835206049642],[104.60396009418302,-5.933120113320966],[104.60289528518932,-5.932138586945632],[104.60142596923316,-5.932792939061646],[104.60211601184453,-5.9316091569568785],[104.6037875826309,-5.931835206049642]]],[[[104.60637310563435,-5.932296980040845],[104.60559264158718,-5.93221607792896],[104.60567354369913,-5.931821087592806],[104.60637310563435,-5.932296980040845]]],[[[104.44659997271066,-5.896514462227346],[104.43949866772937,-5.892618306847984],[104.43895083311452,-5.887351856266917],[104.44700570544899,-5.892612065552936],[104.44659997271066,-5.896514462227346]]],[[[104.61359225687721,-5.7294599622284],[104.5821132648154,-5.720678322576242],[104.49339103686691,-5.72161864561283],[104.48127052831228,-5.716716819759125],[104.47111667699312,-5.7165235860285435],[104.45567051058565,-5.729037999425534],[104.45031124456834,-5.729090081863124],[104.44769784168209,-5.735146576068973],[104.44415342194293,-5.736893624254921],[104.44619385955905,-5.748663372918158],[104.42128260380917,-5.725404581880993],[104.42411420560614,-5.722591705770469],[104.42078865027605,-5.711004955653577],[104.42375037408054,-5.709162010959257],[104.42757171036618,-5.714494772151978],[104.43372615603732,-5.709566832684012],[104.43982700031584,-5.71344882643918],[104.44776832874544,-5.705808457938572],[104.44704850688316,-5.696072642992418],[104.45016385018157,-5.69151724498379],[104.46075398870566,-5.6890002719064485],[104.46440589001986,-5.684862778959644],[104.46291945456926,-5.68285847250803],[104.4657271299032,-5.678633866731345],[104.46813774106397,-5.628337854130863],[104.4889888761358,-5.630502694963445],[104.49363250033967,-5.602386573829572],[104.50111447305454,-5.601698594263653],[104.5083876357808,-5.611843425372519],[104.51606065417593,-5.606737394958668],[104.51623760388235,-5.600734744962411],[104.51985896062256,-5.600018632804276],[104.52351200677373,-5.602995725120181],[104.52530502200919,-5.609327033257235],[104.53429751941506,-5.616979083051793],[104.54113868110527,-5.617745032040352],[104.54245448998277,-5.620048582506569],[104.55137727644022,-5.616911829051301],[104.55629463808712,-5.620086077940619],[104.5656839046885,-5.619877723908512],[104.57220370263883,-5.623185533812682],[104.58950499595885,-5.6540934527469995],[104.60995175267128,-5.668856202733148],[104.6168398319927,-5.680141298652306],[104.627961525604,-5.691688444424915],[104.62900645328521,-5.694231000516417],[104.62459819155333,-5.700558998249051],[104.62312901409278,-5.711041500504205],[104.61359225687721,-5.7294599622284]]]]}},{"type":"Feature","properties":{"code":"1813112007","desa":"Way Haru","kecamatan":"Bangkunat","kecCode":"181311","kabCode":"1813","province":"Lampung"},"geometry":{"type":"Polygon","coordinates":[[[104.6475867201511,-5.876770974475213],[104.64638773770399,-5.882931024715145],[104.64866886807384,-5.881544248537764],[104.651773640741,-5.885548087839579],[104.6505532544292,-5.887749322436635],[104.65328697581333,-5.88888074960916],[104.65462600968266,-5.895803515775018],[104.66014044922241,-5.8995742418094945],[104.65686742059506,-5.90465119174569],[104.65869136981091,-5.908314333682571],[104.66030297110531,-5.907453668995488],[104.65835077856565,-5.9102145445067595],[104.66192159790346,-5.910762442073623],[104.65810500734028,-5.913407291551164],[104.66494509613932,-5.915187419499939],[104.66036732928886,-5.919114726495733],[104.66114786438247,-5.920946212927858],[104.65859629258487,-5.918747438875865],[104.66091005665383,-5.9228488815991565],[104.65901698284756,-5.922668209598953],[104.65874243871264,-5.925992577820634],[104.66228207585715,-5.9308128126818795],[104.6601951846601,-5.93090488257486],[104.65856864562653,-5.936374568246938],[104.65467349028938,-5.937100494706559],[104.6555140317472,-5.936618026415748],[104.65469197585405,-5.934572963588367],[104.65289821058398,-5.933627217639905],[104.65450995127327,-5.936673535270333],[104.65158695587337,-5.934303730849748],[104.65006334784526,-5.935047925238032],[104.65345635772478,-5.937173257953906],[104.64620510158424,-5.938017663797739],[104.61206033371745,-5.938195481349788],[104.6126439406654,-5.934746101068521],[104.60921956692953,-5.932799783801687],[104.61075927462086,-5.93201051089589],[104.60253133765114,-5.929838278535409],[104.60038233207904,-5.933572766388017],[104.59307548974208,-5.937508650218088],[104.60806014296128,-5.933794850369761],[104.60940929780094,-5.935008375752455],[104.60760328736188,-5.936850077583707],[104.61115345376898,-5.934436741479576],[104.61230648175875,-5.936065918223052],[104.61106748307795,-5.937417736853229],[104.59258211627173,-5.938051709432346],[104.5845214289209,-5.943141117676938],[104.57236971568987,-5.9332560440494575],[104.55651458258198,-5.926171479055766],[104.55336228524135,-5.918729347214227],[104.55505361413304,-5.912949585193642],[104.55767860118658,-5.91165369989802],[104.56094589123995,-5.915003654731247],[104.5666317298705,-5.914573199630255],[104.57624289789145,-5.903666345073388],[104.57613510065441,-5.891788250586704],[104.56996356606578,-5.874186319320037],[104.53987860141638,-5.83944499789969],[104.49777346107639,-5.807245267598417],[104.46800880616155,-5.775883328627369],[104.45281097584592,-5.76408628014417],[104.44796444030673,-5.7561712874692255],[104.4439786279114,-5.742506035033472],[104.44495955893655,-5.7391277236768214],[104.44814451066071,-5.737153936618124],[104.45303194826583,-5.741284390571341],[104.45652299504025,-5.739462964854969],[104.45939684698696,-5.743044686670369],[104.4705496022824,-5.7443458518856545],[104.473099470764,-5.73705952668922],[104.47082534791154,-5.733454855973817],[104.48242942617713,-5.730003409050539],[104.48344886797094,-5.733642354727676],[104.47793507594302,-5.735941156773473],[104.4802145668488,-5.737684332478721],[104.47986965256246,-5.742542695896633],[104.47351869693038,-5.750680850840384],[104.48020887144229,-5.764595227173904],[104.49840354768565,-5.769977563494326],[104.5177478785618,-5.782724372499624],[104.54062461873121,-5.7798213897161075],[104.59180805090091,-5.7658264979791705],[104.59463652755375,-5.77049578703094],[104.60414332475473,-5.776677643132602],[104.61765274807588,-5.801315760363397],[104.64021683983538,-5.808599835456091],[104.64646357483417,-5.816971388752283],[104.6537455581111,-5.8210926948016635],[104.65328516188077,-5.823581633312858],[104.63932448843444,-5.828800232766483],[104.63964514980385,-5.835655360921325],[104.63451678831916,-5.842124012621783],[104.64062850000533,-5.852735845481059],[104.63915163513991,-5.859867456708843],[104.6432488843286,-5.859922735337018],[104.64077582514427,-5.862558766961929],[104.64507878435847,-5.867813196305175],[104.64366044557316,-5.8762711204905935],[104.6475867201511,-5.876770974475213]]]}},{"type":"Feature","properties":{"code":"1813112008","desa":"Pemerihan","kecamatan":"Bangkunat","kecCode":"181311","kabCode":"1813","province":"Lampung"},"geometry":{"type":"Polygon","coordinates":[[[104.45570124131928,-5.5281044857563355],[104.47096258265714,-5.530727144462399],[104.47854802597067,-5.539263071345359],[104.47661256531768,-5.543489248237656],[104.47770747372101,-5.547942032701604],[104.48100457719954,-5.547250835361421],[104.48040483011886,-5.5501703189058205],[104.48200962264605,-5.550121673677099],[104.47951577563259,-5.556105294018837],[104.48154854383029,-5.563162752546656],[104.48433449783886,-5.559148223003769],[104.48696588896466,-5.5595105157889755],[104.4905345130574,-5.5683691823742585],[104.48419342478677,-5.571258233759963],[104.4835080010934,-5.580115110694437],[104.48687832197703,-5.577844282960147],[104.49430409875521,-5.582134995202477],[104.48595559687332,-5.594703751932546],[104.4862357590731,-5.602448388730295],[104.48857761796275,-5.601320781877824],[104.49025202700949,-5.607594785214159],[104.49308710198824,-5.607505523004552],[104.4889888761358,-5.630502694963445],[104.46813774106397,-5.628337854130863],[104.43551444983206,-5.658872597583859],[104.42322731129144,-5.666456217064734],[104.40360069311754,-5.6394843986970375],[104.39897728027734,-5.637084955319829],[104.38628532720615,-5.637899145741541],[104.37702201785191,-5.626791879065682],[104.386002675683,-5.610438374071842],[104.38487954925188,-5.592797850198489],[104.39234924532148,-5.589486540132893],[104.3913661280444,-5.582243344623111],[104.38255104079798,-5.577177131692798],[104.38518252005728,-5.5716067228511195],[104.38447761614911,-5.5652122436357585],[104.40551567081161,-5.549869530755241],[104.42222404470395,-5.547698969335195],[104.43650627074788,-5.559759134267646],[104.44156837468078,-5.544939036313446],[104.44165611433829,-5.522472376227765],[104.44283867606411,-5.520584496008165],[104.44371563197092,-5.523016891444404],[104.45308113758449,-5.519988306646107],[104.45570124131928,-5.5281044857563355]]]}},{"type":"Feature","properties":{"code":"1813112009","desa":"Suka Negeri","kecamatan":"Bangkunat","kecCode":"181311","kabCode":"1813","province":"Lampung"},"geometry":{"type":"Polygon","coordinates":[[[104.3294014388254,-5.655822241997495],[104.33470989224782,-5.642796906659592],[104.34327432764815,-5.633184216096016],[104.33968621794467,-5.625877035621346],[104.34278837268535,-5.620934351768525],[104.3509960056612,-5.616106934921553],[104.36218926192498,-5.617540936298222],[104.36303271988417,-5.6221888052974585],[104.36561018226416,-5.619775474589227],[104.36749050638183,-5.625134962733727],[104.37349119856002,-5.626838224727983],[104.37538291259142,-5.631198775622276],[104.36963920168783,-5.6355962346934145],[104.36937811320938,-5.645692343231833],[104.36410309028541,-5.657579439032759],[104.36573647765634,-5.6661085229742865],[104.36347523939081,-5.669911334121308],[104.3294014388254,-5.655822241997495]]]}},{"type":"Feature","properties":{"code":"1813112010","desa":"Sumberejo","kecamatan":"Bangkunat","kecCode":"181311","kabCode":"1813","province":"Lampung"},"geometry":{"type":"Polygon","coordinates":[[[104.37419767178515,-5.628976222596145],[104.37751254856532,-5.6274895353368235],[104.38628532720615,-5.637899145741541],[104.4022960673097,-5.638412469771763],[104.41351127602461,-5.65079116198224],[104.42322731129144,-5.666456217064734],[104.43551444983206,-5.658872597583859],[104.46813774106397,-5.628337854130863],[104.4657271299032,-5.678633866731345],[104.46291945456926,-5.68285847250803],[104.46448421467483,-5.684627261804506],[104.46075398870566,-5.6890002719064485],[104.45016385018157,-5.69151724498379],[104.44704850688316,-5.696072642992418],[104.44776832874544,-5.705808457938572],[104.44010421633656,-5.713260558764917],[104.43350823501707,-5.709547294013294],[104.42571405096277,-5.71437324676393],[104.42698871585662,-5.712064874132999],[104.42375037408054,-5.709162010959257],[104.42001986482497,-5.711243600650833],[104.37985828533164,-5.680278692577754],[104.35890772211377,-5.669462834123468],[104.36347523939081,-5.669911334121308],[104.36566665069546,-5.666334644912077],[104.36410309028541,-5.657579439032759],[104.36937811320938,-5.645692343231833],[104.36963920168783,-5.6355962346934145],[104.37524909976622,-5.631549940196589],[104.37419767178515,-5.628976222596145]]]}},{"type":"Feature","properties":{"code":"1813112011","desa":"Siring Gading","kecamatan":"Bangkunat","kecCode":"181311","kabCode":"1813","province":"Lampung"},"geometry":{"type":"Polygon","coordinates":[[[104.61359225687721,-5.7294599622284],[104.61549072121989,-5.741912343088659],[104.61193111462927,-5.747635137554362],[104.60418395432612,-5.752527515130633],[104.59386128676904,-5.751682548109892],[104.58896108598537,-5.753689555225616],[104.59180805090091,-5.7658264979791705],[104.53344535781707,-5.780975335912589],[104.5177478785618,-5.782724372499624],[104.49840354768565,-5.769977563494326],[104.48165541926225,-5.766341360749395],[104.47351869693038,-5.750680850840384],[104.47986965256246,-5.742542695896633],[104.4802145668488,-5.737684332478721],[104.47793507594302,-5.735941156773473],[104.48344886797094,-5.733642354727676],[104.48287011556344,-5.7288693189854305],[104.48955667390146,-5.728901532701126],[104.48478820760975,-5.720998752819644],[104.48563641758663,-5.718999300908399],[104.49339103686691,-5.72161864561283],[104.5821132648154,-5.720678322576242],[104.61359225687721,-5.7294599622284]]]}},{"type":"Feature","properties":{"code":"1813112012","desa":"Way Tias","kecamatan":"Bangkunat","kecCode":"181311","kabCode":"1813","province":"Lampung"},"geometry":{"type":"Polygon","coordinates":[[[104.44395969898096,-5.740809769764716],[104.44415342194293,-5.736893624254921],[104.44769784168209,-5.735146576068973],[104.45031124456834,-5.729090081863124],[104.45567051058565,-5.729037999425534],[104.47111667699312,-5.7165235860285435],[104.48482887675128,-5.718031437932882],[104.48478820760975,-5.720998752819644],[104.48962773203424,-5.726393836130701],[104.48915055985053,-5.729442021652989],[104.48442922163133,-5.727592627920264],[104.47082534791154,-5.733454855973817],[104.473099470764,-5.73705952668922],[104.4705496022824,-5.7443458518856545],[104.45939684698696,-5.743044686670369],[104.45652299504025,-5.739462964854969],[104.45303194826583,-5.741284390571341],[104.44786151199922,-5.737099212871721],[104.44395969898096,-5.740809769764716]]]}},{"type":"Feature","properties":{"code":"1813112013","desa":"Tanjung Rejo","kecamatan":"Bangkunat","kecCode":"181311","kabCode":"1813","province":"Lampung"},"geometry":{"type":"Polygon","coordinates":[[[104.41736626314257,-5.450387314823992],[104.42018601727095,-5.455300438860456],[104.41565259419195,-5.47713877321008],[104.41665972696488,-5.482950599658838],[104.40435046330326,-5.485509330956745],[104.39959154241579,-5.4849144671953205],[104.39572491807057,-5.4813452738353865],[104.38263788293199,-5.5096013753447135],[104.36913625313564,-5.522363473724008],[104.36530661520817,-5.520760603049731],[104.35994890232007,-5.52749467796051],[104.3597077410195,-5.531147944441906],[104.35297159586253,-5.532514219673987],[104.35274554676965,-5.54599981544402],[104.34962502337616,-5.549531429733046],[104.33776363468405,-5.535673013713908],[104.33679285520617,-5.530183559144757],[104.33388229743014,-5.531043972021634],[104.32801224526897,-5.543759978347462],[104.32088250822125,-5.548385803164761],[104.32054700534006,-5.550741468444124],[104.32495457279536,-5.5536011218915045],[104.32328481234428,-5.562171446943386],[104.3219955118834,-5.563749401900423],[104.31693450782132,-5.561398599255386],[104.31386509200047,-5.5660703686373205],[104.31485949127256,-5.577385942580565],[104.3188673127763,-5.579208761346769],[104.31874643669873,-5.583634558954787],[104.3154346436939,-5.585206239341923],[104.31602522758224,-5.588068255308362],[104.3143277203481,-5.586058087075721],[104.31076155680046,-5.590506365936206],[104.29826733676822,-5.575735007639472],[104.30370214493807,-5.571150318711856],[104.30356091540398,-5.568048077639411],[104.30010281529275,-5.566692546607826],[104.3017540892799,-5.563231575864061],[104.29968515304743,-5.560352723689707],[104.302463458322,-5.550417932841762],[104.30624651586407,-5.548955106394936],[104.30584676181864,-5.545028848908126],[104.34612387091993,-5.4917343050537095],[104.36942540315987,-5.482924855665995],[104.38541537971605,-5.47074201601197],[104.39322001209393,-5.468648090319936],[104.39816928978098,-5.451325614385951],[104.40567284442629,-5.443984761495333],[104.41736626314257,-5.450387314823992]]]}},{"type":"Feature","properties":{"code":"1813112014","desa":"Pagar Bukit Induk","kecamatan":"Bangkunat","kecCode":"181311","kabCode":"1813","province":"Lampung"},"geometry":{"type":"Polygon","coordinates":[[[104.33223576376952,-5.590818308378087],[104.33722885282934,-5.587357316050626],[104.33708850013426,-5.584707676783784],[104.34295241622107,-5.583213607889161],[104.34452584669053,-5.58518190908335],[104.34652293428603,-5.593800343367988],[104.34413118370723,-5.596363386915028],[104.34794071009577,-5.604220408391546],[104.33973465003412,-5.610651818266721],[104.33752699157748,-5.604524647240759],[104.34007477722922,-5.601346712929703],[104.33890592926531,-5.595558185217136],[104.33223576376952,-5.590818308378087]]]}}]}