{"type":"FeatureCollection","features":[{"type":"Feature","properties":{"code":"1905011001","desa":"Tanjung","kecamatan":"Muntok","kecCode":"190501","kabCode":"1905","province":"Kepulauan Bangka Belitung"},"geometry":{"type":"Polygon","coordinates":[[[105.16532084178344,-2.019547752077546],[105.15813263980954,-2.0420323176629687],[105.16047591782937,-2.049009598032464],[105.16339836014629,-2.0506810474085353],[105.15781783932186,-2.0529545317398465],[105.15784529292597,-2.057821901867517],[105.16511142924912,-2.0599472444756715],[105.1637655389485,-2.0657441871440003],[105.17001304916293,-2.0667049517705074],[105.17349749131625,-2.0712339933475756],[105.16077378678091,-2.072257672745708],[105.1602119470238,-2.07020999648869],[105.14959117489286,-2.072288907998977],[105.13105248908117,-2.0853839335995525],[105.12794835223472,-2.0764183358252524],[105.125212473377,-2.0751561499254763],[105.12573420696816,-2.060221856958682],[105.12104772377347,-2.03702662550952],[105.11129955033401,-2.028089186407879],[105.10876092697526,-2.022710890741991],[105.12592706568158,-1.9982344815101227],[105.16532084178344,-2.019547752077546]]]}},{"type":"Feature","properties":{"code":"1905011002","desa":"Sungai Daeng","kecamatan":"Muntok","kecCode":"190501","kabCode":"1905","province":"Kepulauan Bangka Belitung"},"geometry":{"type":"Polygon","coordinates":[[[105.16912276440411,-2.066460774144159],[105.1637655389485,-2.0657441871440003],[105.16511142924912,-2.0599472444756715],[105.15784529292597,-2.057821901867517],[105.15781783932186,-2.0529545317398465],[105.16339836014629,-2.0506810474085353],[105.16047591782937,-2.049009598032464],[105.15813263980954,-2.0420323176629687],[105.16532084178344,-2.019547752077546],[105.18598873998842,-2.031971143290421],[105.18718597325413,-2.042845679809018],[105.18633133222528,-2.045169996520348],[105.17635457270539,-2.045900552689756],[105.16841181165584,-2.061303970706068],[105.16912276440411,-2.066460774144159]]]}},{"type":"Feature","properties":{"code":"1905011003","desa":"Sungai Baru","kecamatan":"Muntok","kecCode":"190501","kabCode":"1905","province":"Kepulauan Bangka Belitung"},"geometry":{"type":"Polygon","coordinates":[[[105.1798533455555,-2.077250985731259],[105.16912276440411,-2.066460774144159],[105.16841181165584,-2.061303970706068],[105.17658799983637,-2.045638996564135],[105.18590033932922,-2.045225229283023],[105.17868063680203,-2.0523987696017465],[105.18037110144523,-2.0549334368400562],[105.17903856427834,-2.0682722767408954],[105.1835645283803,-2.064604496101328],[105.18770131266551,-2.066612475383966],[105.18701542222402,-2.0735568819354326],[105.1809231367934,-2.0739381549124194],[105.1798533455555,-2.077250985731259]]]}},{"type":"Feature","properties":{"code":"1905012004","desa":"Air Putih","kecamatan":"Muntok","kecCode":"190501","kabCode":"1905","province":"Kepulauan Bangka Belitung"},"geometry":{"type":"MultiPolygon","coordinates":[[[[105.12655650567825,-1.987953992168347],[105.12650032862734,-1.989333084538026],[105.12567251977106,-1.988909975998892],[105.12655650567825,-1.987953992168347]]],[[[105.18598873998842,-2.031971143290421],[105.12592706568158,-1.9982344815101227],[105.13323598005648,-1.9734006016578198],[105.12426143221937,-1.962543825850262],[105.12687670479613,-1.95848395698692],[105.15225684277914,-1.9482848967597204],[105.1567229408111,-1.9425333617607132],[105.15513879402017,-1.9402499570079663],[105.1590473816314,-1.937002548270624],[105.15915330108402,-1.933495247153401],[105.16357754376867,-1.9293616959355422],[105.18861669030808,-1.9208858518599885],[105.19036955980738,-1.9235178877968386],[105.18871859968368,-1.9268446491141662],[105.19572743996945,-1.933386118020557],[105.19758216038844,-1.9395125974672398],[105.20044056018378,-1.9400960677175345],[105.20044451989872,-1.9484626477619282],[105.20898083979397,-1.9602238474685572],[105.20503506521611,-1.9709180600246252],[105.20282519982317,-1.9710188974082707],[105.19855019963205,-1.9775891680025015],[105.19680203898298,-1.9870631066633753],[105.18941663996598,-1.9860971376602],[105.18538031984593,-1.9968484490721992],[105.18133005663685,-1.9996398340835526],[105.1812115187966,-2.0147757280731224],[105.18598873998842,-2.031971143290421]]]]}},{"type":"Feature","properties":{"code":"1905012005","desa":"Air Belo","kecamatan":"Muntok","kecCode":"190501","kabCode":"1905","province":"Kepulauan Bangka Belitung"},"geometry":{"type":"Polygon","coordinates":[[[105.18633133222528,-2.045169996520348],[105.18598873998842,-2.031971143290421],[105.1812115187966,-2.0147757280731224],[105.18133005663685,-1.9996398340835526],[105.18538031984593,-1.9968484490721992],[105.18941663996598,-1.9860971376602],[105.19680203898298,-1.9870631066633753],[105.19824887998186,-1.978255258069778],[105.20282519982317,-1.9710188974082707],[105.20503506521611,-1.9709180600246252],[105.20900784103907,-1.9598166875065408],[105.20044451989872,-1.9484626477619282],[105.20044056018378,-1.9400960677175345],[105.19758216038844,-1.9395125974672398],[105.19572743996945,-1.933386118020557],[105.18871859968368,-1.9268446491141662],[105.18929619736167,-1.9216950924131684],[105.1916986156986,-1.9184333547776453],[105.20091453527766,-1.9185954386905102],[105.22031282727522,-1.913682744530437],[105.21580605830302,-1.921021886010529],[105.22164669903599,-1.9266404949160074],[105.22136733903153,-1.9333368558569068],[105.2285039801746,-1.9343485445941897],[105.23472945879757,-1.9468319925332034],[105.23509089992511,-1.9529663050749304],[105.2301373009957,-1.962130286097727],[105.23406742197403,-1.975755114006124],[105.23087962209694,-1.980286702463206],[105.23040605889258,-1.9987895664587285],[105.24494642363862,-2.0001140430006332],[105.25622600042965,-2.010590996437677],[105.26249590106504,-2.0081442981838715],[105.26253729865748,-2.0142681974756256],[105.26959409978791,-2.0110310976668755],[105.27310309972829,-2.0185661978233633],[105.27838899995241,-2.0163809981385397],[105.29262862690966,-2.019412129816545],[105.29394406796443,-2.0274431898930882],[105.29754592290607,-2.0325330370062122],[105.30057984968037,-2.0322243662979407],[105.30168522439362,-2.04164299395512],[105.25937631386584,-2.041053309389469],[105.25641400010606,-2.0521039979157036],[105.24550643867127,-2.0552561063953028],[105.23925321056724,-2.052718183611159],[105.23449682307,-2.0567810499148895],[105.21876827223804,-2.05098408476349],[105.20996999871652,-2.0522999979608443],[105.19728226886167,-2.0439893440564676],[105.19058000026682,-2.0469799981486076],[105.18633133222528,-2.045169996520348]]]}},{"type":"Feature","properties":{"code":"1905012006","desa":"Belo Laut","kecamatan":"Muntok","kecCode":"190501","kabCode":"1905","province":"Kepulauan Bangka Belitung"},"geometry":{"type":"Polygon","coordinates":[[[105.18590033932922,-2.045225229283023],[105.19058000026682,-2.0469799981486076],[105.19728226886167,-2.0439893440564676],[105.20996999871652,-2.0522999979608443],[105.21876827223804,-2.05098408476349],[105.23449682307,-2.0567810499148895],[105.23925321056724,-2.052718183611159],[105.24550643867127,-2.0552561063953028],[105.25641400010606,-2.0521039979157036],[105.25937631386584,-2.041053309389469],[105.30168522439362,-2.04164299395512],[105.30245130288539,-2.050898002556621],[105.3643604400823,-2.0506090476856187],[105.36503220127513,-2.0551034680618954],[105.36033564027764,-2.0698827278006093],[105.36279659998314,-2.079725307561018],[105.35792436002129,-2.082108506483883],[105.35554728008299,-2.087036727439054],[105.35227956015363,-2.0851063173808204],[105.34950899984051,-2.0884329878665966],[105.34888404026628,-2.093107497482344],[105.35112000038777,-2.095983537476406],[105.34931882380471,-2.096903983697034],[105.35143320008217,-2.0981408374934407],[105.34821552023016,-2.102051877551613],[105.34954715987357,-2.104473057542394],[105.34433400041381,-2.1066393579744083],[105.34732199971056,-2.1083990389369585],[105.34561595970881,-2.1150115174128308],[105.34284143968073,-2.113095688962167],[105.34691664019083,-2.119588107945019],[105.34335731868538,-2.1188676574573684],[105.3465697599865,-2.1245663366018057],[105.34549197917158,-2.127211589874715],[105.34256048337967,-2.1289095728483627],[105.33222648436481,-2.1268903628320692],[105.3239364366173,-2.1301561878862794],[105.3026702068646,-2.1536213760283585],[105.29785034791529,-2.1543104689548884],[105.29077351258756,-2.1497560215300866],[105.28714634173035,-2.1358454933970537],[105.28124607234842,-2.1249443900058096],[105.26849823720397,-2.106115778975011],[105.25885450293303,-2.086131177588798],[105.25089580859473,-2.0775710994131456],[105.22587300003897,-2.0653529973428975],[105.2037140537606,-2.0702166874447303],[105.20336974561735,-2.072816331600123],[105.19726319244245,-2.0727941228422435],[105.19663398986683,-2.0747942816203198],[105.18838618237645,-2.0744911102663517],[105.18770131266551,-2.066612475383966],[105.1835645283803,-2.064604496101328],[105.17903856427834,-2.0682722767408954],[105.18037110144523,-2.0549334368400562],[105.17868063680203,-2.0523987696017465],[105.18590033932922,-2.045225229283023]]]}},{"type":"Feature","properties":{"code":"1905012007","desa":"Air Limau","kecamatan":"Muntok","kecCode":"190501","kabCode":"1905","province":"Kepulauan Bangka Belitung"},"geometry":{"type":"Polygon","coordinates":[[[105.28260841934316,-2.017825494603218],[105.27726000004901,-2.016350997654433],[105.27310309972829,-2.0185661978233633],[105.26959409978791,-2.0110310976668755],[105.26253729865748,-2.0142681974756256],[105.26249590106504,-2.0081442981838715],[105.25622600042965,-2.010590996437677],[105.24494642363862,-2.0001140430006332],[105.23047894264914,-1.998850375018104],[105.22918942275372,-1.9956318839811513],[105.23087962209694,-1.980286702463206],[105.23406742197403,-1.975755114006124],[105.2301373009957,-1.962130286097727],[105.23509089992511,-1.9529663050749304],[105.23412393986797,-1.9431815939901549],[105.2276378188303,-1.933619904880102],[105.22136733903153,-1.9333368558569068],[105.22164669903599,-1.9266404949160074],[105.21580605830302,-1.921021886010529],[105.22031282727522,-1.913682744530437],[105.22657649021289,-1.9127395940254979],[105.24352628441055,-1.9003514256598595],[105.24936673178928,-1.899648674729447],[105.25270099975143,-1.913274998210435],[105.26103199992689,-1.926962998995937],[105.2583919986918,-1.929891999165931],[105.2592389999799,-1.9326559980223486],[105.26349600024024,-1.9351429975949088],[105.26966100035492,-1.9468149980445093],[105.27437584187169,-1.950273765448871],[105.27139360812855,-1.9531225370991763],[105.27726996903391,-1.9815475609635675],[105.27514631984684,-1.9848590077257802],[105.27944148014024,-1.9866693573917416],[105.2804469599593,-1.9930427079343425],[105.27818760037754,-2.0115844181455866],[105.28260841934316,-2.017825494603218]]]}},{"type":"Feature","properties":{"code":"1905022001","desa":"Pelangas","kecamatan":"Simpang Teritip","kecCode":"190502","kabCode":"1905","province":"Kepulauan Bangka Belitung"},"geometry":{"type":"Polygon","coordinates":[[[105.34448252794635,-1.8757505061902526],[105.35921589529738,-1.9073641698949433],[105.3768131240265,-1.911241553724794],[105.37631936294832,-1.9147880940614936],[105.38539998582074,-1.91107679163091],[105.38632980028012,-1.935232738243838],[105.39161136037602,-1.9377523778107384],[105.39031356132186,-1.9418789682760471],[105.39601666603635,-1.9668464684984068],[105.39008601036113,-1.976391077684191],[105.36671047021207,-1.9807007179571272],[105.35753446974007,-1.9977746473565927],[105.34966746128435,-1.9933212576493409],[105.34963636902324,-1.9912712980136733],[105.34262985078703,-1.9895705280410105],[105.3526726502227,-1.9633847899885812],[105.34811686280301,-1.934534736633187],[105.35015783101915,-1.9338467399801513],[105.34267691410838,-1.9275729030191215],[105.34533480285893,-1.9216142856293885],[105.34217834615379,-1.9144062680015004],[105.33720590283018,-1.9138825298220425],[105.31835027974165,-1.8946515576117007],[105.3159105602242,-1.8817250379828236],[105.31707647999558,-1.8654912678284516],[105.32987382731534,-1.857723854801334],[105.33315600024929,-1.8613925977154036],[105.33374385019857,-1.8756629410013228],[105.34448252794635,-1.8757505061902526]]]}},{"type":"Feature","properties":{"code":"1905022002","desa":"Kundi","kecamatan":"Simpang Teritip","kecCode":"190502","kabCode":"1905","province":"Kepulauan Bangka Belitung"},"geometry":{"type":"Polygon","coordinates":[[[105.37353628497164,-2.0936417478371463],[105.34931882380471,-2.096903983697034],[105.35112000038777,-2.095983537476406],[105.34888404026628,-2.093107497482344],[105.34950899984051,-2.0884329878665966],[105.35227956015363,-2.0851063173808204],[105.35554728008299,-2.087036727439054],[105.35792436002129,-2.082108506483883],[105.36266268013863,-2.0803545874775997],[105.36033564027764,-2.0698827278006093],[105.36503220127513,-2.0551034680618954],[105.3643604400823,-2.0506090476856187],[105.3601127999658,-2.0462502576642794],[105.36130734965451,-2.041550256765132],[105.35816328920446,-2.041526290731961],[105.3494026801896,-2.0278645078820565],[105.38140633493447,-2.023595293034339],[105.38641999958337,-2.038389997729899],[105.38581999979323,-2.0506199978308075],[105.3979000001849,-2.0783899977856692],[105.39940000010994,-2.0937099973871494],[105.39639724833438,-2.100581466222812],[105.40018665598943,-2.114494733690773],[105.39847032594486,-2.1194257767185323],[105.39079909809993,-2.117419312793562],[105.38638704482632,-2.105970520478296],[105.37984680708456,-2.1049750645038947],[105.38046275095523,-2.09500163878184],[105.37353628497164,-2.0936417478371463]]]}},{"type":"Feature","properties":{"code":"1905022003","desa":"Mayang","kecamatan":"Simpang Teritip","kecCode":"190502","kabCode":"1905","province":"Kepulauan Bangka Belitung"},"geometry":{"type":"Polygon","coordinates":[[[105.30245130288539,-2.050898002556621],[105.30057984968037,-2.0322243662979407],[105.29754592290607,-2.0325330370062122],[105.29394406796443,-2.0274431898930882],[105.29262862690966,-2.019412129816545],[105.28260841934316,-2.017825494603218],[105.27896663989854,-2.0136496473702863],[105.28037748013668,-1.9922068789249396],[105.27944148014024,-1.9866693573917416],[105.27514631984684,-1.9848590077257802],[105.27726996903391,-1.9815475609635675],[105.27139360812855,-1.9531225370991763],[105.27437584187169,-1.950273765448871],[105.26979100005468,-1.946989998020566],[105.25834700021396,-1.9300579978276426],[105.25984866118682,-1.9283757107216128],[105.27740529092146,-1.9294814694441922],[105.28679421308254,-1.9223985349222343],[105.27994957011663,-1.9207037472398096],[105.27063888987296,-1.9113865037540736],[105.2680034913681,-1.8997031709474437],[105.27330948874199,-1.8919506381028501],[105.29273166763244,-1.8763796970740036],[105.3063551717538,-1.8957095902126522],[105.30383277576203,-1.907456653476069],[105.3166745810671,-1.9133315448826576],[105.32198550492718,-1.923484812530625],[105.33294878475868,-1.9293202992425584],[105.33675220115322,-1.935672497730692],[105.33429349874604,-1.938617997762241],[105.33488509886824,-1.9404977975730877],[105.33682710118983,-1.9389724979218854],[105.3436719357113,-1.9965658766896888],[105.34720766440228,-2.003761900958879],[105.34668176874867,-2.0199821354171927],[105.35816328920446,-2.041526290731961],[105.36130734965451,-2.041550256765132],[105.3601127999658,-2.0462502576642794],[105.3643604400823,-2.0506090476856187],[105.30245130288539,-2.050898002556621]]]}},{"type":"Feature","properties":{"code":"1905022004","desa":"Peradong","kecamatan":"Simpang Teritip","kecCode":"190502","kabCode":"1905","province":"Kepulauan Bangka Belitung"},"geometry":{"type":"Polygon","coordinates":[[[105.3493369910094,-1.8861669901122762],[105.34448252794635,-1.8757505061902526],[105.33374385019857,-1.8756629410013228],[105.33315600024929,-1.8613925977154036],[105.32913605768299,-1.8573184368260773],[105.34381770142585,-1.845737996353983],[105.34788822456197,-1.8469130811150178],[105.34857264371259,-1.8443898055890398],[105.35075891988828,-1.8449736283735938],[105.35170103887191,-1.8525410978284245],[105.35214348013756,-1.849870078079548],[105.35756616005027,-1.8472536867490787],[105.35679179970184,-1.8498134675554665],[105.35895072119887,-1.851538047978633],[105.35518800002625,-1.8550443580429323],[105.35823287964375,-1.859272739173116],[105.36260363964628,-1.8553767276856687],[105.36144299889536,-1.8617204680500223],[105.36780635977571,-1.8578240078008668],[105.36869231879551,-1.860383427979161],[105.37364232043677,-1.8577242891738983],[105.36935219994415,-1.8444260680525633],[105.39885324558087,-1.840371427847545],[105.41829981408523,-1.8465355367273115],[105.41783016023379,-1.8432718178852967],[105.42788063987966,-1.8330001167186083],[105.43450715677994,-1.83215905815159],[105.42998411997121,-1.8430437579086458],[105.43335347228498,-1.8458005540947495],[105.4334379599939,-1.8616634977970783],[105.4282440721063,-1.8729788792842483],[105.41358071967453,-1.8659521766717686],[105.39857448002827,-1.8663564579038978],[105.39389662313073,-1.8696938752881165],[105.39694295875061,-1.87222094775178],[105.39542808044159,-1.8872916292019037],[105.39241813768695,-1.8924202784640238],[105.37666416032276,-1.8896506174759704],[105.37277972400511,-1.8843648269749798],[105.3493369910094,-1.8861669901122762]]]}},{"type":"Feature","properties":{"code":"1905022005","desa":"Air Nyatoh","kecamatan":"Simpang Teritip","kecCode":"190502","kabCode":"1905","province":"Kepulauan Bangka Belitung"},"geometry":{"type":"MultiPolygon","coordinates":[[[[105.42788063987966,-1.8330001167186083],[105.41783016023379,-1.8432718178852967],[105.41829981408523,-1.8465355367273115],[105.39885324558087,-1.840371427847545],[105.36935219994415,-1.8444260680525633],[105.37364232043677,-1.8577242891738983],[105.36869231879551,-1.860383427979161],[105.36780635977571,-1.8578240078008668],[105.36144299889536,-1.8617204680500223],[105.36260363964628,-1.8553767276856687],[105.35823287964375,-1.859272739173116],[105.35518800002625,-1.8550443580429323],[105.35895072119887,-1.851538047978633],[105.35679179970184,-1.8498134675554665],[105.35756616005027,-1.8472536867490787],[105.35214348013756,-1.849870078079548],[105.35170103887191,-1.8525410978284245],[105.35131260009648,-1.8455856278171583],[105.34820391088186,-1.8440881675791945],[105.37101001919712,-1.8233701043141557],[105.38717663879089,-1.8010538090779966],[105.39775207969478,-1.7741531936367363],[105.39968511937279,-1.749905038635248],[105.40589655598131,-1.7517005602792177],[105.41051134881974,-1.7561453443738408],[105.4136912616425,-1.7685638091004259],[105.421537138728,-1.7781571192729333],[105.42479796355524,-1.7742373800726525],[105.42229566561252,-1.764555678234302],[105.43091403155738,-1.7621283279949818],[105.43709956769095,-1.7700551089823655],[105.44656168387466,-1.7689527730795471],[105.45031303761665,-1.77260436592222],[105.4524578739318,-1.7713782293466167],[105.45151903027909,-1.766850932454395],[105.45508228631854,-1.7710449028252249],[105.45550533370427,-1.7665908107474346],[105.46062596101933,-1.768031871801958],[105.46562909370776,-1.7655551847552593],[105.46486439477603,-1.7682942121364316],[105.47012595035238,-1.7723036173418507],[105.46436569372183,-1.7764339121145432],[105.46989877081171,-1.7796343708452098],[105.46486860989846,-1.78757696731009],[105.46668298942848,-1.7988222547376764],[105.45819540919086,-1.808367138216698],[105.45789744041463,-1.8141117277515764],[105.46070507977566,-1.8181492178851513],[105.45812691412583,-1.8213675182657922],[105.45797611940247,-1.8327877049455032],[105.42788063987966,-1.8330001167186083]]],[[[105.39794233577025,-1.7524022446136907],[105.39748806302373,-1.7577257841575946],[105.39478710034444,-1.7578846287123915],[105.39289872099924,-1.75297365945198],[105.39794233577025,-1.7524022446136907]]]]}},{"type":"Feature","properties":{"code":"1905022006","desa":"Berang","kecamatan":"Simpang Teritip","kecCode":"190502","kabCode":"1905","province":"Kepulauan Bangka Belitung"},"geometry":{"type":"Polygon","coordinates":[[[105.39601666603635,-1.9668464684984068],[105.39031356132186,-1.9418789682760471],[105.39161136037602,-1.9377523778107384],[105.38632980028012,-1.935232738243838],[105.38539998582074,-1.91107679163091],[105.38035440063516,-1.9128099965524568],[105.38929727974575,-1.8977404491473981],[105.39508881299838,-1.8934238858933978],[105.39694295875061,-1.87222094775178],[105.39389662313073,-1.8696938752881165],[105.39857448002827,-1.8663564579038978],[105.41358071967453,-1.8659521766717686],[105.4282440721063,-1.8729788792842483],[105.42803652026923,-1.8759041076975538],[105.43531761771396,-1.8805380740768443],[105.43640628841956,-1.8847904050525015],[105.44322311985114,-1.8918454480005495],[105.4433383203073,-1.8969691491927752],[105.48246679100964,-1.9255181005342572],[105.48056700016696,-1.9297461579085295],[105.48744696040892,-1.947133077459973],[105.49171296108439,-1.9671052475175361],[105.49976739904628,-1.9804072062213014],[105.50607551996931,-1.9829439877657393],[105.51056811562607,-1.988900506137737],[105.5098850400626,-1.9930413580519728],[105.5152965602881,-1.9911951874897018],[105.51348540033102,-1.9944080074018846],[105.5153559596099,-1.9977424165538133],[105.51943547866448,-1.9983149978128292],[105.51824460000834,-1.9947788077736008],[105.5231560800891,-2.000323347616085],[105.52424724011807,-1.9969573479786704],[105.52899492037932,-2.000554017425374],[105.53017173903459,-1.9965616525740664],[105.53722143731954,-2.0008830838582647],[105.5363988283433,-1.9970879969887638],[105.53819459190696,-1.9956539614379867],[105.54663062120625,-2.0046110893972022],[105.55020620065568,-2.010633059528383],[105.54199419337736,-2.0174477011033467],[105.53960977766916,-2.024069496555503],[105.5414207361781,-2.0456849699070574],[105.54886685382228,-2.053711979437055],[105.56604185804537,-2.0613223114798656],[105.56840260359735,-2.069130390950521],[105.53887262227373,-2.079376594538647],[105.53175126510888,-2.0869586339099553],[105.52766500113893,-2.086782902785031],[105.52638580186334,-2.088907284917204],[105.51584421144128,-2.0859344526900703],[105.5173481998596,-2.079278817547974],[105.52151772036653,-2.0796267589519353],[105.52356396130784,-2.0745029678276024],[105.51525948034082,-2.065124337518386],[105.5057747408117,-2.059158866395306],[105.50358531610954,-2.049784780360405],[105.49569533177417,-2.042242190649994],[105.49097483981706,-2.0416885599051415],[105.48394280691508,-2.0328709788483184],[105.48387374078055,-2.0286867688197074],[105.45740627208187,-2.0123714166659297],[105.44982391704018,-1.9996595211424277],[105.43415209544291,-1.985615065071081],[105.40737075795418,-1.9764496550255932],[105.40367639874688,-1.9729177484572806],[105.40400363865704,-1.9684779277210143],[105.40057186619875,-1.9630482447935467],[105.39601666603635,-1.9668464684984068]]]}},{"type":"Feature","properties":{"code":"1905022007","desa":"Rambat","kecamatan":"Simpang Teritip","kecCode":"190502","kabCode":"1905","province":"Kepulauan Bangka Belitung"},"geometry":{"type":"Polygon","coordinates":[[[105.25979142923113,-1.928382497005799],[105.26093299985814,-1.9266469979136902],[105.25270099975143,-1.913274998210435],[105.24923700098685,-1.8998489978156634],[105.26117792482142,-1.897579842820671],[105.2729933824387,-1.8916834099531188],[105.26819723861172,-1.8987815610041054],[105.26916116075903,-1.9091605791697974],[105.27994957011663,-1.9207037472398096],[105.28679421308254,-1.9223985349222343],[105.27740529092146,-1.9294814694441922],[105.25979142923113,-1.928382497005799]]]}},{"type":"Feature","properties":{"code":"1905022008","desa":"Simpang Gong","kecamatan":"Simpang Teritip","kecCode":"190502","kabCode":"1905","province":"Kepulauan Bangka Belitung"},"geometry":{"type":"Polygon","coordinates":[[[105.31707647999558,-1.8654912678284516],[105.3159105602242,-1.8817250379828236],[105.31835027974165,-1.8946515576117007],[105.33720590283018,-1.9138825298220425],[105.34217834615379,-1.9144062680015004],[105.34533480285893,-1.9216142856293885],[105.34267691410838,-1.9275729030191215],[105.35015783101915,-1.9338467399801513],[105.34811686280301,-1.934534736633187],[105.3526726502227,-1.9633847899885812],[105.34262985078703,-1.9895705280410105],[105.33682710118983,-1.9389724979218854],[105.33488509886824,-1.9404977975730877],[105.33429349874604,-1.938617997762241],[105.33675220115322,-1.935672497730692],[105.33294878475868,-1.9293202992425584],[105.32198550492718,-1.923484812530625],[105.3166745810671,-1.9133315448826576],[105.30383277576203,-1.907456653476069],[105.3063551717538,-1.8957095902126522],[105.29273166763244,-1.8763796970740036],[105.31707647999558,-1.8654912678284516]]]}},{"type":"Feature","properties":{"code":"1905022009","desa":"Simpang Tiga","kecamatan":"Simpang Teritip","kecCode":"190502","kabCode":"1905","province":"Kepulauan Bangka Belitung"},"geometry":{"type":"Polygon","coordinates":[[[105.34262985078703,-1.9895705280410105],[105.34963636902324,-1.9912712980136733],[105.34966746128435,-1.9933212576493409],[105.35890942882712,-1.9975069380695476],[105.36671047021207,-1.9807007179571272],[105.39008601036113,-1.976391077684191],[105.40057186619875,-1.9630482447935467],[105.40633863392088,-1.9756928368538413],[105.43415209544291,-1.985615065071081],[105.44982391704018,-1.9996595211424277],[105.45740627208187,-2.0123714166659297],[105.48387374078055,-2.0286867688197074],[105.48394280691508,-2.0328709788483184],[105.49097483981706,-2.0416885599051415],[105.49569533177417,-2.042242190649994],[105.50358531610954,-2.049784780360405],[105.5057747408117,-2.059158866395306],[105.5219795995789,-2.072086647773086],[105.52356396130784,-2.0745029678276024],[105.52151772036653,-2.0796267589519353],[105.5173481998596,-2.079278817547974],[105.51584421144128,-2.0859344526900703],[105.51210808232219,-2.084976433693781],[105.3973393583248,-2.019502210409235],[105.3821622717715,-2.026146366604699],[105.38140633493447,-2.023595293034339],[105.3494026801896,-2.0278645078820565],[105.34637954977647,-2.0182243457288767],[105.34720766440228,-2.003761900958879],[105.34262985078703,-1.9895705280410105]]]}},{"type":"Feature","properties":{"code":"1905022010","desa":"Ibul","kecamatan":"Simpang Teritip","kecCode":"190502","kabCode":"1905","province":"Kepulauan Bangka Belitung"},"geometry":{"type":"Polygon","coordinates":[[[105.42803652026923,-1.8759041076975538],[105.4334379599939,-1.8616634977970783],[105.43335347228498,-1.8458005540947495],[105.42998411997121,-1.8430437579086458],[105.43451122801082,-1.8321492483466861],[105.4615312797448,-1.832598807745893],[105.4804933061212,-1.844042319242079],[105.47581139867718,-1.8523514676812554],[105.47300520002999,-1.8533252679808132],[105.47189352016989,-1.8579961767111495],[105.47500658818353,-1.8695832146097835],[105.47523511311005,-1.9163556357684095],[105.48622264405981,-1.9163887209271238],[105.51043091685341,-1.959511393752569],[105.50993566919583,-1.9681161034826637],[105.523082385144,-1.977933086738988],[105.5279170694173,-1.9886080565011992],[105.53212368875727,-1.9898252978825222],[105.52704885671942,-1.9917066939899284],[105.53017131005798,-1.9956400291409158],[105.52899492037932,-2.000554017425374],[105.52424724011807,-1.9969573479786704],[105.52275504001311,-2.0002386566604238],[105.51824460000834,-1.9947788077736008],[105.51943547866448,-1.9983149978128292],[105.5153559596099,-1.9977424165538133],[105.51348540033102,-1.9944080074018846],[105.5152965602881,-1.9911951874897018],[105.5098850400626,-1.9930413580519728],[105.51158136109098,-1.9906430379282658],[105.50607551996931,-1.9829439877657393],[105.50047968009324,-1.981055067929992],[105.49528164003574,-1.9751524180491198],[105.48056700016696,-1.9297461579085295],[105.48246679100964,-1.9255181005342572],[105.4433383203073,-1.8969691491927752],[105.44322311985114,-1.8918454480005495],[105.43640628841956,-1.8847904050525015],[105.43531761771396,-1.8805380740768443],[105.42803652026923,-1.8759041076975538]]]}},{"type":"Feature","properties":{"code":"1905022011","desa":"Pangek","kecamatan":"Simpang Teritip","kecCode":"190502","kabCode":"1905","province":"Kepulauan Bangka Belitung"},"geometry":{"type":"Polygon","coordinates":[[[105.38035440063516,-1.9128099965524568],[105.37631936294832,-1.9147880940614936],[105.3768131240265,-1.911241553724794],[105.35921589529738,-1.9073641698949433],[105.3493369910094,-1.8861669901122762],[105.37277972400511,-1.8843648269749798],[105.37884719983846,-1.8905228078742986],[105.39442302869985,-1.8915603557177159],[105.39508881299838,-1.8934238858933978],[105.38929727974575,-1.8977404491473981],[105.38035440063516,-1.9128099965524568]]]}},{"type":"Feature","properties":{"code":"1905022012","desa":"Bukit Terak","kecamatan":"Simpang Teritip","kecCode":"190502","kabCode":"1905","province":"Kepulauan Bangka Belitung"},"geometry":{"type":"Polygon","coordinates":[[[105.34670813687109,-2.1254681560642066],[105.3433573195847,-2.119233237264624],[105.34691664019083,-2.1198417266542187],[105.34284143968073,-2.113095688962167],[105.34561595970881,-2.1150115174128308],[105.3468529196266,-2.11170518779302],[105.34719384002373,-2.1077979275854446],[105.34501728012346,-2.108270697587219],[105.34454711995369,-2.106124017664284],[105.34954715987357,-2.104473057542394],[105.34821552023016,-2.102051877551613],[105.35143320008217,-2.0980379793331627],[105.37353628497164,-2.0936417478371463],[105.3805870336647,-2.095102943812911],[105.37902930355956,-2.103796506561063],[105.38638704482632,-2.105970520478296],[105.39079909809993,-2.117419312793562],[105.39522365734598,-2.1181419423385575],[105.39961583380375,-2.125712831015756],[105.39810820672841,-2.129219204931884],[105.39287000025034,-2.126953997960665],[105.3925988429623,-2.1293494402538453],[105.38445457531844,-2.1306070962684514],[105.37036200010628,-2.1229629973808275],[105.35779899992394,-2.1199469976955467],[105.34794955023158,-2.122563137215904],[105.34670813687109,-2.1254681560642066]]]}},{"type":"Feature","properties":{"code":"1905022013","desa":"Air Menduyung","kecamatan":"Simpang Teritip","kecCode":"190502","kabCode":"1905","province":"Kepulauan Bangka Belitung"},"geometry":{"type":"Polygon","coordinates":[[[105.39610527174096,-2.1194625742786664],[105.39847032594486,-2.1194257767185323],[105.40018665598943,-2.114494733690773],[105.39639724833438,-2.100581466222812],[105.39940000010994,-2.0937099973871494],[105.39932000001805,-2.0868899976514674],[105.3979000001849,-2.0783899977856692],[105.38581999979323,-2.0506199978308075],[105.38641999958337,-2.038389997729899],[105.3821622717715,-2.026146366604699],[105.3973393583248,-2.019502210409235],[105.512082812272,-2.084090296609175],[105.51006655292912,-2.0866571523820676],[105.48944719922893,-2.0927059438939786],[105.46951300032475,-2.1048139977242535],[105.44593100011565,-2.1268089975693596],[105.44446499995983,-2.1302089978753953],[105.44634600036767,-2.1339059974881422],[105.44286599996599,-2.1309149980563347],[105.43766100005519,-2.1326149973100823],[105.4314390000099,-2.124817997486975],[105.4192724578577,-2.1191570988616233],[105.41162063468458,-2.1194498677574773],[105.40613137706147,-2.123977188931429],[105.40468466466557,-2.1219670197996208],[105.39929643058588,-2.124494982592125],[105.39610527174096,-2.1194625742786664]]]}},{"type":"Feature","properties":{"code":"1905032001","desa":"Jebus","kecamatan":"Jebus","kecCode":"190503","kabCode":"1905","province":"Kepulauan Bangka Belitung"},"geometry":{"type":"Polygon","coordinates":[[[105.46562909370776,-1.7655551847552593],[105.46062596101933,-1.768031871801958],[105.45550533370427,-1.7665908107474346],[105.45508228631854,-1.7710449028252249],[105.45151903027909,-1.766850932454395],[105.45234669524386,-1.7717867319964369],[105.44937210034219,-1.77259600402582],[105.44656168387466,-1.7689527730795471],[105.43709956769095,-1.7700551089823655],[105.43242507515714,-1.7621381971551409],[105.42418026780518,-1.7635056478009434],[105.42197095009931,-1.7662007909642845],[105.42466348523169,-1.7755511259039434],[105.421537138728,-1.7781571192729333],[105.4136912616425,-1.7685638091004259],[105.41209653522696,-1.7592400617177195],[105.40762900277633,-1.7528081068540202],[105.38957653812679,-1.7482063326066517],[105.38807312167728,-1.7341483669196722],[105.39870690070296,-1.7363562187281392],[105.40554933583326,-1.7332880151967383],[105.41094395420019,-1.7350779160779872],[105.41177958715825,-1.7328253517760857],[105.4159339226125,-1.7323295060699435],[105.4172540680209,-1.7258163532173978],[105.41943865167252,-1.7254630995180764],[105.42254096109657,-1.728366050825019],[105.41717399778184,-1.729669824074137],[105.4218400249972,-1.7297773209374927],[105.42216417213888,-1.7320024810980605],[105.41760559502228,-1.7372838469345857],[105.4215737456319,-1.739518386124727],[105.42837375704329,-1.735528239001545],[105.44413355122246,-1.7325390858779568],[105.46438428001055,-1.74200723830075],[105.47242297534012,-1.7410888749099884],[105.4783749602363,-1.7369503180656525],[105.48555405297725,-1.7369256577558707],[105.48561589395841,-1.7326374087571557],[105.49383318475374,-1.7325357583863714],[105.49365588790897,-1.742215978141991],[105.48368031099761,-1.7404270422333068],[105.475767591801,-1.753755424817309],[105.47265680177003,-1.753611467639611],[105.47365699897136,-1.762495288261534],[105.46699482215337,-1.7621170091277747],[105.46562909370776,-1.7655551847552593]]]}},{"type":"Feature","properties":{"code":"1905032002","desa":"Sungai Buluh","kecamatan":"Jebus","kecCode":"190503","kabCode":"1905","province":"Kepulauan Bangka Belitung"},"geometry":{"type":"Polygon","coordinates":[[[105.44413355122246,-1.7325390858779568],[105.42837375704329,-1.735528239001545],[105.4215737456319,-1.739518386124727],[105.41760550419069,-1.737039609053575],[105.42224470283084,-1.7302928330181346],[105.41911623212849,-1.7311619243526468],[105.41706597301629,-1.7289914321806017],[105.42246008506493,-1.7285017351392655],[105.42216302010733,-1.7267650516400699],[105.41784737055973,-1.7254905720079285],[105.4159339226125,-1.7323295060699435],[105.41177958715825,-1.7328253517760857],[105.41094395420019,-1.7350779160779872],[105.40554933583326,-1.7332880151967383],[105.39870690070296,-1.7363562187281392],[105.38807312167728,-1.7341483669196722],[105.37486375715672,-1.719797191669009],[105.3535212316196,-1.7124364062052913],[105.34339289766416,-1.701476338764263],[105.3400857748387,-1.701432445553225],[105.33655625416786,-1.7052253075000336],[105.32912749793574,-1.6994721663118508],[105.3201882314018,-1.6982181840278443],[105.34480927502807,-1.6935887133594134],[105.35063237088724,-1.68576254582446],[105.35671262428825,-1.686135518958286],[105.3624792948836,-1.6804431341688466],[105.36646293002023,-1.680702439291389],[105.36739426703183,-1.709087586316872],[105.39281294815909,-1.7212326724302383],[105.41573577408678,-1.7069425809315795],[105.41353092241422,-1.6966837652510984],[105.40519330862435,-1.6798581062927354],[105.41609200004581,-1.6778869983146856],[105.42090682728832,-1.6723005284811316],[105.45164035961493,-1.6928392831182217],[105.45415122809675,-1.703794548179564],[105.44695282871014,-1.7164348387824362],[105.44413355122246,-1.7325390858779568]]]}},{"type":"Feature","properties":{"code":"1905032003","desa":"Tumbak Petar","kecamatan":"Jebus","kecCode":"190503","kabCode":"1905","province":"Kepulauan Bangka Belitung"},"geometry":{"type":"Polygon","coordinates":[[[105.47012595035238,-1.7723036173418507],[105.46449984019551,-1.7665045189985435],[105.46699482215337,-1.7621170091277747],[105.47365699897136,-1.762495288261534],[105.47265680177003,-1.753611467639611],[105.475767591801,-1.753755424817309],[105.4841826453129,-1.740126074218342],[105.49365588790897,-1.742215978141991],[105.49370866282459,-1.7377196601962333],[105.50018184711462,-1.7303363862854548],[105.50688084037853,-1.7295744581658143],[105.5130688802247,-1.7248760967307954],[105.51824770087075,-1.7259186762810483],[105.52446755783158,-1.723580972261766],[105.52785161406081,-1.727062235307815],[105.55058107855399,-1.7330356879139217],[105.54333767979017,-1.7618102081100158],[105.52765355996388,-1.7724061778265172],[105.52545601708158,-1.7767210422611495],[105.52173745801736,-1.7741540920594774],[105.51984788077515,-1.7767703529882413],[105.518401002904,-1.7739390416754515],[105.51838866600416,-1.7770247496110412],[105.51622614811828,-1.776832429591718],[105.5157585896872,-1.7728749134696766],[105.51248236756724,-1.770363303049904],[105.50694116870007,-1.7735895687260244],[105.51110753888189,-1.775280377807703],[105.5093537700605,-1.7792867262174916],[105.50007639441016,-1.7787157349598908],[105.49716747160157,-1.7829621771747117],[105.48796316856544,-1.7762152338653996],[105.49638319173094,-1.7735585304242776],[105.49301350756735,-1.768271067184279],[105.48648886676784,-1.7689866343531346],[105.48521122421869,-1.7738775442353552],[105.47982624928204,-1.7728784819795056],[105.47732186221424,-1.7694083579363793],[105.47012595035238,-1.7723036173418507]]]}},{"type":"Feature","properties":{"code":"1905032004","desa":"Limbung","kecamatan":"Jebus","kecCode":"190503","kabCode":"1905","province":"Kepulauan Bangka Belitung"},"geometry":{"type":"Polygon","coordinates":[[[105.52545601708158,-1.7767210422611495],[105.52765355996388,-1.7724061778265172],[105.54333767979017,-1.7618102081100158],[105.55058107855399,-1.7330356879139217],[105.55641683866621,-1.725639388222674],[105.5545927212771,-1.723194179246196],[105.55556364014996,-1.7178947091575412],[105.56237088031195,-1.7146725282022528],[105.56790623988115,-1.708350838315146],[105.57952344015467,-1.7046331192218498],[105.58275029219232,-1.7086721238136688],[105.58078741930404,-1.7285122778916404],[105.58148424280364,-1.7725155057095932],[105.59066181708926,-1.7951384877495173],[105.59063821977809,-1.8056236690839493],[105.58824796297317,-1.8095688294204628],[105.58328549133245,-1.8108550811781654],[105.57933019293408,-1.8091163697077204],[105.56161644264478,-1.7931571787614786],[105.55681181011698,-1.7851639099959749],[105.55174442986161,-1.7846998130559883],[105.54694798206377,-1.7798513403825151],[105.54103922488035,-1.7772701188392044],[105.52545601708158,-1.7767210422611495]]]}},{"type":"Feature","properties":{"code":"1905032005","desa":"Rukam","kecamatan":"Jebus","kecCode":"190503","kabCode":"1905","province":"Kepulauan Bangka Belitung"},"geometry":{"type":"Polygon","coordinates":[[[105.59066181708926,-1.7951384877495173],[105.58148424280364,-1.7725155057095932],[105.5821978800282,-1.7048769281261964],[105.58698012123568,-1.705853697987133],[105.59678038160939,-1.7026066786562828],[105.601037681344,-1.7073441462111592],[105.59929740325258,-1.7113058154023868],[105.60492371126031,-1.7112521213797607],[105.6128364007793,-1.7070189441650476],[105.61142754714363,-1.7036965112847349],[105.61394720380048,-1.700506553038297],[105.61930742759574,-1.706083608768642],[105.62618040730001,-1.7056873791667566],[105.62987157661199,-1.7121047488255607],[105.63845369358313,-1.7070830982024188],[105.65301653598442,-1.7144578042720708],[105.65404735330274,-1.7260328658990984],[105.65728881662561,-1.7296406338792505],[105.65424861708009,-1.734601088335104],[105.65795686092046,-1.7376825937388545],[105.65551746336028,-1.7405017902843798],[105.65533804681347,-1.746229341263748],[105.65800862769608,-1.7470386276822603],[105.65892338030982,-1.7437538269329547],[105.66118216702345,-1.7442302400884302],[105.66985732515548,-1.7616216454582092],[105.6625698470209,-1.7736279814684708],[105.6554678558569,-1.7708851616462742],[105.64753179655519,-1.7713030568155586],[105.64562159965716,-1.766426578354192],[105.6472459200632,-1.7654529579190341],[105.6442816799556,-1.7634148180730835],[105.6295852009963,-1.763575229246888],[105.62093040171675,-1.7752436306096053],[105.61902418431872,-1.7860099831828296],[105.61377528130423,-1.7932286676694744],[105.59066181708926,-1.7951384877495173]]]}},{"type":"Feature","properties":{"code":"1905032008","desa":"Ranggi Asam","kecamatan":"Jebus","kecCode":"190503","kabCode":"1905","province":"Kepulauan Bangka Belitung"},"geometry":{"type":"Polygon","coordinates":[[[105.49370866282459,-1.7377196601962333],[105.49383318475374,-1.7325357583863714],[105.48561589395841,-1.7326374087571557],[105.48555405297725,-1.7369256577558707],[105.47732796231566,-1.7379048342026135],[105.4811228522379,-1.7241236933309123],[105.47289040606744,-1.7167994877913493],[105.46708533172273,-1.7044860539871003],[105.47317763873707,-1.6992503080599846],[105.47621932216407,-1.690164525787029],[105.49452195842173,-1.6837004399452928],[105.50036567933266,-1.6838979724351884],[105.50642707395036,-1.691486728842766],[105.51049979502959,-1.6919560931120228],[105.5178061562292,-1.6816135802267829],[105.51647481156334,-1.6786013280164978],[105.52615692440257,-1.6773321723708623],[105.5457024138354,-1.6803665191251895],[105.55752852032502,-1.6902005382389806],[105.56541599195451,-1.6897359970338992],[105.57186123071129,-1.6940697930969317],[105.57657938083382,-1.6894124173648162],[105.57866171606543,-1.692097505208312],[105.57756061493052,-1.6972721682828518],[105.57924961098081,-1.6939535287429393],[105.58160938076838,-1.6939838412917656],[105.58517531139158,-1.6958803837811345],[105.58378573022729,-1.700878939814093],[105.58697960232683,-1.6990736848076198],[105.59031877788937,-1.7007316803258374],[105.58698012123568,-1.705853697987133],[105.58240056023772,-1.7047137578323057],[105.58106423872367,-1.7077305579142377],[105.57915839994024,-1.7044702169258752],[105.57332352026431,-1.706020917928234],[105.55592831973621,-1.7174870078036608],[105.5545927212771,-1.723194179246196],[105.55641683866621,-1.725639388222674],[105.55058107855399,-1.7330356879139217],[105.52785161406081,-1.727062235307815],[105.52410288004393,-1.7235651567843175],[105.51824770087075,-1.7259186762810483],[105.5130688802247,-1.7248760967307954],[105.50688084037853,-1.7295744581658143],[105.50018184711462,-1.7303363862854548],[105.49370866282459,-1.7377196601962333]]]}},{"type":"Feature","properties":{"code":"1905032009","desa":"Ketap","kecamatan":"Jebus","kecCode":"190503","kabCode":"1905","province":"Kepulauan Bangka Belitung"},"geometry":{"type":"MultiPolygon","coordinates":[[[[105.34445412555748,-1.6592748819792547],[105.34426667087024,-1.6589256068806577],[105.34447688110322,-1.658913357215054],[105.34445412555748,-1.6592748819792547]]],[[[105.34348886431967,-1.6584472305052662],[105.34385541539518,-1.6592895724048167],[105.34276550722245,-1.6585979928528813],[105.34348886431967,-1.6584472305052662]]],[[[105.36991378339445,-1.6411614037448783],[105.36847243635388,-1.6417099776018673],[105.36828932359344,-1.6407803987659022],[105.36991378339445,-1.6411614037448783]]],[[[105.36784165726674,-1.6391603762217408],[105.36774647931662,-1.6391124063838263],[105.36788492814696,-1.6391009319338368],[105.36784165726674,-1.6391603762217408]]],[[[105.38262911434218,-1.6232669814749787],[105.38266490106439,-1.6234299260390392],[105.38256210765519,-1.6233842404791716],[105.38262911434218,-1.6232669814749787]]],[[[105.38354082814675,-1.6228784617609942],[105.38420063734958,-1.6227313965262504],[105.38373727605449,-1.6231693285906705],[105.38354082814675,-1.6228784617609942]]],[[[105.45164035961493,-1.6928392831182217],[105.41982999975477,-1.6725479985255813],[105.41609200004581,-1.6778869983146856],[105.40390140012958,-1.6792777782737285],[105.39848340028874,-1.6859213984732566],[105.39073475970143,-1.6837044284385991],[105.37484868002262,-1.6855118085430216],[105.3747874811574,-1.6807173284671815],[105.37046460016124,-1.6822753184747086],[105.36052861320502,-1.6766125204811986],[105.35876765610247,-1.6726690742525194],[105.34377405283033,-1.6708562208740925],[105.34109916419516,-1.6628645888747426],[105.3449022757195,-1.6615479139515743],[105.34501445984948,-1.6571479421752011],[105.34725761005075,-1.6556724217978673],[105.34381548099968,-1.6515643618633657],[105.3444607913325,-1.648562910510833],[105.34804330815223,-1.64740141540516],[105.3598724318673,-1.652930930274232],[105.36673194332455,-1.6506234884418454],[105.3707055995838,-1.6462720009155096],[105.38498822402737,-1.6416302994673064],[105.38995818792012,-1.6361467525452837],[105.39331064287192,-1.6267103794655235],[105.38934908609149,-1.625213421948617],[105.39437067286832,-1.6137894005598565],[105.39258893243333,-1.6099346733502353],[105.39022143207346,-1.611242392824446],[105.39086881534358,-1.6070647694304863],[105.40708115107434,-1.6096200050632592],[105.41817308701843,-1.6079214276376892],[105.42468700520116,-1.604808459452197],[105.42582499113047,-1.6068980279287586],[105.42329400931114,-1.6074880308543604],[105.42077503434042,-1.6160099948624032],[105.4239349651266,-1.6240619623777057],[105.42856774980184,-1.623953794620081],[105.43738942278367,-1.6313553355602457],[105.448919822292,-1.6300115703591849],[105.45401572004948,-1.6342902964367996],[105.4554097591531,-1.6418783738561413],[105.46604084111196,-1.6463938437641612],[105.46738996627397,-1.6508825174725112],[105.48229552411918,-1.6523101381590841],[105.48054997779928,-1.663787590069225],[105.48296485264592,-1.6648315221998593],[105.48025893829941,-1.6654563972370848],[105.48357076278052,-1.6794782974120768],[105.48102777231388,-1.6845904351214438],[105.4870068978501,-1.686950183322609],[105.47621932216407,-1.690164525787029],[105.46220234935902,-1.6857258858606248],[105.45164035961493,-1.6928392831182217]]],[[[105.38682048657624,-1.6231877062367124],[105.38755569314075,-1.6233477360980237],[105.3869074132466,-1.6237576893543053],[105.38682048657624,-1.6231877062367124]]],[[[105.41808300013042,-1.6071539983651395],[105.41790600006192,-1.6069399983892745],[105.41808800036097,-1.6069779983429824],[105.41808300013042,-1.6071539983651395]]],[[[105.39407987258811,-1.6028981483424372],[105.39446808203644,-1.6033746820069532],[105.39396222058008,-1.6031149515050869],[105.39407987258811,-1.6028981483424372]]],[[[105.39129653111007,-1.6014414399835808],[105.39258958174382,-1.6045478691984947],[105.3894985066508,-1.6021971762709915],[105.39129653111007,-1.6014414399835808]]]]}},{"type":"Feature","properties":{"code":"1905032018","desa":"Mislak","kecamatan":"Jebus","kecCode":"190503","kabCode":"1905","province":"Kepulauan Bangka Belitung"},"geometry":{"type":"Polygon","coordinates":[[[105.47732796231566,-1.7379048342026135],[105.47242297534012,-1.7410888749099884],[105.46076830031689,-1.7417629653461801],[105.44413355122246,-1.7325390858779568],[105.44695282871014,-1.7164348387824362],[105.45415122809675,-1.703794548179564],[105.45164035961493,-1.6928392831182217],[105.46220234935902,-1.6857258858606248],[105.47621932216407,-1.690164525787029],[105.47317763873707,-1.6992503080599846],[105.46708533172273,-1.7044860539871003],[105.47289040606744,-1.7167994877913493],[105.4811228522379,-1.7241236933309123],[105.47732796231566,-1.7379048342026135]]]}},{"type":"Feature","properties":{"code":"1905032019","desa":"Pebuar","kecamatan":"Jebus","kecCode":"190503","kabCode":"1905","province":"Kepulauan Bangka Belitung"},"geometry":{"type":"Polygon","coordinates":[[[105.40519330862435,-1.6798581062927354],[105.41353092241422,-1.6966837652510984],[105.41573577408678,-1.7069425809315795],[105.39281294815909,-1.7212326724302383],[105.36739426703183,-1.709087586316872],[105.3670892367789,-1.6801304326991604],[105.37093224043058,-1.6823339983387948],[105.3747874811574,-1.6807173284671815],[105.37484868002262,-1.6855118085430216],[105.39073475970143,-1.6837044284385991],[105.39848340028874,-1.6859213984732566],[105.40519330862435,-1.6798581062927354]]]}},{"type":"Feature","properties":{"code":"1905032020","desa":"Sinar Manik","kecamatan":"Jebus","kecCode":"190503","kabCode":"1905","province":"Kepulauan Bangka Belitung"},"geometry":{"type":"Polygon","coordinates":[[[105.49939386113782,-1.6804784982096215],[105.4870068978501,-1.686950183322609],[105.48102777231388,-1.6845904351214438],[105.48357076278052,-1.6794782974120768],[105.48025893829941,-1.6654563972370848],[105.48807104404352,-1.6639165249715362],[105.48638172783456,-1.6672280733570923],[105.4955171329094,-1.67285298021482],[105.49939386113782,-1.6804784982096215]]]}},{"type":"Feature","properties":{"code":"1905032021","desa":"Air Kuang","kecamatan":"Jebus","kecCode":"190503","kabCode":"1905","province":"Kepulauan Bangka Belitung"},"geometry":{"type":"Polygon","coordinates":[[[105.51647481156334,-1.6786013280164978],[105.5178061562292,-1.6816135802267829],[105.51049979502959,-1.6919560931120228],[105.50642707395036,-1.691486728842766],[105.50036567933266,-1.6838979724351884],[105.49452195842173,-1.6837004399452928],[105.50653987861256,-1.6757270354051403],[105.51647481156334,-1.6786013280164978]]]}},{"type":"Feature","properties":{"code":"1905041001","desa":"Kelapa","kecamatan":"Kelapa","kecCode":"190504","kabCode":"1905","province":"Kepulauan Bangka Belitung"},"geometry":{"type":"Polygon","coordinates":[[[105.75334368216527,-1.8402942579222257],[105.75575017443106,-1.8401749367725841],[105.75524089734961,-1.840541154199162],[105.7533487579389,-1.840615160309624],[105.74792122798237,-1.8532468327093938],[105.74993020101799,-1.8735296807619424],[105.74648167239131,-1.879032358062551],[105.74252729310017,-1.8825886740297986],[105.73562573204195,-1.883099420602936],[105.72614617710444,-1.878776748254353],[105.72149999522867,-1.888751240572242],[105.7035431509957,-1.8941552802309838],[105.70750528693951,-1.8973654372505542],[105.70284837255439,-1.8987955544550978],[105.70585801403614,-1.9047387547670291],[105.6975213751114,-1.9045872909481463],[105.69719939893315,-1.8892276968950943],[105.67460762963843,-1.891279332867073],[105.65461692003487,-1.8750961792552787],[105.64695684018608,-1.8720782981883293],[105.65712396010274,-1.862295387546329],[105.65735577474923,-1.8558815612163653],[105.66475411680908,-1.8465790657128691],[105.6618019168251,-1.8378411457035992],[105.67146904336168,-1.8434283116123662],[105.68594448065333,-1.86008093921062],[105.69616488000524,-1.8608968779143378],[105.70963857506024,-1.8533826887941092],[105.72403428115722,-1.8527934565874913],[105.73153164127228,-1.8474837279322753],[105.73409520013342,-1.8496052978844513],[105.7343238338779,-1.84712060327418],[105.73522596090942,-1.850135487800195],[105.73722252060291,-1.8479740482038098],[105.73835399993719,-1.850399546739073],[105.73906896096382,-1.8474047081014415],[105.74231040000501,-1.8490332580173439],[105.74257319989334,-1.8462661178290078],[105.7462675204298,-1.8486904481449116],[105.74581392127548,-1.8455445890542905],[105.74856504004465,-1.8459603879038513],[105.74837604122136,-1.8442547975650234],[105.75059796112707,-1.8464777076218366],[105.75334368216527,-1.8402942579222257]]]}},{"type":"Feature","properties":{"code":"1905042002","desa":"Mancung","kecamatan":"Kelapa","kecCode":"190504","kabCode":"1905","province":"Kepulauan Bangka Belitung"},"geometry":{"type":"Polygon","coordinates":[[[105.65913013624686,-1.9294572021381393],[105.64484724020802,-1.922119827825809],[105.6403961608542,-1.9239004548982115],[105.6322673930258,-1.9224687117193144],[105.63023876800479,-1.920051273807618],[105.62351301811132,-1.9217719889446045],[105.62353768201848,-1.9193800567053514],[105.61799185613933,-1.9178488017436361],[105.61977858331505,-1.909767700690547],[105.6159324823982,-1.9092215307213751],[105.61586005909452,-1.9037887847029782],[105.61945413040387,-1.901991032740285],[105.61987638818482,-1.8977982494745462],[105.62346684421952,-1.8957305570068217],[105.62768796422824,-1.8967632718935543],[105.6286166410452,-1.8875918013168345],[105.64055403144344,-1.8801691676773664],[105.64381996082261,-1.8861658830468584],[105.6516169507617,-1.8909576768478031],[105.65244194114274,-1.9090958468682857],[105.65589679560071,-1.9150652920954105],[105.65579096068431,-1.9204752097230637],[105.65864847734541,-1.9219106167398818],[105.65913013624686,-1.9294572021381393]]]}},{"type":"Feature","properties":{"code":"1905042003","desa":"Kayu Arang","kecamatan":"Kelapa","kecCode":"190504","kabCode":"1905","province":"Kepulauan Bangka Belitung"},"geometry":{"type":"Polygon","coordinates":[[[105.61535216876763,-1.9223995538541243],[105.63023876800479,-1.920051273807618],[105.6322673930258,-1.9224687117193144],[105.6403961608542,-1.9239004548982115],[105.64484724020802,-1.922119827825809],[105.65913013624686,-1.9294572021381393],[105.64065444614585,-1.9567399251272644],[105.63960594905534,-1.9725331129152177],[105.63726080674091,-1.9728729280452026],[105.63950222304918,-1.9689999068264736],[105.63798726020396,-1.9670058409552917],[105.63467958159748,-1.9672650660381394],[105.63478672412805,-1.9710097566989973],[105.63691344989586,-1.9712760315673785],[105.63456505023692,-1.9726026341065526],[105.63634807490382,-1.9758522866524737],[105.63283580772638,-1.978767439960933],[105.63428457777108,-1.9816135388261447],[105.62932278691716,-1.9796353513849285],[105.62787177036597,-1.9834565266876938],[105.62212672127121,-1.9824610635186695],[105.62393163183941,-1.9914769864552366],[105.62965010506836,-1.9889846718893334],[105.62579887441859,-1.9966196120812105],[105.61439183401598,-1.9923249266345773],[105.61111586910214,-1.9878828719823898],[105.60507455994302,-1.9892359586565094],[105.6006524873225,-1.9843291739416036],[105.59397139866114,-1.957962674856043],[105.59685535988699,-1.9563966188291315],[105.60220709588081,-1.9612813656572816],[105.60610700773229,-1.9609362427286356],[105.60533963691476,-1.9531612484167122],[105.60946253566753,-1.950895913741721],[105.60460424778783,-1.937894090280672],[105.60644693977451,-1.9353683398204093],[105.6092456839412,-1.9375780532255793],[105.61158964184851,-1.9357900571083888],[105.6095283588467,-1.9333245405408677],[105.61126734281366,-1.928570102778952],[105.60984384641641,-1.9214220285626027],[105.6140351449061,-1.9181931764363214],[105.61660850188092,-1.9204715890525446],[105.61535216876763,-1.9223995538541243]]]}},{"type":"Feature","properties":{"code":"1905042004","desa":"Pusuk","kecamatan":"Kelapa","kecCode":"190504","kabCode":"1905","province":"Kepulauan Bangka Belitung"},"geometry":{"type":"Polygon","coordinates":[[[105.64754602023271,-1.7712992967500314],[105.6554678558569,-1.7708851616462742],[105.6625698470209,-1.7736279814684708],[105.66985732515548,-1.7616216454582092],[105.68829004205185,-1.7724645564177108],[105.69592032736132,-1.78146035072824],[105.71908062287251,-1.7838747381396258],[105.7355551946166,-1.7805733520931477],[105.73312493776577,-1.7886653673185071],[105.72751440026938,-1.7914813182108669],[105.72714533379018,-1.795447769097436],[105.72182835479481,-1.798608700825539],[105.72191513217768,-1.8009777282316184],[105.72478189926527,-1.8010045846858336],[105.7218211728089,-1.8040716280917692],[105.72545758779751,-1.8186831139070663],[105.71328772444899,-1.828032876877886],[105.68421918256927,-1.823104826793848],[105.6616093755723,-1.8029303272627228],[105.66403139823052,-1.7878849203593312],[105.65540905098699,-1.786585322662487],[105.64754602023271,-1.7712992967500314]]]}},{"type":"Feature","properties":{"code":"1905042005","desa":"Dendang","kecamatan":"Kelapa","kecCode":"190504","kabCode":"1905","province":"Kepulauan Bangka Belitung"},"geometry":{"type":"Polygon","coordinates":[[[105.55730521416437,-1.7857021839175915],[105.56161644264478,-1.7931571787614786],[105.57933019293408,-1.8091163697077204],[105.58779113435342,-1.809859663874625],[105.59063821977809,-1.8056236690839493],[105.5966811486162,-1.8092403763252154],[105.59534379108317,-1.816152520597613],[105.60310551320889,-1.8243191192981376],[105.60198196679436,-1.864613309178498],[105.61344034769394,-1.8724068771886557],[105.6286166410452,-1.8875918013168345],[105.62812325588362,-1.8962319047652505],[105.61987638818482,-1.8977982494745462],[105.61945413040387,-1.901991032740285],[105.61514942200829,-1.9061723280661989],[105.6159324823982,-1.9092215307213751],[105.61977858331505,-1.909767700690547],[105.61748965582301,-1.9137503618570393],[105.61819915706553,-1.9183578459000978],[105.62353768201848,-1.9193800567053514],[105.62351301811132,-1.9217719889446045],[105.61535216876763,-1.9223995538541243],[105.61660850188092,-1.9204715890525446],[105.6140351449061,-1.9181931764363214],[105.61065409870776,-1.9207821789139523],[105.61100068033721,-1.9375175495363341],[105.60498789677409,-1.9360465266685432],[105.60690489794274,-1.9482660397750975],[105.60946253566753,-1.950895913741721],[105.60533963691476,-1.9531612484167122],[105.60610700773229,-1.9609362427286356],[105.60397560099322,-1.9618841398552958],[105.59685535988699,-1.9563966188291315],[105.59413732178001,-1.9568582111571842],[105.59729121271936,-1.9766666110730935],[105.60073315740937,-1.9843535077974808],[105.59463475119286,-1.9881990727141123],[105.59016056825567,-1.9958253902062695],[105.58566646893244,-1.994930062949679],[105.58929460386292,-1.9920404854608547],[105.58528780488835,-1.9889102934595733],[105.58969762604464,-1.9823712572192371],[105.58382906226149,-1.9848829036118567],[105.58199713605903,-1.9825532521222218],[105.58564101272265,-1.981282716017266],[105.57758181914568,-1.9800850834538346],[105.57673182041725,-1.973381759062401],[105.57271495982758,-1.9721957610283],[105.5784400727512,-1.9702600125944107],[105.58041024813451,-1.9655876487610158],[105.57797455308321,-1.9666082201022113],[105.57510356008127,-1.9636366918920232],[105.57663260181317,-1.9617056019462835],[105.57209896919214,-1.9582776255301246],[105.56548473703104,-1.957980020979654],[105.55929066183462,-1.9512837068034903],[105.55804849664086,-1.9463512896116217],[105.560921886336,-1.92985552266377],[105.56711156924358,-1.9285176147471532],[105.57148064211799,-1.9307805581247204],[105.58080038393062,-1.927511019769855],[105.56632377122514,-1.9173797099689274],[105.56198856591963,-1.9102460896565154],[105.5644337757982,-1.9018807111063516],[105.55502062500193,-1.878867686800218],[105.5560941457283,-1.871940185704554],[105.56123844230034,-1.8629896515746158],[105.55730521416437,-1.7857021839175915]]]}},{"type":"Feature","properties":{"code":"1905042006","desa":"Kacung","kecamatan":"Kelapa","kecCode":"190504","kabCode":"1905","province":"Kepulauan Bangka Belitung"},"geometry":{"type":"Polygon","coordinates":[[[105.53005203477363,-1.7773047966972546],[105.54103922488035,-1.7772701188392044],[105.55174442986161,-1.7846998130559883],[105.55730521416437,-1.7857021839175915],[105.56123844230034,-1.8629896515746158],[105.5560941457283,-1.871940185704554],[105.55502062500193,-1.878867686800218],[105.5644337757982,-1.9018807111063516],[105.56198856591963,-1.9102460896565154],[105.56632377122514,-1.9173797099689274],[105.55520341040913,-1.9123626404923408],[105.54959937321256,-1.9039432198818826],[105.54149654542931,-1.9002175031175323],[105.53783832997499,-1.9040475880038201],[105.53078046314788,-1.9050035592438477],[105.510895033579,-1.9163362625729234],[105.51103998540708,-1.8894851638033847],[105.51368343284422,-1.8895748468957276],[105.51109131421282,-1.880519716216031],[105.51153030208182,-1.8438526810010092],[105.53083400968187,-1.8439736497086439],[105.53099215186637,-1.8314618380516794],[105.52587626397843,-1.8312824179078162],[105.53005203477363,-1.7773047966972546]]]}},{"type":"Feature","properties":{"code":"1905042007","desa":"Sinar Sari","kecamatan":"Kelapa","kecCode":"190504","kabCode":"1905","province":"Kepulauan Bangka Belitung"},"geometry":{"type":"Polygon","coordinates":[[[105.64736630780891,-1.8723051126040262],[105.65461692003487,-1.8750961792552787],[105.67460762963843,-1.891279332867073],[105.69750631776242,-1.8894018263274206],[105.6975213751114,-1.9045872909481463],[105.67223187530085,-1.9127083021149167],[105.67206300600299,-1.9196077911275458],[105.65913013624686,-1.9294572021381393],[105.65864847734541,-1.9219106167398818],[105.65579096068431,-1.9204752097230637],[105.65589679560071,-1.9150652920954105],[105.65244194114274,-1.9090958468682857],[105.6516169507617,-1.8909576768478031],[105.64381996082261,-1.8861658830468584],[105.64055403144344,-1.8801691676773664],[105.64150798010927,-1.875946423497738],[105.64736630780891,-1.8723051126040262]]]}},{"type":"Feature","properties":{"code":"1905042008","desa":"Beruas","kecamatan":"Kelapa","kecCode":"190504","kabCode":"1905","province":"Kepulauan Bangka Belitung"},"geometry":{"type":"Polygon","coordinates":[[[105.75572067217131,-1.8399236275223543],[105.75334368216527,-1.8402942579222257],[105.75059796112707,-1.8464777076218366],[105.74837604122136,-1.8442547975650234],[105.74856504004465,-1.8459603879038513],[105.74581392127548,-1.8455445890542905],[105.7462675204298,-1.8486904481449116],[105.74257319989334,-1.8462661178290078],[105.74231040000501,-1.8490332580173439],[105.73906896096382,-1.8474047081014415],[105.73835399993719,-1.850399546739073],[105.73722252060291,-1.8479740482038098],[105.73522596090942,-1.850135487800195],[105.7343238338779,-1.84712060327418],[105.73409520013342,-1.8496052978844513],[105.73153164127228,-1.8474837279322753],[105.72403428115722,-1.8527934565874913],[105.70963857506024,-1.8533826887941092],[105.69616488000524,-1.8608968779143378],[105.68594448065333,-1.86008093921062],[105.67146904336168,-1.8434283116123662],[105.6611118841062,-1.8368873130513432],[105.65747171984407,-1.8394919979068165],[105.65520192003264,-1.838403717508201],[105.65340083967709,-1.8255803366280643],[105.6616093755723,-1.8029303272627228],[105.68421918256927,-1.823104826793848],[105.71328772444899,-1.828032876877886],[105.7287637627375,-1.8360870450343065],[105.7446611370019,-1.8290711279911271],[105.75572067217131,-1.8399236275223543]]]}},{"type":"Feature","properties":{"code":"1905042009","desa":"Tebing","kecamatan":"Kelapa","kecCode":"190504","kabCode":"1905","province":"Kepulauan Bangka Belitung"},"geometry":{"type":"Polygon","coordinates":[[[105.6618019168251,-1.8378411457035992],[105.66475411680908,-1.8465790657128691],[105.65735577474923,-1.8558815612163653],[105.65712396010274,-1.862295387546329],[105.64150798010927,-1.875946423497738],[105.64055403144344,-1.8801691676773664],[105.63141192372137,-1.885003435559233],[105.62539306523784,-1.8702389282993561],[105.62941115879799,-1.8560765666113594],[105.62690561610133,-1.8501004331262227],[105.63415559880188,-1.8329138969155032],[105.64248719432861,-1.8306109211163688],[105.63929835213729,-1.8178446660718448],[105.64028855966932,-1.8067587277187718],[105.65355528025201,-1.8013030193105959],[105.65540905098699,-1.786585322662487],[105.66403139823052,-1.7878849203593312],[105.6616093755723,-1.8029303272627228],[105.65340083967709,-1.8255803366280643],[105.655466521263,-1.832581076712376],[105.6537568803758,-1.83664088801918],[105.65664624023185,-1.8393885875628468],[105.6618019168251,-1.8378411457035992]]]}},{"type":"Feature","properties":{"code":"1905042010","desa":"Terentang","kecamatan":"Kelapa","kecCode":"190504","kabCode":"1905","province":"Kepulauan Bangka Belitung"},"geometry":{"type":"Polygon","coordinates":[[[105.5054109011922,-1.9488251626797162],[105.48622264405981,-1.9163887209271238],[105.47523511311005,-1.9163556357684095],[105.47500658818353,-1.8695832146097835],[105.47189352016989,-1.8579961767111495],[105.47300520002999,-1.8533252679808132],[105.47581139867718,-1.8523514676812554],[105.4804933061212,-1.844042319242079],[105.51153030208182,-1.8438526810010092],[105.51109131421282,-1.880519716216031],[105.51368343284422,-1.8895748468957276],[105.51103998540708,-1.8894851638033847],[105.51081062231242,-1.9348190024390512],[105.51342714494682,-1.934827255517459],[105.51341323873002,-1.9483432456733423],[105.5054109011922,-1.9488251626797162]]]}},{"type":"Feature","properties":{"code":"1905042011","desa":"Tuik","kecamatan":"Kelapa","kecCode":"190504","kabCode":"1905","province":"Kepulauan Bangka Belitung"},"geometry":{"type":"Polygon","coordinates":[[[105.71328772444899,-1.828032876877886],[105.72545758779751,-1.8186831139070663],[105.7218211728089,-1.8040716280917692],[105.72478189926527,-1.8010045846858336],[105.72191513217768,-1.8009777282316184],[105.72182835479481,-1.798608700825539],[105.72714533379018,-1.795447769097436],[105.72751440026938,-1.7914813182108669],[105.73242859720204,-1.7894371241288305],[105.73617538868331,-1.7826967098975692],[105.7430012052415,-1.7815460183476433],[105.74784091492637,-1.7875918609824606],[105.75554782337343,-1.7910210937515423],[105.7556964813076,-1.7985972551538891],[105.75104003187204,-1.8012709980498027],[105.75497266195883,-1.8081135833593651],[105.75901129333657,-1.8072700867302136],[105.76072260156688,-1.8099411721294987],[105.76032512280625,-1.8166025485435309],[105.75584978244154,-1.8173364411977706],[105.75697948291685,-1.8213985727553657],[105.74636412110736,-1.8204243093049255],[105.74690315135939,-1.8250650655656975],[105.74064656069027,-1.8264025741833048],[105.74128559195655,-1.8315520661331761],[105.7287637627375,-1.8360870450343065],[105.71328772444899,-1.828032876877886]]]}},{"type":"Feature","properties":{"code":"1905042012","desa":"Tugang","kecamatan":"Kelapa","kecCode":"190504","kabCode":"1905","province":"Kepulauan Bangka Belitung"},"geometry":{"type":"Polygon","coordinates":[[[105.45855958965342,-1.8319158796719144],[105.45812691412583,-1.8213675182657922],[105.46070507977566,-1.8181492178851513],[105.45789744041463,-1.8141117277515764],[105.45819540919086,-1.808367138216698],[105.46668298942848,-1.7988222547376764],[105.46486860989846,-1.78757696731009],[105.46989877081171,-1.7796343708452098],[105.46469981074773,-1.7775650038397859],[105.46604447707101,-1.7742365257167885],[105.47732186221424,-1.7694083579363793],[105.47982624928204,-1.7728784819795056],[105.48521122421869,-1.7738775442353552],[105.48648886676784,-1.7689866343531346],[105.4906484623567,-1.76781817669623],[105.4965397627999,-1.773263166085011],[105.48796316856544,-1.7762152338653996],[105.49716747160157,-1.7829621771747117],[105.50007639441016,-1.7787157349598908],[105.5093537700605,-1.7792867262174916],[105.51110753888189,-1.775280377807703],[105.50694116870007,-1.7735895687260244],[105.51248236756724,-1.770363303049904],[105.51708303025771,-1.777174089231264],[105.51939167628488,-1.7739387619862999],[105.51984788077515,-1.7767703529882413],[105.52173745801736,-1.7741540920594774],[105.53005203477363,-1.7773047966972546],[105.52587626397843,-1.8312824179078162],[105.53099215186637,-1.8314618380516794],[105.53083400968187,-1.8439736497086439],[105.4804933061212,-1.844042319242079],[105.45855958965342,-1.8319158796719144]]]}},{"type":"Feature","properties":{"code":"1905042013","desa":"Air Bulin","kecamatan":"Kelapa","kecCode":"190504","kabCode":"1905","province":"Kepulauan Bangka Belitung"},"geometry":{"type":"Polygon","coordinates":[[[105.59063821977809,-1.8056236690839493],[105.58973591288213,-1.795218682094901],[105.61377528130423,-1.7932286676694744],[105.61902418431872,-1.7860099831828296],[105.62093040171675,-1.7752436306096053],[105.62766351435975,-1.7642617528103102],[105.63923232031539,-1.762498077958583],[105.63980732344929,-1.7648457779423614],[105.6442816799556,-1.7634148180730835],[105.6472459200632,-1.7654529579190341],[105.64562159965716,-1.766426578354192],[105.6468275365616,-1.769916965022384],[105.65640648007508,-1.790130237924209],[105.65355528025201,-1.8013030193105959],[105.64028855966932,-1.8067587277187718],[105.63929835213729,-1.8178446660718448],[105.64248719432861,-1.8306109211163688],[105.63415559880188,-1.8329138969155032],[105.62690561610133,-1.8501004331262227],[105.62941115879799,-1.8560765666113594],[105.62539306523784,-1.8702389282993561],[105.63159815982725,-1.884702057453418],[105.6286166410452,-1.8875918013168345],[105.61344034769394,-1.8724068771886557],[105.60198196679436,-1.864613309178498],[105.60310551320889,-1.8243191192981376],[105.59534379108317,-1.816152520597613],[105.5966811486162,-1.8092403763252154],[105.59063821977809,-1.8056236690839493]]]}},{"type":"Feature","properties":{"code":"1905042014","desa":"Pangkal Beras","kecamatan":"Kelapa","kecCode":"190504","kabCode":"1905","province":"Kepulauan Bangka Belitung"},"geometry":{"type":"Polygon","coordinates":[[[105.55020620065568,-2.010633059528383],[105.53819459190696,-1.9956539614379867],[105.5363988283433,-1.9970879969887638],[105.53722143731954,-2.0008830838582647],[105.53077577588141,-1.9978411090543642],[105.52704885671942,-1.9917066939899284],[105.53212368875727,-1.9898252978825222],[105.5279170694173,-1.9886080565011992],[105.523082385144,-1.977933086738988],[105.50993566919583,-1.9681161034826637],[105.5112594208856,-1.9620679684758935],[105.50533118168875,-1.9528691306299928],[105.50529385083063,-1.9482914339317292],[105.51341323873002,-1.9483432456733423],[105.51342714494682,-1.934827255517459],[105.51081062231242,-1.9348190024390512],[105.510895033579,-1.9163362625729234],[105.53078046314788,-1.9050035592438477],[105.53783832997499,-1.9040475880038201],[105.54149654542931,-1.9002175031175323],[105.54959937321256,-1.9039432198818826],[105.55520341040913,-1.9123626404923408],[105.57628459925489,-1.922618096305617],[105.58080038393062,-1.927511019769855],[105.57148064211799,-1.9307805581247204],[105.56711156924358,-1.9285176147471532],[105.560921886336,-1.92985552266377],[105.55804849664086,-1.9463512896116217],[105.55929066183462,-1.9512837068034903],[105.56548473703104,-1.957980020979654],[105.57209896919214,-1.9582776255301246],[105.57663260181317,-1.9617056019462835],[105.57510356008127,-1.9636366918920232],[105.57797455308321,-1.9666082201022113],[105.58041024813451,-1.9655876487610158],[105.5784400727512,-1.9702600125944107],[105.57271495982758,-1.9721957610283],[105.57673182041725,-1.973381759062401],[105.57758181914568,-1.9800850834538346],[105.58564101272265,-1.981282716017266],[105.58199713605903,-1.9825532521222218],[105.58382906226149,-1.9848829036118567],[105.58969762604464,-1.9823712572192371],[105.58528780488835,-1.9889102934595733],[105.58916612401747,-1.9907864159425506],[105.58912635419794,-1.9936541983616487],[105.58554339940842,-1.994429017363494],[105.59121288386757,-1.996399620821855],[105.58867120011587,-1.999813807933096],[105.58320319527132,-2.0014552469325286],[105.56386946200615,-2.0011519487742064],[105.55020620065568,-2.010633059528383]]]}},{"type":"Feature","properties":{"code":"1905052001","desa":"Tempilang","kecamatan":"Tempilang","kecCode":"190505","kabCode":"1905","province":"Kepulauan Bangka Belitung"},"geometry":{"type":"Polygon","coordinates":[[[105.70422462576589,-2.065001082734128],[105.68800938702365,-2.0791751068304065],[105.68524200041803,-2.103244997316914],[105.67434299962979,-2.095508997608872],[105.66809071581396,-2.0979747569934397],[105.66747217470117,-2.1016647167132008],[105.66347900225423,-2.1001013685449905],[105.63141226276576,-2.0759240090740203],[105.62723093236173,-2.0758714014324195],[105.64006705575007,-2.041968509864584],[105.66750868088097,-2.0601770968012],[105.70422462576589,-2.065001082734128]]]}},{"type":"Feature","properties":{"code":"1905052002","desa":"Tanjung Niur","kecamatan":"Tempilang","kecCode":"190505","kabCode":"1905","province":"Kepulauan Bangka Belitung"},"geometry":{"type":"Polygon","coordinates":[[[105.56679741896579,-2.071038216334296],[105.56853313659501,-2.0659203949096416],[105.56604185804537,-2.0613223114798656],[105.54598010829538,-2.05182701302108],[105.5414207361781,-2.0456849699070574],[105.53997538805378,-2.0387943787867586],[105.54047430944189,-2.0202247401294184],[105.55614326669847,-2.0054872161281168],[105.56634075402263,-2.0004444125511482],[105.58669683389184,-2.000710595688726],[105.59421635510073,-1.9935760166989456],[105.5954617056932,-1.999259260779122],[105.59815630566901,-1.998478689713505],[105.59647300502523,-1.9945618265450882],[105.60184172831315,-1.9966926064542945],[105.59963707718941,-2.001597632095346],[105.60450900058997,-2.0055378128857204],[105.60262123997832,-2.0073638800029965],[105.6006418456447,-2.004952607843157],[105.59818333659177,-2.0078184396326786],[105.60110038117773,-2.015759619665344],[105.60697526269827,-2.0210684058310413],[105.64701992582899,-2.0248404565664173],[105.62723093236173,-2.0758714014324195],[105.62485659715428,-2.0975662228673047],[105.61252867705684,-2.1196647184920483],[105.59111840828797,-2.1230000305633308],[105.58807844076749,-2.117875660275531],[105.58885362489492,-2.1119435054370133],[105.57966660502984,-2.1002463608423385],[105.56510300270143,-2.09229946112145],[105.55969799986286,-2.085712997334473],[105.56857628876479,-2.0723556305001716],[105.56679741896579,-2.071038216334296]]]}},{"type":"Feature","properties":{"code":"1905052003","desa":"Sangku","kecamatan":"Tempilang","kecCode":"190505","kabCode":"1905","province":"Kepulauan Bangka Belitung"},"geometry":{"type":"Polygon","coordinates":[[[105.70422462576589,-2.065001082734128],[105.66750868088097,-2.0601770968012],[105.64006705575007,-2.041968509864584],[105.64701992582899,-2.0248404565664173],[105.66318142018643,-2.0330572401351255],[105.71175976999744,-2.003382006642621],[105.7186825136871,-2.0017415541995134],[105.72552983663269,-2.032885525382488],[105.72250109894662,-2.053566894509507],[105.73054465511181,-2.078388081330482],[105.70291789914175,-2.07880664109871],[105.70422462576589,-2.065001082734128]]]}},{"type":"Feature","properties":{"code":"1905052004","desa":"Buyan Kelumbi","kecamatan":"Tempilang","kecCode":"190505","kabCode":"1905","province":"Kepulauan Bangka Belitung"},"geometry":{"type":"Polygon","coordinates":[[[105.7222038370375,-2.0469991923789976],[105.72552983663269,-2.032885525382488],[105.7186825136871,-2.0017415541995134],[105.72222794066698,-1.99187600035811],[105.72306983380584,-1.9800505665744503],[105.73345304911896,-1.9774547598262318],[105.73805149857786,-1.9807551746049348],[105.74242918156152,-1.9802027975150227],[105.74828852999171,-1.9735453709233937],[105.76700248197903,-1.9758348640864498],[105.77228826079464,-1.9768378042189627],[105.7769585328101,-1.9827508574571986],[105.79434067608138,-1.9821532696494502],[105.81151094357523,-1.9938501138705242],[105.7984742713706,-1.9982094281965905],[105.78543646602014,-1.9963496580863134],[105.78074986411501,-1.9981197828757955],[105.77896155143452,-2.0051836139989407],[105.78212869658216,-2.026668469816638],[105.77244841296395,-2.0488979427039387],[105.75798715258507,-2.053261333656887],[105.73744026985264,-2.054741359637646],[105.7222038370375,-2.0469991923789976]]]}},{"type":"Feature","properties":{"code":"1905052005","desa":"Penyampak","kecamatan":"Tempilang","kecCode":"190505","kabCode":"1905","province":"Kepulauan Bangka Belitung"},"geometry":{"type":"Polygon","coordinates":[[[105.60073315740937,-1.9843535077974808],[105.60507455994302,-1.9892359586565094],[105.61111586910214,-1.9878828719823898],[105.61439183401598,-1.9923249266345773],[105.62669480242323,-1.9965608386876137],[105.62965010506836,-1.9889846718893334],[105.62393163183941,-1.9914769864552366],[105.62251111219813,-1.9819535059415516],[105.62787177036597,-1.9834565266876938],[105.63012419617478,-1.9796306128570234],[105.63393622357789,-1.9819194800919133],[105.63283580772638,-1.978767439960933],[105.63634807490382,-1.9758522866524737],[105.63456505023692,-1.9726026341065526],[105.63691344989586,-1.9712760315673785],[105.63478672412805,-1.9710097566989973],[105.63483965822371,-1.9670770546707557],[105.63925030136039,-1.968449447091172],[105.63727175868479,-1.9726208444786346],[105.63895083970952,-1.9729560307981067],[105.64533792110825,-1.9671898476416017],[105.64235639962823,-1.9619828980063945],[105.64530011990468,-1.961660697897293],[105.64544843969378,-1.9576911578394351],[105.65775864134827,-1.955810248265183],[105.66395172009582,-1.958708697565997],[105.66626544369534,-1.9657945746697145],[105.67555092043868,-1.9720503874183575],[105.67635299969122,-1.9753659881490673],[105.67179225430912,-1.9840419808424448],[105.68691863978347,-1.990631517612871],[105.70522123197435,-1.9874367336042926],[105.72222794066698,-1.99187600035811],[105.7186825136871,-2.0017415541995134],[105.71175976999744,-2.003382006642621],[105.66318142018643,-2.0330572401351255],[105.64701992582899,-2.0248404565664173],[105.6065329176601,-2.0207342519333507],[105.60110038117773,-2.015759619665344],[105.59818333659177,-2.0078184396326786],[105.6006418456447,-2.004952607843157],[105.60262123997832,-2.0073638800029965],[105.60450900058997,-2.0055378128857204],[105.59963707718941,-2.001597632095346],[105.60184172831315,-1.9966926064542945],[105.59647300502523,-1.9945618265450882],[105.59815630566901,-1.998478689713505],[105.5954617056932,-1.999259260779122],[105.59438412632642,-1.9938194110158562],[105.59240613133795,-1.994442312940562],[105.59463475119286,-1.9881990727141123],[105.60073315740937,-1.9843535077974808]]]}},{"type":"Feature","properties":{"code":"1905052006","desa":"Benteng Kota","kecamatan":"Tempilang","kecCode":"190505","kabCode":"1905","province":"Kepulauan Bangka Belitung"},"geometry":{"type":"MultiPolygon","coordinates":[[[[105.6358299745737,-2.126330034835956],[105.63727668786889,-2.1287818313464117],[105.63650003155128,-2.1292386878447083],[105.63420051993813,-2.12764730421099],[105.6358299745737,-2.126330034835956]]],[[[105.63141226276576,-2.0759240090740203],[105.66747217470117,-2.1016647167132008],[105.66387100234493,-2.10998199772169],[105.6660689939889,-2.121830137588438],[105.64714887332188,-2.1170303578077347],[105.62896049233291,-2.1211717574091016],[105.6268636456408,-2.1188749095903052],[105.61252867705684,-2.1196647184920483],[105.62485659715428,-2.0975662228673047],[105.62723093236173,-2.0758714014324195],[105.63141226276576,-2.0759240090740203]]]]}},{"type":"Feature","properties":{"code":"1905052007","desa":"Air Lintang","kecamatan":"Tempilang","kecCode":"190505","kabCode":"1905","province":"Kepulauan Bangka Belitung"},"geometry":{"type":"Polygon","coordinates":[[[105.66387100234493,-2.10998199772169],[105.66809071581396,-2.0979747569934397],[105.67434299962979,-2.095508997608872],[105.68550227501004,-2.10320734270293],[105.68376249334442,-2.130688898601703],[105.6776163151409,-2.1282298364683974],[105.67667513235152,-2.1241893282100026],[105.67852757658648,-2.1249428665542553],[105.67502349323966,-2.1231662198813255],[105.66654382433806,-2.1244386292741075],[105.66591386003665,-2.1279616397487557],[105.65988492464959,-2.1265431435836697],[105.6622468779911,-2.1208818978199946],[105.6660689939889,-2.121830137588438],[105.66387100234493,-2.10998199772169]]]}},{"type":"Feature","properties":{"code":"1905052008","desa":"Sinar Surya","kecamatan":"Tempilang","kecCode":"190505","kabCode":"1905","province":"Kepulauan Bangka Belitung"},"geometry":{"type":"Polygon","coordinates":[[[105.68445955066777,-2.128671965668821],[105.68800938702365,-2.0791751068304065],[105.70422462576589,-2.065001082734128],[105.70291789914175,-2.07880664109871],[105.73054465511181,-2.078388081330482],[105.73995525183346,-2.1321504075415834],[105.717470361568,-2.1243113734060657],[105.68445955066777,-2.128671965668821]]]}},{"type":"Feature","properties":{"code":"1905052009","desa":"Simpang Yul","kecamatan":"Tempilang","kecCode":"190505","kabCode":"1905","province":"Kepulauan Bangka Belitung"},"geometry":{"type":"Polygon","coordinates":[[[105.6975213751114,-1.9045872909481463],[105.70585801403614,-1.9047387547670291],[105.70678247213344,-1.9459983138028523],[105.71305635316821,-1.95504806024145],[105.71449089863614,-1.9635955110362266],[105.70915480904726,-1.9769150649757832],[105.72010180125714,-1.9815336169752478],[105.72306983380584,-1.9800505665744503],[105.72222794066698,-1.99187600035811],[105.70522123197435,-1.9874367336042926],[105.68691863978347,-1.990631517612871],[105.67179225430912,-1.9840419808424448],[105.67635299969122,-1.9753659881490673],[105.67555092043868,-1.9720503874183575],[105.66626544369534,-1.9657945746697145],[105.66395172009582,-1.958708697565997],[105.65775864134827,-1.955810248265183],[105.64544843969378,-1.9576911578394351],[105.64530011990468,-1.961660697897293],[105.64235639962823,-1.9619828980063945],[105.64533792110825,-1.9671898476416017],[105.64046199572458,-1.970816568833864],[105.64065444614585,-1.9567399251272644],[105.65913013624686,-1.9294572021381393],[105.67206300600299,-1.9196077911275458],[105.67223187530085,-1.9127083021149167],[105.6975213751114,-1.9045872909481463]]]}},{"type":"Feature","properties":{"code":"1905062001","desa":"Sekar Biru","kecamatan":"Parittiga","kecCode":"190506","kabCode":"1905","province":"Kepulauan Bangka Belitung"},"geometry":{"type":"Polygon","coordinates":[[[105.5457024138354,-1.6803665191251895],[105.51307618991429,-1.6773718540567575],[105.51033368305308,-1.6754727314124631],[105.51171904100102,-1.6718879132316515],[105.50801224416976,-1.6678287260543645],[105.50767763071815,-1.6600937290904396],[105.51324960978174,-1.6526919408367309],[105.51830220788065,-1.6533239007330516],[105.521770258091,-1.6451627168505507],[105.5324917920626,-1.6520499741839827],[105.5457024138354,-1.6803665191251895]]]}},{"type":"Feature","properties":{"code":"1905062002","desa":"Telak","kecamatan":"Parittiga","kecCode":"190506","kabCode":"1905","province":"Kepulauan Bangka Belitung"},"geometry":{"type":"Polygon","coordinates":[[[105.61116750277809,-1.7085230081247529],[105.59953446004738,-1.7114923383918759],[105.601037681344,-1.7073441462111592],[105.59742973169682,-1.702948644065291],[105.59362705904157,-1.702192858315181],[105.59078367972306,-1.7044542404697867],[105.58967964230169,-1.6998505398745454],[105.58378573022729,-1.700878939814093],[105.58517531139158,-1.6958803837811345],[105.58160938076838,-1.6939838412917656],[105.57924961098081,-1.6939535287429393],[105.57756061493052,-1.6972721682828518],[105.57866171606543,-1.692097505208312],[105.57657938083382,-1.6894124173648162],[105.57186123071129,-1.6940697930969317],[105.56541599195451,-1.6897359970338992],[105.56039807890828,-1.6910837992916352],[105.55385856781872,-1.68769212580849],[105.5457024138354,-1.6803665191251895],[105.5324917920626,-1.6520499741839827],[105.521770258091,-1.6451627168505507],[105.5500453712969,-1.6510535703241538],[105.56314680008484,-1.6289033474941716],[105.57066642831307,-1.6301339069356158],[105.57613980031158,-1.6350263078936647],[105.58026144001349,-1.6332999279271576],[105.58958939983097,-1.6363237481169606],[105.59727107959668,-1.648350987968803],[105.59634120038612,-1.6579151079463854],[105.58940724035192,-1.6612933482562031],[105.5880647998507,-1.666055608321132],[105.5845706396234,-1.6678966482511839],[105.58857491959691,-1.6711597780372],[105.58749059981142,-1.6753622380080482],[105.59041703961474,-1.6771316379439511],[105.59174472044252,-1.6849343682470364],[105.59435580037994,-1.6852167868454975],[105.58780380130446,-1.6866863078454513],[105.5876763601759,-1.6891065885141894],[105.59438279982639,-1.689979858098933],[105.59650787983485,-1.692322108191148],[105.59451240022713,-1.6954380882060864],[105.59762639993845,-1.6938039579970043],[105.60561947985518,-1.6963676985183638],[105.60592476011965,-1.6993332885050756],[105.60890592007223,-1.6998716685467257],[105.61116750277809,-1.7085230081247529]]]}},{"type":"Feature","properties":{"code":"1905062003","desa":"Cupat","kecamatan":"Parittiga","kecCode":"190506","kabCode":"1905","province":"Kepulauan Bangka Belitung"},"geometry":{"type":"MultiPolygon","coordinates":[[[[105.62628954902351,-1.615147705100456],[105.62769730098971,-1.6154311462280462],[105.6264929765697,-1.6157550703375343],[105.62628954902351,-1.615147705100456]]],[[[105.62688969540316,-1.6121825674727321],[105.62848264206035,-1.6119529831451531],[105.62754967817516,-1.6126619169146716],[105.6272194093483,-1.6126685790923965],[105.62688969540316,-1.6121825674727321]]],[[[105.6237935796101,-1.6045684438882544],[105.62730813196474,-1.6046116608091432],[105.62754512580699,-1.6049400275694947],[105.6237935796101,-1.6045684438882544]]],[[[105.54710516826896,-1.6155275373634734],[105.54669809913803,-1.6060556185799357],[105.55132376477997,-1.5906747699497705],[105.55847204674761,-1.585346463099811],[105.58191461876469,-1.5843736385646745],[105.58685209015192,-1.5937227180506994],[105.58988150772547,-1.5933056970225141],[105.59036491041233,-1.5861133833561398],[105.6027575358317,-1.5717345161811118],[105.61541069125047,-1.5739809174290156],[105.61140196233076,-1.5822019799719076],[105.61639737074209,-1.5835948049892448],[105.61756159259345,-1.5877916046271294],[105.61472309479507,-1.5915988206531384],[105.61933612406295,-1.5936419373473383],[105.62404466043279,-1.600727300038807],[105.62210296118273,-1.6054441902059267],[105.62528168330311,-1.6188249834800639],[105.61067465271309,-1.6234071048428032],[105.56920629623363,-1.6299510621733069],[105.56314680008484,-1.6289033474941716],[105.54710516826896,-1.6155275373634734]]],[[[105.6205262913553,-1.589110021537067],[105.62264457788501,-1.5923558546621714],[105.62112214617018,-1.5954263532634252],[105.6205262913553,-1.589110021537067]]],[[[105.62958572080441,-1.5807195968680505],[105.62951814394721,-1.5808871108873888],[105.62943438738711,-1.5808109679878375],[105.62958572080441,-1.5807195968680505]]],[[[105.61751212898163,-1.573559488823423],[105.61691599357829,-1.5729171336635772],[105.61717424919232,-1.572863228300213],[105.61751212898163,-1.573559488823423]]],[[[105.61558984429593,-1.5734816902719542],[105.61531255902742,-1.573264614614716],[105.61576087016806,-1.5730193335201408],[105.61558984429593,-1.5734816902719542]]],[[[105.63091768690178,-1.610710871912122],[105.63342775138966,-1.6112854181897291],[105.63187558089338,-1.6121105524613124],[105.63091768690178,-1.610710871912122]]],[[[105.63553764005012,-1.6019659866535696],[105.63627032401631,-1.6023617000444996],[105.63507773844692,-1.6023375622408558],[105.63553764005012,-1.6019659866535696]]],[[[105.63141048210815,-1.5811810605931058],[105.63133852735119,-1.581078267183987],[105.63137850221614,-1.5810708432805578],[105.63141048210815,-1.5811810605931058]]],[[[105.62980653494367,-1.5805625518566204],[105.62977074822152,-1.580360012840844],[105.62989562178558,-1.5804224500725115],[105.62980653494367,-1.5805625518566204]]],[[[105.63001630810616,-1.5801525239566367],[105.6298853434339,-1.5801799352925394],[105.62974371729875,-1.5801144520571562],[105.63001630810616,-1.5801525239566367]]],[[[105.63185858190808,-1.57808677132649],[105.63202076564589,-1.5784408353149684],[105.63148167603856,-1.5782044116431724],[105.63185858190808,-1.57808677132649]]],[[[105.64039249072094,-1.5720693958317011],[105.64048195797602,-1.5722852133374443],[105.64028779434632,-1.5722612284184763],[105.64039249072094,-1.5720693958317011]]]]}},{"type":"Feature","properties":{"code":"1905062004","desa":"Bakit","kecamatan":"Parittiga","kecCode":"190506","kabCode":"1905","province":"Kepulauan Bangka Belitung"},"geometry":{"type":"MultiPolygon","coordinates":[[[[105.71035362601907,-1.7072481004153526],[105.71090684577439,-1.7074717896869271],[105.71066761082164,-1.7077886190447735],[105.71035362601907,-1.7072481004153526]]],[[[105.71102896021841,-1.7066242569004584],[105.71196258420592,-1.7067179221907924],[105.71119980532681,-1.7072640471938152],[105.71102896021841,-1.7066242569004584]]],[[[105.70502761783035,-1.704054622222436],[105.70720123424962,-1.7044473363744455],[105.70729454071056,-1.7056666354044783],[105.70594491102888,-1.7058850888231638],[105.70502761783035,-1.704054622222436]]],[[[105.71145222973665,-1.702265921936131],[105.71292696590682,-1.7051907663389527],[105.70793288309612,-1.7037779898620702],[105.71145222973665,-1.702265921936131]]],[[[105.67868116460413,-1.7017644464739463],[105.67698650462351,-1.701869914466784],[105.67690167966884,-1.700544110525564],[105.67868116460413,-1.7017644464739463]]],[[[105.68459187781298,-1.6932262218240914],[105.68408305488911,-1.693848301768409],[105.68398681304102,-1.6933476428906733],[105.68459187781298,-1.6932262218240914]]],[[[105.70015686085048,-1.6774895645205756],[105.69908627820922,-1.6774299700459925],[105.69945604885766,-1.6761345335122393],[105.70015686085048,-1.6774895645205756]]],[[[105.66676800014318,-1.6966049378752466],[105.66952200034011,-1.6944463779080503],[105.66592998128368,-1.6898189118284956],[105.6660631196173,-1.6836813869084515],[105.6707804171826,-1.6776133544014324],[105.6705875998379,-1.6718444094270375],[105.67815325896576,-1.654509213483714],[105.70156626127401,-1.6521368738745512],[105.72375810565211,-1.6438058503259039],[105.7129795969309,-1.6595076499068449],[105.70373154637382,-1.666318885749138],[105.69801984863716,-1.6761661230984075],[105.68391894030691,-1.6871104622961755],[105.68151087962342,-1.691556263523952],[105.67090345882764,-1.699337715867487],[105.66676800014318,-1.6966049378752466]]]]}},{"type":"Feature","properties":{"code":"1905062005","desa":"Puput","kecamatan":"Parittiga","kecCode":"190506","kabCode":"1905","province":"Kepulauan Bangka Belitung"},"geometry":{"type":"Polygon","coordinates":[[[105.48807104404352,-1.6639165249715362],[105.48054997779928,-1.663787590069225],[105.4812526675766,-1.6591672250365446],[105.50405805013895,-1.6554744315530312],[105.50881256704639,-1.6615467969935598],[105.50777832510964,-1.6671050523966242],[105.51132209194105,-1.673636000134387],[105.49939376401106,-1.680089481170537],[105.49625553476515,-1.6774666749759064],[105.4955171329094,-1.67285298021482],[105.48638172783456,-1.6672280733570923],[105.48807104404352,-1.6639165249715362]]]}},{"type":"Feature","properties":{"code":"1905062006","desa":"Air Gantang","kecamatan":"Parittiga","kecCode":"190506","kabCode":"1905","province":"Kepulauan Bangka Belitung"},"geometry":{"type":"MultiPolygon","coordinates":[[[[105.48229552411918,-1.6523101381590841],[105.46738996627397,-1.6508825174725112],[105.46604084111196,-1.6463938437641612],[105.4554097591531,-1.6418783738561413],[105.45401572004948,-1.6342902964367996],[105.448919822292,-1.6300115703591849],[105.43738942278367,-1.6313553355602457],[105.42856774980184,-1.623953794620081],[105.4239349651266,-1.6240619623777057],[105.42077503434042,-1.6160099948624032],[105.42858758884621,-1.5996286945238178],[105.43634691697667,-1.5957584728946437],[105.45696729410541,-1.574501668959945],[105.45787523255598,-1.5668197221040876],[105.46068153822245,-1.5644643203263047],[105.46722889409824,-1.5647234644702168],[105.46949720013572,-1.5620904581649424],[105.47483508027477,-1.566631708038693],[105.47276579960202,-1.5721636483793364],[105.48521020079022,-1.5802060992687688],[105.48796103987013,-1.5886599279406677],[105.4958215246437,-1.5942534187813562],[105.50612649983816,-1.641014253074589],[105.50405805013895,-1.6554744315530312],[105.4812526675766,-1.6591672250365446],[105.48229552411918,-1.6523101381590841]]],[[[105.4460828461465,-1.5685293854724578],[105.44606976730596,-1.5703356890884386],[105.44525180422744,-1.570043712495333],[105.4460828461465,-1.5685293854724578]]],[[[105.45330378164424,-1.566469197847161],[105.45302643791983,-1.5662934352459796],[105.45331158056506,-1.5661709152078445],[105.45330378164424,-1.566469197847161]]],[[[105.45453260539546,-1.5645531454654173],[105.45528811505454,-1.564859445560704],[105.45442804301985,-1.5653046873147223],[105.45453260539546,-1.5645531454654173]]],[[[105.45244703889976,-1.5641098030795288],[105.45256315666438,-1.5644533980600908],[105.45230617538975,-1.56442579606784],[105.45244703889976,-1.5641098030795288]]]]}},{"type":"Feature","properties":{"code":"1905062007","desa":"Kelabat","kecamatan":"Parittiga","kecCode":"190506","kabCode":"1905","province":"Kepulauan Bangka Belitung"},"geometry":{"type":"MultiPolygon","coordinates":[[[[105.51830220788065,-1.6533239007330516],[105.51324960978174,-1.6526919408367309],[105.50767763071815,-1.6600937290904396],[105.50408024091045,-1.655535025174403],[105.50612649983816,-1.641014253074589],[105.4958215246437,-1.5942534187813562],[105.48796103987013,-1.5886599279406677],[105.48521020079022,-1.5802060992687688],[105.47276579960202,-1.5721636483793364],[105.47483508027477,-1.566631708038693],[105.47112131999295,-1.5649474478201226],[105.46955188341273,-1.5609531296412567],[105.48886299962777,-1.5647469979294595],[105.49543821470189,-1.563971334464245],[105.4997231631935,-1.560547161281005],[105.50306202219464,-1.5617842911692204],[105.50161055058652,-1.5635165383128415],[105.51490921868553,-1.564920147100808],[105.51556296016251,-1.5674591679570855],[105.52526351989557,-1.5709870770389338],[105.53290667989944,-1.578905728154957],[105.53726951957269,-1.5787532678873057],[105.539320884851,-1.5847975151248719],[105.55132376477997,-1.5906747699497705],[105.54669809913803,-1.6060556185799357],[105.54710516826896,-1.6155275373634734],[105.56314680008484,-1.6289033474941716],[105.5500453712969,-1.6510535703241538],[105.521770258091,-1.6451627168505507],[105.51830220788065,-1.6533239007330516]]],[[[105.47164933175134,-1.5588952155021456],[105.47281239437653,-1.5588604243295667],[105.472176811111,-1.5598579775229033],[105.47164933175134,-1.5588952155021456]]],[[[105.50087598343991,-1.5571711171156262],[105.49929347071712,-1.5579280791789432],[105.50043609534958,-1.5560832971699188],[105.50087598343991,-1.5571711171156262]]],[[[105.47863560085239,-1.5527894294557436],[105.47942539176846,-1.5526624928470658],[105.47948189887056,-1.5535420280084498],[105.47863560085239,-1.5527894294557436]]]]}},{"type":"Feature","properties":{"code":"1905062008","desa":"Kapit","kecamatan":"Parittiga","kecCode":"190506","kabCode":"1905","province":"Kepulauan Bangka Belitung"},"geometry":{"type":"MultiPolygon","coordinates":[[[[105.64706259955938,-1.7119916051190807],[105.63719647823494,-1.7070109779703753],[105.62987157661199,-1.7121047488255607],[105.62618040730001,-1.7056873791667566],[105.61930742759574,-1.706083608768642],[105.61394720380048,-1.700506553038297],[105.61116750277809,-1.7085230081247529],[105.60890592007223,-1.6998716685467257],[105.60592476011965,-1.6993332885050756],[105.60561947985518,-1.6963676985183638],[105.59762639993845,-1.6938039579970043],[105.59451240022713,-1.6954380882060864],[105.59650787983485,-1.692322108191148],[105.59438279982639,-1.689979858098933],[105.5876763601759,-1.6891065885141894],[105.58780380130446,-1.6866863078454513],[105.59435580037994,-1.6852167868454975],[105.59174472044252,-1.6849343682470364],[105.59041703961474,-1.6771316379439511],[105.58749059981142,-1.6753622380080482],[105.58857491959691,-1.6711597780372],[105.5845706396234,-1.6678966482511839],[105.5880647998507,-1.666055608321132],[105.58940724035192,-1.6612933482562031],[105.59634120038612,-1.6579151079463854],[105.59669868000013,-1.646050948456192],[105.58958939983097,-1.6363237481169606],[105.58026144001349,-1.6332999279271576],[105.57613980031158,-1.6350263078936647],[105.56920629623363,-1.6299510621733069],[105.61067465271309,-1.6234071048428032],[105.6282599995994,-1.6182269981719313],[105.62891900031168,-1.6204239978613426],[105.62545299965626,-1.620842998297356],[105.62950799959457,-1.6215389980171924],[105.62982199968559,-1.6283729983984458],[105.63833461255238,-1.636640241128333],[105.63742331963056,-1.6419963595125586],[105.63285894008804,-1.643473127249538],[105.62887928714946,-1.6874896524432672],[105.64197824729831,-1.6996832120148895],[105.65009228692958,-1.7004049224526225],[105.64706259955938,-1.7119916051190807]]],[[[105.63242823137783,-1.6216942668676142],[105.63373474576196,-1.6227206712115736],[105.63239967790285,-1.6224595008951215],[105.63242823137783,-1.6216942668676142]]],[[[105.6314472796683,-1.6215311928011695],[105.63375621707581,-1.620557373615855],[105.63411012458268,-1.6225072261173556],[105.63355057719745,-1.6213189159263726],[105.6314472796683,-1.6215311928011695]]],[[[105.63111136669629,-1.6213559509074975],[105.63117103311674,-1.6211328947585952],[105.63130498803484,-1.6214059882867196],[105.63111136669629,-1.6213559509074975]]],[[[105.63320092168527,-1.619348455460183],[105.63393830101182,-1.6192313979041386],[105.63481013527955,-1.6191199629094948],[105.63320092168527,-1.619348455460183]]],[[[105.63138425967587,-1.6171775504992583],[105.63108616139726,-1.6173614348778254],[105.63120973094436,-1.616998425332977],[105.63138425967587,-1.6171775504992583]]],[[[105.63027657370498,-1.6166128823749655],[105.63029734624558,-1.6175119831867828],[105.63001181059666,-1.6175062733911159],[105.63027657370498,-1.6166128823749655]]],[[[105.63078400178034,-1.61670149347534],[105.63095151579988,-1.6161212850660953],[105.63105354658397,-1.6160832140659664],[105.63078400178034,-1.61670149347534]]],[[[105.63112142381472,-1.6061485922916268],[105.63685875492762,-1.6136844811534667],[105.63729935797903,-1.6188681338510766],[105.63634156021487,-1.6131368479873085],[105.63008478878203,-1.6082206689543446],[105.63112142381472,-1.6061485922916268]]],[[[105.63869098869822,-1.6324056555753255],[105.63860763773236,-1.6318155132548031],[105.63899055467044,-1.632030394566281],[105.63869098869822,-1.6324056555753255]]],[[[105.63887360593223,-1.6296928344386077],[105.63876774943213,-1.6293701450983074],[105.63894516498743,-1.6294078500743192],[105.63887360593223,-1.6296928344386077]]],[[[105.63839929988785,-1.6293942909958772],[105.63799320202469,-1.6290442325878327],[105.6382490663414,-1.629002951907264],[105.63839929988785,-1.6293942909958772]]],[[[105.63701965713152,-1.6199248084757651],[105.6398465707627,-1.621797774338426],[105.63954993118442,-1.6233080975795688],[105.63701965713152,-1.6199248084757651]]],[[[105.64588028334845,-1.6206837481482694],[105.64587362117071,-1.6205219448239117],[105.64604303815577,-1.6204867282719113],[105.64588028334845,-1.6206837481482694]]],[[[105.63437735902795,-1.6175438713478951],[105.63499697123329,-1.6185746544908628],[105.63483992622167,-1.6188830320200984],[105.63437735902795,-1.6175438713478951]]],[[[105.63969823478578,-1.6129804774674217],[105.63963203479061,-1.6126070420820608],[105.63985910011746,-1.6125882084798095],[105.63969823478578,-1.6129804774674217]]],[[[105.63938455305474,-1.6123632583586949],[105.6388288601638,-1.612759063480568],[105.63869656989084,-1.6123958812659611],[105.63938455305474,-1.6123632583586949]]]]}},{"type":"Feature","properties":{"code":"1905062009","desa":"Semulut","kecamatan":"Parittiga","kecCode":"190506","kabCode":"1905","province":"Kepulauan Bangka Belitung"},"geometry":{"type":"MultiPolygon","coordinates":[[[[105.700037571177,-1.7333066401562995],[105.69788856830284,-1.7344263437664933],[105.69926036897088,-1.7326374663137487],[105.700037571177,-1.7333066401562995]]],[[[105.64719900872734,-1.7106868650987868],[105.64992236722355,-1.6998473724622998],[105.64197824729831,-1.6996832120148895],[105.62887928714946,-1.6874896524432672],[105.63285894008804,-1.643473127249538],[105.63742331963056,-1.6419963595125586],[105.63786157275342,-1.6375838493882064],[105.6412557670401,-1.64306849708047],[105.64977687939954,-1.6466349978698953],[105.65216234911314,-1.6509298631809646],[105.67815325896576,-1.654509213483714],[105.6705875998379,-1.6718444094270375],[105.6707804171826,-1.6776133544014324],[105.6660631196173,-1.6836813869084515],[105.66592998128368,-1.6898189118284956],[105.66952991977001,-1.6946443780454004],[105.6667183197947,-1.6963267478890771],[105.66858235539144,-1.6994538075516212],[105.66612118794251,-1.7064598212605036],[105.65989093122158,-1.7143321150230606],[105.65301653598442,-1.7144578042720708],[105.64719900872734,-1.7106868650987868]]],[[[105.66231759977744,-1.645096342387018],[105.66138964781406,-1.6487375777377242],[105.65950118573117,-1.6497960132349685],[105.66231759977744,-1.645096342387018]]],[[[105.66335133989247,-1.6460482001280285],[105.66295818777017,-1.6456134867371723],[105.6637441340846,-1.6453731707996042],[105.66335133989247,-1.6460482001280285]]],[[[105.64521567716184,-1.63791044448416],[105.6428419777751,-1.640424321195395],[105.64147229590981,-1.640230007379069],[105.64230548001392,-1.6386679389460983],[105.64521567716184,-1.63791044448416]]],[[[105.64276247590759,-1.63761745615372],[105.64093462273472,-1.6381380197262727],[105.63996447368156,-1.6390952626076734],[105.63984245456567,-1.637705787564947],[105.64276247590759,-1.63761745615372]]]]}},{"type":"Feature","properties":{"code":"1905062010","desa":"Teluk Limau","kecamatan":"Parittiga","kecCode":"190506","kabCode":"1905","province":"Kepulauan Bangka Belitung"},"geometry":{"type":"MultiPolygon","coordinates":[[[[105.61335081928497,-1.5693670625886158],[105.61411603262887,-1.5700237988073242],[105.61265381412225,-1.5701175036677142],[105.61335081928497,-1.5693670625886158]]],[[[105.61676657122035,-1.5653445668514936],[105.61738878876166,-1.5643796140822028],[105.61761296366738,-1.5648501573626221],[105.61676657122035,-1.5653445668514936]]],[[[105.61734680660987,-1.563425107837751],[105.61781716013388,-1.564076830336058],[105.61743846191551,-1.5640613260239904],[105.61734680660987,-1.563425107837751]]],[[[105.61244470286077,-1.5720243973538497],[105.6027575358317,-1.5717345161811118],[105.59036491041233,-1.5861133833561398],[105.58988150772547,-1.5933056970225141],[105.58685209015192,-1.5937227180506994],[105.58191461876469,-1.5843736385646745],[105.55941419990545,-1.5851477668871805],[105.54934391988603,-1.5900917385686364],[105.539320884851,-1.5847975151248719],[105.53591519992659,-1.5778153793156342],[105.53290667989944,-1.578905728154957],[105.52526351989557,-1.5709870770389338],[105.51533472032116,-1.5669281695508104],[105.53621741080491,-1.5656958834110686],[105.55484268963846,-1.556716059261479],[105.56611585516264,-1.5408854992467294],[105.56168450423654,-1.53236030217597],[105.56363812130229,-1.5282977695207731],[105.56776775507791,-1.5323269103484567],[105.57907995027955,-1.5348374325885419],[105.59124052363133,-1.5332027286119494],[105.59544468242619,-1.5276372003915195],[105.59990624697575,-1.5274632822999163],[105.60125778142151,-1.5302900817140017],[105.60550654569062,-1.5303891861040606],[105.59876196399351,-1.5464509923935927],[105.60410900013034,-1.5515149983869865],[105.6022383913887,-1.5528640812793928],[105.60330732467338,-1.5565363819114624],[105.61128270233489,-1.5620303573720167],[105.61244470286077,-1.5720243973538497]]],[[[105.536298964026,-1.5356583022749537],[105.53617396365757,-1.5353873023685463],[105.53636396432556,-1.5354383020224116],[105.536298964026,-1.5356583022749537]]],[[[105.59357476256531,-1.5275332819305427],[105.59417986061216,-1.527961358324742],[105.59292455362532,-1.5283670074256799],[105.59357476256531,-1.5275332819305427]]],[[[105.51409362891792,-1.502060681079005],[105.51359176674667,-1.5026227159883483],[105.5133341694364,-1.5022541459353096],[105.51409362891792,-1.502060681079005]]]]}}]}